/storage/home/hcoda1/4/hyu483/conda_envs/qgis332/lib/python3.11/site-packages/osgeo/gdal.py:311: FutureWarning: Neither gdal.UseExceptions() nor gdal.DontUseExceptions() has been explicitly called. In GDAL 4.0, exceptions will be enabled by default.
  warnings.warn(

Step 1: Calculating tile extents...
Full template raster extent: (233582.59099838723, 901732.4833440109, 234642.58635222574, 902792.4786978494)
Calculated 36 tiles for processing.
(0, (233582.59099838723, 901732.4833440109, 233782.59099838723, 901932.4833440109), (233582.59099838723, 901732.4833440109, 233792.59099838723, 901942.4833440109), {'buildings': '/storage/project/r-rbasu31-0/hyu483/Test_UMEP/UROCK/input/building_26986.shp', 'veg': '/storage/project/r-rbasu31-0/hyu483/Test_UMEP/UROCK/input/veg_26986.shp', 'template_rast': '/storage/project/r-rbasu31-0/hyu483/Test_UMEP/UROCK/input/../DSM_26986_2.tif', 'base_output_dir': '/storage/project/r-rbasu31-0/hyu483/Test_UMEP/UROCK_output_31_spawn/urock_tiled_output'})
Info: Sliced and clipped '/storage/project/r-rbasu31-0/hyu483/Test_UMEP/UROCK/input/building_26986.shp' to '/storage/project/r-rbasu31-0/hyu483/Test_UMEP/UROCK_output_31_spawn/temp_intermediate_files/tile_0_sliced_inputs/buildings_tile_0.shp'. Copied 21 features.
Info: Sliced and clipped '/storage/project/r-rbasu31-0/hyu483/Test_UMEP/UROCK/input/veg_26986.shp' to '/storage/project/r-rbasu31-0/hyu483/Test_UMEP/UROCK_output_31_spawn/temp_intermediate_files/tile_0_sliced_inputs/veg_tile_0.shp'. Copied 21 features.
Info: Sliced '/storage/project/r-rbasu31-0/hyu483/Test_UMEP/UROCK/input/../DSM_26986_2.tif' to '/storage/project/r-rbasu31-0/hyu483/Test_UMEP/UROCK_output_31_spawn/temp_intermediate_files/tile_0_sliced_inputs/template_tile_0.tif' (Extent: (233582.59099838723, 901732.4833440109, 233792.59099838723, 901942.4833440109)).
Tile 0: Running URock...
Process 3849968: Running URock for tile output 'wind_field_raw_tile_0'...
(24, (234382.59099838723, 901732.4833440109, 234582.59099838723, 901932.4833440109), (234372.59099838723, 901732.4833440109, 234592.59099838723, 901942.4833440109), {'buildings': '/storage/project/r-rbasu31-0/hyu483/Test_UMEP/UROCK/input/building_26986.shp', 'veg': '/storage/project/r-rbasu31-0/hyu483/Test_UMEP/UROCK/input/veg_26986.shp', 'template_rast': '/storage/project/r-rbasu31-0/hyu483/Test_UMEP/UROCK/input/../DSM_26986_2.tif', 'base_output_dir': '/storage/project/r-rbasu31-0/hyu483/Test_UMEP/UROCK_output_31_spawn/urock_tiled_output'})
Info: Sliced and clipped '/storage/project/r-rbasu31-0/hyu483/Test_UMEP/UROCK/input/building_26986.shp' to '/storage/project/r-rbasu31-0/hyu483/Test_UMEP/UROCK_output_31_spawn/temp_intermediate_files/tile_24_sliced_inputs/buildings_tile_24.shp'. Copied 12 features.
Info: Sliced and clipped '/storage/project/r-rbasu31-0/hyu483/Test_UMEP/UROCK/input/veg_26986.shp' to '/storage/project/r-rbasu31-0/hyu483/Test_UMEP/UROCK_output_31_spawn/temp_intermediate_files/tile_24_sliced_inputs/veg_tile_24.shp'. Copied 24 features.
Info: Sliced '/storage/project/r-rbasu31-0/hyu483/Test_UMEP/UROCK/input/../DSM_26986_2.tif' to '/storage/project/r-rbasu31-0/hyu483/Test_UMEP/UROCK_output_31_spawn/temp_intermediate_files/tile_24_sliced_inputs/template_tile_24.tif' (Extent: (234372.59099838723, 901732.4833440109, 234592.59099838723, 901942.4833440109)).
Tile 24: Running URock...
Process 3849965: Running URock for tile output 'wind_field_raw_tile_24'...
(7, (233782.59099838723, 901932.4833440109, 233982.59099838723, 902132.4833440109), (233772.59099838723, 901922.4833440109, 233992.59099838723, 902142.4833440109), {'buildings': '/storage/project/r-rbasu31-0/hyu483/Test_UMEP/UROCK/input/building_26986.shp', 'veg': '/storage/project/r-rbasu31-0/hyu483/Test_UMEP/UROCK/input/veg_26986.shp', 'template_rast': '/storage/project/r-rbasu31-0/hyu483/Test_UMEP/UROCK/input/../DSM_26986_2.tif', 'base_output_dir': '/storage/project/r-rbasu31-0/hyu483/Test_UMEP/UROCK_output_31_spawn/urock_tiled_output'})
Info: Sliced and clipped '/storage/project/r-rbasu31-0/hyu483/Test_UMEP/UROCK/input/building_26986.shp' to '/storage/project/r-rbasu31-0/hyu483/Test_UMEP/UROCK_output_31_spawn/temp_intermediate_files/tile_7_sliced_inputs/buildings_tile_7.shp'. Copied 14 features.
Info: Sliced and clipped '/storage/project/r-rbasu31-0/hyu483/Test_UMEP/UROCK/input/veg_26986.shp' to '/storage/project/r-rbasu31-0/hyu483/Test_UMEP/UROCK_output_31_spawn/temp_intermediate_files/tile_7_sliced_inputs/veg_tile_7.shp'. Copied 18 features.
Info: Sliced '/storage/project/r-rbasu31-0/hyu483/Test_UMEP/UROCK/input/../DSM_26986_2.tif' to '/storage/project/r-rbasu31-0/hyu483/Test_UMEP/UROCK_output_31_spawn/temp_intermediate_files/tile_7_sliced_inputs/template_tile_7.tif' (Extent: (233772.59099838723, 901922.4833440109, 233992.59099838723, 902142.4833440109)).
Tile 7: Running URock...
Process 3849991: Running URock for tile output 'wind_field_raw_tile_7'...
(17, (233982.59099838723, 902732.4833440109, 234182.59099838723, 902792.4786978494), (233972.59099838723, 902722.4833440109, 234192.59099838723, 902792.4786978494), {'buildings': '/storage/project/r-rbasu31-0/hyu483/Test_UMEP/UROCK/input/building_26986.shp', 'veg': '/storage/project/r-rbasu31-0/hyu483/Test_UMEP/UROCK/input/veg_26986.shp', 'template_rast': '/storage/project/r-rbasu31-0/hyu483/Test_UMEP/UROCK/input/../DSM_26986_2.tif', 'base_output_dir': '/storage/project/r-rbasu31-0/hyu483/Test_UMEP/UROCK_output_31_spawn/urock_tiled_output'})
Info: Sliced and clipped '/storage/project/r-rbasu31-0/hyu483/Test_UMEP/UROCK/input/building_26986.shp' to '/storage/project/r-rbasu31-0/hyu483/Test_UMEP/UROCK_output_31_spawn/temp_intermediate_files/tile_17_sliced_inputs/buildings_tile_17.shp'. Copied 3 features.
Info: Sliced and clipped '/storage/project/r-rbasu31-0/hyu483/Test_UMEP/UROCK/input/veg_26986.shp' to '/storage/project/r-rbasu31-0/hyu483/Test_UMEP/UROCK_output_31_spawn/temp_intermediate_files/tile_17_sliced_inputs/veg_tile_17.shp'. Copied 0 features.
Info: Sliced '/storage/project/r-rbasu31-0/hyu483/Test_UMEP/UROCK/input/../DSM_26986_2.tif' to '/storage/project/r-rbasu31-0/hyu483/Test_UMEP/UROCK_output_31_spawn/temp_intermediate_files/tile_17_sliced_inputs/template_tile_17.tif' (Extent: (233972.59099838723, 902722.4833440109, 234192.59099838723, 902792.4786978494)).
Tile 17: Running URock...
Process 3849981: Running URock for tile output 'wind_field_raw_tile_17'...
(5, (233582.59099838723, 902732.4833440109, 233782.59099838723, 902792.4786978494), (233582.59099838723, 902722.4833440109, 233792.59099838723, 902792.4786978494), {'buildings': '/storage/project/r-rbasu31-0/hyu483/Test_UMEP/UROCK/input/building_26986.shp', 'veg': '/storage/project/r-rbasu31-0/hyu483/Test_UMEP/UROCK/input/veg_26986.shp', 'template_rast': '/storage/project/r-rbasu31-0/hyu483/Test_UMEP/UROCK/input/../DSM_26986_2.tif', 'base_output_dir': '/storage/project/r-rbasu31-0/hyu483/Test_UMEP/UROCK_output_31_spawn/urock_tiled_output'})
Info: Sliced and clipped '/storage/project/r-rbasu31-0/hyu483/Test_UMEP/UROCK/input/building_26986.shp' to '/storage/project/r-rbasu31-0/hyu483/Test_UMEP/UROCK_output_31_spawn/temp_intermediate_files/tile_5_sliced_inputs/buildings_tile_5.shp'. Copied 8 features.
Info: Sliced and clipped '/storage/project/r-rbasu31-0/hyu483/Test_UMEP/UROCK/input/veg_26986.shp' to '/storage/project/r-rbasu31-0/hyu483/Test_UMEP/UROCK_output_31_spawn/temp_intermediate_files/tile_5_sliced_inputs/veg_tile_5.shp'. Copied 6 features.
Info: Sliced '/storage/project/r-rbasu31-0/hyu483/Test_UMEP/UROCK/input/../DSM_26986_2.tif' to '/storage/project/r-rbasu31-0/hyu483/Test_UMEP/UROCK_output_31_spawn/temp_intermediate_files/tile_5_sliced_inputs/template_tile_5.tif' (Extent: (233582.59099838723, 902722.4833440109, 233792.59099838723, 902792.4786978494)).
Tile 5: Running URock...
Process 3849980: Running URock for tile output 'wind_field_raw_tile_5'...
(12, (233982.59099838723, 901732.4833440109, 234182.59099838723, 901932.4833440109), (233972.59099838723, 901732.4833440109, 234192.59099838723, 901942.4833440109), {'buildings': '/storage/project/r-rbasu31-0/hyu483/Test_UMEP/UROCK/input/building_26986.shp', 'veg': '/storage/project/r-rbasu31-0/hyu483/Test_UMEP/UROCK/input/veg_26986.shp', 'template_rast': '/storage/project/r-rbasu31-0/hyu483/Test_UMEP/UROCK/input/../DSM_26986_2.tif', 'base_output_dir': '/storage/project/r-rbasu31-0/hyu483/Test_UMEP/UROCK_output_31_spawn/urock_tiled_output'})
Info: Sliced and clipped '/storage/project/r-rbasu31-0/hyu483/Test_UMEP/UROCK/input/building_26986.shp' to '/storage/project/r-rbasu31-0/hyu483/Test_UMEP/UROCK_output_31_spawn/temp_intermediate_files/tile_12_sliced_inputs/buildings_tile_12.shp'. Copied 10 features.
Info: Sliced and clipped '/storage/project/r-rbasu31-0/hyu483/Test_UMEP/UROCK/input/veg_26986.shp' to '/storage/project/r-rbasu31-0/hyu483/Test_UMEP/UROCK_output_31_spawn/temp_intermediate_files/tile_12_sliced_inputs/veg_tile_12.shp'. Copied 30 features.
Info: Sliced '/storage/project/r-rbasu31-0/hyu483/Test_UMEP/UROCK/input/../DSM_26986_2.tif' to '/storage/project/r-rbasu31-0/hyu483/Test_UMEP/UROCK_output_31_spawn/temp_intermediate_files/tile_12_sliced_inputs/template_tile_12.tif' (Extent: (233972.59099838723, 901732.4833440109, 234192.59099838723, 901942.4833440109)).
Tile 12: Running URock...
Process 3849975: Running URock for tile output 'wind_field_raw_tile_12'...
(16, (233982.59099838723, 902532.4833440109, 234182.59099838723, 902732.4833440109), (233972.59099838723, 902522.4833440109, 234192.59099838723, 902742.4833440109), {'buildings': '/storage/project/r-rbasu31-0/hyu483/Test_UMEP/UROCK/input/building_26986.shp', 'veg': '/storage/project/r-rbasu31-0/hyu483/Test_UMEP/UROCK/input/veg_26986.shp', 'template_rast': '/storage/project/r-rbasu31-0/hyu483/Test_UMEP/UROCK/input/../DSM_26986_2.tif', 'base_output_dir': '/storage/project/r-rbasu31-0/hyu483/Test_UMEP/UROCK_output_31_spawn/urock_tiled_output'})
Info: Sliced and clipped '/storage/project/r-rbasu31-0/hyu483/Test_UMEP/UROCK/input/building_26986.shp' to '/storage/project/r-rbasu31-0/hyu483/Test_UMEP/UROCK_output_31_spawn/temp_intermediate_files/tile_16_sliced_inputs/buildings_tile_16.shp'. Copied 8 features.
Info: Sliced and clipped '/storage/project/r-rbasu31-0/hyu483/Test_UMEP/UROCK/input/veg_26986.shp' to '/storage/project/r-rbasu31-0/hyu483/Test_UMEP/UROCK_output_31_spawn/temp_intermediate_files/tile_16_sliced_inputs/veg_tile_16.shp'. Copied 16 features.
Info: Sliced '/storage/project/r-rbasu31-0/hyu483/Test_UMEP/UROCK/input/../DSM_26986_2.tif' to '/storage/project/r-rbasu31-0/hyu483/Test_UMEP/UROCK_output_31_spawn/temp_intermediate_files/tile_16_sliced_inputs/template_tile_16.tif' (Extent: (233972.59099838723, 902522.4833440109, 234192.59099838723, 902742.4833440109)).
Tile 16: Running URock...
Process 3849990: Running URock for tile output 'wind_field_raw_tile_16'...
(18, (234182.59099838723, 901732.4833440109, 234382.59099838723, 901932.4833440109), (234172.59099838723, 901732.4833440109, 234392.59099838723, 901942.4833440109), {'buildings': '/storage/project/r-rbasu31-0/hyu483/Test_UMEP/UROCK/input/building_26986.shp', 'veg': '/storage/project/r-rbasu31-0/hyu483/Test_UMEP/UROCK/input/veg_26986.shp', 'template_rast': '/storage/project/r-rbasu31-0/hyu483/Test_UMEP/UROCK/input/../DSM_26986_2.tif', 'base_output_dir': '/storage/project/r-rbasu31-0/hyu483/Test_UMEP/UROCK_output_31_spawn/urock_tiled_output'})
Info: Sliced and clipped '/storage/project/r-rbasu31-0/hyu483/Test_UMEP/UROCK/input/building_26986.shp' to '/storage/project/r-rbasu31-0/hyu483/Test_UMEP/UROCK_output_31_spawn/temp_intermediate_files/tile_18_sliced_inputs/buildings_tile_18.shp'. Copied 12 features.
Info: Sliced and clipped '/storage/project/r-rbasu31-0/hyu483/Test_UMEP/UROCK/input/veg_26986.shp' to '/storage/project/r-rbasu31-0/hyu483/Test_UMEP/UROCK_output_31_spawn/temp_intermediate_files/tile_18_sliced_inputs/veg_tile_18.shp'. Copied 18 features.
Info: Sliced '/storage/project/r-rbasu31-0/hyu483/Test_UMEP/UROCK/input/../DSM_26986_2.tif' to '/storage/project/r-rbasu31-0/hyu483/Test_UMEP/UROCK_output_31_spawn/temp_intermediate_files/tile_18_sliced_inputs/template_tile_18.tif' (Extent: (234172.59099838723, 901732.4833440109, 234392.59099838723, 901942.4833440109)).
Tile 18: Running URock...
Process 3849977: Running URock for tile output 'wind_field_raw_tile_18'...
(3, (233582.59099838723, 902332.4833440109, 233782.59099838723, 902532.4833440109), (233582.59099838723, 902322.4833440109, 233792.59099838723, 902542.4833440109), {'buildings': '/storage/project/r-rbasu31-0/hyu483/Test_UMEP/UROCK/input/building_26986.shp', 'veg': '/storage/project/r-rbasu31-0/hyu483/Test_UMEP/UROCK/input/veg_26986.shp', 'template_rast': '/storage/project/r-rbasu31-0/hyu483/Test_UMEP/UROCK/input/../DSM_26986_2.tif', 'base_output_dir': '/storage/project/r-rbasu31-0/hyu483/Test_UMEP/UROCK_output_31_spawn/urock_tiled_output'})
Info: Sliced and clipped '/storage/project/r-rbasu31-0/hyu483/Test_UMEP/UROCK/input/building_26986.shp' to '/storage/project/r-rbasu31-0/hyu483/Test_UMEP/UROCK_output_31_spawn/temp_intermediate_files/tile_3_sliced_inputs/buildings_tile_3.shp'. Copied 41 features.
Info: Sliced and clipped '/storage/project/r-rbasu31-0/hyu483/Test_UMEP/UROCK/input/veg_26986.shp' to '/storage/project/r-rbasu31-0/hyu483/Test_UMEP/UROCK_output_31_spawn/temp_intermediate_files/tile_3_sliced_inputs/veg_tile_3.shp'. Copied 24 features.
Info: Sliced '/storage/project/r-rbasu31-0/hyu483/Test_UMEP/UROCK/input/../DSM_26986_2.tif' to '/storage/project/r-rbasu31-0/hyu483/Test_UMEP/UROCK_output_31_spawn/temp_intermediate_files/tile_3_sliced_inputs/template_tile_3.tif' (Extent: (233582.59099838723, 902322.4833440109, 233792.59099838723, 902542.4833440109)).
Tile 3: Running URock...
Process 3849974: Running URock for tile output 'wind_field_raw_tile_3'...
(13, (233982.59099838723, 901932.4833440109, 234182.59099838723, 902132.4833440109), (233972.59099838723, 901922.4833440109, 234192.59099838723, 902142.4833440109), {'buildings': '/storage/project/r-rbasu31-0/hyu483/Test_UMEP/UROCK/input/building_26986.shp', 'veg': '/storage/project/r-rbasu31-0/hyu483/Test_UMEP/UROCK/input/veg_26986.shp', 'template_rast': '/storage/project/r-rbasu31-0/hyu483/Test_UMEP/UROCK/input/../DSM_26986_2.tif', 'base_output_dir': '/storage/project/r-rbasu31-0/hyu483/Test_UMEP/UROCK_output_31_spawn/urock_tiled_output'})
Info: Sliced and clipped '/storage/project/r-rbasu31-0/hyu483/Test_UMEP/UROCK/input/building_26986.shp' to '/storage/project/r-rbasu31-0/hyu483/Test_UMEP/UROCK_output_31_spawn/temp_intermediate_files/tile_13_sliced_inputs/buildings_tile_13.shp'. Copied 36 features.
Info: Sliced and clipped '/storage/project/r-rbasu31-0/hyu483/Test_UMEP/UROCK/input/veg_26986.shp' to '/storage/project/r-rbasu31-0/hyu483/Test_UMEP/UROCK_output_31_spawn/temp_intermediate_files/tile_13_sliced_inputs/veg_tile_13.shp'. Copied 25 features.
Info: Sliced '/storage/project/r-rbasu31-0/hyu483/Test_UMEP/UROCK/input/../DSM_26986_2.tif' to '/storage/project/r-rbasu31-0/hyu483/Test_UMEP/UROCK_output_31_spawn/temp_intermediate_files/tile_13_sliced_inputs/template_tile_13.tif' (Extent: (233972.59099838723, 901922.4833440109, 234192.59099838723, 902142.4833440109)).
Tile 13: Running URock...
Process 3849970: Running URock for tile output 'wind_field_raw_tile_13'...
(23, (234182.59099838723, 902732.4833440109, 234382.59099838723, 902792.4786978494), (234172.59099838723, 902722.4833440109, 234392.59099838723, 902792.4786978494), {'buildings': '/storage/project/r-rbasu31-0/hyu483/Test_UMEP/UROCK/input/building_26986.shp', 'veg': '/storage/project/r-rbasu31-0/hyu483/Test_UMEP/UROCK/input/veg_26986.shp', 'template_rast': '/storage/project/r-rbasu31-0/hyu483/Test_UMEP/UROCK/input/../DSM_26986_2.tif', 'base_output_dir': '/storage/project/r-rbasu31-0/hyu483/Test_UMEP/UROCK_output_31_spawn/urock_tiled_output'})
Info: Sliced and clipped '/storage/project/r-rbasu31-0/hyu483/Test_UMEP/UROCK/input/building_26986.shp' to '/storage/project/r-rbasu31-0/hyu483/Test_UMEP/UROCK_output_31_spawn/temp_intermediate_files/tile_23_sliced_inputs/buildings_tile_23.shp'. Copied 3 features.
Info: Sliced and clipped '/storage/project/r-rbasu31-0/hyu483/Test_UMEP/UROCK/input/veg_26986.shp' to '/storage/project/r-rbasu31-0/hyu483/Test_UMEP/UROCK_output_31_spawn/temp_intermediate_files/tile_23_sliced_inputs/veg_tile_23.shp'. Copied 4 features.
Info: Sliced '/storage/project/r-rbasu31-0/hyu483/Test_UMEP/UROCK/input/../DSM_26986_2.tif' to '/storage/project/r-rbasu31-0/hyu483/Test_UMEP/UROCK_output_31_spawn/temp_intermediate_files/tile_23_sliced_inputs/template_tile_23.tif' (Extent: (234172.59099838723, 902722.4833440109, 234392.59099838723, 902792.4786978494)).
Tile 23: Running URock...
Process 3849967: Running URock for tile output 'wind_field_raw_tile_23'...
(2, (233582.59099838723, 902132.4833440109, 233782.59099838723, 902332.4833440109), (233582.59099838723, 902122.4833440109, 233792.59099838723, 902342.4833440109), {'buildings': '/storage/project/r-rbasu31-0/hyu483/Test_UMEP/UROCK/input/building_26986.shp', 'veg': '/storage/project/r-rbasu31-0/hyu483/Test_UMEP/UROCK/input/veg_26986.shp', 'template_rast': '/storage/project/r-rbasu31-0/hyu483/Test_UMEP/UROCK/input/../DSM_26986_2.tif', 'base_output_dir': '/storage/project/r-rbasu31-0/hyu483/Test_UMEP/UROCK_output_31_spawn/urock_tiled_output'})
Info: Sliced and clipped '/storage/project/r-rbasu31-0/hyu483/Test_UMEP/UROCK/input/building_26986.shp' to '/storage/project/r-rbasu31-0/hyu483/Test_UMEP/UROCK_output_31_spawn/temp_intermediate_files/tile_2_sliced_inputs/buildings_tile_2.shp'. Copied 80 features.
Info: Sliced and clipped '/storage/project/r-rbasu31-0/hyu483/Test_UMEP/UROCK/input/veg_26986.shp' to '/storage/project/r-rbasu31-0/hyu483/Test_UMEP/UROCK_output_31_spawn/temp_intermediate_files/tile_2_sliced_inputs/veg_tile_2.shp'. Copied 33 features.
Info: Sliced '/storage/project/r-rbasu31-0/hyu483/Test_UMEP/UROCK/input/../DSM_26986_2.tif' to '/storage/project/r-rbasu31-0/hyu483/Test_UMEP/UROCK_output_31_spawn/temp_intermediate_files/tile_2_sliced_inputs/template_tile_2.tif' (Extent: (233582.59099838723, 902122.4833440109, 233792.59099838723, 902342.4833440109)).
Tile 2: Running URock...
Process 3849988: Running URock for tile output 'wind_field_raw_tile_2'...
(21, (234182.59099838723, 902332.4833440109, 234382.59099838723, 902532.4833440109), (234172.59099838723, 902322.4833440109, 234392.59099838723, 902542.4833440109), {'buildings': '/storage/project/r-rbasu31-0/hyu483/Test_UMEP/UROCK/input/building_26986.shp', 'veg': '/storage/project/r-rbasu31-0/hyu483/Test_UMEP/UROCK/input/veg_26986.shp', 'template_rast': '/storage/project/r-rbasu31-0/hyu483/Test_UMEP/UROCK/input/../DSM_26986_2.tif', 'base_output_dir': '/storage/project/r-rbasu31-0/hyu483/Test_UMEP/UROCK_output_31_spawn/urock_tiled_output'})
Info: Sliced and clipped '/storage/project/r-rbasu31-0/hyu483/Test_UMEP/UROCK/input/building_26986.shp' to '/storage/project/r-rbasu31-0/hyu483/Test_UMEP/UROCK_output_31_spawn/temp_intermediate_files/tile_21_sliced_inputs/buildings_tile_21.shp'. Copied 129 features.
Info: Sliced and clipped '/storage/project/r-rbasu31-0/hyu483/Test_UMEP/UROCK/input/veg_26986.shp' to '/storage/project/r-rbasu31-0/hyu483/Test_UMEP/UROCK_output_31_spawn/temp_intermediate_files/tile_21_sliced_inputs/veg_tile_21.shp'. Copied 61 features.
Info: Sliced '/storage/project/r-rbasu31-0/hyu483/Test_UMEP/UROCK/input/../DSM_26986_2.tif' to '/storage/project/r-rbasu31-0/hyu483/Test_UMEP/UROCK_output_31_spawn/temp_intermediate_files/tile_21_sliced_inputs/template_tile_21.tif' (Extent: (234172.59099838723, 902322.4833440109, 234392.59099838723, 902542.4833440109)).
Tile 21: Running URock...
Process 3849973: Running URock for tile output 'wind_field_raw_tile_21'...
(1, (233582.59099838723, 901932.4833440109, 233782.59099838723, 902132.4833440109), (233582.59099838723, 901922.4833440109, 233792.59099838723, 902142.4833440109), {'buildings': '/storage/project/r-rbasu31-0/hyu483/Test_UMEP/UROCK/input/building_26986.shp', 'veg': '/storage/project/r-rbasu31-0/hyu483/Test_UMEP/UROCK/input/veg_26986.shp', 'template_rast': '/storage/project/r-rbasu31-0/hyu483/Test_UMEP/UROCK/input/../DSM_26986_2.tif', 'base_output_dir': '/storage/project/r-rbasu31-0/hyu483/Test_UMEP/UROCK_output_31_spawn/urock_tiled_output'})
Info: Sliced and clipped '/storage/project/r-rbasu31-0/hyu483/Test_UMEP/UROCK/input/building_26986.shp' to '/storage/project/r-rbasu31-0/hyu483/Test_UMEP/UROCK_output_31_spawn/temp_intermediate_files/tile_1_sliced_inputs/buildings_tile_1.shp'. Copied 82 features.
Info: Sliced and clipped '/storage/project/r-rbasu31-0/hyu483/Test_UMEP/UROCK/input/veg_26986.shp' to '/storage/project/r-rbasu31-0/hyu483/Test_UMEP/UROCK_output_31_spawn/temp_intermediate_files/tile_1_sliced_inputs/veg_tile_1.shp'. Copied 33 features.
Info: Sliced '/storage/project/r-rbasu31-0/hyu483/Test_UMEP/UROCK/input/../DSM_26986_2.tif' to '/storage/project/r-rbasu31-0/hyu483/Test_UMEP/UROCK_output_31_spawn/temp_intermediate_files/tile_1_sliced_inputs/template_tile_1.tif' (Extent: (233582.59099838723, 901922.4833440109, 233792.59099838723, 902142.4833440109)).
Tile 1: Running URock...
Process 3849978: Running URock for tile output 'wind_field_raw_tile_1'...
(9, (233782.59099838723, 902332.4833440109, 233982.59099838723, 902532.4833440109), (233772.59099838723, 902322.4833440109, 233992.59099838723, 902542.4833440109), {'buildings': '/storage/project/r-rbasu31-0/hyu483/Test_UMEP/UROCK/input/building_26986.shp', 'veg': '/storage/project/r-rbasu31-0/hyu483/Test_UMEP/UROCK/input/veg_26986.shp', 'template_rast': '/storage/project/r-rbasu31-0/hyu483/Test_UMEP/UROCK/input/../DSM_26986_2.tif', 'base_output_dir': '/storage/project/r-rbasu31-0/hyu483/Test_UMEP/UROCK_output_31_spawn/urock_tiled_output'})
Info: Sliced and clipped '/storage/project/r-rbasu31-0/hyu483/Test_UMEP/UROCK/input/building_26986.shp' to '/storage/project/r-rbasu31-0/hyu483/Test_UMEP/UROCK_output_31_spawn/temp_intermediate_files/tile_9_sliced_inputs/buildings_tile_9.shp'. Copied 75 features.
Info: Sliced and clipped '/storage/project/r-rbasu31-0/hyu483/Test_UMEP/UROCK/input/veg_26986.shp' to '/storage/project/r-rbasu31-0/hyu483/Test_UMEP/UROCK_output_31_spawn/temp_intermediate_files/tile_9_sliced_inputs/veg_tile_9.shp'. Copied 52 features.
Info: Sliced '/storage/project/r-rbasu31-0/hyu483/Test_UMEP/UROCK/input/../DSM_26986_2.tif' to '/storage/project/r-rbasu31-0/hyu483/Test_UMEP/UROCK_output_31_spawn/temp_intermediate_files/tile_9_sliced_inputs/template_tile_9.tif' (Extent: (233772.59099838723, 902322.4833440109, 233992.59099838723, 902542.4833440109)).
Tile 9: Running URock...
Process 3849964: Running URock for tile output 'wind_field_raw_tile_9'...
(11, (233782.59099838723, 902732.4833440109, 233982.59099838723, 902792.4786978494), (233772.59099838723, 902722.4833440109, 233992.59099838723, 902792.4786978494), {'buildings': '/storage/project/r-rbasu31-0/hyu483/Test_UMEP/UROCK/input/building_26986.shp', 'veg': '/storage/project/r-rbasu31-0/hyu483/Test_UMEP/UROCK/input/veg_26986.shp', 'template_rast': '/storage/project/r-rbasu31-0/hyu483/Test_UMEP/UROCK/input/../DSM_26986_2.tif', 'base_output_dir': '/storage/project/r-rbasu31-0/hyu483/Test_UMEP/UROCK_output_31_spawn/urock_tiled_output'})
Info: Sliced and clipped '/storage/project/r-rbasu31-0/hyu483/Test_UMEP/UROCK/input/building_26986.shp' to '/storage/project/r-rbasu31-0/hyu483/Test_UMEP/UROCK_output_31_spawn/temp_intermediate_files/tile_11_sliced_inputs/buildings_tile_11.shp'. Copied 12 features.
Info: Sliced and clipped '/storage/project/r-rbasu31-0/hyu483/Test_UMEP/UROCK/input/veg_26986.shp' to '/storage/project/r-rbasu31-0/hyu483/Test_UMEP/UROCK_output_31_spawn/temp_intermediate_files/tile_11_sliced_inputs/veg_tile_11.shp'. Copied 2 features.
Info: Sliced '/storage/project/r-rbasu31-0/hyu483/Test_UMEP/UROCK/input/../DSM_26986_2.tif' to '/storage/project/r-rbasu31-0/hyu483/Test_UMEP/UROCK_output_31_spawn/temp_intermediate_files/tile_11_sliced_inputs/template_tile_11.tif' (Extent: (233772.59099838723, 902722.4833440109, 233992.59099838723, 902792.4786978494)).
Tile 11: Running URock...
Process 3849984: Running URock for tile output 'wind_field_raw_tile_11'...
(8, (233782.59099838723, 902132.4833440109, 233982.59099838723, 902332.4833440109), (233772.59099838723, 902122.4833440109, 233992.59099838723, 902342.4833440109), {'buildings': '/storage/project/r-rbasu31-0/hyu483/Test_UMEP/UROCK/input/building_26986.shp', 'veg': '/storage/project/r-rbasu31-0/hyu483/Test_UMEP/UROCK/input/veg_26986.shp', 'template_rast': '/storage/project/r-rbasu31-0/hyu483/Test_UMEP/UROCK/input/../DSM_26986_2.tif', 'base_output_dir': '/storage/project/r-rbasu31-0/hyu483/Test_UMEP/UROCK_output_31_spawn/urock_tiled_output'})
Info: Sliced and clipped '/storage/project/r-rbasu31-0/hyu483/Test_UMEP/UROCK/input/building_26986.shp' to '/storage/project/r-rbasu31-0/hyu483/Test_UMEP/UROCK_output_31_spawn/temp_intermediate_files/tile_8_sliced_inputs/buildings_tile_8.shp'. Copied 42 features.
Info: Sliced and clipped '/storage/project/r-rbasu31-0/hyu483/Test_UMEP/UROCK/input/veg_26986.shp' to '/storage/project/r-rbasu31-0/hyu483/Test_UMEP/UROCK_output_31_spawn/temp_intermediate_files/tile_8_sliced_inputs/veg_tile_8.shp'. Copied 50 features.
Info: Sliced '/storage/project/r-rbasu31-0/hyu483/Test_UMEP/UROCK/input/../DSM_26986_2.tif' to '/storage/project/r-rbasu31-0/hyu483/Test_UMEP/UROCK_output_31_spawn/temp_intermediate_files/tile_8_sliced_inputs/template_tile_8.tif' (Extent: (233772.59099838723, 902122.4833440109, 233992.59099838723, 902342.4833440109)).
Tile 8: Running URock...
Process 3849983: Running URock for tile output 'wind_field_raw_tile_8'...
(22, (234182.59099838723, 902532.4833440109, 234382.59099838723, 902732.4833440109), (234172.59099838723, 902522.4833440109, 234392.59099838723, 902742.4833440109), {'buildings': '/storage/project/r-rbasu31-0/hyu483/Test_UMEP/UROCK/input/building_26986.shp', 'veg': '/storage/project/r-rbasu31-0/hyu483/Test_UMEP/UROCK/input/veg_26986.shp', 'template_rast': '/storage/project/r-rbasu31-0/hyu483/Test_UMEP/UROCK/input/../DSM_26986_2.tif', 'base_output_dir': '/storage/project/r-rbasu31-0/hyu483/Test_UMEP/UROCK_output_31_spawn/urock_tiled_output'})
Info: Sliced and clipped '/storage/project/r-rbasu31-0/hyu483/Test_UMEP/UROCK/input/building_26986.shp' to '/storage/project/r-rbasu31-0/hyu483/Test_UMEP/UROCK_output_31_spawn/temp_intermediate_files/tile_22_sliced_inputs/buildings_tile_22.shp'. Copied 26 features.
Info: Sliced and clipped '/storage/project/r-rbasu31-0/hyu483/Test_UMEP/UROCK/input/veg_26986.shp' to '/storage/project/r-rbasu31-0/hyu483/Test_UMEP/UROCK_output_31_spawn/temp_intermediate_files/tile_22_sliced_inputs/veg_tile_22.shp'. Copied 30 features.
Info: Sliced '/storage/project/r-rbasu31-0/hyu483/Test_UMEP/UROCK/input/../DSM_26986_2.tif' to '/storage/project/r-rbasu31-0/hyu483/Test_UMEP/UROCK_output_31_spawn/temp_intermediate_files/tile_22_sliced_inputs/template_tile_22.tif' (Extent: (234172.59099838723, 902522.4833440109, 234392.59099838723, 902742.4833440109)).
Tile 22: Running URock...
Process 3849992: Running URock for tile output 'wind_field_raw_tile_22'...
(25, (234382.59099838723, 901932.4833440109, 234582.59099838723, 902132.4833440109), (234372.59099838723, 901922.4833440109, 234592.59099838723, 902142.4833440109), {'buildings': '/storage/project/r-rbasu31-0/hyu483/Test_UMEP/UROCK/input/building_26986.shp', 'veg': '/storage/project/r-rbasu31-0/hyu483/Test_UMEP/UROCK/input/veg_26986.shp', 'template_rast': '/storage/project/r-rbasu31-0/hyu483/Test_UMEP/UROCK/input/../DSM_26986_2.tif', 'base_output_dir': '/storage/project/r-rbasu31-0/hyu483/Test_UMEP/UROCK_output_31_spawn/urock_tiled_output'})
Info: Sliced and clipped '/storage/project/r-rbasu31-0/hyu483/Test_UMEP/UROCK/input/building_26986.shp' to '/storage/project/r-rbasu31-0/hyu483/Test_UMEP/UROCK_output_31_spawn/temp_intermediate_files/tile_25_sliced_inputs/buildings_tile_25.shp'. Copied 119 features.
Info: Sliced and clipped '/storage/project/r-rbasu31-0/hyu483/Test_UMEP/UROCK/input/veg_26986.shp' to '/storage/project/r-rbasu31-0/hyu483/Test_UMEP/UROCK_output_31_spawn/temp_intermediate_files/tile_25_sliced_inputs/veg_tile_25.shp'. Copied 63 features.
Info: Sliced '/storage/project/r-rbasu31-0/hyu483/Test_UMEP/UROCK/input/../DSM_26986_2.tif' to '/storage/project/r-rbasu31-0/hyu483/Test_UMEP/UROCK_output_31_spawn/temp_intermediate_files/tile_25_sliced_inputs/template_tile_25.tif' (Extent: (234372.59099838723, 901922.4833440109, 234592.59099838723, 902142.4833440109)).
Tile 25: Running URock...
Process 3849976: Running URock for tile output 'wind_field_raw_tile_25'...
(6, (233782.59099838723, 901732.4833440109, 233982.59099838723, 901932.4833440109), (233772.59099838723, 901732.4833440109, 233992.59099838723, 901942.4833440109), {'buildings': '/storage/project/r-rbasu31-0/hyu483/Test_UMEP/UROCK/input/building_26986.shp', 'veg': '/storage/project/r-rbasu31-0/hyu483/Test_UMEP/UROCK/input/veg_26986.shp', 'template_rast': '/storage/project/r-rbasu31-0/hyu483/Test_UMEP/UROCK/input/../DSM_26986_2.tif', 'base_output_dir': '/storage/project/r-rbasu31-0/hyu483/Test_UMEP/UROCK_output_31_spawn/urock_tiled_output'})
Info: Sliced and clipped '/storage/project/r-rbasu31-0/hyu483/Test_UMEP/UROCK/input/building_26986.shp' to '/storage/project/r-rbasu31-0/hyu483/Test_UMEP/UROCK_output_31_spawn/temp_intermediate_files/tile_6_sliced_inputs/buildings_tile_6.shp'. Copied 9 features.
Info: Sliced and clipped '/storage/project/r-rbasu31-0/hyu483/Test_UMEP/UROCK/input/veg_26986.shp' to '/storage/project/r-rbasu31-0/hyu483/Test_UMEP/UROCK_output_31_spawn/temp_intermediate_files/tile_6_sliced_inputs/veg_tile_6.shp'. Copied 26 features.
Info: Sliced '/storage/project/r-rbasu31-0/hyu483/Test_UMEP/UROCK/input/../DSM_26986_2.tif' to '/storage/project/r-rbasu31-0/hyu483/Test_UMEP/UROCK_output_31_spawn/temp_intermediate_files/tile_6_sliced_inputs/template_tile_6.tif' (Extent: (233772.59099838723, 901732.4833440109, 233992.59099838723, 901942.4833440109)).
Tile 6: Running URock...
Process 3849969: Running URock for tile output 'wind_field_raw_tile_6'...
(4, (233582.59099838723, 902532.4833440109, 233782.59099838723, 902732.4833440109), (233582.59099838723, 902522.4833440109, 233792.59099838723, 902742.4833440109), {'buildings': '/storage/project/r-rbasu31-0/hyu483/Test_UMEP/UROCK/input/building_26986.shp', 'veg': '/storage/project/r-rbasu31-0/hyu483/Test_UMEP/UROCK/input/veg_26986.shp', 'template_rast': '/storage/project/r-rbasu31-0/hyu483/Test_UMEP/UROCK/input/../DSM_26986_2.tif', 'base_output_dir': '/storage/project/r-rbasu31-0/hyu483/Test_UMEP/UROCK_output_31_spawn/urock_tiled_output'})
Info: Sliced and clipped '/storage/project/r-rbasu31-0/hyu483/Test_UMEP/UROCK/input/building_26986.shp' to '/storage/project/r-rbasu31-0/hyu483/Test_UMEP/UROCK_output_31_spawn/temp_intermediate_files/tile_4_sliced_inputs/buildings_tile_4.shp'. Copied 100 features.
Info: Sliced and clipped '/storage/project/r-rbasu31-0/hyu483/Test_UMEP/UROCK/input/veg_26986.shp' to '/storage/project/r-rbasu31-0/hyu483/Test_UMEP/UROCK_output_31_spawn/temp_intermediate_files/tile_4_sliced_inputs/veg_tile_4.shp'. Copied 56 features.
Info: Sliced '/storage/project/r-rbasu31-0/hyu483/Test_UMEP/UROCK/input/../DSM_26986_2.tif' to '/storage/project/r-rbasu31-0/hyu483/Test_UMEP/UROCK_output_31_spawn/temp_intermediate_files/tile_4_sliced_inputs/template_tile_4.tif' (Extent: (233582.59099838723, 902522.4833440109, 233792.59099838723, 902742.4833440109)).
Tile 4: Running URock...
Process 3849972: Running URock for tile output 'wind_field_raw_tile_4'...
(14, (233982.59099838723, 902132.4833440109, 234182.59099838723, 902332.4833440109), (233972.59099838723, 902122.4833440109, 234192.59099838723, 902342.4833440109), {'buildings': '/storage/project/r-rbasu31-0/hyu483/Test_UMEP/UROCK/input/building_26986.shp', 'veg': '/storage/project/r-rbasu31-0/hyu483/Test_UMEP/UROCK/input/veg_26986.shp', 'template_rast': '/storage/project/r-rbasu31-0/hyu483/Test_UMEP/UROCK/input/../DSM_26986_2.tif', 'base_output_dir': '/storage/project/r-rbasu31-0/hyu483/Test_UMEP/UROCK_output_31_spawn/urock_tiled_output'})
Info: Sliced and clipped '/storage/project/r-rbasu31-0/hyu483/Test_UMEP/UROCK/input/building_26986.shp' to '/storage/project/r-rbasu31-0/hyu483/Test_UMEP/UROCK_output_31_spawn/temp_intermediate_files/tile_14_sliced_inputs/buildings_tile_14.shp'. Copied 88 features.
Info: Sliced and clipped '/storage/project/r-rbasu31-0/hyu483/Test_UMEP/UROCK/input/veg_26986.shp' to '/storage/project/r-rbasu31-0/hyu483/Test_UMEP/UROCK_output_31_spawn/temp_intermediate_files/tile_14_sliced_inputs/veg_tile_14.shp'. Copied 68 features.
Info: Sliced '/storage/project/r-rbasu31-0/hyu483/Test_UMEP/UROCK/input/../DSM_26986_2.tif' to '/storage/project/r-rbasu31-0/hyu483/Test_UMEP/UROCK_output_31_spawn/temp_intermediate_files/tile_14_sliced_inputs/template_tile_14.tif' (Extent: (233972.59099838723, 902122.4833440109, 234192.59099838723, 902342.4833440109)).
Tile 14: Running URock...
Process 3849982: Running URock for tile output 'wind_field_raw_tile_14'...
(10, (233782.59099838723, 902532.4833440109, 233982.59099838723, 902732.4833440109), (233772.59099838723, 902522.4833440109, 233992.59099838723, 902742.4833440109), {'buildings': '/storage/project/r-rbasu31-0/hyu483/Test_UMEP/UROCK/input/building_26986.shp', 'veg': '/storage/project/r-rbasu31-0/hyu483/Test_UMEP/UROCK/input/veg_26986.shp', 'template_rast': '/storage/project/r-rbasu31-0/hyu483/Test_UMEP/UROCK/input/../DSM_26986_2.tif', 'base_output_dir': '/storage/project/r-rbasu31-0/hyu483/Test_UMEP/UROCK_output_31_spawn/urock_tiled_output'})
Info: Sliced and clipped '/storage/project/r-rbasu31-0/hyu483/Test_UMEP/UROCK/input/building_26986.shp' to '/storage/project/r-rbasu31-0/hyu483/Test_UMEP/UROCK_output_31_spawn/temp_intermediate_files/tile_10_sliced_inputs/buildings_tile_10.shp'. Copied 101 features.
Info: Sliced and clipped '/storage/project/r-rbasu31-0/hyu483/Test_UMEP/UROCK/input/veg_26986.shp' to '/storage/project/r-rbasu31-0/hyu483/Test_UMEP/UROCK_output_31_spawn/temp_intermediate_files/tile_10_sliced_inputs/veg_tile_10.shp'. Copied 30 features.
Info: Sliced '/storage/project/r-rbasu31-0/hyu483/Test_UMEP/UROCK/input/../DSM_26986_2.tif' to '/storage/project/r-rbasu31-0/hyu483/Test_UMEP/UROCK_output_31_spawn/temp_intermediate_files/tile_10_sliced_inputs/template_tile_10.tif' (Extent: (233772.59099838723, 902522.4833440109, 233992.59099838723, 902742.4833440109)).
Tile 10: Running URock...
Process 3849989: Running URock for tile output 'wind_field_raw_tile_10'...
(28, (234382.59099838723, 902532.4833440109, 234582.59099838723, 902732.4833440109), (234372.59099838723, 902522.4833440109, 234592.59099838723, 902742.4833440109), {'buildings': '/storage/project/r-rbasu31-0/hyu483/Test_UMEP/UROCK/input/building_26986.shp', 'veg': '/storage/project/r-rbasu31-0/hyu483/Test_UMEP/UROCK/input/veg_26986.shp', 'template_rast': '/storage/project/r-rbasu31-0/hyu483/Test_UMEP/UROCK/input/../DSM_26986_2.tif', 'base_output_dir': '/storage/project/r-rbasu31-0/hyu483/Test_UMEP/UROCK_output_31_spawn/urock_tiled_output'})
Info: Sliced and clipped '/storage/project/r-rbasu31-0/hyu483/Test_UMEP/UROCK/input/building_26986.shp' to '/storage/project/r-rbasu31-0/hyu483/Test_UMEP/UROCK_output_31_spawn/temp_intermediate_files/tile_28_sliced_inputs/buildings_tile_28.shp'. Copied 50 features.
Info: Sliced and clipped '/storage/project/r-rbasu31-0/hyu483/Test_UMEP/UROCK/input/veg_26986.shp' to '/storage/project/r-rbasu31-0/hyu483/Test_UMEP/UROCK_output_31_spawn/temp_intermediate_files/tile_28_sliced_inputs/veg_tile_28.shp'. Copied 32 features.
Info: Sliced '/storage/project/r-rbasu31-0/hyu483/Test_UMEP/UROCK/input/../DSM_26986_2.tif' to '/storage/project/r-rbasu31-0/hyu483/Test_UMEP/UROCK_output_31_spawn/temp_intermediate_files/tile_28_sliced_inputs/template_tile_28.tif' (Extent: (234372.59099838723, 902522.4833440109, 234592.59099838723, 902742.4833440109)).
Tile 28: Running URock...
Process 3849987: Running URock for tile output 'wind_field_raw_tile_28'...
(26, (234382.59099838723, 902132.4833440109, 234582.59099838723, 902332.4833440109), (234372.59099838723, 902122.4833440109, 234592.59099838723, 902342.4833440109), {'buildings': '/storage/project/r-rbasu31-0/hyu483/Test_UMEP/UROCK/input/building_26986.shp', 'veg': '/storage/project/r-rbasu31-0/hyu483/Test_UMEP/UROCK/input/veg_26986.shp', 'template_rast': '/storage/project/r-rbasu31-0/hyu483/Test_UMEP/UROCK/input/../DSM_26986_2.tif', 'base_output_dir': '/storage/project/r-rbasu31-0/hyu483/Test_UMEP/UROCK_output_31_spawn/urock_tiled_output'})
Info: Sliced and clipped '/storage/project/r-rbasu31-0/hyu483/Test_UMEP/UROCK/input/building_26986.shp' to '/storage/project/r-rbasu31-0/hyu483/Test_UMEP/UROCK_output_31_spawn/temp_intermediate_files/tile_26_sliced_inputs/buildings_tile_26.shp'. Copied 102 features.
Info: Sliced and clipped '/storage/project/r-rbasu31-0/hyu483/Test_UMEP/UROCK/input/veg_26986.shp' to '/storage/project/r-rbasu31-0/hyu483/Test_UMEP/UROCK_output_31_spawn/temp_intermediate_files/tile_26_sliced_inputs/veg_tile_26.shp'. Copied 72 features.
Info: Sliced '/storage/project/r-rbasu31-0/hyu483/Test_UMEP/UROCK/input/../DSM_26986_2.tif' to '/storage/project/r-rbasu31-0/hyu483/Test_UMEP/UROCK_output_31_spawn/temp_intermediate_files/tile_26_sliced_inputs/template_tile_26.tif' (Extent: (234372.59099838723, 902122.4833440109, 234592.59099838723, 902342.4833440109)).
Tile 26: Running URock...
Process 3849993: Running URock for tile output 'wind_field_raw_tile_26'...
(15, (233982.59099838723, 902332.4833440109, 234182.59099838723, 902532.4833440109), (233972.59099838723, 902322.4833440109, 234192.59099838723, 902542.4833440109), {'buildings': '/storage/project/r-rbasu31-0/hyu483/Test_UMEP/UROCK/input/building_26986.shp', 'veg': '/storage/project/r-rbasu31-0/hyu483/Test_UMEP/UROCK/input/veg_26986.shp', 'template_rast': '/storage/project/r-rbasu31-0/hyu483/Test_UMEP/UROCK/input/../DSM_26986_2.tif', 'base_output_dir': '/storage/project/r-rbasu31-0/hyu483/Test_UMEP/UROCK_output_31_spawn/urock_tiled_output'})
Info: Sliced and clipped '/storage/project/r-rbasu31-0/hyu483/Test_UMEP/UROCK/input/building_26986.shp' to '/storage/project/r-rbasu31-0/hyu483/Test_UMEP/UROCK_output_31_spawn/temp_intermediate_files/tile_15_sliced_inputs/buildings_tile_15.shp'. Copied 107 features.
Info: Sliced and clipped '/storage/project/r-rbasu31-0/hyu483/Test_UMEP/UROCK/input/veg_26986.shp' to '/storage/project/r-rbasu31-0/hyu483/Test_UMEP/UROCK_output_31_spawn/temp_intermediate_files/tile_15_sliced_inputs/veg_tile_15.shp'. Copied 52 features.
Info: Sliced '/storage/project/r-rbasu31-0/hyu483/Test_UMEP/UROCK/input/../DSM_26986_2.tif' to '/storage/project/r-rbasu31-0/hyu483/Test_UMEP/UROCK_output_31_spawn/temp_intermediate_files/tile_15_sliced_inputs/template_tile_15.tif' (Extent: (233972.59099838723, 902322.4833440109, 234192.59099838723, 902542.4833440109)).
Tile 15: Running URock...
Process 3849971: Running URock for tile output 'wind_field_raw_tile_15'...
(19, (234182.59099838723, 901932.4833440109, 234382.59099838723, 902132.4833440109), (234172.59099838723, 901922.4833440109, 234392.59099838723, 902142.4833440109), {'buildings': '/storage/project/r-rbasu31-0/hyu483/Test_UMEP/UROCK/input/building_26986.shp', 'veg': '/storage/project/r-rbasu31-0/hyu483/Test_UMEP/UROCK/input/veg_26986.shp', 'template_rast': '/storage/project/r-rbasu31-0/hyu483/Test_UMEP/UROCK/input/../DSM_26986_2.tif', 'base_output_dir': '/storage/project/r-rbasu31-0/hyu483/Test_UMEP/UROCK_output_31_spawn/urock_tiled_output'})
Info: Sliced and clipped '/storage/project/r-rbasu31-0/hyu483/Test_UMEP/UROCK/input/building_26986.shp' to '/storage/project/r-rbasu31-0/hyu483/Test_UMEP/UROCK_output_31_spawn/temp_intermediate_files/tile_19_sliced_inputs/buildings_tile_19.shp'. Copied 112 features.
Info: Sliced and clipped '/storage/project/r-rbasu31-0/hyu483/Test_UMEP/UROCK/input/veg_26986.shp' to '/storage/project/r-rbasu31-0/hyu483/Test_UMEP/UROCK_output_31_spawn/temp_intermediate_files/tile_19_sliced_inputs/veg_tile_19.shp'. Copied 38 features.
Info: Sliced '/storage/project/r-rbasu31-0/hyu483/Test_UMEP/UROCK/input/../DSM_26986_2.tif' to '/storage/project/r-rbasu31-0/hyu483/Test_UMEP/UROCK_output_31_spawn/temp_intermediate_files/tile_19_sliced_inputs/template_tile_19.tif' (Extent: (234172.59099838723, 901922.4833440109, 234392.59099838723, 902142.4833440109)).
Tile 19: Running URock...
Process 3849966: Running URock for tile output 'wind_field_raw_tile_19'...
(20, (234182.59099838723, 902132.4833440109, 234382.59099838723, 902332.4833440109), (234172.59099838723, 902122.4833440109, 234392.59099838723, 902342.4833440109), {'buildings': '/storage/project/r-rbasu31-0/hyu483/Test_UMEP/UROCK/input/building_26986.shp', 'veg': '/storage/project/r-rbasu31-0/hyu483/Test_UMEP/UROCK/input/veg_26986.shp', 'template_rast': '/storage/project/r-rbasu31-0/hyu483/Test_UMEP/UROCK/input/../DSM_26986_2.tif', 'base_output_dir': '/storage/project/r-rbasu31-0/hyu483/Test_UMEP/UROCK_output_31_spawn/urock_tiled_output'})
Info: Sliced and clipped '/storage/project/r-rbasu31-0/hyu483/Test_UMEP/UROCK/input/building_26986.shp' to '/storage/project/r-rbasu31-0/hyu483/Test_UMEP/UROCK_output_31_spawn/temp_intermediate_files/tile_20_sliced_inputs/buildings_tile_20.shp'. Copied 158 features.
Info: Sliced and clipped '/storage/project/r-rbasu31-0/hyu483/Test_UMEP/UROCK/input/veg_26986.shp' to '/storage/project/r-rbasu31-0/hyu483/Test_UMEP/UROCK_output_31_spawn/temp_intermediate_files/tile_20_sliced_inputs/veg_tile_20.shp'. Copied 64 features.
Info: Sliced '/storage/project/r-rbasu31-0/hyu483/Test_UMEP/UROCK/input/../DSM_26986_2.tif' to '/storage/project/r-rbasu31-0/hyu483/Test_UMEP/UROCK_output_31_spawn/temp_intermediate_files/tile_20_sliced_inputs/template_tile_20.tif' (Extent: (234172.59099838723, 902122.4833440109, 234392.59099838723, 902342.4833440109)).
Tile 20: Running URock...
Process 3849985: Running URock for tile output 'wind_field_raw_tile_20'...
(27, (234382.59099838723, 902332.4833440109, 234582.59099838723, 902532.4833440109), (234372.59099838723, 902322.4833440109, 234592.59099838723, 902542.4833440109), {'buildings': '/storage/project/r-rbasu31-0/hyu483/Test_UMEP/UROCK/input/building_26986.shp', 'veg': '/storage/project/r-rbasu31-0/hyu483/Test_UMEP/UROCK/input/veg_26986.shp', 'template_rast': '/storage/project/r-rbasu31-0/hyu483/Test_UMEP/UROCK/input/../DSM_26986_2.tif', 'base_output_dir': '/storage/project/r-rbasu31-0/hyu483/Test_UMEP/UROCK_output_31_spawn/urock_tiled_output'})
Info: Sliced and clipped '/storage/project/r-rbasu31-0/hyu483/Test_UMEP/UROCK/input/building_26986.shp' to '/storage/project/r-rbasu31-0/hyu483/Test_UMEP/UROCK_output_31_spawn/temp_intermediate_files/tile_27_sliced_inputs/buildings_tile_27.shp'. Copied 101 features.
Info: Sliced and clipped '/storage/project/r-rbasu31-0/hyu483/Test_UMEP/UROCK/input/veg_26986.shp' to '/storage/project/r-rbasu31-0/hyu483/Test_UMEP/UROCK_output_31_spawn/temp_intermediate_files/tile_27_sliced_inputs/veg_tile_27.shp'. Copied 47 features.
Info: Sliced '/storage/project/r-rbasu31-0/hyu483/Test_UMEP/UROCK/input/../DSM_26986_2.tif' to '/storage/project/r-rbasu31-0/hyu483/Test_UMEP/UROCK_output_31_spawn/temp_intermediate_files/tile_27_sliced_inputs/template_tile_27.tif' (Extent: (234372.59099838723, 902322.4833440109, 234592.59099838723, 902542.4833440109)).
Tile 27: Running URock...
Process 3849979: Running URock for tile output 'wind_field_raw_tile_27'...
(29, (234382.59099838723, 902732.4833440109, 234582.59099838723, 902792.4786978494), (234372.59099838723, 902722.4833440109, 234592.59099838723, 902792.4786978494), {'buildings': '/storage/project/r-rbasu31-0/hyu483/Test_UMEP/UROCK/input/building_26986.shp', 'veg': '/storage/project/r-rbasu31-0/hyu483/Test_UMEP/UROCK/input/veg_26986.shp', 'template_rast': '/storage/project/r-rbasu31-0/hyu483/Test_UMEP/UROCK/input/../DSM_26986_2.tif', 'base_output_dir': '/storage/project/r-rbasu31-0/hyu483/Test_UMEP/UROCK_output_31_spawn/urock_tiled_output'})
Info: Sliced and clipped '/storage/project/r-rbasu31-0/hyu483/Test_UMEP/UROCK/input/building_26986.shp' to '/storage/project/r-rbasu31-0/hyu483/Test_UMEP/UROCK_output_31_spawn/temp_intermediate_files/tile_29_sliced_inputs/buildings_tile_29.shp'. Copied 2 features.
Info: Sliced and clipped '/storage/project/r-rbasu31-0/hyu483/Test_UMEP/UROCK/input/veg_26986.shp' to '/storage/project/r-rbasu31-0/hyu483/Test_UMEP/UROCK_output_31_spawn/temp_intermediate_files/tile_29_sliced_inputs/veg_tile_29.shp'. Copied 9 features.
Info: Sliced '/storage/project/r-rbasu31-0/hyu483/Test_UMEP/UROCK/input/../DSM_26986_2.tif' to '/storage/project/r-rbasu31-0/hyu483/Test_UMEP/UROCK_output_31_spawn/temp_intermediate_files/tile_29_sliced_inputs/template_tile_29.tif' (Extent: (234372.59099838723, 902722.4833440109, 234592.59099838723, 902792.4786978494)).
Tile 29: Running URock...
Process 3849986: Running URock for tile output 'wind_field_raw_tile_29'...
Cannot take exclusive lock on /storage/home/hcoda1/4/hyu483/.local/share/proj/cache.db
Cannot take exclusive lock on /storage/home/hcoda1/4/hyu483/.local/share/proj/cache.db
Cannot take exclusive lock on /storage/home/hcoda1/4/hyu483/.local/share/proj/cache.db
Cannot take exclusive lock on /storage/home/hcoda1/4/hyu483/.local/share/proj/cache.db
Cannot take exclusive lock on /storage/home/hcoda1/4/hyu483/.local/share/proj/cache.db
Cannot take exclusive lock on /storage/home/hcoda1/4/hyu483/.local/share/proj/cache.db
Cannot take exclusive lock on /storage/home/hcoda1/4/hyu483/.local/share/proj/cache.db
Cannot take exclusive lock on /storage/home/hcoda1/4/hyu483/.local/share/proj/cache.db
Cannot take exclusive lock on /storage/home/hcoda1/4/hyu483/.local/share/proj/cache.db
SLF4J(W): No SLF4J providers were found.
SLF4J(W): Defaulting to no-operation (NOP) logger implementation
SLF4J(W): See https://www.slf4j.org/codes.html#noProviders for further details.
SLF4J(W): No SLF4J providers were found.
SLF4J(W): Defaulting to no-operation (NOP) logger implementation
SLF4J(W): See https://www.slf4j.org/codes.html#noProviders for further details.
SLF4J(W): No SLF4J providers were found.
SLF4J(W): Defaulting to no-operation (NOP) logger implementation
SLF4J(W): See https://www.slf4j.org/codes.html#noProviders for further details.
SLF4J(W): No SLF4J providers were found.
SLF4J(W): Defaulting to no-operation (NOP) logger implementation
SLF4J(W): See https://www.slf4j.org/codes.html#noProviders for further details.
SLF4J(W): No SLF4J providers were found.
SLF4J(W): Defaulting to no-operation (NOP) logger implementation
SLF4J(W): See https://www.slf4j.org/codes.html#noProviders for further details.
SLF4J(W): No SLF4J providers were found.
SLF4J(W): Defaulting to no-operation (NOP) logger implementation
SLF4J(W): See https://www.slf4j.org/codes.html#noProviders for further details.
SLF4J(W): No SLF4J providers were found.
SLF4J(W): Defaulting to no-operation (NOP) logger implementation
SLF4J(W): See https://www.slf4j.org/codes.html#noProviders for further details.
SLF4J(W): No SLF4J providers were found.
SLF4J(W): Defaulting to no-operation (NOP) logger implementation
SLF4J(W): See https://www.slf4j.org/codes.html#noProviders for further details.
SLF4J(W): No SLF4J providers were found.
SLF4J(W): Defaulting to no-operation (NOP) logger implementation
SLF4J(W): See https://www.slf4j.org/codes.html#noProviders for further details.
SLF4J(W): No SLF4J providers were found.
SLF4J(W): Defaulting to no-operation (NOP) logger implementation
SLF4J(W): See https://www.slf4j.org/codes.html#noProviders for further details.
SLF4J(W): No SLF4J providers were found.
SLF4J(W): Defaulting to no-operation (NOP) logger implementation
SLF4J(W): See https://www.slf4j.org/codes.html#noProviders for further details.
SLF4J(W): No SLF4J providers were found.
SLF4J(W): Defaulting to no-operation (NOP) logger implementation
SLF4J(W): See https://www.slf4j.org/codes.html#noProviders for further details.
SLF4J(W): No SLF4J providers were found.
SLF4J(W): Defaulting to no-operation (NOP) logger implementation
SLF4J(W): See https://www.slf4j.org/codes.html#noProviders for further details.
SLF4J(W): No SLF4J providers were found.
SLF4J(W): Defaulting to no-operation (NOP) logger implementation
SLF4J(W): See https://www.slf4j.org/codes.html#noProviders for further details.
SLF4J(W): No SLF4J providers were found.
SLF4J(W): Defaulting to no-operation (NOP) logger implementation
SLF4J(W): See https://www.slf4j.org/codes.html#noProviders for further details.
SLF4J(W): No SLF4J providers were found.
SLF4J(W): Defaulting to no-operation (NOP) logger implementation
SLF4J(W): See https://www.slf4j.org/codes.html#noProviders for further details.
SLF4J(W): No SLF4J providers were found.
SLF4J(W): Defaulting to no-operation (NOP) logger implementation
SLF4J(W): See https://www.slf4j.org/codes.html#noProviders for further details.
SLF4J(W): No SLF4J providers were found.
SLF4J(W): Defaulting to no-operation (NOP) logger implementation
SLF4J(W): See https://www.slf4j.org/codes.html#noProviders for further details.
SLF4J(W): No SLF4J providers were found.
SLF4J(W): Defaulting to no-operation (NOP) logger implementation
SLF4J(W): See https://www.slf4j.org/codes.html#noProviders for further details.
SLF4J(W): No SLF4J providers were found.
SLF4J(W): Defaulting to no-operation (NOP) logger implementation
SLF4J(W): See https://www.slf4j.org/codes.html#noProviders for further details.
SLF4J(W): No SLF4J providers were found.
SLF4J(W): Defaulting to no-operation (NOP) logger implementation
SLF4J(W): See https://www.slf4j.org/codes.html#noProviders for further details.
SLF4J(W): No SLF4J providers were found.
SLF4J(W): Defaulting to no-operation (NOP) logger implementation
SLF4J(W): See https://www.slf4j.org/codes.html#noProviders for further details.
SLF4J(W): No SLF4J providers were found.
SLF4J(W): Defaulting to no-operation (NOP) logger implementation
SLF4J(W): See https://www.slf4j.org/codes.html#noProviders for further details.
SLF4J(W): No SLF4J providers were found.
SLF4J(W): Defaulting to no-operation (NOP) logger implementation
SLF4J(W): See https://www.slf4j.org/codes.html#noProviders for further details.
SLF4J(W): No SLF4J providers were found.
SLF4J(W): Defaulting to no-operation (NOP) logger implementation
SLF4J(W): See https://www.slf4j.org/codes.html#noProviders for further details.
SLF4J(W): No SLF4J providers were found.
SLF4J(W): Defaulting to no-operation (NOP) logger implementation
SLF4J(W): See https://www.slf4j.org/codes.html#noProviders for further details.
SLF4J(W): No SLF4J providers were found.
SLF4J(W): Defaulting to no-operation (NOP) logger implementation
SLF4J(W): See https://www.slf4j.org/codes.html#noProviders for further details.
SLF4J(W): No SLF4J providers were found.
SLF4J(W): Defaulting to no-operation (NOP) logger implementation
SLF4J(W): See https://www.slf4j.org/codes.html#noProviders for further details.
SLF4J(W): No SLF4J providers were found.
SLF4J(W): Defaulting to no-operation (NOP) logger implementation
SLF4J(W): See https://www.slf4j.org/codes.html#noProviders for further details.
SLF4J(W): No SLF4J providers were found.
SLF4J(W): Defaulting to no-operation (NOP) logger implementation
SLF4J(W): See https://www.slf4j.org/codes.html#noProviders for further details.
Connecting to database
	->/tmp/URock_2025-12-21T164219f8ab60ae-1727-4e5e-9cad-d494e7908f34/myDbH2
/storage/home/hcoda1/4/hyu483/qgis_332/profiles/default/python/plugins/processing_umep/functions/URock/h2gis-standalone/h2gis-dist-2.2.3.jar
Connected!

Spatial functions added!

Load input data
Load table 'build_pre_srid_20251221164238'
Load table 'veg_pre_srid_20251221164238'
Creates blocks and stacked blocks
Rotates geometries from 45.0 degrees
Identify block base height and block cavity base
Calculates obstacle properties
Calculates zone properties
Initializes upwind facades
Update upwind facades base height
Initializes downwind facades
Calculates study area properties
Roughness zone properties are:

                                 - z0: 0.44737111672865065
                                 - d: 1.4872405551167713
                                 - Hr: 7.786404695126458
                                 - H_ob_max: 17
                                 - lambda_f: 0.05745541546391264
Rotates geometries from -45.0 degrees
Rotates geometries from -45.0 degrees
Rotates geometries from -45.0 degrees
Creates displacement zones
Rotates geometries from -45.0 degrees
Rotates geometries from -45.0 degrees
Creates cavity and wake zones
Rotates geometries from -45.0 degrees
Rotates geometries from -45.0 degrees
Creates street canyon zones
Rotates geometries from -45.0 degrees
Creates rooftop zones (perpendicular and corner)
Rotates geometries from -45.0 degrees
Rotates geometries from -45.0 degrees
Creates built-up and open vegetation zones
Rotates geometries from -45.0 degrees
Rotates geometries from -45.0 degrees
Identify the buildings concerned by the impacted zone chosen by the user
Creates the grid of points
Affects each grid point to a building Rockle zone and calculates needed 
          variables for 3D wind speed
Affects each grid point to a vegetation Rockle zone and calculates 
          needed variables for 3D wind speed
Remove some of the Röckle zone points
Creates backward zones
Calculates the 3D wind speed factor value for each point of each BUILDING zone
Rotates geometries from -45.0 degrees
Rotates geometries from -45.0 degrees
Rotates geometries from -45.0 degrees
Rotates geometries from -45.0 degrees
Rotates geometries from -45.0 degrees
Rotates geometries from -45.0 degrees
Rotates geometries from -45.0 degrees
Rotates geometries from -45.0 degrees
Rotates geometries from -45.0 degrees
Calculates the 3D wind speed factor value for each point of each VEGETATION zone
Rotates geometries from -45.0 degrees
Deals with superimposition (keeps only 1 value per 3D point)
Deals with superimposition (keeps only 1 value per 3D point)
Identify upstreamer points in TEMPO_WEIGHTING table
Identify upstreamer points in TEMPO_PRIORITIES table
Identify upstreamer points in TEMPO_PRIORITIES_WEIGHT table
Deals with superimposition (keeps only 1 value per 3D point)
Identify upstreamer points in TEMPO_WEIGHTING table
Identify upstreamer points in TEMPO_PRIORITIES table
Identify upstreamer points in TEMPO_PRIORITIES_WEIGHT table
Rotates geometries from -45.0 degrees
Identify grid points intersecting buildings
Set the initial 3D wind speed field
Time spent for wind speed initialization: 42.33224582672119 s
Shape: (74, 100, 14) - Nb cells: 103600
Start to apply the wind solver
Iteration 1 (max 500)
   eps = 0.448758 >= 0.0001
Iteration 2 (max 500)
   eps = 0.350638 >= 0.0001
Iteration 3 (max 500)
   eps = 0.30028 >= 0.0001
Iteration 4 (max 500)
   eps = 0.245089 >= 0.0001
Iteration 5 (max 500)
   eps = 0.204372 >= 0.0001
Iteration 6 (max 500)
   eps = 0.176802 >= 0.0001
Iteration 7 (max 500)
   eps = 0.155233 >= 0.0001
Iteration 8 (max 500)
   eps = 0.138512 >= 0.0001
Iteration 9 (max 500)
   eps = 0.125238 >= 0.0001
Iteration 10 (max 500)
   eps = 0.112256 >= 0.0001
Iteration 11 (max 500)
   eps = 0.102443 >= 0.0001
Iteration 12 (max 500)
   eps = 0.134592 >= 0.0001
Iteration 13 (max 500)
   eps = 0.085814 >= 0.0001
Iteration 14 (max 500)
   eps = 0.078619 >= 0.0001
Iteration 15 (max 500)
   eps = 0.073072 >= 0.0001
Iteration 16 (max 500)
   eps = 0.068062 >= 0.0001
Iteration 17 (max 500)
   eps = 0.063425 >= 0.0001
Iteration 18 (max 500)
   eps = 0.059162 >= 0.0001
Iteration 19 (max 500)
   eps = 0.055626 >= 0.0001
Iteration 20 (max 500)
   eps = 0.052464 >= 0.0001
Iteration 21 (max 500)
   eps = 0.04968 >= 0.0001
Iteration 22 (max 500)
   eps = 0.047001 >= 0.0001
Iteration 23 (max 500)
   eps = 0.044559 >= 0.0001
Iteration 24 (max 500)
   eps = 0.04249 >= 0.0001
Iteration 25 (max 500)
   eps = 0.040289 >= 0.0001
Iteration 26 (max 500)
   eps = 0.038128 >= 0.0001
Iteration 27 (max 500)
   eps = 0.036283 >= 0.0001
Iteration 28 (max 500)
   eps = 0.034202 >= 0.0001
Iteration 29 (max 500)
   eps = 0.032325 >= 0.0001
Iteration 30 (max 500)
   eps = 0.030526 >= 0.0001
Iteration 31 (max 500)
   eps = 0.028861 >= 0.0001
Iteration 32 (max 500)
   eps = 0.027308 >= 0.0001
Iteration 33 (max 500)
   eps = 0.025878 >= 0.0001
Iteration 34 (max 500)
   eps = 0.024573 >= 0.0001
Iteration 35 (max 500)
   eps = 0.023389 >= 0.0001
Iteration 36 (max 500)
   eps = 0.022277 >= 0.0001
Iteration 37 (max 500)
   eps = 0.021213 >= 0.0001
Iteration 38 (max 500)
   eps = 0.020191 >= 0.0001
Iteration 39 (max 500)
   eps = 0.019216 >= 0.0001
Iteration 40 (max 500)
   eps = 0.018241 >= 0.0001
Iteration 41 (max 500)
   eps = 0.017318 >= 0.0001
Iteration 42 (max 500)
   eps = 0.016464 >= 0.0001
Iteration 43 (max 500)
   eps = 0.015642 >= 0.0001
Iteration 44 (max 500)
   eps = 0.014858 >= 0.0001
Iteration 45 (max 500)
   eps = 0.01409 >= 0.0001
Iteration 46 (max 500)
   eps = 0.013368 >= 0.0001
Iteration 47 (max 500)
   eps = 0.012731 >= 0.0001
Iteration 48 (max 500)
   eps = 0.012128 >= 0.0001
Iteration 49 (max 500)
   eps = 0.011496 >= 0.0001
Iteration 50 (max 500)
   eps = 0.01089 >= 0.0001
Iteration 51 (max 500)
   eps = 0.010345 >= 0.0001
Iteration 52 (max 500)
   eps = 0.009823 >= 0.0001
Iteration 53 (max 500)
   eps = 0.009337 >= 0.0001
Iteration 54 (max 500)
   eps = 0.008879 >= 0.0001
Iteration 55 (max 500)
   eps = 0.008423 >= 0.0001
Iteration 56 (max 500)
   eps = 0.008071 >= 0.0001
Iteration 57 (max 500)
   eps = 0.007648 >= 0.0001
Iteration 58 (max 500)
   eps = 0.007317 >= 0.0001
Iteration 59 (max 500)
   eps = 0.006946 >= 0.0001
Iteration 60 (max 500)
   eps = 0.006547 >= 0.0001
Iteration 61 (max 500)
   eps = 0.006183 >= 0.0001
Iteration 62 (max 500)
   eps = 0.005871 >= 0.0001
Iteration 63 (max 500)
   eps = 0.005574 >= 0.0001
Iteration 64 (max 500)
   eps = 0.005283 >= 0.0001
Iteration 65 (max 500)
   eps = 0.00502 >= 0.0001
Iteration 66 (max 500)
   eps = 0.004787 >= 0.0001
Iteration 67 (max 500)
   eps = 0.004566 >= 0.0001
Iteration 68 (max 500)
   eps = 0.004381 >= 0.0001
Iteration 69 (max 500)
   eps = 0.00413 >= 0.0001
Iteration 70 (max 500)
   eps = 0.003892 >= 0.0001
Iteration 71 (max 500)
   eps = 0.003661 >= 0.0001
Iteration 72 (max 500)
   eps = 0.003456 >= 0.0001
Iteration 73 (max 500)
   eps = 0.003269 >= 0.0001
Iteration 74 (max 500)
   eps = 0.003102 >= 0.0001
Iteration 75 (max 500)
   eps = 0.002942 >= 0.0001
Iteration 76 (max 500)
   eps = 0.002779 >= 0.0001
Iteration 77 (max 500)
   eps = 0.002647 >= 0.0001
Iteration 78 (max 500)
   eps = 0.002493 >= 0.0001
Iteration 79 (max 500)
   eps = 0.002354 >= 0.0001
Iteration 80 (max 500)
   eps = 0.002236 >= 0.0001
Iteration 81 (max 500)
   eps = 0.00211 >= 0.0001
Iteration 82 (max 500)
   eps = 0.001984 >= 0.0001
Iteration 83 (max 500)
   eps = 0.001873 >= 0.0001
Iteration 84 (max 500)
   eps = 0.001765 >= 0.0001
Iteration 85 (max 500)
   eps = 0.001669 >= 0.0001
Iteration 86 (max 500)
   eps = 0.001586 >= 0.0001
Iteration 87 (max 500)
   eps = 0.001505 >= 0.0001
Iteration 88 (max 500)
   eps = 0.001434 >= 0.0001
Iteration 89 (max 500)
   eps = 0.001356 >= 0.0001
Iteration 90 (max 500)
   eps = 0.001276 >= 0.0001
Iteration 91 (max 500)
   eps = 0.001203 >= 0.0001
Iteration 92 (max 500)
   eps = 0.001134 >= 0.0001
Iteration 93 (max 500)
   eps = 0.001072 >= 0.0001
Iteration 94 (max 500)
   eps = 0.001014 >= 0.0001
Iteration 95 (max 500)
   eps = 0.000959 >= 0.0001
Iteration 96 (max 500)
   eps = 0.000905 >= 0.0001
Iteration 97 (max 500)
   eps = 0.000858 >= 0.0001
Iteration 98 (max 500)
   eps = 0.000814 >= 0.0001
Iteration 99 (max 500)
   eps = 0.000777 >= 0.0001
Iteration 100 (max 500)
   eps = 0.000738 >= 0.0001
Iteration 101 (max 500)
   eps = 0.000692 >= 0.0001
Iteration 102 (max 500)
   eps = 0.000658 >= 0.0001
Iteration 103 (max 500)
   eps = 0.000622 >= 0.0001
Iteration 104 (max 500)
   eps = 0.000588 >= 0.0001
Iteration 105 (max 500)
   eps = 0.000556 >= 0.0001
Iteration 106 (max 500)
   eps = 0.000524 >= 0.0001
Iteration 107 (max 500)
   eps = 0.000496 >= 0.0001
Iteration 108 (max 500)
   eps = 0.000469 >= 0.0001
Iteration 109 (max 500)
   eps = 0.000445 >= 0.0001
Iteration 110 (max 500)
   eps = 0.000421 >= 0.0001
Iteration 111 (max 500)
   eps = 0.000398 >= 0.0001
Iteration 112 (max 500)
   eps = 0.000375 >= 0.0001
Iteration 113 (max 500)
   eps = 0.000353 >= 0.0001
Iteration 114 (max 500)
   eps = 0.000333 >= 0.0001
Iteration 115 (max 500)
   eps = 0.000314 >= 0.0001
Iteration 116 (max 500)
   eps = 0.000298 >= 0.0001
Iteration 117 (max 500)
   eps = 0.000281 >= 0.0001
Iteration 118 (max 500)
   eps = 0.000266 >= 0.0001
Iteration 119 (max 500)
   eps = 0.000251 >= 0.0001
Iteration 120 (max 500)
   eps = 0.000237 >= 0.0001
Iteration 121 (max 500)
   eps = 0.000224 >= 0.0001
Iteration 122 (max 500)
   eps = 0.000211 >= 0.0001
Iteration 123 (max 500)
   eps = 0.0002 >= 0.0001
Iteration 124 (max 500)
   eps = 0.000187 >= 0.0001
Iteration 125 (max 500)
   eps = 0.000179 >= 0.0001
Iteration 126 (max 500)
   eps = 0.000169 >= 0.0001
Iteration 127 (max 500)
   eps = 0.000158 >= 0.0001
Iteration 128 (max 500)
   eps = 0.000149 >= 0.0001
Iteration 129 (max 500)
   eps = 0.00014 >= 0.0001
Iteration 130 (max 500)
   eps = 0.000131 >= 0.0001
Iteration 131 (max 500)
   eps = 0.000125 >= 0.0001
Iteration 132 (max 500)
   eps = 0.000118 >= 0.0001
Iteration 133 (max 500)
   eps = 0.000111 >= 0.0001
Iteration 134 (max 500)
   eps = 0.000104 >= 0.0001
Iteration 135 (max 500)
Time spent by the wind speed solver: 33.23392963409424 s
Rotates geometries from -45.0 degrees
Interp succeeded!!! for tmp_file
Interp succeeded!!! for tmp_file
Interp succeeded!!! for tmp_file
Interp succeeded!!! for tmp_file
Interp succeeded!!! for tmp_file
Interp succeeded!!! for tmp_file
Rotates geometries from -45.0 degrees
Rotates geometries from -45.0 degrees
Rotates geometries from -45.0 degrees
Rotates geometries from -45.0 degrees
Rotates geometries from -45.0 degrees
Rotates geometries from -45.0 degrees
Rotates geometries from -45.0 degrees
Rotates geometries from -45.0 degrees
Rotates geometries from -45.0 degrees
Rotates geometries from -45.0 degrees
Rotates geometries from -45.0 degrees
Process 3849980: Successfully ran URock for tile output 'wind_field_raw_tile_5'.
Process 3849980: Elapsed time for URock ('wind_field_raw_tile_5'): 136.19 seconds.
[Master] Monitoring 36 tasks...
[Master] Process 3849980 - Tile 5: Finished processing.
Info: Debuffered '/storage/project/r-rbasu31-0/hyu483/Test_UMEP/UROCK_output_31_spawn/temp_intermediate_files/tile_5_urock_raw_outputs/z1_5/wind_field_raw_tile_5WS.tif' to '/storage/project/r-rbasu31-0/hyu483/Test_UMEP/UROCK_output_31_spawn/urock_tiled_output/urock_wind_field_tile_5WS.tif' (original extent: (233582.59099838723, 902732.4833440109, 233782.59099838723, 902792.4786978494)).
(30, (234582.59099838723, 901732.4833440109, 234642.58635222574, 901932.4833440109), (234572.59099838723, 901732.4833440109, 234642.58635222574, 901942.4833440109), {'buildings': '/storage/project/r-rbasu31-0/hyu483/Test_UMEP/UROCK/input/building_26986.shp', 'veg': '/storage/project/r-rbasu31-0/hyu483/Test_UMEP/UROCK/input/veg_26986.shp', 'template_rast': '/storage/project/r-rbasu31-0/hyu483/Test_UMEP/UROCK/input/../DSM_26986_2.tif', 'base_output_dir': '/storage/project/r-rbasu31-0/hyu483/Test_UMEP/UROCK_output_31_spawn/urock_tiled_output'})
Info: Sliced and clipped '/storage/project/r-rbasu31-0/hyu483/Test_UMEP/UROCK/input/building_26986.shp' to '/storage/project/r-rbasu31-0/hyu483/Test_UMEP/UROCK_output_31_spawn/temp_intermediate_files/tile_30_sliced_inputs/buildings_tile_30.shp'. Copied 6 features.
Info: Sliced and clipped '/storage/project/r-rbasu31-0/hyu483/Test_UMEP/UROCK/input/veg_26986.shp' to '/storage/project/r-rbasu31-0/hyu483/Test_UMEP/UROCK_output_31_spawn/temp_intermediate_files/tile_30_sliced_inputs/veg_tile_30.shp'. Copied 15 features.
Info: Sliced '/storage/project/r-rbasu31-0/hyu483/Test_UMEP/UROCK/input/../DSM_26986_2.tif' to '/storage/project/r-rbasu31-0/hyu483/Test_UMEP/UROCK_output_31_spawn/temp_intermediate_files/tile_30_sliced_inputs/template_tile_30.tif' (Extent: (234572.59099838723, 901732.4833440109, 234642.58635222574, 901942.4833440109)).
Tile 30: Running URock...
Process 3849980: Running URock for tile output 'wind_field_raw_tile_30'...
Connecting to database
	->/tmp/URock_2025-12-21T1642184cfcc441-0c78-4c2d-8831-13959328a154/myDbH2
/storage/home/hcoda1/4/hyu483/qgis_332/profiles/default/python/plugins/processing_umep/functions/URock/h2gis-standalone/h2gis-dist-2.2.3.jar
Connected!

Spatial functions added!

Load input data
Load table 'build_pre_srid_20251221164234'
Load table 'veg_pre_srid_20251221164234'
Creates blocks and stacked blocks
Rotates geometries from 45.0 degrees
Identify block base height and block cavity base
Calculates obstacle properties
Calculates zone properties
Initializes upwind facades
Update upwind facades base height
Initializes downwind facades
Calculates study area properties
Roughness zone properties are:

                                 - z0: 1.3977352810478205
                                 - d: 5.793367885396232
                                 - Hr: 15.153409282934247
                                 - H_ob_max: 24
                                 - lambda_f: 0.09223899750546226
Rotates geometries from -45.0 degrees
Rotates geometries from -45.0 degrees
Rotates geometries from -45.0 degrees
Creates displacement zones
Rotates geometries from -45.0 degrees
Rotates geometries from -45.0 degrees
Creates cavity and wake zones
Rotates geometries from -45.0 degrees
Rotates geometries from -45.0 degrees
Creates street canyon zones
Rotates geometries from -45.0 degrees
Creates rooftop zones (perpendicular and corner)
Rotates geometries from -45.0 degrees
Rotates geometries from -45.0 degrees
Creates built-up and open vegetation zones
Rotates geometries from -45.0 degrees
Rotates geometries from -45.0 degrees
Identify the buildings concerned by the impacted zone chosen by the user
Creates the grid of points
Affects each grid point to a building Rockle zone and calculates needed 
          variables for 3D wind speed
Affects each grid point to a vegetation Rockle zone and calculates 
          needed variables for 3D wind speed
Remove some of the Röckle zone points
Creates backward zones
Calculates the 3D wind speed factor value for each point of each BUILDING zone
Rotates geometries from -45.0 degrees
Rotates geometries from -45.0 degrees
Rotates geometries from -45.0 degrees
Rotates geometries from -45.0 degrees
Rotates geometries from -45.0 degrees
Rotates geometries from -45.0 degrees
Rotates geometries from -45.0 degrees
Rotates geometries from -45.0 degrees
Rotates geometries from -45.0 degrees
Calculates the 3D wind speed factor value for each point of each VEGETATION zone
Rotates geometries from -45.0 degrees
Deals with superimposition (keeps only 1 value per 3D point)
Deals with superimposition (keeps only 1 value per 3D point)
Identify upstreamer points in TEMPO_WEIGHTING table
Identify upstreamer points in TEMPO_PRIORITIES table
Identify upstreamer points in TEMPO_PRIORITIES_WEIGHT table
Deals with superimposition (keeps only 1 value per 3D point)
Identify upstreamer points in TEMPO_WEIGHTING table
Identify upstreamer points in TEMPO_PRIORITIES table
Identify upstreamer points in TEMPO_PRIORITIES_WEIGHT table
Rotates geometries from -45.0 degrees
Identify grid points intersecting buildings
Set the initial 3D wind speed field
Time spent for wind speed initialization: 48.011656522750854 s
Shape: (59, 80, 17) - Nb cells: 80240
Start to apply the wind solver
Iteration 1 (max 500)
   eps = 0.464522 >= 0.0001
Iteration 2 (max 500)
   eps = 0.319084 >= 0.0001
Iteration 3 (max 500)
   eps = 0.268607 >= 0.0001
Iteration 4 (max 500)
   eps = 0.226723 >= 0.0001
Iteration 5 (max 500)
   eps = 0.192364 >= 0.0001
Iteration 6 (max 500)
   eps = 0.164874 >= 0.0001
Iteration 7 (max 500)
   eps = 0.141166 >= 0.0001
Iteration 8 (max 500)
   eps = 0.120341 >= 0.0001
Iteration 9 (max 500)
   eps = 0.101263 >= 0.0001
Iteration 10 (max 500)
   eps = 0.087806 >= 0.0001
Iteration 11 (max 500)
   eps = 0.077195 >= 0.0001
Iteration 12 (max 500)
   eps = 0.068713 >= 0.0001
Iteration 13 (max 500)
   eps = 0.061742 >= 0.0001
Iteration 14 (max 500)
   eps = 0.056092 >= 0.0001
Iteration 15 (max 500)
   eps = 0.055654 >= 0.0001
Iteration 16 (max 500)
   eps = 0.047875 >= 0.0001
Iteration 17 (max 500)
   eps = 0.04299 >= 0.0001
Iteration 18 (max 500)
   eps = 0.039045 >= 0.0001
Iteration 19 (max 500)
   eps = 0.035495 >= 0.0001
Iteration 20 (max 500)
   eps = 0.032456 >= 0.0001
Iteration 21 (max 500)
   eps = 0.029729 >= 0.0001
Iteration 22 (max 500)
   eps = 0.027491 >= 0.0001
Iteration 23 (max 500)
   eps = 0.025602 >= 0.0001
Iteration 24 (max 500)
   eps = 0.023991 >= 0.0001
Iteration 25 (max 500)
   eps = 0.022624 >= 0.0001
Iteration 26 (max 500)
   eps = 0.021425 >= 0.0001
Iteration 27 (max 500)
   eps = 0.020217 >= 0.0001
Iteration 28 (max 500)
   eps = 0.019015 >= 0.0001
Iteration 29 (max 500)
   eps = 0.01781 >= 0.0001
Iteration 30 (max 500)
   eps = 0.016695 >= 0.0001
Iteration 31 (max 500)
   eps = 0.015701 >= 0.0001
Iteration 32 (max 500)
   eps = 0.01478 >= 0.0001
Iteration 33 (max 500)
   eps = 0.013836 >= 0.0001
Iteration 34 (max 500)
   eps = 0.012899 >= 0.0001
Iteration 35 (max 500)
   eps = 0.011992 >= 0.0001
Iteration 36 (max 500)
   eps = 0.011167 >= 0.0001
Iteration 37 (max 500)
   eps = 0.010365 >= 0.0001
Iteration 38 (max 500)
   eps = 0.009621 >= 0.0001
Iteration 39 (max 500)
   eps = 0.008921 >= 0.0001
Iteration 40 (max 500)
   eps = 0.008243 >= 0.0001
Iteration 41 (max 500)
   eps = 0.007612 >= 0.0001
Iteration 42 (max 500)
   eps = 0.007032 >= 0.0001
Iteration 43 (max 500)
   eps = 0.006504 >= 0.0001
Iteration 44 (max 500)
   eps = 0.006027 >= 0.0001
Iteration 45 (max 500)
   eps = 0.005593 >= 0.0001
Iteration 46 (max 500)
   eps = 0.005207 >= 0.0001
Iteration 47 (max 500)
   eps = 0.004857 >= 0.0001
Iteration 48 (max 500)
   eps = 0.004541 >= 0.0001
Iteration 49 (max 500)
   eps = 0.00425 >= 0.0001
Iteration 50 (max 500)
   eps = 0.003983 >= 0.0001
Iteration 51 (max 500)
   eps = 0.003714 >= 0.0001
Iteration 52 (max 500)
   eps = 0.003449 >= 0.0001
Iteration 53 (max 500)
   eps = 0.003203 >= 0.0001
Iteration 54 (max 500)
   eps = 0.002972 >= 0.0001
Iteration 55 (max 500)
   eps = 0.002753 >= 0.0001
Iteration 56 (max 500)
   eps = 0.00255 >= 0.0001
Iteration 57 (max 500)
   eps = 0.002361 >= 0.0001
Iteration 58 (max 500)
   eps = 0.002185 >= 0.0001
Iteration 59 (max 500)
   eps = 0.002027 >= 0.0001
Iteration 60 (max 500)
   eps = 0.001882 >= 0.0001
Iteration 61 (max 500)
   eps = 0.001747 >= 0.0001
Iteration 62 (max 500)
   eps = 0.001621 >= 0.0001
Iteration 63 (max 500)
   eps = 0.001502 >= 0.0001
Iteration 64 (max 500)
   eps = 0.001386 >= 0.0001
Iteration 65 (max 500)
   eps = 0.001275 >= 0.0001
Iteration 66 (max 500)
   eps = 0.001175 >= 0.0001
Iteration 67 (max 500)
   eps = 0.00109 >= 0.0001
Iteration 68 (max 500)
   eps = 0.001017 >= 0.0001
Iteration 69 (max 500)
   eps = 0.000959 >= 0.0001
Iteration 70 (max 500)
   eps = 0.000911 >= 0.0001
Iteration 71 (max 500)
   eps = 0.000861 >= 0.0001
Iteration 72 (max 500)
   eps = 0.000804 >= 0.0001
Iteration 73 (max 500)
   eps = 0.000741 >= 0.0001
Iteration 74 (max 500)
   eps = 0.000676 >= 0.0001
Iteration 75 (max 500)
   eps = 0.000613 >= 0.0001
Iteration 76 (max 500)
   eps = 0.000559 >= 0.0001
Iteration 77 (max 500)
   eps = 0.000505 >= 0.0001
Iteration 78 (max 500)
   eps = 0.000449 >= 0.0001
Iteration 79 (max 500)
   eps = 0.000402 >= 0.0001
Iteration 80 (max 500)
   eps = 0.000378 >= 0.0001
Iteration 81 (max 500)
   eps = 0.000372 >= 0.0001
Iteration 82 (max 500)
   eps = 0.000341 >= 0.0001
Iteration 83 (max 500)
   eps = 0.000302 >= 0.0001
Iteration 84 (max 500)
   eps = 0.000274 >= 0.0001
Iteration 85 (max 500)
   eps = 0.000246 >= 0.0001
Iteration 86 (max 500)
   eps = 0.000223 >= 0.0001
Iteration 87 (max 500)
   eps = 0.000205 >= 0.0001
Iteration 88 (max 500)
   eps = 0.000188 >= 0.0001
Iteration 89 (max 500)
   eps = 0.000174 >= 0.0001
Iteration 90 (max 500)
   eps = 0.000162 >= 0.0001
Iteration 91 (max 500)
   eps = 0.000154 >= 0.0001
Iteration 92 (max 500)
   eps = 0.000143 >= 0.0001
Iteration 93 (max 500)
   eps = 0.00013 >= 0.0001
Iteration 94 (max 500)
   eps = 0.000118 >= 0.0001
Iteration 95 (max 500)
   eps = 0.000113 >= 0.0001
Iteration 96 (max 500)
   eps = 0.000106 >= 0.0001
Iteration 97 (max 500)
Time spent by the wind speed solver: 32.39733624458313 s
Rotates geometries from -45.0 degrees
Interp succeeded!!! for tmp_file
Interp succeeded!!! for tmp_file
Interp succeeded!!! for tmp_file
Interp succeeded!!! for tmp_file
Interp succeeded!!! for tmp_file
Interp succeeded!!! for tmp_file
Rotates geometries from -45.0 degrees
Rotates geometries from -45.0 degrees
Rotates geometries from -45.0 degrees
Rotates geometries from -45.0 degrees
Rotates geometries from -45.0 degrees
Rotates geometries from -45.0 degrees
Rotates geometries from -45.0 degrees
Rotates geometries from -45.0 degrees
Rotates geometries from -45.0 degrees
Rotates geometries from -45.0 degrees
Rotates geometries from -45.0 degrees
Process 3849986: Successfully ran URock for tile output 'wind_field_raw_tile_29'.
Process 3849986: Elapsed time for URock ('wind_field_raw_tile_29'): 140.32 seconds.
[Master] Process 3849986 - Tile 29: Finished processing.
Info: Debuffered '/storage/project/r-rbasu31-0/hyu483/Test_UMEP/UROCK_output_31_spawn/temp_intermediate_files/tile_29_urock_raw_outputs/z1_5/wind_field_raw_tile_29WS.tif' to '/storage/project/r-rbasu31-0/hyu483/Test_UMEP/UROCK_output_31_spawn/urock_tiled_output/urock_wind_field_tile_29WS.tif' (original extent: (234382.59099838723, 902732.4833440109, 234582.59099838723, 902792.4786978494)).
(31, (234582.59099838723, 901932.4833440109, 234642.58635222574, 902132.4833440109), (234572.59099838723, 901922.4833440109, 234642.58635222574, 902142.4833440109), {'buildings': '/storage/project/r-rbasu31-0/hyu483/Test_UMEP/UROCK/input/building_26986.shp', 'veg': '/storage/project/r-rbasu31-0/hyu483/Test_UMEP/UROCK/input/veg_26986.shp', 'template_rast': '/storage/project/r-rbasu31-0/hyu483/Test_UMEP/UROCK/input/../DSM_26986_2.tif', 'base_output_dir': '/storage/project/r-rbasu31-0/hyu483/Test_UMEP/UROCK_output_31_spawn/urock_tiled_output'})
Info: Sliced and clipped '/storage/project/r-rbasu31-0/hyu483/Test_UMEP/UROCK/input/building_26986.shp' to '/storage/project/r-rbasu31-0/hyu483/Test_UMEP/UROCK_output_31_spawn/temp_intermediate_files/tile_31_sliced_inputs/buildings_tile_31.shp'. Copied 27 features.
Info: Sliced and clipped '/storage/project/r-rbasu31-0/hyu483/Test_UMEP/UROCK/input/veg_26986.shp' to '/storage/project/r-rbasu31-0/hyu483/Test_UMEP/UROCK_output_31_spawn/temp_intermediate_files/tile_31_sliced_inputs/veg_tile_31.shp'. Copied 15 features.
Info: Sliced '/storage/project/r-rbasu31-0/hyu483/Test_UMEP/UROCK/input/../DSM_26986_2.tif' to '/storage/project/r-rbasu31-0/hyu483/Test_UMEP/UROCK_output_31_spawn/temp_intermediate_files/tile_31_sliced_inputs/template_tile_31.tif' (Extent: (234572.59099838723, 901922.4833440109, 234642.58635222574, 902142.4833440109)).
Tile 31: Running URock...
Process 3849986: Running URock for tile output 'wind_field_raw_tile_31'...
Connecting to database
	->/tmp/URock_2025-12-21T164218894ec0fe-d72f-4e51-be7e-30eb311cbdf9/myDbH2
/storage/home/hcoda1/4/hyu483/qgis_332/profiles/default/python/plugins/processing_umep/functions/URock/h2gis-standalone/h2gis-dist-2.2.3.jar
Connected!

Spatial functions added!

Load input data
Load table 'build_pre_srid_20251221164234'
Creates blocks and stacked blocks
Rotates geometries from 45.0 degrees
Identify block base height and block cavity base
Calculates obstacle properties
Calculates zone properties
Initializes upwind facades
Update upwind facades base height
Initializes downwind facades
Calculates study area properties
Roughness zone properties are:

                                 - z0: 1.173224525877815
                                 - d: 4.49305660398912
                                 - Hr: 15.677426306710894
                                 - H_ob_max: 36.0
                                 - lambda_f: 0.0748352760794419
Rotates geometries from -45.0 degrees
Rotates geometries from -45.0 degrees
Rotates geometries from -45.0 degrees
Creates displacement zones
Rotates geometries from -45.0 degrees
Rotates geometries from -45.0 degrees
Creates cavity and wake zones
Rotates geometries from -45.0 degrees
Rotates geometries from -45.0 degrees
Creates street canyon zones
Rotates geometries from -45.0 degrees
Creates rooftop zones (perpendicular and corner)
Rotates geometries from -45.0 degrees
Rotates geometries from -45.0 degrees
Creates built-up and open vegetation zones
Rotates geometries from -45.0 degrees
Rotates geometries from -45.0 degrees
Identify the buildings concerned by the impacted zone chosen by the user
Creates the grid of points
Affects each grid point to a building Rockle zone and calculates needed 
          variables for 3D wind speed
Affects each grid point to a vegetation Rockle zone and calculates 
          needed variables for 3D wind speed
Remove some of the Röckle zone points
Creates backward zones
Calculates the 3D wind speed factor value for each point of each BUILDING zone
Rotates geometries from -45.0 degrees
Rotates geometries from -45.0 degrees
Rotates geometries from -45.0 degrees
Rotates geometries from -45.0 degrees
Rotates geometries from -45.0 degrees
Rotates geometries from -45.0 degrees
Rotates geometries from -45.0 degrees
Rotates geometries from -45.0 degrees
Rotates geometries from -45.0 degrees
Calculates the 3D wind speed factor value for each point of each VEGETATION zone
Rotates geometries from -45.0 degrees
Deals with superimposition (keeps only 1 value per 3D point)
Deals with superimposition (keeps only 1 value per 3D point)
Identify upstreamer points in TEMPO_WEIGHTING table
Identify upstreamer points in TEMPO_PRIORITIES table
Identify upstreamer points in TEMPO_PRIORITIES_WEIGHT table
Deals with superimposition (keeps only 1 value per 3D point)
Identify upstreamer points in TEMPO_WEIGHTING table
Identify upstreamer points in TEMPO_PRIORITIES table
Identify upstreamer points in TEMPO_PRIORITIES_WEIGHT table
Rotates geometries from -45.0 degrees
Identify grid points intersecting buildings
Set the initial 3D wind speed field
Time spent for wind speed initialization: 83.92645335197449 s
Shape: (91, 124, 19) - Nb cells: 214396
Start to apply the wind solver
Iteration 1 (max 500)
   eps = 0.555113 >= 0.0001
Iteration 2 (max 500)
   eps = 0.379381 >= 0.0001
Iteration 3 (max 500)
   eps = 0.305314 >= 0.0001
Iteration 4 (max 500)
   eps = 0.252008 >= 0.0001
Iteration 5 (max 500)
   eps = 0.209484 >= 0.0001
Iteration 6 (max 500)
   eps = 0.17023 >= 0.0001
Iteration 7 (max 500)
   eps = 0.138019 >= 0.0001
Iteration 8 (max 500)
   eps = 0.116559 >= 0.0001
Iteration 9 (max 500)
   eps = 0.099918 >= 0.0001
Iteration 10 (max 500)
   eps = 0.087312 >= 0.0001
Iteration 11 (max 500)
   eps = 0.077417 >= 0.0001
Iteration 12 (max 500)
   eps = 0.069598 >= 0.0001
Iteration 13 (max 500)
   eps = 0.062865 >= 0.0001
Iteration 14 (max 500)
   eps = 0.057085 >= 0.0001
Iteration 15 (max 500)
   eps = 0.052133 >= 0.0001
Iteration 16 (max 500)
   eps = 0.047782 >= 0.0001
Iteration 17 (max 500)
   eps = 0.047615 >= 0.0001
Iteration 18 (max 500)
   eps = 0.041294 >= 0.0001
Iteration 19 (max 500)
   eps = 0.037982 >= 0.0001
Iteration 20 (max 500)
   eps = 0.035623 >= 0.0001
Iteration 21 (max 500)
   eps = 0.033425 >= 0.0001
Iteration 22 (max 500)
   eps = 0.031354 >= 0.0001
Iteration 23 (max 500)
   eps = 0.029442 >= 0.0001
Iteration 24 (max 500)
   eps = 0.027784 >= 0.0001
Iteration 25 (max 500)
   eps = 0.026264 >= 0.0001
Iteration 26 (max 500)
   eps = 0.024898 >= 0.0001
Iteration 27 (max 500)
   eps = 0.023688 >= 0.0001
Iteration 28 (max 500)
   eps = 0.022612 >= 0.0001
Iteration 29 (max 500)
   eps = 0.021662 >= 0.0001
Iteration 30 (max 500)
   eps = 0.020657 >= 0.0001
Iteration 31 (max 500)
   eps = 0.019681 >= 0.0001
Iteration 32 (max 500)
   eps = 0.018767 >= 0.0001
Iteration 33 (max 500)
   eps = 0.017914 >= 0.0001
Iteration 34 (max 500)
   eps = 0.017135 >= 0.0001
Iteration 35 (max 500)
   eps = 0.016372 >= 0.0001
Iteration 36 (max 500)
   eps = 0.015612 >= 0.0001
Iteration 37 (max 500)
   eps = 0.01485 >= 0.0001
Iteration 38 (max 500)
   eps = 0.014137 >= 0.0001
Iteration 39 (max 500)
   eps = 0.013451 >= 0.0001
Iteration 40 (max 500)
   eps = 0.012813 >= 0.0001
Iteration 41 (max 500)
   eps = 0.012231 >= 0.0001
Iteration 42 (max 500)
   eps = 0.011682 >= 0.0001
Iteration 43 (max 500)
   eps = 0.011148 >= 0.0001
Iteration 44 (max 500)
   eps = 0.010663 >= 0.0001
Iteration 45 (max 500)
   eps = 0.010248 >= 0.0001
Iteration 46 (max 500)
   eps = 0.009861 >= 0.0001
Iteration 47 (max 500)
   eps = 0.009472 >= 0.0001
Iteration 48 (max 500)
   eps = 0.009113 >= 0.0001
Iteration 49 (max 500)
   eps = 0.00878 >= 0.0001
Iteration 50 (max 500)
   eps = 0.008454 >= 0.0001
Iteration 51 (max 500)
   eps = 0.008133 >= 0.0001
Iteration 52 (max 500)
   eps = 0.007793 >= 0.0001
Iteration 53 (max 500)
   eps = 0.00747 >= 0.0001
Iteration 54 (max 500)
   eps = 0.00715 >= 0.0001
Iteration 55 (max 500)
   eps = 0.00684 >= 0.0001
Iteration 56 (max 500)
   eps = 0.006554 >= 0.0001
Iteration 57 (max 500)
   eps = 0.006259 >= 0.0001
Iteration 58 (max 500)
   eps = 0.005997 >= 0.0001
Iteration 59 (max 500)
   eps = 0.005737 >= 0.0001
Iteration 60 (max 500)
   eps = 0.00547 >= 0.0001
Iteration 61 (max 500)
   eps = 0.005209 >= 0.0001
Iteration 62 (max 500)
   eps = 0.004976 >= 0.0001
Iteration 63 (max 500)
   eps = 0.004754 >= 0.0001
Iteration 64 (max 500)
   eps = 0.004554 >= 0.0001
Iteration 65 (max 500)
   eps = 0.004371 >= 0.0001
Iteration 66 (max 500)
   eps = 0.004221 >= 0.0001
Iteration 67 (max 500)
   eps = 0.004099 >= 0.0001
Iteration 68 (max 500)
   eps = 0.003944 >= 0.0001
Iteration 69 (max 500)
   eps = 0.003774 >= 0.0001
Iteration 70 (max 500)
   eps = 0.003596 >= 0.0001
Iteration 71 (max 500)
   eps = 0.003436 >= 0.0001
Iteration 72 (max 500)
   eps = 0.003269 >= 0.0001
Iteration 73 (max 500)
   eps = 0.003123 >= 0.0001
Iteration 74 (max 500)
   eps = 0.002992 >= 0.0001
Iteration 75 (max 500)
   eps = 0.002871 >= 0.0001
Iteration 76 (max 500)
   eps = 0.002772 >= 0.0001
Iteration 77 (max 500)
   eps = 0.002647 >= 0.0001
Iteration 78 (max 500)
   eps = 0.002541 >= 0.0001
Iteration 79 (max 500)
   eps = 0.002437 >= 0.0001
Iteration 80 (max 500)
   eps = 0.002338 >= 0.0001
Iteration 81 (max 500)
   eps = 0.002236 >= 0.0001
Iteration 82 (max 500)
   eps = 0.002135 >= 0.0001
Iteration 83 (max 500)
   eps = 0.002055 >= 0.0001
Iteration 84 (max 500)
   eps = 0.001963 >= 0.0001
Iteration 85 (max 500)
   eps = 0.001888 >= 0.0001
Iteration 86 (max 500)
   eps = 0.001822 >= 0.0001
Iteration 87 (max 500)
   eps = 0.001755 >= 0.0001
Iteration 88 (max 500)
   eps = 0.001684 >= 0.0001
Iteration 89 (max 500)
   eps = 0.001618 >= 0.0001
Iteration 90 (max 500)
   eps = 0.001553 >= 0.0001
Iteration 91 (max 500)
   eps = 0.001488 >= 0.0001
Iteration 92 (max 500)
   eps = 0.001424 >= 0.0001
Iteration 93 (max 500)
   eps = 0.001368 >= 0.0001
Iteration 94 (max 500)
   eps = 0.001309 >= 0.0001
Iteration 95 (max 500)
   eps = 0.001254 >= 0.0001
Iteration 96 (max 500)
   eps = 0.001196 >= 0.0001
Iteration 97 (max 500)
   eps = 0.001143 >= 0.0001
Iteration 98 (max 500)
   eps = 0.001095 >= 0.0001
Iteration 99 (max 500)
   eps = 0.001051 >= 0.0001
Iteration 100 (max 500)
   eps = 0.00101 >= 0.0001
Iteration 101 (max 500)
   eps = 0.000969 >= 0.0001
Iteration 102 (max 500)
   eps = 0.000923 >= 0.0001
Iteration 103 (max 500)
   eps = 0.000883 >= 0.0001
Iteration 104 (max 500)
   eps = 0.000846 >= 0.0001
Iteration 105 (max 500)
   eps = 0.000813 >= 0.0001
Iteration 106 (max 500)
   eps = 0.00078 >= 0.0001
Iteration 107 (max 500)
   eps = 0.000748 >= 0.0001
Iteration 108 (max 500)
   eps = 0.000717 >= 0.0001
Iteration 109 (max 500)
   eps = 0.000687 >= 0.0001
Iteration 110 (max 500)
   eps = 0.000658 >= 0.0001
Iteration 111 (max 500)
   eps = 0.000633 >= 0.0001
Iteration 112 (max 500)
   eps = 0.000609 >= 0.0001
Iteration 113 (max 500)
   eps = 0.000587 >= 0.0001
Iteration 114 (max 500)
   eps = 0.00056 >= 0.0001
Iteration 115 (max 500)
   eps = 0.000537 >= 0.0001
Iteration 116 (max 500)
   eps = 0.000512 >= 0.0001
Iteration 117 (max 500)
   eps = 0.000489 >= 0.0001
Iteration 118 (max 500)
   eps = 0.000467 >= 0.0001
Iteration 119 (max 500)
   eps = 0.000446 >= 0.0001
Iteration 120 (max 500)
   eps = 0.000425 >= 0.0001
Iteration 121 (max 500)
   eps = 0.000408 >= 0.0001
Iteration 122 (max 500)
   eps = 0.000391 >= 0.0001
Iteration 123 (max 500)
   eps = 0.000377 >= 0.0001
Iteration 124 (max 500)
   eps = 0.000361 >= 0.0001
Iteration 125 (max 500)
   eps = 0.000346 >= 0.0001
Iteration 126 (max 500)
   eps = 0.000331 >= 0.0001
Iteration 127 (max 500)
   eps = 0.000318 >= 0.0001
Iteration 128 (max 500)
   eps = 0.000305 >= 0.0001
Iteration 129 (max 500)
   eps = 0.00029 >= 0.0001
Iteration 130 (max 500)
   eps = 0.000277 >= 0.0001
Iteration 131 (max 500)
   eps = 0.000265 >= 0.0001
Iteration 132 (max 500)
   eps = 0.000253 >= 0.0001
Iteration 133 (max 500)
   eps = 0.000242 >= 0.0001
Iteration 134 (max 500)
   eps = 0.000231 >= 0.0001
Iteration 135 (max 500)
   eps = 0.00022 >= 0.0001
Iteration 136 (max 500)
   eps = 0.00021 >= 0.0001
Iteration 137 (max 500)
   eps = 0.0002 >= 0.0001
Iteration 138 (max 500)
   eps = 0.000192 >= 0.0001
Iteration 139 (max 500)
   eps = 0.000184 >= 0.0001
Iteration 140 (max 500)
   eps = 0.000176 >= 0.0001
Iteration 141 (max 500)
   eps = 0.000168 >= 0.0001
Iteration 142 (max 500)
   eps = 0.00016 >= 0.0001
Iteration 143 (max 500)
   eps = 0.000153 >= 0.0001
Iteration 144 (max 500)
   eps = 0.000146 >= 0.0001
Iteration 145 (max 500)
   eps = 0.000139 >= 0.0001
Iteration 146 (max 500)
   eps = 0.000133 >= 0.0001
Iteration 147 (max 500)
   eps = 0.000127 >= 0.0001
Iteration 148 (max 500)
   eps = 0.000121 >= 0.0001
Iteration 149 (max 500)
   eps = 0.000116 >= 0.0001
Iteration 150 (max 500)
   eps = 0.00011 >= 0.0001
Iteration 151 (max 500)
   eps = 0.000106 >= 0.0001
Iteration 152 (max 500)
   eps = 0.000101 >= 0.0001
Iteration 153 (max 500)
Time spent by the wind speed solver: 29.201290369033813 s
Rotates geometries from -45.0 degrees
Interp succeeded!!! for tmp_file
Interp succeeded!!! for tmp_file
Interp succeeded!!! for tmp_file
Interp succeeded!!! for tmp_file
Interp succeeded!!! for tmp_file
Interp succeeded!!! for tmp_file
Rotates geometries from -45.0 degrees
Rotates geometries from -45.0 degrees
Rotates geometries from -45.0 degrees
Rotates geometries from -45.0 degrees
Rotates geometries from -45.0 degrees
Rotates geometries from -45.0 degrees
Rotates geometries from -45.0 degrees
Rotates geometries from -45.0 degrees
Rotates geometries from -45.0 degrees
Rotates geometries from -45.0 degrees
Rotates geometries from -45.0 degrees
Process 3849981: Successfully ran URock for tile output 'wind_field_raw_tile_17'.
Process 3849981: Elapsed time for URock ('wind_field_raw_tile_17'): 151.05 seconds.
[Master] Process 3849981 - Tile 17: Finished processing.
Info: Debuffered '/storage/project/r-rbasu31-0/hyu483/Test_UMEP/UROCK_output_31_spawn/temp_intermediate_files/tile_17_urock_raw_outputs/z1_5/wind_field_raw_tile_17WS.tif' to '/storage/project/r-rbasu31-0/hyu483/Test_UMEP/UROCK_output_31_spawn/urock_tiled_output/urock_wind_field_tile_17WS.tif' (original extent: (233982.59099838723, 902732.4833440109, 234182.59099838723, 902792.4786978494)).
(32, (234582.59099838723, 902132.4833440109, 234642.58635222574, 902332.4833440109), (234572.59099838723, 902122.4833440109, 234642.58635222574, 902342.4833440109), {'buildings': '/storage/project/r-rbasu31-0/hyu483/Test_UMEP/UROCK/input/building_26986.shp', 'veg': '/storage/project/r-rbasu31-0/hyu483/Test_UMEP/UROCK/input/veg_26986.shp', 'template_rast': '/storage/project/r-rbasu31-0/hyu483/Test_UMEP/UROCK/input/../DSM_26986_2.tif', 'base_output_dir': '/storage/project/r-rbasu31-0/hyu483/Test_UMEP/UROCK_output_31_spawn/urock_tiled_output'})
Info: Sliced and clipped '/storage/project/r-rbasu31-0/hyu483/Test_UMEP/UROCK/input/building_26986.shp' to '/storage/project/r-rbasu31-0/hyu483/Test_UMEP/UROCK_output_31_spawn/temp_intermediate_files/tile_32_sliced_inputs/buildings_tile_32.shp'. Copied 9 features.
Info: Sliced and clipped '/storage/project/r-rbasu31-0/hyu483/Test_UMEP/UROCK/input/veg_26986.shp' to '/storage/project/r-rbasu31-0/hyu483/Test_UMEP/UROCK_output_31_spawn/temp_intermediate_files/tile_32_sliced_inputs/veg_tile_32.shp'. Copied 11 features.
Info: Sliced '/storage/project/r-rbasu31-0/hyu483/Test_UMEP/UROCK/input/../DSM_26986_2.tif' to '/storage/project/r-rbasu31-0/hyu483/Test_UMEP/UROCK_output_31_spawn/temp_intermediate_files/tile_32_sliced_inputs/template_tile_32.tif' (Extent: (234572.59099838723, 902122.4833440109, 234642.58635222574, 902342.4833440109)).
Tile 32: Running URock...
Process 3849981: Running URock for tile output 'wind_field_raw_tile_32'...
Connecting to database
	->/tmp/URock_2025-12-21T1642182ac8c640-6d43-4fd0-84c4-6079cc61e697/myDbH2
/storage/home/hcoda1/4/hyu483/qgis_332/profiles/default/python/plugins/processing_umep/functions/URock/h2gis-standalone/h2gis-dist-2.2.3.jar
Connected!

Spatial functions added!

Load input data
Load table 'build_pre_srid_20251221164234'
Load table 'veg_pre_srid_20251221164234'
Creates blocks and stacked blocks
Rotates geometries from 45.0 degrees
Identify block base height and block cavity base
Calculates obstacle properties
Calculates zone properties
Initializes upwind facades
Update upwind facades base height
Initializes downwind facades
Calculates study area properties
Roughness zone properties are:

                                 - z0: 1.0476261589635127
                                 - d: 3.875036471214356
                                 - Hr: 15.095259224679708
                                 - H_ob_max: 24
                                 - lambda_f: 0.06940100486984127
Rotates geometries from -45.0 degrees
Rotates geometries from -45.0 degrees
Rotates geometries from -45.0 degrees
Creates displacement zones
Rotates geometries from -45.0 degrees
Rotates geometries from -45.0 degrees
Creates cavity and wake zones
Rotates geometries from -45.0 degrees
Rotates geometries from -45.0 degrees
Creates street canyon zones
Rotates geometries from -45.0 degrees
Creates rooftop zones (perpendicular and corner)
Rotates geometries from -45.0 degrees
Rotates geometries from -45.0 degrees
Creates built-up and open vegetation zones
Rotates geometries from -45.0 degrees
Rotates geometries from -45.0 degrees
Identify the buildings concerned by the impacted zone chosen by the user
Creates the grid of points
Affects each grid point to a building Rockle zone and calculates needed 
          variables for 3D wind speed
Affects each grid point to a vegetation Rockle zone and calculates 
          needed variables for 3D wind speed
Remove some of the Röckle zone points
Creates backward zones
Calculates the 3D wind speed factor value for each point of each BUILDING zone
Rotates geometries from -45.0 degrees
Rotates geometries from -45.0 degrees
Rotates geometries from -45.0 degrees
Rotates geometries from -45.0 degrees
Rotates geometries from -45.0 degrees
Rotates geometries from -45.0 degrees
Rotates geometries from -45.0 degrees
Rotates geometries from -45.0 degrees
Rotates geometries from -45.0 degrees
Calculates the 3D wind speed factor value for each point of each VEGETATION zone
Rotates geometries from -45.0 degrees
Deals with superimposition (keeps only 1 value per 3D point)
Deals with superimposition (keeps only 1 value per 3D point)
Identify upstreamer points in TEMPO_WEIGHTING table
Identify upstreamer points in TEMPO_PRIORITIES table
Identify upstreamer points in TEMPO_PRIORITIES_WEIGHT table
Deals with superimposition (keeps only 1 value per 3D point)
Identify upstreamer points in TEMPO_WEIGHTING table
Identify upstreamer points in TEMPO_PRIORITIES table
Identify upstreamer points in TEMPO_PRIORITIES_WEIGHT table
Rotates geometries from -45.0 degrees
Identify grid points intersecting buildings
Set the initial 3D wind speed field
Time spent for wind speed initialization: 79.08961367607117 s
Shape: (87, 145, 17) - Nb cells: 214455
Start to apply the wind solver
Iteration 1 (max 500)
   eps = 0.532322 >= 0.0001
Iteration 2 (max 500)
   eps = 0.363224 >= 0.0001
Iteration 3 (max 500)
   eps = 0.291104 >= 0.0001
Iteration 4 (max 500)
   eps = 0.241498 >= 0.0001
Iteration 5 (max 500)
   eps = 0.20138 >= 0.0001
Iteration 6 (max 500)
   eps = 0.165442 >= 0.0001
Iteration 7 (max 500)
   eps = 0.136097 >= 0.0001
Iteration 8 (max 500)
   eps = 0.114177 >= 0.0001
Iteration 9 (max 500)
   eps = 0.098086 >= 0.0001
Iteration 10 (max 500)
   eps = 0.087319 >= 0.0001
Iteration 11 (max 500)
   eps = 0.077153 >= 0.0001
Iteration 12 (max 500)
   eps = 0.06973 >= 0.0001
Iteration 13 (max 500)
   eps = 0.063275 >= 0.0001
Iteration 14 (max 500)
   eps = 0.057891 >= 0.0001
Iteration 15 (max 500)
   eps = 0.061272 >= 0.0001
Iteration 16 (max 500)
   eps = 0.049715 >= 0.0001
Iteration 17 (max 500)
   eps = 0.046323 >= 0.0001
Iteration 18 (max 500)
   eps = 0.0433 >= 0.0001
Iteration 19 (max 500)
   eps = 0.0404 >= 0.0001
Iteration 20 (max 500)
   eps = 0.037907 >= 0.0001
Iteration 21 (max 500)
   eps = 0.035632 >= 0.0001
Iteration 22 (max 500)
   eps = 0.033698 >= 0.0001
Iteration 23 (max 500)
   eps = 0.032054 >= 0.0001
Iteration 24 (max 500)
   eps = 0.030578 >= 0.0001
Iteration 25 (max 500)
   eps = 0.029181 >= 0.0001
Iteration 26 (max 500)
   eps = 0.027919 >= 0.0001
Iteration 27 (max 500)
   eps = 0.026733 >= 0.0001
Iteration 28 (max 500)
   eps = 0.025667 >= 0.0001
Iteration 29 (max 500)
   eps = 0.024641 >= 0.0001
Iteration 30 (max 500)
   eps = 0.023703 >= 0.0001
Iteration 31 (max 500)
   eps = 0.022624 >= 0.0001
Iteration 32 (max 500)
   eps = 0.02176 >= 0.0001
Iteration 33 (max 500)
   eps = 0.020735 >= 0.0001
Iteration 34 (max 500)
   eps = 0.019798 >= 0.0001
Iteration 35 (max 500)
   eps = 0.018931 >= 0.0001
Iteration 36 (max 500)
   eps = 0.018083 >= 0.0001
Iteration 37 (max 500)
   eps = 0.017258 >= 0.0001
Iteration 38 (max 500)
   eps = 0.01647 >= 0.0001
Iteration 39 (max 500)
   eps = 0.015679 >= 0.0001
Iteration 40 (max 500)
   eps = 0.014956 >= 0.0001
Iteration 41 (max 500)
   eps = 0.014317 >= 0.0001
Iteration 42 (max 500)
   eps = 0.013727 >= 0.0001
Iteration 43 (max 500)
   eps = 0.013148 >= 0.0001
Iteration 44 (max 500)
   eps = 0.01261 >= 0.0001
Iteration 45 (max 500)
   eps = 0.012074 >= 0.0001
Iteration 46 (max 500)
   eps = 0.011555 >= 0.0001
Iteration 47 (max 500)
   eps = 0.011039 >= 0.0001
Iteration 48 (max 500)
   eps = 0.010549 >= 0.0001
Iteration 49 (max 500)
   eps = 0.010097 >= 0.0001
Iteration 50 (max 500)
   eps = 0.009661 >= 0.0001
Iteration 51 (max 500)
   eps = 0.009242 >= 0.0001
Iteration 52 (max 500)
   eps = 0.008848 >= 0.0001
Iteration 53 (max 500)
   eps = 0.008463 >= 0.0001
Iteration 54 (max 500)
   eps = 0.008096 >= 0.0001
Iteration 55 (max 500)
   eps = 0.007742 >= 0.0001
Iteration 56 (max 500)
   eps = 0.007414 >= 0.0001
Iteration 57 (max 500)
   eps = 0.007121 >= 0.0001
Iteration 58 (max 500)
   eps = 0.006848 >= 0.0001
Iteration 59 (max 500)
   eps = 0.006607 >= 0.0001
Iteration 60 (max 500)
   eps = 0.00636 >= 0.0001
Iteration 61 (max 500)
   eps = 0.006113 >= 0.0001
Iteration 62 (max 500)
   eps = 0.005923 >= 0.0001
Iteration 63 (max 500)
   eps = 0.005696 >= 0.0001
Iteration 64 (max 500)
   eps = 0.005477 >= 0.0001
Iteration 65 (max 500)
   eps = 0.005261 >= 0.0001
Iteration 66 (max 500)
   eps = 0.005054 >= 0.0001
Iteration 67 (max 500)
   eps = 0.004865 >= 0.0001
Iteration 68 (max 500)
   eps = 0.004685 >= 0.0001
Iteration 69 (max 500)
   eps = 0.004499 >= 0.0001
Iteration 70 (max 500)
   eps = 0.004305 >= 0.0001
Iteration 71 (max 500)
   eps = 0.00413 >= 0.0001
Iteration 72 (max 500)
   eps = 0.003965 >= 0.0001
Iteration 73 (max 500)
   eps = 0.003808 >= 0.0001
Iteration 74 (max 500)
   eps = 0.003655 >= 0.0001
Iteration 75 (max 500)
   eps = 0.003505 >= 0.0001
Iteration 76 (max 500)
   eps = 0.003373 >= 0.0001
Iteration 77 (max 500)
   eps = 0.003244 >= 0.0001
Iteration 78 (max 500)
   eps = 0.003111 >= 0.0001
Iteration 79 (max 500)
   eps = 0.002978 >= 0.0001
Iteration 80 (max 500)
   eps = 0.002857 >= 0.0001
Iteration 81 (max 500)
   eps = 0.002743 >= 0.0001
Iteration 82 (max 500)
   eps = 0.002649 >= 0.0001
Iteration 83 (max 500)
   eps = 0.002544 >= 0.0001
Iteration 84 (max 500)
   eps = 0.002429 >= 0.0001
Iteration 85 (max 500)
   eps = 0.002332 >= 0.0001
Iteration 86 (max 500)
   eps = 0.002244 >= 0.0001
Iteration 87 (max 500)
   eps = 0.002154 >= 0.0001
Iteration 88 (max 500)
   eps = 0.002066 >= 0.0001
Iteration 89 (max 500)
   eps = 0.001983 >= 0.0001
Iteration 90 (max 500)
   eps = 0.001903 >= 0.0001
Iteration 91 (max 500)
   eps = 0.001827 >= 0.0001
Iteration 92 (max 500)
   eps = 0.001752 >= 0.0001
Iteration 93 (max 500)
   eps = 0.001679 >= 0.0001
Iteration 94 (max 500)
   eps = 0.001608 >= 0.0001
Iteration 95 (max 500)
   eps = 0.001542 >= 0.0001
Iteration 96 (max 500)
   eps = 0.001479 >= 0.0001
Iteration 97 (max 500)
   eps = 0.00142 >= 0.0001
Iteration 98 (max 500)
   eps = 0.001362 >= 0.0001
Iteration 99 (max 500)
   eps = 0.001313 >= 0.0001
Iteration 100 (max 500)
   eps = 0.001263 >= 0.0001
Iteration 101 (max 500)
   eps = 0.001211 >= 0.0001
Iteration 102 (max 500)
   eps = 0.001157 >= 0.0001
Iteration 103 (max 500)
   eps = 0.001106 >= 0.0001
Iteration 104 (max 500)
   eps = 0.001062 >= 0.0001
Iteration 105 (max 500)
   eps = 0.001022 >= 0.0001
Iteration 106 (max 500)
   eps = 0.000978 >= 0.0001
Iteration 107 (max 500)
   eps = 0.000935 >= 0.0001
Iteration 108 (max 500)
   eps = 0.000894 >= 0.0001
Iteration 109 (max 500)
   eps = 0.000856 >= 0.0001
Iteration 110 (max 500)
   eps = 0.000819 >= 0.0001
Iteration 111 (max 500)
   eps = 0.000783 >= 0.0001
Iteration 112 (max 500)
   eps = 0.000751 >= 0.0001
Iteration 113 (max 500)
   eps = 0.000716 >= 0.0001
Iteration 114 (max 500)
   eps = 0.000685 >= 0.0001
Iteration 115 (max 500)
   eps = 0.000657 >= 0.0001
Iteration 116 (max 500)
   eps = 0.00063 >= 0.0001
Iteration 117 (max 500)
   eps = 0.000603 >= 0.0001
Iteration 118 (max 500)
   eps = 0.000579 >= 0.0001
Iteration 119 (max 500)
   eps = 0.000556 >= 0.0001
Iteration 120 (max 500)
   eps = 0.000533 >= 0.0001
Iteration 121 (max 500)
   eps = 0.000512 >= 0.0001
Iteration 122 (max 500)
   eps = 0.00049 >= 0.0001
Iteration 123 (max 500)
   eps = 0.000469 >= 0.0001
Iteration 124 (max 500)
   eps = 0.000448 >= 0.0001
Iteration 125 (max 500)
   eps = 0.00043 >= 0.0001
Iteration 126 (max 500)
   eps = 0.000412 >= 0.0001
Iteration 127 (max 500)
   eps = 0.000394 >= 0.0001
Iteration 128 (max 500)
   eps = 0.000377 >= 0.0001
Iteration 129 (max 500)
   eps = 0.00036 >= 0.0001
Iteration 130 (max 500)
   eps = 0.000344 >= 0.0001
Iteration 131 (max 500)
   eps = 0.000329 >= 0.0001
Iteration 132 (max 500)
   eps = 0.000315 >= 0.0001
Iteration 133 (max 500)
   eps = 0.000301 >= 0.0001
Iteration 134 (max 500)
   eps = 0.00029 >= 0.0001
Iteration 135 (max 500)
   eps = 0.000277 >= 0.0001
Iteration 136 (max 500)
   eps = 0.000266 >= 0.0001
Iteration 137 (max 500)
   eps = 0.000255 >= 0.0001
Iteration 138 (max 500)
   eps = 0.000245 >= 0.0001
Iteration 139 (max 500)
   eps = 0.000234 >= 0.0001
Iteration 140 (max 500)
   eps = 0.000225 >= 0.0001
Iteration 141 (max 500)
   eps = 0.000215 >= 0.0001
Iteration 142 (max 500)
   eps = 0.000206 >= 0.0001
Iteration 143 (max 500)
   eps = 0.000197 >= 0.0001
Iteration 144 (max 500)
   eps = 0.000189 >= 0.0001
Iteration 145 (max 500)
   eps = 0.000181 >= 0.0001
Iteration 146 (max 500)
   eps = 0.000174 >= 0.0001
Iteration 147 (max 500)
   eps = 0.000166 >= 0.0001
Iteration 148 (max 500)
   eps = 0.00016 >= 0.0001
Iteration 149 (max 500)
   eps = 0.000153 >= 0.0001
Iteration 150 (max 500)
   eps = 0.000147 >= 0.0001
Iteration 151 (max 500)
   eps = 0.00014 >= 0.0001
Iteration 152 (max 500)
   eps = 0.000134 >= 0.0001
Iteration 153 (max 500)
   eps = 0.000128 >= 0.0001
Iteration 154 (max 500)
   eps = 0.000123 >= 0.0001
Iteration 155 (max 500)
   eps = 0.000117 >= 0.0001
Iteration 156 (max 500)
   eps = 0.000112 >= 0.0001
Iteration 157 (max 500)
   eps = 0.000107 >= 0.0001
Iteration 158 (max 500)
   eps = 0.000103 >= 0.0001
Iteration 159 (max 500)
Time spent by the wind speed solver: 31.487887144088745 s
Rotates geometries from -45.0 degrees
Interp succeeded!!! for tmp_file
Interp succeeded!!! for tmp_file
Interp succeeded!!! for tmp_file
Interp succeeded!!! for tmp_file
Interp succeeded!!! for tmp_file
Interp succeeded!!! for tmp_file
Rotates geometries from -45.0 degrees
Rotates geometries from -45.0 degrees
Rotates geometries from -45.0 degrees
Rotates geometries from -45.0 degrees
Rotates geometries from -45.0 degrees
Rotates geometries from -45.0 degrees
Rotates geometries from -45.0 degrees
Rotates geometries from -45.0 degrees
Rotates geometries from -45.0 degrees
Rotates geometries from -45.0 degrees
Rotates geometries from -45.0 degrees
Process 3849967: Successfully ran URock for tile output 'wind_field_raw_tile_23'.
Process 3849967: Elapsed time for URock ('wind_field_raw_tile_23'): 153.92 seconds.
Connecting to database
	->/tmp/URock_2025-12-21T1642192fc20308-20da-4c19-b109-4a16fc4ddc84/myDbH2
/storage/home/hcoda1/4/hyu483/qgis_332/profiles/default/python/plugins/processing_umep/functions/URock/h2gis-standalone/h2gis-dist-2.2.3.jar
Connected!

Spatial functions added!

Load input data
Load table 'build_pre_srid_20251221164239'
Load table 'veg_pre_srid_20251221164239'
Creates blocks and stacked blocks
Rotates geometries from 45.0 degrees
Identify block base height and block cavity base
Calculates obstacle properties
Calculates zone properties
Initializes upwind facades
Update upwind facades base height
Initializes downwind facades
Calculates study area properties
Roughness zone properties are:

                                 - z0: 1.3288187517910028
                                 - d: 5.77288971149778
                                 - Hr: 12.284907386821883
                                 - H_ob_max: 17
                                 - lambda_f: 0.1081667700007602
Rotates geometries from -45.0 degrees
Rotates geometries from -45.0 degrees
Rotates geometries from -45.0 degrees
Creates displacement zones
Rotates geometries from -45.0 degrees
Rotates geometries from -45.0 degrees
Creates cavity and wake zones
Rotates geometries from -45.0 degrees
Rotates geometries from -45.0 degrees
Creates street canyon zones
Rotates geometries from -45.0 degrees
Creates rooftop zones (perpendicular and corner)
Rotates geometries from -45.0 degrees
Rotates geometries from -45.0 degrees
Creates built-up and open vegetation zones
Rotates geometries from -45.0 degrees
Rotates geometries from -45.0 degrees
Identify the buildings concerned by the impacted zone chosen by the user
Creates the grid of points
Affects each grid point to a building Rockle zone and calculates needed 
          variables for 3D wind speed
Affects each grid point to a vegetation Rockle zone and calculates 
          needed variables for 3D wind speed
Remove some of the Röckle zone points
Creates backward zones
Calculates the 3D wind speed factor value for each point of each BUILDING zone
Rotates geometries from -45.0 degrees
Rotates geometries from -45.0 degrees
Rotates geometries from -45.0 degrees
Rotates geometries from -45.0 degrees
Rotates geometries from -45.0 degrees
Rotates geometries from -45.0 degrees
Rotates geometries from -45.0 degrees
Rotates geometries from -45.0 degrees
Rotates geometries from -45.0 degrees
Calculates the 3D wind speed factor value for each point of each VEGETATION zone
Rotates geometries from -45.0 degrees
Deals with superimposition (keeps only 1 value per 3D point)
Deals with superimposition (keeps only 1 value per 3D point)
Identify upstreamer points in TEMPO_WEIGHTING table
Identify upstreamer points in TEMPO_PRIORITIES table
Identify upstreamer points in TEMPO_PRIORITIES_WEIGHT table
Deals with superimposition (keeps only 1 value per 3D point)
Identify upstreamer points in TEMPO_WEIGHTING table
Identify upstreamer points in TEMPO_PRIORITIES table
Identify upstreamer points in TEMPO_PRIORITIES_WEIGHT table
Rotates geometries from -45.0 degrees
Identify grid points intersecting buildings
Set the initial 3D wind speed field
Time spent for wind speed initialization: 89.03099584579468 s
Shape: (83, 130, 17) - Nb cells: 183430
Start to apply the wind solver
Iteration 1 (max 500)
   eps = 0.521988 >= 0.0001
Iteration 2 (max 500)
   eps = 0.368876 >= 0.0001
Iteration 3 (max 500)
   eps = 0.301928 >= 0.0001
Iteration 4 (max 500)
   eps = 0.24866 >= 0.0001
Iteration 5 (max 500)
   eps = 0.205963 >= 0.0001
Iteration 6 (max 500)
   eps = 0.165608 >= 0.0001
Iteration 7 (max 500)
   eps = 0.137016 >= 0.0001
Iteration 8 (max 500)
   eps = 0.116658 >= 0.0001
Iteration 9 (max 500)
   eps = 0.101959 >= 0.0001
Iteration 10 (max 500)
   eps = 0.090779 >= 0.0001
Iteration 11 (max 500)
   eps = 0.081431 >= 0.0001
Iteration 12 (max 500)
   eps = 0.074114 >= 0.0001
Iteration 13 (max 500)
   eps = 0.067691 >= 0.0001
Iteration 14 (max 500)
   eps = 0.061719 >= 0.0001
Iteration 15 (max 500)
   eps = 0.06541 >= 0.0001
Iteration 16 (max 500)
   eps = 0.052897 >= 0.0001
Iteration 17 (max 500)
   eps = 0.047926 >= 0.0001
Iteration 18 (max 500)
   eps = 0.044188 >= 0.0001
Iteration 19 (max 500)
   eps = 0.0413 >= 0.0001
Iteration 20 (max 500)
   eps = 0.038884 >= 0.0001
Iteration 21 (max 500)
   eps = 0.036655 >= 0.0001
Iteration 22 (max 500)
   eps = 0.034419 >= 0.0001
Iteration 23 (max 500)
   eps = 0.032565 >= 0.0001
Iteration 24 (max 500)
   eps = 0.031024 >= 0.0001
Iteration 25 (max 500)
   eps = 0.029549 >= 0.0001
Iteration 26 (max 500)
   eps = 0.028155 >= 0.0001
Iteration 27 (max 500)
   eps = 0.026857 >= 0.0001
Iteration 28 (max 500)
   eps = 0.025535 >= 0.0001
Iteration 29 (max 500)
   eps = 0.024294 >= 0.0001
Iteration 30 (max 500)
   eps = 0.023081 >= 0.0001
Iteration 31 (max 500)
   eps = 0.02205 >= 0.0001
Iteration 32 (max 500)
   eps = 0.02106 >= 0.0001
Iteration 33 (max 500)
   eps = 0.020225 >= 0.0001
Iteration 34 (max 500)
   eps = 0.019338 >= 0.0001
Iteration 35 (max 500)
   eps = 0.018548 >= 0.0001
Iteration 36 (max 500)
   eps = 0.017737 >= 0.0001
Iteration 37 (max 500)
   eps = 0.016987 >= 0.0001
Iteration 38 (max 500)
   eps = 0.016218 >= 0.0001
Iteration 39 (max 500)
   eps = 0.015466 >= 0.0001
Iteration 40 (max 500)
   eps = 0.014753 >= 0.0001
Iteration 41 (max 500)
   eps = 0.014135 >= 0.0001
Iteration 42 (max 500)
   eps = 0.013491 >= 0.0001
Iteration 43 (max 500)
   eps = 0.012853 >= 0.0001
Iteration 44 (max 500)
   eps = 0.012283 >= 0.0001
Iteration 45 (max 500)
   eps = 0.011766 >= 0.0001
Iteration 46 (max 500)
   eps = 0.011275 >= 0.0001
Iteration 47 (max 500)
   eps = 0.010814 >= 0.0001
Iteration 48 (max 500)
   eps = 0.010389 >= 0.0001
Iteration 49 (max 500)
   eps = 0.009961 >= 0.0001
Iteration 50 (max 500)
   eps = 0.009541 >= 0.0001
Iteration 51 (max 500)
   eps = 0.009141 >= 0.0001
Iteration 52 (max 500)
   eps = 0.008756 >= 0.0001
Iteration 53 (max 500)
   eps = 0.008396 >= 0.0001
Iteration 54 (max 500)
   eps = 0.00806 >= 0.0001
Iteration 55 (max 500)
   eps = 0.007725 >= 0.0001
Iteration 56 (max 500)
   eps = 0.007383 >= 0.0001
Iteration 57 (max 500)
   eps = 0.007059 >= 0.0001
Iteration 58 (max 500)
   eps = 0.006754 >= 0.0001
Iteration 59 (max 500)
   eps = 0.006463 >= 0.0001
Iteration 60 (max 500)
   eps = 0.006188 >= 0.0001
Iteration 61 (max 500)
   eps = 0.00592 >= 0.0001
Iteration 62 (max 500)
   eps = 0.005646 >= 0.0001
Iteration 63 (max 500)
   eps = 0.005376 >= 0.0001
Iteration 64 (max 500)
   eps = 0.00514 >= 0.0001
Iteration 65 (max 500)
   eps = 0.004893 >= 0.0001
Iteration 66 (max 500)
   eps = 0.004679 >= 0.0001
Iteration 67 (max 500)
   eps = 0.004466 >= 0.0001
Iteration 68 (max 500)
   eps = 0.004283 >= 0.0001
Iteration 69 (max 500)
   eps = 0.00409 >= 0.0001
Iteration 70 (max 500)
   eps = 0.00391 >= 0.0001
Iteration 71 (max 500)
   eps = 0.00374 >= 0.0001
Iteration 72 (max 500)
   eps = 0.003568 >= 0.0001
Iteration 73 (max 500)
   eps = 0.0034 >= 0.0001
Iteration 74 (max 500)
   eps = 0.003258 >= 0.0001
Iteration 75 (max 500)
   eps = 0.003113 >= 0.0001
Iteration 76 (max 500)
   eps = 0.002979 >= 0.0001
Iteration 77 (max 500)
   eps = 0.002839 >= 0.0001
Iteration 78 (max 500)
   eps = 0.002716 >= 0.0001
Iteration 79 (max 500)
   eps = 0.002587 >= 0.0001
Iteration 80 (max 500)
   eps = 0.002473 >= 0.0001
Iteration 81 (max 500)
   eps = 0.002372 >= 0.0001
Iteration 82 (max 500)
   eps = 0.002266 >= 0.0001
Iteration 83 (max 500)
   eps = 0.002158 >= 0.0001
Iteration 84 (max 500)
   eps = 0.002062 >= 0.0001
Iteration 85 (max 500)
   eps = 0.001963 >= 0.0001
Iteration 86 (max 500)
   eps = 0.001874 >= 0.0001
Iteration 87 (max 500)
   eps = 0.001793 >= 0.0001
Iteration 88 (max 500)
   eps = 0.00171 >= 0.0001
Iteration 89 (max 500)
   eps = 0.001629 >= 0.0001
Iteration 90 (max 500)
   eps = 0.001546 >= 0.0001
Iteration 91 (max 500)
   eps = 0.001472 >= 0.0001
Iteration 92 (max 500)
   eps = 0.001404 >= 0.0001
Iteration 93 (max 500)
   eps = 0.001333 >= 0.0001
Iteration 94 (max 500)
   eps = 0.001278 >= 0.0001
Iteration 95 (max 500)
   eps = 0.001225 >= 0.0001
Iteration 96 (max 500)
   eps = 0.001169 >= 0.0001
Iteration 97 (max 500)
   eps = 0.001117 >= 0.0001
Iteration 98 (max 500)
   eps = 0.001065 >= 0.0001
Iteration 99 (max 500)
   eps = 0.00101 >= 0.0001
Iteration 100 (max 500)
   eps = 0.000961 >= 0.0001
Iteration 101 (max 500)
   eps = 0.000914 >= 0.0001
Iteration 102 (max 500)
   eps = 0.000871 >= 0.0001
Iteration 103 (max 500)
   eps = 0.000827 >= 0.0001
Iteration 104 (max 500)
   eps = 0.000788 >= 0.0001
Iteration 105 (max 500)
   eps = 0.000749 >= 0.0001
Iteration 106 (max 500)
   eps = 0.000715 >= 0.0001
Iteration 107 (max 500)
   eps = 0.000683 >= 0.0001
Iteration 108 (max 500)
   eps = 0.000648 >= 0.0001
Iteration 109 (max 500)
   eps = 0.000613 >= 0.0001
Iteration 110 (max 500)
   eps = 0.000579 >= 0.0001
Iteration 111 (max 500)
   eps = 0.000548 >= 0.0001
Iteration 112 (max 500)
   eps = 0.000517 >= 0.0001
Iteration 113 (max 500)
   eps = 0.000498 >= 0.0001
Iteration 114 (max 500)
   eps = 0.000474 >= 0.0001
Iteration 115 (max 500)
   eps = 0.000451 >= 0.0001
Iteration 116 (max 500)
   eps = 0.000427 >= 0.0001
Iteration 117 (max 500)
   eps = 0.000406 >= 0.0001
Iteration 118 (max 500)
   eps = 0.000392 >= 0.0001
Iteration 119 (max 500)
   eps = 0.000377 >= 0.0001
Iteration 120 (max 500)
   eps = 0.000364 >= 0.0001
Iteration 121 (max 500)
   eps = 0.000346 >= 0.0001
Iteration 122 (max 500)
   eps = 0.000326 >= 0.0001
Iteration 123 (max 500)
   eps = 0.000307 >= 0.0001
Iteration 124 (max 500)
   eps = 0.000292 >= 0.0001
Iteration 125 (max 500)
   eps = 0.000275 >= 0.0001
Iteration 126 (max 500)
   eps = 0.00026 >= 0.0001
Iteration 127 (max 500)
   eps = 0.000247 >= 0.0001
Iteration 128 (max 500)
   eps = 0.000234 >= 0.0001
Iteration 129 (max 500)
   eps = 0.000222 >= 0.0001
Iteration 130 (max 500)
   eps = 0.000212 >= 0.0001
Iteration 131 (max 500)
   eps = 0.000203 >= 0.0001
Iteration 132 (max 500)
   eps = 0.000194 >= 0.0001
Iteration 133 (max 500)
   eps = 0.000185 >= 0.0001
Iteration 134 (max 500)
   eps = 0.000176 >= 0.0001
Iteration 135 (max 500)
   eps = 0.000167 >= 0.0001
Iteration 136 (max 500)
   eps = 0.000158 >= 0.0001
Iteration 137 (max 500)
   eps = 0.00015 >= 0.0001
Iteration 138 (max 500)
   eps = 0.000142 >= 0.0001
Iteration 139 (max 500)
   eps = 0.000135 >= 0.0001
Iteration 140 (max 500)
   eps = 0.000129 >= 0.0001
Iteration 141 (max 500)
   eps = 0.000122 >= 0.0001
Iteration 142 (max 500)
   eps = 0.000116 >= 0.0001
Iteration 143 (max 500)
   eps = 0.00011 >= 0.0001
Iteration 144 (max 500)
   eps = 0.000105 >= 0.0001
Iteration 145 (max 500)
Time spent by the wind speed solver: 19.479847192764282 s
Rotates geometries from -45.0 degrees
Interp succeeded!!! for tmp_file
Interp succeeded!!! for tmp_file
Interp succeeded!!! for tmp_file
Interp succeeded!!! for tmp_file
Interp succeeded!!! for tmp_file
Interp succeeded!!! for tmp_file
Rotates geometries from -45.0 degrees
Rotates geometries from -45.0 degrees
Rotates geometries from -45.0 degrees
Rotates geometries from -45.0 degrees
Rotates geometries from -45.0 degrees
Rotates geometries from -45.0 degrees
Rotates geometries from -45.0 degrees
Rotates geometries from -45.0 degrees
Rotates geometries from -45.0 degrees
Rotates geometries from -45.0 degrees
Rotates geometries from -45.0 degrees
Process 3849984: Successfully ran URock for tile output 'wind_field_raw_tile_11'.
Process 3849984: Elapsed time for URock ('wind_field_raw_tile_11'): 154.25 seconds.
[Master] Process 3849967 - Tile 23: Finished processing.
Info: Debuffered '/storage/project/r-rbasu31-0/hyu483/Test_UMEP/UROCK_output_31_spawn/temp_intermediate_files/tile_23_urock_raw_outputs/z1_5/wind_field_raw_tile_23WS.tif' to '/storage/project/r-rbasu31-0/hyu483/Test_UMEP/UROCK_output_31_spawn/urock_tiled_output/urock_wind_field_tile_23WS.tif' (original extent: (234182.59099838723, 902732.4833440109, 234382.59099838723, 902792.4786978494)).
(33, (234582.59099838723, 902332.4833440109, 234642.58635222574, 902532.4833440109), (234572.59099838723, 902322.4833440109, 234642.58635222574, 902542.4833440109), {'buildings': '/storage/project/r-rbasu31-0/hyu483/Test_UMEP/UROCK/input/building_26986.shp', 'veg': '/storage/project/r-rbasu31-0/hyu483/Test_UMEP/UROCK/input/veg_26986.shp', 'template_rast': '/storage/project/r-rbasu31-0/hyu483/Test_UMEP/UROCK/input/../DSM_26986_2.tif', 'base_output_dir': '/storage/project/r-rbasu31-0/hyu483/Test_UMEP/UROCK_output_31_spawn/urock_tiled_output'})
Info: Sliced and clipped '/storage/project/r-rbasu31-0/hyu483/Test_UMEP/UROCK/input/building_26986.shp' to '/storage/project/r-rbasu31-0/hyu483/Test_UMEP/UROCK_output_31_spawn/temp_intermediate_files/tile_33_sliced_inputs/buildings_tile_33.shp'. Copied 14 features.
Info: Sliced and clipped '/storage/project/r-rbasu31-0/hyu483/Test_UMEP/UROCK/input/veg_26986.shp' to '/storage/project/r-rbasu31-0/hyu483/Test_UMEP/UROCK_output_31_spawn/temp_intermediate_files/tile_33_sliced_inputs/veg_tile_33.shp'. Copied 12 features.
Info: Sliced '/storage/project/r-rbasu31-0/hyu483/Test_UMEP/UROCK/input/../DSM_26986_2.tif' to '/storage/project/r-rbasu31-0/hyu483/Test_UMEP/UROCK_output_31_spawn/temp_intermediate_files/tile_33_sliced_inputs/template_tile_33.tif' (Extent: (234572.59099838723, 902322.4833440109, 234642.58635222574, 902542.4833440109)).
Tile 33: Running URock...
Process 3849967: Running URock for tile output 'wind_field_raw_tile_33'...
[Master] Process 3849984 - Tile 11: Finished processing.
Info: Debuffered '/storage/project/r-rbasu31-0/hyu483/Test_UMEP/UROCK_output_31_spawn/temp_intermediate_files/tile_11_urock_raw_outputs/z1_5/wind_field_raw_tile_11WS.tif' to '/storage/project/r-rbasu31-0/hyu483/Test_UMEP/UROCK_output_31_spawn/urock_tiled_output/urock_wind_field_tile_11WS.tif' (original extent: (233782.59099838723, 902732.4833440109, 233982.59099838723, 902792.4786978494)).
(34, (234582.59099838723, 902532.4833440109, 234642.58635222574, 902732.4833440109), (234572.59099838723, 902522.4833440109, 234642.58635222574, 902742.4833440109), {'buildings': '/storage/project/r-rbasu31-0/hyu483/Test_UMEP/UROCK/input/building_26986.shp', 'veg': '/storage/project/r-rbasu31-0/hyu483/Test_UMEP/UROCK/input/veg_26986.shp', 'template_rast': '/storage/project/r-rbasu31-0/hyu483/Test_UMEP/UROCK/input/../DSM_26986_2.tif', 'base_output_dir': '/storage/project/r-rbasu31-0/hyu483/Test_UMEP/UROCK_output_31_spawn/urock_tiled_output'})
Info: Sliced and clipped '/storage/project/r-rbasu31-0/hyu483/Test_UMEP/UROCK/input/building_26986.shp' to '/storage/project/r-rbasu31-0/hyu483/Test_UMEP/UROCK_output_31_spawn/temp_intermediate_files/tile_34_sliced_inputs/buildings_tile_34.shp'. Copied 4 features.
Info: Sliced and clipped '/storage/project/r-rbasu31-0/hyu483/Test_UMEP/UROCK/input/veg_26986.shp' to '/storage/project/r-rbasu31-0/hyu483/Test_UMEP/UROCK_output_31_spawn/temp_intermediate_files/tile_34_sliced_inputs/veg_tile_34.shp'. Copied 1 features.
Info: Sliced '/storage/project/r-rbasu31-0/hyu483/Test_UMEP/UROCK/input/../DSM_26986_2.tif' to '/storage/project/r-rbasu31-0/hyu483/Test_UMEP/UROCK_output_31_spawn/temp_intermediate_files/tile_34_sliced_inputs/template_tile_34.tif' (Extent: (234572.59099838723, 902522.4833440109, 234642.58635222574, 902742.4833440109)).
Tile 34: Running URock...
Process 3849984: Running URock for tile output 'wind_field_raw_tile_34'...
Connecting to database
	->/tmp/URock_2025-12-21T16421829b03d3a-f1d6-40ef-9c70-baf455a3222c/myDbH2
/storage/home/hcoda1/4/hyu483/qgis_332/profiles/default/python/plugins/processing_umep/functions/URock/h2gis-standalone/h2gis-dist-2.2.3.jar
Connected!

Spatial functions added!

Load input data
Load table 'build_pre_srid_20251221164235'
Load table 'veg_pre_srid_20251221164235'
Creates blocks and stacked blocks
Rotates geometries from 45.0 degrees
Identify block base height and block cavity base
Calculates obstacle properties
Calculates zone properties
Initializes upwind facades
Update upwind facades base height
Initializes downwind facades
Calculates study area properties
Roughness zone properties are:

                                 - z0: 1.3862729041693553
                                 - d: 6.320556003166872
                                 - Hr: 10.43155975811666
                                 - H_ob_max: 26
                                 - lambda_f: 0.13289219793719867
Rotates geometries from -45.0 degrees
Rotates geometries from -45.0 degrees
Rotates geometries from -45.0 degrees
Creates displacement zones
Rotates geometries from -45.0 degrees
Rotates geometries from -45.0 degrees
Creates cavity and wake zones
Rotates geometries from -45.0 degrees
Rotates geometries from -45.0 degrees
Creates street canyon zones
Rotates geometries from -45.0 degrees
Creates rooftop zones (perpendicular and corner)
Rotates geometries from -45.0 degrees
Rotates geometries from -45.0 degrees
Creates built-up and open vegetation zones
Rotates geometries from -45.0 degrees
Rotates geometries from -45.0 degrees
Identify the buildings concerned by the impacted zone chosen by the user
Creates the grid of points
Affects each grid point to a building Rockle zone and calculates needed 
          variables for 3D wind speed
Affects each grid point to a vegetation Rockle zone and calculates 
          needed variables for 3D wind speed
Remove some of the Röckle zone points
Creates backward zones
Calculates the 3D wind speed factor value for each point of each BUILDING zone
Rotates geometries from -45.0 degrees
Rotates geometries from -45.0 degrees
Rotates geometries from -45.0 degrees
Rotates geometries from -45.0 degrees
Rotates geometries from -45.0 degrees
Rotates geometries from -45.0 degrees
Rotates geometries from -45.0 degrees
Rotates geometries from -45.0 degrees
Rotates geometries from -45.0 degrees
Calculates the 3D wind speed factor value for each point of each VEGETATION zone
Rotates geometries from -45.0 degrees
Deals with superimposition (keeps only 1 value per 3D point)
Deals with superimposition (keeps only 1 value per 3D point)
Identify upstreamer points in TEMPO_WEIGHTING table
Identify upstreamer points in TEMPO_PRIORITIES table
Identify upstreamer points in TEMPO_PRIORITIES_WEIGHT table
Deals with superimposition (keeps only 1 value per 3D point)
Identify upstreamer points in TEMPO_WEIGHTING table
Identify upstreamer points in TEMPO_PRIORITIES table
Identify upstreamer points in TEMPO_PRIORITIES_WEIGHT table
Rotates geometries from -45.0 degrees
Identify grid points intersecting buildings
Set the initial 3D wind speed field
Time spent for wind speed initialization: 100.2486674785614 s
Shape: (123, 132, 19) - Nb cells: 308484
Start to apply the wind solver
Iteration 1 (max 500)
   eps = 0.539941 >= 0.0001
Iteration 2 (max 500)
   eps = 0.377604 >= 0.0001
Iteration 3 (max 500)
   eps = 0.305743 >= 0.0001
Iteration 4 (max 500)
   eps = 0.250661 >= 0.0001
Iteration 5 (max 500)
   eps = 0.211713 >= 0.0001
Iteration 6 (max 500)
   eps = 0.180612 >= 0.0001
Iteration 7 (max 500)
   eps = 0.154117 >= 0.0001
Iteration 8 (max 500)
   eps = 0.130168 >= 0.0001
Iteration 9 (max 500)
   eps = 0.111203 >= 0.0001
Iteration 10 (max 500)
   eps = 0.097094 >= 0.0001
Iteration 11 (max 500)
   eps = 0.086215 >= 0.0001
Iteration 12 (max 500)
   eps = 0.078282 >= 0.0001
Iteration 13 (max 500)
   eps = 0.071776 >= 0.0001
Iteration 14 (max 500)
   eps = 0.066665 >= 0.0001
Iteration 15 (max 500)
   eps = 0.062033 >= 0.0001
Iteration 16 (max 500)
   eps = 0.0581 >= 0.0001
Iteration 17 (max 500)
   eps = 0.064325 >= 0.0001
Iteration 18 (max 500)
   eps = 0.053739 >= 0.0001
Iteration 19 (max 500)
   eps = 0.050212 >= 0.0001
Iteration 20 (max 500)
   eps = 0.047933 >= 0.0001
Iteration 21 (max 500)
   eps = 0.04607 >= 0.0001
Iteration 22 (max 500)
   eps = 0.044548 >= 0.0001
Iteration 23 (max 500)
   eps = 0.043005 >= 0.0001
Iteration 24 (max 500)
   eps = 0.041643 >= 0.0001
Iteration 25 (max 500)
   eps = 0.040221 >= 0.0001
Iteration 26 (max 500)
   eps = 0.038892 >= 0.0001
Iteration 27 (max 500)
   eps = 0.037493 >= 0.0001
Iteration 28 (max 500)
   eps = 0.036156 >= 0.0001
Iteration 29 (max 500)
   eps = 0.03479 >= 0.0001
Iteration 30 (max 500)
   eps = 0.033532 >= 0.0001
Iteration 31 (max 500)
   eps = 0.032422 >= 0.0001
Iteration 32 (max 500)
   eps = 0.031358 >= 0.0001
Iteration 33 (max 500)
   eps = 0.030356 >= 0.0001
Iteration 34 (max 500)
   eps = 0.029489 >= 0.0001
Iteration 35 (max 500)
   eps = 0.028653 >= 0.0001
Iteration 36 (max 500)
   eps = 0.027914 >= 0.0001
Iteration 37 (max 500)
   eps = 0.027136 >= 0.0001
Iteration 38 (max 500)
   eps = 0.026286 >= 0.0001
Iteration 39 (max 500)
   eps = 0.025345 >= 0.0001
Iteration 40 (max 500)
   eps = 0.024411 >= 0.0001
Iteration 41 (max 500)
   eps = 0.023486 >= 0.0001
Iteration 42 (max 500)
   eps = 0.022624 >= 0.0001
Iteration 43 (max 500)
   eps = 0.021817 >= 0.0001
Iteration 44 (max 500)
   eps = 0.021116 >= 0.0001
Iteration 45 (max 500)
   eps = 0.020389 >= 0.0001
Iteration 46 (max 500)
   eps = 0.01966 >= 0.0001
Iteration 47 (max 500)
   eps = 0.018989 >= 0.0001
Iteration 48 (max 500)
   eps = 0.018353 >= 0.0001
Iteration 49 (max 500)
   eps = 0.017715 >= 0.0001
Iteration 50 (max 500)
   eps = 0.017086 >= 0.0001
Iteration 51 (max 500)
   eps = 0.016572 >= 0.0001
Iteration 52 (max 500)
   eps = 0.016023 >= 0.0001
Iteration 53 (max 500)
   eps = 0.015526 >= 0.0001
Iteration 54 (max 500)
   eps = 0.015045 >= 0.0001
Iteration 55 (max 500)
   eps = 0.01457 >= 0.0001
Iteration 56 (max 500)
   eps = 0.01409 >= 0.0001
Iteration 57 (max 500)
   eps = 0.013629 >= 0.0001
Iteration 58 (max 500)
   eps = 0.013205 >= 0.0001
Iteration 59 (max 500)
   eps = 0.012796 >= 0.0001
Iteration 60 (max 500)
   eps = 0.012372 >= 0.0001
Iteration 61 (max 500)
   eps = 0.011952 >= 0.0001
Iteration 62 (max 500)
   eps = 0.011502 >= 0.0001
Iteration 63 (max 500)
   eps = 0.011136 >= 0.0001
Iteration 64 (max 500)
   eps = 0.010793 >= 0.0001
Iteration 65 (max 500)
   eps = 0.010452 >= 0.0001
Iteration 66 (max 500)
   eps = 0.010095 >= 0.0001
Iteration 67 (max 500)
   eps = 0.009761 >= 0.0001
Iteration 68 (max 500)
   eps = 0.00945 >= 0.0001
Iteration 69 (max 500)
   eps = 0.009152 >= 0.0001
Iteration 70 (max 500)
   eps = 0.008863 >= 0.0001
Iteration 71 (max 500)
   eps = 0.0086 >= 0.0001
Iteration 72 (max 500)
   eps = 0.008357 >= 0.0001
Iteration 73 (max 500)
   eps = 0.008068 >= 0.0001
Iteration 74 (max 500)
   eps = 0.007994 >= 0.0001
Iteration 75 (max 500)
   eps = 0.007839 >= 0.0001
Iteration 76 (max 500)
   eps = 0.007562 >= 0.0001
Iteration 77 (max 500)
   eps = 0.007307 >= 0.0001
Iteration 78 (max 500)
   eps = 0.006976 >= 0.0001
Iteration 79 (max 500)
   eps = 0.006711 >= 0.0001
Iteration 80 (max 500)
   eps = 0.00646 >= 0.0001
Iteration 81 (max 500)
   eps = 0.006236 >= 0.0001
Iteration 82 (max 500)
   eps = 0.006045 >= 0.0001
Iteration 83 (max 500)
   eps = 0.005854 >= 0.0001
Iteration 84 (max 500)
   eps = 0.005668 >= 0.0001
Iteration 85 (max 500)
   eps = 0.005478 >= 0.0001
Iteration 86 (max 500)
   eps = 0.005309 >= 0.0001
Iteration 87 (max 500)
   eps = 0.00514 >= 0.0001
Iteration 88 (max 500)
   eps = 0.00496 >= 0.0001
Iteration 89 (max 500)
   eps = 0.004795 >= 0.0001
Iteration 90 (max 500)
   eps = 0.004638 >= 0.0001
Iteration 91 (max 500)
   eps = 0.004503 >= 0.0001
Iteration 92 (max 500)
   eps = 0.004334 >= 0.0001
Iteration 93 (max 500)
   eps = 0.004164 >= 0.0001
Iteration 94 (max 500)
   eps = 0.004006 >= 0.0001
Iteration 95 (max 500)
   eps = 0.00385 >= 0.0001
Iteration 96 (max 500)
   eps = 0.003711 >= 0.0001
Iteration 97 (max 500)
   eps = 0.003571 >= 0.0001
Iteration 98 (max 500)
   eps = 0.00345 >= 0.0001
Iteration 99 (max 500)
   eps = 0.003332 >= 0.0001
Iteration 100 (max 500)
   eps = 0.003217 >= 0.0001
Iteration 101 (max 500)
   eps = 0.003105 >= 0.0001
Iteration 102 (max 500)
   eps = 0.003011 >= 0.0001
Iteration 103 (max 500)
   eps = 0.002916 >= 0.0001
Iteration 104 (max 500)
   eps = 0.002818 >= 0.0001
Iteration 105 (max 500)
   eps = 0.002716 >= 0.0001
Iteration 106 (max 500)
   eps = 0.002615 >= 0.0001
Iteration 107 (max 500)
   eps = 0.002515 >= 0.0001
Iteration 108 (max 500)
   eps = 0.002419 >= 0.0001
Iteration 109 (max 500)
   eps = 0.002335 >= 0.0001
Iteration 110 (max 500)
   eps = 0.002252 >= 0.0001
Iteration 111 (max 500)
   eps = 0.002173 >= 0.0001
Iteration 112 (max 500)
   eps = 0.002095 >= 0.0001
Iteration 113 (max 500)
   eps = 0.002019 >= 0.0001
Iteration 114 (max 500)
   eps = 0.00195 >= 0.0001
Iteration 115 (max 500)
   eps = 0.00188 >= 0.0001
Iteration 116 (max 500)
   eps = 0.001809 >= 0.0001
Iteration 117 (max 500)
   eps = 0.001744 >= 0.0001
Iteration 118 (max 500)
   eps = 0.001683 >= 0.0001
Iteration 119 (max 500)
   eps = 0.001624 >= 0.0001
Iteration 120 (max 500)
   eps = 0.001565 >= 0.0001
Iteration 121 (max 500)
   eps = 0.001507 >= 0.0001
Iteration 122 (max 500)
   eps = 0.001447 >= 0.0001
Iteration 123 (max 500)
   eps = 0.001393 >= 0.0001
Iteration 124 (max 500)
   eps = 0.001343 >= 0.0001
Iteration 125 (max 500)
   eps = 0.001291 >= 0.0001
Iteration 126 (max 500)
   eps = 0.001245 >= 0.0001
Iteration 127 (max 500)
   eps = 0.001201 >= 0.0001
Iteration 128 (max 500)
   eps = 0.001159 >= 0.0001
Iteration 129 (max 500)
   eps = 0.001123 >= 0.0001
Iteration 130 (max 500)
   eps = 0.001088 >= 0.0001
Iteration 131 (max 500)
   eps = 0.001052 >= 0.0001
Iteration 132 (max 500)
   eps = 0.001017 >= 0.0001
Iteration 133 (max 500)
   eps = 0.000975 >= 0.0001
Iteration 134 (max 500)
   eps = 0.000937 >= 0.0001
Iteration 135 (max 500)
   eps = 0.000904 >= 0.0001
Iteration 136 (max 500)
   eps = 0.00087 >= 0.0001
Iteration 137 (max 500)
   eps = 0.000835 >= 0.0001
Iteration 138 (max 500)
   eps = 0.000803 >= 0.0001
Iteration 139 (max 500)
   eps = 0.000769 >= 0.0001
Iteration 140 (max 500)
   eps = 0.000735 >= 0.0001
Iteration 141 (max 500)
   eps = 0.000708 >= 0.0001
Iteration 142 (max 500)
   eps = 0.000684 >= 0.0001
Iteration 143 (max 500)
   eps = 0.000659 >= 0.0001
Iteration 144 (max 500)
   eps = 0.000636 >= 0.0001
Iteration 145 (max 500)
   eps = 0.000612 >= 0.0001
Iteration 146 (max 500)
   eps = 0.000591 >= 0.0001
Iteration 147 (max 500)
   eps = 0.000572 >= 0.0001
Iteration 148 (max 500)
   eps = 0.000551 >= 0.0001
Iteration 149 (max 500)
   eps = 0.000524 >= 0.0001
Iteration 150 (max 500)
   eps = 0.000506 >= 0.0001
Iteration 151 (max 500)
   eps = 0.000492 >= 0.0001
Iteration 152 (max 500)
   eps = 0.00047 >= 0.0001
Iteration 153 (max 500)
   eps = 0.000448 >= 0.0001
Iteration 154 (max 500)
   eps = 0.000436 >= 0.0001
Iteration 155 (max 500)
   eps = 0.00042 >= 0.0001
Iteration 156 (max 500)
   eps = 0.000403 >= 0.0001
Iteration 157 (max 500)
   eps = 0.000386 >= 0.0001
Iteration 158 (max 500)
   eps = 0.000373 >= 0.0001
Iteration 159 (max 500)
   eps = 0.000361 >= 0.0001
Iteration 160 (max 500)
   eps = 0.000347 >= 0.0001
Iteration 161 (max 500)
   eps = 0.000333 >= 0.0001
Iteration 162 (max 500)
   eps = 0.000318 >= 0.0001
Iteration 163 (max 500)
   eps = 0.000307 >= 0.0001
Iteration 164 (max 500)
   eps = 0.000296 >= 0.0001
Iteration 165 (max 500)
   eps = 0.000285 >= 0.0001
Iteration 166 (max 500)
   eps = 0.000275 >= 0.0001
Iteration 167 (max 500)
   eps = 0.000265 >= 0.0001
Iteration 168 (max 500)
   eps = 0.000255 >= 0.0001
Iteration 169 (max 500)
   eps = 0.000244 >= 0.0001
Iteration 170 (max 500)
   eps = 0.000234 >= 0.0001
Iteration 171 (max 500)
   eps = 0.000225 >= 0.0001
Iteration 172 (max 500)
   eps = 0.000218 >= 0.0001
Iteration 173 (max 500)
   eps = 0.000209 >= 0.0001
Iteration 174 (max 500)
   eps = 0.0002 >= 0.0001
Iteration 175 (max 500)
   eps = 0.000192 >= 0.0001
Iteration 176 (max 500)
   eps = 0.000185 >= 0.0001
Iteration 177 (max 500)
   eps = 0.000178 >= 0.0001
Iteration 178 (max 500)
   eps = 0.000171 >= 0.0001
Iteration 179 (max 500)
   eps = 0.000164 >= 0.0001
Iteration 180 (max 500)
   eps = 0.000157 >= 0.0001
Iteration 181 (max 500)
   eps = 0.000152 >= 0.0001
Iteration 182 (max 500)
   eps = 0.000145 >= 0.0001
Iteration 183 (max 500)
   eps = 0.000139 >= 0.0001
Iteration 184 (max 500)
   eps = 0.000134 >= 0.0001
Iteration 185 (max 500)
   eps = 0.000128 >= 0.0001
Iteration 186 (max 500)
   eps = 0.000123 >= 0.0001
Iteration 187 (max 500)
   eps = 0.000119 >= 0.0001
Iteration 188 (max 500)
   eps = 0.000114 >= 0.0001
Iteration 189 (max 500)
   eps = 0.000109 >= 0.0001
Iteration 190 (max 500)
   eps = 0.000105 >= 0.0001
Iteration 191 (max 500)
   eps = 0.000101 >= 0.0001
Iteration 192 (max 500)
Time spent by the wind speed solver: 20.488126277923584 s
Rotates geometries from -45.0 degrees
Interp succeeded!!! for tmp_file
Interp succeeded!!! for tmp_file
Interp succeeded!!! for tmp_file
Interp succeeded!!! for tmp_file
Interp succeeded!!! for tmp_file
Interp succeeded!!! for tmp_file
Rotates geometries from -45.0 degrees
Rotates geometries from -45.0 degrees
Rotates geometries from -45.0 degrees
Rotates geometries from -45.0 degrees
Rotates geometries from -45.0 degrees
Rotates geometries from -45.0 degrees
Rotates geometries from -45.0 degrees
Rotates geometries from -45.0 degrees
Rotates geometries from -45.0 degrees
Rotates geometries from -45.0 degrees
Rotates geometries from -45.0 degrees
Process 3849987: Successfully ran URock for tile output 'wind_field_raw_tile_28'.
Process 3849987: Elapsed time for URock ('wind_field_raw_tile_28'): 168.74 seconds.
Connecting to database
	->/tmp/URock_2025-12-21T164434736e110c-3a9f-4940-a846-fd3888b4796b/myDbH2
/storage/home/hcoda1/4/hyu483/qgis_332/profiles/default/python/plugins/processing_umep/functions/URock/h2gis-standalone/h2gis-dist-2.2.3.jar
Connected!

Spatial functions added!

Load input data
Load table 'build_pre_srid_20251221164437'
Load table 'veg_pre_srid_20251221164437'
Creates blocks and stacked blocks
Rotates geometries from 45.0 degrees
Identify block base height and block cavity base
Calculates obstacle properties
Calculates zone properties
Initializes upwind facades
Update upwind facades base height
Initializes downwind facades
Calculates study area properties
Roughness zone properties are:

                                 - z0: 2.4964320436101244
                                 - d: 11.239600564760625
                                 - Hr: 19.92620540076047
                                 - H_ob_max: 33
                                 - lambda_f: 0.1252838658139522
Rotates geometries from -45.0 degrees
Rotates geometries from -45.0 degrees
Rotates geometries from -45.0 degrees
Creates displacement zones
Rotates geometries from -45.0 degrees
Rotates geometries from -45.0 degrees
Creates cavity and wake zones
Rotates geometries from -45.0 degrees
Rotates geometries from -45.0 degrees
Creates street canyon zones
Rotates geometries from -45.0 degrees
Creates rooftop zones (perpendicular and corner)
Rotates geometries from -45.0 degrees
Rotates geometries from -45.0 degrees
Creates built-up and open vegetation zones
Rotates geometries from -45.0 degrees
Rotates geometries from -45.0 degrees
Identify the buildings concerned by the impacted zone chosen by the user
Creates the grid of points
Affects each grid point to a building Rockle zone and calculates needed 
          variables for 3D wind speed
Affects each grid point to a vegetation Rockle zone and calculates 
          needed variables for 3D wind speed
Remove some of the Röckle zone points
Creates backward zones
Calculates the 3D wind speed factor value for each point of each BUILDING zone
Rotates geometries from -45.0 degrees
Rotates geometries from -45.0 degrees
Rotates geometries from -45.0 degrees
Rotates geometries from -45.0 degrees
Rotates geometries from -45.0 degrees
Rotates geometries from -45.0 degrees
Rotates geometries from -45.0 degrees
Rotates geometries from -45.0 degrees
Rotates geometries from -45.0 degrees
Calculates the 3D wind speed factor value for each point of each VEGETATION zone
Rotates geometries from -45.0 degrees
Deals with superimposition (keeps only 1 value per 3D point)
Deals with superimposition (keeps only 1 value per 3D point)
Identify upstreamer points in TEMPO_WEIGHTING table
Identify upstreamer points in TEMPO_PRIORITIES table
Identify upstreamer points in TEMPO_PRIORITIES_WEIGHT table
Deals with superimposition (keeps only 1 value per 3D point)
Identify upstreamer points in TEMPO_WEIGHTING table
Identify upstreamer points in TEMPO_PRIORITIES table
Identify upstreamer points in TEMPO_PRIORITIES_WEIGHT table
Rotates geometries from -45.0 degrees
Identify grid points intersecting buildings
Set the initial 3D wind speed field
Time spent for wind speed initialization: 10.815772294998169 s
Shape: (85, 139, 22) - Nb cells: 259930
Start to apply the wind solver
Iteration 1 (max 500)
   eps = 0.585346 >= 0.0001
Iteration 2 (max 500)
   eps = 0.378197 >= 0.0001
Iteration 3 (max 500)
   eps = 0.293905 >= 0.0001
Iteration 4 (max 500)
   eps = 0.239644 >= 0.0001
Iteration 5 (max 500)
   eps = 0.200218 >= 0.0001
Iteration 6 (max 500)
   eps = 0.169955 >= 0.0001
Iteration 7 (max 500)
   eps = 0.144479 >= 0.0001
Iteration 8 (max 500)
   eps = 0.124104 >= 0.0001
Iteration 9 (max 500)
   eps = 0.107688 >= 0.0001
Iteration 10 (max 500)
   eps = 0.094486 >= 0.0001
Iteration 11 (max 500)
   eps = 0.085004 >= 0.0001
Iteration 12 (max 500)
   eps = 0.076452 >= 0.0001
Iteration 13 (max 500)
   eps = 0.068678 >= 0.0001
Iteration 14 (max 500)
   eps = 0.062354 >= 0.0001
Iteration 15 (max 500)
   eps = 0.05654 >= 0.0001
Iteration 16 (max 500)
   eps = 0.051856 >= 0.0001
Iteration 17 (max 500)
   eps = 0.047677 >= 0.0001
Iteration 18 (max 500)
   eps = 0.04403 >= 0.0001
Iteration 19 (max 500)
   eps = 0.040715 >= 0.0001
Iteration 20 (max 500)
   eps = 0.038761 >= 0.0001
Iteration 21 (max 500)
   eps = 0.035973 >= 0.0001
Iteration 22 (max 500)
   eps = 0.033491 >= 0.0001
Iteration 23 (max 500)
   eps = 0.031508 >= 0.0001
Iteration 24 (max 500)
   eps = 0.02983 >= 0.0001
Iteration 25 (max 500)
   eps = 0.028275 >= 0.0001
Iteration 26 (max 500)
   eps = 0.026862 >= 0.0001
Iteration 27 (max 500)
   eps = 0.025622 >= 0.0001
Iteration 28 (max 500)
   eps = 0.024539 >= 0.0001
Iteration 29 (max 500)
   eps = 0.0234 >= 0.0001
Iteration 30 (max 500)
   eps = 0.022181 >= 0.0001
Iteration 31 (max 500)
   eps = 0.02109 >= 0.0001
Iteration 32 (max 500)
   eps = 0.020276 >= 0.0001
Iteration 33 (max 500)
   eps = 0.019485 >= 0.0001
Iteration 34 (max 500)
   eps = 0.018669 >= 0.0001
Iteration 35 (max 500)
   eps = 0.017848 >= 0.0001
Iteration 36 (max 500)
   eps = 0.017077 >= 0.0001
Iteration 37 (max 500)
   eps = 0.016412 >= 0.0001
Iteration 38 (max 500)
   eps = 0.015752 >= 0.0001
Iteration 39 (max 500)
   eps = 0.015048 >= 0.0001
Iteration 40 (max 500)
   eps = 0.014357 >= 0.0001
Iteration 41 (max 500)
   eps = 0.013738 >= 0.0001
Iteration 42 (max 500)
   eps = 0.013179 >= 0.0001
Iteration 43 (max 500)
   eps = 0.012674 >= 0.0001
Iteration 44 (max 500)
   eps = 0.012193 >= 0.0001
Iteration 45 (max 500)
   eps = 0.011724 >= 0.0001
Iteration 46 (max 500)
   eps = 0.011265 >= 0.0001
Iteration 47 (max 500)
   eps = 0.010783 >= 0.0001
Iteration 48 (max 500)
   eps = 0.010306 >= 0.0001
Iteration 49 (max 500)
   eps = 0.009849 >= 0.0001
Iteration 50 (max 500)
   eps = 0.009449 >= 0.0001
Iteration 51 (max 500)
   eps = 0.009108 >= 0.0001
Iteration 52 (max 500)
   eps = 0.008769 >= 0.0001
Iteration 53 (max 500)
   eps = 0.008438 >= 0.0001
Iteration 54 (max 500)
   eps = 0.008112 >= 0.0001
Iteration 55 (max 500)
   eps = 0.007816 >= 0.0001
Iteration 56 (max 500)
   eps = 0.007528 >= 0.0001
Iteration 57 (max 500)
   eps = 0.007232 >= 0.0001
Iteration 58 (max 500)
   eps = 0.006929 >= 0.0001
Iteration 59 (max 500)
   eps = 0.006634 >= 0.0001
Iteration 60 (max 500)
   eps = 0.006353 >= 0.0001
Iteration 61 (max 500)
   eps = 0.00609 >= 0.0001
Iteration 62 (max 500)
   eps = 0.005845 >= 0.0001
Iteration 63 (max 500)
   eps = 0.00562 >= 0.0001
Iteration 64 (max 500)
   eps = 0.005392 >= 0.0001
Iteration 65 (max 500)
   eps = 0.005181 >= 0.0001
Iteration 66 (max 500)
   eps = 0.004972 >= 0.0001
Iteration 67 (max 500)
   eps = 0.004776 >= 0.0001
Iteration 68 (max 500)
   eps = 0.004594 >= 0.0001
Iteration 69 (max 500)
   eps = 0.00442 >= 0.0001
Iteration 70 (max 500)
   eps = 0.004251 >= 0.0001
Iteration 71 (max 500)
   eps = 0.004089 >= 0.0001
Iteration 72 (max 500)
   eps = 0.003928 >= 0.0001
Iteration 73 (max 500)
   eps = 0.003771 >= 0.0001
Iteration 74 (max 500)
   eps = 0.003617 >= 0.0001
Iteration 75 (max 500)
   eps = 0.003468 >= 0.0001
Iteration 76 (max 500)
   eps = 0.003327 >= 0.0001
Iteration 77 (max 500)
   eps = 0.003191 >= 0.0001
Iteration 78 (max 500)
   eps = 0.003058 >= 0.0001
Iteration 79 (max 500)
   eps = 0.002931 >= 0.0001
Iteration 80 (max 500)
   eps = 0.002806 >= 0.0001
Iteration 81 (max 500)
   eps = 0.002683 >= 0.0001
Iteration 82 (max 500)
   eps = 0.002563 >= 0.0001
Iteration 83 (max 500)
   eps = 0.00245 >= 0.0001
Iteration 84 (max 500)
   eps = 0.002343 >= 0.0001
Iteration 85 (max 500)
   eps = 0.002242 >= 0.0001
Iteration 86 (max 500)
   eps = 0.002148 >= 0.0001
Iteration 87 (max 500)
   eps = 0.002056 >= 0.0001
Iteration 88 (max 500)
   eps = 0.001967 >= 0.0001
Iteration 89 (max 500)
   eps = 0.001879 >= 0.0001
Iteration 90 (max 500)
   eps = 0.001793 >= 0.0001
Iteration 91 (max 500)
   eps = 0.00171 >= 0.0001
Iteration 92 (max 500)
   eps = 0.00163 >= 0.0001
Iteration 93 (max 500)
   eps = 0.001556 >= 0.0001
Iteration 94 (max 500)
   eps = 0.001485 >= 0.0001
Iteration 95 (max 500)
   eps = 0.001417 >= 0.0001
Iteration 96 (max 500)
   eps = 0.001352 >= 0.0001
Iteration 97 (max 500)
   eps = 0.001285 >= 0.0001
Iteration 98 (max 500)
   eps = 0.001225 >= 0.0001
Iteration 99 (max 500)
   eps = 0.001166 >= 0.0001
Iteration 100 (max 500)
   eps = 0.001109 >= 0.0001
Iteration 101 (max 500)
   eps = 0.001055 >= 0.0001
Iteration 102 (max 500)
   eps = 0.001004 >= 0.0001
Iteration 103 (max 500)
   eps = 0.000957 >= 0.0001
Iteration 104 (max 500)
   eps = 0.000911 >= 0.0001
Iteration 105 (max 500)
   eps = 0.000868 >= 0.0001
Iteration 106 (max 500)
   eps = 0.000827 >= 0.0001
Iteration 107 (max 500)
   eps = 0.000787 >= 0.0001
Iteration 108 (max 500)
   eps = 0.00075 >= 0.0001
Iteration 109 (max 500)
   eps = 0.000716 >= 0.0001
Iteration 110 (max 500)
   eps = 0.000684 >= 0.0001
Iteration 111 (max 500)
   eps = 0.000653 >= 0.0001
Iteration 112 (max 500)
   eps = 0.000623 >= 0.0001
Iteration 113 (max 500)
   eps = 0.000595 >= 0.0001
Iteration 114 (max 500)
   eps = 0.000567 >= 0.0001
Iteration 115 (max 500)
   eps = 0.000545 >= 0.0001
Iteration 116 (max 500)
   eps = 0.000518 >= 0.0001
Iteration 117 (max 500)
   eps = 0.000493 >= 0.0001
Iteration 118 (max 500)
   eps = 0.000471 >= 0.0001
Iteration 119 (max 500)
   eps = 0.000451 >= 0.0001
Iteration 120 (max 500)
   eps = 0.000433 >= 0.0001
Iteration 121 (max 500)
   eps = 0.000416 >= 0.0001
Iteration 122 (max 500)
   eps = 0.000398 >= 0.0001
Iteration 123 (max 500)
   eps = 0.00038 >= 0.0001
Iteration 124 (max 500)
   eps = 0.000362 >= 0.0001
Iteration 125 (max 500)
   eps = 0.000344 >= 0.0001
Iteration 126 (max 500)
   eps = 0.000326 >= 0.0001
Iteration 127 (max 500)
   eps = 0.000308 >= 0.0001
Iteration 128 (max 500)
   eps = 0.00029 >= 0.0001
Iteration 129 (max 500)
   eps = 0.000272 >= 0.0001
Iteration 130 (max 500)
   eps = 0.000256 >= 0.0001
Iteration 131 (max 500)
   eps = 0.000243 >= 0.0001
Iteration 132 (max 500)
   eps = 0.00023 >= 0.0001
Iteration 133 (max 500)
   eps = 0.000219 >= 0.0001
Iteration 134 (max 500)
   eps = 0.000211 >= 0.0001
Iteration 135 (max 500)
   eps = 0.000202 >= 0.0001
Iteration 136 (max 500)
   eps = 0.000198 >= 0.0001
Iteration 137 (max 500)
   eps = 0.000191 >= 0.0001
Iteration 138 (max 500)
   eps = 0.000179 >= 0.0001
Iteration 139 (max 500)
   eps = 0.000166 >= 0.0001
Iteration 140 (max 500)
   eps = 0.000154 >= 0.0001
Iteration 141 (max 500)
   eps = 0.000145 >= 0.0001
Iteration 142 (max 500)
   eps = 0.000138 >= 0.0001
Iteration 143 (max 500)
   eps = 0.000131 >= 0.0001
Iteration 144 (max 500)
   eps = 0.000124 >= 0.0001
Iteration 145 (max 500)
   eps = 0.000117 >= 0.0001
Iteration 146 (max 500)
   eps = 0.00011 >= 0.0001
Iteration 147 (max 500)
   eps = 0.000104 >= 0.0001
Iteration 148 (max 500)
Time spent by the wind speed solver: 7.53068208694458 s
Rotates geometries from -45.0 degrees
Interp succeeded!!! for tmp_file
Interp succeeded!!! for tmp_file
Interp succeeded!!! for tmp_file
Interp succeeded!!! for tmp_file
Interp succeeded!!! for tmp_file
Interp succeeded!!! for tmp_file
Rotates geometries from -45.0 degrees
Rotates geometries from -45.0 degrees
Rotates geometries from -45.0 degrees
Rotates geometries from -45.0 degrees
Rotates geometries from -45.0 degrees
Rotates geometries from -45.0 degrees
Rotates geometries from -45.0 degrees
Rotates geometries from -45.0 degrees
Rotates geometries from -45.0 degrees
Rotates geometries from -45.0 degrees
Rotates geometries from -45.0 degrees
Process 3849980: Successfully ran URock for tile output 'wind_field_raw_tile_30'.
Process 3849980: Elapsed time for URock ('wind_field_raw_tile_30'): 32.36 seconds.
[Master] Process 3849987 - Tile 28: Finished processing.
Info: Debuffered '/storage/project/r-rbasu31-0/hyu483/Test_UMEP/UROCK_output_31_spawn/temp_intermediate_files/tile_28_urock_raw_outputs/z1_5/wind_field_raw_tile_28WS.tif' to '/storage/project/r-rbasu31-0/hyu483/Test_UMEP/UROCK_output_31_spawn/urock_tiled_output/urock_wind_field_tile_28WS.tif' (original extent: (234382.59099838723, 902532.4833440109, 234582.59099838723, 902732.4833440109)).
(35, (234582.59099838723, 902732.4833440109, 234642.58635222574, 902792.4786978494), (234572.59099838723, 902722.4833440109, 234642.58635222574, 902792.4786978494), {'buildings': '/storage/project/r-rbasu31-0/hyu483/Test_UMEP/UROCK/input/building_26986.shp', 'veg': '/storage/project/r-rbasu31-0/hyu483/Test_UMEP/UROCK/input/veg_26986.shp', 'template_rast': '/storage/project/r-rbasu31-0/hyu483/Test_UMEP/UROCK/input/../DSM_26986_2.tif', 'base_output_dir': '/storage/project/r-rbasu31-0/hyu483/Test_UMEP/UROCK_output_31_spawn/urock_tiled_output'})
Info: Sliced and clipped '/storage/project/r-rbasu31-0/hyu483/Test_UMEP/UROCK/input/building_26986.shp' to '/storage/project/r-rbasu31-0/hyu483/Test_UMEP/UROCK_output_31_spawn/temp_intermediate_files/tile_35_sliced_inputs/buildings_tile_35.shp'. Copied 0 features.
Info: Sliced and clipped '/storage/project/r-rbasu31-0/hyu483/Test_UMEP/UROCK/input/veg_26986.shp' to '/storage/project/r-rbasu31-0/hyu483/Test_UMEP/UROCK_output_31_spawn/temp_intermediate_files/tile_35_sliced_inputs/veg_tile_35.shp'. Copied 0 features.
Process 3849987 - Tile 35: Skipping URock,- No buildings in this tile.
[Master] Process 3849980 - Tile 30: Finished processing.
[Master] 3849980: exit signal
[Master] None
[Master] 3849987: exit signal
Info: Debuffered '/storage/project/r-rbasu31-0/hyu483/Test_UMEP/UROCK_output_31_spawn/temp_intermediate_files/tile_30_urock_raw_outputs/z1_5/wind_field_raw_tile_30WS.tif' to '/storage/project/r-rbasu31-0/hyu483/Test_UMEP/UROCK_output_31_spawn/urock_tiled_output/urock_wind_field_tile_30WS.tif' (original extent: (234582.59099838723, 901732.4833440109, 234642.58635222574, 901932.4833440109)).
Connecting to database
	->/tmp/URock_2025-12-21T1642181a1b81fd-93bd-4fec-b59f-23dd4b330d64/myDbH2
/storage/home/hcoda1/4/hyu483/qgis_332/profiles/default/python/plugins/processing_umep/functions/URock/h2gis-standalone/h2gis-dist-2.2.3.jar
Connected!

Spatial functions added!

Load input data
Load table 'build_pre_srid_20251221164229'
Load table 'veg_pre_srid_20251221164229'
Creates blocks and stacked blocks
Rotates geometries from 45.0 degrees
Identify block base height and block cavity base
Calculates obstacle properties
Calculates zone properties
Initializes upwind facades
Update upwind facades base height
Initializes downwind facades
Calculates study area properties
Roughness zone properties are:

                                 - z0: 1.3654677708882128
                                 - d: 6.549143549550765
                                 - Hr: 9.103118472588086
                                 - H_ob_max: 15
                                 - lambda_f: 0.20554160031515747
Rotates geometries from -45.0 degrees
Rotates geometries from -45.0 degrees
Rotates geometries from -45.0 degrees
Creates displacement zones
Rotates geometries from -45.0 degrees
Rotates geometries from -45.0 degrees
Creates cavity and wake zones
Rotates geometries from -45.0 degrees
Rotates geometries from -45.0 degrees
Creates street canyon zones
Rotates geometries from -45.0 degrees
Creates rooftop zones (perpendicular and corner)
Rotates geometries from -45.0 degrees
Rotates geometries from -45.0 degrees
Creates built-up and open vegetation zones
Rotates geometries from -45.0 degrees
Rotates geometries from -45.0 degrees
Identify the buildings concerned by the impacted zone chosen by the user
Creates the grid of points
Affects each grid point to a building Rockle zone and calculates needed 
          variables for 3D wind speed
Affects each grid point to a vegetation Rockle zone and calculates 
          needed variables for 3D wind speed
Remove some of the Röckle zone points
Creates backward zones
Calculates the 3D wind speed factor value for each point of each BUILDING zone
Rotates geometries from -45.0 degrees
Rotates geometries from -45.0 degrees
Rotates geometries from -45.0 degrees
Rotates geometries from -45.0 degrees
Rotates geometries from -45.0 degrees
Rotates geometries from -45.0 degrees
Rotates geometries from -45.0 degrees
Rotates geometries from -45.0 degrees
Rotates geometries from -45.0 degrees
Calculates the 3D wind speed factor value for each point of each VEGETATION zone
Rotates geometries from -45.0 degrees
Deals with superimposition (keeps only 1 value per 3D point)
Deals with superimposition (keeps only 1 value per 3D point)
Identify upstreamer points in TEMPO_WEIGHTING table
Identify upstreamer points in TEMPO_PRIORITIES table
Identify upstreamer points in TEMPO_PRIORITIES_WEIGHT table
Deals with superimposition (keeps only 1 value per 3D point)
Identify upstreamer points in TEMPO_WEIGHTING table
Identify upstreamer points in TEMPO_PRIORITIES table
Identify upstreamer points in TEMPO_PRIORITIES_WEIGHT table
Rotates geometries from -45.0 degrees
Identify grid points intersecting buildings
Set the initial 3D wind speed field
Time spent for wind speed initialization: 107.19142055511475 s
Shape: (94, 156, 13) - Nb cells: 190632
Start to apply the wind solver
Iteration 1 (max 500)
   eps = 0.586877 >= 0.0001
Iteration 2 (max 500)
   eps = 0.45028 >= 0.0001
Iteration 3 (max 500)
   eps = 0.37186 >= 0.0001
Iteration 4 (max 500)
   eps = 0.302357 >= 0.0001
Iteration 5 (max 500)
   eps = 0.235152 >= 0.0001
Iteration 6 (max 500)
   eps = 0.193816 >= 0.0001
Iteration 7 (max 500)
   eps = 0.168135 >= 0.0001
Iteration 8 (max 500)
   eps = 0.146378 >= 0.0001
Iteration 9 (max 500)
   eps = 0.130984 >= 0.0001
Iteration 10 (max 500)
   eps = 0.11936 >= 0.0001
Iteration 11 (max 500)
   eps = 0.137919 >= 0.0001
Iteration 12 (max 500)
   eps = 0.109346 >= 0.0001
Iteration 13 (max 500)
   eps = 0.099583 >= 0.0001
Iteration 14 (max 500)
   eps = 0.095 >= 0.0001
Iteration 15 (max 500)
   eps = 0.091309 >= 0.0001
Iteration 16 (max 500)
   eps = 0.08602 >= 0.0001
Iteration 17 (max 500)
   eps = 0.082332 >= 0.0001
Iteration 18 (max 500)
   eps = 0.080283 >= 0.0001
Iteration 19 (max 500)
   eps = 0.07733 >= 0.0001
Iteration 20 (max 500)
   eps = 0.07484 >= 0.0001
Iteration 21 (max 500)
   eps = 0.072049 >= 0.0001
Iteration 22 (max 500)
   eps = 0.068942 >= 0.0001
Iteration 23 (max 500)
   eps = 0.066036 >= 0.0001
Iteration 24 (max 500)
   eps = 0.063088 >= 0.0001
Iteration 25 (max 500)
   eps = 0.06064 >= 0.0001
Iteration 26 (max 500)
   eps = 0.058564 >= 0.0001
Iteration 27 (max 500)
   eps = 0.056584 >= 0.0001
Iteration 28 (max 500)
   eps = 0.05458 >= 0.0001
Iteration 29 (max 500)
   eps = 0.052435 >= 0.0001
Iteration 30 (max 500)
   eps = 0.050252 >= 0.0001
Iteration 31 (max 500)
   eps = 0.047974 >= 0.0001
Iteration 32 (max 500)
   eps = 0.045844 >= 0.0001
Iteration 33 (max 500)
   eps = 0.043946 >= 0.0001
Iteration 34 (max 500)
   eps = 0.042132 >= 0.0001
Iteration 35 (max 500)
   eps = 0.040298 >= 0.0001
Iteration 36 (max 500)
   eps = 0.038425 >= 0.0001
Iteration 37 (max 500)
   eps = 0.036563 >= 0.0001
Iteration 38 (max 500)
   eps = 0.034941 >= 0.0001
Iteration 39 (max 500)
   eps = 0.033292 >= 0.0001
Iteration 40 (max 500)
   eps = 0.031869 >= 0.0001
Iteration 41 (max 500)
   eps = 0.030484 >= 0.0001
Iteration 42 (max 500)
   eps = 0.029302 >= 0.0001
Iteration 43 (max 500)
   eps = 0.027957 >= 0.0001
Iteration 44 (max 500)
   eps = 0.026685 >= 0.0001
Iteration 45 (max 500)
   eps = 0.025539 >= 0.0001
Iteration 46 (max 500)
   eps = 0.02441 >= 0.0001
Iteration 47 (max 500)
   eps = 0.023373 >= 0.0001
Iteration 48 (max 500)
   eps = 0.022398 >= 0.0001
Iteration 49 (max 500)
   eps = 0.021514 >= 0.0001
Iteration 50 (max 500)
   eps = 0.020604 >= 0.0001
Iteration 51 (max 500)
   eps = 0.019632 >= 0.0001
Iteration 52 (max 500)
   eps = 0.018661 >= 0.0001
Iteration 53 (max 500)
   eps = 0.017855 >= 0.0001
Iteration 54 (max 500)
   eps = 0.017187 >= 0.0001
Iteration 55 (max 500)
   eps = 0.01653 >= 0.0001
Iteration 56 (max 500)
   eps = 0.015817 >= 0.0001
Iteration 57 (max 500)
   eps = 0.015111 >= 0.0001
Iteration 58 (max 500)
   eps = 0.014481 >= 0.0001
Iteration 59 (max 500)
   eps = 0.013869 >= 0.0001
Iteration 60 (max 500)
   eps = 0.013241 >= 0.0001
Iteration 61 (max 500)
   eps = 0.012609 >= 0.0001
Iteration 62 (max 500)
   eps = 0.012008 >= 0.0001
Iteration 63 (max 500)
   eps = 0.011532 >= 0.0001
Iteration 64 (max 500)
   eps = 0.011131 >= 0.0001
Iteration 65 (max 500)
   eps = 0.010713 >= 0.0001
Iteration 66 (max 500)
   eps = 0.010235 >= 0.0001
Iteration 67 (max 500)
   eps = 0.009756 >= 0.0001
Iteration 68 (max 500)
   eps = 0.009302 >= 0.0001
Iteration 69 (max 500)
   eps = 0.008891 >= 0.0001
Iteration 70 (max 500)
   eps = 0.008503 >= 0.0001
Iteration 71 (max 500)
   eps = 0.008111 >= 0.0001
Iteration 72 (max 500)
   eps = 0.007739 >= 0.0001
Iteration 73 (max 500)
   eps = 0.007408 >= 0.0001
Iteration 74 (max 500)
   eps = 0.007083 >= 0.0001
Iteration 75 (max 500)
   eps = 0.006768 >= 0.0001
Iteration 76 (max 500)
   eps = 0.006479 >= 0.0001
Iteration 77 (max 500)
   eps = 0.006176 >= 0.0001
Iteration 78 (max 500)
   eps = 0.005892 >= 0.0001
Iteration 79 (max 500)
   eps = 0.005611 >= 0.0001
Iteration 80 (max 500)
   eps = 0.005372 >= 0.0001
Iteration 81 (max 500)
   eps = 0.005171 >= 0.0001
Iteration 82 (max 500)
   eps = 0.004981 >= 0.0001
Iteration 83 (max 500)
   eps = 0.004769 >= 0.0001
Iteration 84 (max 500)
   eps = 0.004543 >= 0.0001
Iteration 85 (max 500)
   eps = 0.004304 >= 0.0001
Iteration 86 (max 500)
   eps = 0.004069 >= 0.0001
Iteration 87 (max 500)
   eps = 0.003876 >= 0.0001
Iteration 88 (max 500)
   eps = 0.003713 >= 0.0001
Iteration 89 (max 500)
   eps = 0.003529 >= 0.0001
Iteration 90 (max 500)
   eps = 0.003346 >= 0.0001
Iteration 91 (max 500)
   eps = 0.003196 >= 0.0001
Iteration 92 (max 500)
   eps = 0.003075 >= 0.0001
Iteration 93 (max 500)
   eps = 0.00297 >= 0.0001
Iteration 94 (max 500)
   eps = 0.002851 >= 0.0001
Iteration 95 (max 500)
   eps = 0.00274 >= 0.0001
Iteration 96 (max 500)
   eps = 0.002612 >= 0.0001
Iteration 97 (max 500)
   eps = 0.002476 >= 0.0001
Iteration 98 (max 500)
   eps = 0.00237 >= 0.0001
Iteration 99 (max 500)
   eps = 0.002254 >= 0.0001
Iteration 100 (max 500)
   eps = 0.002148 >= 0.0001
Iteration 101 (max 500)
   eps = 0.002066 >= 0.0001
Iteration 102 (max 500)
   eps = 0.001968 >= 0.0001
Iteration 103 (max 500)
   eps = 0.001873 >= 0.0001
Iteration 104 (max 500)
   eps = 0.001792 >= 0.0001
Iteration 105 (max 500)
   eps = 0.001715 >= 0.0001
Iteration 106 (max 500)
   eps = 0.001636 >= 0.0001
Iteration 107 (max 500)
   eps = 0.001584 >= 0.0001
Iteration 108 (max 500)
   eps = 0.001507 >= 0.0001
Iteration 109 (max 500)
   eps = 0.001444 >= 0.0001
Iteration 110 (max 500)
   eps = 0.001385 >= 0.0001
Iteration 111 (max 500)
   eps = 0.001324 >= 0.0001
Iteration 112 (max 500)
   eps = 0.001263 >= 0.0001
Iteration 113 (max 500)
   eps = 0.001204 >= 0.0001
Iteration 114 (max 500)
   eps = 0.001147 >= 0.0001
Iteration 115 (max 500)
   eps = 0.001093 >= 0.0001
Iteration 116 (max 500)
   eps = 0.001048 >= 0.0001
Iteration 117 (max 500)
   eps = 0.001005 >= 0.0001
Iteration 118 (max 500)
   eps = 0.000982 >= 0.0001
Iteration 119 (max 500)
   eps = 0.000935 >= 0.0001
Iteration 120 (max 500)
   eps = 0.000896 >= 0.0001
Iteration 121 (max 500)
   eps = 0.000853 >= 0.0001
Iteration 122 (max 500)
   eps = 0.000808 >= 0.0001
Iteration 123 (max 500)
   eps = 0.000771 >= 0.0001
Iteration 124 (max 500)
   eps = 0.000732 >= 0.0001
Iteration 125 (max 500)
   eps = 0.000703 >= 0.0001
Iteration 126 (max 500)
   eps = 0.000674 >= 0.0001
Iteration 127 (max 500)
   eps = 0.000642 >= 0.0001
Iteration 128 (max 500)
   eps = 0.000615 >= 0.0001
Iteration 129 (max 500)
   eps = 0.000593 >= 0.0001
Iteration 130 (max 500)
   eps = 0.000565 >= 0.0001
Iteration 131 (max 500)
   eps = 0.000538 >= 0.0001
Iteration 132 (max 500)
   eps = 0.000517 >= 0.0001
Iteration 133 (max 500)
   eps = 0.000495 >= 0.0001
Iteration 134 (max 500)
   eps = 0.000479 >= 0.0001
Iteration 135 (max 500)
   eps = 0.000456 >= 0.0001
Iteration 136 (max 500)
   eps = 0.000433 >= 0.0001
Iteration 137 (max 500)
   eps = 0.000413 >= 0.0001
Iteration 138 (max 500)
   eps = 0.000395 >= 0.0001
Iteration 139 (max 500)
   eps = 0.000379 >= 0.0001
Iteration 140 (max 500)
   eps = 0.000365 >= 0.0001
Iteration 141 (max 500)
   eps = 0.000348 >= 0.0001
Iteration 142 (max 500)
   eps = 0.000332 >= 0.0001
Iteration 143 (max 500)
   eps = 0.000317 >= 0.0001
Iteration 144 (max 500)
   eps = 0.000303 >= 0.0001
Iteration 145 (max 500)
   eps = 0.00029 >= 0.0001
Iteration 146 (max 500)
   eps = 0.00028 >= 0.0001
Iteration 147 (max 500)
   eps = 0.000267 >= 0.0001
Iteration 148 (max 500)
   eps = 0.000256 >= 0.0001
Iteration 149 (max 500)
   eps = 0.000244 >= 0.0001
Iteration 150 (max 500)
   eps = 0.000232 >= 0.0001
Iteration 151 (max 500)
   eps = 0.000224 >= 0.0001
Iteration 152 (max 500)
   eps = 0.000213 >= 0.0001
Iteration 153 (max 500)
   eps = 0.000204 >= 0.0001
Iteration 154 (max 500)
   eps = 0.000195 >= 0.0001
Iteration 155 (max 500)
   eps = 0.000186 >= 0.0001
Iteration 156 (max 500)
   eps = 0.000178 >= 0.0001
Iteration 157 (max 500)
   eps = 0.00017 >= 0.0001
Iteration 158 (max 500)
   eps = 0.000163 >= 0.0001
Iteration 159 (max 500)
   eps = 0.000156 >= 0.0001
Iteration 160 (max 500)
   eps = 0.000149 >= 0.0001
Iteration 161 (max 500)
   eps = 0.000142 >= 0.0001
Iteration 162 (max 500)
   eps = 0.000135 >= 0.0001
Iteration 163 (max 500)
   eps = 0.000129 >= 0.0001
Iteration 164 (max 500)
   eps = 0.000123 >= 0.0001
Iteration 165 (max 500)
   eps = 0.000118 >= 0.0001
Iteration 166 (max 500)
   eps = 0.000113 >= 0.0001
Iteration 167 (max 500)
   eps = 0.000108 >= 0.0001
Iteration 168 (max 500)
   eps = 0.000103 >= 0.0001
Iteration 169 (max 500)
Time spent by the wind speed solver: 16.178428411483765 s
Rotates geometries from -45.0 degrees
Interp succeeded!!! for tmp_file
Interp succeeded!!! for tmp_file
Interp succeeded!!! for tmp_file
Interp succeeded!!! for tmp_file
Interp succeeded!!! for tmp_file
Interp succeeded!!! for tmp_file
Rotates geometries from -45.0 degrees
Rotates geometries from -45.0 degrees
Rotates geometries from -45.0 degrees
Rotates geometries from -45.0 degrees
Rotates geometries from -45.0 degrees
Rotates geometries from -45.0 degrees
Rotates geometries from -45.0 degrees
Rotates geometries from -45.0 degrees
Rotates geometries from -45.0 degrees
Rotates geometries from -45.0 degrees
Rotates geometries from -45.0 degrees
Process 3849988: Successfully ran URock for tile output 'wind_field_raw_tile_2'.
Process 3849988: Elapsed time for URock ('wind_field_raw_tile_2'): 170.69 seconds.
[Master] Process 3849988 - Tile 2: Finished processing.
[Master] 3849988: exit signal
Info: Debuffered '/storage/project/r-rbasu31-0/hyu483/Test_UMEP/UROCK_output_31_spawn/temp_intermediate_files/tile_2_urock_raw_outputs/z1_5/wind_field_raw_tile_2WS.tif' to '/storage/project/r-rbasu31-0/hyu483/Test_UMEP/UROCK_output_31_spawn/urock_tiled_output/urock_wind_field_tile_2WS.tif' (original extent: (233582.59099838723, 902132.4833440109, 233782.59099838723, 902332.4833440109)).
Connecting to database
	->/tmp/URock_2025-12-21T16443910f78929-e29d-4e55-aabf-31ae1039ffe7/myDbH2
/storage/home/hcoda1/4/hyu483/qgis_332/profiles/default/python/plugins/processing_umep/functions/URock/h2gis-standalone/h2gis-dist-2.2.3.jar
Connected!

Spatial functions added!

Load input data
Load table 'build_pre_srid_20251221164441'
Load table 'veg_pre_srid_20251221164441'
Creates blocks and stacked blocks
Rotates geometries from 45.0 degrees
Identify block base height and block cavity base
Calculates obstacle properties
Calculates zone properties
Initializes upwind facades
Update upwind facades base height
Initializes downwind facades
Calculates study area properties
Roughness zone properties are:

                                 - z0: 1.5747775058343183
                                 - d: 7.218813882388887
                                 - Hr: 11.539699197598912
                                 - H_ob_max: 19
                                 - lambda_f: 0.13646607930317503
Rotates geometries from -45.0 degrees
Rotates geometries from -45.0 degrees
Rotates geometries from -45.0 degrees
Creates displacement zones
Rotates geometries from -45.0 degrees
Rotates geometries from -45.0 degrees
Creates cavity and wake zones
Rotates geometries from -45.0 degrees
Rotates geometries from -45.0 degrees
Creates street canyon zones
Rotates geometries from -45.0 degrees
Creates rooftop zones (perpendicular and corner)
Rotates geometries from -45.0 degrees
Rotates geometries from -45.0 degrees
Creates built-up and open vegetation zones
Rotates geometries from -45.0 degrees
Rotates geometries from -45.0 degrees
Identify the buildings concerned by the impacted zone chosen by the user
Creates the grid of points
Affects each grid point to a building Rockle zone and calculates needed 
          variables for 3D wind speed
Affects each grid point to a vegetation Rockle zone and calculates 
          needed variables for 3D wind speed
Remove some of the Röckle zone points
Creates backward zones
Calculates the 3D wind speed factor value for each point of each BUILDING zone
Rotates geometries from -45.0 degrees
Rotates geometries from -45.0 degrees
Rotates geometries from -45.0 degrees
Rotates geometries from -45.0 degrees
Rotates geometries from -45.0 degrees
Rotates geometries from -45.0 degrees
Rotates geometries from -45.0 degrees
Rotates geometries from -45.0 degrees
Rotates geometries from -45.0 degrees
Calculates the 3D wind speed factor value for each point of each VEGETATION zone
Rotates geometries from -45.0 degrees
Deals with superimposition (keeps only 1 value per 3D point)
Deals with superimposition (keeps only 1 value per 3D point)
Identify upstreamer points in TEMPO_WEIGHTING table
Identify upstreamer points in TEMPO_PRIORITIES table
Identify upstreamer points in TEMPO_PRIORITIES_WEIGHT table
Deals with superimposition (keeps only 1 value per 3D point)
Identify upstreamer points in TEMPO_WEIGHTING table
Identify upstreamer points in TEMPO_PRIORITIES table
Identify upstreamer points in TEMPO_PRIORITIES_WEIGHT table
Rotates geometries from -45.0 degrees
Identify grid points intersecting buildings
Set the initial 3D wind speed field
Time spent for wind speed initialization: 10.518288135528564 s
Shape: (89, 135, 18) - Nb cells: 216270
Start to apply the wind solver
Iteration 1 (max 500)
   eps = 0.544227 >= 0.0001
Iteration 2 (max 500)
   eps = 0.394812 >= 0.0001
Iteration 3 (max 500)
   eps = 0.325248 >= 0.0001
Iteration 4 (max 500)
   eps = 0.265855 >= 0.0001
Iteration 5 (max 500)
   eps = 0.213092 >= 0.0001
Iteration 6 (max 500)
   eps = 0.17407 >= 0.0001
Iteration 7 (max 500)
   eps = 0.142865 >= 0.0001
Iteration 8 (max 500)
   eps = 0.12017 >= 0.0001
Iteration 9 (max 500)
   eps = 0.105124 >= 0.0001
Iteration 10 (max 500)
   eps = 0.093746 >= 0.0001
Iteration 11 (max 500)
   eps = 0.084257 >= 0.0001
Iteration 12 (max 500)
   eps = 0.07759 >= 0.0001
Iteration 13 (max 500)
   eps = 0.070811 >= 0.0001
Iteration 14 (max 500)
   eps = 0.065111 >= 0.0001
Iteration 15 (max 500)
   eps = 0.060293 >= 0.0001
Iteration 16 (max 500)
   eps = 0.063968 >= 0.0001
Iteration 17 (max 500)
   eps = 0.05456 >= 0.0001
Iteration 18 (max 500)
   eps = 0.048837 >= 0.0001
Iteration 19 (max 500)
   eps = 0.04564 >= 0.0001
Iteration 20 (max 500)
   eps = 0.043018 >= 0.0001
Iteration 21 (max 500)
   eps = 0.040864 >= 0.0001
Iteration 22 (max 500)
   eps = 0.03892 >= 0.0001
Iteration 23 (max 500)
   eps = 0.037208 >= 0.0001
Iteration 24 (max 500)
   eps = 0.035618 >= 0.0001
Iteration 25 (max 500)
   eps = 0.03422 >= 0.0001
Iteration 26 (max 500)
   eps = 0.03291 >= 0.0001
Iteration 27 (max 500)
   eps = 0.0318 >= 0.0001
Iteration 28 (max 500)
   eps = 0.030617 >= 0.0001
Iteration 29 (max 500)
   eps = 0.029504 >= 0.0001
Iteration 30 (max 500)
   eps = 0.028385 >= 0.0001
Iteration 31 (max 500)
   eps = 0.027211 >= 0.0001
Iteration 32 (max 500)
   eps = 0.026134 >= 0.0001
Iteration 33 (max 500)
   eps = 0.025022 >= 0.0001
Iteration 34 (max 500)
   eps = 0.024014 >= 0.0001
Iteration 35 (max 500)
   eps = 0.023004 >= 0.0001
Iteration 36 (max 500)
   eps = 0.022018 >= 0.0001
Iteration 37 (max 500)
   eps = 0.021116 >= 0.0001
Iteration 38 (max 500)
   eps = 0.020275 >= 0.0001
Iteration 39 (max 500)
   eps = 0.019508 >= 0.0001
Iteration 40 (max 500)
   eps = 0.018708 >= 0.0001
Iteration 41 (max 500)
   eps = 0.017978 >= 0.0001
Iteration 42 (max 500)
   eps = 0.017262 >= 0.0001
Iteration 43 (max 500)
   eps = 0.016555 >= 0.0001
Iteration 44 (max 500)
   eps = 0.015883 >= 0.0001
Iteration 45 (max 500)
   eps = 0.015203 >= 0.0001
Iteration 46 (max 500)
   eps = 0.014569 >= 0.0001
Iteration 47 (max 500)
   eps = 0.013956 >= 0.0001
Iteration 48 (max 500)
   eps = 0.01339 >= 0.0001
Iteration 49 (max 500)
   eps = 0.012843 >= 0.0001
Iteration 50 (max 500)
   eps = 0.012335 >= 0.0001
Iteration 51 (max 500)
   eps = 0.011901 >= 0.0001
Iteration 52 (max 500)
   eps = 0.011426 >= 0.0001
Iteration 53 (max 500)
   eps = 0.01094 >= 0.0001
Iteration 54 (max 500)
   eps = 0.01047 >= 0.0001
Iteration 55 (max 500)
   eps = 0.010038 >= 0.0001
Iteration 56 (max 500)
   eps = 0.009625 >= 0.0001
Iteration 57 (max 500)
   eps = 0.009234 >= 0.0001
Iteration 58 (max 500)
   eps = 0.008856 >= 0.0001
Iteration 59 (max 500)
   eps = 0.008502 >= 0.0001
Iteration 60 (max 500)
   eps = 0.008169 >= 0.0001
Iteration 61 (max 500)
   eps = 0.00785 >= 0.0001
Iteration 62 (max 500)
   eps = 0.007555 >= 0.0001
Iteration 63 (max 500)
   eps = 0.007268 >= 0.0001
Iteration 64 (max 500)
   eps = 0.006971 >= 0.0001
Iteration 65 (max 500)
   eps = 0.006689 >= 0.0001
Iteration 66 (max 500)
   eps = 0.006422 >= 0.0001
Iteration 67 (max 500)
   eps = 0.006156 >= 0.0001
Iteration 68 (max 500)
   eps = 0.005908 >= 0.0001
Iteration 69 (max 500)
   eps = 0.005679 >= 0.0001
Iteration 70 (max 500)
   eps = 0.005449 >= 0.0001
Iteration 71 (max 500)
   eps = 0.005224 >= 0.0001
Iteration 72 (max 500)
   eps = 0.00501 >= 0.0001
Iteration 73 (max 500)
   eps = 0.004803 >= 0.0001
Iteration 74 (max 500)
   eps = 0.004603 >= 0.0001
Iteration 75 (max 500)
   eps = 0.004412 >= 0.0001
Iteration 76 (max 500)
   eps = 0.00423 >= 0.0001
Iteration 77 (max 500)
   eps = 0.004053 >= 0.0001
Iteration 78 (max 500)
   eps = 0.003886 >= 0.0001
Iteration 79 (max 500)
   eps = 0.003721 >= 0.0001
Iteration 80 (max 500)
   eps = 0.003565 >= 0.0001
Iteration 81 (max 500)
   eps = 0.003417 >= 0.0001
Iteration 82 (max 500)
   eps = 0.003275 >= 0.0001
Iteration 83 (max 500)
   eps = 0.003143 >= 0.0001
Iteration 84 (max 500)
   eps = 0.003009 >= 0.0001
Iteration 85 (max 500)
   eps = 0.002882 >= 0.0001
Iteration 86 (max 500)
   eps = 0.002762 >= 0.0001
Iteration 87 (max 500)
   eps = 0.002645 >= 0.0001
Iteration 88 (max 500)
   eps = 0.002536 >= 0.0001
Iteration 89 (max 500)
   eps = 0.002431 >= 0.0001
Iteration 90 (max 500)
   eps = 0.002329 >= 0.0001
Iteration 91 (max 500)
   eps = 0.002232 >= 0.0001
Iteration 92 (max 500)
   eps = 0.00214 >= 0.0001
Iteration 93 (max 500)
   eps = 0.00205 >= 0.0001
Iteration 94 (max 500)
   eps = 0.001971 >= 0.0001
Iteration 95 (max 500)
   eps = 0.001896 >= 0.0001
Iteration 96 (max 500)
   eps = 0.001814 >= 0.0001
Iteration 97 (max 500)
   eps = 0.001735 >= 0.0001
Iteration 98 (max 500)
   eps = 0.001661 >= 0.0001
Iteration 99 (max 500)
   eps = 0.001591 >= 0.0001
Iteration 100 (max 500)
   eps = 0.001521 >= 0.0001
Iteration 101 (max 500)
   eps = 0.001455 >= 0.0001
Iteration 102 (max 500)
   eps = 0.001391 >= 0.0001
Iteration 103 (max 500)
   eps = 0.001331 >= 0.0001
Iteration 104 (max 500)
   eps = 0.001273 >= 0.0001
Iteration 105 (max 500)
   eps = 0.001218 >= 0.0001
Iteration 106 (max 500)
   eps = 0.001162 >= 0.0001
Iteration 107 (max 500)
   eps = 0.001108 >= 0.0001
Iteration 108 (max 500)
   eps = 0.00106 >= 0.0001
Iteration 109 (max 500)
   eps = 0.001014 >= 0.0001
Iteration 110 (max 500)
   eps = 0.000989 >= 0.0001
Iteration 111 (max 500)
   eps = 0.000945 >= 0.0001
Iteration 112 (max 500)
   eps = 0.000909 >= 0.0001
Iteration 113 (max 500)
   eps = 0.000859 >= 0.0001
Iteration 114 (max 500)
   eps = 0.000823 >= 0.0001
Iteration 115 (max 500)
   eps = 0.000789 >= 0.0001
Iteration 116 (max 500)
   eps = 0.000751 >= 0.0001
Iteration 117 (max 500)
   eps = 0.000719 >= 0.0001
Iteration 118 (max 500)
   eps = 0.000685 >= 0.0001
Iteration 119 (max 500)
   eps = 0.000655 >= 0.0001
Iteration 120 (max 500)
   eps = 0.000622 >= 0.0001
Iteration 121 (max 500)
   eps = 0.000591 >= 0.0001
Iteration 122 (max 500)
   eps = 0.000563 >= 0.0001
Iteration 123 (max 500)
   eps = 0.000536 >= 0.0001
Iteration 124 (max 500)
   eps = 0.000512 >= 0.0001
Iteration 125 (max 500)
   eps = 0.000488 >= 0.0001
Iteration 126 (max 500)
   eps = 0.000467 >= 0.0001
Iteration 127 (max 500)
   eps = 0.000443 >= 0.0001
Iteration 128 (max 500)
   eps = 0.000422 >= 0.0001
Iteration 129 (max 500)
   eps = 0.000401 >= 0.0001
Iteration 130 (max 500)
   eps = 0.00038 >= 0.0001
Iteration 131 (max 500)
   eps = 0.00036 >= 0.0001
Iteration 132 (max 500)
   eps = 0.000342 >= 0.0001
Iteration 133 (max 500)
   eps = 0.000326 >= 0.0001
Iteration 134 (max 500)
   eps = 0.000312 >= 0.0001
Iteration 135 (max 500)
   eps = 0.000299 >= 0.0001
Iteration 136 (max 500)
   eps = 0.000286 >= 0.0001
Iteration 137 (max 500)
   eps = 0.000271 >= 0.0001
Iteration 138 (max 500)
   eps = 0.000257 >= 0.0001
Iteration 139 (max 500)
   eps = 0.000243 >= 0.0001
Iteration 140 (max 500)
   eps = 0.000231 >= 0.0001
Iteration 141 (max 500)
   eps = 0.000219 >= 0.0001
Iteration 142 (max 500)
   eps = 0.000208 >= 0.0001
Iteration 143 (max 500)
   eps = 0.000197 >= 0.0001
Iteration 144 (max 500)
   eps = 0.000186 >= 0.0001
Iteration 145 (max 500)
   eps = 0.000177 >= 0.0001
Iteration 146 (max 500)
   eps = 0.00017 >= 0.0001
Iteration 147 (max 500)
   eps = 0.000162 >= 0.0001
Iteration 148 (max 500)
   eps = 0.000154 >= 0.0001
Iteration 149 (max 500)
   eps = 0.000147 >= 0.0001
Iteration 150 (max 500)
   eps = 0.000139 >= 0.0001
Iteration 151 (max 500)
   eps = 0.000133 >= 0.0001
Iteration 152 (max 500)
   eps = 0.000126 >= 0.0001
Iteration 153 (max 500)
   eps = 0.000121 >= 0.0001
Iteration 154 (max 500)
   eps = 0.000114 >= 0.0001
Iteration 155 (max 500)
   eps = 0.000109 >= 0.0001
Iteration 156 (max 500)
   eps = 0.000104 >= 0.0001
Iteration 157 (max 500)
Time spent by the wind speed solver: 7.246691942214966 s
Rotates geometries from -45.0 degrees
Interp succeeded!!! for tmp_file
Interp succeeded!!! for tmp_file
Interp succeeded!!! for tmp_file
Interp succeeded!!! for tmp_file
Interp succeeded!!! for tmp_file
Interp succeeded!!! for tmp_file
Rotates geometries from -45.0 degrees
Rotates geometries from -45.0 degrees
Rotates geometries from -45.0 degrees
Rotates geometries from -45.0 degrees
Rotates geometries from -45.0 degrees
Rotates geometries from -45.0 degrees
Rotates geometries from -45.0 degrees
Rotates geometries from -45.0 degrees
Rotates geometries from -45.0 degrees
Rotates geometries from -45.0 degrees
Rotates geometries from -45.0 degrees
Process 3849986: Successfully ran URock for tile output 'wind_field_raw_tile_31'.
Process 3849986: Elapsed time for URock ('wind_field_raw_tile_31'): 30.46 seconds.
[Master] Process 3849986 - Tile 31: Finished processing.
[Master] 3849986: exit signal
Info: Debuffered '/storage/project/r-rbasu31-0/hyu483/Test_UMEP/UROCK_output_31_spawn/temp_intermediate_files/tile_31_urock_raw_outputs/z1_5/wind_field_raw_tile_31WS.tif' to '/storage/project/r-rbasu31-0/hyu483/Test_UMEP/UROCK_output_31_spawn/urock_tiled_output/urock_wind_field_tile_31WS.tif' (original extent: (234582.59099838723, 901932.4833440109, 234642.58635222574, 902132.4833440109)).
Connecting to database
	->/tmp/URock_2025-12-21T164218a20ffb42-5d51-43ed-9951-f6a0ecde6cd5/myDbH2
/storage/home/hcoda1/4/hyu483/qgis_332/profiles/default/python/plugins/processing_umep/functions/URock/h2gis-standalone/h2gis-dist-2.2.3.jar
Connected!

Spatial functions added!

Load input data
Load table 'build_pre_srid_20251221164233'
Load table 'veg_pre_srid_20251221164233'
Creates blocks and stacked blocks
Rotates geometries from 45.0 degrees
Identify block base height and block cavity base
Calculates obstacle properties
Calculates zone properties
Initializes upwind facades
Update upwind facades base height
Initializes downwind facades
Calculates study area properties
Roughness zone properties are:

                                 - z0: 1.0105956421501183
                                 - d: 4.549137216949984
                                 - Hr: 8.073110519005327
                                 - H_ob_max: 16
                                 - lambda_f: 0.12518045427112917
Rotates geometries from -45.0 degrees
Rotates geometries from -45.0 degrees
Rotates geometries from -45.0 degrees
Creates displacement zones
Rotates geometries from -45.0 degrees
Rotates geometries from -45.0 degrees
Creates cavity and wake zones
Rotates geometries from -45.0 degrees
Rotates geometries from -45.0 degrees
Creates street canyon zones
Rotates geometries from -45.0 degrees
Creates rooftop zones (perpendicular and corner)
Rotates geometries from -45.0 degrees
Rotates geometries from -45.0 degrees
Creates built-up and open vegetation zones
Rotates geometries from -45.0 degrees
Rotates geometries from -45.0 degrees
Identify the buildings concerned by the impacted zone chosen by the user
Creates the grid of points
Affects each grid point to a building Rockle zone and calculates needed 
          variables for 3D wind speed
Affects each grid point to a vegetation Rockle zone and calculates 
          needed variables for 3D wind speed
Remove some of the Röckle zone points
Creates backward zones
Calculates the 3D wind speed factor value for each point of each BUILDING zone
Rotates geometries from -45.0 degrees
Rotates geometries from -45.0 degrees
Rotates geometries from -45.0 degrees
Rotates geometries from -45.0 degrees
Rotates geometries from -45.0 degrees
Rotates geometries from -45.0 degrees
Rotates geometries from -45.0 degrees
Rotates geometries from -45.0 degrees
Rotates geometries from -45.0 degrees
Calculates the 3D wind speed factor value for each point of each VEGETATION zone
Rotates geometries from -45.0 degrees
Deals with superimposition (keeps only 1 value per 3D point)
Deals with superimposition (keeps only 1 value per 3D point)
Identify upstreamer points in TEMPO_WEIGHTING table
Identify upstreamer points in TEMPO_PRIORITIES table
Identify upstreamer points in TEMPO_PRIORITIES_WEIGHT table
Deals with superimposition (keeps only 1 value per 3D point)
Identify upstreamer points in TEMPO_WEIGHTING table
Identify upstreamer points in TEMPO_PRIORITIES table
Identify upstreamer points in TEMPO_PRIORITIES_WEIGHT table
Rotates geometries from -45.0 degrees
Identify grid points intersecting buildings
Set the initial 3D wind speed field
Time spent for wind speed initialization: 104.53236317634583 s
Shape: (124, 155, 17) - Nb cells: 326740
Start to apply the wind solver
Iteration 1 (max 500)
   eps = 0.577477 >= 0.0001
Iteration 2 (max 500)
   eps = 0.431916 >= 0.0001
Iteration 3 (max 500)
   eps = 0.355492 >= 0.0001
Iteration 4 (max 500)
   eps = 0.295544 >= 0.0001
Iteration 5 (max 500)
   eps = 0.240002 >= 0.0001
Iteration 6 (max 500)
   eps = 0.19569 >= 0.0001
Iteration 7 (max 500)
   eps = 0.166025 >= 0.0001
Iteration 8 (max 500)
   eps = 0.145037 >= 0.0001
Iteration 9 (max 500)
   eps = 0.128778 >= 0.0001
Iteration 10 (max 500)
   eps = 0.116769 >= 0.0001
Iteration 11 (max 500)
   eps = 0.10826 >= 0.0001
Iteration 12 (max 500)
   eps = 0.098986 >= 0.0001
Iteration 13 (max 500)
   eps = 0.091636 >= 0.0001
Iteration 14 (max 500)
   eps = 0.085485 >= 0.0001
Iteration 15 (max 500)
   eps = 0.099247 >= 0.0001
Iteration 16 (max 500)
   eps = 0.078381 >= 0.0001
Iteration 17 (max 500)
   eps = 0.073275 >= 0.0001
Iteration 18 (max 500)
   eps = 0.069326 >= 0.0001
Iteration 19 (max 500)
   eps = 0.065722 >= 0.0001
Iteration 20 (max 500)
   eps = 0.062073 >= 0.0001
Iteration 21 (max 500)
   eps = 0.059182 >= 0.0001
Iteration 22 (max 500)
   eps = 0.056865 >= 0.0001
Iteration 23 (max 500)
   eps = 0.054824 >= 0.0001
Iteration 24 (max 500)
   eps = 0.053196 >= 0.0001
Iteration 25 (max 500)
   eps = 0.051726 >= 0.0001
Iteration 26 (max 500)
   eps = 0.050572 >= 0.0001
Iteration 27 (max 500)
   eps = 0.04938 >= 0.0001
Iteration 28 (max 500)
   eps = 0.048013 >= 0.0001
Iteration 29 (max 500)
   eps = 0.046624 >= 0.0001
Iteration 30 (max 500)
   eps = 0.045428 >= 0.0001
Iteration 31 (max 500)
   eps = 0.043944 >= 0.0001
Iteration 32 (max 500)
   eps = 0.042506 >= 0.0001
Iteration 33 (max 500)
   eps = 0.041105 >= 0.0001
Iteration 34 (max 500)
   eps = 0.039973 >= 0.0001
Iteration 35 (max 500)
   eps = 0.038824 >= 0.0001
Iteration 36 (max 500)
   eps = 0.037789 >= 0.0001
Iteration 37 (max 500)
   eps = 0.036699 >= 0.0001
Iteration 38 (max 500)
   eps = 0.035791 >= 0.0001
Iteration 39 (max 500)
   eps = 0.034823 >= 0.0001
Iteration 40 (max 500)
   eps = 0.033926 >= 0.0001
Iteration 41 (max 500)
   eps = 0.032844 >= 0.0001
Iteration 42 (max 500)
   eps = 0.031845 >= 0.0001
Iteration 43 (max 500)
   eps = 0.030874 >= 0.0001
Iteration 44 (max 500)
   eps = 0.029971 >= 0.0001
Iteration 45 (max 500)
   eps = 0.02904 >= 0.0001
Iteration 46 (max 500)
   eps = 0.028069 >= 0.0001
Iteration 47 (max 500)
   eps = 0.027144 >= 0.0001
Iteration 48 (max 500)
   eps = 0.026194 >= 0.0001
Iteration 49 (max 500)
   eps = 0.025238 >= 0.0001
Iteration 50 (max 500)
   eps = 0.024319 >= 0.0001
Iteration 51 (max 500)
   eps = 0.023466 >= 0.0001
Iteration 52 (max 500)
   eps = 0.022676 >= 0.0001
Iteration 53 (max 500)
   eps = 0.021849 >= 0.0001
Iteration 54 (max 500)
   eps = 0.02108 >= 0.0001
Iteration 55 (max 500)
   eps = 0.020334 >= 0.0001
Iteration 56 (max 500)
   eps = 0.019568 >= 0.0001
Iteration 57 (max 500)
   eps = 0.018879 >= 0.0001
Iteration 58 (max 500)
   eps = 0.018237 >= 0.0001
Iteration 59 (max 500)
   eps = 0.017615 >= 0.0001
Iteration 60 (max 500)
   eps = 0.016967 >= 0.0001
Iteration 61 (max 500)
   eps = 0.016434 >= 0.0001
Iteration 62 (max 500)
   eps = 0.015934 >= 0.0001
Iteration 63 (max 500)
   eps = 0.015421 >= 0.0001
Iteration 64 (max 500)
   eps = 0.014918 >= 0.0001
Iteration 65 (max 500)
   eps = 0.014377 >= 0.0001
Iteration 66 (max 500)
   eps = 0.013843 >= 0.0001
Iteration 67 (max 500)
   eps = 0.013349 >= 0.0001
Iteration 68 (max 500)
   eps = 0.012851 >= 0.0001
Iteration 69 (max 500)
   eps = 0.012419 >= 0.0001
Iteration 70 (max 500)
   eps = 0.01202 >= 0.0001
Iteration 71 (max 500)
   eps = 0.011619 >= 0.0001
Iteration 72 (max 500)
   eps = 0.011235 >= 0.0001
Iteration 73 (max 500)
   eps = 0.010893 >= 0.0001
Iteration 74 (max 500)
   eps = 0.010545 >= 0.0001
Iteration 75 (max 500)
   eps = 0.010212 >= 0.0001
Iteration 76 (max 500)
   eps = 0.009907 >= 0.0001
Iteration 77 (max 500)
   eps = 0.009606 >= 0.0001
Iteration 78 (max 500)
   eps = 0.009284 >= 0.0001
Iteration 79 (max 500)
   eps = 0.009029 >= 0.0001
Iteration 80 (max 500)
   eps = 0.008756 >= 0.0001
Iteration 81 (max 500)
   eps = 0.008493 >= 0.0001
Iteration 82 (max 500)
   eps = 0.008203 >= 0.0001
Iteration 83 (max 500)
   eps = 0.007931 >= 0.0001
Iteration 84 (max 500)
   eps = 0.00767 >= 0.0001
Iteration 85 (max 500)
   eps = 0.007431 >= 0.0001
Iteration 86 (max 500)
   eps = 0.007216 >= 0.0001
Iteration 87 (max 500)
   eps = 0.006963 >= 0.0001
Iteration 88 (max 500)
   eps = 0.006733 >= 0.0001
Iteration 89 (max 500)
   eps = 0.006513 >= 0.0001
Iteration 90 (max 500)
   eps = 0.006296 >= 0.0001
Iteration 91 (max 500)
   eps = 0.006096 >= 0.0001
Iteration 92 (max 500)
   eps = 0.005883 >= 0.0001
Iteration 93 (max 500)
   eps = 0.005689 >= 0.0001
Iteration 94 (max 500)
   eps = 0.005509 >= 0.0001
Iteration 95 (max 500)
   eps = 0.00531 >= 0.0001
Iteration 96 (max 500)
   eps = 0.005135 >= 0.0001
Iteration 97 (max 500)
   eps = 0.004955 >= 0.0001
Iteration 98 (max 500)
   eps = 0.004789 >= 0.0001
Iteration 99 (max 500)
   eps = 0.004628 >= 0.0001
Iteration 100 (max 500)
   eps = 0.004474 >= 0.0001
Iteration 101 (max 500)
   eps = 0.004316 >= 0.0001
Iteration 102 (max 500)
   eps = 0.00417 >= 0.0001
Iteration 103 (max 500)
   eps = 0.004046 >= 0.0001
Iteration 104 (max 500)
   eps = 0.003929 >= 0.0001
Iteration 105 (max 500)
   eps = 0.003792 >= 0.0001
Iteration 106 (max 500)
   eps = 0.003654 >= 0.0001
Iteration 107 (max 500)
   eps = 0.003539 >= 0.0001
Iteration 108 (max 500)
   eps = 0.003445 >= 0.0001
Iteration 109 (max 500)
   eps = 0.003364 >= 0.0001
Iteration 110 (max 500)
   eps = 0.003259 >= 0.0001
Iteration 111 (max 500)
   eps = 0.003135 >= 0.0001
Iteration 112 (max 500)
   eps = 0.003004 >= 0.0001
Iteration 113 (max 500)
   eps = 0.002887 >= 0.0001
Iteration 114 (max 500)
   eps = 0.002774 >= 0.0001
Iteration 115 (max 500)
   eps = 0.002669 >= 0.0001
Iteration 116 (max 500)
   eps = 0.002569 >= 0.0001
Iteration 117 (max 500)
   eps = 0.002478 >= 0.0001
Iteration 118 (max 500)
   eps = 0.002392 >= 0.0001
Iteration 119 (max 500)
   eps = 0.002328 >= 0.0001
Iteration 120 (max 500)
   eps = 0.002254 >= 0.0001
Iteration 121 (max 500)
   eps = 0.002184 >= 0.0001
Iteration 122 (max 500)
   eps = 0.002097 >= 0.0001
Iteration 123 (max 500)
   eps = 0.00202 >= 0.0001
Iteration 124 (max 500)
   eps = 0.001936 >= 0.0001
Iteration 125 (max 500)
   eps = 0.001868 >= 0.0001
Iteration 126 (max 500)
   eps = 0.001806 >= 0.0001
Iteration 127 (max 500)
   eps = 0.001745 >= 0.0001
Iteration 128 (max 500)
   eps = 0.001685 >= 0.0001
Iteration 129 (max 500)
   eps = 0.001625 >= 0.0001
Iteration 130 (max 500)
   eps = 0.001569 >= 0.0001
Iteration 131 (max 500)
   eps = 0.001514 >= 0.0001
Iteration 132 (max 500)
   eps = 0.001464 >= 0.0001
Iteration 133 (max 500)
   eps = 0.001411 >= 0.0001
Iteration 134 (max 500)
   eps = 0.001362 >= 0.0001
Iteration 135 (max 500)
   eps = 0.001313 >= 0.0001
Iteration 136 (max 500)
   eps = 0.001272 >= 0.0001
Iteration 137 (max 500)
   eps = 0.00122 >= 0.0001
Iteration 138 (max 500)
   eps = 0.001176 >= 0.0001
Iteration 139 (max 500)
   eps = 0.001133 >= 0.0001
Iteration 140 (max 500)
   eps = 0.001095 >= 0.0001
Iteration 141 (max 500)
   eps = 0.00106 >= 0.0001
Iteration 142 (max 500)
   eps = 0.001027 >= 0.0001
Iteration 143 (max 500)
   eps = 0.000992 >= 0.0001
Iteration 144 (max 500)
   eps = 0.000954 >= 0.0001
Iteration 145 (max 500)
   eps = 0.000916 >= 0.0001
Iteration 146 (max 500)
   eps = 0.000882 >= 0.0001
Iteration 147 (max 500)
   eps = 0.000854 >= 0.0001
Iteration 148 (max 500)
   eps = 0.000821 >= 0.0001
Iteration 149 (max 500)
   eps = 0.000792 >= 0.0001
Iteration 150 (max 500)
   eps = 0.000758 >= 0.0001
Iteration 151 (max 500)
   eps = 0.000732 >= 0.0001
Iteration 152 (max 500)
   eps = 0.000707 >= 0.0001
Iteration 153 (max 500)
   eps = 0.000683 >= 0.0001
Iteration 154 (max 500)
   eps = 0.000663 >= 0.0001
Iteration 155 (max 500)
   eps = 0.000639 >= 0.0001
Iteration 156 (max 500)
   eps = 0.000614 >= 0.0001
Iteration 157 (max 500)
   eps = 0.000592 >= 0.0001
Iteration 158 (max 500)
   eps = 0.000569 >= 0.0001
Iteration 159 (max 500)
   eps = 0.000551 >= 0.0001
Iteration 160 (max 500)
   eps = 0.000532 >= 0.0001
Iteration 161 (max 500)
   eps = 0.000512 >= 0.0001
Iteration 162 (max 500)
   eps = 0.000493 >= 0.0001
Iteration 163 (max 500)
   eps = 0.000475 >= 0.0001
Iteration 164 (max 500)
   eps = 0.000457 >= 0.0001
Iteration 165 (max 500)
   eps = 0.00044 >= 0.0001
Iteration 166 (max 500)
   eps = 0.000423 >= 0.0001
Iteration 167 (max 500)
   eps = 0.000407 >= 0.0001
Iteration 168 (max 500)
   eps = 0.000391 >= 0.0001
Iteration 169 (max 500)
   eps = 0.000377 >= 0.0001
Iteration 170 (max 500)
   eps = 0.000364 >= 0.0001
Iteration 171 (max 500)
   eps = 0.000351 >= 0.0001
Iteration 172 (max 500)
   eps = 0.000339 >= 0.0001
Iteration 173 (max 500)
   eps = 0.000328 >= 0.0001
Iteration 174 (max 500)
   eps = 0.000315 >= 0.0001
Iteration 175 (max 500)
   eps = 0.000303 >= 0.0001
Iteration 176 (max 500)
   eps = 0.000293 >= 0.0001
Iteration 177 (max 500)
   eps = 0.000281 >= 0.0001
Iteration 178 (max 500)
   eps = 0.000271 >= 0.0001
Iteration 179 (max 500)
   eps = 0.000262 >= 0.0001
Iteration 180 (max 500)
   eps = 0.000253 >= 0.0001
Iteration 181 (max 500)
   eps = 0.000244 >= 0.0001
Iteration 182 (max 500)
   eps = 0.000233 >= 0.0001
Iteration 183 (max 500)
   eps = 0.000224 >= 0.0001
Iteration 184 (max 500)
   eps = 0.000217 >= 0.0001
Iteration 185 (max 500)
   eps = 0.00021 >= 0.0001
Iteration 186 (max 500)
   eps = 0.000202 >= 0.0001
Iteration 187 (max 500)
   eps = 0.000194 >= 0.0001
Iteration 188 (max 500)
   eps = 0.000184 >= 0.0001
Iteration 189 (max 500)
   eps = 0.000177 >= 0.0001
Iteration 190 (max 500)
   eps = 0.000169 >= 0.0001
Iteration 191 (max 500)
   eps = 0.000164 >= 0.0001
Iteration 192 (max 500)
   eps = 0.000158 >= 0.0001
Iteration 193 (max 500)
   eps = 0.000152 >= 0.0001
Iteration 194 (max 500)
   eps = 0.000148 >= 0.0001
Iteration 195 (max 500)
   eps = 0.000142 >= 0.0001
Iteration 196 (max 500)
   eps = 0.000135 >= 0.0001
Iteration 197 (max 500)
   eps = 0.000128 >= 0.0001
Iteration 198 (max 500)
   eps = 0.000122 >= 0.0001
Iteration 199 (max 500)
   eps = 0.000116 >= 0.0001
Iteration 200 (max 500)
   eps = 0.000112 >= 0.0001
Iteration 201 (max 500)
   eps = 0.000108 >= 0.0001
Iteration 202 (max 500)
   eps = 0.000104 >= 0.0001
Iteration 203 (max 500)
   eps = 0.0001 >= 0.0001
Iteration 204 (max 500)
Time spent by the wind speed solver: 20.433147430419922 s
Rotates geometries from -45.0 degrees
Interp succeeded!!! for tmp_file
Interp succeeded!!! for tmp_file
Interp succeeded!!! for tmp_file
Interp succeeded!!! for tmp_file
Interp succeeded!!! for tmp_file
Interp succeeded!!! for tmp_file
Rotates geometries from -45.0 degrees
Rotates geometries from -45.0 degrees
Rotates geometries from -45.0 degrees
Rotates geometries from -45.0 degrees
Rotates geometries from -45.0 degrees
Rotates geometries from -45.0 degrees
Rotates geometries from -45.0 degrees
Rotates geometries from -45.0 degrees
Rotates geometries from -45.0 degrees
Rotates geometries from -45.0 degrees
Rotates geometries from -45.0 degrees
Process 3849983: Successfully ran URock for tile output 'wind_field_raw_tile_8'.
Process 3849983: Elapsed time for URock ('wind_field_raw_tile_8'): 172.96 seconds.
[Master] Process 3849983 - Tile 8: Finished processing.
[Master] 3849983: exit signal
Info: Debuffered '/storage/project/r-rbasu31-0/hyu483/Test_UMEP/UROCK_output_31_spawn/temp_intermediate_files/tile_8_urock_raw_outputs/z1_5/wind_field_raw_tile_8WS.tif' to '/storage/project/r-rbasu31-0/hyu483/Test_UMEP/UROCK_output_31_spawn/urock_tiled_output/urock_wind_field_tile_8WS.tif' (original extent: (233782.59099838723, 902132.4833440109, 233982.59099838723, 902332.4833440109)).
Connecting to database
	->/tmp/URock_2025-12-21T164219d0d993c6-55ca-4a18-874e-e99531ecbcd2/myDbH2
/storage/home/hcoda1/4/hyu483/qgis_332/profiles/default/python/plugins/processing_umep/functions/URock/h2gis-standalone/h2gis-dist-2.2.3.jar
Connected!

Spatial functions added!

Load input data
Load table 'build_pre_srid_20251221164240'
Load table 'veg_pre_srid_20251221164240'
Creates blocks and stacked blocks
Rotates geometries from 45.0 degrees
Identify block base height and block cavity base
Calculates obstacle properties
Calculates zone properties
Initializes upwind facades
Update upwind facades base height
Initializes downwind facades
Calculates study area properties
Roughness zone properties are:

                                 - z0: 0.5384659135650856
                                 - d: 1.769413641279676
                                 - Hr: 9.537191066626352
                                 - H_ob_max: 16
                                 - lambda_f: 0.05645959169774296
Rotates geometries from -45.0 degrees
Rotates geometries from -45.0 degrees
Rotates geometries from -45.0 degrees
Creates displacement zones
Rotates geometries from -45.0 degrees
Rotates geometries from -45.0 degrees
Creates cavity and wake zones
Rotates geometries from -45.0 degrees
Rotates geometries from -45.0 degrees
Creates street canyon zones
Rotates geometries from -45.0 degrees
Creates rooftop zones (perpendicular and corner)
Rotates geometries from -45.0 degrees
Rotates geometries from -45.0 degrees
Creates built-up and open vegetation zones
Rotates geometries from -45.0 degrees
Rotates geometries from -45.0 degrees
Identify the buildings concerned by the impacted zone chosen by the user
Creates the grid of points
Affects each grid point to a building Rockle zone and calculates needed 
          variables for 3D wind speed
Affects each grid point to a vegetation Rockle zone and calculates 
          needed variables for 3D wind speed
Remove some of the Röckle zone points
Creates backward zones
Calculates the 3D wind speed factor value for each point of each BUILDING zone
Rotates geometries from -45.0 degrees
Rotates geometries from -45.0 degrees
Rotates geometries from -45.0 degrees
Rotates geometries from -45.0 degrees
Rotates geometries from -45.0 degrees
Rotates geometries from -45.0 degrees
Rotates geometries from -45.0 degrees
Rotates geometries from -45.0 degrees
Rotates geometries from -45.0 degrees
Calculates the 3D wind speed factor value for each point of each VEGETATION zone
Rotates geometries from -45.0 degrees
Deals with superimposition (keeps only 1 value per 3D point)
Deals with superimposition (keeps only 1 value per 3D point)
Identify upstreamer points in TEMPO_WEIGHTING table
Identify upstreamer points in TEMPO_PRIORITIES table
Identify upstreamer points in TEMPO_PRIORITIES_WEIGHT table
Deals with superimposition (keeps only 1 value per 3D point)
Identify upstreamer points in TEMPO_WEIGHTING table
Identify upstreamer points in TEMPO_PRIORITIES table
Identify upstreamer points in TEMPO_PRIORITIES_WEIGHT table
Rotates geometries from -45.0 degrees
Identify grid points intersecting buildings
Set the initial 3D wind speed field
Time spent for wind speed initialization: 93.1206202507019 s
Shape: (131, 157, 19) - Nb cells: 390773
Start to apply the wind solver
Iteration 1 (max 500)
   eps = 0.528811 >= 0.0001
Iteration 2 (max 500)
   eps = 0.379398 >= 0.0001
Iteration 3 (max 500)
   eps = 0.309426 >= 0.0001
Iteration 4 (max 500)
   eps = 0.257424 >= 0.0001
Iteration 5 (max 500)
   eps = 0.214907 >= 0.0001
Iteration 6 (max 500)
   eps = 0.180674 >= 0.0001
Iteration 7 (max 500)
   eps = 0.15376 >= 0.0001
Iteration 8 (max 500)
   eps = 0.132021 >= 0.0001
Iteration 9 (max 500)
   eps = 0.115743 >= 0.0001
Iteration 10 (max 500)
   eps = 0.103115 >= 0.0001
Iteration 11 (max 500)
   eps = 0.092735 >= 0.0001
Iteration 12 (max 500)
   eps = 0.085182 >= 0.0001
Iteration 13 (max 500)
   eps = 0.077664 >= 0.0001
Iteration 14 (max 500)
   eps = 0.071372 >= 0.0001
Iteration 15 (max 500)
   eps = 0.065778 >= 0.0001
Iteration 16 (max 500)
   eps = 0.060797 >= 0.0001
Iteration 17 (max 500)
   eps = 0.070626 >= 0.0001
Iteration 18 (max 500)
   eps = 0.057292 >= 0.0001
Iteration 19 (max 500)
   eps = 0.051007 >= 0.0001
Iteration 20 (max 500)
   eps = 0.048016 >= 0.0001
Iteration 21 (max 500)
   eps = 0.045947 >= 0.0001
Iteration 22 (max 500)
   eps = 0.044533 >= 0.0001
Iteration 23 (max 500)
   eps = 0.043011 >= 0.0001
Iteration 24 (max 500)
   eps = 0.041344 >= 0.0001
Iteration 25 (max 500)
   eps = 0.039701 >= 0.0001
Iteration 26 (max 500)
   eps = 0.038307 >= 0.0001
Iteration 27 (max 500)
   eps = 0.03707 >= 0.0001
Iteration 28 (max 500)
   eps = 0.035675 >= 0.0001
Iteration 29 (max 500)
   eps = 0.034378 >= 0.0001
Iteration 30 (max 500)
   eps = 0.032986 >= 0.0001
Iteration 31 (max 500)
   eps = 0.031709 >= 0.0001
Iteration 32 (max 500)
   eps = 0.030459 >= 0.0001
Iteration 33 (max 500)
   eps = 0.029202 >= 0.0001
Iteration 34 (max 500)
   eps = 0.028302 >= 0.0001
Iteration 35 (max 500)
   eps = 0.027098 >= 0.0001
Iteration 36 (max 500)
   eps = 0.025985 >= 0.0001
Iteration 37 (max 500)
   eps = 0.025064 >= 0.0001
Iteration 38 (max 500)
   eps = 0.024176 >= 0.0001
Iteration 39 (max 500)
   eps = 0.023326 >= 0.0001
Iteration 40 (max 500)
   eps = 0.022523 >= 0.0001
Iteration 41 (max 500)
   eps = 0.021684 >= 0.0001
Iteration 42 (max 500)
   eps = 0.020874 >= 0.0001
Iteration 43 (max 500)
   eps = 0.02011 >= 0.0001
Iteration 44 (max 500)
   eps = 0.019363 >= 0.0001
Iteration 45 (max 500)
   eps = 0.018652 >= 0.0001
Iteration 46 (max 500)
   eps = 0.01798 >= 0.0001
Iteration 47 (max 500)
   eps = 0.017332 >= 0.0001
Iteration 48 (max 500)
   eps = 0.016735 >= 0.0001
Iteration 49 (max 500)
   eps = 0.016184 >= 0.0001
Iteration 50 (max 500)
   eps = 0.015649 >= 0.0001
Iteration 51 (max 500)
   eps = 0.015117 >= 0.0001
Iteration 52 (max 500)
   eps = 0.014608 >= 0.0001
Iteration 53 (max 500)
   eps = 0.014111 >= 0.0001
Iteration 54 (max 500)
   eps = 0.013581 >= 0.0001
Iteration 55 (max 500)
   eps = 0.013097 >= 0.0001
Iteration 56 (max 500)
   eps = 0.01262 >= 0.0001
Iteration 57 (max 500)
   eps = 0.012157 >= 0.0001
Iteration 58 (max 500)
   eps = 0.011752 >= 0.0001
Iteration 59 (max 500)
   eps = 0.011343 >= 0.0001
Iteration 60 (max 500)
   eps = 0.010957 >= 0.0001
Iteration 61 (max 500)
   eps = 0.010569 >= 0.0001
Iteration 62 (max 500)
   eps = 0.010189 >= 0.0001
Iteration 63 (max 500)
   eps = 0.009812 >= 0.0001
Iteration 64 (max 500)
   eps = 0.009473 >= 0.0001
Iteration 65 (max 500)
   eps = 0.009202 >= 0.0001
Iteration 66 (max 500)
   eps = 0.008916 >= 0.0001
Iteration 67 (max 500)
   eps = 0.008603 >= 0.0001
Iteration 68 (max 500)
   eps = 0.008299 >= 0.0001
Iteration 69 (max 500)
   eps = 0.008023 >= 0.0001
Iteration 70 (max 500)
   eps = 0.007777 >= 0.0001
Iteration 71 (max 500)
   eps = 0.007516 >= 0.0001
Iteration 72 (max 500)
   eps = 0.00727 >= 0.0001
Iteration 73 (max 500)
   eps = 0.007036 >= 0.0001
Iteration 74 (max 500)
   eps = 0.006809 >= 0.0001
Iteration 75 (max 500)
   eps = 0.006593 >= 0.0001
Iteration 76 (max 500)
   eps = 0.006379 >= 0.0001
Iteration 77 (max 500)
   eps = 0.006172 >= 0.0001
Iteration 78 (max 500)
   eps = 0.005966 >= 0.0001
Iteration 79 (max 500)
   eps = 0.00575 >= 0.0001
Iteration 80 (max 500)
   eps = 0.005556 >= 0.0001
Iteration 81 (max 500)
   eps = 0.005368 >= 0.0001
Iteration 82 (max 500)
   eps = 0.005189 >= 0.0001
Iteration 83 (max 500)
   eps = 0.005009 >= 0.0001
Iteration 84 (max 500)
   eps = 0.004849 >= 0.0001
Iteration 85 (max 500)
   eps = 0.004685 >= 0.0001
Iteration 86 (max 500)
   eps = 0.004546 >= 0.0001
Iteration 87 (max 500)
   eps = 0.004408 >= 0.0001
Iteration 88 (max 500)
   eps = 0.00427 >= 0.0001
Iteration 89 (max 500)
   eps = 0.004134 >= 0.0001
Iteration 90 (max 500)
   eps = 0.004001 >= 0.0001
Iteration 91 (max 500)
   eps = 0.003872 >= 0.0001
Iteration 92 (max 500)
   eps = 0.003749 >= 0.0001
Iteration 93 (max 500)
   eps = 0.003625 >= 0.0001
Iteration 94 (max 500)
   eps = 0.003508 >= 0.0001
Iteration 95 (max 500)
   eps = 0.003402 >= 0.0001
Iteration 96 (max 500)
   eps = 0.003299 >= 0.0001
Iteration 97 (max 500)
   eps = 0.003197 >= 0.0001
Iteration 98 (max 500)
   eps = 0.003093 >= 0.0001
Iteration 99 (max 500)
   eps = 0.00299 >= 0.0001
Iteration 100 (max 500)
   eps = 0.002887 >= 0.0001
Iteration 101 (max 500)
   eps = 0.002794 >= 0.0001
Iteration 102 (max 500)
   eps = 0.002699 >= 0.0001
Iteration 103 (max 500)
   eps = 0.00261 >= 0.0001
Iteration 104 (max 500)
   eps = 0.002518 >= 0.0001
Iteration 105 (max 500)
   eps = 0.00243 >= 0.0001
Iteration 106 (max 500)
   eps = 0.002351 >= 0.0001
Iteration 107 (max 500)
   eps = 0.002277 >= 0.0001
Iteration 108 (max 500)
   eps = 0.002205 >= 0.0001
Iteration 109 (max 500)
   eps = 0.002136 >= 0.0001
Iteration 110 (max 500)
   eps = 0.002067 >= 0.0001
Iteration 111 (max 500)
   eps = 0.001998 >= 0.0001
Iteration 112 (max 500)
   eps = 0.001928 >= 0.0001
Iteration 113 (max 500)
   eps = 0.001858 >= 0.0001
Iteration 114 (max 500)
   eps = 0.001788 >= 0.0001
Iteration 115 (max 500)
   eps = 0.00172 >= 0.0001
Iteration 116 (max 500)
   eps = 0.001655 >= 0.0001
Iteration 117 (max 500)
   eps = 0.0016 >= 0.0001
Iteration 118 (max 500)
   eps = 0.001548 >= 0.0001
Iteration 119 (max 500)
   eps = 0.001499 >= 0.0001
Iteration 120 (max 500)
   eps = 0.001453 >= 0.0001
Iteration 121 (max 500)
   eps = 0.001407 >= 0.0001
Iteration 122 (max 500)
   eps = 0.001355 >= 0.0001
Iteration 123 (max 500)
   eps = 0.001309 >= 0.0001
Iteration 124 (max 500)
   eps = 0.001268 >= 0.0001
Iteration 125 (max 500)
   eps = 0.001231 >= 0.0001
Iteration 126 (max 500)
   eps = 0.001193 >= 0.0001
Iteration 127 (max 500)
   eps = 0.001154 >= 0.0001
Iteration 128 (max 500)
   eps = 0.001115 >= 0.0001
Iteration 129 (max 500)
   eps = 0.001076 >= 0.0001
Iteration 130 (max 500)
   eps = 0.001038 >= 0.0001
Iteration 131 (max 500)
   eps = 0.001001 >= 0.0001
Iteration 132 (max 500)
   eps = 0.000968 >= 0.0001
Iteration 133 (max 500)
   eps = 0.000936 >= 0.0001
Iteration 134 (max 500)
   eps = 0.000903 >= 0.0001
Iteration 135 (max 500)
   eps = 0.000875 >= 0.0001
Iteration 136 (max 500)
   eps = 0.000848 >= 0.0001
Iteration 137 (max 500)
   eps = 0.000815 >= 0.0001
Iteration 138 (max 500)
   eps = 0.000783 >= 0.0001
Iteration 139 (max 500)
   eps = 0.000753 >= 0.0001
Iteration 140 (max 500)
   eps = 0.000724 >= 0.0001
Iteration 141 (max 500)
   eps = 0.000697 >= 0.0001
Iteration 142 (max 500)
   eps = 0.000673 >= 0.0001
Iteration 143 (max 500)
   eps = 0.000651 >= 0.0001
Iteration 144 (max 500)
   eps = 0.000626 >= 0.0001
Iteration 145 (max 500)
   eps = 0.000605 >= 0.0001
Iteration 146 (max 500)
   eps = 0.000588 >= 0.0001
Iteration 147 (max 500)
   eps = 0.000567 >= 0.0001
Iteration 148 (max 500)
   eps = 0.000549 >= 0.0001
Iteration 149 (max 500)
   eps = 0.00053 >= 0.0001
Iteration 150 (max 500)
   eps = 0.000516 >= 0.0001
Iteration 151 (max 500)
   eps = 0.000498 >= 0.0001
Iteration 152 (max 500)
   eps = 0.000485 >= 0.0001
Iteration 153 (max 500)
   eps = 0.000469 >= 0.0001
Iteration 154 (max 500)
   eps = 0.000451 >= 0.0001
Iteration 155 (max 500)
   eps = 0.000435 >= 0.0001
Iteration 156 (max 500)
   eps = 0.00042 >= 0.0001
Iteration 157 (max 500)
   eps = 0.000405 >= 0.0001
Iteration 158 (max 500)
   eps = 0.000391 >= 0.0001
Iteration 159 (max 500)
   eps = 0.000376 >= 0.0001
Iteration 160 (max 500)
   eps = 0.000362 >= 0.0001
Iteration 161 (max 500)
   eps = 0.000347 >= 0.0001
Iteration 162 (max 500)
   eps = 0.000335 >= 0.0001
Iteration 163 (max 500)
   eps = 0.000324 >= 0.0001
Iteration 164 (max 500)
   eps = 0.000311 >= 0.0001
Iteration 165 (max 500)
   eps = 0.0003 >= 0.0001
Iteration 166 (max 500)
   eps = 0.00029 >= 0.0001
Iteration 167 (max 500)
   eps = 0.000282 >= 0.0001
Iteration 168 (max 500)
   eps = 0.000272 >= 0.0001
Iteration 169 (max 500)
   eps = 0.000262 >= 0.0001
Iteration 170 (max 500)
   eps = 0.000252 >= 0.0001
Iteration 171 (max 500)
   eps = 0.000243 >= 0.0001
Iteration 172 (max 500)
   eps = 0.000234 >= 0.0001
Iteration 173 (max 500)
   eps = 0.000225 >= 0.0001
Iteration 174 (max 500)
   eps = 0.000217 >= 0.0001
Iteration 175 (max 500)
   eps = 0.000209 >= 0.0001
Iteration 176 (max 500)
   eps = 0.000202 >= 0.0001
Iteration 177 (max 500)
   eps = 0.000194 >= 0.0001
Iteration 178 (max 500)
   eps = 0.000186 >= 0.0001
Iteration 179 (max 500)
   eps = 0.000179 >= 0.0001
Iteration 180 (max 500)
   eps = 0.000173 >= 0.0001
Iteration 181 (max 500)
   eps = 0.000167 >= 0.0001
Iteration 182 (max 500)
   eps = 0.000161 >= 0.0001
Iteration 183 (max 500)
   eps = 0.000155 >= 0.0001
Iteration 184 (max 500)
   eps = 0.00015 >= 0.0001
Iteration 185 (max 500)
   eps = 0.000145 >= 0.0001
Iteration 186 (max 500)
   eps = 0.00014 >= 0.0001
Iteration 187 (max 500)
   eps = 0.000136 >= 0.0001
Iteration 188 (max 500)
   eps = 0.000131 >= 0.0001
Iteration 189 (max 500)
   eps = 0.000126 >= 0.0001
Iteration 190 (max 500)
   eps = 0.000122 >= 0.0001
Iteration 191 (max 500)
   eps = 0.000118 >= 0.0001
Iteration 192 (max 500)
   eps = 0.000114 >= 0.0001
Iteration 193 (max 500)
   eps = 0.000109 >= 0.0001
Iteration 194 (max 500)
   eps = 0.000106 >= 0.0001
Iteration 195 (max 500)
   eps = 0.000102 >= 0.0001
Iteration 196 (max 500)
Time spent by the wind speed solver: 24.18490195274353 s
Rotates geometries from -45.0 degrees
Interp succeeded!!! for tmp_file
Interp succeeded!!! for tmp_file
Interp succeeded!!! for tmp_file
Interp succeeded!!! for tmp_file
Interp succeeded!!! for tmp_file
Interp succeeded!!! for tmp_file
Rotates geometries from -45.0 degrees
Rotates geometries from -45.0 degrees
Rotates geometries from -45.0 degrees
Rotates geometries from -45.0 degrees
Rotates geometries from -45.0 degrees
Rotates geometries from -45.0 degrees
Rotates geometries from -45.0 degrees
Rotates geometries from -45.0 degrees
Rotates geometries from -45.0 degrees
Rotates geometries from -45.0 degrees
Rotates geometries from -45.0 degrees
Process 3849992: Successfully ran URock for tile output 'wind_field_raw_tile_22'.
Process 3849992: Elapsed time for URock ('wind_field_raw_tile_22'): 175.26 seconds.
[Master] Process 3849992 - Tile 22: Finished processing.
[Master] 3849992: exit signal
Info: Debuffered '/storage/project/r-rbasu31-0/hyu483/Test_UMEP/UROCK_output_31_spawn/temp_intermediate_files/tile_22_urock_raw_outputs/z1_5/wind_field_raw_tile_22WS.tif' to '/storage/project/r-rbasu31-0/hyu483/Test_UMEP/UROCK_output_31_spawn/urock_tiled_output/urock_wind_field_tile_22WS.tif' (original extent: (234182.59099838723, 902532.4833440109, 234382.59099838723, 902732.4833440109)).
Connecting to database
	->/tmp/URock_2025-12-21T164452ea2240f9-351f-4ed1-a6b6-5f0d51808ac7/myDbH2
/storage/home/hcoda1/4/hyu483/qgis_332/profiles/default/python/plugins/processing_umep/functions/URock/h2gis-standalone/h2gis-dist-2.2.3.jar
Connected!

Spatial functions added!

Load input data
Load table 'build_pre_srid_20251221164454'
Load table 'veg_pre_srid_20251221164454'
Creates blocks and stacked blocks
Rotates geometries from 45.0 degrees
Identify block base height and block cavity base
Calculates obstacle properties
Calculates zone properties
Initializes upwind facades
Update upwind facades base height
Initializes downwind facades
Calculates study area properties
Roughness zone properties are:

                                 - z0: 2.9600106680960963
                                 - d: 13.845397200689371
                                 - Hr: 19.733404453973975
                                 - H_ob_max: 21
                                 - lambda_f: 0.15463522695846743
Rotates geometries from -45.0 degrees
Rotates geometries from -45.0 degrees
Rotates geometries from -45.0 degrees
Creates displacement zones
Rotates geometries from -45.0 degrees
Rotates geometries from -45.0 degrees
Creates cavity and wake zones
Rotates geometries from -45.0 degrees
Rotates geometries from -45.0 degrees
Creates street canyon zones
Rotates geometries from -45.0 degrees
Creates rooftop zones (perpendicular and corner)
Rotates geometries from -45.0 degrees
Rotates geometries from -45.0 degrees
Creates built-up and open vegetation zones
Rotates geometries from -45.0 degrees
Rotates geometries from -45.0 degrees
Identify the buildings concerned by the impacted zone chosen by the user
Creates the grid of points
Affects each grid point to a building Rockle zone and calculates needed 
          variables for 3D wind speed
Affects each grid point to a vegetation Rockle zone and calculates 
          needed variables for 3D wind speed
Remove some of the Röckle zone points
Creates backward zones
Calculates the 3D wind speed factor value for each point of each BUILDING zone
Rotates geometries from -45.0 degrees
Rotates geometries from -45.0 degrees
Rotates geometries from -45.0 degrees
Rotates geometries from -45.0 degrees
Rotates geometries from -45.0 degrees
Rotates geometries from -45.0 degrees
Rotates geometries from -45.0 degrees
Rotates geometries from -45.0 degrees
Rotates geometries from -45.0 degrees
Calculates the 3D wind speed factor value for each point of each VEGETATION zone
Rotates geometries from -45.0 degrees
Deals with superimposition (keeps only 1 value per 3D point)
Deals with superimposition (keeps only 1 value per 3D point)
Identify upstreamer points in TEMPO_WEIGHTING table
Identify upstreamer points in TEMPO_PRIORITIES table
Identify upstreamer points in TEMPO_PRIORITIES_WEIGHT table
Deals with superimposition (keeps only 1 value per 3D point)
Identify upstreamer points in TEMPO_WEIGHTING table
Identify upstreamer points in TEMPO_PRIORITIES table
Identify upstreamer points in TEMPO_PRIORITIES_WEIGHT table
Rotates geometries from -45.0 degrees
Identify grid points intersecting buildings
Set the initial 3D wind speed field
Time spent for wind speed initialization: 8.692001104354858 s
Shape: (61, 101, 16) - Nb cells: 98576
Start to apply the wind solver
Iteration 1 (max 500)
   eps = 0.602221 >= 0.0001
Iteration 2 (max 500)
   eps = 0.395899 >= 0.0001
Iteration 3 (max 500)
   eps = 0.31027 >= 0.0001
Iteration 4 (max 500)
   eps = 0.248261 >= 0.0001
Iteration 5 (max 500)
   eps = 0.204251 >= 0.0001
Iteration 6 (max 500)
   eps = 0.16949 >= 0.0001
Iteration 7 (max 500)
   eps = 0.142073 >= 0.0001
Iteration 8 (max 500)
   eps = 0.115168 >= 0.0001
Iteration 9 (max 500)
   eps = 0.093928 >= 0.0001
Iteration 10 (max 500)
   eps = 0.078847 >= 0.0001
Iteration 11 (max 500)
   eps = 0.067692 >= 0.0001
Iteration 12 (max 500)
   eps = 0.059332 >= 0.0001
Iteration 13 (max 500)
   eps = 0.052407 >= 0.0001
Iteration 14 (max 500)
   eps = 0.046894 >= 0.0001
Iteration 15 (max 500)
   eps = 0.042803 >= 0.0001
Iteration 16 (max 500)
   eps = 0.038477 >= 0.0001
Iteration 17 (max 500)
   eps = 0.035327 >= 0.0001
Iteration 18 (max 500)
   eps = 0.032633 >= 0.0001
Iteration 19 (max 500)
   eps = 0.030203 >= 0.0001
Iteration 20 (max 500)
   eps = 0.028221 >= 0.0001
Iteration 21 (max 500)
   eps = 0.026464 >= 0.0001
Iteration 22 (max 500)
   eps = 0.024857 >= 0.0001
Iteration 23 (max 500)
   eps = 0.023449 >= 0.0001
Iteration 24 (max 500)
   eps = 0.02205 >= 0.0001
Iteration 25 (max 500)
   eps = 0.02062 >= 0.0001
Iteration 26 (max 500)
   eps = 0.019298 >= 0.0001
Iteration 27 (max 500)
   eps = 0.018048 >= 0.0001
Iteration 28 (max 500)
   eps = 0.016882 >= 0.0001
Iteration 29 (max 500)
   eps = 0.015792 >= 0.0001
Iteration 30 (max 500)
   eps = 0.014743 >= 0.0001
Iteration 31 (max 500)
   eps = 0.013746 >= 0.0001
Iteration 32 (max 500)
   eps = 0.01283 >= 0.0001
Iteration 33 (max 500)
   eps = 0.011996 >= 0.0001
Iteration 34 (max 500)
   eps = 0.011214 >= 0.0001
Iteration 35 (max 500)
   eps = 0.010476 >= 0.0001
Iteration 36 (max 500)
   eps = 0.009792 >= 0.0001
Iteration 37 (max 500)
   eps = 0.009164 >= 0.0001
Iteration 38 (max 500)
   eps = 0.00859 >= 0.0001
Iteration 39 (max 500)
   eps = 0.008066 >= 0.0001
Iteration 40 (max 500)
   eps = 0.007563 >= 0.0001
Iteration 41 (max 500)
   eps = 0.0071 >= 0.0001
Iteration 42 (max 500)
   eps = 0.006683 >= 0.0001
Iteration 43 (max 500)
   eps = 0.006293 >= 0.0001
Iteration 44 (max 500)
   eps = 0.005909 >= 0.0001
Iteration 45 (max 500)
   eps = 0.00556 >= 0.0001
Iteration 46 (max 500)
   eps = 0.005229 >= 0.0001
Iteration 47 (max 500)
   eps = 0.004919 >= 0.0001
Iteration 48 (max 500)
   eps = 0.004626 >= 0.0001
Iteration 49 (max 500)
   eps = 0.004354 >= 0.0001
Iteration 50 (max 500)
   eps = 0.004105 >= 0.0001
Iteration 51 (max 500)
   eps = 0.003871 >= 0.0001
Iteration 52 (max 500)
   eps = 0.003649 >= 0.0001
Iteration 53 (max 500)
   eps = 0.003439 >= 0.0001
Iteration 54 (max 500)
   eps = 0.003247 >= 0.0001
Iteration 55 (max 500)
   eps = 0.003063 >= 0.0001
Iteration 56 (max 500)
   eps = 0.002883 >= 0.0001
Iteration 57 (max 500)
   eps = 0.002713 >= 0.0001
Iteration 58 (max 500)
   eps = 0.002551 >= 0.0001
Iteration 59 (max 500)
   eps = 0.0024 >= 0.0001
Iteration 60 (max 500)
   eps = 0.002255 >= 0.0001
Iteration 61 (max 500)
   eps = 0.00212 >= 0.0001
Iteration 62 (max 500)
   eps = 0.001993 >= 0.0001
Iteration 63 (max 500)
   eps = 0.001874 >= 0.0001
Iteration 64 (max 500)
   eps = 0.001762 >= 0.0001
Iteration 65 (max 500)
   eps = 0.001667 >= 0.0001
Iteration 66 (max 500)
   eps = 0.001556 >= 0.0001
Iteration 67 (max 500)
   eps = 0.001464 >= 0.0001
Iteration 68 (max 500)
   eps = 0.001374 >= 0.0001
Iteration 69 (max 500)
   eps = 0.001293 >= 0.0001
Iteration 70 (max 500)
   eps = 0.001218 >= 0.0001
Iteration 71 (max 500)
   eps = 0.001146 >= 0.0001
Iteration 72 (max 500)
   eps = 0.00108 >= 0.0001
Iteration 73 (max 500)
   eps = 0.001023 >= 0.0001
Iteration 74 (max 500)
   eps = 0.000967 >= 0.0001
Iteration 75 (max 500)
   eps = 0.00091 >= 0.0001
Iteration 76 (max 500)
   eps = 0.000856 >= 0.0001
Iteration 77 (max 500)
   eps = 0.000805 >= 0.0001
Iteration 78 (max 500)
   eps = 0.000754 >= 0.0001
Iteration 79 (max 500)
   eps = 0.000712 >= 0.0001
Iteration 80 (max 500)
   eps = 0.000667 >= 0.0001
Iteration 81 (max 500)
   eps = 0.000627 >= 0.0001
Iteration 82 (max 500)
   eps = 0.000587 >= 0.0001
Iteration 83 (max 500)
   eps = 0.000551 >= 0.0001
Iteration 84 (max 500)
   eps = 0.000515 >= 0.0001
Iteration 85 (max 500)
   eps = 0.000479 >= 0.0001
Iteration 86 (max 500)
   eps = 0.000446 >= 0.0001
Iteration 87 (max 500)
   eps = 0.000415 >= 0.0001
Iteration 88 (max 500)
   eps = 0.000388 >= 0.0001
Iteration 89 (max 500)
   eps = 0.000364 >= 0.0001
Iteration 90 (max 500)
   eps = 0.000341 >= 0.0001
Iteration 91 (max 500)
   eps = 0.00032 >= 0.0001
Iteration 92 (max 500)
   eps = 0.0003 >= 0.0001
Iteration 93 (max 500)
   eps = 0.000282 >= 0.0001
Iteration 94 (max 500)
   eps = 0.000272 >= 0.0001
Iteration 95 (max 500)
   eps = 0.000253 >= 0.0001
Iteration 96 (max 500)
   eps = 0.000238 >= 0.0001
Iteration 97 (max 500)
   eps = 0.000223 >= 0.0001
Iteration 98 (max 500)
   eps = 0.000209 >= 0.0001
Iteration 99 (max 500)
   eps = 0.000196 >= 0.0001
Iteration 100 (max 500)
   eps = 0.000183 >= 0.0001
Iteration 101 (max 500)
   eps = 0.00017 >= 0.0001
Iteration 102 (max 500)
   eps = 0.000158 >= 0.0001
Iteration 103 (max 500)
   eps = 0.000147 >= 0.0001
Iteration 104 (max 500)
   eps = 0.000138 >= 0.0001
Iteration 105 (max 500)
   eps = 0.000129 >= 0.0001
Iteration 106 (max 500)
   eps = 0.000121 >= 0.0001
Iteration 107 (max 500)
   eps = 0.000113 >= 0.0001
Iteration 108 (max 500)
   eps = 0.000106 >= 0.0001
Iteration 109 (max 500)
Time spent by the wind speed solver: 1.1790149211883545 s
Rotates geometries from -45.0 degrees
Interp succeeded!!! for tmp_file
Interp succeeded!!! for tmp_file
Interp succeeded!!! for tmp_file
Interp succeeded!!! for tmp_file
Interp succeeded!!! for tmp_file
Interp succeeded!!! for tmp_file
Rotates geometries from -45.0 degrees
Rotates geometries from -45.0 degrees
Rotates geometries from -45.0 degrees
Rotates geometries from -45.0 degrees
Rotates geometries from -45.0 degrees
Rotates geometries from -45.0 degrees
Rotates geometries from -45.0 degrees
Rotates geometries from -45.0 degrees
Rotates geometries from -45.0 degrees
Rotates geometries from -45.0 degrees
Rotates geometries from -45.0 degrees
Process 3849984: Successfully ran URock for tile output 'wind_field_raw_tile_34'.
Process 3849984: Elapsed time for URock ('wind_field_raw_tile_34'): 22.18 seconds.
Connecting to database
	->/tmp/URock_2025-12-21T1642183429a085-380f-433c-be4d-cf86e0732a04/myDbH2
/storage/home/hcoda1/4/hyu483/qgis_332/profiles/default/python/plugins/processing_umep/functions/URock/h2gis-standalone/h2gis-dist-2.2.3.jar
Connected!

Spatial functions added!

Load input data
Load table 'build_pre_srid_20251221164227'
Load table 'veg_pre_srid_20251221164227'
Creates blocks and stacked blocks
Rotates geometries from 45.0 degrees
Identify block base height and block cavity base
Calculates obstacle properties
Calculates zone properties
Initializes upwind facades
Update upwind facades base height
Initializes downwind facades
Calculates study area properties
Roughness zone properties are:

                                 - z0: 1.305739866123947
                                 - d: 6.235230587746749
                                 - Hr: 8.704932440826314
                                 - H_ob_max: 32
                                 - lambda_f: 0.19653449725431793
Rotates geometries from -45.0 degrees
Rotates geometries from -45.0 degrees
Rotates geometries from -45.0 degrees
Creates displacement zones
Rotates geometries from -45.0 degrees
Rotates geometries from -45.0 degrees
Creates cavity and wake zones
Rotates geometries from -45.0 degrees
Rotates geometries from -45.0 degrees
Creates street canyon zones
Rotates geometries from -45.0 degrees
Creates rooftop zones (perpendicular and corner)
Rotates geometries from -45.0 degrees
Rotates geometries from -45.0 degrees
Creates built-up and open vegetation zones
Rotates geometries from -45.0 degrees
Rotates geometries from -45.0 degrees
Identify the buildings concerned by the impacted zone chosen by the user
Creates the grid of points
Affects each grid point to a building Rockle zone and calculates needed 
          variables for 3D wind speed
Affects each grid point to a vegetation Rockle zone and calculates 
          needed variables for 3D wind speed
Remove some of the Röckle zone points
Creates backward zones
Calculates the 3D wind speed factor value for each point of each BUILDING zone
Rotates geometries from -45.0 degrees
Rotates geometries from -45.0 degrees
Rotates geometries from -45.0 degrees
Rotates geometries from -45.0 degrees
Rotates geometries from -45.0 degrees
Rotates geometries from -45.0 degrees
Rotates geometries from -45.0 degrees
Rotates geometries from -45.0 degrees
Rotates geometries from -45.0 degrees
Calculates the 3D wind speed factor value for each point of each VEGETATION zone
Rotates geometries from -45.0 degrees
Deals with superimposition (keeps only 1 value per 3D point)
Deals with superimposition (keeps only 1 value per 3D point)
Identify upstreamer points in TEMPO_WEIGHTING table
Identify upstreamer points in TEMPO_PRIORITIES table
Identify upstreamer points in TEMPO_PRIORITIES_WEIGHT table
Deals with superimposition (keeps only 1 value per 3D point)
Identify upstreamer points in TEMPO_WEIGHTING table
Identify upstreamer points in TEMPO_PRIORITIES table
Identify upstreamer points in TEMPO_PRIORITIES_WEIGHT table
Rotates geometries from -45.0 degrees
Identify grid points intersecting buildings
Set the initial 3D wind speed field
Time spent for wind speed initialization: 120.19275665283203 s
Shape: (120, 156, 19) - Nb cells: 355680
Start to apply the wind solver
Iteration 1 (max 500)
   eps = 0.60083 >= 0.0001
Iteration 2 (max 500)
   eps = 0.44276 >= 0.0001
Iteration 3 (max 500)
   eps = 0.36053 >= 0.0001
Iteration 4 (max 500)
   eps = 0.292174 >= 0.0001
Iteration 5 (max 500)
   eps = 0.23534 >= 0.0001
Iteration 6 (max 500)
   eps = 0.198252 >= 0.0001
Iteration 7 (max 500)
   eps = 0.170946 >= 0.0001
Iteration 8 (max 500)
   eps = 0.149779 >= 0.0001
Iteration 9 (max 500)
   eps = 0.1328 >= 0.0001
Iteration 10 (max 500)
   eps = 0.118625 >= 0.0001
Iteration 11 (max 500)
   eps = 0.106898 >= 0.0001
Iteration 12 (max 500)
   eps = 0.097713 >= 0.0001
Iteration 13 (max 500)
   eps = 0.090347 >= 0.0001
Iteration 14 (max 500)
   eps = 0.083641 >= 0.0001
Iteration 15 (max 500)
   eps = 0.07763 >= 0.0001
Iteration 16 (max 500)
   eps = 0.072163 >= 0.0001
Iteration 17 (max 500)
   eps = 0.076597 >= 0.0001
Iteration 18 (max 500)
   eps = 0.065689 >= 0.0001
Iteration 19 (max 500)
   eps = 0.060464 >= 0.0001
Iteration 20 (max 500)
   eps = 0.057272 >= 0.0001
Iteration 21 (max 500)
   eps = 0.054718 >= 0.0001
Iteration 22 (max 500)
   eps = 0.052308 >= 0.0001
Iteration 23 (max 500)
   eps = 0.049912 >= 0.0001
Iteration 24 (max 500)
   eps = 0.04805 >= 0.0001
Iteration 25 (max 500)
   eps = 0.046383 >= 0.0001
Iteration 26 (max 500)
   eps = 0.04472 >= 0.0001
Iteration 27 (max 500)
   eps = 0.043138 >= 0.0001
Iteration 28 (max 500)
   eps = 0.041778 >= 0.0001
Iteration 29 (max 500)
   eps = 0.040671 >= 0.0001
Iteration 30 (max 500)
   eps = 0.039749 >= 0.0001
Iteration 31 (max 500)
   eps = 0.038991 >= 0.0001
Iteration 32 (max 500)
   eps = 0.037868 >= 0.0001
Iteration 33 (max 500)
   eps = 0.036563 >= 0.0001
Iteration 34 (max 500)
   eps = 0.035467 >= 0.0001
Iteration 35 (max 500)
   eps = 0.03425 >= 0.0001
Iteration 36 (max 500)
   eps = 0.033045 >= 0.0001
Iteration 37 (max 500)
   eps = 0.031924 >= 0.0001
Iteration 38 (max 500)
   eps = 0.030778 >= 0.0001
Iteration 39 (max 500)
   eps = 0.029801 >= 0.0001
Iteration 40 (max 500)
   eps = 0.028669 >= 0.0001
Iteration 41 (max 500)
   eps = 0.027624 >= 0.0001
Iteration 42 (max 500)
   eps = 0.026642 >= 0.0001
Iteration 43 (max 500)
   eps = 0.025809 >= 0.0001
Iteration 44 (max 500)
   eps = 0.025105 >= 0.0001
Iteration 45 (max 500)
   eps = 0.024113 >= 0.0001
Iteration 46 (max 500)
   eps = 0.023232 >= 0.0001
Iteration 47 (max 500)
   eps = 0.022358 >= 0.0001
Iteration 48 (max 500)
   eps = 0.021532 >= 0.0001
Iteration 49 (max 500)
   eps = 0.02066 >= 0.0001
Iteration 50 (max 500)
   eps = 0.019786 >= 0.0001
Iteration 51 (max 500)
   eps = 0.018988 >= 0.0001
Iteration 52 (max 500)
   eps = 0.018305 >= 0.0001
Iteration 53 (max 500)
   eps = 0.017665 >= 0.0001
Iteration 54 (max 500)
   eps = 0.017052 >= 0.0001
Iteration 55 (max 500)
   eps = 0.016468 >= 0.0001
Iteration 56 (max 500)
   eps = 0.015913 >= 0.0001
Iteration 57 (max 500)
   eps = 0.015387 >= 0.0001
Iteration 58 (max 500)
   eps = 0.014828 >= 0.0001
Iteration 59 (max 500)
   eps = 0.014231 >= 0.0001
Iteration 60 (max 500)
   eps = 0.013683 >= 0.0001
Iteration 61 (max 500)
   eps = 0.013185 >= 0.0001
Iteration 62 (max 500)
   eps = 0.012731 >= 0.0001
Iteration 63 (max 500)
   eps = 0.012266 >= 0.0001
Iteration 64 (max 500)
   eps = 0.011837 >= 0.0001
Iteration 65 (max 500)
   eps = 0.011442 >= 0.0001
Iteration 66 (max 500)
   eps = 0.011085 >= 0.0001
Iteration 67 (max 500)
   eps = 0.010686 >= 0.0001
Iteration 68 (max 500)
   eps = 0.010287 >= 0.0001
Iteration 69 (max 500)
   eps = 0.009891 >= 0.0001
Iteration 70 (max 500)
   eps = 0.009532 >= 0.0001
Iteration 71 (max 500)
   eps = 0.009163 >= 0.0001
Iteration 72 (max 500)
   eps = 0.008844 >= 0.0001
Iteration 73 (max 500)
   eps = 0.008541 >= 0.0001
Iteration 74 (max 500)
   eps = 0.00825 >= 0.0001
Iteration 75 (max 500)
   eps = 0.007987 >= 0.0001
Iteration 76 (max 500)
   eps = 0.007712 >= 0.0001
Iteration 77 (max 500)
   eps = 0.007472 >= 0.0001
Iteration 78 (max 500)
   eps = 0.007217 >= 0.0001
Iteration 79 (max 500)
   eps = 0.006938 >= 0.0001
Iteration 80 (max 500)
   eps = 0.006713 >= 0.0001
Iteration 81 (max 500)
   eps = 0.006479 >= 0.0001
Iteration 82 (max 500)
   eps = 0.006259 >= 0.0001
Iteration 83 (max 500)
   eps = 0.006033 >= 0.0001
Iteration 84 (max 500)
   eps = 0.00581 >= 0.0001
Iteration 85 (max 500)
   eps = 0.005619 >= 0.0001
Iteration 86 (max 500)
   eps = 0.005425 >= 0.0001
Iteration 87 (max 500)
   eps = 0.005251 >= 0.0001
Iteration 88 (max 500)
   eps = 0.005066 >= 0.0001
Iteration 89 (max 500)
   eps = 0.004895 >= 0.0001
Iteration 90 (max 500)
   eps = 0.004726 >= 0.0001
Iteration 91 (max 500)
   eps = 0.004555 >= 0.0001
Iteration 92 (max 500)
   eps = 0.004386 >= 0.0001
Iteration 93 (max 500)
   eps = 0.004227 >= 0.0001
Iteration 94 (max 500)
   eps = 0.004076 >= 0.0001
Iteration 95 (max 500)
   eps = 0.003932 >= 0.0001
Iteration 96 (max 500)
   eps = 0.003787 >= 0.0001
Iteration 97 (max 500)
   eps = 0.003645 >= 0.0001
Iteration 98 (max 500)
   eps = 0.003513 >= 0.0001
Iteration 99 (max 500)
   eps = 0.003372 >= 0.0001
Iteration 100 (max 500)
   eps = 0.003244 >= 0.0001
Iteration 101 (max 500)
   eps = 0.003108 >= 0.0001
Iteration 102 (max 500)
   eps = 0.002981 >= 0.0001
Iteration 103 (max 500)
   eps = 0.002864 >= 0.0001
Iteration 104 (max 500)
   eps = 0.002741 >= 0.0001
Iteration 105 (max 500)
   eps = 0.00264 >= 0.0001
Iteration 106 (max 500)
   eps = 0.00256 >= 0.0001
Iteration 107 (max 500)
   eps = 0.002492 >= 0.0001
Iteration 108 (max 500)
   eps = 0.002416 >= 0.0001
Iteration 109 (max 500)
   eps = 0.002333 >= 0.0001
Iteration 110 (max 500)
   eps = 0.002251 >= 0.0001
Iteration 111 (max 500)
   eps = 0.002169 >= 0.0001
Iteration 112 (max 500)
   eps = 0.002086 >= 0.0001
Iteration 113 (max 500)
   eps = 0.001995 >= 0.0001
Iteration 114 (max 500)
   eps = 0.001892 >= 0.0001
Iteration 115 (max 500)
   eps = 0.00179 >= 0.0001
Iteration 116 (max 500)
   eps = 0.001701 >= 0.0001
Iteration 117 (max 500)
   eps = 0.001627 >= 0.0001
Iteration 118 (max 500)
   eps = 0.001558 >= 0.0001
Iteration 119 (max 500)
   eps = 0.001499 >= 0.0001
Iteration 120 (max 500)
   eps = 0.001441 >= 0.0001
Iteration 121 (max 500)
   eps = 0.00139 >= 0.0001
Iteration 122 (max 500)
   eps = 0.001353 >= 0.0001
Iteration 123 (max 500)
   eps = 0.001314 >= 0.0001
Iteration 124 (max 500)
   eps = 0.001267 >= 0.0001
Iteration 125 (max 500)
   eps = 0.001212 >= 0.0001
Iteration 126 (max 500)
   eps = 0.001179 >= 0.0001
Iteration 127 (max 500)
   eps = 0.001139 >= 0.0001
Iteration 128 (max 500)
   eps = 0.001074 >= 0.0001
Iteration 129 (max 500)
   eps = 0.001033 >= 0.0001
Iteration 130 (max 500)
   eps = 0.001004 >= 0.0001
Iteration 131 (max 500)
   eps = 0.000964 >= 0.0001
Iteration 132 (max 500)
   eps = 0.000929 >= 0.0001
Iteration 133 (max 500)
   eps = 0.000893 >= 0.0001
Iteration 134 (max 500)
   eps = 0.000862 >= 0.0001
Iteration 135 (max 500)
   eps = 0.000824 >= 0.0001
Iteration 136 (max 500)
   eps = 0.000789 >= 0.0001
Iteration 137 (max 500)
   eps = 0.000758 >= 0.0001
Iteration 138 (max 500)
   eps = 0.000722 >= 0.0001
Iteration 139 (max 500)
   eps = 0.000684 >= 0.0001
Iteration 140 (max 500)
   eps = 0.000661 >= 0.0001
Iteration 141 (max 500)
   eps = 0.000637 >= 0.0001
Iteration 142 (max 500)
   eps = 0.00061 >= 0.0001
Iteration 143 (max 500)
   eps = 0.000584 >= 0.0001
Iteration 144 (max 500)
   eps = 0.00056 >= 0.0001
Iteration 145 (max 500)
   eps = 0.000536 >= 0.0001
Iteration 146 (max 500)
   eps = 0.000516 >= 0.0001
Iteration 147 (max 500)
   eps = 0.000499 >= 0.0001
Iteration 148 (max 500)
   eps = 0.000481 >= 0.0001
Iteration 149 (max 500)
   eps = 0.000466 >= 0.0001
Iteration 150 (max 500)
   eps = 0.000448 >= 0.0001
Iteration 151 (max 500)
   eps = 0.000427 >= 0.0001
Iteration 152 (max 500)
   eps = 0.000408 >= 0.0001
Iteration 153 (max 500)
   eps = 0.00039 >= 0.0001
Iteration 154 (max 500)
   eps = 0.000375 >= 0.0001
Iteration 155 (max 500)
   eps = 0.00036 >= 0.0001
Iteration 156 (max 500)
   eps = 0.000347 >= 0.0001
Iteration 157 (max 500)
   eps = 0.000335 >= 0.0001
Iteration 158 (max 500)
   eps = 0.000322 >= 0.0001
Iteration 159 (max 500)
   eps = 0.000315 >= 0.0001
Iteration 160 (max 500)
   eps = 0.000303 >= 0.0001
Iteration 161 (max 500)
   eps = 0.000293 >= 0.0001
Iteration 162 (max 500)
   eps = 0.000282 >= 0.0001
Iteration 163 (max 500)
   eps = 0.000273 >= 0.0001
Iteration 164 (max 500)
   eps = 0.000263 >= 0.0001
Iteration 165 (max 500)
   eps = 0.000253 >= 0.0001
Iteration 166 (max 500)
   eps = 0.000242 >= 0.0001
Iteration 167 (max 500)
   eps = 0.000231 >= 0.0001
Iteration 168 (max 500)
   eps = 0.000221 >= 0.0001
Iteration 169 (max 500)
   eps = 0.000211 >= 0.0001
Iteration 170 (max 500)
   eps = 0.000204 >= 0.0001
Iteration 171 (max 500)
   eps = 0.000195 >= 0.0001
Iteration 172 (max 500)
   eps = 0.000189 >= 0.0001
Iteration 173 (max 500)
   eps = 0.000182 >= 0.0001
Iteration 174 (max 500)
   eps = 0.000175 >= 0.0001
Iteration 175 (max 500)
   eps = 0.000169 >= 0.0001
Iteration 176 (max 500)
   eps = 0.000165 >= 0.0001
Iteration 177 (max 500)
   eps = 0.000157 >= 0.0001
Iteration 178 (max 500)
   eps = 0.00015 >= 0.0001
Iteration 179 (max 500)
   eps = 0.000144 >= 0.0001
Iteration 180 (max 500)
   eps = 0.000139 >= 0.0001
Iteration 181 (max 500)
   eps = 0.000133 >= 0.0001
Iteration 182 (max 500)
   eps = 0.000127 >= 0.0001
Iteration 183 (max 500)
   eps = 0.000121 >= 0.0001
Iteration 184 (max 500)
   eps = 0.000116 >= 0.0001
Iteration 185 (max 500)
   eps = 0.000112 >= 0.0001
Iteration 186 (max 500)
   eps = 0.000108 >= 0.0001
Iteration 187 (max 500)
   eps = 0.000104 >= 0.0001
Iteration 188 (max 500)
Time spent by the wind speed solver: 18.996603965759277 s
Rotates geometries from -45.0 degrees
Interp succeeded!!! for tmp_file
Interp succeeded!!! for tmp_file
Interp succeeded!!! for tmp_file
Interp succeeded!!! for tmp_file
Interp succeeded!!! for tmp_file
Interp succeeded!!! for tmp_file
Rotates geometries from -45.0 degrees
Rotates geometries from -45.0 degrees
Rotates geometries from -45.0 degrees
Rotates geometries from -45.0 degrees
Rotates geometries from -45.0 degrees
Rotates geometries from -45.0 degrees
Rotates geometries from -45.0 degrees
Rotates geometries from -45.0 degrees
Rotates geometries from -45.0 degrees
Rotates geometries from -45.0 degrees
Rotates geometries from -45.0 degrees
Process 3849972: Successfully ran URock for tile output 'wind_field_raw_tile_4'.
Process 3849972: Elapsed time for URock ('wind_field_raw_tile_4'): 177.21 seconds.
[Master] Process 3849984 - Tile 34: Finished processing.
[Master] 3849984: exit signal
Info: Debuffered '/storage/project/r-rbasu31-0/hyu483/Test_UMEP/UROCK_output_31_spawn/temp_intermediate_files/tile_34_urock_raw_outputs/z1_5/wind_field_raw_tile_34WS.tif' to '/storage/project/r-rbasu31-0/hyu483/Test_UMEP/UROCK_output_31_spawn/urock_tiled_output/urock_wind_field_tile_34WS.tif' (original extent: (234582.59099838723, 902532.4833440109, 234642.58635222574, 902732.4833440109)).
[Master] Process 3849972 - Tile 4: Finished processing.
[Master] 3849972: exit signal
Info: Debuffered '/storage/project/r-rbasu31-0/hyu483/Test_UMEP/UROCK_output_31_spawn/temp_intermediate_files/tile_4_urock_raw_outputs/z1_5/wind_field_raw_tile_4WS.tif' to '/storage/project/r-rbasu31-0/hyu483/Test_UMEP/UROCK_output_31_spawn/urock_tiled_output/urock_wind_field_tile_4WS.tif' (original extent: (233582.59099838723, 902532.4833440109, 233782.59099838723, 902732.4833440109)).
Connecting to database
	->/tmp/URock_2025-12-21T1642195c185b40-a5a3-4dbe-8322-3c8ace0f70fc/myDbH2
/storage/home/hcoda1/4/hyu483/qgis_332/profiles/default/python/plugins/processing_umep/functions/URock/h2gis-standalone/h2gis-dist-2.2.3.jar
Connected!

Spatial functions added!

Load input data
Load table 'build_pre_srid_20251221164240'
Load table 'veg_pre_srid_20251221164240'
Creates blocks and stacked blocks
Rotates geometries from 45.0 degrees
Identify block base height and block cavity base
Calculates obstacle properties
Calculates zone properties
Initializes upwind facades
Update upwind facades base height
Initializes downwind facades
Calculates study area properties
Roughness zone properties are:

                                 - z0: 1.909292656690706
                                 - d: 8.545396447616822
                                 - Hr: 15.645705313456487
                                 - H_ob_max: 20
                                 - lambda_f: 0.12203301918569119
Rotates geometries from -45.0 degrees
Rotates geometries from -45.0 degrees
Rotates geometries from -45.0 degrees
Creates displacement zones
Rotates geometries from -45.0 degrees
Rotates geometries from -45.0 degrees
Creates cavity and wake zones
Rotates geometries from -45.0 degrees
Rotates geometries from -45.0 degrees
Creates street canyon zones
Rotates geometries from -45.0 degrees
Creates rooftop zones (perpendicular and corner)
Rotates geometries from -45.0 degrees
Rotates geometries from -45.0 degrees
Creates built-up and open vegetation zones
Rotates geometries from -45.0 degrees
Rotates geometries from -45.0 degrees
Identify the buildings concerned by the impacted zone chosen by the user
Creates the grid of points
Affects each grid point to a building Rockle zone and calculates needed 
          variables for 3D wind speed
Affects each grid point to a vegetation Rockle zone and calculates 
          needed variables for 3D wind speed
Remove some of the Röckle zone points
Creates backward zones
Calculates the 3D wind speed factor value for each point of each BUILDING zone
Rotates geometries from -45.0 degrees
Rotates geometries from -45.0 degrees
Rotates geometries from -45.0 degrees
Rotates geometries from -45.0 degrees
Rotates geometries from -45.0 degrees
Rotates geometries from -45.0 degrees
Rotates geometries from -45.0 degrees
Rotates geometries from -45.0 degrees
Rotates geometries from -45.0 degrees
Calculates the 3D wind speed factor value for each point of each VEGETATION zone
Rotates geometries from -45.0 degrees
Deals with superimposition (keeps only 1 value per 3D point)
Deals with superimposition (keeps only 1 value per 3D point)
Identify upstreamer points in TEMPO_WEIGHTING table
Identify upstreamer points in TEMPO_PRIORITIES table
Identify upstreamer points in TEMPO_PRIORITIES_WEIGHT table
Deals with superimposition (keeps only 1 value per 3D point)
Identify upstreamer points in TEMPO_WEIGHTING table
Identify upstreamer points in TEMPO_PRIORITIES table
Identify upstreamer points in TEMPO_PRIORITIES_WEIGHT table
Rotates geometries from -45.0 degrees
Identify grid points intersecting buildings
Set the initial 3D wind speed field
Time spent for wind speed initialization: 106.89568042755127 s
Shape: (124, 154, 17) - Nb cells: 324632
Start to apply the wind solver
Iteration 1 (max 500)
   eps = 0.594777 >= 0.0001
Iteration 2 (max 500)
   eps = 0.425625 >= 0.0001
Iteration 3 (max 500)
   eps = 0.339693 >= 0.0001
Iteration 4 (max 500)
   eps = 0.280455 >= 0.0001
Iteration 5 (max 500)
   eps = 0.231753 >= 0.0001
Iteration 6 (max 500)
   eps = 0.188492 >= 0.0001
Iteration 7 (max 500)
   eps = 0.154418 >= 0.0001
Iteration 8 (max 500)
   eps = 0.12967 >= 0.0001
Iteration 9 (max 500)
   eps = 0.111676 >= 0.0001
Iteration 10 (max 500)
   eps = 0.098486 >= 0.0001
Iteration 11 (max 500)
   eps = 0.087662 >= 0.0001
Iteration 12 (max 500)
   eps = 0.079822 >= 0.0001
Iteration 13 (max 500)
   eps = 0.07315 >= 0.0001
Iteration 14 (max 500)
   eps = 0.067584 >= 0.0001
Iteration 15 (max 500)
   eps = 0.071292 >= 0.0001
Iteration 16 (max 500)
   eps = 0.063323 >= 0.0001
Iteration 17 (max 500)
   eps = 0.057882 >= 0.0001
Iteration 18 (max 500)
   eps = 0.054696 >= 0.0001
Iteration 19 (max 500)
   eps = 0.052496 >= 0.0001
Iteration 20 (max 500)
   eps = 0.050587 >= 0.0001
Iteration 21 (max 500)
   eps = 0.048365 >= 0.0001
Iteration 22 (max 500)
   eps = 0.046021 >= 0.0001
Iteration 23 (max 500)
   eps = 0.043854 >= 0.0001
Iteration 24 (max 500)
   eps = 0.042277 >= 0.0001
Iteration 25 (max 500)
   eps = 0.041221 >= 0.0001
Iteration 26 (max 500)
   eps = 0.039916 >= 0.0001
Iteration 27 (max 500)
   eps = 0.038843 >= 0.0001
Iteration 28 (max 500)
   eps = 0.037463 >= 0.0001
Iteration 29 (max 500)
   eps = 0.035984 >= 0.0001
Iteration 30 (max 500)
   eps = 0.034673 >= 0.0001
Iteration 31 (max 500)
   eps = 0.033695 >= 0.0001
Iteration 32 (max 500)
   eps = 0.032727 >= 0.0001
Iteration 33 (max 500)
   eps = 0.031862 >= 0.0001
Iteration 34 (max 500)
   eps = 0.030898 >= 0.0001
Iteration 35 (max 500)
   eps = 0.029917 >= 0.0001
Iteration 36 (max 500)
   eps = 0.029114 >= 0.0001
Iteration 37 (max 500)
   eps = 0.028357 >= 0.0001
Iteration 38 (max 500)
   eps = 0.027446 >= 0.0001
Iteration 39 (max 500)
   eps = 0.026522 >= 0.0001
Iteration 40 (max 500)
   eps = 0.025593 >= 0.0001
Iteration 41 (max 500)
   eps = 0.02472 >= 0.0001
Iteration 42 (max 500)
   eps = 0.023958 >= 0.0001
Iteration 43 (max 500)
   eps = 0.023167 >= 0.0001
Iteration 44 (max 500)
   eps = 0.022336 >= 0.0001
Iteration 45 (max 500)
   eps = 0.021595 >= 0.0001
Iteration 46 (max 500)
   eps = 0.020899 >= 0.0001
Iteration 47 (max 500)
   eps = 0.020195 >= 0.0001
Iteration 48 (max 500)
   eps = 0.01947 >= 0.0001
Iteration 49 (max 500)
   eps = 0.018789 >= 0.0001
Iteration 50 (max 500)
   eps = 0.018032 >= 0.0001
Iteration 51 (max 500)
   eps = 0.017373 >= 0.0001
Iteration 52 (max 500)
   eps = 0.016759 >= 0.0001
Iteration 53 (max 500)
   eps = 0.016287 >= 0.0001
Iteration 54 (max 500)
   eps = 0.015805 >= 0.0001
Iteration 55 (max 500)
   eps = 0.015391 >= 0.0001
Iteration 56 (max 500)
   eps = 0.0149 >= 0.0001
Iteration 57 (max 500)
   eps = 0.014366 >= 0.0001
Iteration 58 (max 500)
   eps = 0.01381 >= 0.0001
Iteration 59 (max 500)
   eps = 0.0133 >= 0.0001
Iteration 60 (max 500)
   eps = 0.012827 >= 0.0001
Iteration 61 (max 500)
   eps = 0.012371 >= 0.0001
Iteration 62 (max 500)
   eps = 0.011939 >= 0.0001
Iteration 63 (max 500)
   eps = 0.011528 >= 0.0001
Iteration 64 (max 500)
   eps = 0.011157 >= 0.0001
Iteration 65 (max 500)
   eps = 0.010798 >= 0.0001
Iteration 66 (max 500)
   eps = 0.01043 >= 0.0001
Iteration 67 (max 500)
   eps = 0.010036 >= 0.0001
Iteration 68 (max 500)
   eps = 0.00968 >= 0.0001
Iteration 69 (max 500)
   eps = 0.009349 >= 0.0001
Iteration 70 (max 500)
   eps = 0.009071 >= 0.0001
Iteration 71 (max 500)
   eps = 0.008812 >= 0.0001
Iteration 72 (max 500)
   eps = 0.008604 >= 0.0001
Iteration 73 (max 500)
   eps = 0.008328 >= 0.0001
Iteration 74 (max 500)
   eps = 0.008066 >= 0.0001
Iteration 75 (max 500)
   eps = 0.007804 >= 0.0001
Iteration 76 (max 500)
   eps = 0.007531 >= 0.0001
Iteration 77 (max 500)
   eps = 0.007261 >= 0.0001
Iteration 78 (max 500)
   eps = 0.007021 >= 0.0001
Iteration 79 (max 500)
   eps = 0.006784 >= 0.0001
Iteration 80 (max 500)
   eps = 0.00657 >= 0.0001
Iteration 81 (max 500)
   eps = 0.006338 >= 0.0001
Iteration 82 (max 500)
   eps = 0.006105 >= 0.0001
Iteration 83 (max 500)
   eps = 0.005898 >= 0.0001
Iteration 84 (max 500)
   eps = 0.005687 >= 0.0001
Iteration 85 (max 500)
   eps = 0.00549 >= 0.0001
Iteration 86 (max 500)
   eps = 0.005297 >= 0.0001
Iteration 87 (max 500)
   eps = 0.005132 >= 0.0001
Iteration 88 (max 500)
   eps = 0.004962 >= 0.0001
Iteration 89 (max 500)
   eps = 0.0048 >= 0.0001
Iteration 90 (max 500)
   eps = 0.004643 >= 0.0001
Iteration 91 (max 500)
   eps = 0.004479 >= 0.0001
Iteration 92 (max 500)
   eps = 0.004318 >= 0.0001
Iteration 93 (max 500)
   eps = 0.004151 >= 0.0001
Iteration 94 (max 500)
   eps = 0.003988 >= 0.0001
Iteration 95 (max 500)
   eps = 0.003841 >= 0.0001
Iteration 96 (max 500)
   eps = 0.003696 >= 0.0001
Iteration 97 (max 500)
   eps = 0.003566 >= 0.0001
Iteration 98 (max 500)
   eps = 0.003448 >= 0.0001
Iteration 99 (max 500)
   eps = 0.003331 >= 0.0001
Iteration 100 (max 500)
   eps = 0.003215 >= 0.0001
Iteration 101 (max 500)
   eps = 0.00311 >= 0.0001
Iteration 102 (max 500)
   eps = 0.003005 >= 0.0001
Iteration 103 (max 500)
   eps = 0.002898 >= 0.0001
Iteration 104 (max 500)
   eps = 0.002789 >= 0.0001
Iteration 105 (max 500)
   eps = 0.002683 >= 0.0001
Iteration 106 (max 500)
   eps = 0.00258 >= 0.0001
Iteration 107 (max 500)
   eps = 0.002483 >= 0.0001
Iteration 108 (max 500)
   eps = 0.002393 >= 0.0001
Iteration 109 (max 500)
   eps = 0.002303 >= 0.0001
Iteration 110 (max 500)
   eps = 0.002225 >= 0.0001
Iteration 111 (max 500)
   eps = 0.002155 >= 0.0001
Iteration 112 (max 500)
   eps = 0.002077 >= 0.0001
Iteration 113 (max 500)
   eps = 0.002003 >= 0.0001
Iteration 114 (max 500)
   eps = 0.00193 >= 0.0001
Iteration 115 (max 500)
   eps = 0.001888 >= 0.0001
Iteration 116 (max 500)
   eps = 0.00182 >= 0.0001
Iteration 117 (max 500)
   eps = 0.00173 >= 0.0001
Iteration 118 (max 500)
   eps = 0.001659 >= 0.0001
Iteration 119 (max 500)
   eps = 0.001593 >= 0.0001
Iteration 120 (max 500)
   eps = 0.001534 >= 0.0001
Iteration 121 (max 500)
   eps = 0.001476 >= 0.0001
Iteration 122 (max 500)
   eps = 0.001422 >= 0.0001
Iteration 123 (max 500)
   eps = 0.001375 >= 0.0001
Iteration 124 (max 500)
   eps = 0.001327 >= 0.0001
Iteration 125 (max 500)
   eps = 0.001281 >= 0.0001
Iteration 126 (max 500)
   eps = 0.001236 >= 0.0001
Iteration 127 (max 500)
   eps = 0.001172 >= 0.0001
Iteration 128 (max 500)
   eps = 0.001134 >= 0.0001
Iteration 129 (max 500)
   eps = 0.001087 >= 0.0001
Iteration 130 (max 500)
   eps = 0.001045 >= 0.0001
Iteration 131 (max 500)
   eps = 0.001017 >= 0.0001
Iteration 132 (max 500)
   eps = 0.000982 >= 0.0001
Iteration 133 (max 500)
   eps = 0.000946 >= 0.0001
Iteration 134 (max 500)
   eps = 0.000904 >= 0.0001
Iteration 135 (max 500)
   eps = 0.000874 >= 0.0001
Iteration 136 (max 500)
   eps = 0.000836 >= 0.0001
Iteration 137 (max 500)
   eps = 0.000806 >= 0.0001
Iteration 138 (max 500)
   eps = 0.000778 >= 0.0001
Iteration 139 (max 500)
   eps = 0.000749 >= 0.0001
Iteration 140 (max 500)
   eps = 0.000719 >= 0.0001
Iteration 141 (max 500)
   eps = 0.000691 >= 0.0001
Iteration 142 (max 500)
   eps = 0.000663 >= 0.0001
Iteration 143 (max 500)
   eps = 0.000637 >= 0.0001
Iteration 144 (max 500)
   eps = 0.000614 >= 0.0001
Iteration 145 (max 500)
   eps = 0.000591 >= 0.0001
Iteration 146 (max 500)
   eps = 0.00057 >= 0.0001
Iteration 147 (max 500)
   eps = 0.000544 >= 0.0001
Iteration 148 (max 500)
   eps = 0.000523 >= 0.0001
Iteration 149 (max 500)
   eps = 0.000508 >= 0.0001
Iteration 150 (max 500)
   eps = 0.000489 >= 0.0001
Iteration 151 (max 500)
   eps = 0.00047 >= 0.0001
Iteration 152 (max 500)
   eps = 0.000454 >= 0.0001
Iteration 153 (max 500)
   eps = 0.000436 >= 0.0001
Iteration 154 (max 500)
   eps = 0.000417 >= 0.0001
Iteration 155 (max 500)
   eps = 0.0004 >= 0.0001
Iteration 156 (max 500)
   eps = 0.000385 >= 0.0001
Iteration 157 (max 500)
   eps = 0.000369 >= 0.0001
Iteration 158 (max 500)
   eps = 0.000354 >= 0.0001
Iteration 159 (max 500)
   eps = 0.00034 >= 0.0001
Iteration 160 (max 500)
   eps = 0.000327 >= 0.0001
Iteration 161 (max 500)
   eps = 0.000315 >= 0.0001
Iteration 162 (max 500)
   eps = 0.000303 >= 0.0001
Iteration 163 (max 500)
   eps = 0.00029 >= 0.0001
Iteration 164 (max 500)
   eps = 0.00028 >= 0.0001
Iteration 165 (max 500)
   eps = 0.000269 >= 0.0001
Iteration 166 (max 500)
   eps = 0.000259 >= 0.0001
Iteration 167 (max 500)
   eps = 0.000247 >= 0.0001
Iteration 168 (max 500)
   eps = 0.000238 >= 0.0001
Iteration 169 (max 500)
   eps = 0.000229 >= 0.0001
Iteration 170 (max 500)
   eps = 0.000221 >= 0.0001
Iteration 171 (max 500)
   eps = 0.000214 >= 0.0001
Iteration 172 (max 500)
   eps = 0.000207 >= 0.0001
Iteration 173 (max 500)
   eps = 0.000198 >= 0.0001
Iteration 174 (max 500)
   eps = 0.00019 >= 0.0001
Iteration 175 (max 500)
   eps = 0.000183 >= 0.0001
Iteration 176 (max 500)
   eps = 0.000177 >= 0.0001
Iteration 177 (max 500)
   eps = 0.000169 >= 0.0001
Iteration 178 (max 500)
   eps = 0.000162 >= 0.0001
Iteration 179 (max 500)
   eps = 0.000155 >= 0.0001
Iteration 180 (max 500)
   eps = 0.000148 >= 0.0001
Iteration 181 (max 500)
   eps = 0.000142 >= 0.0001
Iteration 182 (max 500)
   eps = 0.000137 >= 0.0001
Iteration 183 (max 500)
   eps = 0.000132 >= 0.0001
Iteration 184 (max 500)
   eps = 0.000128 >= 0.0001
Iteration 185 (max 500)
   eps = 0.000122 >= 0.0001
Iteration 186 (max 500)
   eps = 0.000117 >= 0.0001
Iteration 187 (max 500)
   eps = 0.000113 >= 0.0001
Iteration 188 (max 500)
   eps = 0.000109 >= 0.0001
Iteration 189 (max 500)
   eps = 0.000104 >= 0.0001
Iteration 190 (max 500)
   eps = 0.000101 >= 0.0001
Iteration 191 (max 500)
Time spent by the wind speed solver: 15.559294939041138 s
Rotates geometries from -45.0 degrees
Interp succeeded!!! for tmp_file
Interp succeeded!!! for tmp_file
Interp succeeded!!! for tmp_file
Interp succeeded!!! for tmp_file
Interp succeeded!!! for tmp_file
Interp succeeded!!! for tmp_file
Rotates geometries from -45.0 degrees
Rotates geometries from -45.0 degrees
Rotates geometries from -45.0 degrees
Rotates geometries from -45.0 degrees
Rotates geometries from -45.0 degrees
Rotates geometries from -45.0 degrees
Rotates geometries from -45.0 degrees
Rotates geometries from -45.0 degrees
Rotates geometries from -45.0 degrees
Rotates geometries from -45.0 degrees
Rotates geometries from -45.0 degrees
Process 3849974: Successfully ran URock for tile output 'wind_field_raw_tile_3'.
Process 3849974: Elapsed time for URock ('wind_field_raw_tile_3'): 177.89 seconds.
Connecting to database
	->/tmp/URock_2025-12-21T1644526f93a94d-4ed5-4fdd-8389-7b230d04cb0d/myDbH2
/storage/home/hcoda1/4/hyu483/qgis_332/profiles/default/python/plugins/processing_umep/functions/URock/h2gis-standalone/h2gis-dist-2.2.3.jar
Connected!

Spatial functions added!

Load input data
Load table 'build_pre_srid_20251221164453'
Load table 'veg_pre_srid_20251221164453'
Creates blocks and stacked blocks
Rotates geometries from 45.0 degrees
Identify block base height and block cavity base
Calculates obstacle properties
Calculates zone properties
Initializes upwind facades
Update upwind facades base height
Initializes downwind facades
Calculates study area properties
Roughness zone properties are:

                                 - z0: 0.9864757202813912
                                 - d: 4.045791229543881
                                 - Hr: 11.03860185603016
                                 - H_ob_max: 25
                                 - lambda_f: 0.0893660024292388
Rotates geometries from -45.0 degrees
Rotates geometries from -45.0 degrees
Rotates geometries from -45.0 degrees
Creates displacement zones
Rotates geometries from -45.0 degrees
Rotates geometries from -45.0 degrees
Creates cavity and wake zones
Rotates geometries from -45.0 degrees
Rotates geometries from -45.0 degrees
Creates street canyon zones
Rotates geometries from -45.0 degrees
Creates rooftop zones (perpendicular and corner)
Rotates geometries from -45.0 degrees
Rotates geometries from -45.0 degrees
Creates built-up and open vegetation zones
Rotates geometries from -45.0 degrees
Rotates geometries from -45.0 degrees
Identify the buildings concerned by the impacted zone chosen by the user
Creates the grid of points
Affects each grid point to a building Rockle zone and calculates needed 
          variables for 3D wind speed
Affects each grid point to a vegetation Rockle zone and calculates 
          needed variables for 3D wind speed
Remove some of the Röckle zone points
Creates backward zones
Calculates the 3D wind speed factor value for each point of each BUILDING zone
Rotates geometries from -45.0 degrees
Rotates geometries from -45.0 degrees
Rotates geometries from -45.0 degrees
Rotates geometries from -45.0 degrees
Rotates geometries from -45.0 degrees
Rotates geometries from -45.0 degrees
Rotates geometries from -45.0 degrees
Rotates geometries from -45.0 degrees
Rotates geometries from -45.0 degrees
Calculates the 3D wind speed factor value for each point of each VEGETATION zone
Rotates geometries from -45.0 degrees
Deals with superimposition (keeps only 1 value per 3D point)
Deals with superimposition (keeps only 1 value per 3D point)
Identify upstreamer points in TEMPO_WEIGHTING table
Identify upstreamer points in TEMPO_PRIORITIES table
Identify upstreamer points in TEMPO_PRIORITIES_WEIGHT table
Deals with superimposition (keeps only 1 value per 3D point)
Identify upstreamer points in TEMPO_WEIGHTING table
Identify upstreamer points in TEMPO_PRIORITIES table
Identify upstreamer points in TEMPO_PRIORITIES_WEIGHT table
Rotates geometries from -45.0 degrees
Identify grid points intersecting buildings
Set the initial 3D wind speed field
Time spent for wind speed initialization: 9.417827129364014 s
Shape: (92, 113, 17) - Nb cells: 176732
Start to apply the wind solver
Iteration 1 (max 500)
   eps = 0.521242 >= 0.0001
Iteration 2 (max 500)
   eps = 0.385278 >= 0.0001
Iteration 3 (max 500)
   eps = 0.328589 >= 0.0001
Iteration 4 (max 500)
   eps = 0.275055 >= 0.0001
Iteration 5 (max 500)
   eps = 0.226154 >= 0.0001
Iteration 6 (max 500)
   eps = 0.18685 >= 0.0001
Iteration 7 (max 500)
   eps = 0.156823 >= 0.0001
Iteration 8 (max 500)
   eps = 0.133921 >= 0.0001
Iteration 9 (max 500)
   eps = 0.117009 >= 0.0001
Iteration 10 (max 500)
   eps = 0.104201 >= 0.0001
Iteration 11 (max 500)
   eps = 0.093762 >= 0.0001
Iteration 12 (max 500)
   eps = 0.084768 >= 0.0001
Iteration 13 (max 500)
   eps = 0.077657 >= 0.0001
Iteration 14 (max 500)
   eps = 0.072072 >= 0.0001
Iteration 15 (max 500)
   eps = 0.078025 >= 0.0001
Iteration 16 (max 500)
   eps = 0.064625 >= 0.0001
Iteration 17 (max 500)
   eps = 0.057413 >= 0.0001
Iteration 18 (max 500)
   eps = 0.053439 >= 0.0001
Iteration 19 (max 500)
   eps = 0.050068 >= 0.0001
Iteration 20 (max 500)
   eps = 0.047323 >= 0.0001
Iteration 21 (max 500)
   eps = 0.044663 >= 0.0001
Iteration 22 (max 500)
   eps = 0.042316 >= 0.0001
Iteration 23 (max 500)
   eps = 0.040401 >= 0.0001
Iteration 24 (max 500)
   eps = 0.038774 >= 0.0001
Iteration 25 (max 500)
   eps = 0.037237 >= 0.0001
Iteration 26 (max 500)
   eps = 0.035747 >= 0.0001
Iteration 27 (max 500)
   eps = 0.034329 >= 0.0001
Iteration 28 (max 500)
   eps = 0.03303 >= 0.0001
Iteration 29 (max 500)
   eps = 0.031827 >= 0.0001
Iteration 30 (max 500)
   eps = 0.030731 >= 0.0001
Iteration 31 (max 500)
   eps = 0.029519 >= 0.0001
Iteration 32 (max 500)
   eps = 0.02855 >= 0.0001
Iteration 33 (max 500)
   eps = 0.027421 >= 0.0001
Iteration 34 (max 500)
   eps = 0.026381 >= 0.0001
Iteration 35 (max 500)
   eps = 0.025402 >= 0.0001
Iteration 36 (max 500)
   eps = 0.024457 >= 0.0001
Iteration 37 (max 500)
   eps = 0.023452 >= 0.0001
Iteration 38 (max 500)
   eps = 0.022444 >= 0.0001
Iteration 39 (max 500)
   eps = 0.021515 >= 0.0001
Iteration 40 (max 500)
   eps = 0.020692 >= 0.0001
Iteration 41 (max 500)
   eps = 0.019919 >= 0.0001
Iteration 42 (max 500)
   eps = 0.0192 >= 0.0001
Iteration 43 (max 500)
   eps = 0.018451 >= 0.0001
Iteration 44 (max 500)
   eps = 0.017685 >= 0.0001
Iteration 45 (max 500)
   eps = 0.016919 >= 0.0001
Iteration 46 (max 500)
   eps = 0.016206 >= 0.0001
Iteration 47 (max 500)
   eps = 0.015516 >= 0.0001
Iteration 48 (max 500)
   eps = 0.014875 >= 0.0001
Iteration 49 (max 500)
   eps = 0.014241 >= 0.0001
Iteration 50 (max 500)
   eps = 0.013651 >= 0.0001
Iteration 51 (max 500)
   eps = 0.01308 >= 0.0001
Iteration 52 (max 500)
   eps = 0.012537 >= 0.0001
Iteration 53 (max 500)
   eps = 0.012022 >= 0.0001
Iteration 54 (max 500)
   eps = 0.011534 >= 0.0001
Iteration 55 (max 500)
   eps = 0.01106 >= 0.0001
Iteration 56 (max 500)
   eps = 0.010605 >= 0.0001
Iteration 57 (max 500)
   eps = 0.010149 >= 0.0001
Iteration 58 (max 500)
   eps = 0.009719 >= 0.0001
Iteration 59 (max 500)
   eps = 0.009306 >= 0.0001
Iteration 60 (max 500)
   eps = 0.008905 >= 0.0001
Iteration 61 (max 500)
   eps = 0.008521 >= 0.0001
Iteration 62 (max 500)
   eps = 0.008159 >= 0.0001
Iteration 63 (max 500)
   eps = 0.007819 >= 0.0001
Iteration 64 (max 500)
   eps = 0.007502 >= 0.0001
Iteration 65 (max 500)
   eps = 0.00721 >= 0.0001
Iteration 66 (max 500)
   eps = 0.006919 >= 0.0001
Iteration 67 (max 500)
   eps = 0.006628 >= 0.0001
Iteration 68 (max 500)
   eps = 0.006337 >= 0.0001
Iteration 69 (max 500)
   eps = 0.006055 >= 0.0001
Iteration 70 (max 500)
   eps = 0.005791 >= 0.0001
Iteration 71 (max 500)
   eps = 0.005539 >= 0.0001
Iteration 72 (max 500)
   eps = 0.005292 >= 0.0001
Iteration 73 (max 500)
   eps = 0.005055 >= 0.0001
Iteration 74 (max 500)
   eps = 0.004838 >= 0.0001
Iteration 75 (max 500)
   eps = 0.004639 >= 0.0001
Iteration 76 (max 500)
   eps = 0.004434 >= 0.0001
Iteration 77 (max 500)
   eps = 0.004226 >= 0.0001
Iteration 78 (max 500)
   eps = 0.004033 >= 0.0001
Iteration 79 (max 500)
   eps = 0.003849 >= 0.0001
Iteration 80 (max 500)
   eps = 0.003666 >= 0.0001
Iteration 81 (max 500)
   eps = 0.003491 >= 0.0001
Iteration 82 (max 500)
   eps = 0.003327 >= 0.0001
Iteration 83 (max 500)
   eps = 0.003171 >= 0.0001
Iteration 84 (max 500)
   eps = 0.003027 >= 0.0001
Iteration 85 (max 500)
   eps = 0.002887 >= 0.0001
Iteration 86 (max 500)
   eps = 0.002754 >= 0.0001
Iteration 87 (max 500)
   eps = 0.002626 >= 0.0001
Iteration 88 (max 500)
   eps = 0.002503 >= 0.0001
Iteration 89 (max 500)
   eps = 0.002385 >= 0.0001
Iteration 90 (max 500)
   eps = 0.00227 >= 0.0001
Iteration 91 (max 500)
   eps = 0.002163 >= 0.0001
Iteration 92 (max 500)
   eps = 0.002064 >= 0.0001
Iteration 93 (max 500)
   eps = 0.001969 >= 0.0001
Iteration 94 (max 500)
   eps = 0.001876 >= 0.0001
Iteration 95 (max 500)
   eps = 0.001785 >= 0.0001
Iteration 96 (max 500)
   eps = 0.001702 >= 0.0001
Iteration 97 (max 500)
   eps = 0.00162 >= 0.0001
Iteration 98 (max 500)
   eps = 0.001537 >= 0.0001
Iteration 99 (max 500)
   eps = 0.001457 >= 0.0001
Iteration 100 (max 500)
   eps = 0.001383 >= 0.0001
Iteration 101 (max 500)
   eps = 0.001312 >= 0.0001
Iteration 102 (max 500)
   eps = 0.001246 >= 0.0001
Iteration 103 (max 500)
   eps = 0.001185 >= 0.0001
Iteration 104 (max 500)
   eps = 0.001128 >= 0.0001
Iteration 105 (max 500)
   eps = 0.001072 >= 0.0001
Iteration 106 (max 500)
   eps = 0.001016 >= 0.0001
Iteration 107 (max 500)
   eps = 0.000962 >= 0.0001
Iteration 108 (max 500)
   eps = 0.000907 >= 0.0001
Iteration 109 (max 500)
   eps = 0.000862 >= 0.0001
Iteration 110 (max 500)
   eps = 0.000816 >= 0.0001
Iteration 111 (max 500)
   eps = 0.000771 >= 0.0001
Iteration 112 (max 500)
   eps = 0.000723 >= 0.0001
Iteration 113 (max 500)
   eps = 0.000683 >= 0.0001
Iteration 114 (max 500)
   eps = 0.000648 >= 0.0001
Iteration 115 (max 500)
   eps = 0.000616 >= 0.0001
Iteration 116 (max 500)
   eps = 0.000586 >= 0.0001
Iteration 117 (max 500)
   eps = 0.000553 >= 0.0001
Iteration 118 (max 500)
   eps = 0.000526 >= 0.0001
Iteration 119 (max 500)
   eps = 0.000508 >= 0.0001
Iteration 120 (max 500)
   eps = 0.000478 >= 0.0001
Iteration 121 (max 500)
   eps = 0.000452 >= 0.0001
Iteration 122 (max 500)
   eps = 0.000426 >= 0.0001
Iteration 123 (max 500)
   eps = 0.000402 >= 0.0001
Iteration 124 (max 500)
   eps = 0.000379 >= 0.0001
Iteration 125 (max 500)
   eps = 0.000356 >= 0.0001
Iteration 126 (max 500)
   eps = 0.000338 >= 0.0001
Iteration 127 (max 500)
   eps = 0.000319 >= 0.0001
Iteration 128 (max 500)
   eps = 0.000302 >= 0.0001
Iteration 129 (max 500)
   eps = 0.000289 >= 0.0001
Iteration 130 (max 500)
   eps = 0.000273 >= 0.0001
Iteration 131 (max 500)
   eps = 0.000263 >= 0.0001
Iteration 132 (max 500)
   eps = 0.000248 >= 0.0001
Iteration 133 (max 500)
   eps = 0.000239 >= 0.0001
Iteration 134 (max 500)
   eps = 0.000227 >= 0.0001
Iteration 135 (max 500)
   eps = 0.000216 >= 0.0001
Iteration 136 (max 500)
   eps = 0.000203 >= 0.0001
Iteration 137 (max 500)
   eps = 0.000191 >= 0.0001
Iteration 138 (max 500)
   eps = 0.000184 >= 0.0001
Iteration 139 (max 500)
   eps = 0.000172 >= 0.0001
Iteration 140 (max 500)
   eps = 0.000161 >= 0.0001
Iteration 141 (max 500)
   eps = 0.000154 >= 0.0001
Iteration 142 (max 500)
   eps = 0.000144 >= 0.0001
Iteration 143 (max 500)
   eps = 0.000134 >= 0.0001
Iteration 144 (max 500)
   eps = 0.000127 >= 0.0001
Iteration 145 (max 500)
   eps = 0.000121 >= 0.0001
Iteration 146 (max 500)
   eps = 0.000116 >= 0.0001
Iteration 147 (max 500)
   eps = 0.000111 >= 0.0001
Iteration 148 (max 500)
   eps = 0.000109 >= 0.0001
Iteration 149 (max 500)
   eps = 0.000106 >= 0.0001
Iteration 150 (max 500)
Time spent by the wind speed solver: 4.0510947704315186 s
Rotates geometries from -45.0 degrees
Interp succeeded!!! for tmp_file
Interp succeeded!!! for tmp_file
Interp succeeded!!! for tmp_file
Interp succeeded!!! for tmp_file
Interp succeeded!!! for tmp_file
Interp succeeded!!! for tmp_file
Rotates geometries from -45.0 degrees
Rotates geometries from -45.0 degrees
Rotates geometries from -45.0 degrees
Rotates geometries from -45.0 degrees
Rotates geometries from -45.0 degrees
Rotates geometries from -45.0 degrees
Rotates geometries from -45.0 degrees
Rotates geometries from -45.0 degrees
Rotates geometries from -45.0 degrees
Rotates geometries from -45.0 degrees
Rotates geometries from -45.0 degrees
Process 3849967: Successfully ran URock for tile output 'wind_field_raw_tile_33'.
Process 3849967: Elapsed time for URock ('wind_field_raw_tile_33'): 24.01 seconds.
[Master] Process 3849974 - Tile 3: Finished processing.
[Master] 3849974: exit signal
Info: Debuffered '/storage/project/r-rbasu31-0/hyu483/Test_UMEP/UROCK_output_31_spawn/temp_intermediate_files/tile_3_urock_raw_outputs/z1_5/wind_field_raw_tile_3WS.tif' to '/storage/project/r-rbasu31-0/hyu483/Test_UMEP/UROCK_output_31_spawn/urock_tiled_output/urock_wind_field_tile_3WS.tif' (original extent: (233582.59099838723, 902332.4833440109, 233782.59099838723, 902532.4833440109)).
[Master] Process 3849967 - Tile 33: Finished processing.
[Master] 3849967: exit signal
Info: Debuffered '/storage/project/r-rbasu31-0/hyu483/Test_UMEP/UROCK_output_31_spawn/temp_intermediate_files/tile_33_urock_raw_outputs/z1_5/wind_field_raw_tile_33WS.tif' to '/storage/project/r-rbasu31-0/hyu483/Test_UMEP/UROCK_output_31_spawn/urock_tiled_output/urock_wind_field_tile_33WS.tif' (original extent: (234582.59099838723, 902332.4833440109, 234642.58635222574, 902532.4833440109)).
Connecting to database
	->/tmp/URock_2025-12-21T16421965d48a72-b4db-4093-94f3-4322550f1136/myDbH2
/storage/home/hcoda1/4/hyu483/qgis_332/profiles/default/python/plugins/processing_umep/functions/URock/h2gis-standalone/h2gis-dist-2.2.3.jar
Connected!

Spatial functions added!

Load input data
Load table 'build_pre_srid_20251221164243'
Load table 'veg_pre_srid_20251221164243'
Creates blocks and stacked blocks
Rotates geometries from 45.0 degrees
Identify block base height and block cavity base
Calculates obstacle properties
Calculates zone properties
Initializes upwind facades
Update upwind facades base height
Initializes downwind facades
Calculates study area properties
Roughness zone properties are:

                                 - z0: 1.3663686651692566
                                 - d: 6.528114008896099
                                 - Hr: 9.10912443446171
                                 - H_ob_max: 15
                                 - lambda_f: 0.19759024265474417
Rotates geometries from -45.0 degrees
Rotates geometries from -45.0 degrees
Rotates geometries from -45.0 degrees
Creates displacement zones
Rotates geometries from -45.0 degrees
Rotates geometries from -45.0 degrees
Creates cavity and wake zones
Rotates geometries from -45.0 degrees
Rotates geometries from -45.0 degrees
Creates street canyon zones
Rotates geometries from -45.0 degrees
Creates rooftop zones (perpendicular and corner)
Rotates geometries from -45.0 degrees
Rotates geometries from -45.0 degrees
Creates built-up and open vegetation zones
Rotates geometries from -45.0 degrees
Rotates geometries from -45.0 degrees
Identify the buildings concerned by the impacted zone chosen by the user
Creates the grid of points
Affects each grid point to a building Rockle zone and calculates needed 
          variables for 3D wind speed
Affects each grid point to a vegetation Rockle zone and calculates 
          needed variables for 3D wind speed
Remove some of the Röckle zone points
Creates backward zones
Calculates the 3D wind speed factor value for each point of each BUILDING zone
Rotates geometries from -45.0 degrees
Rotates geometries from -45.0 degrees
Rotates geometries from -45.0 degrees
Rotates geometries from -45.0 degrees
Rotates geometries from -45.0 degrees
Rotates geometries from -45.0 degrees
Rotates geometries from -45.0 degrees
Rotates geometries from -45.0 degrees
Rotates geometries from -45.0 degrees
Calculates the 3D wind speed factor value for each point of each VEGETATION zone
Rotates geometries from -45.0 degrees
Deals with superimposition (keeps only 1 value per 3D point)
Deals with superimposition (keeps only 1 value per 3D point)
Identify upstreamer points in TEMPO_WEIGHTING table
Identify upstreamer points in TEMPO_PRIORITIES table
Identify upstreamer points in TEMPO_PRIORITIES_WEIGHT table
Deals with superimposition (keeps only 1 value per 3D point)
Identify upstreamer points in TEMPO_WEIGHTING table
Identify upstreamer points in TEMPO_PRIORITIES table
Identify upstreamer points in TEMPO_PRIORITIES_WEIGHT table
Rotates geometries from -45.0 degrees
Identify grid points intersecting buildings
Set the initial 3D wind speed field
Time spent for wind speed initialization: 105.64847207069397 s
Shape: (129, 156, 14) - Nb cells: 281736
Start to apply the wind solver
Iteration 1 (max 500)
   eps = 0.595734 >= 0.0001
Iteration 2 (max 500)
   eps = 0.453055 >= 0.0001
Iteration 3 (max 500)
   eps = 0.374256 >= 0.0001
Iteration 4 (max 500)
   eps = 0.303352 >= 0.0001
Iteration 5 (max 500)
   eps = 0.243384 >= 0.0001
Iteration 6 (max 500)
   eps = 0.203336 >= 0.0001
Iteration 7 (max 500)
   eps = 0.177338 >= 0.0001
Iteration 8 (max 500)
   eps = 0.157495 >= 0.0001
Iteration 9 (max 500)
   eps = 0.142879 >= 0.0001
Iteration 10 (max 500)
   eps = 0.131293 >= 0.0001
Iteration 11 (max 500)
   eps = 0.122311 >= 0.0001
Iteration 12 (max 500)
   eps = 0.149062 >= 0.0001
Iteration 13 (max 500)
   eps = 0.117792 >= 0.0001
Iteration 14 (max 500)
   eps = 0.10679 >= 0.0001
Iteration 15 (max 500)
   eps = 0.101969 >= 0.0001
Iteration 16 (max 500)
   eps = 0.098198 >= 0.0001
Iteration 17 (max 500)
   eps = 0.094527 >= 0.0001
Iteration 18 (max 500)
   eps = 0.090129 >= 0.0001
Iteration 19 (max 500)
   eps = 0.086547 >= 0.0001
Iteration 20 (max 500)
   eps = 0.084352 >= 0.0001
Iteration 21 (max 500)
   eps = 0.082559 >= 0.0001
Iteration 22 (max 500)
   eps = 0.080231 >= 0.0001
Iteration 23 (max 500)
   eps = 0.077543 >= 0.0001
Iteration 24 (max 500)
   eps = 0.075611 >= 0.0001
Iteration 25 (max 500)
   eps = 0.073265 >= 0.0001
Iteration 26 (max 500)
   eps = 0.071174 >= 0.0001
Iteration 27 (max 500)
   eps = 0.068914 >= 0.0001
Iteration 28 (max 500)
   eps = 0.066724 >= 0.0001
Iteration 29 (max 500)
   eps = 0.063958 >= 0.0001
Iteration 30 (max 500)
   eps = 0.061663 >= 0.0001
Iteration 31 (max 500)
   eps = 0.05955 >= 0.0001
Iteration 32 (max 500)
   eps = 0.057217 >= 0.0001
Iteration 33 (max 500)
   eps = 0.054951 >= 0.0001
Iteration 34 (max 500)
   eps = 0.053028 >= 0.0001
Iteration 35 (max 500)
   eps = 0.051485 >= 0.0001
Iteration 36 (max 500)
   eps = 0.049815 >= 0.0001
Iteration 37 (max 500)
   eps = 0.047838 >= 0.0001
Iteration 38 (max 500)
   eps = 0.046114 >= 0.0001
Iteration 39 (max 500)
   eps = 0.044596 >= 0.0001
Iteration 40 (max 500)
   eps = 0.043141 >= 0.0001
Iteration 41 (max 500)
   eps = 0.041614 >= 0.0001
Iteration 42 (max 500)
   eps = 0.040464 >= 0.0001
Iteration 43 (max 500)
   eps = 0.039142 >= 0.0001
Iteration 44 (max 500)
   eps = 0.037951 >= 0.0001
Iteration 45 (max 500)
   eps = 0.036573 >= 0.0001
Iteration 46 (max 500)
   eps = 0.035231 >= 0.0001
Iteration 47 (max 500)
   eps = 0.034127 >= 0.0001
Iteration 48 (max 500)
   eps = 0.033064 >= 0.0001
Iteration 49 (max 500)
   eps = 0.03212 >= 0.0001
Iteration 50 (max 500)
   eps = 0.03092 >= 0.0001
Iteration 51 (max 500)
   eps = 0.029913 >= 0.0001
Iteration 52 (max 500)
   eps = 0.029103 >= 0.0001
Iteration 53 (max 500)
   eps = 0.02811 >= 0.0001
Iteration 54 (max 500)
   eps = 0.027203 >= 0.0001
Iteration 55 (max 500)
   eps = 0.026283 >= 0.0001
Iteration 56 (max 500)
   eps = 0.025492 >= 0.0001
Iteration 57 (max 500)
   eps = 0.024721 >= 0.0001
Iteration 58 (max 500)
   eps = 0.02408 >= 0.0001
Iteration 59 (max 500)
   eps = 0.023405 >= 0.0001
Iteration 60 (max 500)
   eps = 0.022522 >= 0.0001
Iteration 61 (max 500)
   eps = 0.021732 >= 0.0001
Iteration 62 (max 500)
   eps = 0.020868 >= 0.0001
Iteration 63 (max 500)
   eps = 0.020107 >= 0.0001
Iteration 64 (max 500)
   eps = 0.019494 >= 0.0001
Iteration 65 (max 500)
   eps = 0.018888 >= 0.0001
Iteration 66 (max 500)
   eps = 0.018304 >= 0.0001
Iteration 67 (max 500)
   eps = 0.017726 >= 0.0001
Iteration 68 (max 500)
   eps = 0.017133 >= 0.0001
Iteration 69 (max 500)
   eps = 0.016536 >= 0.0001
Iteration 70 (max 500)
   eps = 0.015989 >= 0.0001
Iteration 71 (max 500)
   eps = 0.015495 >= 0.0001
Iteration 72 (max 500)
   eps = 0.015002 >= 0.0001
Iteration 73 (max 500)
   eps = 0.014489 >= 0.0001
Iteration 74 (max 500)
   eps = 0.014014 >= 0.0001
Iteration 75 (max 500)
   eps = 0.013602 >= 0.0001
Iteration 76 (max 500)
   eps = 0.013206 >= 0.0001
Iteration 77 (max 500)
   eps = 0.012843 >= 0.0001
Iteration 78 (max 500)
   eps = 0.012439 >= 0.0001
Iteration 79 (max 500)
   eps = 0.011954 >= 0.0001
Iteration 80 (max 500)
   eps = 0.011521 >= 0.0001
Iteration 81 (max 500)
   eps = 0.011146 >= 0.0001
Iteration 82 (max 500)
   eps = 0.010761 >= 0.0001
Iteration 83 (max 500)
   eps = 0.010391 >= 0.0001
Iteration 84 (max 500)
   eps = 0.010103 >= 0.0001
Iteration 85 (max 500)
   eps = 0.009797 >= 0.0001
Iteration 86 (max 500)
   eps = 0.009475 >= 0.0001
Iteration 87 (max 500)
   eps = 0.009162 >= 0.0001
Iteration 88 (max 500)
   eps = 0.008852 >= 0.0001
Iteration 89 (max 500)
   eps = 0.008575 >= 0.0001
Iteration 90 (max 500)
   eps = 0.008303 >= 0.0001
Iteration 91 (max 500)
   eps = 0.008052 >= 0.0001
Iteration 92 (max 500)
   eps = 0.007793 >= 0.0001
Iteration 93 (max 500)
   eps = 0.007506 >= 0.0001
Iteration 94 (max 500)
   eps = 0.007225 >= 0.0001
Iteration 95 (max 500)
   eps = 0.006985 >= 0.0001
Iteration 96 (max 500)
   eps = 0.006745 >= 0.0001
Iteration 97 (max 500)
   eps = 0.006514 >= 0.0001
Iteration 98 (max 500)
   eps = 0.006292 >= 0.0001
Iteration 99 (max 500)
   eps = 0.00609 >= 0.0001
Iteration 100 (max 500)
   eps = 0.005882 >= 0.0001
Iteration 101 (max 500)
   eps = 0.005683 >= 0.0001
Iteration 102 (max 500)
   eps = 0.005481 >= 0.0001
Iteration 103 (max 500)
   eps = 0.005302 >= 0.0001
Iteration 104 (max 500)
   eps = 0.005127 >= 0.0001
Iteration 105 (max 500)
   eps = 0.004956 >= 0.0001
Iteration 106 (max 500)
   eps = 0.004793 >= 0.0001
Iteration 107 (max 500)
   eps = 0.004669 >= 0.0001
Iteration 108 (max 500)
   eps = 0.00451 >= 0.0001
Iteration 109 (max 500)
   eps = 0.004369 >= 0.0001
Iteration 110 (max 500)
   eps = 0.004222 >= 0.0001
Iteration 111 (max 500)
   eps = 0.004082 >= 0.0001
Iteration 112 (max 500)
   eps = 0.003934 >= 0.0001
Iteration 113 (max 500)
   eps = 0.003784 >= 0.0001
Iteration 114 (max 500)
   eps = 0.003635 >= 0.0001
Iteration 115 (max 500)
   eps = 0.003488 >= 0.0001
Iteration 116 (max 500)
   eps = 0.003368 >= 0.0001
Iteration 117 (max 500)
   eps = 0.003271 >= 0.0001
Iteration 118 (max 500)
   eps = 0.003183 >= 0.0001
Iteration 119 (max 500)
   eps = 0.003133 >= 0.0001
Iteration 120 (max 500)
   eps = 0.003015 >= 0.0001
Iteration 121 (max 500)
   eps = 0.002897 >= 0.0001
Iteration 122 (max 500)
   eps = 0.00279 >= 0.0001
Iteration 123 (max 500)
   eps = 0.002678 >= 0.0001
Iteration 124 (max 500)
   eps = 0.002578 >= 0.0001
Iteration 125 (max 500)
   eps = 0.00247 >= 0.0001
Iteration 126 (max 500)
   eps = 0.00238 >= 0.0001
Iteration 127 (max 500)
   eps = 0.002303 >= 0.0001
Iteration 128 (max 500)
   eps = 0.002224 >= 0.0001
Iteration 129 (max 500)
   eps = 0.00215 >= 0.0001
Iteration 130 (max 500)
   eps = 0.002071 >= 0.0001
Iteration 131 (max 500)
   eps = 0.002003 >= 0.0001
Iteration 132 (max 500)
   eps = 0.001942 >= 0.0001
Iteration 133 (max 500)
   eps = 0.001855 >= 0.0001
Iteration 134 (max 500)
   eps = 0.001793 >= 0.0001
Iteration 135 (max 500)
   eps = 0.001735 >= 0.0001
Iteration 136 (max 500)
   eps = 0.001673 >= 0.0001
Iteration 137 (max 500)
   eps = 0.001608 >= 0.0001
Iteration 138 (max 500)
   eps = 0.00156 >= 0.0001
Iteration 139 (max 500)
   eps = 0.001502 >= 0.0001
Iteration 140 (max 500)
   eps = 0.001449 >= 0.0001
Iteration 141 (max 500)
   eps = 0.001401 >= 0.0001
Iteration 142 (max 500)
   eps = 0.001349 >= 0.0001
Iteration 143 (max 500)
   eps = 0.001299 >= 0.0001
Iteration 144 (max 500)
   eps = 0.001253 >= 0.0001
Iteration 145 (max 500)
   eps = 0.001209 >= 0.0001
Iteration 146 (max 500)
   eps = 0.001172 >= 0.0001
Iteration 147 (max 500)
   eps = 0.001132 >= 0.0001
Iteration 148 (max 500)
   eps = 0.001094 >= 0.0001
Iteration 149 (max 500)
   eps = 0.001053 >= 0.0001
Iteration 150 (max 500)
   eps = 0.001011 >= 0.0001
Iteration 151 (max 500)
   eps = 0.000968 >= 0.0001
Iteration 152 (max 500)
   eps = 0.000933 >= 0.0001
Iteration 153 (max 500)
   eps = 0.000898 >= 0.0001
Iteration 154 (max 500)
   eps = 0.000868 >= 0.0001
Iteration 155 (max 500)
   eps = 0.000837 >= 0.0001
Iteration 156 (max 500)
   eps = 0.000805 >= 0.0001
Iteration 157 (max 500)
   eps = 0.000777 >= 0.0001
Iteration 158 (max 500)
   eps = 0.000746 >= 0.0001
Iteration 159 (max 500)
   eps = 0.000719 >= 0.0001
Iteration 160 (max 500)
   eps = 0.000691 >= 0.0001
Iteration 161 (max 500)
   eps = 0.000668 >= 0.0001
Iteration 162 (max 500)
   eps = 0.000642 >= 0.0001
Iteration 163 (max 500)
   eps = 0.000621 >= 0.0001
Iteration 164 (max 500)
   eps = 0.000596 >= 0.0001
Iteration 165 (max 500)
   eps = 0.000574 >= 0.0001
Iteration 166 (max 500)
   eps = 0.000553 >= 0.0001
Iteration 167 (max 500)
   eps = 0.000534 >= 0.0001
Iteration 168 (max 500)
   eps = 0.000515 >= 0.0001
Iteration 169 (max 500)
   eps = 0.000495 >= 0.0001
Iteration 170 (max 500)
   eps = 0.000475 >= 0.0001
Iteration 171 (max 500)
   eps = 0.000458 >= 0.0001
Iteration 172 (max 500)
   eps = 0.000441 >= 0.0001
Iteration 173 (max 500)
   eps = 0.000426 >= 0.0001
Iteration 174 (max 500)
   eps = 0.000409 >= 0.0001
Iteration 175 (max 500)
   eps = 0.000395 >= 0.0001
Iteration 176 (max 500)
   eps = 0.00038 >= 0.0001
Iteration 177 (max 500)
   eps = 0.000367 >= 0.0001
Iteration 178 (max 500)
   eps = 0.000353 >= 0.0001
Iteration 179 (max 500)
   eps = 0.000339 >= 0.0001
Iteration 180 (max 500)
   eps = 0.000327 >= 0.0001
Iteration 181 (max 500)
   eps = 0.000314 >= 0.0001
Iteration 182 (max 500)
   eps = 0.000302 >= 0.0001
Iteration 183 (max 500)
   eps = 0.000291 >= 0.0001
Iteration 184 (max 500)
   eps = 0.00028 >= 0.0001
Iteration 185 (max 500)
   eps = 0.000269 >= 0.0001
Iteration 186 (max 500)
   eps = 0.000259 >= 0.0001
Iteration 187 (max 500)
   eps = 0.000249 >= 0.0001
Iteration 188 (max 500)
   eps = 0.000242 >= 0.0001
Iteration 189 (max 500)
   eps = 0.000232 >= 0.0001
Iteration 190 (max 500)
   eps = 0.000222 >= 0.0001
Iteration 191 (max 500)
   eps = 0.000213 >= 0.0001
Iteration 192 (max 500)
   eps = 0.000205 >= 0.0001
Iteration 193 (max 500)
   eps = 0.000198 >= 0.0001
Iteration 194 (max 500)
   eps = 0.000191 >= 0.0001
Iteration 195 (max 500)
   eps = 0.000184 >= 0.0001
Iteration 196 (max 500)
   eps = 0.000177 >= 0.0001
Iteration 197 (max 500)
   eps = 0.00017 >= 0.0001
Iteration 198 (max 500)
   eps = 0.000163 >= 0.0001
Iteration 199 (max 500)
   eps = 0.000157 >= 0.0001
Iteration 200 (max 500)
   eps = 0.000151 >= 0.0001
Iteration 201 (max 500)
   eps = 0.000145 >= 0.0001
Iteration 202 (max 500)
   eps = 0.000139 >= 0.0001
Iteration 203 (max 500)
   eps = 0.000134 >= 0.0001
Iteration 204 (max 500)
   eps = 0.000129 >= 0.0001
Iteration 205 (max 500)
   eps = 0.000125 >= 0.0001
Iteration 206 (max 500)
   eps = 0.00012 >= 0.0001
Iteration 207 (max 500)
   eps = 0.000116 >= 0.0001
Iteration 208 (max 500)
   eps = 0.000112 >= 0.0001
Iteration 209 (max 500)
   eps = 0.000107 >= 0.0001
Iteration 210 (max 500)
   eps = 0.000103 >= 0.0001
Iteration 211 (max 500)
Time spent by the wind speed solver: 15.55176067352295 s
Rotates geometries from -45.0 degrees
Interp succeeded!!! for tmp_file
Interp succeeded!!! for tmp_file
Interp succeeded!!! for tmp_file
Interp succeeded!!! for tmp_file
Interp succeeded!!! for tmp_file
Interp succeeded!!! for tmp_file
Rotates geometries from -45.0 degrees
Rotates geometries from -45.0 degrees
Rotates geometries from -45.0 degrees
Rotates geometries from -45.0 degrees
Rotates geometries from -45.0 degrees
Rotates geometries from -45.0 degrees
Rotates geometries from -45.0 degrees
Rotates geometries from -45.0 degrees
Rotates geometries from -45.0 degrees
Rotates geometries from -45.0 degrees
Rotates geometries from -45.0 degrees
Process 3849973: Successfully ran URock for tile output 'wind_field_raw_tile_21'.
Process 3849973: Elapsed time for URock ('wind_field_raw_tile_21'): 179.57 seconds.
[Master] Process 3849973 - Tile 21: Finished processing.
[Master] 3849973: exit signal
Info: Debuffered '/storage/project/r-rbasu31-0/hyu483/Test_UMEP/UROCK_output_31_spawn/temp_intermediate_files/tile_21_urock_raw_outputs/z1_5/wind_field_raw_tile_21WS.tif' to '/storage/project/r-rbasu31-0/hyu483/Test_UMEP/UROCK_output_31_spawn/urock_tiled_output/urock_wind_field_tile_21WS.tif' (original extent: (234182.59099838723, 902332.4833440109, 234382.59099838723, 902532.4833440109)).
Connecting to database
	->/tmp/URock_2025-12-21T16421839cc9929-eab3-42f0-a8fb-1b736abcb843/myDbH2
/storage/home/hcoda1/4/hyu483/qgis_332/profiles/default/python/plugins/processing_umep/functions/URock/h2gis-standalone/h2gis-dist-2.2.3.jar
Connected!

Spatial functions added!

Load input data
Load table 'build_pre_srid_20251221164238'
Load table 'veg_pre_srid_20251221164238'
Creates blocks and stacked blocks
Rotates geometries from 45.0 degrees
Identify block base height and block cavity base
Calculates obstacle properties
Calculates zone properties
Initializes upwind facades
Update upwind facades base height
Initializes downwind facades
Calculates study area properties
Roughness zone properties are:

                                 - z0: 1.2666212368693455
                                 - d: 6.137370146357561
                                 - Hr: 8.44414157912897
                                 - H_ob_max: 16
                                 - lambda_f: 0.226628288498702
Rotates geometries from -45.0 degrees
Rotates geometries from -45.0 degrees
Rotates geometries from -45.0 degrees
Creates displacement zones
Rotates geometries from -45.0 degrees
Rotates geometries from -45.0 degrees
Creates cavity and wake zones
Rotates geometries from -45.0 degrees
Rotates geometries from -45.0 degrees
Creates street canyon zones
Rotates geometries from -45.0 degrees
Creates rooftop zones (perpendicular and corner)
Rotates geometries from -45.0 degrees
Rotates geometries from -45.0 degrees
Creates built-up and open vegetation zones
Rotates geometries from -45.0 degrees
Rotates geometries from -45.0 degrees
Identify the buildings concerned by the impacted zone chosen by the user
Creates the grid of points
Affects each grid point to a building Rockle zone and calculates needed 
          variables for 3D wind speed
Affects each grid point to a vegetation Rockle zone and calculates 
          needed variables for 3D wind speed
Remove some of the Röckle zone points
Creates backward zones
Calculates the 3D wind speed factor value for each point of each BUILDING zone
Rotates geometries from -45.0 degrees
Rotates geometries from -45.0 degrees
Rotates geometries from -45.0 degrees
Rotates geometries from -45.0 degrees
Rotates geometries from -45.0 degrees
Rotates geometries from -45.0 degrees
Rotates geometries from -45.0 degrees
Rotates geometries from -45.0 degrees
Rotates geometries from -45.0 degrees
Calculates the 3D wind speed factor value for each point of each VEGETATION zone
Rotates geometries from -45.0 degrees
Deals with superimposition (keeps only 1 value per 3D point)
Deals with superimposition (keeps only 1 value per 3D point)
Identify upstreamer points in TEMPO_WEIGHTING table
Identify upstreamer points in TEMPO_PRIORITIES table
Identify upstreamer points in TEMPO_PRIORITIES_WEIGHT table
Deals with superimposition (keeps only 1 value per 3D point)
Identify upstreamer points in TEMPO_WEIGHTING table
Identify upstreamer points in TEMPO_PRIORITIES table
Identify upstreamer points in TEMPO_PRIORITIES_WEIGHT table
Rotates geometries from -45.0 degrees
Identify grid points intersecting buildings
Set the initial 3D wind speed field
Time spent for wind speed initialization: 112.26315116882324 s
Shape: (126, 159, 14) - Nb cells: 280476
Start to apply the wind solver
Iteration 1 (max 500)
   eps = 0.61635 >= 0.0001
Iteration 2 (max 500)
   eps = 0.465941 >= 0.0001
Iteration 3 (max 500)
   eps = 0.387631 >= 0.0001
Iteration 4 (max 500)
   eps = 0.314009 >= 0.0001
Iteration 5 (max 500)
   eps = 0.250741 >= 0.0001
Iteration 6 (max 500)
   eps = 0.213537 >= 0.0001
Iteration 7 (max 500)
   eps = 0.187493 >= 0.0001
Iteration 8 (max 500)
   eps = 0.166731 >= 0.0001
Iteration 9 (max 500)
   eps = 0.15112 >= 0.0001
Iteration 10 (max 500)
   eps = 0.138051 >= 0.0001
Iteration 11 (max 500)
   eps = 0.127101 >= 0.0001
Iteration 12 (max 500)
   eps = 0.149411 >= 0.0001
Iteration 13 (max 500)
   eps = 0.121173 >= 0.0001
Iteration 14 (max 500)
   eps = 0.11161 >= 0.0001
Iteration 15 (max 500)
   eps = 0.106373 >= 0.0001
Iteration 16 (max 500)
   eps = 0.100914 >= 0.0001
Iteration 17 (max 500)
   eps = 0.095476 >= 0.0001
Iteration 18 (max 500)
   eps = 0.091236 >= 0.0001
Iteration 19 (max 500)
   eps = 0.088034 >= 0.0001
Iteration 20 (max 500)
   eps = 0.085825 >= 0.0001
Iteration 21 (max 500)
   eps = 0.08353 >= 0.0001
Iteration 22 (max 500)
   eps = 0.080887 >= 0.0001
Iteration 23 (max 500)
   eps = 0.078202 >= 0.0001
Iteration 24 (max 500)
   eps = 0.076995 >= 0.0001
Iteration 25 (max 500)
   eps = 0.074361 >= 0.0001
Iteration 26 (max 500)
   eps = 0.072031 >= 0.0001
Iteration 27 (max 500)
   eps = 0.069378 >= 0.0001
Iteration 28 (max 500)
   eps = 0.067104 >= 0.0001
Iteration 29 (max 500)
   eps = 0.064839 >= 0.0001
Iteration 30 (max 500)
   eps = 0.06253 >= 0.0001
Iteration 31 (max 500)
   eps = 0.0603 >= 0.0001
Iteration 32 (max 500)
   eps = 0.058137 >= 0.0001
Iteration 33 (max 500)
   eps = 0.056293 >= 0.0001
Iteration 34 (max 500)
   eps = 0.054748 >= 0.0001
Iteration 35 (max 500)
   eps = 0.052709 >= 0.0001
Iteration 36 (max 500)
   eps = 0.050758 >= 0.0001
Iteration 37 (max 500)
   eps = 0.048841 >= 0.0001
Iteration 38 (max 500)
   eps = 0.047027 >= 0.0001
Iteration 39 (max 500)
   eps = 0.045342 >= 0.0001
Iteration 40 (max 500)
   eps = 0.043579 >= 0.0001
Iteration 41 (max 500)
   eps = 0.041986 >= 0.0001
Iteration 42 (max 500)
   eps = 0.040779 >= 0.0001
Iteration 43 (max 500)
   eps = 0.039558 >= 0.0001
Iteration 44 (max 500)
   eps = 0.037958 >= 0.0001
Iteration 45 (max 500)
   eps = 0.036501 >= 0.0001
Iteration 46 (max 500)
   eps = 0.035224 >= 0.0001
Iteration 47 (max 500)
   eps = 0.03401 >= 0.0001
Iteration 48 (max 500)
   eps = 0.032807 >= 0.0001
Iteration 49 (max 500)
   eps = 0.031624 >= 0.0001
Iteration 50 (max 500)
   eps = 0.030762 >= 0.0001
Iteration 51 (max 500)
   eps = 0.029915 >= 0.0001
Iteration 52 (max 500)
   eps = 0.02879 >= 0.0001
Iteration 53 (max 500)
   eps = 0.027637 >= 0.0001
Iteration 54 (max 500)
   eps = 0.026643 >= 0.0001
Iteration 55 (max 500)
   eps = 0.025803 >= 0.0001
Iteration 56 (max 500)
   eps = 0.024995 >= 0.0001
Iteration 57 (max 500)
   eps = 0.024158 >= 0.0001
Iteration 58 (max 500)
   eps = 0.023349 >= 0.0001
Iteration 59 (max 500)
   eps = 0.02269 >= 0.0001
Iteration 60 (max 500)
   eps = 0.022007 >= 0.0001
Iteration 61 (max 500)
   eps = 0.021366 >= 0.0001
Iteration 62 (max 500)
   eps = 0.020638 >= 0.0001
Iteration 63 (max 500)
   eps = 0.019956 >= 0.0001
Iteration 64 (max 500)
   eps = 0.019324 >= 0.0001
Iteration 65 (max 500)
   eps = 0.018661 >= 0.0001
Iteration 66 (max 500)
   eps = 0.018 >= 0.0001
Iteration 67 (max 500)
   eps = 0.017327 >= 0.0001
Iteration 68 (max 500)
   eps = 0.016645 >= 0.0001
Iteration 69 (max 500)
   eps = 0.016149 >= 0.0001
Iteration 70 (max 500)
   eps = 0.015622 >= 0.0001
Iteration 71 (max 500)
   eps = 0.015107 >= 0.0001
Iteration 72 (max 500)
   eps = 0.014637 >= 0.0001
Iteration 73 (max 500)
   eps = 0.014114 >= 0.0001
Iteration 74 (max 500)
   eps = 0.01359 >= 0.0001
Iteration 75 (max 500)
   eps = 0.013097 >= 0.0001
Iteration 76 (max 500)
   eps = 0.012664 >= 0.0001
Iteration 77 (max 500)
   eps = 0.012266 >= 0.0001
Iteration 78 (max 500)
   eps = 0.011843 >= 0.0001
Iteration 79 (max 500)
   eps = 0.011416 >= 0.0001
Iteration 80 (max 500)
   eps = 0.010974 >= 0.0001
Iteration 81 (max 500)
   eps = 0.010576 >= 0.0001
Iteration 82 (max 500)
   eps = 0.010207 >= 0.0001
Iteration 83 (max 500)
   eps = 0.009847 >= 0.0001
Iteration 84 (max 500)
   eps = 0.009545 >= 0.0001
Iteration 85 (max 500)
   eps = 0.009219 >= 0.0001
Iteration 86 (max 500)
   eps = 0.008889 >= 0.0001
Iteration 87 (max 500)
   eps = 0.008536 >= 0.0001
Iteration 88 (max 500)
   eps = 0.008225 >= 0.0001
Iteration 89 (max 500)
   eps = 0.007941 >= 0.0001
Iteration 90 (max 500)
   eps = 0.007664 >= 0.0001
Iteration 91 (max 500)
   eps = 0.007415 >= 0.0001
Iteration 92 (max 500)
   eps = 0.007164 >= 0.0001
Iteration 93 (max 500)
   eps = 0.006887 >= 0.0001
Iteration 94 (max 500)
   eps = 0.006644 >= 0.0001
Iteration 95 (max 500)
   eps = 0.006419 >= 0.0001
Iteration 96 (max 500)
   eps = 0.006215 >= 0.0001
Iteration 97 (max 500)
   eps = 0.006001 >= 0.0001
Iteration 98 (max 500)
   eps = 0.005796 >= 0.0001
Iteration 99 (max 500)
   eps = 0.005607 >= 0.0001
Iteration 100 (max 500)
   eps = 0.005392 >= 0.0001
Iteration 101 (max 500)
   eps = 0.005193 >= 0.0001
Iteration 102 (max 500)
   eps = 0.005005 >= 0.0001
Iteration 103 (max 500)
   eps = 0.004849 >= 0.0001
Iteration 104 (max 500)
   eps = 0.004682 >= 0.0001
Iteration 105 (max 500)
   eps = 0.004532 >= 0.0001
Iteration 106 (max 500)
   eps = 0.004394 >= 0.0001
Iteration 107 (max 500)
   eps = 0.004249 >= 0.0001
Iteration 108 (max 500)
   eps = 0.004076 >= 0.0001
Iteration 109 (max 500)
   eps = 0.00392 >= 0.0001
Iteration 110 (max 500)
   eps = 0.003793 >= 0.0001
Iteration 111 (max 500)
   eps = 0.003713 >= 0.0001
Iteration 112 (max 500)
   eps = 0.003571 >= 0.0001
Iteration 113 (max 500)
   eps = 0.003431 >= 0.0001
Iteration 114 (max 500)
   eps = 0.003317 >= 0.0001
Iteration 115 (max 500)
   eps = 0.003216 >= 0.0001
Iteration 116 (max 500)
   eps = 0.003103 >= 0.0001
Iteration 117 (max 500)
   eps = 0.003006 >= 0.0001
Iteration 118 (max 500)
   eps = 0.002892 >= 0.0001
Iteration 119 (max 500)
   eps = 0.002785 >= 0.0001
Iteration 120 (max 500)
   eps = 0.002678 >= 0.0001
Iteration 121 (max 500)
   eps = 0.002571 >= 0.0001
Iteration 122 (max 500)
   eps = 0.002469 >= 0.0001
Iteration 123 (max 500)
   eps = 0.002407 >= 0.0001
Iteration 124 (max 500)
   eps = 0.00232 >= 0.0001
Iteration 125 (max 500)
   eps = 0.002231 >= 0.0001
Iteration 126 (max 500)
   eps = 0.002161 >= 0.0001
Iteration 127 (max 500)
   eps = 0.002097 >= 0.0001
Iteration 128 (max 500)
   eps = 0.002021 >= 0.0001
Iteration 129 (max 500)
   eps = 0.001945 >= 0.0001
Iteration 130 (max 500)
   eps = 0.001869 >= 0.0001
Iteration 131 (max 500)
   eps = 0.001794 >= 0.0001
Iteration 132 (max 500)
   eps = 0.00173 >= 0.0001
Iteration 133 (max 500)
   eps = 0.001677 >= 0.0001
Iteration 134 (max 500)
   eps = 0.001612 >= 0.0001
Iteration 135 (max 500)
   eps = 0.001558 >= 0.0001
Iteration 136 (max 500)
   eps = 0.001495 >= 0.0001
Iteration 137 (max 500)
   eps = 0.00144 >= 0.0001
Iteration 138 (max 500)
   eps = 0.001391 >= 0.0001
Iteration 139 (max 500)
   eps = 0.001337 >= 0.0001
Iteration 140 (max 500)
   eps = 0.00129 >= 0.0001
Iteration 141 (max 500)
   eps = 0.001249 >= 0.0001
Iteration 142 (max 500)
   eps = 0.001206 >= 0.0001
Iteration 143 (max 500)
   eps = 0.001156 >= 0.0001
Iteration 144 (max 500)
   eps = 0.001116 >= 0.0001
Iteration 145 (max 500)
   eps = 0.001077 >= 0.0001
Iteration 146 (max 500)
   eps = 0.001038 >= 0.0001
Iteration 147 (max 500)
   eps = 0.000997 >= 0.0001
Iteration 148 (max 500)
   eps = 0.000958 >= 0.0001
Iteration 149 (max 500)
   eps = 0.000922 >= 0.0001
Iteration 150 (max 500)
   eps = 0.000889 >= 0.0001
Iteration 151 (max 500)
   eps = 0.000854 >= 0.0001
Iteration 152 (max 500)
   eps = 0.00082 >= 0.0001
Iteration 153 (max 500)
   eps = 0.00079 >= 0.0001
Iteration 154 (max 500)
   eps = 0.00076 >= 0.0001
Iteration 155 (max 500)
   eps = 0.000729 >= 0.0001
Iteration 156 (max 500)
   eps = 0.000705 >= 0.0001
Iteration 157 (max 500)
   eps = 0.000681 >= 0.0001
Iteration 158 (max 500)
   eps = 0.000657 >= 0.0001
Iteration 159 (max 500)
   eps = 0.000632 >= 0.0001
Iteration 160 (max 500)
   eps = 0.000606 >= 0.0001
Iteration 161 (max 500)
   eps = 0.000585 >= 0.0001
Iteration 162 (max 500)
   eps = 0.000563 >= 0.0001
Iteration 163 (max 500)
   eps = 0.000542 >= 0.0001
Iteration 164 (max 500)
   eps = 0.000521 >= 0.0001
Iteration 165 (max 500)
   eps = 0.000502 >= 0.0001
Iteration 166 (max 500)
   eps = 0.000482 >= 0.0001
Iteration 167 (max 500)
   eps = 0.000465 >= 0.0001
Iteration 168 (max 500)
   eps = 0.000449 >= 0.0001
Iteration 169 (max 500)
   eps = 0.000434 >= 0.0001
Iteration 170 (max 500)
   eps = 0.000417 >= 0.0001
Iteration 171 (max 500)
   eps = 0.000399 >= 0.0001
Iteration 172 (max 500)
   eps = 0.000385 >= 0.0001
Iteration 173 (max 500)
   eps = 0.000375 >= 0.0001
Iteration 174 (max 500)
   eps = 0.000359 >= 0.0001
Iteration 175 (max 500)
   eps = 0.000344 >= 0.0001
Iteration 176 (max 500)
   eps = 0.00033 >= 0.0001
Iteration 177 (max 500)
   eps = 0.000314 >= 0.0001
Iteration 178 (max 500)
   eps = 0.000301 >= 0.0001
Iteration 179 (max 500)
   eps = 0.000291 >= 0.0001
Iteration 180 (max 500)
   eps = 0.00028 >= 0.0001
Iteration 181 (max 500)
   eps = 0.00027 >= 0.0001
Iteration 182 (max 500)
   eps = 0.000261 >= 0.0001
Iteration 183 (max 500)
   eps = 0.000251 >= 0.0001
Iteration 184 (max 500)
   eps = 0.000244 >= 0.0001
Iteration 185 (max 500)
   eps = 0.000235 >= 0.0001
Iteration 186 (max 500)
   eps = 0.000225 >= 0.0001
Iteration 187 (max 500)
   eps = 0.000215 >= 0.0001
Iteration 188 (max 500)
   eps = 0.000205 >= 0.0001
Iteration 189 (max 500)
   eps = 0.000196 >= 0.0001
Iteration 190 (max 500)
   eps = 0.000188 >= 0.0001
Iteration 191 (max 500)
   eps = 0.000183 >= 0.0001
Iteration 192 (max 500)
   eps = 0.000175 >= 0.0001
Iteration 193 (max 500)
   eps = 0.000169 >= 0.0001
Iteration 194 (max 500)
   eps = 0.000163 >= 0.0001
Iteration 195 (max 500)
   eps = 0.000156 >= 0.0001
Iteration 196 (max 500)
   eps = 0.000151 >= 0.0001
Iteration 197 (max 500)
   eps = 0.000146 >= 0.0001
Iteration 198 (max 500)
   eps = 0.00014 >= 0.0001
Iteration 199 (max 500)
   eps = 0.000135 >= 0.0001
Iteration 200 (max 500)
   eps = 0.000129 >= 0.0001
Iteration 201 (max 500)
   eps = 0.000125 >= 0.0001
Iteration 202 (max 500)
   eps = 0.000121 >= 0.0001
Iteration 203 (max 500)
   eps = 0.000117 >= 0.0001
Iteration 204 (max 500)
   eps = 0.000112 >= 0.0001
Iteration 205 (max 500)
   eps = 0.000108 >= 0.0001
Iteration 206 (max 500)
   eps = 0.000103 >= 0.0001
Iteration 207 (max 500)
Time spent by the wind speed solver: 14.399153232574463 s
Rotates geometries from -45.0 degrees
Interp succeeded!!! for tmp_file
Interp succeeded!!! for tmp_file
Interp succeeded!!! for tmp_file
Interp succeeded!!! for tmp_file
Interp succeeded!!! for tmp_file
Interp succeeded!!! for tmp_file
Rotates geometries from -45.0 degrees
Rotates geometries from -45.0 degrees
Rotates geometries from -45.0 degrees
Rotates geometries from -45.0 degrees
Rotates geometries from -45.0 degrees
Rotates geometries from -45.0 degrees
Rotates geometries from -45.0 degrees
Rotates geometries from -45.0 degrees
Rotates geometries from -45.0 degrees
Rotates geometries from -45.0 degrees
Rotates geometries from -45.0 degrees
Process 3849985: Successfully ran URock for tile output 'wind_field_raw_tile_20'.
Process 3849985: Elapsed time for URock ('wind_field_raw_tile_20'): 180.55 seconds.
Connecting to database
	->/tmp/URock_2025-12-21T164218b32d111f-b48b-471d-b6ff-dcbaf5441994/myDbH2
/storage/home/hcoda1/4/hyu483/qgis_332/profiles/default/python/plugins/processing_umep/functions/URock/h2gis-standalone/h2gis-dist-2.2.3.jar
Connected!

Spatial functions added!

Load input data
Load table 'build_pre_srid_20251221164231'
Load table 'veg_pre_srid_20251221164231'
Creates blocks and stacked blocks
Rotates geometries from 45.0 degrees
Identify block base height and block cavity base
Calculates obstacle properties
Calculates zone properties
Initializes upwind facades
Update upwind facades base height
Initializes downwind facades
Calculates study area properties
Roughness zone properties are:

                                 - z0: 3.157331054382436
                                 - d: 14.74701060760848
                                 - Hr: 21.048873695882907
                                 - H_ob_max: 33
                                 - lambda_f: 0.15173732003436646
Rotates geometries from -45.0 degrees
Rotates geometries from -45.0 degrees
Rotates geometries from -45.0 degrees
Creates displacement zones
Rotates geometries from -45.0 degrees
Rotates geometries from -45.0 degrees
Creates cavity and wake zones
Rotates geometries from -45.0 degrees
Rotates geometries from -45.0 degrees
Creates street canyon zones
Rotates geometries from -45.0 degrees
Creates rooftop zones (perpendicular and corner)
Rotates geometries from -45.0 degrees
Rotates geometries from -45.0 degrees
Creates built-up and open vegetation zones
Rotates geometries from -45.0 degrees
Rotates geometries from -45.0 degrees
Identify the buildings concerned by the impacted zone chosen by the user
Creates the grid of points
Affects each grid point to a building Rockle zone and calculates needed 
          variables for 3D wind speed
Affects each grid point to a vegetation Rockle zone and calculates 
          needed variables for 3D wind speed
Remove some of the Röckle zone points
Creates backward zones
Calculates the 3D wind speed factor value for each point of each BUILDING zone
Rotates geometries from -45.0 degrees
Rotates geometries from -45.0 degrees
Rotates geometries from -45.0 degrees
Rotates geometries from -45.0 degrees
Rotates geometries from -45.0 degrees
Rotates geometries from -45.0 degrees
Rotates geometries from -45.0 degrees
Rotates geometries from -45.0 degrees
Rotates geometries from -45.0 degrees
Calculates the 3D wind speed factor value for each point of each VEGETATION zone
Rotates geometries from -45.0 degrees
Deals with superimposition (keeps only 1 value per 3D point)
Deals with superimposition (keeps only 1 value per 3D point)
Identify upstreamer points in TEMPO_WEIGHTING table
Identify upstreamer points in TEMPO_PRIORITIES table
Identify upstreamer points in TEMPO_PRIORITIES_WEIGHT table
Deals with superimposition (keeps only 1 value per 3D point)
Identify upstreamer points in TEMPO_WEIGHTING table
Identify upstreamer points in TEMPO_PRIORITIES table
Identify upstreamer points in TEMPO_PRIORITIES_WEIGHT table
Rotates geometries from -45.0 degrees
Identify grid points intersecting buildings
Set the initial 3D wind speed field
Time spent for wind speed initialization: 118.66710019111633 s
Shape: (118, 165, 23) - Nb cells: 447810
Start to apply the wind solver
Iteration 1 (max 500)
   eps = 0.703163 >= 0.0001
Iteration 2 (max 500)
   eps = 0.438984 >= 0.0001
Iteration 3 (max 500)
   eps = 0.327096 >= 0.0001
Iteration 4 (max 500)
   eps = 0.259163 >= 0.0001
Iteration 5 (max 500)
   eps = 0.214098 >= 0.0001
Iteration 6 (max 500)
   eps = 0.18066 >= 0.0001
Iteration 7 (max 500)
   eps = 0.153935 >= 0.0001
Iteration 8 (max 500)
   eps = 0.132851 >= 0.0001
Iteration 9 (max 500)
   eps = 0.115854 >= 0.0001
Iteration 10 (max 500)
   eps = 0.101888 >= 0.0001
Iteration 11 (max 500)
   eps = 0.089799 >= 0.0001
Iteration 12 (max 500)
   eps = 0.079321 >= 0.0001
Iteration 13 (max 500)
   eps = 0.07069 >= 0.0001
Iteration 14 (max 500)
   eps = 0.063489 >= 0.0001
Iteration 15 (max 500)
   eps = 0.057445 >= 0.0001
Iteration 16 (max 500)
   eps = 0.052027 >= 0.0001
Iteration 17 (max 500)
   eps = 0.047567 >= 0.0001
Iteration 18 (max 500)
   eps = 0.043948 >= 0.0001
Iteration 19 (max 500)
   eps = 0.040715 >= 0.0001
Iteration 20 (max 500)
   eps = 0.038028 >= 0.0001
Iteration 21 (max 500)
   eps = 0.035497 >= 0.0001
Iteration 22 (max 500)
   eps = 0.034585 >= 0.0001
Iteration 23 (max 500)
   eps = 0.032042 >= 0.0001
Iteration 24 (max 500)
   eps = 0.030197 >= 0.0001
Iteration 25 (max 500)
   eps = 0.028547 >= 0.0001
Iteration 26 (max 500)
   eps = 0.027001 >= 0.0001
Iteration 27 (max 500)
   eps = 0.025688 >= 0.0001
Iteration 28 (max 500)
   eps = 0.024451 >= 0.0001
Iteration 29 (max 500)
   eps = 0.023313 >= 0.0001
Iteration 30 (max 500)
   eps = 0.02224 >= 0.0001
Iteration 31 (max 500)
   eps = 0.021356 >= 0.0001
Iteration 32 (max 500)
   eps = 0.020669 >= 0.0001
Iteration 33 (max 500)
   eps = 0.019968 >= 0.0001
Iteration 34 (max 500)
   eps = 0.019184 >= 0.0001
Iteration 35 (max 500)
   eps = 0.018431 >= 0.0001
Iteration 36 (max 500)
   eps = 0.017724 >= 0.0001
Iteration 37 (max 500)
   eps = 0.017056 >= 0.0001
Iteration 38 (max 500)
   eps = 0.016462 >= 0.0001
Iteration 39 (max 500)
   eps = 0.015883 >= 0.0001
Iteration 40 (max 500)
   eps = 0.01531 >= 0.0001
Iteration 41 (max 500)
   eps = 0.014756 >= 0.0001
Iteration 42 (max 500)
   eps = 0.014231 >= 0.0001
Iteration 43 (max 500)
   eps = 0.013732 >= 0.0001
Iteration 44 (max 500)
   eps = 0.013276 >= 0.0001
Iteration 45 (max 500)
   eps = 0.012846 >= 0.0001
Iteration 46 (max 500)
   eps = 0.012417 >= 0.0001
Iteration 47 (max 500)
   eps = 0.012021 >= 0.0001
Iteration 48 (max 500)
   eps = 0.011632 >= 0.0001
Iteration 49 (max 500)
   eps = 0.011257 >= 0.0001
Iteration 50 (max 500)
   eps = 0.010877 >= 0.0001
Iteration 51 (max 500)
   eps = 0.0105 >= 0.0001
Iteration 52 (max 500)
   eps = 0.010116 >= 0.0001
Iteration 53 (max 500)
   eps = 0.009779 >= 0.0001
Iteration 54 (max 500)
   eps = 0.009451 >= 0.0001
Iteration 55 (max 500)
   eps = 0.009115 >= 0.0001
Iteration 56 (max 500)
   eps = 0.008821 >= 0.0001
Iteration 57 (max 500)
   eps = 0.008518 >= 0.0001
Iteration 58 (max 500)
   eps = 0.008232 >= 0.0001
Iteration 59 (max 500)
   eps = 0.00798 >= 0.0001
Iteration 60 (max 500)
   eps = 0.007728 >= 0.0001
Iteration 61 (max 500)
   eps = 0.007482 >= 0.0001
Iteration 62 (max 500)
   eps = 0.007243 >= 0.0001
Iteration 63 (max 500)
   eps = 0.007028 >= 0.0001
Iteration 64 (max 500)
   eps = 0.006819 >= 0.0001
Iteration 65 (max 500)
   eps = 0.006619 >= 0.0001
Iteration 66 (max 500)
   eps = 0.006427 >= 0.0001
Iteration 67 (max 500)
   eps = 0.006233 >= 0.0001
Iteration 68 (max 500)
   eps = 0.006046 >= 0.0001
Iteration 69 (max 500)
   eps = 0.005861 >= 0.0001
Iteration 70 (max 500)
   eps = 0.005671 >= 0.0001
Iteration 71 (max 500)
   eps = 0.005494 >= 0.0001
Iteration 72 (max 500)
   eps = 0.005299 >= 0.0001
Iteration 73 (max 500)
   eps = 0.005128 >= 0.0001
Iteration 74 (max 500)
   eps = 0.004979 >= 0.0001
Iteration 75 (max 500)
   eps = 0.004817 >= 0.0001
Iteration 76 (max 500)
   eps = 0.004671 >= 0.0001
Iteration 77 (max 500)
   eps = 0.004528 >= 0.0001
Iteration 78 (max 500)
   eps = 0.004394 >= 0.0001
Iteration 79 (max 500)
   eps = 0.004261 >= 0.0001
Iteration 80 (max 500)
   eps = 0.004135 >= 0.0001
Iteration 81 (max 500)
   eps = 0.004009 >= 0.0001
Iteration 82 (max 500)
   eps = 0.003889 >= 0.0001
Iteration 83 (max 500)
   eps = 0.003762 >= 0.0001
Iteration 84 (max 500)
   eps = 0.003646 >= 0.0001
Iteration 85 (max 500)
   eps = 0.003548 >= 0.0001
Iteration 86 (max 500)
   eps = 0.00345 >= 0.0001
Iteration 87 (max 500)
   eps = 0.003327 >= 0.0001
Iteration 88 (max 500)
   eps = 0.003211 >= 0.0001
Iteration 89 (max 500)
   eps = 0.003105 >= 0.0001
Iteration 90 (max 500)
   eps = 0.003003 >= 0.0001
Iteration 91 (max 500)
   eps = 0.002898 >= 0.0001
Iteration 92 (max 500)
   eps = 0.002796 >= 0.0001
Iteration 93 (max 500)
   eps = 0.002705 >= 0.0001
Iteration 94 (max 500)
   eps = 0.002615 >= 0.0001
Iteration 95 (max 500)
   eps = 0.002539 >= 0.0001
Iteration 96 (max 500)
   eps = 0.00246 >= 0.0001
Iteration 97 (max 500)
   eps = 0.002385 >= 0.0001
Iteration 98 (max 500)
   eps = 0.002313 >= 0.0001
Iteration 99 (max 500)
   eps = 0.002244 >= 0.0001
Iteration 100 (max 500)
   eps = 0.002176 >= 0.0001
Iteration 101 (max 500)
   eps = 0.002109 >= 0.0001
Iteration 102 (max 500)
   eps = 0.002043 >= 0.0001
Iteration 103 (max 500)
   eps = 0.001987 >= 0.0001
Iteration 104 (max 500)
   eps = 0.001936 >= 0.0001
Iteration 105 (max 500)
   eps = 0.001878 >= 0.0001
Iteration 106 (max 500)
   eps = 0.001814 >= 0.0001
Iteration 107 (max 500)
   eps = 0.001745 >= 0.0001
Iteration 108 (max 500)
   eps = 0.001681 >= 0.0001
Iteration 109 (max 500)
   eps = 0.001621 >= 0.0001
Iteration 110 (max 500)
   eps = 0.001561 >= 0.0001
Iteration 111 (max 500)
   eps = 0.001506 >= 0.0001
Iteration 112 (max 500)
   eps = 0.001457 >= 0.0001
Iteration 113 (max 500)
   eps = 0.001414 >= 0.0001
Iteration 114 (max 500)
   eps = 0.001378 >= 0.0001
Iteration 115 (max 500)
   eps = 0.001338 >= 0.0001
Iteration 116 (max 500)
   eps = 0.00129 >= 0.0001
Iteration 117 (max 500)
   eps = 0.001244 >= 0.0001
Iteration 118 (max 500)
   eps = 0.0012 >= 0.0001
Iteration 119 (max 500)
   eps = 0.001163 >= 0.0001
Iteration 120 (max 500)
   eps = 0.001118 >= 0.0001
Iteration 121 (max 500)
   eps = 0.001082 >= 0.0001
Iteration 122 (max 500)
   eps = 0.001039 >= 0.0001
Iteration 123 (max 500)
   eps = 0.000996 >= 0.0001
Iteration 124 (max 500)
   eps = 0.000967 >= 0.0001
Iteration 125 (max 500)
   eps = 0.000935 >= 0.0001
Iteration 126 (max 500)
   eps = 0.000907 >= 0.0001
Iteration 127 (max 500)
   eps = 0.00088 >= 0.0001
Iteration 128 (max 500)
   eps = 0.000847 >= 0.0001
Iteration 129 (max 500)
   eps = 0.000811 >= 0.0001
Iteration 130 (max 500)
   eps = 0.000783 >= 0.0001
Iteration 131 (max 500)
   eps = 0.000756 >= 0.0001
Iteration 132 (max 500)
   eps = 0.000733 >= 0.0001
Iteration 133 (max 500)
   eps = 0.000707 >= 0.0001
Iteration 134 (max 500)
   eps = 0.000682 >= 0.0001
Iteration 135 (max 500)
   eps = 0.000661 >= 0.0001
Iteration 136 (max 500)
   eps = 0.00064 >= 0.0001
Iteration 137 (max 500)
   eps = 0.000618 >= 0.0001
Iteration 138 (max 500)
   eps = 0.000595 >= 0.0001
Iteration 139 (max 500)
   eps = 0.000572 >= 0.0001
Iteration 140 (max 500)
   eps = 0.000551 >= 0.0001
Iteration 141 (max 500)
   eps = 0.000532 >= 0.0001
Iteration 142 (max 500)
   eps = 0.000513 >= 0.0001
Iteration 143 (max 500)
   eps = 0.000495 >= 0.0001
Iteration 144 (max 500)
   eps = 0.000479 >= 0.0001
Iteration 145 (max 500)
   eps = 0.000463 >= 0.0001
Iteration 146 (max 500)
   eps = 0.000446 >= 0.0001
Iteration 147 (max 500)
   eps = 0.000429 >= 0.0001
Iteration 148 (max 500)
   eps = 0.000415 >= 0.0001
Iteration 149 (max 500)
   eps = 0.000401 >= 0.0001
Iteration 150 (max 500)
   eps = 0.00039 >= 0.0001
Iteration 151 (max 500)
   eps = 0.000378 >= 0.0001
Iteration 152 (max 500)
   eps = 0.000366 >= 0.0001
Iteration 153 (max 500)
   eps = 0.000353 >= 0.0001
Iteration 154 (max 500)
   eps = 0.000342 >= 0.0001
Iteration 155 (max 500)
   eps = 0.00033 >= 0.0001
Iteration 156 (max 500)
   eps = 0.000317 >= 0.0001
Iteration 157 (max 500)
   eps = 0.000305 >= 0.0001
Iteration 158 (max 500)
   eps = 0.000293 >= 0.0001
Iteration 159 (max 500)
   eps = 0.000283 >= 0.0001
Iteration 160 (max 500)
   eps = 0.000272 >= 0.0001
Iteration 161 (max 500)
   eps = 0.000262 >= 0.0001
Iteration 162 (max 500)
   eps = 0.000252 >= 0.0001
Iteration 163 (max 500)
   eps = 0.000243 >= 0.0001
Iteration 164 (max 500)
   eps = 0.000235 >= 0.0001
Iteration 165 (max 500)
   eps = 0.000227 >= 0.0001
Iteration 166 (max 500)
   eps = 0.000219 >= 0.0001
Iteration 167 (max 500)
   eps = 0.000212 >= 0.0001
Iteration 168 (max 500)
   eps = 0.000204 >= 0.0001
Iteration 169 (max 500)
   eps = 0.000197 >= 0.0001
Iteration 170 (max 500)
   eps = 0.000191 >= 0.0001
Iteration 171 (max 500)
   eps = 0.000185 >= 0.0001
Iteration 172 (max 500)
   eps = 0.000178 >= 0.0001
Iteration 173 (max 500)
   eps = 0.000171 >= 0.0001
Iteration 174 (max 500)
   eps = 0.000165 >= 0.0001
Iteration 175 (max 500)
   eps = 0.000159 >= 0.0001
Iteration 176 (max 500)
   eps = 0.000154 >= 0.0001
Iteration 177 (max 500)
   eps = 0.000149 >= 0.0001
Iteration 178 (max 500)
   eps = 0.000143 >= 0.0001
Iteration 179 (max 500)
   eps = 0.000138 >= 0.0001
Iteration 180 (max 500)
   eps = 0.000133 >= 0.0001
Iteration 181 (max 500)
   eps = 0.000127 >= 0.0001
Iteration 182 (max 500)
   eps = 0.000123 >= 0.0001
Iteration 183 (max 500)
   eps = 0.000118 >= 0.0001
Iteration 184 (max 500)
   eps = 0.000114 >= 0.0001
Iteration 185 (max 500)
   eps = 0.00011 >= 0.0001
Iteration 186 (max 500)
   eps = 0.000106 >= 0.0001
Iteration 187 (max 500)
   eps = 0.000103 >= 0.0001
Iteration 188 (max 500)
Time spent by the wind speed solver: 20.418070793151855 s
Rotates geometries from -45.0 degrees
Interp succeeded!!! for tmp_file
Interp succeeded!!! for tmp_file
Interp succeeded!!! for tmp_file
Interp succeeded!!! for tmp_file
Interp succeeded!!! for tmp_file
Interp succeeded!!! for tmp_file
Rotates geometries from -45.0 degrees
Rotates geometries from -45.0 degrees
Rotates geometries from -45.0 degrees
Rotates geometries from -45.0 degrees
Rotates geometries from -45.0 degrees
Rotates geometries from -45.0 degrees
Rotates geometries from -45.0 degrees
Rotates geometries from -45.0 degrees
Rotates geometries from -45.0 degrees
Rotates geometries from -45.0 degrees
Rotates geometries from -45.0 degrees
Process 3849965: Successfully ran URock for tile output 'wind_field_raw_tile_24'.
Process 3849965: Elapsed time for URock ('wind_field_raw_tile_24'): 180.84 seconds.
[Master] Process 3849985 - Tile 20: Finished processing.
[Master] 3849985: exit signal
Info: Debuffered '/storage/project/r-rbasu31-0/hyu483/Test_UMEP/UROCK_output_31_spawn/temp_intermediate_files/tile_20_urock_raw_outputs/z1_5/wind_field_raw_tile_20WS.tif' to '/storage/project/r-rbasu31-0/hyu483/Test_UMEP/UROCK_output_31_spawn/urock_tiled_output/urock_wind_field_tile_20WS.tif' (original extent: (234182.59099838723, 902132.4833440109, 234382.59099838723, 902332.4833440109)).
[Master] Process 3849965 - Tile 24: Finished processing.
[Master] 3849965: exit signal
Info: Debuffered '/storage/project/r-rbasu31-0/hyu483/Test_UMEP/UROCK_output_31_spawn/temp_intermediate_files/tile_24_urock_raw_outputs/z1_5/wind_field_raw_tile_24WS.tif' to '/storage/project/r-rbasu31-0/hyu483/Test_UMEP/UROCK_output_31_spawn/urock_tiled_output/urock_wind_field_tile_24WS.tif' (original extent: (234382.59099838723, 901732.4833440109, 234582.59099838723, 901932.4833440109)).
Connecting to database
	->/tmp/URock_2025-12-21T1642189c69c700-a62d-4a8e-a2b0-c442359018ee/myDbH2
/storage/home/hcoda1/4/hyu483/qgis_332/profiles/default/python/plugins/processing_umep/functions/URock/h2gis-standalone/h2gis-dist-2.2.3.jar
Connected!

Spatial functions added!

Load input data
Load table 'build_pre_srid_20251221164229'
Load table 'veg_pre_srid_20251221164229'
Creates blocks and stacked blocks
Rotates geometries from 45.0 degrees
Identify block base height and block cavity base
Calculates obstacle properties
Calculates zone properties
Initializes upwind facades
Update upwind facades base height
Initializes downwind facades
Calculates study area properties
Roughness zone properties are:

                                 - z0: 1.3614050338793529
                                 - d: 6.463420043008758
                                 - Hr: 9.076033559195686
                                 - H_ob_max: 20
                                 - lambda_f: 0.18468996540741978
Rotates geometries from -45.0 degrees
Rotates geometries from -45.0 degrees
Rotates geometries from -45.0 degrees
Creates displacement zones
Rotates geometries from -45.0 degrees
Rotates geometries from -45.0 degrees
Creates cavity and wake zones
Rotates geometries from -45.0 degrees
Rotates geometries from -45.0 degrees
Creates street canyon zones
Rotates geometries from -45.0 degrees
Creates rooftop zones (perpendicular and corner)
Rotates geometries from -45.0 degrees
Rotates geometries from -45.0 degrees
Creates built-up and open vegetation zones
Rotates geometries from -45.0 degrees
Rotates geometries from -45.0 degrees
Identify the buildings concerned by the impacted zone chosen by the user
Creates the grid of points
Affects each grid point to a building Rockle zone and calculates needed 
          variables for 3D wind speed
Affects each grid point to a vegetation Rockle zone and calculates 
          needed variables for 3D wind speed
Remove some of the Röckle zone points
Creates backward zones
Calculates the 3D wind speed factor value for each point of each BUILDING zone
Rotates geometries from -45.0 degrees
Rotates geometries from -45.0 degrees
Rotates geometries from -45.0 degrees
Rotates geometries from -45.0 degrees
Rotates geometries from -45.0 degrees
Rotates geometries from -45.0 degrees
Rotates geometries from -45.0 degrees
Rotates geometries from -45.0 degrees
Rotates geometries from -45.0 degrees
Calculates the 3D wind speed factor value for each point of each VEGETATION zone
Rotates geometries from -45.0 degrees
Deals with superimposition (keeps only 1 value per 3D point)
Deals with superimposition (keeps only 1 value per 3D point)
Identify upstreamer points in TEMPO_WEIGHTING table
Identify upstreamer points in TEMPO_PRIORITIES table
Identify upstreamer points in TEMPO_PRIORITIES_WEIGHT table
Deals with superimposition (keeps only 1 value per 3D point)
Identify upstreamer points in TEMPO_WEIGHTING table
Identify upstreamer points in TEMPO_PRIORITIES table
Identify upstreamer points in TEMPO_PRIORITIES_WEIGHT table
Rotates geometries from -45.0 degrees
Identify grid points intersecting buildings
Set the initial 3D wind speed field
Time spent for wind speed initialization: 115.83526754379272 s
Shape: (130, 156, 22) - Nb cells: 446160
Start to apply the wind solver
Iteration 1 (max 500)
   eps = 0.576366 >= 0.0001
Iteration 2 (max 500)
   eps = 0.418855 >= 0.0001
Iteration 3 (max 500)
   eps = 0.345106 >= 0.0001
Iteration 4 (max 500)
   eps = 0.286852 >= 0.0001
Iteration 5 (max 500)
   eps = 0.236496 >= 0.0001
Iteration 6 (max 500)
   eps = 0.200183 >= 0.0001
Iteration 7 (max 500)
   eps = 0.171778 >= 0.0001
Iteration 8 (max 500)
   eps = 0.149132 >= 0.0001
Iteration 9 (max 500)
   eps = 0.132433 >= 0.0001
Iteration 10 (max 500)
   eps = 0.118634 >= 0.0001
Iteration 11 (max 500)
   eps = 0.107817 >= 0.0001
Iteration 12 (max 500)
   eps = 0.098772 >= 0.0001
Iteration 13 (max 500)
   eps = 0.090648 >= 0.0001
Iteration 14 (max 500)
   eps = 0.08387 >= 0.0001
Iteration 15 (max 500)
   eps = 0.077939 >= 0.0001
Iteration 16 (max 500)
   eps = 0.07301 >= 0.0001
Iteration 17 (max 500)
   eps = 0.068248 >= 0.0001
Iteration 18 (max 500)
   eps = 0.06356 >= 0.0001
Iteration 19 (max 500)
   eps = 0.059769 >= 0.0001
Iteration 20 (max 500)
   eps = 0.063025 >= 0.0001
Iteration 21 (max 500)
   eps = 0.055135 >= 0.0001
Iteration 22 (max 500)
   eps = 0.0508 >= 0.0001
Iteration 23 (max 500)
   eps = 0.048053 >= 0.0001
Iteration 24 (max 500)
   eps = 0.045655 >= 0.0001
Iteration 25 (max 500)
   eps = 0.043673 >= 0.0001
Iteration 26 (max 500)
   eps = 0.041855 >= 0.0001
Iteration 27 (max 500)
   eps = 0.040203 >= 0.0001
Iteration 28 (max 500)
   eps = 0.038633 >= 0.0001
Iteration 29 (max 500)
   eps = 0.037234 >= 0.0001
Iteration 30 (max 500)
   eps = 0.035906 >= 0.0001
Iteration 31 (max 500)
   eps = 0.034685 >= 0.0001
Iteration 32 (max 500)
   eps = 0.033458 >= 0.0001
Iteration 33 (max 500)
   eps = 0.032323 >= 0.0001
Iteration 34 (max 500)
   eps = 0.031268 >= 0.0001
Iteration 35 (max 500)
   eps = 0.030307 >= 0.0001
Iteration 36 (max 500)
   eps = 0.029443 >= 0.0001
Iteration 37 (max 500)
   eps = 0.02854 >= 0.0001
Iteration 38 (max 500)
   eps = 0.027555 >= 0.0001
Iteration 39 (max 500)
   eps = 0.026601 >= 0.0001
Iteration 40 (max 500)
   eps = 0.025821 >= 0.0001
Iteration 41 (max 500)
   eps = 0.025099 >= 0.0001
Iteration 42 (max 500)
   eps = 0.024399 >= 0.0001
Iteration 43 (max 500)
   eps = 0.023714 >= 0.0001
Iteration 44 (max 500)
   eps = 0.023008 >= 0.0001
Iteration 45 (max 500)
   eps = 0.022343 >= 0.0001
Iteration 46 (max 500)
   eps = 0.021674 >= 0.0001
Iteration 47 (max 500)
   eps = 0.020994 >= 0.0001
Iteration 48 (max 500)
   eps = 0.020395 >= 0.0001
Iteration 49 (max 500)
   eps = 0.019715 >= 0.0001
Iteration 50 (max 500)
   eps = 0.019046 >= 0.0001
Iteration 51 (max 500)
   eps = 0.018423 >= 0.0001
Iteration 52 (max 500)
   eps = 0.017889 >= 0.0001
Iteration 53 (max 500)
   eps = 0.017351 >= 0.0001
Iteration 54 (max 500)
   eps = 0.016846 >= 0.0001
Iteration 55 (max 500)
   eps = 0.016329 >= 0.0001
Iteration 56 (max 500)
   eps = 0.015783 >= 0.0001
Iteration 57 (max 500)
   eps = 0.015265 >= 0.0001
Iteration 58 (max 500)
   eps = 0.014797 >= 0.0001
Iteration 59 (max 500)
   eps = 0.014325 >= 0.0001
Iteration 60 (max 500)
   eps = 0.013852 >= 0.0001
Iteration 61 (max 500)
   eps = 0.013384 >= 0.0001
Iteration 62 (max 500)
   eps = 0.012947 >= 0.0001
Iteration 63 (max 500)
   eps = 0.012523 >= 0.0001
Iteration 64 (max 500)
   eps = 0.012126 >= 0.0001
Iteration 65 (max 500)
   eps = 0.011769 >= 0.0001
Iteration 66 (max 500)
   eps = 0.011418 >= 0.0001
Iteration 67 (max 500)
   eps = 0.011051 >= 0.0001
Iteration 68 (max 500)
   eps = 0.010714 >= 0.0001
Iteration 69 (max 500)
   eps = 0.010386 >= 0.0001
Iteration 70 (max 500)
   eps = 0.010074 >= 0.0001
Iteration 71 (max 500)
   eps = 0.009787 >= 0.0001
Iteration 72 (max 500)
   eps = 0.009476 >= 0.0001
Iteration 73 (max 500)
   eps = 0.009182 >= 0.0001
Iteration 74 (max 500)
   eps = 0.008879 >= 0.0001
Iteration 75 (max 500)
   eps = 0.008604 >= 0.0001
Iteration 76 (max 500)
   eps = 0.008356 >= 0.0001
Iteration 77 (max 500)
   eps = 0.008131 >= 0.0001
Iteration 78 (max 500)
   eps = 0.007917 >= 0.0001
Iteration 79 (max 500)
   eps = 0.007691 >= 0.0001
Iteration 80 (max 500)
   eps = 0.007444 >= 0.0001
Iteration 81 (max 500)
   eps = 0.00719 >= 0.0001
Iteration 82 (max 500)
   eps = 0.00694 >= 0.0001
Iteration 83 (max 500)
   eps = 0.006735 >= 0.0001
Iteration 84 (max 500)
   eps = 0.006546 >= 0.0001
Iteration 85 (max 500)
   eps = 0.006355 >= 0.0001
Iteration 86 (max 500)
   eps = 0.006164 >= 0.0001
Iteration 87 (max 500)
   eps = 0.005984 >= 0.0001
Iteration 88 (max 500)
   eps = 0.005772 >= 0.0001
Iteration 89 (max 500)
   eps = 0.00558 >= 0.0001
Iteration 90 (max 500)
   eps = 0.005403 >= 0.0001
Iteration 91 (max 500)
   eps = 0.005244 >= 0.0001
Iteration 92 (max 500)
   eps = 0.005093 >= 0.0001
Iteration 93 (max 500)
   eps = 0.004933 >= 0.0001
Iteration 94 (max 500)
   eps = 0.004761 >= 0.0001
Iteration 95 (max 500)
   eps = 0.004593 >= 0.0001
Iteration 96 (max 500)
   eps = 0.004434 >= 0.0001
Iteration 97 (max 500)
   eps = 0.004296 >= 0.0001
Iteration 98 (max 500)
   eps = 0.004156 >= 0.0001
Iteration 99 (max 500)
   eps = 0.004027 >= 0.0001
Iteration 100 (max 500)
   eps = 0.003909 >= 0.0001
Iteration 101 (max 500)
   eps = 0.003791 >= 0.0001
Iteration 102 (max 500)
   eps = 0.003668 >= 0.0001
Iteration 103 (max 500)
   eps = 0.003552 >= 0.0001
Iteration 104 (max 500)
   eps = 0.00345 >= 0.0001
Iteration 105 (max 500)
   eps = 0.003352 >= 0.0001
Iteration 106 (max 500)
   eps = 0.00326 >= 0.0001
Iteration 107 (max 500)
   eps = 0.003164 >= 0.0001
Iteration 108 (max 500)
   eps = 0.003064 >= 0.0001
Iteration 109 (max 500)
   eps = 0.002953 >= 0.0001
Iteration 110 (max 500)
   eps = 0.002841 >= 0.0001
Iteration 111 (max 500)
   eps = 0.002733 >= 0.0001
Iteration 112 (max 500)
   eps = 0.002641 >= 0.0001
Iteration 113 (max 500)
   eps = 0.002549 >= 0.0001
Iteration 114 (max 500)
   eps = 0.002465 >= 0.0001
Iteration 115 (max 500)
   eps = 0.002378 >= 0.0001
Iteration 116 (max 500)
   eps = 0.002292 >= 0.0001
Iteration 117 (max 500)
   eps = 0.00221 >= 0.0001
Iteration 118 (max 500)
   eps = 0.002133 >= 0.0001
Iteration 119 (max 500)
   eps = 0.002067 >= 0.0001
Iteration 120 (max 500)
   eps = 0.002005 >= 0.0001
Iteration 121 (max 500)
   eps = 0.001935 >= 0.0001
Iteration 122 (max 500)
   eps = 0.001893 >= 0.0001
Iteration 123 (max 500)
   eps = 0.001827 >= 0.0001
Iteration 124 (max 500)
   eps = 0.001754 >= 0.0001
Iteration 125 (max 500)
   eps = 0.001693 >= 0.0001
Iteration 126 (max 500)
   eps = 0.001638 >= 0.0001
Iteration 127 (max 500)
   eps = 0.001584 >= 0.0001
Iteration 128 (max 500)
   eps = 0.001535 >= 0.0001
Iteration 129 (max 500)
   eps = 0.00149 >= 0.0001
Iteration 130 (max 500)
   eps = 0.001443 >= 0.0001
Iteration 131 (max 500)
   eps = 0.001388 >= 0.0001
Iteration 132 (max 500)
   eps = 0.001337 >= 0.0001
Iteration 133 (max 500)
   eps = 0.001288 >= 0.0001
Iteration 134 (max 500)
   eps = 0.001239 >= 0.0001
Iteration 135 (max 500)
   eps = 0.001191 >= 0.0001
Iteration 136 (max 500)
   eps = 0.001149 >= 0.0001
Iteration 137 (max 500)
   eps = 0.001114 >= 0.0001
Iteration 138 (max 500)
   eps = 0.001078 >= 0.0001
Iteration 139 (max 500)
   eps = 0.001041 >= 0.0001
Iteration 140 (max 500)
   eps = 0.001011 >= 0.0001
Iteration 141 (max 500)
   eps = 0.000978 >= 0.0001
Iteration 142 (max 500)
   eps = 0.000942 >= 0.0001
Iteration 143 (max 500)
   eps = 0.000912 >= 0.0001
Iteration 144 (max 500)
   eps = 0.000885 >= 0.0001
Iteration 145 (max 500)
   eps = 0.000852 >= 0.0001
Iteration 146 (max 500)
   eps = 0.000827 >= 0.0001
Iteration 147 (max 500)
   eps = 0.000801 >= 0.0001
Iteration 148 (max 500)
   eps = 0.000775 >= 0.0001
Iteration 149 (max 500)
   eps = 0.000746 >= 0.0001
Iteration 150 (max 500)
   eps = 0.000719 >= 0.0001
Iteration 151 (max 500)
   eps = 0.000697 >= 0.0001
Iteration 152 (max 500)
   eps = 0.000674 >= 0.0001
Iteration 153 (max 500)
   eps = 0.000655 >= 0.0001
Iteration 154 (max 500)
   eps = 0.000632 >= 0.0001
Iteration 155 (max 500)
   eps = 0.000611 >= 0.0001
Iteration 156 (max 500)
   eps = 0.00059 >= 0.0001
Iteration 157 (max 500)
   eps = 0.000569 >= 0.0001
Iteration 158 (max 500)
   eps = 0.00055 >= 0.0001
Iteration 159 (max 500)
   eps = 0.000532 >= 0.0001
Iteration 160 (max 500)
   eps = 0.000515 >= 0.0001
Iteration 161 (max 500)
   eps = 0.000498 >= 0.0001
Iteration 162 (max 500)
   eps = 0.00048 >= 0.0001
Iteration 163 (max 500)
   eps = 0.000465 >= 0.0001
Iteration 164 (max 500)
   eps = 0.000449 >= 0.0001
Iteration 165 (max 500)
   eps = 0.000434 >= 0.0001
Iteration 166 (max 500)
   eps = 0.000417 >= 0.0001
Iteration 167 (max 500)
   eps = 0.000404 >= 0.0001
Iteration 168 (max 500)
   eps = 0.00039 >= 0.0001
Iteration 169 (max 500)
   eps = 0.000376 >= 0.0001
Iteration 170 (max 500)
   eps = 0.000364 >= 0.0001
Iteration 171 (max 500)
   eps = 0.000352 >= 0.0001
Iteration 172 (max 500)
   eps = 0.00034 >= 0.0001
Iteration 173 (max 500)
   eps = 0.000327 >= 0.0001
Iteration 174 (max 500)
   eps = 0.000316 >= 0.0001
Iteration 175 (max 500)
   eps = 0.000304 >= 0.0001
Iteration 176 (max 500)
   eps = 0.000293 >= 0.0001
Iteration 177 (max 500)
   eps = 0.000282 >= 0.0001
Iteration 178 (max 500)
   eps = 0.000273 >= 0.0001
Iteration 179 (max 500)
   eps = 0.000263 >= 0.0001
Iteration 180 (max 500)
   eps = 0.000254 >= 0.0001
Iteration 181 (max 500)
   eps = 0.000246 >= 0.0001
Iteration 182 (max 500)
   eps = 0.000238 >= 0.0001
Iteration 183 (max 500)
   eps = 0.000229 >= 0.0001
Iteration 184 (max 500)
   eps = 0.000221 >= 0.0001
Iteration 185 (max 500)
   eps = 0.000213 >= 0.0001
Iteration 186 (max 500)
   eps = 0.000206 >= 0.0001
Iteration 187 (max 500)
   eps = 0.0002 >= 0.0001
Iteration 188 (max 500)
   eps = 0.000193 >= 0.0001
Iteration 189 (max 500)
   eps = 0.000187 >= 0.0001
Iteration 190 (max 500)
   eps = 0.00018 >= 0.0001
Iteration 191 (max 500)
   eps = 0.000174 >= 0.0001
Iteration 192 (max 500)
   eps = 0.000169 >= 0.0001
Iteration 193 (max 500)
   eps = 0.000164 >= 0.0001
Iteration 194 (max 500)
   eps = 0.000158 >= 0.0001
Iteration 195 (max 500)
   eps = 0.000153 >= 0.0001
Iteration 196 (max 500)
   eps = 0.000147 >= 0.0001
Iteration 197 (max 500)
   eps = 0.000141 >= 0.0001
Iteration 198 (max 500)
   eps = 0.000137 >= 0.0001
Iteration 199 (max 500)
   eps = 0.000131 >= 0.0001
Iteration 200 (max 500)
   eps = 0.000126 >= 0.0001
Iteration 201 (max 500)
   eps = 0.000122 >= 0.0001
Iteration 202 (max 500)
   eps = 0.000117 >= 0.0001
Iteration 203 (max 500)
   eps = 0.000113 >= 0.0001
Iteration 204 (max 500)
   eps = 0.000109 >= 0.0001
Iteration 205 (max 500)
   eps = 0.000105 >= 0.0001
Iteration 206 (max 500)
   eps = 0.000102 >= 0.0001
Iteration 207 (max 500)
Time spent by the wind speed solver: 22.838352918624878 s
Rotates geometries from -45.0 degrees
Interp succeeded!!! for tmp_file
Interp succeeded!!! for tmp_file
Interp succeeded!!! for tmp_file
Interp succeeded!!! for tmp_file
Interp succeeded!!! for tmp_file
Interp succeeded!!! for tmp_file
Rotates geometries from -45.0 degrees
Rotates geometries from -45.0 degrees
Rotates geometries from -45.0 degrees
Rotates geometries from -45.0 degrees
Rotates geometries from -45.0 degrees
Rotates geometries from -45.0 degrees
Rotates geometries from -45.0 degrees
Rotates geometries from -45.0 degrees
Rotates geometries from -45.0 degrees
Rotates geometries from -45.0 degrees
Rotates geometries from -45.0 degrees
Process 3849976: Successfully ran URock for tile output 'wind_field_raw_tile_25'.
Process 3849976: Elapsed time for URock ('wind_field_raw_tile_25'): 181.44 seconds.
[Master] Process 3849976 - Tile 25: Finished processing.
[Master] 3849976: exit signal
Info: Debuffered '/storage/project/r-rbasu31-0/hyu483/Test_UMEP/UROCK_output_31_spawn/temp_intermediate_files/tile_25_urock_raw_outputs/z1_5/wind_field_raw_tile_25WS.tif' to '/storage/project/r-rbasu31-0/hyu483/Test_UMEP/UROCK_output_31_spawn/urock_tiled_output/urock_wind_field_tile_25WS.tif' (original extent: (234382.59099838723, 901932.4833440109, 234582.59099838723, 902132.4833440109)).
Connecting to database
	->/tmp/URock_2025-12-21T1642199f30c3a7-e939-42de-b719-3d0d94d79c77/myDbH2
/storage/home/hcoda1/4/hyu483/qgis_332/profiles/default/python/plugins/processing_umep/functions/URock/h2gis-standalone/h2gis-dist-2.2.3.jar
Connected!

Spatial functions added!

Load input data
Load table 'build_pre_srid_20251221164239'
Load table 'veg_pre_srid_20251221164239'
Creates blocks and stacked blocks
Rotates geometries from 45.0 degrees
Identify block base height and block cavity base
Calculates obstacle properties
Calculates zone properties
Initializes upwind facades
Update upwind facades base height
Initializes downwind facades
Calculates study area properties
Roughness zone properties are:

                                 - z0: 1.7881663791758209
                                 - d: 7.750397628271908
                                 - Hr: 16.67613965756085
                                 - H_ob_max: 56
                                 - lambda_f: 0.10722903596966929
Rotates geometries from -45.0 degrees
Rotates geometries from -45.0 degrees
Rotates geometries from -45.0 degrees
Creates displacement zones
Rotates geometries from -45.0 degrees
Rotates geometries from -45.0 degrees
Creates cavity and wake zones
Rotates geometries from -45.0 degrees
Rotates geometries from -45.0 degrees
Creates street canyon zones
Rotates geometries from -45.0 degrees
Creates rooftop zones (perpendicular and corner)
Rotates geometries from -45.0 degrees
Rotates geometries from -45.0 degrees
Creates built-up and open vegetation zones
Rotates geometries from -45.0 degrees
Rotates geometries from -45.0 degrees
Identify the buildings concerned by the impacted zone chosen by the user
Creates the grid of points
Affects each grid point to a building Rockle zone and calculates needed 
          variables for 3D wind speed
Affects each grid point to a vegetation Rockle zone and calculates 
          needed variables for 3D wind speed
Remove some of the Röckle zone points
Creates backward zones
Calculates the 3D wind speed factor value for each point of each BUILDING zone
Rotates geometries from -45.0 degrees
Rotates geometries from -45.0 degrees
Rotates geometries from -45.0 degrees
Rotates geometries from -45.0 degrees
Rotates geometries from -45.0 degrees
Rotates geometries from -45.0 degrees
Rotates geometries from -45.0 degrees
Rotates geometries from -45.0 degrees
Rotates geometries from -45.0 degrees
Calculates the 3D wind speed factor value for each point of each VEGETATION zone
Rotates geometries from -45.0 degrees
Deals with superimposition (keeps only 1 value per 3D point)
Deals with superimposition (keeps only 1 value per 3D point)
Identify upstreamer points in TEMPO_WEIGHTING table
Identify upstreamer points in TEMPO_PRIORITIES table
Identify upstreamer points in TEMPO_PRIORITIES_WEIGHT table
Deals with superimposition (keeps only 1 value per 3D point)
Identify upstreamer points in TEMPO_WEIGHTING table
Identify upstreamer points in TEMPO_PRIORITIES table
Identify upstreamer points in TEMPO_PRIORITIES_WEIGHT table
Rotates geometries from -45.0 degrees
Identify grid points intersecting buildings
Set the initial 3D wind speed field
Time spent for wind speed initialization: 99.65077614784241 s
Shape: (115, 187, 28) - Nb cells: 602140
Start to apply the wind solver
Iteration 1 (max 500)
   eps = 0.591673 >= 0.0001
Iteration 2 (max 500)
   eps = 0.380407 >= 0.0001
Iteration 3 (max 500)
   eps = 0.301952 >= 0.0001
Iteration 4 (max 500)
   eps = 0.246298 >= 0.0001
Iteration 5 (max 500)
   eps = 0.205235 >= 0.0001
Iteration 6 (max 500)
   eps = 0.17559 >= 0.0001
Iteration 7 (max 500)
   eps = 0.15136 >= 0.0001
Iteration 8 (max 500)
   eps = 0.131858 >= 0.0001
Iteration 9 (max 500)
   eps = 0.115974 >= 0.0001
Iteration 10 (max 500)
   eps = 0.103668 >= 0.0001
Iteration 11 (max 500)
   eps = 0.093768 >= 0.0001
Iteration 12 (max 500)
   eps = 0.085206 >= 0.0001
Iteration 13 (max 500)
   eps = 0.077838 >= 0.0001
Iteration 14 (max 500)
   eps = 0.071335 >= 0.0001
Iteration 15 (max 500)
   eps = 0.06564 >= 0.0001
Iteration 16 (max 500)
   eps = 0.060644 >= 0.0001
Iteration 17 (max 500)
   eps = 0.056187 >= 0.0001
Iteration 18 (max 500)
   eps = 0.052054 >= 0.0001
Iteration 19 (max 500)
   eps = 0.048318 >= 0.0001
Iteration 20 (max 500)
   eps = 0.045007 >= 0.0001
Iteration 21 (max 500)
   eps = 0.042225 >= 0.0001
Iteration 22 (max 500)
   eps = 0.03943 >= 0.0001
Iteration 23 (max 500)
   eps = 0.037254 >= 0.0001
Iteration 24 (max 500)
   eps = 0.035359 >= 0.0001
Iteration 25 (max 500)
   eps = 0.03337 >= 0.0001
Iteration 26 (max 500)
   eps = 0.033243 >= 0.0001
Iteration 27 (max 500)
   eps = 0.03111 >= 0.0001
Iteration 28 (max 500)
   eps = 0.028812 >= 0.0001
Iteration 29 (max 500)
   eps = 0.027426 >= 0.0001
Iteration 30 (max 500)
   eps = 0.026144 >= 0.0001
Iteration 31 (max 500)
   eps = 0.024999 >= 0.0001
Iteration 32 (max 500)
   eps = 0.023971 >= 0.0001
Iteration 33 (max 500)
   eps = 0.023021 >= 0.0001
Iteration 34 (max 500)
   eps = 0.022117 >= 0.0001
Iteration 35 (max 500)
   eps = 0.021266 >= 0.0001
Iteration 36 (max 500)
   eps = 0.020459 >= 0.0001
Iteration 37 (max 500)
   eps = 0.019662 >= 0.0001
Iteration 38 (max 500)
   eps = 0.018868 >= 0.0001
Iteration 39 (max 500)
   eps = 0.018075 >= 0.0001
Iteration 40 (max 500)
   eps = 0.01734 >= 0.0001
Iteration 41 (max 500)
   eps = 0.016669 >= 0.0001
Iteration 42 (max 500)
   eps = 0.016062 >= 0.0001
Iteration 43 (max 500)
   eps = 0.015506 >= 0.0001
Iteration 44 (max 500)
   eps = 0.014987 >= 0.0001
Iteration 45 (max 500)
   eps = 0.014495 >= 0.0001
Iteration 46 (max 500)
   eps = 0.014005 >= 0.0001
Iteration 47 (max 500)
   eps = 0.013529 >= 0.0001
Iteration 48 (max 500)
   eps = 0.013084 >= 0.0001
Iteration 49 (max 500)
   eps = 0.01263 >= 0.0001
Iteration 50 (max 500)
   eps = 0.012178 >= 0.0001
Iteration 51 (max 500)
   eps = 0.011752 >= 0.0001
Iteration 52 (max 500)
   eps = 0.011351 >= 0.0001
Iteration 53 (max 500)
   eps = 0.010954 >= 0.0001
Iteration 54 (max 500)
   eps = 0.01059 >= 0.0001
Iteration 55 (max 500)
   eps = 0.010229 >= 0.0001
Iteration 56 (max 500)
   eps = 0.009879 >= 0.0001
Iteration 57 (max 500)
   eps = 0.00956 >= 0.0001
Iteration 58 (max 500)
   eps = 0.009242 >= 0.0001
Iteration 59 (max 500)
   eps = 0.008928 >= 0.0001
Iteration 60 (max 500)
   eps = 0.00862 >= 0.0001
Iteration 61 (max 500)
   eps = 0.008322 >= 0.0001
Iteration 62 (max 500)
   eps = 0.008047 >= 0.0001
Iteration 63 (max 500)
   eps = 0.00779 >= 0.0001
Iteration 64 (max 500)
   eps = 0.007536 >= 0.0001
Iteration 65 (max 500)
   eps = 0.00729 >= 0.0001
Iteration 66 (max 500)
   eps = 0.007063 >= 0.0001
Iteration 67 (max 500)
   eps = 0.006854 >= 0.0001
Iteration 68 (max 500)
   eps = 0.006653 >= 0.0001
Iteration 69 (max 500)
   eps = 0.00645 >= 0.0001
Iteration 70 (max 500)
   eps = 0.00624 >= 0.0001
Iteration 71 (max 500)
   eps = 0.006031 >= 0.0001
Iteration 72 (max 500)
   eps = 0.005827 >= 0.0001
Iteration 73 (max 500)
   eps = 0.005641 >= 0.0001
Iteration 74 (max 500)
   eps = 0.005461 >= 0.0001
Iteration 75 (max 500)
   eps = 0.005286 >= 0.0001
Iteration 76 (max 500)
   eps = 0.005128 >= 0.0001
Iteration 77 (max 500)
   eps = 0.004944 >= 0.0001
Iteration 78 (max 500)
   eps = 0.004775 >= 0.0001
Iteration 79 (max 500)
   eps = 0.00461 >= 0.0001
Iteration 80 (max 500)
   eps = 0.004446 >= 0.0001
Iteration 81 (max 500)
   eps = 0.004279 >= 0.0001
Iteration 82 (max 500)
   eps = 0.004123 >= 0.0001
Iteration 83 (max 500)
   eps = 0.00397 >= 0.0001
Iteration 84 (max 500)
   eps = 0.003823 >= 0.0001
Iteration 85 (max 500)
   eps = 0.003686 >= 0.0001
Iteration 86 (max 500)
   eps = 0.003554 >= 0.0001
Iteration 87 (max 500)
   eps = 0.003422 >= 0.0001
Iteration 88 (max 500)
   eps = 0.00329 >= 0.0001
Iteration 89 (max 500)
   eps = 0.003165 >= 0.0001
Iteration 90 (max 500)
   eps = 0.003046 >= 0.0001
Iteration 91 (max 500)
   eps = 0.00293 >= 0.0001
Iteration 92 (max 500)
   eps = 0.002825 >= 0.0001
Iteration 93 (max 500)
   eps = 0.002721 >= 0.0001
Iteration 94 (max 500)
   eps = 0.002616 >= 0.0001
Iteration 95 (max 500)
   eps = 0.002516 >= 0.0001
Iteration 96 (max 500)
   eps = 0.002418 >= 0.0001
Iteration 97 (max 500)
   eps = 0.002328 >= 0.0001
Iteration 98 (max 500)
   eps = 0.002243 >= 0.0001
Iteration 99 (max 500)
   eps = 0.002158 >= 0.0001
Iteration 100 (max 500)
   eps = 0.002076 >= 0.0001
Iteration 101 (max 500)
   eps = 0.001998 >= 0.0001
Iteration 102 (max 500)
   eps = 0.001928 >= 0.0001
Iteration 103 (max 500)
   eps = 0.001862 >= 0.0001
Iteration 104 (max 500)
   eps = 0.001796 >= 0.0001
Iteration 105 (max 500)
   eps = 0.001734 >= 0.0001
Iteration 106 (max 500)
   eps = 0.001673 >= 0.0001
Iteration 107 (max 500)
   eps = 0.001613 >= 0.0001
Iteration 108 (max 500)
   eps = 0.001555 >= 0.0001
Iteration 109 (max 500)
   eps = 0.001499 >= 0.0001
Iteration 110 (max 500)
   eps = 0.001446 >= 0.0001
Iteration 111 (max 500)
   eps = 0.001395 >= 0.0001
Iteration 112 (max 500)
   eps = 0.001347 >= 0.0001
Iteration 113 (max 500)
   eps = 0.001303 >= 0.0001
Iteration 114 (max 500)
   eps = 0.001258 >= 0.0001
Iteration 115 (max 500)
   eps = 0.001212 >= 0.0001
Iteration 116 (max 500)
   eps = 0.001168 >= 0.0001
Iteration 117 (max 500)
   eps = 0.00113 >= 0.0001
Iteration 118 (max 500)
   eps = 0.001091 >= 0.0001
Iteration 119 (max 500)
   eps = 0.001051 >= 0.0001
Iteration 120 (max 500)
   eps = 0.001011 >= 0.0001
Iteration 121 (max 500)
   eps = 0.000974 >= 0.0001
Iteration 122 (max 500)
   eps = 0.000939 >= 0.0001
Iteration 123 (max 500)
   eps = 0.0009 >= 0.0001
Iteration 124 (max 500)
   eps = 0.000861 >= 0.0001
Iteration 125 (max 500)
   eps = 0.000823 >= 0.0001
Iteration 126 (max 500)
   eps = 0.000787 >= 0.0001
Iteration 127 (max 500)
   eps = 0.000754 >= 0.0001
Iteration 128 (max 500)
   eps = 0.000721 >= 0.0001
Iteration 129 (max 500)
   eps = 0.00069 >= 0.0001
Iteration 130 (max 500)
   eps = 0.00066 >= 0.0001
Iteration 131 (max 500)
   eps = 0.000633 >= 0.0001
Iteration 132 (max 500)
   eps = 0.000609 >= 0.0001
Iteration 133 (max 500)
   eps = 0.000589 >= 0.0001
Iteration 134 (max 500)
   eps = 0.000576 >= 0.0001
Iteration 135 (max 500)
   eps = 0.000543 >= 0.0001
Iteration 136 (max 500)
   eps = 0.00052 >= 0.0001
Iteration 137 (max 500)
   eps = 0.000497 >= 0.0001
Iteration 138 (max 500)
   eps = 0.000477 >= 0.0001
Iteration 139 (max 500)
   eps = 0.000465 >= 0.0001
Iteration 140 (max 500)
   eps = 0.000445 >= 0.0001
Iteration 141 (max 500)
   eps = 0.000427 >= 0.0001
Iteration 142 (max 500)
   eps = 0.00041 >= 0.0001
Iteration 143 (max 500)
   eps = 0.000393 >= 0.0001
Iteration 144 (max 500)
   eps = 0.000377 >= 0.0001
Iteration 145 (max 500)
   eps = 0.000363 >= 0.0001
Iteration 146 (max 500)
   eps = 0.000349 >= 0.0001
Iteration 147 (max 500)
   eps = 0.000336 >= 0.0001
Iteration 148 (max 500)
   eps = 0.000325 >= 0.0001
Iteration 149 (max 500)
   eps = 0.000314 >= 0.0001
Iteration 150 (max 500)
   eps = 0.000301 >= 0.0001
Iteration 151 (max 500)
   eps = 0.000289 >= 0.0001
Iteration 152 (max 500)
   eps = 0.000278 >= 0.0001
Iteration 153 (max 500)
   eps = 0.000268 >= 0.0001
Iteration 154 (max 500)
   eps = 0.000258 >= 0.0001
Iteration 155 (max 500)
   eps = 0.000248 >= 0.0001
Iteration 156 (max 500)
   eps = 0.000238 >= 0.0001
Iteration 157 (max 500)
   eps = 0.000229 >= 0.0001
Iteration 158 (max 500)
   eps = 0.000223 >= 0.0001
Iteration 159 (max 500)
   eps = 0.000216 >= 0.0001
Iteration 160 (max 500)
   eps = 0.000209 >= 0.0001
Iteration 161 (max 500)
   eps = 0.000202 >= 0.0001
Iteration 162 (max 500)
   eps = 0.000192 >= 0.0001
Iteration 163 (max 500)
   eps = 0.000182 >= 0.0001
Iteration 164 (max 500)
   eps = 0.000174 >= 0.0001
Iteration 165 (max 500)
   eps = 0.000169 >= 0.0001
Iteration 166 (max 500)
   eps = 0.000162 >= 0.0001
Iteration 167 (max 500)
   eps = 0.000158 >= 0.0001
Iteration 168 (max 500)
   eps = 0.000152 >= 0.0001
Iteration 169 (max 500)
   eps = 0.000146 >= 0.0001
Iteration 170 (max 500)
   eps = 0.000141 >= 0.0001
Iteration 171 (max 500)
   eps = 0.000135 >= 0.0001
Iteration 172 (max 500)
   eps = 0.00013 >= 0.0001
Iteration 173 (max 500)
   eps = 0.000126 >= 0.0001
Iteration 174 (max 500)
   eps = 0.000121 >= 0.0001
Iteration 175 (max 500)
   eps = 0.000117 >= 0.0001
Iteration 176 (max 500)
   eps = 0.000112 >= 0.0001
Iteration 177 (max 500)
   eps = 0.000107 >= 0.0001
Iteration 178 (max 500)
   eps = 0.000103 >= 0.0001
Iteration 179 (max 500)
Time spent by the wind speed solver: 28.079413890838623 s
Rotates geometries from -45.0 degrees
Interp succeeded!!! for tmp_file
Interp succeeded!!! for tmp_file
Interp succeeded!!! for tmp_file
Interp succeeded!!! for tmp_file
Interp succeeded!!! for tmp_file
Interp succeeded!!! for tmp_file
Rotates geometries from -45.0 degrees
Rotates geometries from -45.0 degrees
Rotates geometries from -45.0 degrees
Rotates geometries from -45.0 degrees
Rotates geometries from -45.0 degrees
Rotates geometries from -45.0 degrees
Rotates geometries from -45.0 degrees
Rotates geometries from -45.0 degrees
Rotates geometries from -45.0 degrees
Rotates geometries from -45.0 degrees
Rotates geometries from -45.0 degrees
Process 3849990: Successfully ran URock for tile output 'wind_field_raw_tile_16'.
Process 3849990: Elapsed time for URock ('wind_field_raw_tile_16'): 182.32 seconds.
[Master] Process 3849990 - Tile 16: Finished processing.
[Master] 3849990: exit signal
Info: Debuffered '/storage/project/r-rbasu31-0/hyu483/Test_UMEP/UROCK_output_31_spawn/temp_intermediate_files/tile_16_urock_raw_outputs/z1_5/wind_field_raw_tile_16WS.tif' to '/storage/project/r-rbasu31-0/hyu483/Test_UMEP/UROCK_output_31_spawn/urock_tiled_output/urock_wind_field_tile_16WS.tif' (original extent: (233982.59099838723, 902532.4833440109, 234182.59099838723, 902732.4833440109)).
Connecting to database
	->/tmp/URock_2025-12-21T1642196bd0d619-a52f-4ea2-ba0d-e8190d748296/myDbH2
/storage/home/hcoda1/4/hyu483/qgis_332/profiles/default/python/plugins/processing_umep/functions/URock/h2gis-standalone/h2gis-dist-2.2.3.jar
Connected!

Spatial functions added!

Load input data
Load table 'build_pre_srid_20251221164242'
Load table 'veg_pre_srid_20251221164242'
Creates blocks and stacked blocks
Rotates geometries from 45.0 degrees
Identify block base height and block cavity base
Calculates obstacle properties
Calculates zone properties
Initializes upwind facades
Update upwind facades base height
Initializes downwind facades
Calculates study area properties
Roughness zone properties are:

                                 - z0: 1.5185998081553642
                                 - d: 7.278385108918153
                                 - Hr: 10.123998721035761
                                 - H_ob_max: 29
                                 - lambda_f: 0.2040684168866541
Rotates geometries from -45.0 degrees
Rotates geometries from -45.0 degrees
Rotates geometries from -45.0 degrees
Creates displacement zones
Rotates geometries from -45.0 degrees
Rotates geometries from -45.0 degrees
Creates cavity and wake zones
Rotates geometries from -45.0 degrees
Rotates geometries from -45.0 degrees
Creates street canyon zones
Rotates geometries from -45.0 degrees
Creates rooftop zones (perpendicular and corner)
Rotates geometries from -45.0 degrees
Rotates geometries from -45.0 degrees
Creates built-up and open vegetation zones
Rotates geometries from -45.0 degrees
Rotates geometries from -45.0 degrees
Identify the buildings concerned by the impacted zone chosen by the user
Creates the grid of points
Affects each grid point to a building Rockle zone and calculates needed 
          variables for 3D wind speed
Affects each grid point to a vegetation Rockle zone and calculates 
          needed variables for 3D wind speed
Remove some of the Röckle zone points
Creates backward zones
Calculates the 3D wind speed factor value for each point of each BUILDING zone
Rotates geometries from -45.0 degrees
Rotates geometries from -45.0 degrees
Rotates geometries from -45.0 degrees
Rotates geometries from -45.0 degrees
Rotates geometries from -45.0 degrees
Rotates geometries from -45.0 degrees
Rotates geometries from -45.0 degrees
Rotates geometries from -45.0 degrees
Rotates geometries from -45.0 degrees
Calculates the 3D wind speed factor value for each point of each VEGETATION zone
Rotates geometries from -45.0 degrees
Deals with superimposition (keeps only 1 value per 3D point)
Deals with superimposition (keeps only 1 value per 3D point)
Identify upstreamer points in TEMPO_WEIGHTING table
Identify upstreamer points in TEMPO_PRIORITIES table
Identify upstreamer points in TEMPO_PRIORITIES_WEIGHT table
Deals with superimposition (keeps only 1 value per 3D point)
Identify upstreamer points in TEMPO_WEIGHTING table
Identify upstreamer points in TEMPO_PRIORITIES table
Identify upstreamer points in TEMPO_PRIORITIES_WEIGHT table
Rotates geometries from -45.0 degrees
Identify grid points intersecting buildings
Set the initial 3D wind speed field
Time spent for wind speed initialization: 107.1814603805542 s
Shape: (131, 158, 19) - Nb cells: 393262
Start to apply the wind solver
Iteration 1 (max 500)
   eps = 0.595422 >= 0.0001
Iteration 2 (max 500)
   eps = 0.425723 >= 0.0001
Iteration 3 (max 500)
   eps = 0.345196 >= 0.0001
Iteration 4 (max 500)
   eps = 0.283761 >= 0.0001
Iteration 5 (max 500)
   eps = 0.232199 >= 0.0001
Iteration 6 (max 500)
   eps = 0.193202 >= 0.0001
Iteration 7 (max 500)
   eps = 0.166143 >= 0.0001
Iteration 8 (max 500)
   eps = 0.144276 >= 0.0001
Iteration 9 (max 500)
   eps = 0.126813 >= 0.0001
Iteration 10 (max 500)
   eps = 0.112141 >= 0.0001
Iteration 11 (max 500)
   eps = 0.100201 >= 0.0001
Iteration 12 (max 500)
   eps = 0.090307 >= 0.0001
Iteration 13 (max 500)
   eps = 0.082433 >= 0.0001
Iteration 14 (max 500)
   eps = 0.076168 >= 0.0001
Iteration 15 (max 500)
   eps = 0.069917 >= 0.0001
Iteration 16 (max 500)
   eps = 0.065226 >= 0.0001
Iteration 17 (max 500)
   eps = 0.069972 >= 0.0001
Iteration 18 (max 500)
   eps = 0.061784 >= 0.0001
Iteration 19 (max 500)
   eps = 0.056484 >= 0.0001
Iteration 20 (max 500)
   eps = 0.052982 >= 0.0001
Iteration 21 (max 500)
   eps = 0.050337 >= 0.0001
Iteration 22 (max 500)
   eps = 0.047997 >= 0.0001
Iteration 23 (max 500)
   eps = 0.04594 >= 0.0001
Iteration 24 (max 500)
   eps = 0.044112 >= 0.0001
Iteration 25 (max 500)
   eps = 0.042662 >= 0.0001
Iteration 26 (max 500)
   eps = 0.041564 >= 0.0001
Iteration 27 (max 500)
   eps = 0.040373 >= 0.0001
Iteration 28 (max 500)
   eps = 0.039028 >= 0.0001
Iteration 29 (max 500)
   eps = 0.037494 >= 0.0001
Iteration 30 (max 500)
   eps = 0.036357 >= 0.0001
Iteration 31 (max 500)
   eps = 0.035307 >= 0.0001
Iteration 32 (max 500)
   eps = 0.034203 >= 0.0001
Iteration 33 (max 500)
   eps = 0.033154 >= 0.0001
Iteration 34 (max 500)
   eps = 0.03212 >= 0.0001
Iteration 35 (max 500)
   eps = 0.031095 >= 0.0001
Iteration 36 (max 500)
   eps = 0.030016 >= 0.0001
Iteration 37 (max 500)
   eps = 0.029047 >= 0.0001
Iteration 38 (max 500)
   eps = 0.028119 >= 0.0001
Iteration 39 (max 500)
   eps = 0.027273 >= 0.0001
Iteration 40 (max 500)
   eps = 0.026425 >= 0.0001
Iteration 41 (max 500)
   eps = 0.025537 >= 0.0001
Iteration 42 (max 500)
   eps = 0.024689 >= 0.0001
Iteration 43 (max 500)
   eps = 0.023998 >= 0.0001
Iteration 44 (max 500)
   eps = 0.023246 >= 0.0001
Iteration 45 (max 500)
   eps = 0.02248 >= 0.0001
Iteration 46 (max 500)
   eps = 0.021848 >= 0.0001
Iteration 47 (max 500)
   eps = 0.021197 >= 0.0001
Iteration 48 (max 500)
   eps = 0.020597 >= 0.0001
Iteration 49 (max 500)
   eps = 0.019913 >= 0.0001
Iteration 50 (max 500)
   eps = 0.019235 >= 0.0001
Iteration 51 (max 500)
   eps = 0.018557 >= 0.0001
Iteration 52 (max 500)
   eps = 0.017947 >= 0.0001
Iteration 53 (max 500)
   eps = 0.017302 >= 0.0001
Iteration 54 (max 500)
   eps = 0.016735 >= 0.0001
Iteration 55 (max 500)
   eps = 0.016245 >= 0.0001
Iteration 56 (max 500)
   eps = 0.015816 >= 0.0001
Iteration 57 (max 500)
   eps = 0.015367 >= 0.0001
Iteration 58 (max 500)
   eps = 0.014904 >= 0.0001
Iteration 59 (max 500)
   eps = 0.014468 >= 0.0001
Iteration 60 (max 500)
   eps = 0.013981 >= 0.0001
Iteration 61 (max 500)
   eps = 0.013583 >= 0.0001
Iteration 62 (max 500)
   eps = 0.013118 >= 0.0001
Iteration 63 (max 500)
   eps = 0.012684 >= 0.0001
Iteration 64 (max 500)
   eps = 0.012276 >= 0.0001
Iteration 65 (max 500)
   eps = 0.011856 >= 0.0001
Iteration 66 (max 500)
   eps = 0.01146 >= 0.0001
Iteration 67 (max 500)
   eps = 0.011086 >= 0.0001
Iteration 68 (max 500)
   eps = 0.010772 >= 0.0001
Iteration 69 (max 500)
   eps = 0.010422 >= 0.0001
Iteration 70 (max 500)
   eps = 0.010111 >= 0.0001
Iteration 71 (max 500)
   eps = 0.009783 >= 0.0001
Iteration 72 (max 500)
   eps = 0.009483 >= 0.0001
Iteration 73 (max 500)
   eps = 0.009127 >= 0.0001
Iteration 74 (max 500)
   eps = 0.008828 >= 0.0001
Iteration 75 (max 500)
   eps = 0.008563 >= 0.0001
Iteration 76 (max 500)
   eps = 0.008285 >= 0.0001
Iteration 77 (max 500)
   eps = 0.008043 >= 0.0001
Iteration 78 (max 500)
   eps = 0.00777 >= 0.0001
Iteration 79 (max 500)
   eps = 0.007542 >= 0.0001
Iteration 80 (max 500)
   eps = 0.00729 >= 0.0001
Iteration 81 (max 500)
   eps = 0.007056 >= 0.0001
Iteration 82 (max 500)
   eps = 0.006835 >= 0.0001
Iteration 83 (max 500)
   eps = 0.00661 >= 0.0001
Iteration 84 (max 500)
   eps = 0.006391 >= 0.0001
Iteration 85 (max 500)
   eps = 0.006185 >= 0.0001
Iteration 86 (max 500)
   eps = 0.005962 >= 0.0001
Iteration 87 (max 500)
   eps = 0.005744 >= 0.0001
Iteration 88 (max 500)
   eps = 0.005552 >= 0.0001
Iteration 89 (max 500)
   eps = 0.005383 >= 0.0001
Iteration 90 (max 500)
   eps = 0.005213 >= 0.0001
Iteration 91 (max 500)
   eps = 0.005042 >= 0.0001
Iteration 92 (max 500)
   eps = 0.004869 >= 0.0001
Iteration 93 (max 500)
   eps = 0.004727 >= 0.0001
Iteration 94 (max 500)
   eps = 0.004568 >= 0.0001
Iteration 95 (max 500)
   eps = 0.004439 >= 0.0001
Iteration 96 (max 500)
   eps = 0.004306 >= 0.0001
Iteration 97 (max 500)
   eps = 0.004172 >= 0.0001
Iteration 98 (max 500)
   eps = 0.00404 >= 0.0001
Iteration 99 (max 500)
   eps = 0.003905 >= 0.0001
Iteration 100 (max 500)
   eps = 0.003774 >= 0.0001
Iteration 101 (max 500)
   eps = 0.00366 >= 0.0001
Iteration 102 (max 500)
   eps = 0.00355 >= 0.0001
Iteration 103 (max 500)
   eps = 0.003436 >= 0.0001
Iteration 104 (max 500)
   eps = 0.003318 >= 0.0001
Iteration 105 (max 500)
   eps = 0.003211 >= 0.0001
Iteration 106 (max 500)
   eps = 0.003104 >= 0.0001
Iteration 107 (max 500)
   eps = 0.003008 >= 0.0001
Iteration 108 (max 500)
   eps = 0.002908 >= 0.0001
Iteration 109 (max 500)
   eps = 0.00281 >= 0.0001
Iteration 110 (max 500)
   eps = 0.002716 >= 0.0001
Iteration 111 (max 500)
   eps = 0.002622 >= 0.0001
Iteration 112 (max 500)
   eps = 0.00253 >= 0.0001
Iteration 113 (max 500)
   eps = 0.00244 >= 0.0001
Iteration 114 (max 500)
   eps = 0.002357 >= 0.0001
Iteration 115 (max 500)
   eps = 0.002275 >= 0.0001
Iteration 116 (max 500)
   eps = 0.0022 >= 0.0001
Iteration 117 (max 500)
   eps = 0.002132 >= 0.0001
Iteration 118 (max 500)
   eps = 0.002088 >= 0.0001
Iteration 119 (max 500)
   eps = 0.002045 >= 0.0001
Iteration 120 (max 500)
   eps = 0.001974 >= 0.0001
Iteration 121 (max 500)
   eps = 0.001886 >= 0.0001
Iteration 122 (max 500)
   eps = 0.001812 >= 0.0001
Iteration 123 (max 500)
   eps = 0.001742 >= 0.0001
Iteration 124 (max 500)
   eps = 0.001677 >= 0.0001
Iteration 125 (max 500)
   eps = 0.001615 >= 0.0001
Iteration 126 (max 500)
   eps = 0.001558 >= 0.0001
Iteration 127 (max 500)
   eps = 0.001502 >= 0.0001
Iteration 128 (max 500)
   eps = 0.001444 >= 0.0001
Iteration 129 (max 500)
   eps = 0.001389 >= 0.0001
Iteration 130 (max 500)
   eps = 0.001341 >= 0.0001
Iteration 131 (max 500)
   eps = 0.001299 >= 0.0001
Iteration 132 (max 500)
   eps = 0.001261 >= 0.0001
Iteration 133 (max 500)
   eps = 0.001224 >= 0.0001
Iteration 134 (max 500)
   eps = 0.001177 >= 0.0001
Iteration 135 (max 500)
   eps = 0.001131 >= 0.0001
Iteration 136 (max 500)
   eps = 0.001089 >= 0.0001
Iteration 137 (max 500)
   eps = 0.001047 >= 0.0001
Iteration 138 (max 500)
   eps = 0.001012 >= 0.0001
Iteration 139 (max 500)
   eps = 0.000982 >= 0.0001
Iteration 140 (max 500)
   eps = 0.000948 >= 0.0001
Iteration 141 (max 500)
   eps = 0.000914 >= 0.0001
Iteration 142 (max 500)
   eps = 0.000877 >= 0.0001
Iteration 143 (max 500)
   eps = 0.000847 >= 0.0001
Iteration 144 (max 500)
   eps = 0.000821 >= 0.0001
Iteration 145 (max 500)
   eps = 0.000793 >= 0.0001
Iteration 146 (max 500)
   eps = 0.000769 >= 0.0001
Iteration 147 (max 500)
   eps = 0.000741 >= 0.0001
Iteration 148 (max 500)
   eps = 0.000713 >= 0.0001
Iteration 149 (max 500)
   eps = 0.000686 >= 0.0001
Iteration 150 (max 500)
   eps = 0.000661 >= 0.0001
Iteration 151 (max 500)
   eps = 0.00064 >= 0.0001
Iteration 152 (max 500)
   eps = 0.000619 >= 0.0001
Iteration 153 (max 500)
   eps = 0.0006 >= 0.0001
Iteration 154 (max 500)
   eps = 0.000581 >= 0.0001
Iteration 155 (max 500)
   eps = 0.000561 >= 0.0001
Iteration 156 (max 500)
   eps = 0.000542 >= 0.0001
Iteration 157 (max 500)
   eps = 0.000523 >= 0.0001
Iteration 158 (max 500)
   eps = 0.000503 >= 0.0001
Iteration 159 (max 500)
   eps = 0.000486 >= 0.0001
Iteration 160 (max 500)
   eps = 0.000466 >= 0.0001
Iteration 161 (max 500)
   eps = 0.000453 >= 0.0001
Iteration 162 (max 500)
   eps = 0.000434 >= 0.0001
Iteration 163 (max 500)
   eps = 0.000415 >= 0.0001
Iteration 164 (max 500)
   eps = 0.000401 >= 0.0001
Iteration 165 (max 500)
   eps = 0.000387 >= 0.0001
Iteration 166 (max 500)
   eps = 0.000374 >= 0.0001
Iteration 167 (max 500)
   eps = 0.000357 >= 0.0001
Iteration 168 (max 500)
   eps = 0.000345 >= 0.0001
Iteration 169 (max 500)
   eps = 0.000329 >= 0.0001
Iteration 170 (max 500)
   eps = 0.000317 >= 0.0001
Iteration 171 (max 500)
   eps = 0.000306 >= 0.0001
Iteration 172 (max 500)
   eps = 0.000296 >= 0.0001
Iteration 173 (max 500)
   eps = 0.000286 >= 0.0001
Iteration 174 (max 500)
   eps = 0.000278 >= 0.0001
Iteration 175 (max 500)
   eps = 0.000267 >= 0.0001
Iteration 176 (max 500)
   eps = 0.000257 >= 0.0001
Iteration 177 (max 500)
   eps = 0.000247 >= 0.0001
Iteration 178 (max 500)
   eps = 0.00024 >= 0.0001
Iteration 179 (max 500)
   eps = 0.000232 >= 0.0001
Iteration 180 (max 500)
   eps = 0.000223 >= 0.0001
Iteration 181 (max 500)
   eps = 0.000215 >= 0.0001
Iteration 182 (max 500)
   eps = 0.000206 >= 0.0001
Iteration 183 (max 500)
   eps = 0.000198 >= 0.0001
Iteration 184 (max 500)
   eps = 0.000191 >= 0.0001
Iteration 185 (max 500)
   eps = 0.000186 >= 0.0001
Iteration 186 (max 500)
   eps = 0.000178 >= 0.0001
Iteration 187 (max 500)
   eps = 0.000172 >= 0.0001
Iteration 188 (max 500)
   eps = 0.000167 >= 0.0001
Iteration 189 (max 500)
   eps = 0.00016 >= 0.0001
Iteration 190 (max 500)
   eps = 0.000154 >= 0.0001
Iteration 191 (max 500)
   eps = 0.00015 >= 0.0001
Iteration 192 (max 500)
   eps = 0.000145 >= 0.0001
Iteration 193 (max 500)
   eps = 0.00014 >= 0.0001
Iteration 194 (max 500)
   eps = 0.000134 >= 0.0001
Iteration 195 (max 500)
   eps = 0.000128 >= 0.0001
Iteration 196 (max 500)
   eps = 0.000123 >= 0.0001
Iteration 197 (max 500)
   eps = 0.000118 >= 0.0001
Iteration 198 (max 500)
   eps = 0.000114 >= 0.0001
Iteration 199 (max 500)
   eps = 0.00011 >= 0.0001
Iteration 200 (max 500)
   eps = 0.000106 >= 0.0001
Iteration 201 (max 500)
   eps = 0.000102 >= 0.0001
Iteration 202 (max 500)
Time spent by the wind speed solver: 20.788944244384766 s
Rotates geometries from -45.0 degrees
Interp succeeded!!! for tmp_file
Interp succeeded!!! for tmp_file
Interp succeeded!!! for tmp_file
Interp succeeded!!! for tmp_file
Interp succeeded!!! for tmp_file
Interp succeeded!!! for tmp_file
Rotates geometries from -45.0 degrees
Rotates geometries from -45.0 degrees
Rotates geometries from -45.0 degrees
Rotates geometries from -45.0 degrees
Rotates geometries from -45.0 degrees
Rotates geometries from -45.0 degrees
Rotates geometries from -45.0 degrees
Rotates geometries from -45.0 degrees
Rotates geometries from -45.0 degrees
Rotates geometries from -45.0 degrees
Rotates geometries from -45.0 degrees
Process 3849979: Successfully ran URock for tile output 'wind_field_raw_tile_27'.
Process 3849979: Elapsed time for URock ('wind_field_raw_tile_27'): 183.35 seconds.
[Master] Process 3849979 - Tile 27: Finished processing.
[Master] 3849979: exit signal
Info: Debuffered '/storage/project/r-rbasu31-0/hyu483/Test_UMEP/UROCK_output_31_spawn/temp_intermediate_files/tile_27_urock_raw_outputs/z1_5/wind_field_raw_tile_27WS.tif' to '/storage/project/r-rbasu31-0/hyu483/Test_UMEP/UROCK_output_31_spawn/urock_tiled_output/urock_wind_field_tile_27WS.tif' (original extent: (234382.59099838723, 902332.4833440109, 234582.59099838723, 902532.4833440109)).
Connecting to database
	->/tmp/URock_2025-12-21T16421841080d63-fe3c-4f1a-a8ee-7d44f6992d15/myDbH2
/storage/home/hcoda1/4/hyu483/qgis_332/profiles/default/python/plugins/processing_umep/functions/URock/h2gis-standalone/h2gis-dist-2.2.3.jar
Connected!

Spatial functions added!

Load input data
Load table 'build_pre_srid_20251221164235'
Load table 'veg_pre_srid_20251221164235'
Creates blocks and stacked blocks
Rotates geometries from 45.0 degrees
Identify block base height and block cavity base
Calculates obstacle properties
Calculates zone properties
Initializes upwind facades
Update upwind facades base height
Initializes downwind facades
Calculates study area properties
Roughness zone properties are:

                                 - z0: 1.3243917275491064
                                 - d: 6.241181253531154
                                 - Hr: 8.82927818366071
                                 - H_ob_max: 56
                                 - lambda_f: 0.16963808000294905
Rotates geometries from -45.0 degrees
Rotates geometries from -45.0 degrees
Rotates geometries from -45.0 degrees
Creates displacement zones
Rotates geometries from -45.0 degrees
Rotates geometries from -45.0 degrees
Creates cavity and wake zones
Rotates geometries from -45.0 degrees
Rotates geometries from -45.0 degrees
Creates street canyon zones
Rotates geometries from -45.0 degrees
Creates rooftop zones (perpendicular and corner)
Rotates geometries from -45.0 degrees
Rotates geometries from -45.0 degrees
Creates built-up and open vegetation zones
Rotates geometries from -45.0 degrees
Rotates geometries from -45.0 degrees
Identify the buildings concerned by the impacted zone chosen by the user
Creates the grid of points
Affects each grid point to a building Rockle zone and calculates needed 
          variables for 3D wind speed
Affects each grid point to a vegetation Rockle zone and calculates 
          needed variables for 3D wind speed
Remove some of the Röckle zone points
Creates backward zones
Calculates the 3D wind speed factor value for each point of each BUILDING zone
Rotates geometries from -45.0 degrees
Rotates geometries from -45.0 degrees
Rotates geometries from -45.0 degrees
Rotates geometries from -45.0 degrees
Rotates geometries from -45.0 degrees
Rotates geometries from -45.0 degrees
Rotates geometries from -45.0 degrees
Rotates geometries from -45.0 degrees
Rotates geometries from -45.0 degrees
Calculates the 3D wind speed factor value for each point of each VEGETATION zone
Rotates geometries from -45.0 degrees
Deals with superimposition (keeps only 1 value per 3D point)
Deals with superimposition (keeps only 1 value per 3D point)
Identify upstreamer points in TEMPO_WEIGHTING table
Identify upstreamer points in TEMPO_PRIORITIES table
Identify upstreamer points in TEMPO_PRIORITIES_WEIGHT table
Deals with superimposition (keeps only 1 value per 3D point)
Identify upstreamer points in TEMPO_WEIGHTING table
Identify upstreamer points in TEMPO_PRIORITIES table
Identify upstreamer points in TEMPO_PRIORITIES_WEIGHT table
Rotates geometries from -45.0 degrees
Identify grid points intersecting buildings
Set the initial 3D wind speed field
Time spent for wind speed initialization: 111.69200897216797 s
Shape: (129, 153, 28) - Nb cells: 552636
Start to apply the wind solver
Iteration 1 (max 500)
   eps = 0.555196 >= 0.0001
Iteration 2 (max 500)
   eps = 0.380599 >= 0.0001
Iteration 3 (max 500)
   eps = 0.311296 >= 0.0001
Iteration 4 (max 500)
   eps = 0.257906 >= 0.0001
Iteration 5 (max 500)
   eps = 0.213272 >= 0.0001
Iteration 6 (max 500)
   eps = 0.179722 >= 0.0001
Iteration 7 (max 500)
   eps = 0.15458 >= 0.0001
Iteration 8 (max 500)
   eps = 0.135191 >= 0.0001
Iteration 9 (max 500)
   eps = 0.119566 >= 0.0001
Iteration 10 (max 500)
   eps = 0.107028 >= 0.0001
Iteration 11 (max 500)
   eps = 0.096932 >= 0.0001
Iteration 12 (max 500)
   eps = 0.088579 >= 0.0001
Iteration 13 (max 500)
   eps = 0.081196 >= 0.0001
Iteration 14 (max 500)
   eps = 0.074841 >= 0.0001
Iteration 15 (max 500)
   eps = 0.069254 >= 0.0001
Iteration 16 (max 500)
   eps = 0.064519 >= 0.0001
Iteration 17 (max 500)
   eps = 0.06022 >= 0.0001
Iteration 18 (max 500)
   eps = 0.056446 >= 0.0001
Iteration 19 (max 500)
   eps = 0.053262 >= 0.0001
Iteration 20 (max 500)
   eps = 0.050373 >= 0.0001
Iteration 21 (max 500)
   eps = 0.047753 >= 0.0001
Iteration 22 (max 500)
   eps = 0.04527 >= 0.0001
Iteration 23 (max 500)
   eps = 0.043112 >= 0.0001
Iteration 24 (max 500)
   eps = 0.04104 >= 0.0001
Iteration 25 (max 500)
   eps = 0.03903 >= 0.0001
Iteration 26 (max 500)
   eps = 0.03879 >= 0.0001
Iteration 27 (max 500)
   eps = 0.036316 >= 0.0001
Iteration 28 (max 500)
   eps = 0.03411 >= 0.0001
Iteration 29 (max 500)
   eps = 0.032657 >= 0.0001
Iteration 30 (max 500)
   eps = 0.031311 >= 0.0001
Iteration 31 (max 500)
   eps = 0.030041 >= 0.0001
Iteration 32 (max 500)
   eps = 0.028836 >= 0.0001
Iteration 33 (max 500)
   eps = 0.027675 >= 0.0001
Iteration 34 (max 500)
   eps = 0.026629 >= 0.0001
Iteration 35 (max 500)
   eps = 0.025663 >= 0.0001
Iteration 36 (max 500)
   eps = 0.024734 >= 0.0001
Iteration 37 (max 500)
   eps = 0.023902 >= 0.0001
Iteration 38 (max 500)
   eps = 0.023105 >= 0.0001
Iteration 39 (max 500)
   eps = 0.022257 >= 0.0001
Iteration 40 (max 500)
   eps = 0.021418 >= 0.0001
Iteration 41 (max 500)
   eps = 0.020693 >= 0.0001
Iteration 42 (max 500)
   eps = 0.020042 >= 0.0001
Iteration 43 (max 500)
   eps = 0.019404 >= 0.0001
Iteration 44 (max 500)
   eps = 0.018806 >= 0.0001
Iteration 45 (max 500)
   eps = 0.018257 >= 0.0001
Iteration 46 (max 500)
   eps = 0.017754 >= 0.0001
Iteration 47 (max 500)
   eps = 0.017177 >= 0.0001
Iteration 48 (max 500)
   eps = 0.016592 >= 0.0001
Iteration 49 (max 500)
   eps = 0.016089 >= 0.0001
Iteration 50 (max 500)
   eps = 0.01563 >= 0.0001
Iteration 51 (max 500)
   eps = 0.015231 >= 0.0001
Iteration 52 (max 500)
   eps = 0.014854 >= 0.0001
Iteration 53 (max 500)
   eps = 0.014447 >= 0.0001
Iteration 54 (max 500)
   eps = 0.014015 >= 0.0001
Iteration 55 (max 500)
   eps = 0.013587 >= 0.0001
Iteration 56 (max 500)
   eps = 0.013183 >= 0.0001
Iteration 57 (max 500)
   eps = 0.012759 >= 0.0001
Iteration 58 (max 500)
   eps = 0.012357 >= 0.0001
Iteration 59 (max 500)
   eps = 0.012008 >= 0.0001
Iteration 60 (max 500)
   eps = 0.011681 >= 0.0001
Iteration 61 (max 500)
   eps = 0.011355 >= 0.0001
Iteration 62 (max 500)
   eps = 0.01106 >= 0.0001
Iteration 63 (max 500)
   eps = 0.010764 >= 0.0001
Iteration 64 (max 500)
   eps = 0.01048 >= 0.0001
Iteration 65 (max 500)
   eps = 0.010211 >= 0.0001
Iteration 66 (max 500)
   eps = 0.009935 >= 0.0001
Iteration 67 (max 500)
   eps = 0.009626 >= 0.0001
Iteration 68 (max 500)
   eps = 0.009311 >= 0.0001
Iteration 69 (max 500)
   eps = 0.009025 >= 0.0001
Iteration 70 (max 500)
   eps = 0.008767 >= 0.0001
Iteration 71 (max 500)
   eps = 0.00855 >= 0.0001
Iteration 72 (max 500)
   eps = 0.008326 >= 0.0001
Iteration 73 (max 500)
   eps = 0.008099 >= 0.0001
Iteration 74 (max 500)
   eps = 0.00787 >= 0.0001
Iteration 75 (max 500)
   eps = 0.007636 >= 0.0001
Iteration 76 (max 500)
   eps = 0.007412 >= 0.0001
Iteration 77 (max 500)
   eps = 0.007198 >= 0.0001
Iteration 78 (max 500)
   eps = 0.006992 >= 0.0001
Iteration 79 (max 500)
   eps = 0.006791 >= 0.0001
Iteration 80 (max 500)
   eps = 0.006589 >= 0.0001
Iteration 81 (max 500)
   eps = 0.006408 >= 0.0001
Iteration 82 (max 500)
   eps = 0.006217 >= 0.0001
Iteration 83 (max 500)
   eps = 0.006035 >= 0.0001
Iteration 84 (max 500)
   eps = 0.005857 >= 0.0001
Iteration 85 (max 500)
   eps = 0.005681 >= 0.0001
Iteration 86 (max 500)
   eps = 0.005513 >= 0.0001
Iteration 87 (max 500)
   eps = 0.00535 >= 0.0001
Iteration 88 (max 500)
   eps = 0.005196 >= 0.0001
Iteration 89 (max 500)
   eps = 0.005049 >= 0.0001
Iteration 90 (max 500)
   eps = 0.004908 >= 0.0001
Iteration 91 (max 500)
   eps = 0.004755 >= 0.0001
Iteration 92 (max 500)
   eps = 0.004608 >= 0.0001
Iteration 93 (max 500)
   eps = 0.004475 >= 0.0001
Iteration 94 (max 500)
   eps = 0.004353 >= 0.0001
Iteration 95 (max 500)
   eps = 0.004234 >= 0.0001
Iteration 96 (max 500)
   eps = 0.004109 >= 0.0001
Iteration 97 (max 500)
   eps = 0.003988 >= 0.0001
Iteration 98 (max 500)
   eps = 0.003895 >= 0.0001
Iteration 99 (max 500)
   eps = 0.003779 >= 0.0001
Iteration 100 (max 500)
   eps = 0.003671 >= 0.0001
Iteration 101 (max 500)
   eps = 0.003566 >= 0.0001
Iteration 102 (max 500)
   eps = 0.003455 >= 0.0001
Iteration 103 (max 500)
   eps = 0.003362 >= 0.0001
Iteration 104 (max 500)
   eps = 0.003271 >= 0.0001
Iteration 105 (max 500)
   eps = 0.003193 >= 0.0001
Iteration 106 (max 500)
   eps = 0.003094 >= 0.0001
Iteration 107 (max 500)
   eps = 0.003007 >= 0.0001
Iteration 108 (max 500)
   eps = 0.002914 >= 0.0001
Iteration 109 (max 500)
   eps = 0.002828 >= 0.0001
Iteration 110 (max 500)
   eps = 0.002733 >= 0.0001
Iteration 111 (max 500)
   eps = 0.002643 >= 0.0001
Iteration 112 (max 500)
   eps = 0.002563 >= 0.0001
Iteration 113 (max 500)
   eps = 0.002482 >= 0.0001
Iteration 114 (max 500)
   eps = 0.002398 >= 0.0001
Iteration 115 (max 500)
   eps = 0.002319 >= 0.0001
Iteration 116 (max 500)
   eps = 0.002242 >= 0.0001
Iteration 117 (max 500)
   eps = 0.002168 >= 0.0001
Iteration 118 (max 500)
   eps = 0.0021 >= 0.0001
Iteration 119 (max 500)
   eps = 0.002035 >= 0.0001
Iteration 120 (max 500)
   eps = 0.001982 >= 0.0001
Iteration 121 (max 500)
   eps = 0.001925 >= 0.0001
Iteration 122 (max 500)
   eps = 0.001863 >= 0.0001
Iteration 123 (max 500)
   eps = 0.001811 >= 0.0001
Iteration 124 (max 500)
   eps = 0.001759 >= 0.0001
Iteration 125 (max 500)
   eps = 0.001711 >= 0.0001
Iteration 126 (max 500)
   eps = 0.001661 >= 0.0001
Iteration 127 (max 500)
   eps = 0.001619 >= 0.0001
Iteration 128 (max 500)
   eps = 0.001569 >= 0.0001
Iteration 129 (max 500)
   eps = 0.001522 >= 0.0001
Iteration 130 (max 500)
   eps = 0.001481 >= 0.0001
Iteration 131 (max 500)
   eps = 0.001441 >= 0.0001
Iteration 132 (max 500)
   eps = 0.001394 >= 0.0001
Iteration 133 (max 500)
   eps = 0.001348 >= 0.0001
Iteration 134 (max 500)
   eps = 0.001306 >= 0.0001
Iteration 135 (max 500)
   eps = 0.001265 >= 0.0001
Iteration 136 (max 500)
   eps = 0.001224 >= 0.0001
Iteration 137 (max 500)
   eps = 0.001181 >= 0.0001
Iteration 138 (max 500)
   eps = 0.00114 >= 0.0001
Iteration 139 (max 500)
   eps = 0.001102 >= 0.0001
Iteration 140 (max 500)
   eps = 0.001065 >= 0.0001
Iteration 141 (max 500)
   eps = 0.001029 >= 0.0001
Iteration 142 (max 500)
   eps = 0.000996 >= 0.0001
Iteration 143 (max 500)
   eps = 0.000962 >= 0.0001
Iteration 144 (max 500)
   eps = 0.000931 >= 0.0001
Iteration 145 (max 500)
   eps = 0.000901 >= 0.0001
Iteration 146 (max 500)
   eps = 0.000872 >= 0.0001
Iteration 147 (max 500)
   eps = 0.000844 >= 0.0001
Iteration 148 (max 500)
   eps = 0.00082 >= 0.0001
Iteration 149 (max 500)
   eps = 0.000797 >= 0.0001
Iteration 150 (max 500)
   eps = 0.000774 >= 0.0001
Iteration 151 (max 500)
   eps = 0.000751 >= 0.0001
Iteration 152 (max 500)
   eps = 0.00073 >= 0.0001
Iteration 153 (max 500)
   eps = 0.000708 >= 0.0001
Iteration 154 (max 500)
   eps = 0.000686 >= 0.0001
Iteration 155 (max 500)
   eps = 0.000663 >= 0.0001
Iteration 156 (max 500)
   eps = 0.000641 >= 0.0001
Iteration 157 (max 500)
   eps = 0.000619 >= 0.0001
Iteration 158 (max 500)
   eps = 0.000598 >= 0.0001
Iteration 159 (max 500)
   eps = 0.000578 >= 0.0001
Iteration 160 (max 500)
   eps = 0.000559 >= 0.0001
Iteration 161 (max 500)
   eps = 0.000539 >= 0.0001
Iteration 162 (max 500)
   eps = 0.000521 >= 0.0001
Iteration 163 (max 500)
   eps = 0.000504 >= 0.0001
Iteration 164 (max 500)
   eps = 0.000486 >= 0.0001
Iteration 165 (max 500)
   eps = 0.000469 >= 0.0001
Iteration 166 (max 500)
   eps = 0.000452 >= 0.0001
Iteration 167 (max 500)
   eps = 0.000436 >= 0.0001
Iteration 168 (max 500)
   eps = 0.000421 >= 0.0001
Iteration 169 (max 500)
   eps = 0.000406 >= 0.0001
Iteration 170 (max 500)
   eps = 0.000394 >= 0.0001
Iteration 171 (max 500)
   eps = 0.000382 >= 0.0001
Iteration 172 (max 500)
   eps = 0.000369 >= 0.0001
Iteration 173 (max 500)
   eps = 0.000357 >= 0.0001
Iteration 174 (max 500)
   eps = 0.000345 >= 0.0001
Iteration 175 (max 500)
   eps = 0.000332 >= 0.0001
Iteration 176 (max 500)
   eps = 0.00032 >= 0.0001
Iteration 177 (max 500)
   eps = 0.000309 >= 0.0001
Iteration 178 (max 500)
   eps = 0.000298 >= 0.0001
Iteration 179 (max 500)
   eps = 0.000287 >= 0.0001
Iteration 180 (max 500)
   eps = 0.000277 >= 0.0001
Iteration 181 (max 500)
   eps = 0.000267 >= 0.0001
Iteration 182 (max 500)
   eps = 0.000259 >= 0.0001
Iteration 183 (max 500)
   eps = 0.00025 >= 0.0001
Iteration 184 (max 500)
   eps = 0.000241 >= 0.0001
Iteration 185 (max 500)
   eps = 0.000233 >= 0.0001
Iteration 186 (max 500)
   eps = 0.000226 >= 0.0001
Iteration 187 (max 500)
   eps = 0.000218 >= 0.0001
Iteration 188 (max 500)
   eps = 0.000211 >= 0.0001
Iteration 189 (max 500)
   eps = 0.000204 >= 0.0001
Iteration 190 (max 500)
   eps = 0.000196 >= 0.0001
Iteration 191 (max 500)
   eps = 0.000189 >= 0.0001
Iteration 192 (max 500)
   eps = 0.000182 >= 0.0001
Iteration 193 (max 500)
   eps = 0.000175 >= 0.0001
Iteration 194 (max 500)
   eps = 0.000168 >= 0.0001
Iteration 195 (max 500)
   eps = 0.000162 >= 0.0001
Iteration 196 (max 500)
   eps = 0.000155 >= 0.0001
Iteration 197 (max 500)
   eps = 0.00015 >= 0.0001
Iteration 198 (max 500)
   eps = 0.000145 >= 0.0001
Iteration 199 (max 500)
   eps = 0.000139 >= 0.0001
Iteration 200 (max 500)
   eps = 0.000135 >= 0.0001
Iteration 201 (max 500)
   eps = 0.00013 >= 0.0001
Iteration 202 (max 500)
   eps = 0.000126 >= 0.0001
Iteration 203 (max 500)
   eps = 0.000121 >= 0.0001
Iteration 204 (max 500)
   eps = 0.000117 >= 0.0001
Iteration 205 (max 500)
   eps = 0.000113 >= 0.0001
Iteration 206 (max 500)
   eps = 0.000108 >= 0.0001
Iteration 207 (max 500)
   eps = 0.000104 >= 0.0001
Iteration 208 (max 500)
Time spent by the wind speed solver: 26.689638376235962 s
Rotates geometries from -45.0 degrees
Interp succeeded!!! for tmp_file
Interp succeeded!!! for tmp_file
Interp succeeded!!! for tmp_file
Interp succeeded!!! for tmp_file
Interp succeeded!!! for tmp_file
Interp succeeded!!! for tmp_file
Rotates geometries from -45.0 degrees
Rotates geometries from -45.0 degrees
Rotates geometries from -45.0 degrees
Rotates geometries from -45.0 degrees
Rotates geometries from -45.0 degrees
Rotates geometries from -45.0 degrees
Rotates geometries from -45.0 degrees
Rotates geometries from -45.0 degrees
Rotates geometries from -45.0 degrees
Rotates geometries from -45.0 degrees
Rotates geometries from -45.0 degrees
Process 3849989: Successfully ran URock for tile output 'wind_field_raw_tile_10'.
Process 3849989: Elapsed time for URock ('wind_field_raw_tile_10'): 184.21 seconds.
Connecting to database
	->/tmp/URock_2025-12-21T1642192fc1d578-6714-48c5-a6e7-ce80411f5733/myDbH2
/storage/home/hcoda1/4/hyu483/qgis_332/profiles/default/python/plugins/processing_umep/functions/URock/h2gis-standalone/h2gis-dist-2.2.3.jar
Connected!

Spatial functions added!

Load input data
Load table 'build_pre_srid_20251221164240'
Load table 'veg_pre_srid_20251221164240'
Creates blocks and stacked blocks
Rotates geometries from 45.0 degrees
Identify block base height and block cavity base
Calculates obstacle properties
Calculates zone properties
Initializes upwind facades
Update upwind facades base height
Initializes downwind facades
Calculates study area properties
Roughness zone properties are:

                                 - z0: 1.507691470923666
                                 - d: 7.1236054867597645
                                 - Hr: 10.05127647282444
                                 - H_ob_max: 34
                                 - lambda_f: 0.17493271263883817
Rotates geometries from -45.0 degrees
Rotates geometries from -45.0 degrees
Rotates geometries from -45.0 degrees
Creates displacement zones
Rotates geometries from -45.0 degrees
Rotates geometries from -45.0 degrees
Creates cavity and wake zones
Rotates geometries from -45.0 degrees
Rotates geometries from -45.0 degrees
Creates street canyon zones
Rotates geometries from -45.0 degrees
Creates rooftop zones (perpendicular and corner)
Rotates geometries from -45.0 degrees
Rotates geometries from -45.0 degrees
Creates built-up and open vegetation zones
Rotates geometries from -45.0 degrees
Rotates geometries from -45.0 degrees
Identify the buildings concerned by the impacted zone chosen by the user
Creates the grid of points
Affects each grid point to a building Rockle zone and calculates needed 
          variables for 3D wind speed
Affects each grid point to a vegetation Rockle zone and calculates 
          needed variables for 3D wind speed
Remove some of the Röckle zone points
Creates backward zones
Calculates the 3D wind speed factor value for each point of each BUILDING zone
Rotates geometries from -45.0 degrees
Rotates geometries from -45.0 degrees
Rotates geometries from -45.0 degrees
Rotates geometries from -45.0 degrees
Rotates geometries from -45.0 degrees
Rotates geometries from -45.0 degrees
Rotates geometries from -45.0 degrees
Rotates geometries from -45.0 degrees
Rotates geometries from -45.0 degrees
Calculates the 3D wind speed factor value for each point of each VEGETATION zone
Rotates geometries from -45.0 degrees
Deals with superimposition (keeps only 1 value per 3D point)
Deals with superimposition (keeps only 1 value per 3D point)
Identify upstreamer points in TEMPO_WEIGHTING table
Identify upstreamer points in TEMPO_PRIORITIES table
Identify upstreamer points in TEMPO_PRIORITIES_WEIGHT table
Deals with superimposition (keeps only 1 value per 3D point)
Identify upstreamer points in TEMPO_WEIGHTING table
Identify upstreamer points in TEMPO_PRIORITIES table
Identify upstreamer points in TEMPO_PRIORITIES_WEIGHT table
Rotates geometries from -45.0 degrees
Identify grid points intersecting buildings
Set the initial 3D wind speed field
Time spent for wind speed initialization: 111.77717876434326 s
Shape: (129, 161, 21) - Nb cells: 436149
Start to apply the wind solver
Iteration 1 (max 500)
   eps = 0.593841 >= 0.0001
Iteration 2 (max 500)
   eps = 0.42168 >= 0.0001
Iteration 3 (max 500)
   eps = 0.336659 >= 0.0001
Iteration 4 (max 500)
   eps = 0.273733 >= 0.0001
Iteration 5 (max 500)
   eps = 0.22347 >= 0.0001
Iteration 6 (max 500)
   eps = 0.184012 >= 0.0001
Iteration 7 (max 500)
   eps = 0.156553 >= 0.0001
Iteration 8 (max 500)
   eps = 0.135831 >= 0.0001
Iteration 9 (max 500)
   eps = 0.119151 >= 0.0001
Iteration 10 (max 500)
   eps = 0.105817 >= 0.0001
Iteration 11 (max 500)
   eps = 0.095447 >= 0.0001
Iteration 12 (max 500)
   eps = 0.087325 >= 0.0001
Iteration 13 (max 500)
   eps = 0.080457 >= 0.0001
Iteration 14 (max 500)
   eps = 0.074324 >= 0.0001
Iteration 15 (max 500)
   eps = 0.069315 >= 0.0001
Iteration 16 (max 500)
   eps = 0.065065 >= 0.0001
Iteration 17 (max 500)
   eps = 0.06092 >= 0.0001
Iteration 18 (max 500)
   eps = 0.057094 >= 0.0001
Iteration 19 (max 500)
   eps = 0.059047 >= 0.0001
Iteration 20 (max 500)
   eps = 0.053673 >= 0.0001
Iteration 21 (max 500)
   eps = 0.049274 >= 0.0001
Iteration 22 (max 500)
   eps = 0.046986 >= 0.0001
Iteration 23 (max 500)
   eps = 0.044925 >= 0.0001
Iteration 24 (max 500)
   eps = 0.043207 >= 0.0001
Iteration 25 (max 500)
   eps = 0.041672 >= 0.0001
Iteration 26 (max 500)
   eps = 0.04021 >= 0.0001
Iteration 27 (max 500)
   eps = 0.038864 >= 0.0001
Iteration 28 (max 500)
   eps = 0.037733 >= 0.0001
Iteration 29 (max 500)
   eps = 0.036535 >= 0.0001
Iteration 30 (max 500)
   eps = 0.035252 >= 0.0001
Iteration 31 (max 500)
   eps = 0.034024 >= 0.0001
Iteration 32 (max 500)
   eps = 0.032925 >= 0.0001
Iteration 33 (max 500)
   eps = 0.031832 >= 0.0001
Iteration 34 (max 500)
   eps = 0.030816 >= 0.0001
Iteration 35 (max 500)
   eps = 0.029787 >= 0.0001
Iteration 36 (max 500)
   eps = 0.028799 >= 0.0001
Iteration 37 (max 500)
   eps = 0.02783 >= 0.0001
Iteration 38 (max 500)
   eps = 0.026928 >= 0.0001
Iteration 39 (max 500)
   eps = 0.026143 >= 0.0001
Iteration 40 (max 500)
   eps = 0.025369 >= 0.0001
Iteration 41 (max 500)
   eps = 0.024598 >= 0.0001
Iteration 42 (max 500)
   eps = 0.023885 >= 0.0001
Iteration 43 (max 500)
   eps = 0.023242 >= 0.0001
Iteration 44 (max 500)
   eps = 0.022644 >= 0.0001
Iteration 45 (max 500)
   eps = 0.021965 >= 0.0001
Iteration 46 (max 500)
   eps = 0.021368 >= 0.0001
Iteration 47 (max 500)
   eps = 0.0207 >= 0.0001
Iteration 48 (max 500)
   eps = 0.020084 >= 0.0001
Iteration 49 (max 500)
   eps = 0.019408 >= 0.0001
Iteration 50 (max 500)
   eps = 0.018727 >= 0.0001
Iteration 51 (max 500)
   eps = 0.018063 >= 0.0001
Iteration 52 (max 500)
   eps = 0.017486 >= 0.0001
Iteration 53 (max 500)
   eps = 0.01699 >= 0.0001
Iteration 54 (max 500)
   eps = 0.016442 >= 0.0001
Iteration 55 (max 500)
   eps = 0.015931 >= 0.0001
Iteration 56 (max 500)
   eps = 0.015488 >= 0.0001
Iteration 57 (max 500)
   eps = 0.015061 >= 0.0001
Iteration 58 (max 500)
   eps = 0.014632 >= 0.0001
Iteration 59 (max 500)
   eps = 0.014222 >= 0.0001
Iteration 60 (max 500)
   eps = 0.013837 >= 0.0001
Iteration 61 (max 500)
   eps = 0.013421 >= 0.0001
Iteration 62 (max 500)
   eps = 0.013094 >= 0.0001
Iteration 63 (max 500)
   eps = 0.012685 >= 0.0001
Iteration 64 (max 500)
   eps = 0.012308 >= 0.0001
Iteration 65 (max 500)
   eps = 0.011913 >= 0.0001
Iteration 66 (max 500)
   eps = 0.011572 >= 0.0001
Iteration 67 (max 500)
   eps = 0.011196 >= 0.0001
Iteration 68 (max 500)
   eps = 0.010851 >= 0.0001
Iteration 69 (max 500)
   eps = 0.010498 >= 0.0001
Iteration 70 (max 500)
   eps = 0.010181 >= 0.0001
Iteration 71 (max 500)
   eps = 0.009853 >= 0.0001
Iteration 72 (max 500)
   eps = 0.009564 >= 0.0001
Iteration 73 (max 500)
   eps = 0.009262 >= 0.0001
Iteration 74 (max 500)
   eps = 0.008968 >= 0.0001
Iteration 75 (max 500)
   eps = 0.008671 >= 0.0001
Iteration 76 (max 500)
   eps = 0.008368 >= 0.0001
Iteration 77 (max 500)
   eps = 0.008112 >= 0.0001
Iteration 78 (max 500)
   eps = 0.007834 >= 0.0001
Iteration 79 (max 500)
   eps = 0.007571 >= 0.0001
Iteration 80 (max 500)
   eps = 0.007331 >= 0.0001
Iteration 81 (max 500)
   eps = 0.00711 >= 0.0001
Iteration 82 (max 500)
   eps = 0.00689 >= 0.0001
Iteration 83 (max 500)
   eps = 0.006665 >= 0.0001
Iteration 84 (max 500)
   eps = 0.00647 >= 0.0001
Iteration 85 (max 500)
   eps = 0.006261 >= 0.0001
Iteration 86 (max 500)
   eps = 0.006059 >= 0.0001
Iteration 87 (max 500)
   eps = 0.00591 >= 0.0001
Iteration 88 (max 500)
   eps = 0.00572 >= 0.0001
Iteration 89 (max 500)
   eps = 0.005559 >= 0.0001
Iteration 90 (max 500)
   eps = 0.005365 >= 0.0001
Iteration 91 (max 500)
   eps = 0.005185 >= 0.0001
Iteration 92 (max 500)
   eps = 0.005002 >= 0.0001
Iteration 93 (max 500)
   eps = 0.00482 >= 0.0001
Iteration 94 (max 500)
   eps = 0.004657 >= 0.0001
Iteration 95 (max 500)
   eps = 0.004499 >= 0.0001
Iteration 96 (max 500)
   eps = 0.004351 >= 0.0001
Iteration 97 (max 500)
   eps = 0.004216 >= 0.0001
Iteration 98 (max 500)
   eps = 0.00408 >= 0.0001
Iteration 99 (max 500)
   eps = 0.003952 >= 0.0001
Iteration 100 (max 500)
   eps = 0.003808 >= 0.0001
Iteration 101 (max 500)
   eps = 0.003672 >= 0.0001
Iteration 102 (max 500)
   eps = 0.003548 >= 0.0001
Iteration 103 (max 500)
   eps = 0.003429 >= 0.0001
Iteration 104 (max 500)
   eps = 0.003312 >= 0.0001
Iteration 105 (max 500)
   eps = 0.003203 >= 0.0001
Iteration 106 (max 500)
   eps = 0.003101 >= 0.0001
Iteration 107 (max 500)
   eps = 0.002999 >= 0.0001
Iteration 108 (max 500)
   eps = 0.002899 >= 0.0001
Iteration 109 (max 500)
   eps = 0.002802 >= 0.0001
Iteration 110 (max 500)
   eps = 0.002713 >= 0.0001
Iteration 111 (max 500)
   eps = 0.002626 >= 0.0001
Iteration 112 (max 500)
   eps = 0.002542 >= 0.0001
Iteration 113 (max 500)
   eps = 0.00245 >= 0.0001
Iteration 114 (max 500)
   eps = 0.002352 >= 0.0001
Iteration 115 (max 500)
   eps = 0.002261 >= 0.0001
Iteration 116 (max 500)
   eps = 0.002179 >= 0.0001
Iteration 117 (max 500)
   eps = 0.002103 >= 0.0001
Iteration 118 (max 500)
   eps = 0.00203 >= 0.0001
Iteration 119 (max 500)
   eps = 0.001964 >= 0.0001
Iteration 120 (max 500)
   eps = 0.0019 >= 0.0001
Iteration 121 (max 500)
   eps = 0.001845 >= 0.0001
Iteration 122 (max 500)
   eps = 0.00179 >= 0.0001
Iteration 123 (max 500)
   eps = 0.001732 >= 0.0001
Iteration 124 (max 500)
   eps = 0.001687 >= 0.0001
Iteration 125 (max 500)
   eps = 0.001637 >= 0.0001
Iteration 126 (max 500)
   eps = 0.001579 >= 0.0001
Iteration 127 (max 500)
   eps = 0.001518 >= 0.0001
Iteration 128 (max 500)
   eps = 0.001459 >= 0.0001
Iteration 129 (max 500)
   eps = 0.001406 >= 0.0001
Iteration 130 (max 500)
   eps = 0.00136 >= 0.0001
Iteration 131 (max 500)
   eps = 0.001314 >= 0.0001
Iteration 132 (max 500)
   eps = 0.001271 >= 0.0001
Iteration 133 (max 500)
   eps = 0.001224 >= 0.0001
Iteration 134 (max 500)
   eps = 0.001181 >= 0.0001
Iteration 135 (max 500)
   eps = 0.001139 >= 0.0001
Iteration 136 (max 500)
   eps = 0.001097 >= 0.0001
Iteration 137 (max 500)
   eps = 0.001053 >= 0.0001
Iteration 138 (max 500)
   eps = 0.001008 >= 0.0001
Iteration 139 (max 500)
   eps = 0.000968 >= 0.0001
Iteration 140 (max 500)
   eps = 0.000937 >= 0.0001
Iteration 141 (max 500)
   eps = 0.000904 >= 0.0001
Iteration 142 (max 500)
   eps = 0.000875 >= 0.0001
Iteration 143 (max 500)
   eps = 0.000848 >= 0.0001
Iteration 144 (max 500)
   eps = 0.00082 >= 0.0001
Iteration 145 (max 500)
   eps = 0.000791 >= 0.0001
Iteration 146 (max 500)
   eps = 0.000761 >= 0.0001
Iteration 147 (max 500)
   eps = 0.000734 >= 0.0001
Iteration 148 (max 500)
   eps = 0.000711 >= 0.0001
Iteration 149 (max 500)
   eps = 0.000687 >= 0.0001
Iteration 150 (max 500)
   eps = 0.000664 >= 0.0001
Iteration 151 (max 500)
   eps = 0.00064 >= 0.0001
Iteration 152 (max 500)
   eps = 0.000614 >= 0.0001
Iteration 153 (max 500)
   eps = 0.00059 >= 0.0001
Iteration 154 (max 500)
   eps = 0.000569 >= 0.0001
Iteration 155 (max 500)
   eps = 0.000549 >= 0.0001
Iteration 156 (max 500)
   eps = 0.000528 >= 0.0001
Iteration 157 (max 500)
   eps = 0.00051 >= 0.0001
Iteration 158 (max 500)
   eps = 0.000492 >= 0.0001
Iteration 159 (max 500)
   eps = 0.000477 >= 0.0001
Iteration 160 (max 500)
   eps = 0.00046 >= 0.0001
Iteration 161 (max 500)
   eps = 0.000445 >= 0.0001
Iteration 162 (max 500)
   eps = 0.000428 >= 0.0001
Iteration 163 (max 500)
   eps = 0.000411 >= 0.0001
Iteration 164 (max 500)
   eps = 0.000396 >= 0.0001
Iteration 165 (max 500)
   eps = 0.000382 >= 0.0001
Iteration 166 (max 500)
   eps = 0.000368 >= 0.0001
Iteration 167 (max 500)
   eps = 0.000356 >= 0.0001
Iteration 168 (max 500)
   eps = 0.00034 >= 0.0001
Iteration 169 (max 500)
   eps = 0.000328 >= 0.0001
Iteration 170 (max 500)
   eps = 0.000318 >= 0.0001
Iteration 171 (max 500)
   eps = 0.000307 >= 0.0001
Iteration 172 (max 500)
   eps = 0.000293 >= 0.0001
Iteration 173 (max 500)
   eps = 0.000282 >= 0.0001
Iteration 174 (max 500)
   eps = 0.00027 >= 0.0001
Iteration 175 (max 500)
   eps = 0.000261 >= 0.0001
Iteration 176 (max 500)
   eps = 0.000253 >= 0.0001
Iteration 177 (max 500)
   eps = 0.000245 >= 0.0001
Iteration 178 (max 500)
   eps = 0.000237 >= 0.0001
Iteration 179 (max 500)
   eps = 0.000229 >= 0.0001
Iteration 180 (max 500)
   eps = 0.00022 >= 0.0001
Iteration 181 (max 500)
   eps = 0.000212 >= 0.0001
Iteration 182 (max 500)
   eps = 0.000201 >= 0.0001
Iteration 183 (max 500)
   eps = 0.000194 >= 0.0001
Iteration 184 (max 500)
   eps = 0.000185 >= 0.0001
Iteration 185 (max 500)
   eps = 0.000177 >= 0.0001
Iteration 186 (max 500)
   eps = 0.00017 >= 0.0001
Iteration 187 (max 500)
   eps = 0.000164 >= 0.0001
Iteration 188 (max 500)
   eps = 0.000158 >= 0.0001
Iteration 189 (max 500)
   eps = 0.000152 >= 0.0001
Iteration 190 (max 500)
   eps = 0.000147 >= 0.0001
Iteration 191 (max 500)
   eps = 0.000142 >= 0.0001
Iteration 192 (max 500)
   eps = 0.000137 >= 0.0001
Iteration 193 (max 500)
   eps = 0.000132 >= 0.0001
Iteration 194 (max 500)
   eps = 0.000127 >= 0.0001
Iteration 195 (max 500)
   eps = 0.000122 >= 0.0001
Iteration 196 (max 500)
   eps = 0.000117 >= 0.0001
Iteration 197 (max 500)
   eps = 0.000112 >= 0.0001
Iteration 198 (max 500)
   eps = 0.000107 >= 0.0001
Iteration 199 (max 500)
   eps = 0.000103 >= 0.0001
Iteration 200 (max 500)
Time spent by the wind speed solver: 22.5313663482666 s
Rotates geometries from -45.0 degrees
Interp succeeded!!! for tmp_file
Interp succeeded!!! for tmp_file
Interp succeeded!!! for tmp_file
Interp succeeded!!! for tmp_file
Interp succeeded!!! for tmp_file
Interp succeeded!!! for tmp_file
Rotates geometries from -45.0 degrees
Rotates geometries from -45.0 degrees
Rotates geometries from -45.0 degrees
Rotates geometries from -45.0 degrees
Rotates geometries from -45.0 degrees
Rotates geometries from -45.0 degrees
Rotates geometries from -45.0 degrees
Rotates geometries from -45.0 degrees
Rotates geometries from -45.0 degrees
Rotates geometries from -45.0 degrees
Rotates geometries from -45.0 degrees
Process 3849982: Successfully ran URock for tile output 'wind_field_raw_tile_14'.
Process 3849982: Elapsed time for URock ('wind_field_raw_tile_14'): 184.54 seconds.
[Master] Process 3849989 - Tile 10: Finished processing.
[Master] 3849989: exit signal
Info: Debuffered '/storage/project/r-rbasu31-0/hyu483/Test_UMEP/UROCK_output_31_spawn/temp_intermediate_files/tile_10_urock_raw_outputs/z1_5/wind_field_raw_tile_10WS.tif' to '/storage/project/r-rbasu31-0/hyu483/Test_UMEP/UROCK_output_31_spawn/urock_tiled_output/urock_wind_field_tile_10WS.tif' (original extent: (233782.59099838723, 902532.4833440109, 233982.59099838723, 902732.4833440109)).
[Master] Process 3849982 - Tile 14: Finished processing.
[Master] 3849982: exit signal
Info: Debuffered '/storage/project/r-rbasu31-0/hyu483/Test_UMEP/UROCK_output_31_spawn/temp_intermediate_files/tile_14_urock_raw_outputs/z1_5/wind_field_raw_tile_14WS.tif' to '/storage/project/r-rbasu31-0/hyu483/Test_UMEP/UROCK_output_31_spawn/urock_tiled_output/urock_wind_field_tile_14WS.tif' (original extent: (233982.59099838723, 902132.4833440109, 234182.59099838723, 902332.4833440109)).
Connecting to database
	->/tmp/URock_2025-12-21T16422209886327-a425-487d-802c-5054540d5f67/myDbH2
/storage/home/hcoda1/4/hyu483/qgis_332/profiles/default/python/plugins/processing_umep/functions/URock/h2gis-standalone/h2gis-dist-2.2.3.jar
Connected!

Spatial functions added!

Load input data
Load table 'build_pre_srid_20251221164251'
Load table 'veg_pre_srid_20251221164251'
Creates blocks and stacked blocks
Rotates geometries from 45.0 degrees
Identify block base height and block cavity base
Calculates obstacle properties
Calculates zone properties
Initializes upwind facades
Update upwind facades base height
Initializes downwind facades
Calculates study area properties
Roughness zone properties are:

                                 - z0: 1.6216996516469473
                                 - d: 7.663079734359615
                                 - Hr: 10.811331010979648
                                 - H_ob_max: 56
                                 - lambda_f: 0.17514505424969207
Rotates geometries from -45.0 degrees
Rotates geometries from -45.0 degrees
Rotates geometries from -45.0 degrees
Creates displacement zones
Rotates geometries from -45.0 degrees
Rotates geometries from -45.0 degrees
Creates cavity and wake zones
Rotates geometries from -45.0 degrees
Rotates geometries from -45.0 degrees
Creates street canyon zones
Rotates geometries from -45.0 degrees
Creates rooftop zones (perpendicular and corner)
Rotates geometries from -45.0 degrees
Rotates geometries from -45.0 degrees
Creates built-up and open vegetation zones
Rotates geometries from -45.0 degrees
Rotates geometries from -45.0 degrees
Identify the buildings concerned by the impacted zone chosen by the user
Creates the grid of points
Affects each grid point to a building Rockle zone and calculates needed 
          variables for 3D wind speed
Affects each grid point to a vegetation Rockle zone and calculates 
          needed variables for 3D wind speed
Remove some of the Röckle zone points
Creates backward zones
Calculates the 3D wind speed factor value for each point of each BUILDING zone
Rotates geometries from -45.0 degrees
Rotates geometries from -45.0 degrees
Rotates geometries from -45.0 degrees
Rotates geometries from -45.0 degrees
Rotates geometries from -45.0 degrees
Rotates geometries from -45.0 degrees
Rotates geometries from -45.0 degrees
Rotates geometries from -45.0 degrees
Rotates geometries from -45.0 degrees
Calculates the 3D wind speed factor value for each point of each VEGETATION zone
Rotates geometries from -45.0 degrees
Deals with superimposition (keeps only 1 value per 3D point)
Deals with superimposition (keeps only 1 value per 3D point)
Identify upstreamer points in TEMPO_WEIGHTING table
Identify upstreamer points in TEMPO_PRIORITIES table
Identify upstreamer points in TEMPO_PRIORITIES_WEIGHT table
Deals with superimposition (keeps only 1 value per 3D point)
Identify upstreamer points in TEMPO_WEIGHTING table
Identify upstreamer points in TEMPO_PRIORITIES table
Identify upstreamer points in TEMPO_PRIORITIES_WEIGHT table
Rotates geometries from -45.0 degrees
Identify grid points intersecting buildings
Set the initial 3D wind speed field
Time spent for wind speed initialization: 99.33865642547607 s
Shape: (129, 165, 27) - Nb cells: 574695
Start to apply the wind solver
Iteration 1 (max 500)
   eps = 0.593574 >= 0.0001
Iteration 2 (max 500)
   eps = 0.395878 >= 0.0001
Iteration 3 (max 500)
   eps = 0.319323 >= 0.0001
Iteration 4 (max 500)
   eps = 0.261613 >= 0.0001
Iteration 5 (max 500)
   eps = 0.214772 >= 0.0001
Iteration 6 (max 500)
   eps = 0.18202 >= 0.0001
Iteration 7 (max 500)
   eps = 0.157401 >= 0.0001
Iteration 8 (max 500)
   eps = 0.137645 >= 0.0001
Iteration 9 (max 500)
   eps = 0.121916 >= 0.0001
Iteration 10 (max 500)
   eps = 0.107891 >= 0.0001
Iteration 11 (max 500)
   eps = 0.096682 >= 0.0001
Iteration 12 (max 500)
   eps = 0.087327 >= 0.0001
Iteration 13 (max 500)
   eps = 0.079689 >= 0.0001
Iteration 14 (max 500)
   eps = 0.073359 >= 0.0001
Iteration 15 (max 500)
   eps = 0.0682 >= 0.0001
Iteration 16 (max 500)
   eps = 0.064026 >= 0.0001
Iteration 17 (max 500)
   eps = 0.060185 >= 0.0001
Iteration 18 (max 500)
   eps = 0.056817 >= 0.0001
Iteration 19 (max 500)
   eps = 0.053656 >= 0.0001
Iteration 20 (max 500)
   eps = 0.050768 >= 0.0001
Iteration 21 (max 500)
   eps = 0.048348 >= 0.0001
Iteration 22 (max 500)
   eps = 0.045986 >= 0.0001
Iteration 23 (max 500)
   eps = 0.043601 >= 0.0001
Iteration 24 (max 500)
   eps = 0.04143 >= 0.0001
Iteration 25 (max 500)
   eps = 0.041416 >= 0.0001
Iteration 26 (max 500)
   eps = 0.038366 >= 0.0001
Iteration 27 (max 500)
   eps = 0.03598 >= 0.0001
Iteration 28 (max 500)
   eps = 0.034633 >= 0.0001
Iteration 29 (max 500)
   eps = 0.033374 >= 0.0001
Iteration 30 (max 500)
   eps = 0.0322 >= 0.0001
Iteration 31 (max 500)
   eps = 0.031098 >= 0.0001
Iteration 32 (max 500)
   eps = 0.030005 >= 0.0001
Iteration 33 (max 500)
   eps = 0.028955 >= 0.0001
Iteration 34 (max 500)
   eps = 0.027951 >= 0.0001
Iteration 35 (max 500)
   eps = 0.026946 >= 0.0001
Iteration 36 (max 500)
   eps = 0.025991 >= 0.0001
Iteration 37 (max 500)
   eps = 0.02515 >= 0.0001
Iteration 38 (max 500)
   eps = 0.024253 >= 0.0001
Iteration 39 (max 500)
   eps = 0.023386 >= 0.0001
Iteration 40 (max 500)
   eps = 0.022609 >= 0.0001
Iteration 41 (max 500)
   eps = 0.021853 >= 0.0001
Iteration 42 (max 500)
   eps = 0.021133 >= 0.0001
Iteration 43 (max 500)
   eps = 0.020432 >= 0.0001
Iteration 44 (max 500)
   eps = 0.019792 >= 0.0001
Iteration 45 (max 500)
   eps = 0.019216 >= 0.0001
Iteration 46 (max 500)
   eps = 0.018657 >= 0.0001
Iteration 47 (max 500)
   eps = 0.018125 >= 0.0001
Iteration 48 (max 500)
   eps = 0.017642 >= 0.0001
Iteration 49 (max 500)
   eps = 0.017188 >= 0.0001
Iteration 50 (max 500)
   eps = 0.016777 >= 0.0001
Iteration 51 (max 500)
   eps = 0.016352 >= 0.0001
Iteration 52 (max 500)
   eps = 0.015892 >= 0.0001
Iteration 53 (max 500)
   eps = 0.015414 >= 0.0001
Iteration 54 (max 500)
   eps = 0.014935 >= 0.0001
Iteration 55 (max 500)
   eps = 0.014452 >= 0.0001
Iteration 56 (max 500)
   eps = 0.014018 >= 0.0001
Iteration 57 (max 500)
   eps = 0.013601 >= 0.0001
Iteration 58 (max 500)
   eps = 0.013197 >= 0.0001
Iteration 59 (max 500)
   eps = 0.012811 >= 0.0001
Iteration 60 (max 500)
   eps = 0.012451 >= 0.0001
Iteration 61 (max 500)
   eps = 0.012112 >= 0.0001
Iteration 62 (max 500)
   eps = 0.01177 >= 0.0001
Iteration 63 (max 500)
   eps = 0.011434 >= 0.0001
Iteration 64 (max 500)
   eps = 0.011112 >= 0.0001
Iteration 65 (max 500)
   eps = 0.010798 >= 0.0001
Iteration 66 (max 500)
   eps = 0.010494 >= 0.0001
Iteration 67 (max 500)
   eps = 0.010197 >= 0.0001
Iteration 68 (max 500)
   eps = 0.009883 >= 0.0001
Iteration 69 (max 500)
   eps = 0.009578 >= 0.0001
Iteration 70 (max 500)
   eps = 0.009301 >= 0.0001
Iteration 71 (max 500)
   eps = 0.009021 >= 0.0001
Iteration 72 (max 500)
   eps = 0.008763 >= 0.0001
Iteration 73 (max 500)
   eps = 0.008497 >= 0.0001
Iteration 74 (max 500)
   eps = 0.00826 >= 0.0001
Iteration 75 (max 500)
   eps = 0.008036 >= 0.0001
Iteration 76 (max 500)
   eps = 0.007819 >= 0.0001
Iteration 77 (max 500)
   eps = 0.007597 >= 0.0001
Iteration 78 (max 500)
   eps = 0.007367 >= 0.0001
Iteration 79 (max 500)
   eps = 0.007159 >= 0.0001
Iteration 80 (max 500)
   eps = 0.006951 >= 0.0001
Iteration 81 (max 500)
   eps = 0.006748 >= 0.0001
Iteration 82 (max 500)
   eps = 0.006548 >= 0.0001
Iteration 83 (max 500)
   eps = 0.006368 >= 0.0001
Iteration 84 (max 500)
   eps = 0.006175 >= 0.0001
Iteration 85 (max 500)
   eps = 0.00598 >= 0.0001
Iteration 86 (max 500)
   eps = 0.005776 >= 0.0001
Iteration 87 (max 500)
   eps = 0.005576 >= 0.0001
Iteration 88 (max 500)
   eps = 0.005387 >= 0.0001
Iteration 89 (max 500)
   eps = 0.005219 >= 0.0001
Iteration 90 (max 500)
   eps = 0.005078 >= 0.0001
Iteration 91 (max 500)
   eps = 0.004907 >= 0.0001
Iteration 92 (max 500)
   eps = 0.004741 >= 0.0001
Iteration 93 (max 500)
   eps = 0.004601 >= 0.0001
Iteration 94 (max 500)
   eps = 0.004472 >= 0.0001
Iteration 95 (max 500)
   eps = 0.004327 >= 0.0001
Iteration 96 (max 500)
   eps = 0.004188 >= 0.0001
Iteration 97 (max 500)
   eps = 0.004072 >= 0.0001
Iteration 98 (max 500)
   eps = 0.003952 >= 0.0001
Iteration 99 (max 500)
   eps = 0.003823 >= 0.0001
Iteration 100 (max 500)
   eps = 0.0037 >= 0.0001
Iteration 101 (max 500)
   eps = 0.003588 >= 0.0001
Iteration 102 (max 500)
   eps = 0.003475 >= 0.0001
Iteration 103 (max 500)
   eps = 0.003363 >= 0.0001
Iteration 104 (max 500)
   eps = 0.003256 >= 0.0001
Iteration 105 (max 500)
   eps = 0.003161 >= 0.0001
Iteration 106 (max 500)
   eps = 0.003062 >= 0.0001
Iteration 107 (max 500)
   eps = 0.002971 >= 0.0001
Iteration 108 (max 500)
   eps = 0.002889 >= 0.0001
Iteration 109 (max 500)
   eps = 0.002809 >= 0.0001
Iteration 110 (max 500)
   eps = 0.002725 >= 0.0001
Iteration 111 (max 500)
   eps = 0.002635 >= 0.0001
Iteration 112 (max 500)
   eps = 0.002548 >= 0.0001
Iteration 113 (max 500)
   eps = 0.002462 >= 0.0001
Iteration 114 (max 500)
   eps = 0.002382 >= 0.0001
Iteration 115 (max 500)
   eps = 0.002318 >= 0.0001
Iteration 116 (max 500)
   eps = 0.002231 >= 0.0001
Iteration 117 (max 500)
   eps = 0.002145 >= 0.0001
Iteration 118 (max 500)
   eps = 0.002063 >= 0.0001
Iteration 119 (max 500)
   eps = 0.001998 >= 0.0001
Iteration 120 (max 500)
   eps = 0.001939 >= 0.0001
Iteration 121 (max 500)
   eps = 0.001878 >= 0.0001
Iteration 122 (max 500)
   eps = 0.00182 >= 0.0001
Iteration 123 (max 500)
   eps = 0.001757 >= 0.0001
Iteration 124 (max 500)
   eps = 0.001693 >= 0.0001
Iteration 125 (max 500)
   eps = 0.001641 >= 0.0001
Iteration 126 (max 500)
   eps = 0.001585 >= 0.0001
Iteration 127 (max 500)
   eps = 0.001533 >= 0.0001
Iteration 128 (max 500)
   eps = 0.001481 >= 0.0001
Iteration 129 (max 500)
   eps = 0.001437 >= 0.0001
Iteration 130 (max 500)
   eps = 0.001391 >= 0.0001
Iteration 131 (max 500)
   eps = 0.001349 >= 0.0001
Iteration 132 (max 500)
   eps = 0.001304 >= 0.0001
Iteration 133 (max 500)
   eps = 0.001257 >= 0.0001
Iteration 134 (max 500)
   eps = 0.001218 >= 0.0001
Iteration 135 (max 500)
   eps = 0.001178 >= 0.0001
Iteration 136 (max 500)
   eps = 0.001134 >= 0.0001
Iteration 137 (max 500)
   eps = 0.001094 >= 0.0001
Iteration 138 (max 500)
   eps = 0.001056 >= 0.0001
Iteration 139 (max 500)
   eps = 0.001019 >= 0.0001
Iteration 140 (max 500)
   eps = 0.000988 >= 0.0001
Iteration 141 (max 500)
   eps = 0.000952 >= 0.0001
Iteration 142 (max 500)
   eps = 0.000918 >= 0.0001
Iteration 143 (max 500)
   eps = 0.000887 >= 0.0001
Iteration 144 (max 500)
   eps = 0.000858 >= 0.0001
Iteration 145 (max 500)
   eps = 0.00083 >= 0.0001
Iteration 146 (max 500)
   eps = 0.000801 >= 0.0001
Iteration 147 (max 500)
   eps = 0.000774 >= 0.0001
Iteration 148 (max 500)
   eps = 0.000749 >= 0.0001
Iteration 149 (max 500)
   eps = 0.000719 >= 0.0001
Iteration 150 (max 500)
   eps = 0.000694 >= 0.0001
Iteration 151 (max 500)
   eps = 0.00067 >= 0.0001
Iteration 152 (max 500)
   eps = 0.000646 >= 0.0001
Iteration 153 (max 500)
   eps = 0.000623 >= 0.0001
Iteration 154 (max 500)
   eps = 0.000602 >= 0.0001
Iteration 155 (max 500)
   eps = 0.000583 >= 0.0001
Iteration 156 (max 500)
   eps = 0.000564 >= 0.0001
Iteration 157 (max 500)
   eps = 0.000544 >= 0.0001
Iteration 158 (max 500)
   eps = 0.000524 >= 0.0001
Iteration 159 (max 500)
   eps = 0.000506 >= 0.0001
Iteration 160 (max 500)
   eps = 0.000487 >= 0.0001
Iteration 161 (max 500)
   eps = 0.000469 >= 0.0001
Iteration 162 (max 500)
   eps = 0.000451 >= 0.0001
Iteration 163 (max 500)
   eps = 0.000434 >= 0.0001
Iteration 164 (max 500)
   eps = 0.000418 >= 0.0001
Iteration 165 (max 500)
   eps = 0.000404 >= 0.0001
Iteration 166 (max 500)
   eps = 0.000389 >= 0.0001
Iteration 167 (max 500)
   eps = 0.000375 >= 0.0001
Iteration 168 (max 500)
   eps = 0.000363 >= 0.0001
Iteration 169 (max 500)
   eps = 0.000352 >= 0.0001
Iteration 170 (max 500)
   eps = 0.00034 >= 0.0001
Iteration 171 (max 500)
   eps = 0.000328 >= 0.0001
Iteration 172 (max 500)
   eps = 0.000317 >= 0.0001
Iteration 173 (max 500)
   eps = 0.000306 >= 0.0001
Iteration 174 (max 500)
   eps = 0.000298 >= 0.0001
Iteration 175 (max 500)
   eps = 0.000287 >= 0.0001
Iteration 176 (max 500)
   eps = 0.000276 >= 0.0001
Iteration 177 (max 500)
   eps = 0.000265 >= 0.0001
Iteration 178 (max 500)
   eps = 0.000255 >= 0.0001
Iteration 179 (max 500)
   eps = 0.000246 >= 0.0001
Iteration 180 (max 500)
   eps = 0.000237 >= 0.0001
Iteration 181 (max 500)
   eps = 0.000228 >= 0.0001
Iteration 182 (max 500)
   eps = 0.00022 >= 0.0001
Iteration 183 (max 500)
   eps = 0.000212 >= 0.0001
Iteration 184 (max 500)
   eps = 0.000204 >= 0.0001
Iteration 185 (max 500)
   eps = 0.000197 >= 0.0001
Iteration 186 (max 500)
   eps = 0.00019 >= 0.0001
Iteration 187 (max 500)
   eps = 0.000184 >= 0.0001
Iteration 188 (max 500)
   eps = 0.000177 >= 0.0001
Iteration 189 (max 500)
   eps = 0.00017 >= 0.0001
Iteration 190 (max 500)
   eps = 0.000164 >= 0.0001
Iteration 191 (max 500)
   eps = 0.000158 >= 0.0001
Iteration 192 (max 500)
   eps = 0.000152 >= 0.0001
Iteration 193 (max 500)
   eps = 0.000146 >= 0.0001
Iteration 194 (max 500)
   eps = 0.000142 >= 0.0001
Iteration 195 (max 500)
   eps = 0.000137 >= 0.0001
Iteration 196 (max 500)
   eps = 0.000132 >= 0.0001
Iteration 197 (max 500)
   eps = 0.000126 >= 0.0001
Iteration 198 (max 500)
   eps = 0.000122 >= 0.0001
Iteration 199 (max 500)
   eps = 0.000117 >= 0.0001
Iteration 200 (max 500)
   eps = 0.000113 >= 0.0001
Iteration 201 (max 500)
   eps = 0.000109 >= 0.0001
Iteration 202 (max 500)
   eps = 0.000106 >= 0.0001
Iteration 203 (max 500)
   eps = 0.000102 >= 0.0001
Iteration 204 (max 500)
Time spent by the wind speed solver: 27.35594892501831 s
Rotates geometries from -45.0 degrees
Interp succeeded!!! for tmp_file
Interp succeeded!!! for tmp_file
Interp succeeded!!! for tmp_file
Interp succeeded!!! for tmp_file
Interp succeeded!!! for tmp_file
Interp succeeded!!! for tmp_file
Rotates geometries from -45.0 degrees
Rotates geometries from -45.0 degrees
Rotates geometries from -45.0 degrees
Rotates geometries from -45.0 degrees
Rotates geometries from -45.0 degrees
Rotates geometries from -45.0 degrees
Rotates geometries from -45.0 degrees
Rotates geometries from -45.0 degrees
Rotates geometries from -45.0 degrees
Rotates geometries from -45.0 degrees
Rotates geometries from -45.0 degrees
Process 3849964: Successfully ran URock for tile output 'wind_field_raw_tile_9'.
Process 3849964: Elapsed time for URock ('wind_field_raw_tile_9'): 186.17 seconds.
[Master] Process 3849964 - Tile 9: Finished processing.
[Master] 3849964: exit signal
Info: Debuffered '/storage/project/r-rbasu31-0/hyu483/Test_UMEP/UROCK_output_31_spawn/temp_intermediate_files/tile_9_urock_raw_outputs/z1_5/wind_field_raw_tile_9WS.tif' to '/storage/project/r-rbasu31-0/hyu483/Test_UMEP/UROCK_output_31_spawn/urock_tiled_output/urock_wind_field_tile_9WS.tif' (original extent: (233782.59099838723, 902332.4833440109, 233982.59099838723, 902532.4833440109)).
Connecting to database
	->/tmp/URock_2025-12-21T164218e97ed94b-d8d2-450c-a677-8d1b4da4f7c6/myDbH2
/storage/home/hcoda1/4/hyu483/qgis_332/profiles/default/python/plugins/processing_umep/functions/URock/h2gis-standalone/h2gis-dist-2.2.3.jar
Connected!

Spatial functions added!

Load input data
Load table 'build_pre_srid_20251221164238'
Load table 'veg_pre_srid_20251221164238'
Creates blocks and stacked blocks
Rotates geometries from 45.0 degrees
Identify block base height and block cavity base
Calculates obstacle properties
Calculates zone properties
Initializes upwind facades
Update upwind facades base height
Initializes downwind facades
Calculates study area properties
Roughness zone properties are:

                                 - z0: 1.6978893868097458
                                 - d: 8.202211140987808
                                 - Hr: 11.319262578731639
                                 - H_ob_max: 56
                                 - lambda_f: 0.2203547436282584
Rotates geometries from -45.0 degrees
Rotates geometries from -45.0 degrees
Rotates geometries from -45.0 degrees
Creates displacement zones
Rotates geometries from -45.0 degrees
Rotates geometries from -45.0 degrees
Creates cavity and wake zones
Rotates geometries from -45.0 degrees
Rotates geometries from -45.0 degrees
Creates street canyon zones
Rotates geometries from -45.0 degrees
Creates rooftop zones (perpendicular and corner)
Rotates geometries from -45.0 degrees
Rotates geometries from -45.0 degrees
Creates built-up and open vegetation zones
Rotates geometries from -45.0 degrees
Rotates geometries from -45.0 degrees
Identify the buildings concerned by the impacted zone chosen by the user
Creates the grid of points
Affects each grid point to a building Rockle zone and calculates needed 
          variables for 3D wind speed
Affects each grid point to a vegetation Rockle zone and calculates 
          needed variables for 3D wind speed
Remove some of the Röckle zone points
Creates backward zones
Calculates the 3D wind speed factor value for each point of each BUILDING zone
Rotates geometries from -45.0 degrees
Rotates geometries from -45.0 degrees
Rotates geometries from -45.0 degrees
Rotates geometries from -45.0 degrees
Rotates geometries from -45.0 degrees
Rotates geometries from -45.0 degrees
Rotates geometries from -45.0 degrees
Rotates geometries from -45.0 degrees
Rotates geometries from -45.0 degrees
Calculates the 3D wind speed factor value for each point of each VEGETATION zone
Rotates geometries from -45.0 degrees
Deals with superimposition (keeps only 1 value per 3D point)
Deals with superimposition (keeps only 1 value per 3D point)
Identify upstreamer points in TEMPO_WEIGHTING table
Identify upstreamer points in TEMPO_PRIORITIES table
Identify upstreamer points in TEMPO_PRIORITIES_WEIGHT table
Deals with superimposition (keeps only 1 value per 3D point)
Identify upstreamer points in TEMPO_WEIGHTING table
Identify upstreamer points in TEMPO_PRIORITIES table
Identify upstreamer points in TEMPO_PRIORITIES_WEIGHT table
Rotates geometries from -45.0 degrees
Identify grid points intersecting buildings
Set the initial 3D wind speed field
Time spent for wind speed initialization: 118.44745564460754 s
Shape: (131, 161, 29) - Nb cells: 611639
Start to apply the wind solver
Iteration 1 (max 500)
   eps = 0.639944 >= 0.0001
Iteration 2 (max 500)
   eps = 0.420137 >= 0.0001
Iteration 3 (max 500)
   eps = 0.327567 >= 0.0001
Iteration 4 (max 500)
   eps = 0.262347 >= 0.0001
Iteration 5 (max 500)
   eps = 0.213933 >= 0.0001
Iteration 6 (max 500)
   eps = 0.180817 >= 0.0001
Iteration 7 (max 500)
   eps = 0.155729 >= 0.0001
Iteration 8 (max 500)
   eps = 0.134966 >= 0.0001
Iteration 9 (max 500)
   eps = 0.117888 >= 0.0001
Iteration 10 (max 500)
   eps = 0.104372 >= 0.0001
Iteration 11 (max 500)
   eps = 0.09353 >= 0.0001
Iteration 12 (max 500)
   eps = 0.084524 >= 0.0001
Iteration 13 (max 500)
   eps = 0.076515 >= 0.0001
Iteration 14 (max 500)
   eps = 0.06991 >= 0.0001
Iteration 15 (max 500)
   eps = 0.064412 >= 0.0001
Iteration 16 (max 500)
   eps = 0.059674 >= 0.0001
Iteration 17 (max 500)
   eps = 0.05528 >= 0.0001
Iteration 18 (max 500)
   eps = 0.051287 >= 0.0001
Iteration 19 (max 500)
   eps = 0.047557 >= 0.0001
Iteration 20 (max 500)
   eps = 0.044257 >= 0.0001
Iteration 21 (max 500)
   eps = 0.041238 >= 0.0001
Iteration 22 (max 500)
   eps = 0.038665 >= 0.0001
Iteration 23 (max 500)
   eps = 0.036593 >= 0.0001
Iteration 24 (max 500)
   eps = 0.034521 >= 0.0001
Iteration 25 (max 500)
   eps = 0.032798 >= 0.0001
Iteration 26 (max 500)
   eps = 0.031272 >= 0.0001
Iteration 27 (max 500)
   eps = 0.030415 >= 0.0001
Iteration 28 (max 500)
   eps = 0.029204 >= 0.0001
Iteration 29 (max 500)
   eps = 0.027232 >= 0.0001
Iteration 30 (max 500)
   eps = 0.025992 >= 0.0001
Iteration 31 (max 500)
   eps = 0.025005 >= 0.0001
Iteration 32 (max 500)
   eps = 0.024062 >= 0.0001
Iteration 33 (max 500)
   eps = 0.023128 >= 0.0001
Iteration 34 (max 500)
   eps = 0.022245 >= 0.0001
Iteration 35 (max 500)
   eps = 0.021414 >= 0.0001
Iteration 36 (max 500)
   eps = 0.020591 >= 0.0001
Iteration 37 (max 500)
   eps = 0.019819 >= 0.0001
Iteration 38 (max 500)
   eps = 0.019034 >= 0.0001
Iteration 39 (max 500)
   eps = 0.018261 >= 0.0001
Iteration 40 (max 500)
   eps = 0.017546 >= 0.0001
Iteration 41 (max 500)
   eps = 0.016908 >= 0.0001
Iteration 42 (max 500)
   eps = 0.016331 >= 0.0001
Iteration 43 (max 500)
   eps = 0.01581 >= 0.0001
Iteration 44 (max 500)
   eps = 0.015318 >= 0.0001
Iteration 45 (max 500)
   eps = 0.014822 >= 0.0001
Iteration 46 (max 500)
   eps = 0.014294 >= 0.0001
Iteration 47 (max 500)
   eps = 0.013801 >= 0.0001
Iteration 48 (max 500)
   eps = 0.013326 >= 0.0001
Iteration 49 (max 500)
   eps = 0.01289 >= 0.0001
Iteration 50 (max 500)
   eps = 0.012477 >= 0.0001
Iteration 51 (max 500)
   eps = 0.012072 >= 0.0001
Iteration 52 (max 500)
   eps = 0.01165 >= 0.0001
Iteration 53 (max 500)
   eps = 0.011276 >= 0.0001
Iteration 54 (max 500)
   eps = 0.010907 >= 0.0001
Iteration 55 (max 500)
   eps = 0.010511 >= 0.0001
Iteration 56 (max 500)
   eps = 0.010153 >= 0.0001
Iteration 57 (max 500)
   eps = 0.009822 >= 0.0001
Iteration 58 (max 500)
   eps = 0.009508 >= 0.0001
Iteration 59 (max 500)
   eps = 0.009185 >= 0.0001
Iteration 60 (max 500)
   eps = 0.008866 >= 0.0001
Iteration 61 (max 500)
   eps = 0.008566 >= 0.0001
Iteration 62 (max 500)
   eps = 0.008277 >= 0.0001
Iteration 63 (max 500)
   eps = 0.008004 >= 0.0001
Iteration 64 (max 500)
   eps = 0.007745 >= 0.0001
Iteration 65 (max 500)
   eps = 0.007504 >= 0.0001
Iteration 66 (max 500)
   eps = 0.007282 >= 0.0001
Iteration 67 (max 500)
   eps = 0.007076 >= 0.0001
Iteration 68 (max 500)
   eps = 0.006859 >= 0.0001
Iteration 69 (max 500)
   eps = 0.00666 >= 0.0001
Iteration 70 (max 500)
   eps = 0.006467 >= 0.0001
Iteration 71 (max 500)
   eps = 0.00628 >= 0.0001
Iteration 72 (max 500)
   eps = 0.006072 >= 0.0001
Iteration 73 (max 500)
   eps = 0.005863 >= 0.0001
Iteration 74 (max 500)
   eps = 0.005676 >= 0.0001
Iteration 75 (max 500)
   eps = 0.005508 >= 0.0001
Iteration 76 (max 500)
   eps = 0.005338 >= 0.0001
Iteration 77 (max 500)
   eps = 0.005173 >= 0.0001
Iteration 78 (max 500)
   eps = 0.005018 >= 0.0001
Iteration 79 (max 500)
   eps = 0.004872 >= 0.0001
Iteration 80 (max 500)
   eps = 0.004714 >= 0.0001
Iteration 81 (max 500)
   eps = 0.004574 >= 0.0001
Iteration 82 (max 500)
   eps = 0.004431 >= 0.0001
Iteration 83 (max 500)
   eps = 0.004298 >= 0.0001
Iteration 84 (max 500)
   eps = 0.004157 >= 0.0001
Iteration 85 (max 500)
   eps = 0.004017 >= 0.0001
Iteration 86 (max 500)
   eps = 0.003885 >= 0.0001
Iteration 87 (max 500)
   eps = 0.003769 >= 0.0001
Iteration 88 (max 500)
   eps = 0.003654 >= 0.0001
Iteration 89 (max 500)
   eps = 0.003544 >= 0.0001
Iteration 90 (max 500)
   eps = 0.003434 >= 0.0001
Iteration 91 (max 500)
   eps = 0.003314 >= 0.0001
Iteration 92 (max 500)
   eps = 0.003204 >= 0.0001
Iteration 93 (max 500)
   eps = 0.0031 >= 0.0001
Iteration 94 (max 500)
   eps = 0.002997 >= 0.0001
Iteration 95 (max 500)
   eps = 0.002896 >= 0.0001
Iteration 96 (max 500)
   eps = 0.002803 >= 0.0001
Iteration 97 (max 500)
   eps = 0.002716 >= 0.0001
Iteration 98 (max 500)
   eps = 0.002633 >= 0.0001
Iteration 99 (max 500)
   eps = 0.002541 >= 0.0001
Iteration 100 (max 500)
   eps = 0.002461 >= 0.0001
Iteration 101 (max 500)
   eps = 0.00238 >= 0.0001
Iteration 102 (max 500)
   eps = 0.002308 >= 0.0001
Iteration 103 (max 500)
   eps = 0.002234 >= 0.0001
Iteration 104 (max 500)
   eps = 0.002156 >= 0.0001
Iteration 105 (max 500)
   eps = 0.002081 >= 0.0001
Iteration 106 (max 500)
   eps = 0.002009 >= 0.0001
Iteration 107 (max 500)
   eps = 0.00194 >= 0.0001
Iteration 108 (max 500)
   eps = 0.001878 >= 0.0001
Iteration 109 (max 500)
   eps = 0.001818 >= 0.0001
Iteration 110 (max 500)
   eps = 0.001766 >= 0.0001
Iteration 111 (max 500)
   eps = 0.001694 >= 0.0001
Iteration 112 (max 500)
   eps = 0.001637 >= 0.0001
Iteration 113 (max 500)
   eps = 0.001581 >= 0.0001
Iteration 114 (max 500)
   eps = 0.001528 >= 0.0001
Iteration 115 (max 500)
   eps = 0.00148 >= 0.0001
Iteration 116 (max 500)
   eps = 0.001434 >= 0.0001
Iteration 117 (max 500)
   eps = 0.001386 >= 0.0001
Iteration 118 (max 500)
   eps = 0.00134 >= 0.0001
Iteration 119 (max 500)
   eps = 0.001293 >= 0.0001
Iteration 120 (max 500)
   eps = 0.001246 >= 0.0001
Iteration 121 (max 500)
   eps = 0.001203 >= 0.0001
Iteration 122 (max 500)
   eps = 0.001162 >= 0.0001
Iteration 123 (max 500)
   eps = 0.001125 >= 0.0001
Iteration 124 (max 500)
   eps = 0.001086 >= 0.0001
Iteration 125 (max 500)
   eps = 0.00105 >= 0.0001
Iteration 126 (max 500)
   eps = 0.001016 >= 0.0001
Iteration 127 (max 500)
   eps = 0.000979 >= 0.0001
Iteration 128 (max 500)
   eps = 0.000945 >= 0.0001
Iteration 129 (max 500)
   eps = 0.000912 >= 0.0001
Iteration 130 (max 500)
   eps = 0.000877 >= 0.0001
Iteration 131 (max 500)
   eps = 0.000845 >= 0.0001
Iteration 132 (max 500)
   eps = 0.000814 >= 0.0001
Iteration 133 (max 500)
   eps = 0.000784 >= 0.0001
Iteration 134 (max 500)
   eps = 0.000759 >= 0.0001
Iteration 135 (max 500)
   eps = 0.000733 >= 0.0001
Iteration 136 (max 500)
   eps = 0.000708 >= 0.0001
Iteration 137 (max 500)
   eps = 0.00069 >= 0.0001
Iteration 138 (max 500)
   eps = 0.000668 >= 0.0001
Iteration 139 (max 500)
   eps = 0.000647 >= 0.0001
Iteration 140 (max 500)
   eps = 0.000628 >= 0.0001
Iteration 141 (max 500)
   eps = 0.000609 >= 0.0001
Iteration 142 (max 500)
   eps = 0.00059 >= 0.0001
Iteration 143 (max 500)
   eps = 0.000573 >= 0.0001
Iteration 144 (max 500)
   eps = 0.000553 >= 0.0001
Iteration 145 (max 500)
   eps = 0.000533 >= 0.0001
Iteration 146 (max 500)
   eps = 0.000514 >= 0.0001
Iteration 147 (max 500)
   eps = 0.000496 >= 0.0001
Iteration 148 (max 500)
   eps = 0.000476 >= 0.0001
Iteration 149 (max 500)
   eps = 0.000458 >= 0.0001
Iteration 150 (max 500)
   eps = 0.000441 >= 0.0001
Iteration 151 (max 500)
   eps = 0.000424 >= 0.0001
Iteration 152 (max 500)
   eps = 0.000409 >= 0.0001
Iteration 153 (max 500)
   eps = 0.000395 >= 0.0001
Iteration 154 (max 500)
   eps = 0.000379 >= 0.0001
Iteration 155 (max 500)
   eps = 0.000365 >= 0.0001
Iteration 156 (max 500)
   eps = 0.000351 >= 0.0001
Iteration 157 (max 500)
   eps = 0.000343 >= 0.0001
Iteration 158 (max 500)
   eps = 0.000331 >= 0.0001
Iteration 159 (max 500)
   eps = 0.000318 >= 0.0001
Iteration 160 (max 500)
   eps = 0.000307 >= 0.0001
Iteration 161 (max 500)
   eps = 0.000298 >= 0.0001
Iteration 162 (max 500)
   eps = 0.000286 >= 0.0001
Iteration 163 (max 500)
   eps = 0.000276 >= 0.0001
Iteration 164 (max 500)
   eps = 0.000264 >= 0.0001
Iteration 165 (max 500)
   eps = 0.000254 >= 0.0001
Iteration 166 (max 500)
   eps = 0.000244 >= 0.0001
Iteration 167 (max 500)
   eps = 0.000237 >= 0.0001
Iteration 168 (max 500)
   eps = 0.00023 >= 0.0001
Iteration 169 (max 500)
   eps = 0.000222 >= 0.0001
Iteration 170 (max 500)
   eps = 0.000213 >= 0.0001
Iteration 171 (max 500)
   eps = 0.000205 >= 0.0001
Iteration 172 (max 500)
   eps = 0.000197 >= 0.0001
Iteration 173 (max 500)
   eps = 0.00019 >= 0.0001
Iteration 174 (max 500)
   eps = 0.000183 >= 0.0001
Iteration 175 (max 500)
   eps = 0.000178 >= 0.0001
Iteration 176 (max 500)
   eps = 0.000172 >= 0.0001
Iteration 177 (max 500)
   eps = 0.000166 >= 0.0001
Iteration 178 (max 500)
   eps = 0.000159 >= 0.0001
Iteration 179 (max 500)
   eps = 0.000152 >= 0.0001
Iteration 180 (max 500)
   eps = 0.000145 >= 0.0001
Iteration 181 (max 500)
   eps = 0.000139 >= 0.0001
Iteration 182 (max 500)
   eps = 0.000134 >= 0.0001
Iteration 183 (max 500)
   eps = 0.00013 >= 0.0001
Iteration 184 (max 500)
   eps = 0.000125 >= 0.0001
Iteration 185 (max 500)
   eps = 0.00012 >= 0.0001
Iteration 186 (max 500)
   eps = 0.000115 >= 0.0001
Iteration 187 (max 500)
   eps = 0.000111 >= 0.0001
Iteration 188 (max 500)
   eps = 0.000107 >= 0.0001
Iteration 189 (max 500)
   eps = 0.000103 >= 0.0001
Iteration 190 (max 500)
Time spent by the wind speed solver: 26.19830012321472 s
Rotates geometries from -45.0 degrees
Interp succeeded!!! for tmp_file
Interp succeeded!!! for tmp_file
Interp succeeded!!! for tmp_file
Interp succeeded!!! for tmp_file
Interp succeeded!!! for tmp_file
Interp succeeded!!! for tmp_file
Rotates geometries from -45.0 degrees
Rotates geometries from -45.0 degrees
Rotates geometries from -45.0 degrees
Rotates geometries from -45.0 degrees
Rotates geometries from -45.0 degrees
Rotates geometries from -45.0 degrees
Rotates geometries from -45.0 degrees
Rotates geometries from -45.0 degrees
Rotates geometries from -45.0 degrees
Rotates geometries from -45.0 degrees
Rotates geometries from -45.0 degrees
Process 3849971: Successfully ran URock for tile output 'wind_field_raw_tile_15'.
Process 3849971: Elapsed time for URock ('wind_field_raw_tile_15'): 187.81 seconds.
Connecting to database
	->/tmp/URock_2025-12-21T164218df61d3b9-89c5-42f5-a641-c263a2fee218/myDbH2
/storage/home/hcoda1/4/hyu483/qgis_332/profiles/default/python/plugins/processing_umep/functions/URock/h2gis-standalone/h2gis-dist-2.2.3.jar
Connected!

Spatial functions added!

Load input data
Load table 'build_pre_srid_20251221164227'
Load table 'veg_pre_srid_20251221164227'
Creates blocks and stacked blocks
Rotates geometries from 45.0 degrees
Identify block base height and block cavity base
Calculates obstacle properties
Calculates zone properties
Initializes upwind facades
Update upwind facades base height
Initializes downwind facades
Calculates study area properties
Roughness zone properties are:

                                 - z0: 4.977922814969635
                                 - d: 23.768405779902682
                                 - Hr: 33.18615209979757
                                 - H_ob_max: 47
                                 - lambda_f: 0.19632735351490785
Rotates geometries from -45.0 degrees
Rotates geometries from -45.0 degrees
Rotates geometries from -45.0 degrees
Creates displacement zones
Rotates geometries from -45.0 degrees
Rotates geometries from -45.0 degrees
Creates cavity and wake zones
Rotates geometries from -45.0 degrees
Rotates geometries from -45.0 degrees
Creates street canyon zones
Rotates geometries from -45.0 degrees
Creates rooftop zones (perpendicular and corner)
Rotates geometries from -45.0 degrees
Rotates geometries from -45.0 degrees
Creates built-up and open vegetation zones
Rotates geometries from -45.0 degrees
Rotates geometries from -45.0 degrees
Identify the buildings concerned by the impacted zone chosen by the user
Creates the grid of points
Affects each grid point to a building Rockle zone and calculates needed 
          variables for 3D wind speed
Affects each grid point to a vegetation Rockle zone and calculates 
          needed variables for 3D wind speed
Remove some of the Röckle zone points
Creates backward zones
Calculates the 3D wind speed factor value for each point of each BUILDING zone
Rotates geometries from -45.0 degrees
Rotates geometries from -45.0 degrees
Rotates geometries from -45.0 degrees
Rotates geometries from -45.0 degrees
Rotates geometries from -45.0 degrees
Rotates geometries from -45.0 degrees
Rotates geometries from -45.0 degrees
Rotates geometries from -45.0 degrees
Rotates geometries from -45.0 degrees
Calculates the 3D wind speed factor value for each point of each VEGETATION zone
Rotates geometries from -45.0 degrees
Deals with superimposition (keeps only 1 value per 3D point)
Deals with superimposition (keeps only 1 value per 3D point)
Identify upstreamer points in TEMPO_WEIGHTING table
Identify upstreamer points in TEMPO_PRIORITIES table
Identify upstreamer points in TEMPO_PRIORITIES_WEIGHT table
Deals with superimposition (keeps only 1 value per 3D point)
Identify upstreamer points in TEMPO_WEIGHTING table
Identify upstreamer points in TEMPO_PRIORITIES table
Identify upstreamer points in TEMPO_PRIORITIES_WEIGHT table
Rotates geometries from -45.0 degrees
Identify grid points intersecting buildings
Set the initial 3D wind speed field
Time spent for wind speed initialization: 133.7240126132965 s
Shape: (112, 188, 28) - Nb cells: 589568
Start to apply the wind solver
Iteration 1 (max 500)
   eps = 0.805365 >= 0.0001
Iteration 2 (max 500)
   eps = 0.452004 >= 0.0001
Iteration 3 (max 500)
   eps = 0.325406 >= 0.0001
Iteration 4 (max 500)
   eps = 0.25365 >= 0.0001
Iteration 5 (max 500)
   eps = 0.207311 >= 0.0001
Iteration 6 (max 500)
   eps = 0.174944 >= 0.0001
Iteration 7 (max 500)
   eps = 0.151714 >= 0.0001
Iteration 8 (max 500)
   eps = 0.133596 >= 0.0001
Iteration 9 (max 500)
   eps = 0.119108 >= 0.0001
Iteration 10 (max 500)
   eps = 0.107491 >= 0.0001
Iteration 11 (max 500)
   eps = 0.097367 >= 0.0001
Iteration 12 (max 500)
   eps = 0.08719 >= 0.0001
Iteration 13 (max 500)
   eps = 0.078856 >= 0.0001
Iteration 14 (max 500)
   eps = 0.07175 >= 0.0001
Iteration 15 (max 500)
   eps = 0.065725 >= 0.0001
Iteration 16 (max 500)
   eps = 0.059998 >= 0.0001
Iteration 17 (max 500)
   eps = 0.055041 >= 0.0001
Iteration 18 (max 500)
   eps = 0.051058 >= 0.0001
Iteration 19 (max 500)
   eps = 0.047364 >= 0.0001
Iteration 20 (max 500)
   eps = 0.044029 >= 0.0001
Iteration 21 (max 500)
   eps = 0.041172 >= 0.0001
Iteration 22 (max 500)
   eps = 0.038615 >= 0.0001
Iteration 23 (max 500)
   eps = 0.03632 >= 0.0001
Iteration 24 (max 500)
   eps = 0.03423 >= 0.0001
Iteration 25 (max 500)
   eps = 0.032368 >= 0.0001
Iteration 26 (max 500)
   eps = 0.030391 >= 0.0001
Iteration 27 (max 500)
   eps = 0.029169 >= 0.0001
Iteration 28 (max 500)
   eps = 0.027478 >= 0.0001
Iteration 29 (max 500)
   eps = 0.026097 >= 0.0001
Iteration 30 (max 500)
   eps = 0.024902 >= 0.0001
Iteration 31 (max 500)
   eps = 0.023828 >= 0.0001
Iteration 32 (max 500)
   eps = 0.022865 >= 0.0001
Iteration 33 (max 500)
   eps = 0.022021 >= 0.0001
Iteration 34 (max 500)
   eps = 0.02127 >= 0.0001
Iteration 35 (max 500)
   eps = 0.020589 >= 0.0001
Iteration 36 (max 500)
   eps = 0.019959 >= 0.0001
Iteration 37 (max 500)
   eps = 0.019396 >= 0.0001
Iteration 38 (max 500)
   eps = 0.018865 >= 0.0001
Iteration 39 (max 500)
   eps = 0.018378 >= 0.0001
Iteration 40 (max 500)
   eps = 0.017894 >= 0.0001
Iteration 41 (max 500)
   eps = 0.017424 >= 0.0001
Iteration 42 (max 500)
   eps = 0.016957 >= 0.0001
Iteration 43 (max 500)
   eps = 0.01649 >= 0.0001
Iteration 44 (max 500)
   eps = 0.016006 >= 0.0001
Iteration 45 (max 500)
   eps = 0.015489 >= 0.0001
Iteration 46 (max 500)
   eps = 0.014974 >= 0.0001
Iteration 47 (max 500)
   eps = 0.014469 >= 0.0001
Iteration 48 (max 500)
   eps = 0.013993 >= 0.0001
Iteration 49 (max 500)
   eps = 0.01353 >= 0.0001
Iteration 50 (max 500)
   eps = 0.013086 >= 0.0001
Iteration 51 (max 500)
   eps = 0.012651 >= 0.0001
Iteration 52 (max 500)
   eps = 0.012234 >= 0.0001
Iteration 53 (max 500)
   eps = 0.011834 >= 0.0001
Iteration 54 (max 500)
   eps = 0.011438 >= 0.0001
Iteration 55 (max 500)
   eps = 0.011057 >= 0.0001
Iteration 56 (max 500)
   eps = 0.01071 >= 0.0001
Iteration 57 (max 500)
   eps = 0.01035 >= 0.0001
Iteration 58 (max 500)
   eps = 0.01001 >= 0.0001
Iteration 59 (max 500)
   eps = 0.009644 >= 0.0001
Iteration 60 (max 500)
   eps = 0.009324 >= 0.0001
Iteration 61 (max 500)
   eps = 0.008997 >= 0.0001
Iteration 62 (max 500)
   eps = 0.008691 >= 0.0001
Iteration 63 (max 500)
   eps = 0.008403 >= 0.0001
Iteration 64 (max 500)
   eps = 0.008126 >= 0.0001
Iteration 65 (max 500)
   eps = 0.007867 >= 0.0001
Iteration 66 (max 500)
   eps = 0.007627 >= 0.0001
Iteration 67 (max 500)
   eps = 0.007405 >= 0.0001
Iteration 68 (max 500)
   eps = 0.007191 >= 0.0001
Iteration 69 (max 500)
   eps = 0.00698 >= 0.0001
Iteration 70 (max 500)
   eps = 0.006782 >= 0.0001
Iteration 71 (max 500)
   eps = 0.006606 >= 0.0001
Iteration 72 (max 500)
   eps = 0.00643 >= 0.0001
Iteration 73 (max 500)
   eps = 0.006248 >= 0.0001
Iteration 74 (max 500)
   eps = 0.006053 >= 0.0001
Iteration 75 (max 500)
   eps = 0.005846 >= 0.0001
Iteration 76 (max 500)
   eps = 0.00564 >= 0.0001
Iteration 77 (max 500)
   eps = 0.00544 >= 0.0001
Iteration 78 (max 500)
   eps = 0.005258 >= 0.0001
Iteration 79 (max 500)
   eps = 0.005097 >= 0.0001
Iteration 80 (max 500)
   eps = 0.004931 >= 0.0001
Iteration 81 (max 500)
   eps = 0.004768 >= 0.0001
Iteration 82 (max 500)
   eps = 0.004607 >= 0.0001
Iteration 83 (max 500)
   eps = 0.004448 >= 0.0001
Iteration 84 (max 500)
   eps = 0.004293 >= 0.0001
Iteration 85 (max 500)
   eps = 0.004154 >= 0.0001
Iteration 86 (max 500)
   eps = 0.004012 >= 0.0001
Iteration 87 (max 500)
   eps = 0.003865 >= 0.0001
Iteration 88 (max 500)
   eps = 0.003732 >= 0.0001
Iteration 89 (max 500)
   eps = 0.003604 >= 0.0001
Iteration 90 (max 500)
   eps = 0.003483 >= 0.0001
Iteration 91 (max 500)
   eps = 0.003359 >= 0.0001
Iteration 92 (max 500)
   eps = 0.003246 >= 0.0001
Iteration 93 (max 500)
   eps = 0.003136 >= 0.0001
Iteration 94 (max 500)
   eps = 0.003036 >= 0.0001
Iteration 95 (max 500)
   eps = 0.002943 >= 0.0001
Iteration 96 (max 500)
   eps = 0.002849 >= 0.0001
Iteration 97 (max 500)
   eps = 0.002759 >= 0.0001
Iteration 98 (max 500)
   eps = 0.002659 >= 0.0001
Iteration 99 (max 500)
   eps = 0.00256 >= 0.0001
Iteration 100 (max 500)
   eps = 0.002471 >= 0.0001
Iteration 101 (max 500)
   eps = 0.002386 >= 0.0001
Iteration 102 (max 500)
   eps = 0.002312 >= 0.0001
Iteration 103 (max 500)
   eps = 0.002244 >= 0.0001
Iteration 104 (max 500)
   eps = 0.002173 >= 0.0001
Iteration 105 (max 500)
   eps = 0.002106 >= 0.0001
Iteration 106 (max 500)
   eps = 0.002038 >= 0.0001
Iteration 107 (max 500)
   eps = 0.001983 >= 0.0001
Iteration 108 (max 500)
   eps = 0.001918 >= 0.0001
Iteration 109 (max 500)
   eps = 0.001858 >= 0.0001
Iteration 110 (max 500)
   eps = 0.0018 >= 0.0001
Iteration 111 (max 500)
   eps = 0.001731 >= 0.0001
Iteration 112 (max 500)
   eps = 0.001672 >= 0.0001
Iteration 113 (max 500)
   eps = 0.001611 >= 0.0001
Iteration 114 (max 500)
   eps = 0.001547 >= 0.0001
Iteration 115 (max 500)
   eps = 0.001498 >= 0.0001
Iteration 116 (max 500)
   eps = 0.001444 >= 0.0001
Iteration 117 (max 500)
   eps = 0.001395 >= 0.0001
Iteration 118 (max 500)
   eps = 0.001348 >= 0.0001
Iteration 119 (max 500)
   eps = 0.001299 >= 0.0001
Iteration 120 (max 500)
   eps = 0.001255 >= 0.0001
Iteration 121 (max 500)
   eps = 0.001212 >= 0.0001
Iteration 122 (max 500)
   eps = 0.001169 >= 0.0001
Iteration 123 (max 500)
   eps = 0.001125 >= 0.0001
Iteration 124 (max 500)
   eps = 0.001089 >= 0.0001
Iteration 125 (max 500)
   eps = 0.00105 >= 0.0001
Iteration 126 (max 500)
   eps = 0.001014 >= 0.0001
Iteration 127 (max 500)
   eps = 0.000976 >= 0.0001
Iteration 128 (max 500)
   eps = 0.000938 >= 0.0001
Iteration 129 (max 500)
   eps = 0.000902 >= 0.0001
Iteration 130 (max 500)
   eps = 0.00087 >= 0.0001
Iteration 131 (max 500)
   eps = 0.000839 >= 0.0001
Iteration 132 (max 500)
   eps = 0.00081 >= 0.0001
Iteration 133 (max 500)
   eps = 0.000781 >= 0.0001
Iteration 134 (max 500)
   eps = 0.000753 >= 0.0001
Iteration 135 (max 500)
   eps = 0.000726 >= 0.0001
Iteration 136 (max 500)
   eps = 0.0007 >= 0.0001
Iteration 137 (max 500)
   eps = 0.000674 >= 0.0001
Iteration 138 (max 500)
   eps = 0.000648 >= 0.0001
Iteration 139 (max 500)
   eps = 0.000622 >= 0.0001
Iteration 140 (max 500)
   eps = 0.000595 >= 0.0001
Iteration 141 (max 500)
   eps = 0.000568 >= 0.0001
Iteration 142 (max 500)
   eps = 0.000543 >= 0.0001
Iteration 143 (max 500)
   eps = 0.000517 >= 0.0001
Iteration 144 (max 500)
   eps = 0.000492 >= 0.0001
Iteration 145 (max 500)
   eps = 0.000469 >= 0.0001
Iteration 146 (max 500)
   eps = 0.00045 >= 0.0001
Iteration 147 (max 500)
   eps = 0.000433 >= 0.0001
Iteration 148 (max 500)
   eps = 0.000419 >= 0.0001
Iteration 149 (max 500)
   eps = 0.000407 >= 0.0001
Iteration 150 (max 500)
   eps = 0.000397 >= 0.0001
Iteration 151 (max 500)
   eps = 0.000394 >= 0.0001
Iteration 152 (max 500)
   eps = 0.000379 >= 0.0001
Iteration 153 (max 500)
   eps = 0.00036 >= 0.0001
Iteration 154 (max 500)
   eps = 0.00034 >= 0.0001
Iteration 155 (max 500)
   eps = 0.000325 >= 0.0001
Iteration 156 (max 500)
   eps = 0.000311 >= 0.0001
Iteration 157 (max 500)
   eps = 0.000299 >= 0.0001
Iteration 158 (max 500)
   eps = 0.000288 >= 0.0001
Iteration 159 (max 500)
   eps = 0.000277 >= 0.0001
Iteration 160 (max 500)
   eps = 0.000267 >= 0.0001
Iteration 161 (max 500)
   eps = 0.000258 >= 0.0001
Iteration 162 (max 500)
   eps = 0.00025 >= 0.0001
Iteration 163 (max 500)
   eps = 0.000243 >= 0.0001
Iteration 164 (max 500)
   eps = 0.000237 >= 0.0001
Iteration 165 (max 500)
   eps = 0.000229 >= 0.0001
Iteration 166 (max 500)
   eps = 0.000217 >= 0.0001
Iteration 167 (max 500)
   eps = 0.000206 >= 0.0001
Iteration 168 (max 500)
   eps = 0.000194 >= 0.0001
Iteration 169 (max 500)
   eps = 0.000185 >= 0.0001
Iteration 170 (max 500)
   eps = 0.000176 >= 0.0001
Iteration 171 (max 500)
   eps = 0.000168 >= 0.0001
Iteration 172 (max 500)
   eps = 0.00016 >= 0.0001
Iteration 173 (max 500)
   eps = 0.000153 >= 0.0001
Iteration 174 (max 500)
   eps = 0.000146 >= 0.0001
Iteration 175 (max 500)
   eps = 0.000139 >= 0.0001
Iteration 176 (max 500)
   eps = 0.000134 >= 0.0001
Iteration 177 (max 500)
   eps = 0.000132 >= 0.0001
Iteration 178 (max 500)
   eps = 0.000125 >= 0.0001
Iteration 179 (max 500)
   eps = 0.00012 >= 0.0001
Iteration 180 (max 500)
   eps = 0.000114 >= 0.0001
Iteration 181 (max 500)
   eps = 0.000109 >= 0.0001
Iteration 182 (max 500)
   eps = 0.000104 >= 0.0001
Iteration 183 (max 500)
Time spent by the wind speed solver: 23.912540197372437 s
Rotates geometries from -45.0 degrees
Interp succeeded!!! for tmp_file
Interp succeeded!!! for tmp_file
Interp succeeded!!! for tmp_file
Interp succeeded!!! for tmp_file
Interp succeeded!!! for tmp_file
Interp succeeded!!! for tmp_file
Rotates geometries from -45.0 degrees
Rotates geometries from -45.0 degrees
Rotates geometries from -45.0 degrees
Rotates geometries from -45.0 degrees
Rotates geometries from -45.0 degrees
Rotates geometries from -45.0 degrees
Rotates geometries from -45.0 degrees
Rotates geometries from -45.0 degrees
Rotates geometries from -45.0 degrees
Rotates geometries from -45.0 degrees
Rotates geometries from -45.0 degrees
Process 3849969: Successfully ran URock for tile output 'wind_field_raw_tile_6'.
Process 3849969: Elapsed time for URock ('wind_field_raw_tile_6'): 188.10 seconds.
[Master] Process 3849971 - Tile 15: Finished processing.
[Master] 3849971: exit signal
Info: Debuffered '/storage/project/r-rbasu31-0/hyu483/Test_UMEP/UROCK_output_31_spawn/temp_intermediate_files/tile_15_urock_raw_outputs/z1_5/wind_field_raw_tile_15WS.tif' to '/storage/project/r-rbasu31-0/hyu483/Test_UMEP/UROCK_output_31_spawn/urock_tiled_output/urock_wind_field_tile_15WS.tif' (original extent: (233982.59099838723, 902332.4833440109, 234182.59099838723, 902532.4833440109)).
[Master] Process 3849969 - Tile 6: Finished processing.
[Master] 3849969: exit signal
Info: Debuffered '/storage/project/r-rbasu31-0/hyu483/Test_UMEP/UROCK_output_31_spawn/temp_intermediate_files/tile_6_urock_raw_outputs/z1_5/wind_field_raw_tile_6WS.tif' to '/storage/project/r-rbasu31-0/hyu483/Test_UMEP/UROCK_output_31_spawn/urock_tiled_output/urock_wind_field_tile_6WS.tif' (original extent: (233782.59099838723, 901732.4833440109, 233982.59099838723, 901932.4833440109)).
Connecting to database
	->/tmp/URock_2025-12-21T1642190597602b-fbc1-4b94-8597-1889abfe3741/myDbH2
/storage/home/hcoda1/4/hyu483/qgis_332/profiles/default/python/plugins/processing_umep/functions/URock/h2gis-standalone/h2gis-dist-2.2.3.jar
Connected!

Spatial functions added!

Load input data
Load table 'build_pre_srid_20251221164243'
Load table 'veg_pre_srid_20251221164243'
Creates blocks and stacked blocks
Rotates geometries from 45.0 degrees
Identify block base height and block cavity base
Calculates obstacle properties
Calculates zone properties
Initializes upwind facades
Update upwind facades base height
Initializes downwind facades
Calculates study area properties
Roughness zone properties are:

                                 - z0: 3.938346823229971
                                 - d: 18.91588181082085
                                 - Hr: 26.255645488199807
                                 - H_ob_max: 47
                                 - lambda_f: 0.20842879111980483
Rotates geometries from -45.0 degrees
Rotates geometries from -45.0 degrees
Rotates geometries from -45.0 degrees
Creates displacement zones
Rotates geometries from -45.0 degrees
Rotates geometries from -45.0 degrees
Creates cavity and wake zones
Rotates geometries from -45.0 degrees
Rotates geometries from -45.0 degrees
Creates street canyon zones
Rotates geometries from -45.0 degrees
Creates rooftop zones (perpendicular and corner)
Rotates geometries from -45.0 degrees
Rotates geometries from -45.0 degrees
Creates built-up and open vegetation zones
Rotates geometries from -45.0 degrees
Rotates geometries from -45.0 degrees
Identify the buildings concerned by the impacted zone chosen by the user
Creates the grid of points
Affects each grid point to a building Rockle zone and calculates needed 
          variables for 3D wind speed
Affects each grid point to a vegetation Rockle zone and calculates 
          needed variables for 3D wind speed
Remove some of the Röckle zone points
Creates backward zones
Calculates the 3D wind speed factor value for each point of each BUILDING zone
Rotates geometries from -45.0 degrees
Rotates geometries from -45.0 degrees
Rotates geometries from -45.0 degrees
Rotates geometries from -45.0 degrees
Rotates geometries from -45.0 degrees
Rotates geometries from -45.0 degrees
Rotates geometries from -45.0 degrees
Rotates geometries from -45.0 degrees
Rotates geometries from -45.0 degrees
Calculates the 3D wind speed factor value for each point of each VEGETATION zone
Rotates geometries from -45.0 degrees
Deals with superimposition (keeps only 1 value per 3D point)
Deals with superimposition (keeps only 1 value per 3D point)
Identify upstreamer points in TEMPO_WEIGHTING table
Identify upstreamer points in TEMPO_PRIORITIES table
Identify upstreamer points in TEMPO_PRIORITIES_WEIGHT table
Deals with superimposition (keeps only 1 value per 3D point)
Identify upstreamer points in TEMPO_WEIGHTING table
Identify upstreamer points in TEMPO_PRIORITIES table
Identify upstreamer points in TEMPO_PRIORITIES_WEIGHT table
Rotates geometries from -45.0 degrees
Identify grid points intersecting buildings
Set the initial 3D wind speed field
Time spent for wind speed initialization: 129.03370118141174 s
Shape: (118, 169, 29) - Nb cells: 578318
Start to apply the wind solver
Iteration 1 (max 500)
   eps = 0.752615 >= 0.0001
Iteration 2 (max 500)
   eps = 0.430439 >= 0.0001
Iteration 3 (max 500)
   eps = 0.306921 >= 0.0001
Iteration 4 (max 500)
   eps = 0.239361 >= 0.0001
Iteration 5 (max 500)
   eps = 0.196654 >= 0.0001
Iteration 6 (max 500)
   eps = 0.166028 >= 0.0001
Iteration 7 (max 500)
   eps = 0.143354 >= 0.0001
Iteration 8 (max 500)
   eps = 0.125653 >= 0.0001
Iteration 9 (max 500)
   eps = 0.111247 >= 0.0001
Iteration 10 (max 500)
   eps = 0.099581 >= 0.0001
Iteration 11 (max 500)
   eps = 0.089786 >= 0.0001
Iteration 12 (max 500)
   eps = 0.081207 >= 0.0001
Iteration 13 (max 500)
   eps = 0.072955 >= 0.0001
Iteration 14 (max 500)
   eps = 0.065754 >= 0.0001
Iteration 15 (max 500)
   eps = 0.059336 >= 0.0001
Iteration 16 (max 500)
   eps = 0.053131 >= 0.0001
Iteration 17 (max 500)
   eps = 0.048288 >= 0.0001
Iteration 18 (max 500)
   eps = 0.043879 >= 0.0001
Iteration 19 (max 500)
   eps = 0.040196 >= 0.0001
Iteration 20 (max 500)
   eps = 0.037009 >= 0.0001
Iteration 21 (max 500)
   eps = 0.0343 >= 0.0001
Iteration 22 (max 500)
   eps = 0.031923 >= 0.0001
Iteration 23 (max 500)
   eps = 0.029856 >= 0.0001
Iteration 24 (max 500)
   eps = 0.028074 >= 0.0001
Iteration 25 (max 500)
   eps = 0.026433 >= 0.0001
Iteration 26 (max 500)
   eps = 0.025053 >= 0.0001
Iteration 27 (max 500)
   eps = 0.023251 >= 0.0001
Iteration 28 (max 500)
   eps = 0.022879 >= 0.0001
Iteration 29 (max 500)
   eps = 0.021722 >= 0.0001
Iteration 30 (max 500)
   eps = 0.020837 >= 0.0001
Iteration 31 (max 500)
   eps = 0.019978 >= 0.0001
Iteration 32 (max 500)
   eps = 0.019153 >= 0.0001
Iteration 33 (max 500)
   eps = 0.018358 >= 0.0001
Iteration 34 (max 500)
   eps = 0.017619 >= 0.0001
Iteration 35 (max 500)
   eps = 0.016927 >= 0.0001
Iteration 36 (max 500)
   eps = 0.016284 >= 0.0001
Iteration 37 (max 500)
   eps = 0.015708 >= 0.0001
Iteration 38 (max 500)
   eps = 0.015177 >= 0.0001
Iteration 39 (max 500)
   eps = 0.014712 >= 0.0001
Iteration 40 (max 500)
   eps = 0.014291 >= 0.0001
Iteration 41 (max 500)
   eps = 0.013877 >= 0.0001
Iteration 42 (max 500)
   eps = 0.013468 >= 0.0001
Iteration 43 (max 500)
   eps = 0.013052 >= 0.0001
Iteration 44 (max 500)
   eps = 0.012601 >= 0.0001
Iteration 45 (max 500)
   eps = 0.012165 >= 0.0001
Iteration 46 (max 500)
   eps = 0.011748 >= 0.0001
Iteration 47 (max 500)
   eps = 0.011315 >= 0.0001
Iteration 48 (max 500)
   eps = 0.010888 >= 0.0001
Iteration 49 (max 500)
   eps = 0.010477 >= 0.0001
Iteration 50 (max 500)
   eps = 0.010073 >= 0.0001
Iteration 51 (max 500)
   eps = 0.009687 >= 0.0001
Iteration 52 (max 500)
   eps = 0.009337 >= 0.0001
Iteration 53 (max 500)
   eps = 0.009007 >= 0.0001
Iteration 54 (max 500)
   eps = 0.008701 >= 0.0001
Iteration 55 (max 500)
   eps = 0.008405 >= 0.0001
Iteration 56 (max 500)
   eps = 0.008126 >= 0.0001
Iteration 57 (max 500)
   eps = 0.007856 >= 0.0001
Iteration 58 (max 500)
   eps = 0.007612 >= 0.0001
Iteration 59 (max 500)
   eps = 0.007378 >= 0.0001
Iteration 60 (max 500)
   eps = 0.007165 >= 0.0001
Iteration 61 (max 500)
   eps = 0.006966 >= 0.0001
Iteration 62 (max 500)
   eps = 0.006773 >= 0.0001
Iteration 63 (max 500)
   eps = 0.006565 >= 0.0001
Iteration 64 (max 500)
   eps = 0.006384 >= 0.0001
Iteration 65 (max 500)
   eps = 0.006189 >= 0.0001
Iteration 66 (max 500)
   eps = 0.005994 >= 0.0001
Iteration 67 (max 500)
   eps = 0.005783 >= 0.0001
Iteration 68 (max 500)
   eps = 0.005581 >= 0.0001
Iteration 69 (max 500)
   eps = 0.005376 >= 0.0001
Iteration 70 (max 500)
   eps = 0.005183 >= 0.0001
Iteration 71 (max 500)
   eps = 0.005011 >= 0.0001
Iteration 72 (max 500)
   eps = 0.00485 >= 0.0001
Iteration 73 (max 500)
   eps = 0.004698 >= 0.0001
Iteration 74 (max 500)
   eps = 0.004554 >= 0.0001
Iteration 75 (max 500)
   eps = 0.004415 >= 0.0001
Iteration 76 (max 500)
   eps = 0.004291 >= 0.0001
Iteration 77 (max 500)
   eps = 0.00416 >= 0.0001
Iteration 78 (max 500)
   eps = 0.004036 >= 0.0001
Iteration 79 (max 500)
   eps = 0.003914 >= 0.0001
Iteration 80 (max 500)
   eps = 0.00379 >= 0.0001
Iteration 81 (max 500)
   eps = 0.003669 >= 0.0001
Iteration 82 (max 500)
   eps = 0.003549 >= 0.0001
Iteration 83 (max 500)
   eps = 0.003437 >= 0.0001
Iteration 84 (max 500)
   eps = 0.003324 >= 0.0001
Iteration 85 (max 500)
   eps = 0.003217 >= 0.0001
Iteration 86 (max 500)
   eps = 0.003113 >= 0.0001
Iteration 87 (max 500)
   eps = 0.003006 >= 0.0001
Iteration 88 (max 500)
   eps = 0.002911 >= 0.0001
Iteration 89 (max 500)
   eps = 0.002822 >= 0.0001
Iteration 90 (max 500)
   eps = 0.002737 >= 0.0001
Iteration 91 (max 500)
   eps = 0.002658 >= 0.0001
Iteration 92 (max 500)
   eps = 0.002579 >= 0.0001
Iteration 93 (max 500)
   eps = 0.002504 >= 0.0001
Iteration 94 (max 500)
   eps = 0.002427 >= 0.0001
Iteration 95 (max 500)
   eps = 0.002356 >= 0.0001
Iteration 96 (max 500)
   eps = 0.002292 >= 0.0001
Iteration 97 (max 500)
   eps = 0.002235 >= 0.0001
Iteration 98 (max 500)
   eps = 0.002179 >= 0.0001
Iteration 99 (max 500)
   eps = 0.002123 >= 0.0001
Iteration 100 (max 500)
   eps = 0.002068 >= 0.0001
Iteration 101 (max 500)
   eps = 0.002011 >= 0.0001
Iteration 102 (max 500)
   eps = 0.001957 >= 0.0001
Iteration 103 (max 500)
   eps = 0.001902 >= 0.0001
Iteration 104 (max 500)
   eps = 0.001846 >= 0.0001
Iteration 105 (max 500)
   eps = 0.001794 >= 0.0001
Iteration 106 (max 500)
   eps = 0.001735 >= 0.0001
Iteration 107 (max 500)
   eps = 0.001685 >= 0.0001
Iteration 108 (max 500)
   eps = 0.001634 >= 0.0001
Iteration 109 (max 500)
   eps = 0.001586 >= 0.0001
Iteration 110 (max 500)
   eps = 0.001535 >= 0.0001
Iteration 111 (max 500)
   eps = 0.001483 >= 0.0001
Iteration 112 (max 500)
   eps = 0.001453 >= 0.0001
Iteration 113 (max 500)
   eps = 0.001392 >= 0.0001
Iteration 114 (max 500)
   eps = 0.001343 >= 0.0001
Iteration 115 (max 500)
   eps = 0.001307 >= 0.0001
Iteration 116 (max 500)
   eps = 0.001273 >= 0.0001
Iteration 117 (max 500)
   eps = 0.001235 >= 0.0001
Iteration 118 (max 500)
   eps = 0.001196 >= 0.0001
Iteration 119 (max 500)
   eps = 0.001158 >= 0.0001
Iteration 120 (max 500)
   eps = 0.00112 >= 0.0001
Iteration 121 (max 500)
   eps = 0.001082 >= 0.0001
Iteration 122 (max 500)
   eps = 0.001047 >= 0.0001
Iteration 123 (max 500)
   eps = 0.001013 >= 0.0001
Iteration 124 (max 500)
   eps = 0.000984 >= 0.0001
Iteration 125 (max 500)
   eps = 0.000955 >= 0.0001
Iteration 126 (max 500)
   eps = 0.000923 >= 0.0001
Iteration 127 (max 500)
   eps = 0.000893 >= 0.0001
Iteration 128 (max 500)
   eps = 0.000861 >= 0.0001
Iteration 129 (max 500)
   eps = 0.000829 >= 0.0001
Iteration 130 (max 500)
   eps = 0.000799 >= 0.0001
Iteration 131 (max 500)
   eps = 0.000771 >= 0.0001
Iteration 132 (max 500)
   eps = 0.000745 >= 0.0001
Iteration 133 (max 500)
   eps = 0.00072 >= 0.0001
Iteration 134 (max 500)
   eps = 0.000697 >= 0.0001
Iteration 135 (max 500)
   eps = 0.000675 >= 0.0001
Iteration 136 (max 500)
   eps = 0.000653 >= 0.0001
Iteration 137 (max 500)
   eps = 0.000632 >= 0.0001
Iteration 138 (max 500)
   eps = 0.00061 >= 0.0001
Iteration 139 (max 500)
   eps = 0.000595 >= 0.0001
Iteration 140 (max 500)
   eps = 0.000571 >= 0.0001
Iteration 141 (max 500)
   eps = 0.000551 >= 0.0001
Iteration 142 (max 500)
   eps = 0.000533 >= 0.0001
Iteration 143 (max 500)
   eps = 0.000515 >= 0.0001
Iteration 144 (max 500)
   eps = 0.000498 >= 0.0001
Iteration 145 (max 500)
   eps = 0.00048 >= 0.0001
Iteration 146 (max 500)
   eps = 0.000465 >= 0.0001
Iteration 147 (max 500)
   eps = 0.000447 >= 0.0001
Iteration 148 (max 500)
   eps = 0.000431 >= 0.0001
Iteration 149 (max 500)
   eps = 0.000415 >= 0.0001
Iteration 150 (max 500)
   eps = 0.0004 >= 0.0001
Iteration 151 (max 500)
   eps = 0.000385 >= 0.0001
Iteration 152 (max 500)
   eps = 0.000371 >= 0.0001
Iteration 153 (max 500)
   eps = 0.000358 >= 0.0001
Iteration 154 (max 500)
   eps = 0.000346 >= 0.0001
Iteration 155 (max 500)
   eps = 0.000333 >= 0.0001
Iteration 156 (max 500)
   eps = 0.000323 >= 0.0001
Iteration 157 (max 500)
   eps = 0.000312 >= 0.0001
Iteration 158 (max 500)
   eps = 0.000302 >= 0.0001
Iteration 159 (max 500)
   eps = 0.000292 >= 0.0001
Iteration 160 (max 500)
   eps = 0.000282 >= 0.0001
Iteration 161 (max 500)
   eps = 0.000273 >= 0.0001
Iteration 162 (max 500)
   eps = 0.000264 >= 0.0001
Iteration 163 (max 500)
   eps = 0.000256 >= 0.0001
Iteration 164 (max 500)
   eps = 0.000247 >= 0.0001
Iteration 165 (max 500)
   eps = 0.000238 >= 0.0001
Iteration 166 (max 500)
   eps = 0.00023 >= 0.0001
Iteration 167 (max 500)
   eps = 0.000222 >= 0.0001
Iteration 168 (max 500)
   eps = 0.000214 >= 0.0001
Iteration 169 (max 500)
   eps = 0.000206 >= 0.0001
Iteration 170 (max 500)
   eps = 0.000199 >= 0.0001
Iteration 171 (max 500)
   eps = 0.000192 >= 0.0001
Iteration 172 (max 500)
   eps = 0.000184 >= 0.0001
Iteration 173 (max 500)
   eps = 0.000178 >= 0.0001
Iteration 174 (max 500)
   eps = 0.000171 >= 0.0001
Iteration 175 (max 500)
   eps = 0.000165 >= 0.0001
Iteration 176 (max 500)
   eps = 0.00016 >= 0.0001
Iteration 177 (max 500)
   eps = 0.000154 >= 0.0001
Iteration 178 (max 500)
   eps = 0.000149 >= 0.0001
Iteration 179 (max 500)
   eps = 0.000144 >= 0.0001
Iteration 180 (max 500)
   eps = 0.000139 >= 0.0001
Iteration 181 (max 500)
   eps = 0.000134 >= 0.0001
Iteration 182 (max 500)
   eps = 0.000129 >= 0.0001
Iteration 183 (max 500)
   eps = 0.000124 >= 0.0001
Iteration 184 (max 500)
   eps = 0.000119 >= 0.0001
Iteration 185 (max 500)
   eps = 0.000115 >= 0.0001
Iteration 186 (max 500)
   eps = 0.000111 >= 0.0001
Iteration 187 (max 500)
   eps = 0.000107 >= 0.0001
Iteration 188 (max 500)
   eps = 0.000103 >= 0.0001
Iteration 189 (max 500)
Time spent by the wind speed solver: 18.313457012176514 s
Rotates geometries from -45.0 degrees
Interp succeeded!!! for tmp_file
Interp succeeded!!! for tmp_file
Interp succeeded!!! for tmp_file
Interp succeeded!!! for tmp_file
Interp succeeded!!! for tmp_file
Interp succeeded!!! for tmp_file
Rotates geometries from -45.0 degrees
Rotates geometries from -45.0 degrees
Rotates geometries from -45.0 degrees
Rotates geometries from -45.0 degrees
Rotates geometries from -45.0 degrees
Rotates geometries from -45.0 degrees
Rotates geometries from -45.0 degrees
Rotates geometries from -45.0 degrees
Rotates geometries from -45.0 degrees
Rotates geometries from -45.0 degrees
Rotates geometries from -45.0 degrees
Process 3849968: Successfully ran URock for tile output 'wind_field_raw_tile_0'.
Process 3849968: Elapsed time for URock ('wind_field_raw_tile_0'): 189.56 seconds.
Connecting to database
	->/tmp/URock_2025-12-21T1642198112101c-2cbf-4cc7-a4a0-dd95abb67d48/myDbH2
/storage/home/hcoda1/4/hyu483/qgis_332/profiles/default/python/plugins/processing_umep/functions/URock/h2gis-standalone/h2gis-dist-2.2.3.jar
Connected!

Spatial functions added!

Load input data
Load table 'build_pre_srid_20251221164237'
Load table 'veg_pre_srid_20251221164237'
Creates blocks and stacked blocks
Rotates geometries from 45.0 degrees
Identify block base height and block cavity base
Calculates obstacle properties
Calculates zone properties
Initializes upwind facades
Update upwind facades base height
Initializes downwind facades
Calculates study area properties
Roughness zone properties are:

                                 - z0: 2.218165687142807
                                 - d: 9.892016596733598
                                 - Hr: 18.46315746041472
                                 - H_ob_max: 32
                                 - lambda_f: 0.12014010560753688
Rotates geometries from -45.0 degrees
Rotates geometries from -45.0 degrees
Rotates geometries from -45.0 degrees
Creates displacement zones
Rotates geometries from -45.0 degrees
Rotates geometries from -45.0 degrees
Creates cavity and wake zones
Rotates geometries from -45.0 degrees
Rotates geometries from -45.0 degrees
Creates street canyon zones
Rotates geometries from -45.0 degrees
Creates rooftop zones (perpendicular and corner)
Rotates geometries from -45.0 degrees
Rotates geometries from -45.0 degrees
Creates built-up and open vegetation zones
Rotates geometries from -45.0 degrees
Rotates geometries from -45.0 degrees
Identify the buildings concerned by the impacted zone chosen by the user
Creates the grid of points
Affects each grid point to a building Rockle zone and calculates needed 
          variables for 3D wind speed
Affects each grid point to a vegetation Rockle zone and calculates 
          needed variables for 3D wind speed
Remove some of the Röckle zone points
Creates backward zones
Calculates the 3D wind speed factor value for each point of each BUILDING zone
Rotates geometries from -45.0 degrees
Rotates geometries from -45.0 degrees
Rotates geometries from -45.0 degrees
Rotates geometries from -45.0 degrees
Rotates geometries from -45.0 degrees
Rotates geometries from -45.0 degrees
Rotates geometries from -45.0 degrees
Rotates geometries from -45.0 degrees
Rotates geometries from -45.0 degrees
Calculates the 3D wind speed factor value for each point of each VEGETATION zone
Rotates geometries from -45.0 degrees
Deals with superimposition (keeps only 1 value per 3D point)
Deals with superimposition (keeps only 1 value per 3D point)
Identify upstreamer points in TEMPO_WEIGHTING table
Identify upstreamer points in TEMPO_PRIORITIES table
Identify upstreamer points in TEMPO_PRIORITIES_WEIGHT table
Deals with superimposition (keeps only 1 value per 3D point)
Identify upstreamer points in TEMPO_WEIGHTING table
Identify upstreamer points in TEMPO_PRIORITIES table
Identify upstreamer points in TEMPO_PRIORITIES_WEIGHT table
Rotates geometries from -45.0 degrees
Identify grid points intersecting buildings
Set the initial 3D wind speed field
Time spent for wind speed initialization: 117.18531703948975 s
Shape: (128, 189, 27) - Nb cells: 653184
Start to apply the wind solver
Iteration 1 (max 500)
   eps = 0.663734 >= 0.0001
Iteration 2 (max 500)
   eps = 0.41537 >= 0.0001
Iteration 3 (max 500)
   eps = 0.313786 >= 0.0001
Iteration 4 (max 500)
   eps = 0.253273 >= 0.0001
Iteration 5 (max 500)
   eps = 0.210465 >= 0.0001
Iteration 6 (max 500)
   eps = 0.178215 >= 0.0001
Iteration 7 (max 500)
   eps = 0.154051 >= 0.0001
Iteration 8 (max 500)
   eps = 0.134785 >= 0.0001
Iteration 9 (max 500)
   eps = 0.11915 >= 0.0001
Iteration 10 (max 500)
   eps = 0.105341 >= 0.0001
Iteration 11 (max 500)
   eps = 0.092498 >= 0.0001
Iteration 12 (max 500)
   eps = 0.082105 >= 0.0001
Iteration 13 (max 500)
   eps = 0.073708 >= 0.0001
Iteration 14 (max 500)
   eps = 0.066894 >= 0.0001
Iteration 15 (max 500)
   eps = 0.061448 >= 0.0001
Iteration 16 (max 500)
   eps = 0.056791 >= 0.0001
Iteration 17 (max 500)
   eps = 0.052442 >= 0.0001
Iteration 18 (max 500)
   eps = 0.048973 >= 0.0001
Iteration 19 (max 500)
   eps = 0.045998 >= 0.0001
Iteration 20 (max 500)
   eps = 0.043314 >= 0.0001
Iteration 21 (max 500)
   eps = 0.040939 >= 0.0001
Iteration 22 (max 500)
   eps = 0.038709 >= 0.0001
Iteration 23 (max 500)
   eps = 0.03681 >= 0.0001
Iteration 24 (max 500)
   eps = 0.035041 >= 0.0001
Iteration 25 (max 500)
   eps = 0.033562 >= 0.0001
Iteration 26 (max 500)
   eps = 0.032734 >= 0.0001
Iteration 27 (max 500)
   eps = 0.030637 >= 0.0001
Iteration 28 (max 500)
   eps = 0.029475 >= 0.0001
Iteration 29 (max 500)
   eps = 0.028553 >= 0.0001
Iteration 30 (max 500)
   eps = 0.027834 >= 0.0001
Iteration 31 (max 500)
   eps = 0.027146 >= 0.0001
Iteration 32 (max 500)
   eps = 0.026459 >= 0.0001
Iteration 33 (max 500)
   eps = 0.025737 >= 0.0001
Iteration 34 (max 500)
   eps = 0.025032 >= 0.0001
Iteration 35 (max 500)
   eps = 0.024382 >= 0.0001
Iteration 36 (max 500)
   eps = 0.02378 >= 0.0001
Iteration 37 (max 500)
   eps = 0.023254 >= 0.0001
Iteration 38 (max 500)
   eps = 0.022806 >= 0.0001
Iteration 39 (max 500)
   eps = 0.022362 >= 0.0001
Iteration 40 (max 500)
   eps = 0.021909 >= 0.0001
Iteration 41 (max 500)
   eps = 0.021456 >= 0.0001
Iteration 42 (max 500)
   eps = 0.020936 >= 0.0001
Iteration 43 (max 500)
   eps = 0.02039 >= 0.0001
Iteration 44 (max 500)
   eps = 0.01978 >= 0.0001
Iteration 45 (max 500)
   eps = 0.019141 >= 0.0001
Iteration 46 (max 500)
   eps = 0.018539 >= 0.0001
Iteration 47 (max 500)
   eps = 0.018022 >= 0.0001
Iteration 48 (max 500)
   eps = 0.01754 >= 0.0001
Iteration 49 (max 500)
   eps = 0.017093 >= 0.0001
Iteration 50 (max 500)
   eps = 0.016672 >= 0.0001
Iteration 51 (max 500)
   eps = 0.016248 >= 0.0001
Iteration 52 (max 500)
   eps = 0.015819 >= 0.0001
Iteration 53 (max 500)
   eps = 0.015408 >= 0.0001
Iteration 54 (max 500)
   eps = 0.014998 >= 0.0001
Iteration 55 (max 500)
   eps = 0.014626 >= 0.0001
Iteration 56 (max 500)
   eps = 0.014273 >= 0.0001
Iteration 57 (max 500)
   eps = 0.013901 >= 0.0001
Iteration 58 (max 500)
   eps = 0.01352 >= 0.0001
Iteration 59 (max 500)
   eps = 0.013147 >= 0.0001
Iteration 60 (max 500)
   eps = 0.012753 >= 0.0001
Iteration 61 (max 500)
   eps = 0.012384 >= 0.0001
Iteration 62 (max 500)
   eps = 0.012036 >= 0.0001
Iteration 63 (max 500)
   eps = 0.011703 >= 0.0001
Iteration 64 (max 500)
   eps = 0.011396 >= 0.0001
Iteration 65 (max 500)
   eps = 0.011122 >= 0.0001
Iteration 66 (max 500)
   eps = 0.010862 >= 0.0001
Iteration 67 (max 500)
   eps = 0.010608 >= 0.0001
Iteration 68 (max 500)
   eps = 0.010374 >= 0.0001
Iteration 69 (max 500)
   eps = 0.01013 >= 0.0001
Iteration 70 (max 500)
   eps = 0.009859 >= 0.0001
Iteration 71 (max 500)
   eps = 0.009594 >= 0.0001
Iteration 72 (max 500)
   eps = 0.009332 >= 0.0001
Iteration 73 (max 500)
   eps = 0.009062 >= 0.0001
Iteration 74 (max 500)
   eps = 0.008792 >= 0.0001
Iteration 75 (max 500)
   eps = 0.008518 >= 0.0001
Iteration 76 (max 500)
   eps = 0.008256 >= 0.0001
Iteration 77 (max 500)
   eps = 0.008026 >= 0.0001
Iteration 78 (max 500)
   eps = 0.007794 >= 0.0001
Iteration 79 (max 500)
   eps = 0.00758 >= 0.0001
Iteration 80 (max 500)
   eps = 0.007376 >= 0.0001
Iteration 81 (max 500)
   eps = 0.007176 >= 0.0001
Iteration 82 (max 500)
   eps = 0.006971 >= 0.0001
Iteration 83 (max 500)
   eps = 0.006763 >= 0.0001
Iteration 84 (max 500)
   eps = 0.006562 >= 0.0001
Iteration 85 (max 500)
   eps = 0.006388 >= 0.0001
Iteration 86 (max 500)
   eps = 0.006221 >= 0.0001
Iteration 87 (max 500)
   eps = 0.006059 >= 0.0001
Iteration 88 (max 500)
   eps = 0.005895 >= 0.0001
Iteration 89 (max 500)
   eps = 0.005746 >= 0.0001
Iteration 90 (max 500)
   eps = 0.005581 >= 0.0001
Iteration 91 (max 500)
   eps = 0.005406 >= 0.0001
Iteration 92 (max 500)
   eps = 0.005223 >= 0.0001
Iteration 93 (max 500)
   eps = 0.005054 >= 0.0001
Iteration 94 (max 500)
   eps = 0.004895 >= 0.0001
Iteration 95 (max 500)
   eps = 0.004743 >= 0.0001
Iteration 96 (max 500)
   eps = 0.0046 >= 0.0001
Iteration 97 (max 500)
   eps = 0.00446 >= 0.0001
Iteration 98 (max 500)
   eps = 0.004316 >= 0.0001
Iteration 99 (max 500)
   eps = 0.004202 >= 0.0001
Iteration 100 (max 500)
   eps = 0.004138 >= 0.0001
Iteration 101 (max 500)
   eps = 0.004055 >= 0.0001
Iteration 102 (max 500)
   eps = 0.003959 >= 0.0001
Iteration 103 (max 500)
   eps = 0.003895 >= 0.0001
Iteration 104 (max 500)
   eps = 0.003766 >= 0.0001
Iteration 105 (max 500)
   eps = 0.003625 >= 0.0001
Iteration 106 (max 500)
   eps = 0.003484 >= 0.0001
Iteration 107 (max 500)
   eps = 0.00335 >= 0.0001
Iteration 108 (max 500)
   eps = 0.003251 >= 0.0001
Iteration 109 (max 500)
   eps = 0.003153 >= 0.0001
Iteration 110 (max 500)
   eps = 0.003053 >= 0.0001
Iteration 111 (max 500)
   eps = 0.002955 >= 0.0001
Iteration 112 (max 500)
   eps = 0.002867 >= 0.0001
Iteration 113 (max 500)
   eps = 0.002794 >= 0.0001
Iteration 114 (max 500)
   eps = 0.002717 >= 0.0001
Iteration 115 (max 500)
   eps = 0.002628 >= 0.0001
Iteration 116 (max 500)
   eps = 0.002546 >= 0.0001
Iteration 117 (max 500)
   eps = 0.002468 >= 0.0001
Iteration 118 (max 500)
   eps = 0.002394 >= 0.0001
Iteration 119 (max 500)
   eps = 0.002321 >= 0.0001
Iteration 120 (max 500)
   eps = 0.00224 >= 0.0001
Iteration 121 (max 500)
   eps = 0.002159 >= 0.0001
Iteration 122 (max 500)
   eps = 0.002078 >= 0.0001
Iteration 123 (max 500)
   eps = 0.002007 >= 0.0001
Iteration 124 (max 500)
   eps = 0.001942 >= 0.0001
Iteration 125 (max 500)
   eps = 0.001885 >= 0.0001
Iteration 126 (max 500)
   eps = 0.001831 >= 0.0001
Iteration 127 (max 500)
   eps = 0.001774 >= 0.0001
Iteration 128 (max 500)
   eps = 0.001715 >= 0.0001
Iteration 129 (max 500)
   eps = 0.001659 >= 0.0001
Iteration 130 (max 500)
   eps = 0.001611 >= 0.0001
Iteration 131 (max 500)
   eps = 0.001558 >= 0.0001
Iteration 132 (max 500)
   eps = 0.001519 >= 0.0001
Iteration 133 (max 500)
   eps = 0.00148 >= 0.0001
Iteration 134 (max 500)
   eps = 0.001444 >= 0.0001
Iteration 135 (max 500)
   eps = 0.001408 >= 0.0001
Iteration 136 (max 500)
   eps = 0.001371 >= 0.0001
Iteration 137 (max 500)
   eps = 0.001333 >= 0.0001
Iteration 138 (max 500)
   eps = 0.00129 >= 0.0001
Iteration 139 (max 500)
   eps = 0.001243 >= 0.0001
Iteration 140 (max 500)
   eps = 0.001197 >= 0.0001
Iteration 141 (max 500)
   eps = 0.001153 >= 0.0001
Iteration 142 (max 500)
   eps = 0.001111 >= 0.0001
Iteration 143 (max 500)
   eps = 0.001073 >= 0.0001
Iteration 144 (max 500)
   eps = 0.001036 >= 0.0001
Iteration 145 (max 500)
   eps = 0.000997 >= 0.0001
Iteration 146 (max 500)
   eps = 0.000959 >= 0.0001
Iteration 147 (max 500)
   eps = 0.000924 >= 0.0001
Iteration 148 (max 500)
   eps = 0.000891 >= 0.0001
Iteration 149 (max 500)
   eps = 0.000859 >= 0.0001
Iteration 150 (max 500)
   eps = 0.000827 >= 0.0001
Iteration 151 (max 500)
   eps = 0.000797 >= 0.0001
Iteration 152 (max 500)
   eps = 0.000767 >= 0.0001
Iteration 153 (max 500)
   eps = 0.00074 >= 0.0001
Iteration 154 (max 500)
   eps = 0.000715 >= 0.0001
Iteration 155 (max 500)
   eps = 0.000693 >= 0.0001
Iteration 156 (max 500)
   eps = 0.000671 >= 0.0001
Iteration 157 (max 500)
   eps = 0.00065 >= 0.0001
Iteration 158 (max 500)
   eps = 0.000629 >= 0.0001
Iteration 159 (max 500)
   eps = 0.00061 >= 0.0001
Iteration 160 (max 500)
   eps = 0.000592 >= 0.0001
Iteration 161 (max 500)
   eps = 0.000573 >= 0.0001
Iteration 162 (max 500)
   eps = 0.000554 >= 0.0001
Iteration 163 (max 500)
   eps = 0.000537 >= 0.0001
Iteration 164 (max 500)
   eps = 0.000519 >= 0.0001
Iteration 165 (max 500)
   eps = 0.000502 >= 0.0001
Iteration 166 (max 500)
   eps = 0.000485 >= 0.0001
Iteration 167 (max 500)
   eps = 0.000469 >= 0.0001
Iteration 168 (max 500)
   eps = 0.000453 >= 0.0001
Iteration 169 (max 500)
   eps = 0.000437 >= 0.0001
Iteration 170 (max 500)
   eps = 0.000422 >= 0.0001
Iteration 171 (max 500)
   eps = 0.000406 >= 0.0001
Iteration 172 (max 500)
   eps = 0.000391 >= 0.0001
Iteration 173 (max 500)
   eps = 0.000378 >= 0.0001
Iteration 174 (max 500)
   eps = 0.000366 >= 0.0001
Iteration 175 (max 500)
   eps = 0.000355 >= 0.0001
Iteration 176 (max 500)
   eps = 0.000344 >= 0.0001
Iteration 177 (max 500)
   eps = 0.000333 >= 0.0001
Iteration 178 (max 500)
   eps = 0.000322 >= 0.0001
Iteration 179 (max 500)
   eps = 0.000312 >= 0.0001
Iteration 180 (max 500)
   eps = 0.000303 >= 0.0001
Iteration 181 (max 500)
   eps = 0.000296 >= 0.0001
Iteration 182 (max 500)
   eps = 0.000289 >= 0.0001
Iteration 183 (max 500)
   eps = 0.000282 >= 0.0001
Iteration 184 (max 500)
   eps = 0.000274 >= 0.0001
Iteration 185 (max 500)
   eps = 0.000265 >= 0.0001
Iteration 186 (max 500)
   eps = 0.000254 >= 0.0001
Iteration 187 (max 500)
   eps = 0.000245 >= 0.0001
Iteration 188 (max 500)
   eps = 0.000235 >= 0.0001
Iteration 189 (max 500)
   eps = 0.000225 >= 0.0001
Iteration 190 (max 500)
   eps = 0.000214 >= 0.0001
Iteration 191 (max 500)
   eps = 0.000205 >= 0.0001
Iteration 192 (max 500)
   eps = 0.000199 >= 0.0001
Iteration 193 (max 500)
   eps = 0.000191 >= 0.0001
Iteration 194 (max 500)
   eps = 0.000183 >= 0.0001
Iteration 195 (max 500)
   eps = 0.000176 >= 0.0001
Iteration 196 (max 500)
   eps = 0.00017 >= 0.0001
Iteration 197 (max 500)
   eps = 0.000164 >= 0.0001
Iteration 198 (max 500)
   eps = 0.000158 >= 0.0001
Iteration 199 (max 500)
   eps = 0.000153 >= 0.0001
Iteration 200 (max 500)
   eps = 0.000149 >= 0.0001
Iteration 201 (max 500)
   eps = 0.000146 >= 0.0001
Iteration 202 (max 500)
   eps = 0.000141 >= 0.0001
Iteration 203 (max 500)
   eps = 0.000138 >= 0.0001
Iteration 204 (max 500)
   eps = 0.000134 >= 0.0001
Iteration 205 (max 500)
   eps = 0.000129 >= 0.0001
Iteration 206 (max 500)
   eps = 0.000123 >= 0.0001
Iteration 207 (max 500)
   eps = 0.000117 >= 0.0001
Iteration 208 (max 500)
   eps = 0.000113 >= 0.0001
Iteration 209 (max 500)
   eps = 0.000109 >= 0.0001
Iteration 210 (max 500)
   eps = 0.000105 >= 0.0001
Iteration 211 (max 500)
   eps = 0.000101 >= 0.0001
Iteration 212 (max 500)
Time spent by the wind speed solver: 29.48013210296631 s
Rotates geometries from -45.0 degrees
Interp succeeded!!! for tmp_file
Interp succeeded!!! for tmp_file
Interp succeeded!!! for tmp_file
Interp succeeded!!! for tmp_file
Interp succeeded!!! for tmp_file
Interp succeeded!!! for tmp_file
Rotates geometries from -45.0 degrees
Rotates geometries from -45.0 degrees
Rotates geometries from -45.0 degrees
Rotates geometries from -45.0 degrees
Rotates geometries from -45.0 degrees
Rotates geometries from -45.0 degrees
Rotates geometries from -45.0 degrees
Rotates geometries from -45.0 degrees
Rotates geometries from -45.0 degrees
Rotates geometries from -45.0 degrees
Rotates geometries from -45.0 degrees
Process 3849991: Successfully ran URock for tile output 'wind_field_raw_tile_7'.
Process 3849991: Elapsed time for URock ('wind_field_raw_tile_7'): 189.64 seconds.
Connecting to database
	->/tmp/URock_2025-12-21T164219c3217c57-e446-4c1a-8640-0a4afeb48a6f/myDbH2
/storage/home/hcoda1/4/hyu483/qgis_332/profiles/default/python/plugins/processing_umep/functions/URock/h2gis-standalone/h2gis-dist-2.2.3.jar
Connected!

Spatial functions added!

Load input data
Load table 'build_pre_srid_20251221164242'
Load table 'veg_pre_srid_20251221164242'
Creates blocks and stacked blocks
Rotates geometries from 45.0 degrees
Identify block base height and block cavity base
Calculates obstacle properties
Calculates zone properties
Initializes upwind facades
Update upwind facades base height
Initializes downwind facades
Calculates study area properties
Roughness zone properties are:

                                 - z0: 2.1983154312989397
                                 - d: 10.01054670401321
                                 - Hr: 16.64150534504767
                                 - H_ob_max: 39
                                 - lambda_f: 0.1320983520251751
Rotates geometries from -45.0 degrees
Rotates geometries from -45.0 degrees
Rotates geometries from -45.0 degrees
Creates displacement zones
Rotates geometries from -45.0 degrees
Rotates geometries from -45.0 degrees
Creates cavity and wake zones
Rotates geometries from -45.0 degrees
Rotates geometries from -45.0 degrees
Creates street canyon zones
Rotates geometries from -45.0 degrees
Creates rooftop zones (perpendicular and corner)
Rotates geometries from -45.0 degrees
Rotates geometries from -45.0 degrees
Creates built-up and open vegetation zones
Rotates geometries from -45.0 degrees
Rotates geometries from -45.0 degrees
Identify the buildings concerned by the impacted zone chosen by the user
Creates the grid of points
Affects each grid point to a building Rockle zone and calculates needed 
          variables for 3D wind speed
Affects each grid point to a vegetation Rockle zone and calculates 
          needed variables for 3D wind speed
Remove some of the Röckle zone points
Creates backward zones
Calculates the 3D wind speed factor value for each point of each BUILDING zone
Rotates geometries from -45.0 degrees
Rotates geometries from -45.0 degrees
Rotates geometries from -45.0 degrees
Rotates geometries from -45.0 degrees
Rotates geometries from -45.0 degrees
Rotates geometries from -45.0 degrees
Rotates geometries from -45.0 degrees
Rotates geometries from -45.0 degrees
Rotates geometries from -45.0 degrees
Calculates the 3D wind speed factor value for each point of each VEGETATION zone
Rotates geometries from -45.0 degrees
Deals with superimposition (keeps only 1 value per 3D point)
Deals with superimposition (keeps only 1 value per 3D point)
Identify upstreamer points in TEMPO_WEIGHTING table
Identify upstreamer points in TEMPO_PRIORITIES table
Identify upstreamer points in TEMPO_PRIORITIES_WEIGHT table
Deals with superimposition (keeps only 1 value per 3D point)
Identify upstreamer points in TEMPO_WEIGHTING table
Identify upstreamer points in TEMPO_PRIORITIES table
Identify upstreamer points in TEMPO_PRIORITIES_WEIGHT table
Rotates geometries from -45.0 degrees
Identify grid points intersecting buildings
Set the initial 3D wind speed field
Time spent for wind speed initialization: 114.58406829833984 s
Shape: (127, 186, 26) - Nb cells: 614172
Start to apply the wind solver
Iteration 1 (max 500)
   eps = 0.670067 >= 0.0001
Iteration 2 (max 500)
   eps = 0.417373 >= 0.0001
Iteration 3 (max 500)
   eps = 0.318552 >= 0.0001
Iteration 4 (max 500)
   eps = 0.256402 >= 0.0001
Iteration 5 (max 500)
   eps = 0.212526 >= 0.0001
Iteration 6 (max 500)
   eps = 0.181597 >= 0.0001
Iteration 7 (max 500)
   eps = 0.156656 >= 0.0001
Iteration 8 (max 500)
   eps = 0.137622 >= 0.0001
Iteration 9 (max 500)
   eps = 0.121256 >= 0.0001
Iteration 10 (max 500)
   eps = 0.107211 >= 0.0001
Iteration 11 (max 500)
   eps = 0.095017 >= 0.0001
Iteration 12 (max 500)
   eps = 0.084384 >= 0.0001
Iteration 13 (max 500)
   eps = 0.07534 >= 0.0001
Iteration 14 (max 500)
   eps = 0.067738 >= 0.0001
Iteration 15 (max 500)
   eps = 0.061914 >= 0.0001
Iteration 16 (max 500)
   eps = 0.057192 >= 0.0001
Iteration 17 (max 500)
   eps = 0.052725 >= 0.0001
Iteration 18 (max 500)
   eps = 0.049146 >= 0.0001
Iteration 19 (max 500)
   eps = 0.046131 >= 0.0001
Iteration 20 (max 500)
   eps = 0.042925 >= 0.0001
Iteration 21 (max 500)
   eps = 0.040233 >= 0.0001
Iteration 22 (max 500)
   eps = 0.037816 >= 0.0001
Iteration 23 (max 500)
   eps = 0.035791 >= 0.0001
Iteration 24 (max 500)
   eps = 0.034388 >= 0.0001
Iteration 25 (max 500)
   eps = 0.033544 >= 0.0001
Iteration 26 (max 500)
   eps = 0.031449 >= 0.0001
Iteration 27 (max 500)
   eps = 0.029971 >= 0.0001
Iteration 28 (max 500)
   eps = 0.028444 >= 0.0001
Iteration 29 (max 500)
   eps = 0.027047 >= 0.0001
Iteration 30 (max 500)
   eps = 0.025965 >= 0.0001
Iteration 31 (max 500)
   eps = 0.024887 >= 0.0001
Iteration 32 (max 500)
   eps = 0.023892 >= 0.0001
Iteration 33 (max 500)
   eps = 0.022929 >= 0.0001
Iteration 34 (max 500)
   eps = 0.021993 >= 0.0001
Iteration 35 (max 500)
   eps = 0.021134 >= 0.0001
Iteration 36 (max 500)
   eps = 0.020394 >= 0.0001
Iteration 37 (max 500)
   eps = 0.019702 >= 0.0001
Iteration 38 (max 500)
   eps = 0.019061 >= 0.0001
Iteration 39 (max 500)
   eps = 0.018434 >= 0.0001
Iteration 40 (max 500)
   eps = 0.017827 >= 0.0001
Iteration 41 (max 500)
   eps = 0.017221 >= 0.0001
Iteration 42 (max 500)
   eps = 0.016666 >= 0.0001
Iteration 43 (max 500)
   eps = 0.016151 >= 0.0001
Iteration 44 (max 500)
   eps = 0.015618 >= 0.0001
Iteration 45 (max 500)
   eps = 0.015129 >= 0.0001
Iteration 46 (max 500)
   eps = 0.014699 >= 0.0001
Iteration 47 (max 500)
   eps = 0.01432 >= 0.0001
Iteration 48 (max 500)
   eps = 0.013944 >= 0.0001
Iteration 49 (max 500)
   eps = 0.013557 >= 0.0001
Iteration 50 (max 500)
   eps = 0.013174 >= 0.0001
Iteration 51 (max 500)
   eps = 0.012758 >= 0.0001
Iteration 52 (max 500)
   eps = 0.01231 >= 0.0001
Iteration 53 (max 500)
   eps = 0.011916 >= 0.0001
Iteration 54 (max 500)
   eps = 0.011558 >= 0.0001
Iteration 55 (max 500)
   eps = 0.011166 >= 0.0001
Iteration 56 (max 500)
   eps = 0.010808 >= 0.0001
Iteration 57 (max 500)
   eps = 0.010472 >= 0.0001
Iteration 58 (max 500)
   eps = 0.010162 >= 0.0001
Iteration 59 (max 500)
   eps = 0.009864 >= 0.0001
Iteration 60 (max 500)
   eps = 0.009577 >= 0.0001
Iteration 61 (max 500)
   eps = 0.009303 >= 0.0001
Iteration 62 (max 500)
   eps = 0.00904 >= 0.0001
Iteration 63 (max 500)
   eps = 0.008808 >= 0.0001
Iteration 64 (max 500)
   eps = 0.008587 >= 0.0001
Iteration 65 (max 500)
   eps = 0.008367 >= 0.0001
Iteration 66 (max 500)
   eps = 0.008154 >= 0.0001
Iteration 67 (max 500)
   eps = 0.00793 >= 0.0001
Iteration 68 (max 500)
   eps = 0.007721 >= 0.0001
Iteration 69 (max 500)
   eps = 0.007491 >= 0.0001
Iteration 70 (max 500)
   eps = 0.007277 >= 0.0001
Iteration 71 (max 500)
   eps = 0.007061 >= 0.0001
Iteration 72 (max 500)
   eps = 0.006866 >= 0.0001
Iteration 73 (max 500)
   eps = 0.006667 >= 0.0001
Iteration 74 (max 500)
   eps = 0.006477 >= 0.0001
Iteration 75 (max 500)
   eps = 0.006295 >= 0.0001
Iteration 76 (max 500)
   eps = 0.006102 >= 0.0001
Iteration 77 (max 500)
   eps = 0.005902 >= 0.0001
Iteration 78 (max 500)
   eps = 0.005716 >= 0.0001
Iteration 79 (max 500)
   eps = 0.005539 >= 0.0001
Iteration 80 (max 500)
   eps = 0.005368 >= 0.0001
Iteration 81 (max 500)
   eps = 0.005213 >= 0.0001
Iteration 82 (max 500)
   eps = 0.005057 >= 0.0001
Iteration 83 (max 500)
   eps = 0.004921 >= 0.0001
Iteration 84 (max 500)
   eps = 0.004797 >= 0.0001
Iteration 85 (max 500)
   eps = 0.004668 >= 0.0001
Iteration 86 (max 500)
   eps = 0.004523 >= 0.0001
Iteration 87 (max 500)
   eps = 0.004384 >= 0.0001
Iteration 88 (max 500)
   eps = 0.00425 >= 0.0001
Iteration 89 (max 500)
   eps = 0.004119 >= 0.0001
Iteration 90 (max 500)
   eps = 0.003994 >= 0.0001
Iteration 91 (max 500)
   eps = 0.003873 >= 0.0001
Iteration 92 (max 500)
   eps = 0.003757 >= 0.0001
Iteration 93 (max 500)
   eps = 0.003648 >= 0.0001
Iteration 94 (max 500)
   eps = 0.003545 >= 0.0001
Iteration 95 (max 500)
   eps = 0.003442 >= 0.0001
Iteration 96 (max 500)
   eps = 0.003345 >= 0.0001
Iteration 97 (max 500)
   eps = 0.003251 >= 0.0001
Iteration 98 (max 500)
   eps = 0.003158 >= 0.0001
Iteration 99 (max 500)
   eps = 0.003059 >= 0.0001
Iteration 100 (max 500)
   eps = 0.002965 >= 0.0001
Iteration 101 (max 500)
   eps = 0.002871 >= 0.0001
Iteration 102 (max 500)
   eps = 0.002782 >= 0.0001
Iteration 103 (max 500)
   eps = 0.002696 >= 0.0001
Iteration 104 (max 500)
   eps = 0.002616 >= 0.0001
Iteration 105 (max 500)
   eps = 0.002536 >= 0.0001
Iteration 106 (max 500)
   eps = 0.002458 >= 0.0001
Iteration 107 (max 500)
   eps = 0.00238 >= 0.0001
Iteration 108 (max 500)
   eps = 0.002306 >= 0.0001
Iteration 109 (max 500)
   eps = 0.002235 >= 0.0001
Iteration 110 (max 500)
   eps = 0.00217 >= 0.0001
Iteration 111 (max 500)
   eps = 0.002105 >= 0.0001
Iteration 112 (max 500)
   eps = 0.002044 >= 0.0001
Iteration 113 (max 500)
   eps = 0.001985 >= 0.0001
Iteration 114 (max 500)
   eps = 0.001922 >= 0.0001
Iteration 115 (max 500)
   eps = 0.001862 >= 0.0001
Iteration 116 (max 500)
   eps = 0.001801 >= 0.0001
Iteration 117 (max 500)
   eps = 0.001741 >= 0.0001
Iteration 118 (max 500)
   eps = 0.001686 >= 0.0001
Iteration 119 (max 500)
   eps = 0.001634 >= 0.0001
Iteration 120 (max 500)
   eps = 0.001582 >= 0.0001
Iteration 121 (max 500)
   eps = 0.001535 >= 0.0001
Iteration 122 (max 500)
   eps = 0.001489 >= 0.0001
Iteration 123 (max 500)
   eps = 0.001444 >= 0.0001
Iteration 124 (max 500)
   eps = 0.001398 >= 0.0001
Iteration 125 (max 500)
   eps = 0.001352 >= 0.0001
Iteration 126 (max 500)
   eps = 0.001308 >= 0.0001
Iteration 127 (max 500)
   eps = 0.001265 >= 0.0001
Iteration 128 (max 500)
   eps = 0.001222 >= 0.0001
Iteration 129 (max 500)
   eps = 0.001183 >= 0.0001
Iteration 130 (max 500)
   eps = 0.001145 >= 0.0001
Iteration 131 (max 500)
   eps = 0.001108 >= 0.0001
Iteration 132 (max 500)
   eps = 0.001073 >= 0.0001
Iteration 133 (max 500)
   eps = 0.001042 >= 0.0001
Iteration 134 (max 500)
   eps = 0.001006 >= 0.0001
Iteration 135 (max 500)
   eps = 0.000972 >= 0.0001
Iteration 136 (max 500)
   eps = 0.000936 >= 0.0001
Iteration 137 (max 500)
   eps = 0.000902 >= 0.0001
Iteration 138 (max 500)
   eps = 0.000868 >= 0.0001
Iteration 139 (max 500)
   eps = 0.000836 >= 0.0001
Iteration 140 (max 500)
   eps = 0.000807 >= 0.0001
Iteration 141 (max 500)
   eps = 0.000781 >= 0.0001
Iteration 142 (max 500)
   eps = 0.000755 >= 0.0001
Iteration 143 (max 500)
   eps = 0.00073 >= 0.0001
Iteration 144 (max 500)
   eps = 0.000705 >= 0.0001
Iteration 145 (max 500)
   eps = 0.000683 >= 0.0001
Iteration 146 (max 500)
   eps = 0.000671 >= 0.0001
Iteration 147 (max 500)
   eps = 0.000654 >= 0.0001
Iteration 148 (max 500)
   eps = 0.000628 >= 0.0001
Iteration 149 (max 500)
   eps = 0.000601 >= 0.0001
Iteration 150 (max 500)
   eps = 0.000577 >= 0.0001
Iteration 151 (max 500)
   eps = 0.000557 >= 0.0001
Iteration 152 (max 500)
   eps = 0.000537 >= 0.0001
Iteration 153 (max 500)
   eps = 0.000517 >= 0.0001
Iteration 154 (max 500)
   eps = 0.0005 >= 0.0001
Iteration 155 (max 500)
   eps = 0.000485 >= 0.0001
Iteration 156 (max 500)
   eps = 0.000468 >= 0.0001
Iteration 157 (max 500)
   eps = 0.000452 >= 0.0001
Iteration 158 (max 500)
   eps = 0.000437 >= 0.0001
Iteration 159 (max 500)
   eps = 0.000423 >= 0.0001
Iteration 160 (max 500)
   eps = 0.00041 >= 0.0001
Iteration 161 (max 500)
   eps = 0.000397 >= 0.0001
Iteration 162 (max 500)
   eps = 0.000385 >= 0.0001
Iteration 163 (max 500)
   eps = 0.000371 >= 0.0001
Iteration 164 (max 500)
   eps = 0.000357 >= 0.0001
Iteration 165 (max 500)
   eps = 0.000344 >= 0.0001
Iteration 166 (max 500)
   eps = 0.000333 >= 0.0001
Iteration 167 (max 500)
   eps = 0.000323 >= 0.0001
Iteration 168 (max 500)
   eps = 0.000311 >= 0.0001
Iteration 169 (max 500)
   eps = 0.000299 >= 0.0001
Iteration 170 (max 500)
   eps = 0.000292 >= 0.0001
Iteration 171 (max 500)
   eps = 0.000284 >= 0.0001
Iteration 172 (max 500)
   eps = 0.000274 >= 0.0001
Iteration 173 (max 500)
   eps = 0.000264 >= 0.0001
Iteration 174 (max 500)
   eps = 0.000254 >= 0.0001
Iteration 175 (max 500)
   eps = 0.000245 >= 0.0001
Iteration 176 (max 500)
   eps = 0.000236 >= 0.0001
Iteration 177 (max 500)
   eps = 0.000227 >= 0.0001
Iteration 178 (max 500)
   eps = 0.00022 >= 0.0001
Iteration 179 (max 500)
   eps = 0.000213 >= 0.0001
Iteration 180 (max 500)
   eps = 0.000206 >= 0.0001
Iteration 181 (max 500)
   eps = 0.000198 >= 0.0001
Iteration 182 (max 500)
   eps = 0.000191 >= 0.0001
Iteration 183 (max 500)
   eps = 0.000185 >= 0.0001
Iteration 184 (max 500)
   eps = 0.000178 >= 0.0001
Iteration 185 (max 500)
   eps = 0.000172 >= 0.0001
Iteration 186 (max 500)
   eps = 0.000166 >= 0.0001
Iteration 187 (max 500)
   eps = 0.00016 >= 0.0001
Iteration 188 (max 500)
   eps = 0.000153 >= 0.0001
Iteration 189 (max 500)
   eps = 0.000149 >= 0.0001
Iteration 190 (max 500)
   eps = 0.000145 >= 0.0001
Iteration 191 (max 500)
   eps = 0.00014 >= 0.0001
Iteration 192 (max 500)
   eps = 0.000135 >= 0.0001
Iteration 193 (max 500)
   eps = 0.000129 >= 0.0001
Iteration 194 (max 500)
   eps = 0.000125 >= 0.0001
Iteration 195 (max 500)
   eps = 0.00012 >= 0.0001
Iteration 196 (max 500)
   eps = 0.000116 >= 0.0001
Iteration 197 (max 500)
   eps = 0.000112 >= 0.0001
Iteration 198 (max 500)
   eps = 0.000109 >= 0.0001
Iteration 199 (max 500)
   eps = 0.000105 >= 0.0001
Iteration 200 (max 500)
   eps = 0.000101 >= 0.0001
Iteration 201 (max 500)
Time spent by the wind speed solver: 27.6497220993042 s
Rotates geometries from -45.0 degrees
Interp succeeded!!! for tmp_file
Interp succeeded!!! for tmp_file
Interp succeeded!!! for tmp_file
Interp succeeded!!! for tmp_file
Interp succeeded!!! for tmp_file
Interp succeeded!!! for tmp_file
Rotates geometries from -45.0 degrees
Rotates geometries from -45.0 degrees
Rotates geometries from -45.0 degrees
Rotates geometries from -45.0 degrees
Rotates geometries from -45.0 degrees
Rotates geometries from -45.0 degrees
Rotates geometries from -45.0 degrees
Rotates geometries from -45.0 degrees
Rotates geometries from -45.0 degrees
Rotates geometries from -45.0 degrees
Rotates geometries from -45.0 degrees
Process 3849970: Successfully ran URock for tile output 'wind_field_raw_tile_13'.
Process 3849970: Elapsed time for URock ('wind_field_raw_tile_13'): 189.64 seconds.
[Master] Process 3849968 - Tile 0: Finished processing.
[Master] 3849968: exit signal
Info: Debuffered '/storage/project/r-rbasu31-0/hyu483/Test_UMEP/UROCK_output_31_spawn/temp_intermediate_files/tile_0_urock_raw_outputs/z1_5/wind_field_raw_tile_0WS.tif' to '/storage/project/r-rbasu31-0/hyu483/Test_UMEP/UROCK_output_31_spawn/urock_tiled_output/urock_wind_field_tile_0WS.tif' (original extent: (233582.59099838723, 901732.4833440109, 233782.59099838723, 901932.4833440109)).
[Master] Process 3849970 - Tile 13: Finished processing.
[Master] 3849970: exit signal
[Master] Process 3849991 - Tile 7: Finished processing.
[Master] 3849991: exit signal
Info: Debuffered '/storage/project/r-rbasu31-0/hyu483/Test_UMEP/UROCK_output_31_spawn/temp_intermediate_files/tile_13_urock_raw_outputs/z1_5/wind_field_raw_tile_13WS.tif' to '/storage/project/r-rbasu31-0/hyu483/Test_UMEP/UROCK_output_31_spawn/urock_tiled_output/urock_wind_field_tile_13WS.tif' (original extent: (233982.59099838723, 901932.4833440109, 234182.59099838723, 902132.4833440109)).
Info: Debuffered '/storage/project/r-rbasu31-0/hyu483/Test_UMEP/UROCK_output_31_spawn/temp_intermediate_files/tile_7_urock_raw_outputs/z1_5/wind_field_raw_tile_7WS.tif' to '/storage/project/r-rbasu31-0/hyu483/Test_UMEP/UROCK_output_31_spawn/urock_tiled_output/urock_wind_field_tile_7WS.tif' (original extent: (233782.59099838723, 901932.4833440109, 233982.59099838723, 902132.4833440109)).
Connecting to database
	->/tmp/URock_2025-12-21T1642198544d8cd-7a29-4fda-bba0-665801465fa8/myDbH2
/storage/home/hcoda1/4/hyu483/qgis_332/profiles/default/python/plugins/processing_umep/functions/URock/h2gis-standalone/h2gis-dist-2.2.3.jar
Connected!

Spatial functions added!

Load input data
Load table 'build_pre_srid_20251221164240'
Load table 'veg_pre_srid_20251221164240'
Creates blocks and stacked blocks
Rotates geometries from 45.0 degrees
Identify block base height and block cavity base
Calculates obstacle properties
Calculates zone properties
Initializes upwind facades
Update upwind facades base height
Initializes downwind facades
Calculates study area properties
Roughness zone properties are:

                                 - z0: 1.5670284150956943
                                 - d: 7.595038842796035
                                 - Hr: 10.446856100637962
                                 - H_ob_max: 95
                                 - lambda_f: 0.22719057009812516
Rotates geometries from -45.0 degrees
Rotates geometries from -45.0 degrees
Rotates geometries from -45.0 degrees
Creates displacement zones
Rotates geometries from -45.0 degrees
Rotates geometries from -45.0 degrees
Creates cavity and wake zones
Rotates geometries from -45.0 degrees
Rotates geometries from -45.0 degrees
Creates street canyon zones
Rotates geometries from -45.0 degrees
Creates rooftop zones (perpendicular and corner)
Rotates geometries from -45.0 degrees
Rotates geometries from -45.0 degrees
Creates built-up and open vegetation zones
Rotates geometries from -45.0 degrees
Rotates geometries from -45.0 degrees
Identify the buildings concerned by the impacted zone chosen by the user
Creates the grid of points
Affects each grid point to a building Rockle zone and calculates needed 
          variables for 3D wind speed
Affects each grid point to a vegetation Rockle zone and calculates 
          needed variables for 3D wind speed
Remove some of the Röckle zone points
Creates backward zones
Calculates the 3D wind speed factor value for each point of each BUILDING zone
Rotates geometries from -45.0 degrees
Rotates geometries from -45.0 degrees
Rotates geometries from -45.0 degrees
Rotates geometries from -45.0 degrees
Rotates geometries from -45.0 degrees
Rotates geometries from -45.0 degrees
Rotates geometries from -45.0 degrees
Rotates geometries from -45.0 degrees
Rotates geometries from -45.0 degrees
Calculates the 3D wind speed factor value for each point of each VEGETATION zone
Rotates geometries from -45.0 degrees
Deals with superimposition (keeps only 1 value per 3D point)
Deals with superimposition (keeps only 1 value per 3D point)
Identify upstreamer points in TEMPO_WEIGHTING table
Identify upstreamer points in TEMPO_PRIORITIES table
Identify upstreamer points in TEMPO_PRIORITIES_WEIGHT table
Deals with superimposition (keeps only 1 value per 3D point)
Identify upstreamer points in TEMPO_WEIGHTING table
Identify upstreamer points in TEMPO_PRIORITIES table
Identify upstreamer points in TEMPO_PRIORITIES_WEIGHT table
Rotates geometries from -45.0 degrees
Identify grid points intersecting buildings
Set the initial 3D wind speed field
Time spent for wind speed initialization: 115.1235978603363 s
Shape: (131, 149, 43) - Nb cells: 839317
Start to apply the wind solver
Iteration 1 (max 500)
   eps = 0.596535 >= 0.0001
Iteration 2 (max 500)
   eps = 0.373814 >= 0.0001
Iteration 3 (max 500)
   eps = 0.294633 >= 0.0001
Iteration 4 (max 500)
   eps = 0.243153 >= 0.0001
Iteration 5 (max 500)
   eps = 0.202738 >= 0.0001
Iteration 6 (max 500)
   eps = 0.169873 >= 0.0001
Iteration 7 (max 500)
   eps = 0.144357 >= 0.0001
Iteration 8 (max 500)
   eps = 0.124815 >= 0.0001
Iteration 9 (max 500)
   eps = 0.108167 >= 0.0001
Iteration 10 (max 500)
   eps = 0.095597 >= 0.0001
Iteration 11 (max 500)
   eps = 0.085617 >= 0.0001
Iteration 12 (max 500)
   eps = 0.077209 >= 0.0001
Iteration 13 (max 500)
   eps = 0.070339 >= 0.0001
Iteration 14 (max 500)
   eps = 0.064395 >= 0.0001
Iteration 15 (max 500)
   eps = 0.05928 >= 0.0001
Iteration 16 (max 500)
   eps = 0.054931 >= 0.0001
Iteration 17 (max 500)
   eps = 0.05108 >= 0.0001
Iteration 18 (max 500)
   eps = 0.047808 >= 0.0001
Iteration 19 (max 500)
   eps = 0.044933 >= 0.0001
Iteration 20 (max 500)
   eps = 0.042409 >= 0.0001
Iteration 21 (max 500)
   eps = 0.040016 >= 0.0001
Iteration 22 (max 500)
   eps = 0.037767 >= 0.0001
Iteration 23 (max 500)
   eps = 0.035725 >= 0.0001
Iteration 24 (max 500)
   eps = 0.033815 >= 0.0001
Iteration 25 (max 500)
   eps = 0.032122 >= 0.0001
Iteration 26 (max 500)
   eps = 0.030551 >= 0.0001
Iteration 27 (max 500)
   eps = 0.029099 >= 0.0001
Iteration 28 (max 500)
   eps = 0.027822 >= 0.0001
Iteration 29 (max 500)
   eps = 0.026647 >= 0.0001
Iteration 30 (max 500)
   eps = 0.02551 >= 0.0001
Iteration 31 (max 500)
   eps = 0.024383 >= 0.0001
Iteration 32 (max 500)
   eps = 0.023378 >= 0.0001
Iteration 33 (max 500)
   eps = 0.022452 >= 0.0001
Iteration 34 (max 500)
   eps = 0.021544 >= 0.0001
Iteration 35 (max 500)
   eps = 0.020697 >= 0.0001
Iteration 36 (max 500)
   eps = 0.019879 >= 0.0001
Iteration 37 (max 500)
   eps = 0.019127 >= 0.0001
Iteration 38 (max 500)
   eps = 0.018454 >= 0.0001
Iteration 39 (max 500)
   eps = 0.017844 >= 0.0001
Iteration 40 (max 500)
   eps = 0.017217 >= 0.0001
Iteration 41 (max 500)
   eps = 0.016655 >= 0.0001
Iteration 42 (max 500)
   eps = 0.015962 >= 0.0001
Iteration 43 (max 500)
   eps = 0.015406 >= 0.0001
Iteration 44 (max 500)
   eps = 0.014871 >= 0.0001
Iteration 45 (max 500)
   eps = 0.014358 >= 0.0001
Iteration 46 (max 500)
   eps = 0.013866 >= 0.0001
Iteration 47 (max 500)
   eps = 0.013408 >= 0.0001
Iteration 48 (max 500)
   eps = 0.012989 >= 0.0001
Iteration 49 (max 500)
   eps = 0.012574 >= 0.0001
Iteration 50 (max 500)
   eps = 0.012154 >= 0.0001
Iteration 51 (max 500)
   eps = 0.011739 >= 0.0001
Iteration 52 (max 500)
   eps = 0.011334 >= 0.0001
Iteration 53 (max 500)
   eps = 0.010933 >= 0.0001
Iteration 54 (max 500)
   eps = 0.010545 >= 0.0001
Iteration 55 (max 500)
   eps = 0.010189 >= 0.0001
Iteration 56 (max 500)
   eps = 0.009851 >= 0.0001
Iteration 57 (max 500)
   eps = 0.009527 >= 0.0001
Iteration 58 (max 500)
   eps = 0.009218 >= 0.0001
Iteration 59 (max 500)
   eps = 0.008918 >= 0.0001
Iteration 60 (max 500)
   eps = 0.008637 >= 0.0001
Iteration 61 (max 500)
   eps = 0.008372 >= 0.0001
Iteration 62 (max 500)
   eps = 0.008124 >= 0.0001
Iteration 63 (max 500)
   eps = 0.007882 >= 0.0001
Iteration 64 (max 500)
   eps = 0.007647 >= 0.0001
Iteration 65 (max 500)
   eps = 0.007422 >= 0.0001
Iteration 66 (max 500)
   eps = 0.007213 >= 0.0001
Iteration 67 (max 500)
   eps = 0.007024 >= 0.0001
Iteration 68 (max 500)
   eps = 0.006845 >= 0.0001
Iteration 69 (max 500)
   eps = 0.006673 >= 0.0001
Iteration 70 (max 500)
   eps = 0.006495 >= 0.0001
Iteration 71 (max 500)
   eps = 0.006315 >= 0.0001
Iteration 72 (max 500)
   eps = 0.006128 >= 0.0001
Iteration 73 (max 500)
   eps = 0.005952 >= 0.0001
Iteration 74 (max 500)
   eps = 0.00578 >= 0.0001
Iteration 75 (max 500)
   eps = 0.005616 >= 0.0001
Iteration 76 (max 500)
   eps = 0.005459 >= 0.0001
Iteration 77 (max 500)
   eps = 0.005302 >= 0.0001
Iteration 78 (max 500)
   eps = 0.005153 >= 0.0001
Iteration 79 (max 500)
   eps = 0.005002 >= 0.0001
Iteration 80 (max 500)
   eps = 0.004851 >= 0.0001
Iteration 81 (max 500)
   eps = 0.004707 >= 0.0001
Iteration 82 (max 500)
   eps = 0.004574 >= 0.0001
Iteration 83 (max 500)
   eps = 0.004455 >= 0.0001
Iteration 84 (max 500)
   eps = 0.004346 >= 0.0001
Iteration 85 (max 500)
   eps = 0.00425 >= 0.0001
Iteration 86 (max 500)
   eps = 0.00415 >= 0.0001
Iteration 87 (max 500)
   eps = 0.00404 >= 0.0001
Iteration 88 (max 500)
   eps = 0.00393 >= 0.0001
Iteration 89 (max 500)
   eps = 0.003824 >= 0.0001
Iteration 90 (max 500)
   eps = 0.003714 >= 0.0001
Iteration 91 (max 500)
   eps = 0.003601 >= 0.0001
Iteration 92 (max 500)
   eps = 0.003492 >= 0.0001
Iteration 93 (max 500)
   eps = 0.003392 >= 0.0001
Iteration 94 (max 500)
   eps = 0.003297 >= 0.0001
Iteration 95 (max 500)
   eps = 0.003207 >= 0.0001
Iteration 96 (max 500)
   eps = 0.003123 >= 0.0001
Iteration 97 (max 500)
   eps = 0.003044 >= 0.0001
Iteration 98 (max 500)
   eps = 0.00296 >= 0.0001
Iteration 99 (max 500)
   eps = 0.002877 >= 0.0001
Iteration 100 (max 500)
   eps = 0.002798 >= 0.0001
Iteration 101 (max 500)
   eps = 0.002723 >= 0.0001
Iteration 102 (max 500)
   eps = 0.002654 >= 0.0001
Iteration 103 (max 500)
   eps = 0.002589 >= 0.0001
Iteration 104 (max 500)
   eps = 0.002526 >= 0.0001
Iteration 105 (max 500)
   eps = 0.002469 >= 0.0001
Iteration 106 (max 500)
   eps = 0.00241 >= 0.0001
Iteration 107 (max 500)
   eps = 0.002349 >= 0.0001
Iteration 108 (max 500)
   eps = 0.002286 >= 0.0001
Iteration 109 (max 500)
   eps = 0.002219 >= 0.0001
Iteration 110 (max 500)
   eps = 0.002152 >= 0.0001
Iteration 111 (max 500)
   eps = 0.002088 >= 0.0001
Iteration 112 (max 500)
   eps = 0.002025 >= 0.0001
Iteration 113 (max 500)
   eps = 0.001963 >= 0.0001
Iteration 114 (max 500)
   eps = 0.001906 >= 0.0001
Iteration 115 (max 500)
   eps = 0.001849 >= 0.0001
Iteration 116 (max 500)
   eps = 0.001797 >= 0.0001
Iteration 117 (max 500)
   eps = 0.001756 >= 0.0001
Iteration 118 (max 500)
   eps = 0.001716 >= 0.0001
Iteration 119 (max 500)
   eps = 0.001671 >= 0.0001
Iteration 120 (max 500)
   eps = 0.001621 >= 0.0001
Iteration 121 (max 500)
   eps = 0.001572 >= 0.0001
Iteration 122 (max 500)
   eps = 0.001528 >= 0.0001
Iteration 123 (max 500)
   eps = 0.001488 >= 0.0001
Iteration 124 (max 500)
   eps = 0.001472 >= 0.0001
Iteration 125 (max 500)
   eps = 0.001413 >= 0.0001
Iteration 126 (max 500)
   eps = 0.001376 >= 0.0001
Iteration 127 (max 500)
   eps = 0.00134 >= 0.0001
Iteration 128 (max 500)
   eps = 0.001303 >= 0.0001
Iteration 129 (max 500)
   eps = 0.001264 >= 0.0001
Iteration 130 (max 500)
   eps = 0.001226 >= 0.0001
Iteration 131 (max 500)
   eps = 0.001189 >= 0.0001
Iteration 132 (max 500)
   eps = 0.001151 >= 0.0001
Iteration 133 (max 500)
   eps = 0.001119 >= 0.0001
Iteration 134 (max 500)
   eps = 0.001085 >= 0.0001
Iteration 135 (max 500)
   eps = 0.001049 >= 0.0001
Iteration 136 (max 500)
   eps = 0.001017 >= 0.0001
Iteration 137 (max 500)
   eps = 0.000987 >= 0.0001
Iteration 138 (max 500)
   eps = 0.00096 >= 0.0001
Iteration 139 (max 500)
   eps = 0.000933 >= 0.0001
Iteration 140 (max 500)
   eps = 0.000903 >= 0.0001
Iteration 141 (max 500)
   eps = 0.000878 >= 0.0001
Iteration 142 (max 500)
   eps = 0.000854 >= 0.0001
Iteration 143 (max 500)
   eps = 0.00083 >= 0.0001
Iteration 144 (max 500)
   eps = 0.000803 >= 0.0001
Iteration 145 (max 500)
   eps = 0.000778 >= 0.0001
Iteration 146 (max 500)
   eps = 0.000754 >= 0.0001
Iteration 147 (max 500)
   eps = 0.000728 >= 0.0001
Iteration 148 (max 500)
   eps = 0.000704 >= 0.0001
Iteration 149 (max 500)
   eps = 0.00068 >= 0.0001
Iteration 150 (max 500)
   eps = 0.000657 >= 0.0001
Iteration 151 (max 500)
   eps = 0.000635 >= 0.0001
Iteration 152 (max 500)
   eps = 0.000613 >= 0.0001
Iteration 153 (max 500)
   eps = 0.000593 >= 0.0001
Iteration 154 (max 500)
   eps = 0.000573 >= 0.0001
Iteration 155 (max 500)
   eps = 0.000555 >= 0.0001
Iteration 156 (max 500)
   eps = 0.000539 >= 0.0001
Iteration 157 (max 500)
   eps = 0.000524 >= 0.0001
Iteration 158 (max 500)
   eps = 0.000508 >= 0.0001
Iteration 159 (max 500)
   eps = 0.000493 >= 0.0001
Iteration 160 (max 500)
   eps = 0.000476 >= 0.0001
Iteration 161 (max 500)
   eps = 0.00046 >= 0.0001
Iteration 162 (max 500)
   eps = 0.000444 >= 0.0001
Iteration 163 (max 500)
   eps = 0.000429 >= 0.0001
Iteration 164 (max 500)
   eps = 0.000415 >= 0.0001
Iteration 165 (max 500)
   eps = 0.000401 >= 0.0001
Iteration 166 (max 500)
   eps = 0.000388 >= 0.0001
Iteration 167 (max 500)
   eps = 0.000375 >= 0.0001
Iteration 168 (max 500)
   eps = 0.000363 >= 0.0001
Iteration 169 (max 500)
   eps = 0.000351 >= 0.0001
Iteration 170 (max 500)
   eps = 0.00034 >= 0.0001
Iteration 171 (max 500)
   eps = 0.000329 >= 0.0001
Iteration 172 (max 500)
   eps = 0.000318 >= 0.0001
Iteration 173 (max 500)
   eps = 0.000308 >= 0.0001
Iteration 174 (max 500)
   eps = 0.000297 >= 0.0001
Iteration 175 (max 500)
   eps = 0.000286 >= 0.0001
Iteration 176 (max 500)
   eps = 0.000276 >= 0.0001
Iteration 177 (max 500)
   eps = 0.000267 >= 0.0001
Iteration 178 (max 500)
   eps = 0.000258 >= 0.0001
Iteration 179 (max 500)
   eps = 0.000249 >= 0.0001
Iteration 180 (max 500)
   eps = 0.000241 >= 0.0001
Iteration 181 (max 500)
   eps = 0.000233 >= 0.0001
Iteration 182 (max 500)
   eps = 0.000225 >= 0.0001
Iteration 183 (max 500)
   eps = 0.000217 >= 0.0001
Iteration 184 (max 500)
   eps = 0.00021 >= 0.0001
Iteration 185 (max 500)
   eps = 0.000202 >= 0.0001
Iteration 186 (max 500)
   eps = 0.000195 >= 0.0001
Iteration 187 (max 500)
   eps = 0.000189 >= 0.0001
Iteration 188 (max 500)
   eps = 0.000182 >= 0.0001
Iteration 189 (max 500)
   eps = 0.000176 >= 0.0001
Iteration 190 (max 500)
   eps = 0.00017 >= 0.0001
Iteration 191 (max 500)
   eps = 0.000164 >= 0.0001
Iteration 192 (max 500)
   eps = 0.000158 >= 0.0001
Iteration 193 (max 500)
   eps = 0.000153 >= 0.0001
Iteration 194 (max 500)
   eps = 0.000148 >= 0.0001
Iteration 195 (max 500)
   eps = 0.000143 >= 0.0001
Iteration 196 (max 500)
   eps = 0.000137 >= 0.0001
Iteration 197 (max 500)
   eps = 0.000133 >= 0.0001
Iteration 198 (max 500)
   eps = 0.000128 >= 0.0001
Iteration 199 (max 500)
   eps = 0.000124 >= 0.0001
Iteration 200 (max 500)
   eps = 0.000119 >= 0.0001
Iteration 201 (max 500)
   eps = 0.000115 >= 0.0001
Iteration 202 (max 500)
   eps = 0.00011 >= 0.0001
Iteration 203 (max 500)
   eps = 0.000106 >= 0.0001
Iteration 204 (max 500)
   eps = 0.000102 >= 0.0001
Iteration 205 (max 500)
Time spent by the wind speed solver: 35.94956183433533 s
Rotates geometries from -45.0 degrees
Interp succeeded!!! for tmp_file
Interp succeeded!!! for tmp_file
Interp succeeded!!! for tmp_file
Interp succeeded!!! for tmp_file
Interp succeeded!!! for tmp_file
Interp succeeded!!! for tmp_file
Rotates geometries from -45.0 degrees
Rotates geometries from -45.0 degrees
Rotates geometries from -45.0 degrees
Rotates geometries from -45.0 degrees
Rotates geometries from -45.0 degrees
Rotates geometries from -45.0 degrees
Rotates geometries from -45.0 degrees
Rotates geometries from -45.0 degrees
Rotates geometries from -45.0 degrees
Rotates geometries from -45.0 degrees
Rotates geometries from -45.0 degrees
Process 3849993: Successfully ran URock for tile output 'wind_field_raw_tile_26'.
Process 3849993: Elapsed time for URock ('wind_field_raw_tile_26'): 190.03 seconds.
[Master] Process 3849993 - Tile 26: Finished processing.
[Master] 3849993: exit signal
Info: Debuffered '/storage/project/r-rbasu31-0/hyu483/Test_UMEP/UROCK_output_31_spawn/temp_intermediate_files/tile_26_urock_raw_outputs/z1_5/wind_field_raw_tile_26WS.tif' to '/storage/project/r-rbasu31-0/hyu483/Test_UMEP/UROCK_output_31_spawn/urock_tiled_output/urock_wind_field_tile_26WS.tif' (original extent: (234382.59099838723, 902132.4833440109, 234582.59099838723, 902332.4833440109)).
Connecting to database
	->/tmp/URock_2025-12-21T164219ae50235f-a701-4965-b613-98abc659039d/myDbH2
/storage/home/hcoda1/4/hyu483/qgis_332/profiles/default/python/plugins/processing_umep/functions/URock/h2gis-standalone/h2gis-dist-2.2.3.jar
Connected!

Spatial functions added!

Load input data
Load table 'build_pre_srid_20251221164241'
Load table 'veg_pre_srid_20251221164241'
Creates blocks and stacked blocks
Rotates geometries from 45.0 degrees
Identify block base height and block cavity base
Calculates obstacle properties
Calculates zone properties
Initializes upwind facades
Update upwind facades base height
Initializes downwind facades
Calculates study area properties
Roughness zone properties are:

                                 - z0: 2.166761054192683
                                 - d: 10.455420931363786
                                 - Hr: 14.445073694617886
                                 - H_ob_max: 35
                                 - lambda_f: 0.21801514924761206
Rotates geometries from -45.0 degrees
Rotates geometries from -45.0 degrees
Rotates geometries from -45.0 degrees
Creates displacement zones
Rotates geometries from -45.0 degrees
Rotates geometries from -45.0 degrees
Creates cavity and wake zones
Rotates geometries from -45.0 degrees
Rotates geometries from -45.0 degrees
Creates street canyon zones
Rotates geometries from -45.0 degrees
Creates rooftop zones (perpendicular and corner)
Rotates geometries from -45.0 degrees
Rotates geometries from -45.0 degrees
Creates built-up and open vegetation zones
Rotates geometries from -45.0 degrees
Rotates geometries from -45.0 degrees
Identify the buildings concerned by the impacted zone chosen by the user
Creates the grid of points
Affects each grid point to a building Rockle zone and calculates needed 
          variables for 3D wind speed
Affects each grid point to a vegetation Rockle zone and calculates 
          needed variables for 3D wind speed
Remove some of the Röckle zone points
Creates backward zones
Calculates the 3D wind speed factor value for each point of each BUILDING zone
Rotates geometries from -45.0 degrees
Rotates geometries from -45.0 degrees
Rotates geometries from -45.0 degrees
Rotates geometries from -45.0 degrees
Rotates geometries from -45.0 degrees
Rotates geometries from -45.0 degrees
Rotates geometries from -45.0 degrees
Rotates geometries from -45.0 degrees
Rotates geometries from -45.0 degrees
Calculates the 3D wind speed factor value for each point of each VEGETATION zone
Rotates geometries from -45.0 degrees
Deals with superimposition (keeps only 1 value per 3D point)
Deals with superimposition (keeps only 1 value per 3D point)
Identify upstreamer points in TEMPO_WEIGHTING table
Identify upstreamer points in TEMPO_PRIORITIES table
Identify upstreamer points in TEMPO_PRIORITIES_WEIGHT table
Deals with superimposition (keeps only 1 value per 3D point)
Identify upstreamer points in TEMPO_WEIGHTING table
Identify upstreamer points in TEMPO_PRIORITIES table
Identify upstreamer points in TEMPO_PRIORITIES_WEIGHT table
Rotates geometries from -45.0 degrees
Identify grid points intersecting buildings
Set the initial 3D wind speed field
Time spent for wind speed initialization: 127.57705783843994 s
Shape: (124, 163, 25) - Nb cells: 505300
Start to apply the wind solver
Iteration 1 (max 500)
   eps = 0.650015 >= 0.0001
Iteration 2 (max 500)
   eps = 0.421554 >= 0.0001
Iteration 3 (max 500)
   eps = 0.325999 >= 0.0001
Iteration 4 (max 500)
   eps = 0.262237 >= 0.0001
Iteration 5 (max 500)
   eps = 0.21473 >= 0.0001
Iteration 6 (max 500)
   eps = 0.180868 >= 0.0001
Iteration 7 (max 500)
   eps = 0.15494 >= 0.0001
Iteration 8 (max 500)
   eps = 0.133737 >= 0.0001
Iteration 9 (max 500)
   eps = 0.116985 >= 0.0001
Iteration 10 (max 500)
   eps = 0.102074 >= 0.0001
Iteration 11 (max 500)
   eps = 0.089672 >= 0.0001
Iteration 12 (max 500)
   eps = 0.079145 >= 0.0001
Iteration 13 (max 500)
   eps = 0.070312 >= 0.0001
Iteration 14 (max 500)
   eps = 0.063356 >= 0.0001
Iteration 15 (max 500)
   eps = 0.057732 >= 0.0001
Iteration 16 (max 500)
   eps = 0.053268 >= 0.0001
Iteration 17 (max 500)
   eps = 0.049324 >= 0.0001
Iteration 18 (max 500)
   eps = 0.045789 >= 0.0001
Iteration 19 (max 500)
   eps = 0.042937 >= 0.0001
Iteration 20 (max 500)
   eps = 0.040392 >= 0.0001
Iteration 21 (max 500)
   eps = 0.038023 >= 0.0001
Iteration 22 (max 500)
   eps = 0.035868 >= 0.0001
Iteration 23 (max 500)
   eps = 0.034356 >= 0.0001
Iteration 24 (max 500)
   eps = 0.033475 >= 0.0001
Iteration 25 (max 500)
   eps = 0.031334 >= 0.0001
Iteration 26 (max 500)
   eps = 0.030107 >= 0.0001
Iteration 27 (max 500)
   eps = 0.029079 >= 0.0001
Iteration 28 (max 500)
   eps = 0.02784 >= 0.0001
Iteration 29 (max 500)
   eps = 0.026639 >= 0.0001
Iteration 30 (max 500)
   eps = 0.025533 >= 0.0001
Iteration 31 (max 500)
   eps = 0.024514 >= 0.0001
Iteration 32 (max 500)
   eps = 0.023562 >= 0.0001
Iteration 33 (max 500)
   eps = 0.0227 >= 0.0001
Iteration 34 (max 500)
   eps = 0.021931 >= 0.0001
Iteration 35 (max 500)
   eps = 0.021284 >= 0.0001
Iteration 36 (max 500)
   eps = 0.020711 >= 0.0001
Iteration 37 (max 500)
   eps = 0.020125 >= 0.0001
Iteration 38 (max 500)
   eps = 0.019473 >= 0.0001
Iteration 39 (max 500)
   eps = 0.01883 >= 0.0001
Iteration 40 (max 500)
   eps = 0.018206 >= 0.0001
Iteration 41 (max 500)
   eps = 0.017594 >= 0.0001
Iteration 42 (max 500)
   eps = 0.017049 >= 0.0001
Iteration 43 (max 500)
   eps = 0.016613 >= 0.0001
Iteration 44 (max 500)
   eps = 0.016252 >= 0.0001
Iteration 45 (max 500)
   eps = 0.015902 >= 0.0001
Iteration 46 (max 500)
   eps = 0.015524 >= 0.0001
Iteration 47 (max 500)
   eps = 0.015066 >= 0.0001
Iteration 48 (max 500)
   eps = 0.014594 >= 0.0001
Iteration 49 (max 500)
   eps = 0.014095 >= 0.0001
Iteration 50 (max 500)
   eps = 0.013607 >= 0.0001
Iteration 51 (max 500)
   eps = 0.013144 >= 0.0001
Iteration 52 (max 500)
   eps = 0.012706 >= 0.0001
Iteration 53 (max 500)
   eps = 0.012276 >= 0.0001
Iteration 54 (max 500)
   eps = 0.011884 >= 0.0001
Iteration 55 (max 500)
   eps = 0.011508 >= 0.0001
Iteration 56 (max 500)
   eps = 0.011168 >= 0.0001
Iteration 57 (max 500)
   eps = 0.010808 >= 0.0001
Iteration 58 (max 500)
   eps = 0.010461 >= 0.0001
Iteration 59 (max 500)
   eps = 0.010129 >= 0.0001
Iteration 60 (max 500)
   eps = 0.009837 >= 0.0001
Iteration 61 (max 500)
   eps = 0.009555 >= 0.0001
Iteration 62 (max 500)
   eps = 0.009271 >= 0.0001
Iteration 63 (max 500)
   eps = 0.008979 >= 0.0001
Iteration 64 (max 500)
   eps = 0.0087 >= 0.0001
Iteration 65 (max 500)
   eps = 0.008415 >= 0.0001
Iteration 66 (max 500)
   eps = 0.00816 >= 0.0001
Iteration 67 (max 500)
   eps = 0.007925 >= 0.0001
Iteration 68 (max 500)
   eps = 0.0077 >= 0.0001
Iteration 69 (max 500)
   eps = 0.007488 >= 0.0001
Iteration 70 (max 500)
   eps = 0.007308 >= 0.0001
Iteration 71 (max 500)
   eps = 0.007113 >= 0.0001
Iteration 72 (max 500)
   eps = 0.006924 >= 0.0001
Iteration 73 (max 500)
   eps = 0.006744 >= 0.0001
Iteration 74 (max 500)
   eps = 0.006554 >= 0.0001
Iteration 75 (max 500)
   eps = 0.006383 >= 0.0001
Iteration 76 (max 500)
   eps = 0.006232 >= 0.0001
Iteration 77 (max 500)
   eps = 0.006071 >= 0.0001
Iteration 78 (max 500)
   eps = 0.005923 >= 0.0001
Iteration 79 (max 500)
   eps = 0.00577 >= 0.0001
Iteration 80 (max 500)
   eps = 0.005607 >= 0.0001
Iteration 81 (max 500)
   eps = 0.005437 >= 0.0001
Iteration 82 (max 500)
   eps = 0.005273 >= 0.0001
Iteration 83 (max 500)
   eps = 0.005098 >= 0.0001
Iteration 84 (max 500)
   eps = 0.004921 >= 0.0001
Iteration 85 (max 500)
   eps = 0.004762 >= 0.0001
Iteration 86 (max 500)
   eps = 0.004607 >= 0.0001
Iteration 87 (max 500)
   eps = 0.004467 >= 0.0001
Iteration 88 (max 500)
   eps = 0.004343 >= 0.0001
Iteration 89 (max 500)
   eps = 0.004222 >= 0.0001
Iteration 90 (max 500)
   eps = 0.004091 >= 0.0001
Iteration 91 (max 500)
   eps = 0.003964 >= 0.0001
Iteration 92 (max 500)
   eps = 0.003856 >= 0.0001
Iteration 93 (max 500)
   eps = 0.003745 >= 0.0001
Iteration 94 (max 500)
   eps = 0.003636 >= 0.0001
Iteration 95 (max 500)
   eps = 0.003517 >= 0.0001
Iteration 96 (max 500)
   eps = 0.0034 >= 0.0001
Iteration 97 (max 500)
   eps = 0.003287 >= 0.0001
Iteration 98 (max 500)
   eps = 0.00318 >= 0.0001
Iteration 99 (max 500)
   eps = 0.003079 >= 0.0001
Iteration 100 (max 500)
   eps = 0.002986 >= 0.0001
Iteration 101 (max 500)
   eps = 0.00291 >= 0.0001
Iteration 102 (max 500)
   eps = 0.002843 >= 0.0001
Iteration 103 (max 500)
   eps = 0.002778 >= 0.0001
Iteration 104 (max 500)
   eps = 0.002706 >= 0.0001
Iteration 105 (max 500)
   eps = 0.002627 >= 0.0001
Iteration 106 (max 500)
   eps = 0.002533 >= 0.0001
Iteration 107 (max 500)
   eps = 0.002445 >= 0.0001
Iteration 108 (max 500)
   eps = 0.002371 >= 0.0001
Iteration 109 (max 500)
   eps = 0.00229 >= 0.0001
Iteration 110 (max 500)
   eps = 0.002231 >= 0.0001
Iteration 111 (max 500)
   eps = 0.002175 >= 0.0001
Iteration 112 (max 500)
   eps = 0.002135 >= 0.0001
Iteration 113 (max 500)
   eps = 0.002092 >= 0.0001
Iteration 114 (max 500)
   eps = 0.00204 >= 0.0001
Iteration 115 (max 500)
   eps = 0.001974 >= 0.0001
Iteration 116 (max 500)
   eps = 0.001905 >= 0.0001
Iteration 117 (max 500)
   eps = 0.001839 >= 0.0001
Iteration 118 (max 500)
   eps = 0.001772 >= 0.0001
Iteration 119 (max 500)
   eps = 0.00171 >= 0.0001
Iteration 120 (max 500)
   eps = 0.001651 >= 0.0001
Iteration 121 (max 500)
   eps = 0.001593 >= 0.0001
Iteration 122 (max 500)
   eps = 0.001537 >= 0.0001
Iteration 123 (max 500)
   eps = 0.001488 >= 0.0001
Iteration 124 (max 500)
   eps = 0.001442 >= 0.0001
Iteration 125 (max 500)
   eps = 0.001397 >= 0.0001
Iteration 126 (max 500)
   eps = 0.001353 >= 0.0001
Iteration 127 (max 500)
   eps = 0.001309 >= 0.0001
Iteration 128 (max 500)
   eps = 0.001269 >= 0.0001
Iteration 129 (max 500)
   eps = 0.001231 >= 0.0001
Iteration 130 (max 500)
   eps = 0.001196 >= 0.0001
Iteration 131 (max 500)
   eps = 0.001159 >= 0.0001
Iteration 132 (max 500)
   eps = 0.001149 >= 0.0001
Iteration 133 (max 500)
   eps = 0.001108 >= 0.0001
Iteration 134 (max 500)
   eps = 0.001074 >= 0.0001
Iteration 135 (max 500)
   eps = 0.00104 >= 0.0001
Iteration 136 (max 500)
   eps = 0.001006 >= 0.0001
Iteration 137 (max 500)
   eps = 0.000976 >= 0.0001
Iteration 138 (max 500)
   eps = 0.000943 >= 0.0001
Iteration 139 (max 500)
   eps = 0.000911 >= 0.0001
Iteration 140 (max 500)
   eps = 0.00088 >= 0.0001
Iteration 141 (max 500)
   eps = 0.000848 >= 0.0001
Iteration 142 (max 500)
   eps = 0.000817 >= 0.0001
Iteration 143 (max 500)
   eps = 0.000791 >= 0.0001
Iteration 144 (max 500)
   eps = 0.000765 >= 0.0001
Iteration 145 (max 500)
   eps = 0.000741 >= 0.0001
Iteration 146 (max 500)
   eps = 0.000719 >= 0.0001
Iteration 147 (max 500)
   eps = 0.000695 >= 0.0001
Iteration 148 (max 500)
   eps = 0.000673 >= 0.0001
Iteration 149 (max 500)
   eps = 0.000652 >= 0.0001
Iteration 150 (max 500)
   eps = 0.000633 >= 0.0001
Iteration 151 (max 500)
   eps = 0.000612 >= 0.0001
Iteration 152 (max 500)
   eps = 0.000593 >= 0.0001
Iteration 153 (max 500)
   eps = 0.000574 >= 0.0001
Iteration 154 (max 500)
   eps = 0.000557 >= 0.0001
Iteration 155 (max 500)
   eps = 0.000541 >= 0.0001
Iteration 156 (max 500)
   eps = 0.000525 >= 0.0001
Iteration 157 (max 500)
   eps = 0.00051 >= 0.0001
Iteration 158 (max 500)
   eps = 0.000493 >= 0.0001
Iteration 159 (max 500)
   eps = 0.000476 >= 0.0001
Iteration 160 (max 500)
   eps = 0.000459 >= 0.0001
Iteration 161 (max 500)
   eps = 0.000442 >= 0.0001
Iteration 162 (max 500)
   eps = 0.000428 >= 0.0001
Iteration 163 (max 500)
   eps = 0.000413 >= 0.0001
Iteration 164 (max 500)
   eps = 0.000399 >= 0.0001
Iteration 165 (max 500)
   eps = 0.000385 >= 0.0001
Iteration 166 (max 500)
   eps = 0.000372 >= 0.0001
Iteration 167 (max 500)
   eps = 0.000359 >= 0.0001
Iteration 168 (max 500)
   eps = 0.000346 >= 0.0001
Iteration 169 (max 500)
   eps = 0.000333 >= 0.0001
Iteration 170 (max 500)
   eps = 0.000322 >= 0.0001
Iteration 171 (max 500)
   eps = 0.000311 >= 0.0001
Iteration 172 (max 500)
   eps = 0.000299 >= 0.0001
Iteration 173 (max 500)
   eps = 0.000288 >= 0.0001
Iteration 174 (max 500)
   eps = 0.000279 >= 0.0001
Iteration 175 (max 500)
   eps = 0.000269 >= 0.0001
Iteration 176 (max 500)
   eps = 0.00026 >= 0.0001
Iteration 177 (max 500)
   eps = 0.000251 >= 0.0001
Iteration 178 (max 500)
   eps = 0.000243 >= 0.0001
Iteration 179 (max 500)
   eps = 0.000236 >= 0.0001
Iteration 180 (max 500)
   eps = 0.000227 >= 0.0001
Iteration 181 (max 500)
   eps = 0.000219 >= 0.0001
Iteration 182 (max 500)
   eps = 0.000211 >= 0.0001
Iteration 183 (max 500)
   eps = 0.000204 >= 0.0001
Iteration 184 (max 500)
   eps = 0.000197 >= 0.0001
Iteration 185 (max 500)
   eps = 0.00019 >= 0.0001
Iteration 186 (max 500)
   eps = 0.000184 >= 0.0001
Iteration 187 (max 500)
   eps = 0.000177 >= 0.0001
Iteration 188 (max 500)
   eps = 0.000171 >= 0.0001
Iteration 189 (max 500)
   eps = 0.000165 >= 0.0001
Iteration 190 (max 500)
   eps = 0.000159 >= 0.0001
Iteration 191 (max 500)
   eps = 0.000154 >= 0.0001
Iteration 192 (max 500)
   eps = 0.000148 >= 0.0001
Iteration 193 (max 500)
   eps = 0.000143 >= 0.0001
Iteration 194 (max 500)
   eps = 0.000138 >= 0.0001
Iteration 195 (max 500)
   eps = 0.000132 >= 0.0001
Iteration 196 (max 500)
   eps = 0.000128 >= 0.0001
Iteration 197 (max 500)
   eps = 0.000124 >= 0.0001
Iteration 198 (max 500)
   eps = 0.000119 >= 0.0001
Iteration 199 (max 500)
   eps = 0.000115 >= 0.0001
Iteration 200 (max 500)
   eps = 0.000111 >= 0.0001
Iteration 201 (max 500)
   eps = 0.000107 >= 0.0001
Iteration 202 (max 500)
   eps = 0.000103 >= 0.0001
Iteration 203 (max 500)
Time spent by the wind speed solver: 22.85223913192749 s
Rotates geometries from -45.0 degrees
Interp succeeded!!! for tmp_file
Interp succeeded!!! for tmp_file
Interp succeeded!!! for tmp_file
Interp succeeded!!! for tmp_file
Interp succeeded!!! for tmp_file
Interp succeeded!!! for tmp_file
Rotates geometries from -45.0 degrees
Rotates geometries from -45.0 degrees
Rotates geometries from -45.0 degrees
Rotates geometries from -45.0 degrees
Rotates geometries from -45.0 degrees
Rotates geometries from -45.0 degrees
Rotates geometries from -45.0 degrees
Rotates geometries from -45.0 degrees
Rotates geometries from -45.0 degrees
Rotates geometries from -45.0 degrees
Rotates geometries from -45.0 degrees
Process 3849978: Successfully ran URock for tile output 'wind_field_raw_tile_1'.
Process 3849978: Elapsed time for URock ('wind_field_raw_tile_1'): 191.49 seconds.
[Master] Process 3849978 - Tile 1: Finished processing.
[Master] 3849978: exit signal
Info: Debuffered '/storage/project/r-rbasu31-0/hyu483/Test_UMEP/UROCK_output_31_spawn/temp_intermediate_files/tile_1_urock_raw_outputs/z1_5/wind_field_raw_tile_1WS.tif' to '/storage/project/r-rbasu31-0/hyu483/Test_UMEP/UROCK_output_31_spawn/urock_tiled_output/urock_wind_field_tile_1WS.tif' (original extent: (233582.59099838723, 901932.4833440109, 233782.59099838723, 902132.4833440109)).
Connecting to database
	->/tmp/URock_2025-12-21T164218609bff02-5dae-4e24-918f-27374630939d/myDbH2
/storage/home/hcoda1/4/hyu483/qgis_332/profiles/default/python/plugins/processing_umep/functions/URock/h2gis-standalone/h2gis-dist-2.2.3.jar
Connected!

Spatial functions added!

Load input data
Load table 'build_pre_srid_20251221164232'
Load table 'veg_pre_srid_20251221164232'
Creates blocks and stacked blocks
Rotates geometries from 45.0 degrees
Identify block base height and block cavity base
Calculates obstacle properties
Calculates zone properties
Initializes upwind facades
Update upwind facades base height
Initializes downwind facades
Calculates study area properties
Roughness zone properties are:

                                 - z0: 1.5998381808150652
                                 - d: 7.733461696621982
                                 - Hr: 10.665587872100435
                                 - H_ob_max: 78
                                 - lambda_f: 0.22167247717213392
Rotates geometries from -45.0 degrees
Rotates geometries from -45.0 degrees
Rotates geometries from -45.0 degrees
Creates displacement zones
Rotates geometries from -45.0 degrees
Rotates geometries from -45.0 degrees
Creates cavity and wake zones
Rotates geometries from -45.0 degrees
Rotates geometries from -45.0 degrees
Creates street canyon zones
Rotates geometries from -45.0 degrees
Creates rooftop zones (perpendicular and corner)
Rotates geometries from -45.0 degrees
Rotates geometries from -45.0 degrees
Creates built-up and open vegetation zones
Rotates geometries from -45.0 degrees
Rotates geometries from -45.0 degrees
Identify the buildings concerned by the impacted zone chosen by the user
Creates the grid of points
Affects each grid point to a building Rockle zone and calculates needed 
          variables for 3D wind speed
Affects each grid point to a vegetation Rockle zone and calculates 
          needed variables for 3D wind speed
Remove some of the Röckle zone points
Creates backward zones
Calculates the 3D wind speed factor value for each point of each BUILDING zone
Rotates geometries from -45.0 degrees
Rotates geometries from -45.0 degrees
Rotates geometries from -45.0 degrees
Rotates geometries from -45.0 degrees
Rotates geometries from -45.0 degrees
Rotates geometries from -45.0 degrees
Rotates geometries from -45.0 degrees
Rotates geometries from -45.0 degrees
Rotates geometries from -45.0 degrees
Calculates the 3D wind speed factor value for each point of each VEGETATION zone
Rotates geometries from -45.0 degrees
Deals with superimposition (keeps only 1 value per 3D point)
Deals with superimposition (keeps only 1 value per 3D point)
Identify upstreamer points in TEMPO_WEIGHTING table
Identify upstreamer points in TEMPO_PRIORITIES table
Identify upstreamer points in TEMPO_PRIORITIES_WEIGHT table
Deals with superimposition (keeps only 1 value per 3D point)
Identify upstreamer points in TEMPO_WEIGHTING table
Identify upstreamer points in TEMPO_PRIORITIES table
Identify upstreamer points in TEMPO_PRIORITIES_WEIGHT table
Rotates geometries from -45.0 degrees
Identify grid points intersecting buildings
Set the initial 3D wind speed field
Time spent for wind speed initialization: 133.39130115509033 s
Shape: (131, 188, 41) - Nb cells: 1009748
Start to apply the wind solver
Iteration 1 (max 500)
   eps = 0.646638 >= 0.0001
Iteration 2 (max 500)
   eps = 0.399533 >= 0.0001
Iteration 3 (max 500)
   eps = 0.303211 >= 0.0001
Iteration 4 (max 500)
   eps = 0.243335 >= 0.0001
Iteration 5 (max 500)
   eps = 0.200253 >= 0.0001
Iteration 6 (max 500)
   eps = 0.170659 >= 0.0001
Iteration 7 (max 500)
   eps = 0.148788 >= 0.0001
Iteration 8 (max 500)
   eps = 0.131232 >= 0.0001
Iteration 9 (max 500)
   eps = 0.116901 >= 0.0001
Iteration 10 (max 500)
   eps = 0.104183 >= 0.0001
Iteration 11 (max 500)
   eps = 0.093669 >= 0.0001
Iteration 12 (max 500)
   eps = 0.0849 >= 0.0001
Iteration 13 (max 500)
   eps = 0.077209 >= 0.0001
Iteration 14 (max 500)
   eps = 0.070269 >= 0.0001
Iteration 15 (max 500)
   eps = 0.064492 >= 0.0001
Iteration 16 (max 500)
   eps = 0.059694 >= 0.0001
Iteration 17 (max 500)
   eps = 0.05524 >= 0.0001
Iteration 18 (max 500)
   eps = 0.051286 >= 0.0001
Iteration 19 (max 500)
   eps = 0.047771 >= 0.0001
Iteration 20 (max 500)
   eps = 0.044602 >= 0.0001
Iteration 21 (max 500)
   eps = 0.041655 >= 0.0001
Iteration 22 (max 500)
   eps = 0.0391 >= 0.0001
Iteration 23 (max 500)
   eps = 0.036772 >= 0.0001
Iteration 24 (max 500)
   eps = 0.034623 >= 0.0001
Iteration 25 (max 500)
   eps = 0.032628 >= 0.0001
Iteration 26 (max 500)
   eps = 0.03078 >= 0.0001
Iteration 27 (max 500)
   eps = 0.029156 >= 0.0001
Iteration 28 (max 500)
   eps = 0.027659 >= 0.0001
Iteration 29 (max 500)
   eps = 0.026274 >= 0.0001
Iteration 30 (max 500)
   eps = 0.025034 >= 0.0001
Iteration 31 (max 500)
   eps = 0.023814 >= 0.0001
Iteration 32 (max 500)
   eps = 0.022645 >= 0.0001
Iteration 33 (max 500)
   eps = 0.021621 >= 0.0001
Iteration 34 (max 500)
   eps = 0.02066 >= 0.0001
Iteration 35 (max 500)
   eps = 0.019788 >= 0.0001
Iteration 36 (max 500)
   eps = 0.018961 >= 0.0001
Iteration 37 (max 500)
   eps = 0.018181 >= 0.0001
Iteration 38 (max 500)
   eps = 0.017466 >= 0.0001
Iteration 39 (max 500)
   eps = 0.016925 >= 0.0001
Iteration 40 (max 500)
   eps = 0.016271 >= 0.0001
Iteration 41 (max 500)
   eps = 0.015672 >= 0.0001
Iteration 42 (max 500)
   eps = 0.015123 >= 0.0001
Iteration 43 (max 500)
   eps = 0.014618 >= 0.0001
Iteration 44 (max 500)
   eps = 0.014134 >= 0.0001
Iteration 45 (max 500)
   eps = 0.013668 >= 0.0001
Iteration 46 (max 500)
   eps = 0.013216 >= 0.0001
Iteration 47 (max 500)
   eps = 0.012768 >= 0.0001
Iteration 48 (max 500)
   eps = 0.012348 >= 0.0001
Iteration 49 (max 500)
   eps = 0.01195 >= 0.0001
Iteration 50 (max 500)
   eps = 0.011565 >= 0.0001
Iteration 51 (max 500)
   eps = 0.011197 >= 0.0001
Iteration 52 (max 500)
   eps = 0.010828 >= 0.0001
Iteration 53 (max 500)
   eps = 0.010479 >= 0.0001
Iteration 54 (max 500)
   eps = 0.010141 >= 0.0001
Iteration 55 (max 500)
   eps = 0.009802 >= 0.0001
Iteration 56 (max 500)
   eps = 0.009483 >= 0.0001
Iteration 57 (max 500)
   eps = 0.009178 >= 0.0001
Iteration 58 (max 500)
   eps = 0.008884 >= 0.0001
Iteration 59 (max 500)
   eps = 0.008599 >= 0.0001
Iteration 60 (max 500)
   eps = 0.008332 >= 0.0001
Iteration 61 (max 500)
   eps = 0.008078 >= 0.0001
Iteration 62 (max 500)
   eps = 0.007826 >= 0.0001
Iteration 63 (max 500)
   eps = 0.00757 >= 0.0001
Iteration 64 (max 500)
   eps = 0.007318 >= 0.0001
Iteration 65 (max 500)
   eps = 0.007083 >= 0.0001
Iteration 66 (max 500)
   eps = 0.00686 >= 0.0001
Iteration 67 (max 500)
   eps = 0.006657 >= 0.0001
Iteration 68 (max 500)
   eps = 0.006454 >= 0.0001
Iteration 69 (max 500)
   eps = 0.006255 >= 0.0001
Iteration 70 (max 500)
   eps = 0.006057 >= 0.0001
Iteration 71 (max 500)
   eps = 0.005867 >= 0.0001
Iteration 72 (max 500)
   eps = 0.005679 >= 0.0001
Iteration 73 (max 500)
   eps = 0.005497 >= 0.0001
Iteration 74 (max 500)
   eps = 0.005324 >= 0.0001
Iteration 75 (max 500)
   eps = 0.005165 >= 0.0001
Iteration 76 (max 500)
   eps = 0.00501 >= 0.0001
Iteration 77 (max 500)
   eps = 0.00486 >= 0.0001
Iteration 78 (max 500)
   eps = 0.004721 >= 0.0001
Iteration 79 (max 500)
   eps = 0.004581 >= 0.0001
Iteration 80 (max 500)
   eps = 0.004447 >= 0.0001
Iteration 81 (max 500)
   eps = 0.004318 >= 0.0001
Iteration 82 (max 500)
   eps = 0.004188 >= 0.0001
Iteration 83 (max 500)
   eps = 0.004062 >= 0.0001
Iteration 84 (max 500)
   eps = 0.003941 >= 0.0001
Iteration 85 (max 500)
   eps = 0.003824 >= 0.0001
Iteration 86 (max 500)
   eps = 0.003713 >= 0.0001
Iteration 87 (max 500)
   eps = 0.003598 >= 0.0001
Iteration 88 (max 500)
   eps = 0.003495 >= 0.0001
Iteration 89 (max 500)
   eps = 0.003392 >= 0.0001
Iteration 90 (max 500)
   eps = 0.003291 >= 0.0001
Iteration 91 (max 500)
   eps = 0.003196 >= 0.0001
Iteration 92 (max 500)
   eps = 0.003107 >= 0.0001
Iteration 93 (max 500)
   eps = 0.003019 >= 0.0001
Iteration 94 (max 500)
   eps = 0.002935 >= 0.0001
Iteration 95 (max 500)
   eps = 0.002852 >= 0.0001
Iteration 96 (max 500)
   eps = 0.002773 >= 0.0001
Iteration 97 (max 500)
   eps = 0.002695 >= 0.0001
Iteration 98 (max 500)
   eps = 0.002623 >= 0.0001
Iteration 99 (max 500)
   eps = 0.002552 >= 0.0001
Iteration 100 (max 500)
   eps = 0.002483 >= 0.0001
Iteration 101 (max 500)
   eps = 0.002415 >= 0.0001
Iteration 102 (max 500)
   eps = 0.002349 >= 0.0001
Iteration 103 (max 500)
   eps = 0.00229 >= 0.0001
Iteration 104 (max 500)
   eps = 0.00223 >= 0.0001
Iteration 105 (max 500)
   eps = 0.002174 >= 0.0001
Iteration 106 (max 500)
   eps = 0.002115 >= 0.0001
Iteration 107 (max 500)
   eps = 0.002061 >= 0.0001
Iteration 108 (max 500)
   eps = 0.002007 >= 0.0001
Iteration 109 (max 500)
   eps = 0.001954 >= 0.0001
Iteration 110 (max 500)
   eps = 0.001903 >= 0.0001
Iteration 111 (max 500)
   eps = 0.00185 >= 0.0001
Iteration 112 (max 500)
   eps = 0.0018 >= 0.0001
Iteration 113 (max 500)
   eps = 0.001752 >= 0.0001
Iteration 114 (max 500)
   eps = 0.001707 >= 0.0001
Iteration 115 (max 500)
   eps = 0.001663 >= 0.0001
Iteration 116 (max 500)
   eps = 0.001619 >= 0.0001
Iteration 117 (max 500)
   eps = 0.001576 >= 0.0001
Iteration 118 (max 500)
   eps = 0.001535 >= 0.0001
Iteration 119 (max 500)
   eps = 0.001495 >= 0.0001
Iteration 120 (max 500)
   eps = 0.001455 >= 0.0001
Iteration 121 (max 500)
   eps = 0.001415 >= 0.0001
Iteration 122 (max 500)
   eps = 0.00138 >= 0.0001
Iteration 123 (max 500)
   eps = 0.001346 >= 0.0001
Iteration 124 (max 500)
   eps = 0.001312 >= 0.0001
Iteration 125 (max 500)
   eps = 0.001285 >= 0.0001
Iteration 126 (max 500)
   eps = 0.001247 >= 0.0001
Iteration 127 (max 500)
   eps = 0.001214 >= 0.0001
Iteration 128 (max 500)
   eps = 0.001181 >= 0.0001
Iteration 129 (max 500)
   eps = 0.001151 >= 0.0001
Iteration 130 (max 500)
   eps = 0.001121 >= 0.0001
Iteration 131 (max 500)
   eps = 0.001089 >= 0.0001
Iteration 132 (max 500)
   eps = 0.001058 >= 0.0001
Iteration 133 (max 500)
   eps = 0.001027 >= 0.0001
Iteration 134 (max 500)
   eps = 0.000998 >= 0.0001
Iteration 135 (max 500)
   eps = 0.000969 >= 0.0001
Iteration 136 (max 500)
   eps = 0.00094 >= 0.0001
Iteration 137 (max 500)
   eps = 0.000912 >= 0.0001
Iteration 138 (max 500)
   eps = 0.000884 >= 0.0001
Iteration 139 (max 500)
   eps = 0.000856 >= 0.0001
Iteration 140 (max 500)
   eps = 0.000831 >= 0.0001
Iteration 141 (max 500)
   eps = 0.000805 >= 0.0001
Iteration 142 (max 500)
   eps = 0.00078 >= 0.0001
Iteration 143 (max 500)
   eps = 0.000755 >= 0.0001
Iteration 144 (max 500)
   eps = 0.000732 >= 0.0001
Iteration 145 (max 500)
   eps = 0.00071 >= 0.0001
Iteration 146 (max 500)
   eps = 0.000688 >= 0.0001
Iteration 147 (max 500)
   eps = 0.000666 >= 0.0001
Iteration 148 (max 500)
   eps = 0.000645 >= 0.0001
Iteration 149 (max 500)
   eps = 0.000625 >= 0.0001
Iteration 150 (max 500)
   eps = 0.000607 >= 0.0001
Iteration 151 (max 500)
   eps = 0.000589 >= 0.0001
Iteration 152 (max 500)
   eps = 0.000571 >= 0.0001
Iteration 153 (max 500)
   eps = 0.000554 >= 0.0001
Iteration 154 (max 500)
   eps = 0.000538 >= 0.0001
Iteration 155 (max 500)
   eps = 0.000521 >= 0.0001
Iteration 156 (max 500)
   eps = 0.000505 >= 0.0001
Iteration 157 (max 500)
   eps = 0.000489 >= 0.0001
Iteration 158 (max 500)
   eps = 0.000473 >= 0.0001
Iteration 159 (max 500)
   eps = 0.000458 >= 0.0001
Iteration 160 (max 500)
   eps = 0.000443 >= 0.0001
Iteration 161 (max 500)
   eps = 0.000428 >= 0.0001
Iteration 162 (max 500)
   eps = 0.000414 >= 0.0001
Iteration 163 (max 500)
   eps = 0.000401 >= 0.0001
Iteration 164 (max 500)
   eps = 0.000388 >= 0.0001
Iteration 165 (max 500)
   eps = 0.000376 >= 0.0001
Iteration 166 (max 500)
   eps = 0.000363 >= 0.0001
Iteration 167 (max 500)
   eps = 0.000352 >= 0.0001
Iteration 168 (max 500)
   eps = 0.000341 >= 0.0001
Iteration 169 (max 500)
   eps = 0.000331 >= 0.0001
Iteration 170 (max 500)
   eps = 0.00032 >= 0.0001
Iteration 171 (max 500)
   eps = 0.000309 >= 0.0001
Iteration 172 (max 500)
   eps = 0.000295 >= 0.0001
Iteration 173 (max 500)
   eps = 0.000285 >= 0.0001
Iteration 174 (max 500)
   eps = 0.000274 >= 0.0001
Iteration 175 (max 500)
   eps = 0.000267 >= 0.0001
Iteration 176 (max 500)
   eps = 0.000257 >= 0.0001
Iteration 177 (max 500)
   eps = 0.000248 >= 0.0001
Iteration 178 (max 500)
   eps = 0.000239 >= 0.0001
Iteration 179 (max 500)
   eps = 0.000232 >= 0.0001
Iteration 180 (max 500)
   eps = 0.000223 >= 0.0001
Iteration 181 (max 500)
   eps = 0.000216 >= 0.0001
Iteration 182 (max 500)
   eps = 0.000208 >= 0.0001
Iteration 183 (max 500)
   eps = 0.000202 >= 0.0001
Iteration 184 (max 500)
   eps = 0.000194 >= 0.0001
Iteration 185 (max 500)
   eps = 0.000188 >= 0.0001
Iteration 186 (max 500)
   eps = 0.000181 >= 0.0001
Iteration 187 (max 500)
   eps = 0.000175 >= 0.0001
Iteration 188 (max 500)
   eps = 0.000169 >= 0.0001
Iteration 189 (max 500)
   eps = 0.000164 >= 0.0001
Iteration 190 (max 500)
   eps = 0.000158 >= 0.0001
Iteration 191 (max 500)
   eps = 0.000152 >= 0.0001
Iteration 192 (max 500)
   eps = 0.000147 >= 0.0001
Iteration 193 (max 500)
   eps = 0.000142 >= 0.0001
Iteration 194 (max 500)
   eps = 0.000138 >= 0.0001
Iteration 195 (max 500)
   eps = 0.000133 >= 0.0001
Iteration 196 (max 500)
   eps = 0.000129 >= 0.0001
Iteration 197 (max 500)
   eps = 0.000125 >= 0.0001
Iteration 198 (max 500)
   eps = 0.000121 >= 0.0001
Iteration 199 (max 500)
   eps = 0.000118 >= 0.0001
Iteration 200 (max 500)
   eps = 0.000115 >= 0.0001
Iteration 201 (max 500)
   eps = 0.000112 >= 0.0001
Iteration 202 (max 500)
   eps = 0.000108 >= 0.0001
Iteration 203 (max 500)
   eps = 0.000105 >= 0.0001
Iteration 204 (max 500)
   eps = 0.000101 >= 0.0001
Iteration 205 (max 500)
Time spent by the wind speed solver: 33.92956352233887 s
Rotates geometries from -45.0 degrees
Interp succeeded!!! for tmp_file
Interp succeeded!!! for tmp_file
Interp succeeded!!! for tmp_file
Interp succeeded!!! for tmp_file
Interp succeeded!!! for tmp_file
Interp succeeded!!! for tmp_file
Rotates geometries from -45.0 degrees
Rotates geometries from -45.0 degrees
Rotates geometries from -45.0 degrees
Rotates geometries from -45.0 degrees
Rotates geometries from -45.0 degrees
Rotates geometries from -45.0 degrees
Rotates geometries from -45.0 degrees
Rotates geometries from -45.0 degrees
Rotates geometries from -45.0 degrees
Rotates geometries from -45.0 degrees
Rotates geometries from -45.0 degrees
Process 3849966: Successfully ran URock for tile output 'wind_field_raw_tile_19'.
Process 3849966: Elapsed time for URock ('wind_field_raw_tile_19'): 196.52 seconds.
[Master] Process 3849966 - Tile 19: Finished processing.
[Master] 3849966: exit signal
Info: Debuffered '/storage/project/r-rbasu31-0/hyu483/Test_UMEP/UROCK_output_31_spawn/temp_intermediate_files/tile_19_urock_raw_outputs/z1_5/wind_field_raw_tile_19WS.tif' to '/storage/project/r-rbasu31-0/hyu483/Test_UMEP/UROCK_output_31_spawn/urock_tiled_output/urock_wind_field_tile_19WS.tif' (original extent: (234182.59099838723, 901932.4833440109, 234382.59099838723, 902132.4833440109)).
Connecting to database
	->/tmp/URock_2025-12-21T1644490e47722a-43ce-433b-9e03-677bf9b5b7ce/myDbH2
/storage/home/hcoda1/4/hyu483/qgis_332/profiles/default/python/plugins/processing_umep/functions/URock/h2gis-standalone/h2gis-dist-2.2.3.jar
Connected!

Spatial functions added!

Load input data
Load table 'build_pre_srid_20251221164451'
Load table 'veg_pre_srid_20251221164451'
Creates blocks and stacked blocks
Rotates geometries from 45.0 degrees
Identify block base height and block cavity base
Calculates obstacle properties
Calculates zone properties
Initializes upwind facades
Update upwind facades base height
Initializes downwind facades
Calculates study area properties
Roughness zone properties are:

                                 - z0: 4.566728354764747
                                 - d: 22.48572189504162
                                 - Hr: 30.44485569843165
                                 - H_ob_max: 95
                                 - lambda_f: 0.2602060833032119
Rotates geometries from -45.0 degrees
Rotates geometries from -45.0 degrees
Rotates geometries from -45.0 degrees
Creates displacement zones
Rotates geometries from -45.0 degrees
Rotates geometries from -45.0 degrees
Creates cavity and wake zones
Rotates geometries from -45.0 degrees
Rotates geometries from -45.0 degrees
Creates street canyon zones
Rotates geometries from -45.0 degrees
Creates rooftop zones (perpendicular and corner)
Rotates geometries from -45.0 degrees
Rotates geometries from -45.0 degrees
Creates built-up and open vegetation zones
Rotates geometries from -45.0 degrees
Rotates geometries from -45.0 degrees
Identify the buildings concerned by the impacted zone chosen by the user
Creates the grid of points
Affects each grid point to a building Rockle zone and calculates needed 
          variables for 3D wind speed
Affects each grid point to a vegetation Rockle zone and calculates 
          needed variables for 3D wind speed
Remove some of the Röckle zone points
Creates backward zones
Calculates the 3D wind speed factor value for each point of each BUILDING zone
Rotates geometries from -45.0 degrees
Rotates geometries from -45.0 degrees
Rotates geometries from -45.0 degrees
Rotates geometries from -45.0 degrees
Rotates geometries from -45.0 degrees
Rotates geometries from -45.0 degrees
Rotates geometries from -45.0 degrees
Rotates geometries from -45.0 degrees
Rotates geometries from -45.0 degrees
Calculates the 3D wind speed factor value for each point of each VEGETATION zone
Rotates geometries from -45.0 degrees
Deals with superimposition (keeps only 1 value per 3D point)
Deals with superimposition (keeps only 1 value per 3D point)
Identify upstreamer points in TEMPO_WEIGHTING table
Identify upstreamer points in TEMPO_PRIORITIES table
Identify upstreamer points in TEMPO_PRIORITIES_WEIGHT table
Deals with superimposition (keeps only 1 value per 3D point)
Identify upstreamer points in TEMPO_WEIGHTING table
Identify upstreamer points in TEMPO_PRIORITIES table
Identify upstreamer points in TEMPO_PRIORITIES_WEIGHT table
Rotates geometries from -45.0 degrees
Identify grid points intersecting buildings
Set the initial 3D wind speed field
Time spent for wind speed initialization: 25.063340425491333 s
Shape: (84, 175, 43) - Nb cells: 632100
Start to apply the wind solver
Iteration 1 (max 500)
   eps = 0.777038 >= 0.0001
Iteration 2 (max 500)
   eps = 0.428363 >= 0.0001
Iteration 3 (max 500)
   eps = 0.297772 >= 0.0001
Iteration 4 (max 500)
   eps = 0.23086 >= 0.0001
Iteration 5 (max 500)
   eps = 0.185437 >= 0.0001
Iteration 6 (max 500)
   eps = 0.155524 >= 0.0001
Iteration 7 (max 500)
   eps = 0.133058 >= 0.0001
Iteration 8 (max 500)
   eps = 0.115685 >= 0.0001
Iteration 9 (max 500)
   eps = 0.102162 >= 0.0001
Iteration 10 (max 500)
   eps = 0.090727 >= 0.0001
Iteration 11 (max 500)
   eps = 0.081427 >= 0.0001
Iteration 12 (max 500)
   eps = 0.073769 >= 0.0001
Iteration 13 (max 500)
   eps = 0.067296 >= 0.0001
Iteration 14 (max 500)
   eps = 0.061522 >= 0.0001
Iteration 15 (max 500)
   eps = 0.056467 >= 0.0001
Iteration 16 (max 500)
   eps = 0.052236 >= 0.0001
Iteration 17 (max 500)
   eps = 0.048479 >= 0.0001
Iteration 18 (max 500)
   eps = 0.045256 >= 0.0001
Iteration 19 (max 500)
   eps = 0.042389 >= 0.0001
Iteration 20 (max 500)
   eps = 0.039892 >= 0.0001
Iteration 21 (max 500)
   eps = 0.037689 >= 0.0001
Iteration 22 (max 500)
   eps = 0.03568 >= 0.0001
Iteration 23 (max 500)
   eps = 0.033816 >= 0.0001
Iteration 24 (max 500)
   eps = 0.032079 >= 0.0001
Iteration 25 (max 500)
   eps = 0.030441 >= 0.0001
Iteration 26 (max 500)
   eps = 0.028902 >= 0.0001
Iteration 27 (max 500)
   eps = 0.02747 >= 0.0001
Iteration 28 (max 500)
   eps = 0.026108 >= 0.0001
Iteration 29 (max 500)
   eps = 0.024805 >= 0.0001
Iteration 30 (max 500)
   eps = 0.023589 >= 0.0001
Iteration 31 (max 500)
   eps = 0.022441 >= 0.0001
Iteration 32 (max 500)
   eps = 0.021391 >= 0.0001
Iteration 33 (max 500)
   eps = 0.02043 >= 0.0001
Iteration 34 (max 500)
   eps = 0.019504 >= 0.0001
Iteration 35 (max 500)
   eps = 0.018651 >= 0.0001
Iteration 36 (max 500)
   eps = 0.017879 >= 0.0001
Iteration 37 (max 500)
   eps = 0.017155 >= 0.0001
Iteration 38 (max 500)
   eps = 0.016479 >= 0.0001
Iteration 39 (max 500)
   eps = 0.015823 >= 0.0001
Iteration 40 (max 500)
   eps = 0.015168 >= 0.0001
Iteration 41 (max 500)
   eps = 0.014508 >= 0.0001
Iteration 42 (max 500)
   eps = 0.013928 >= 0.0001
Iteration 43 (max 500)
   eps = 0.013356 >= 0.0001
Iteration 44 (max 500)
   eps = 0.012815 >= 0.0001
Iteration 45 (max 500)
   eps = 0.012307 >= 0.0001
Iteration 46 (max 500)
   eps = 0.011827 >= 0.0001
Iteration 47 (max 500)
   eps = 0.011374 >= 0.0001
Iteration 48 (max 500)
   eps = 0.010952 >= 0.0001
Iteration 49 (max 500)
   eps = 0.010559 >= 0.0001
Iteration 50 (max 500)
   eps = 0.010192 >= 0.0001
Iteration 51 (max 500)
   eps = 0.009842 >= 0.0001
Iteration 52 (max 500)
   eps = 0.009507 >= 0.0001
Iteration 53 (max 500)
   eps = 0.009184 >= 0.0001
Iteration 54 (max 500)
   eps = 0.008869 >= 0.0001
Iteration 55 (max 500)
   eps = 0.008567 >= 0.0001
Iteration 56 (max 500)
   eps = 0.008276 >= 0.0001
Iteration 57 (max 500)
   eps = 0.007994 >= 0.0001
Iteration 58 (max 500)
   eps = 0.007721 >= 0.0001
Iteration 59 (max 500)
   eps = 0.007456 >= 0.0001
Iteration 60 (max 500)
   eps = 0.007194 >= 0.0001
Iteration 61 (max 500)
   eps = 0.00694 >= 0.0001
Iteration 62 (max 500)
   eps = 0.006693 >= 0.0001
Iteration 63 (max 500)
   eps = 0.006454 >= 0.0001
Iteration 64 (max 500)
   eps = 0.006224 >= 0.0001
Iteration 65 (max 500)
   eps = 0.006 >= 0.0001
Iteration 66 (max 500)
   eps = 0.005785 >= 0.0001
Iteration 67 (max 500)
   eps = 0.005572 >= 0.0001
Iteration 68 (max 500)
   eps = 0.005367 >= 0.0001
Iteration 69 (max 500)
   eps = 0.005167 >= 0.0001
Iteration 70 (max 500)
   eps = 0.004974 >= 0.0001
Iteration 71 (max 500)
   eps = 0.004787 >= 0.0001
Iteration 72 (max 500)
   eps = 0.004607 >= 0.0001
Iteration 73 (max 500)
   eps = 0.004433 >= 0.0001
Iteration 74 (max 500)
   eps = 0.004265 >= 0.0001
Iteration 75 (max 500)
   eps = 0.004102 >= 0.0001
Iteration 76 (max 500)
   eps = 0.003942 >= 0.0001
Iteration 77 (max 500)
   eps = 0.003787 >= 0.0001
Iteration 78 (max 500)
   eps = 0.003638 >= 0.0001
Iteration 79 (max 500)
   eps = 0.003497 >= 0.0001
Iteration 80 (max 500)
   eps = 0.00336 >= 0.0001
Iteration 81 (max 500)
   eps = 0.003228 >= 0.0001
Iteration 82 (max 500)
   eps = 0.003101 >= 0.0001
Iteration 83 (max 500)
   eps = 0.00298 >= 0.0001
Iteration 84 (max 500)
   eps = 0.002862 >= 0.0001
Iteration 85 (max 500)
   eps = 0.002748 >= 0.0001
Iteration 86 (max 500)
   eps = 0.002637 >= 0.0001
Iteration 87 (max 500)
   eps = 0.002531 >= 0.0001
Iteration 88 (max 500)
   eps = 0.00243 >= 0.0001
Iteration 89 (max 500)
   eps = 0.002334 >= 0.0001
Iteration 90 (max 500)
   eps = 0.002242 >= 0.0001
Iteration 91 (max 500)
   eps = 0.002153 >= 0.0001
Iteration 92 (max 500)
   eps = 0.002069 >= 0.0001
Iteration 93 (max 500)
   eps = 0.001987 >= 0.0001
Iteration 94 (max 500)
   eps = 0.001907 >= 0.0001
Iteration 95 (max 500)
   eps = 0.001828 >= 0.0001
Iteration 96 (max 500)
   eps = 0.001756 >= 0.0001
Iteration 97 (max 500)
   eps = 0.001685 >= 0.0001
Iteration 98 (max 500)
   eps = 0.001615 >= 0.0001
Iteration 99 (max 500)
   eps = 0.001548 >= 0.0001
Iteration 100 (max 500)
   eps = 0.001483 >= 0.0001
Iteration 101 (max 500)
   eps = 0.001421 >= 0.0001
Iteration 102 (max 500)
   eps = 0.001361 >= 0.0001
Iteration 103 (max 500)
   eps = 0.001302 >= 0.0001
Iteration 104 (max 500)
   eps = 0.001245 >= 0.0001
Iteration 105 (max 500)
   eps = 0.001191 >= 0.0001
Iteration 106 (max 500)
   eps = 0.00114 >= 0.0001
Iteration 107 (max 500)
   eps = 0.00109 >= 0.0001
Iteration 108 (max 500)
   eps = 0.001042 >= 0.0001
Iteration 109 (max 500)
   eps = 0.000995 >= 0.0001
Iteration 110 (max 500)
   eps = 0.00095 >= 0.0001
Iteration 111 (max 500)
   eps = 0.000908 >= 0.0001
Iteration 112 (max 500)
   eps = 0.000868 >= 0.0001
Iteration 113 (max 500)
   eps = 0.000829 >= 0.0001
Iteration 114 (max 500)
   eps = 0.000792 >= 0.0001
Iteration 115 (max 500)
   eps = 0.000757 >= 0.0001
Iteration 116 (max 500)
   eps = 0.000723 >= 0.0001
Iteration 117 (max 500)
   eps = 0.000691 >= 0.0001
Iteration 118 (max 500)
   eps = 0.00066 >= 0.0001
Iteration 119 (max 500)
   eps = 0.00063 >= 0.0001
Iteration 120 (max 500)
   eps = 0.000602 >= 0.0001
Iteration 121 (max 500)
   eps = 0.000575 >= 0.0001
Iteration 122 (max 500)
   eps = 0.000549 >= 0.0001
Iteration 123 (max 500)
   eps = 0.000526 >= 0.0001
Iteration 124 (max 500)
   eps = 0.000503 >= 0.0001
Iteration 125 (max 500)
   eps = 0.000482 >= 0.0001
Iteration 126 (max 500)
   eps = 0.000459 >= 0.0001
Iteration 127 (max 500)
   eps = 0.00044 >= 0.0001
Iteration 128 (max 500)
   eps = 0.00042 >= 0.0001
Iteration 129 (max 500)
   eps = 0.000402 >= 0.0001
Iteration 130 (max 500)
   eps = 0.000385 >= 0.0001
Iteration 131 (max 500)
   eps = 0.000367 >= 0.0001
Iteration 132 (max 500)
   eps = 0.000351 >= 0.0001
Iteration 133 (max 500)
   eps = 0.000335 >= 0.0001
Iteration 134 (max 500)
   eps = 0.00032 >= 0.0001
Iteration 135 (max 500)
   eps = 0.000307 >= 0.0001
Iteration 136 (max 500)
   eps = 0.000294 >= 0.0001
Iteration 137 (max 500)
   eps = 0.000282 >= 0.0001
Iteration 138 (max 500)
   eps = 0.00027 >= 0.0001
Iteration 139 (max 500)
   eps = 0.000259 >= 0.0001
Iteration 140 (max 500)
   eps = 0.000249 >= 0.0001
Iteration 141 (max 500)
   eps = 0.000239 >= 0.0001
Iteration 142 (max 500)
   eps = 0.000229 >= 0.0001
Iteration 143 (max 500)
   eps = 0.00022 >= 0.0001
Iteration 144 (max 500)
   eps = 0.000212 >= 0.0001
Iteration 145 (max 500)
   eps = 0.000203 >= 0.0001
Iteration 146 (max 500)
   eps = 0.000195 >= 0.0001
Iteration 147 (max 500)
   eps = 0.000188 >= 0.0001
Iteration 148 (max 500)
   eps = 0.00018 >= 0.0001
Iteration 149 (max 500)
   eps = 0.000173 >= 0.0001
Iteration 150 (max 500)
   eps = 0.000166 >= 0.0001
Iteration 151 (max 500)
   eps = 0.000159 >= 0.0001
Iteration 152 (max 500)
   eps = 0.000153 >= 0.0001
Iteration 153 (max 500)
   eps = 0.000147 >= 0.0001
Iteration 154 (max 500)
   eps = 0.000141 >= 0.0001
Iteration 155 (max 500)
   eps = 0.000135 >= 0.0001
Iteration 156 (max 500)
   eps = 0.000129 >= 0.0001
Iteration 157 (max 500)
   eps = 0.000124 >= 0.0001
Iteration 158 (max 500)
   eps = 0.000118 >= 0.0001
Iteration 159 (max 500)
   eps = 0.000113 >= 0.0001
Iteration 160 (max 500)
   eps = 0.000107 >= 0.0001
Iteration 161 (max 500)
   eps = 0.000102 >= 0.0001
Iteration 162 (max 500)
Time spent by the wind speed solver: 9.176209926605225 s
Rotates geometries from -45.0 degrees
Interp succeeded!!! for tmp_file
Interp succeeded!!! for tmp_file
Interp succeeded!!! for tmp_file
Interp succeeded!!! for tmp_file
Interp succeeded!!! for tmp_file
Interp succeeded!!! for tmp_file
Rotates geometries from -45.0 degrees
Rotates geometries from -45.0 degrees
Rotates geometries from -45.0 degrees
Rotates geometries from -45.0 degrees
Rotates geometries from -45.0 degrees
Rotates geometries from -45.0 degrees
Rotates geometries from -45.0 degrees
Rotates geometries from -45.0 degrees
Rotates geometries from -45.0 degrees
Rotates geometries from -45.0 degrees
Rotates geometries from -45.0 degrees
Process 3849981: Successfully ran URock for tile output 'wind_field_raw_tile_32'.
Process 3849981: Elapsed time for URock ('wind_field_raw_tile_32'): 49.50 seconds.
[Master] Process 3849981 - Tile 32: Finished processing.
[Master] 3849981: exit signal
Info: Debuffered '/storage/project/r-rbasu31-0/hyu483/Test_UMEP/UROCK_output_31_spawn/temp_intermediate_files/tile_32_urock_raw_outputs/z1_5/wind_field_raw_tile_32WS.tif' to '/storage/project/r-rbasu31-0/hyu483/Test_UMEP/UROCK_output_31_spawn/urock_tiled_output/urock_wind_field_tile_32WS.tif' (original extent: (234582.59099838723, 902132.4833440109, 234642.58635222574, 902332.4833440109)).
Connecting to database
	->/tmp/URock_2025-12-21T1642195026b881-c18c-4f33-94c9-821de4fa09cc/myDbH2
/storage/home/hcoda1/4/hyu483/qgis_332/profiles/default/python/plugins/processing_umep/functions/URock/h2gis-standalone/h2gis-dist-2.2.3.jar
Connected!

Spatial functions added!

Load input data
Load table 'build_pre_srid_20251221164236'
Load table 'veg_pre_srid_20251221164236'
Creates blocks and stacked blocks
Rotates geometries from 45.0 degrees
Identify block base height and block cavity base
Calculates obstacle properties
Calculates zone properties
Initializes upwind facades
Update upwind facades base height
Initializes downwind facades
Calculates study area properties
Roughness zone properties are:

                                 - z0: 4.760226151390852
                                 - d: 23.481854465805203
                                 - Hr: 31.734841009272348
                                 - H_ob_max: 136
                                 - lambda_f: 0.2641121438056254
Rotates geometries from -45.0 degrees
Rotates geometries from -45.0 degrees
Rotates geometries from -45.0 degrees
Creates displacement zones
Rotates geometries from -45.0 degrees
Rotates geometries from -45.0 degrees
Creates cavity and wake zones
Rotates geometries from -45.0 degrees
Rotates geometries from -45.0 degrees
Creates street canyon zones
Rotates geometries from -45.0 degrees
Creates rooftop zones (perpendicular and corner)
Rotates geometries from -45.0 degrees
Rotates geometries from -45.0 degrees
Creates built-up and open vegetation zones
Rotates geometries from -45.0 degrees
Rotates geometries from -45.0 degrees
Identify the buildings concerned by the impacted zone chosen by the user
Creates the grid of points
Affects each grid point to a building Rockle zone and calculates needed 
          variables for 3D wind speed
Affects each grid point to a vegetation Rockle zone and calculates 
          needed variables for 3D wind speed
Remove some of the Röckle zone points
Creates backward zones
Calculates the 3D wind speed factor value for each point of each BUILDING zone
Rotates geometries from -45.0 degrees
Rotates geometries from -45.0 degrees
Rotates geometries from -45.0 degrees
Rotates geometries from -45.0 degrees
Rotates geometries from -45.0 degrees
Rotates geometries from -45.0 degrees
Rotates geometries from -45.0 degrees
Rotates geometries from -45.0 degrees
Rotates geometries from -45.0 degrees
Calculates the 3D wind speed factor value for each point of each VEGETATION zone
Rotates geometries from -45.0 degrees
Deals with superimposition (keeps only 1 value per 3D point)
Deals with superimposition (keeps only 1 value per 3D point)
Identify upstreamer points in TEMPO_WEIGHTING table
Identify upstreamer points in TEMPO_PRIORITIES table
Identify upstreamer points in TEMPO_PRIORITIES_WEIGHT table
Deals with superimposition (keeps only 1 value per 3D point)
Identify upstreamer points in TEMPO_WEIGHTING table
Identify upstreamer points in TEMPO_PRIORITIES table
Identify upstreamer points in TEMPO_PRIORITIES_WEIGHT table
Rotates geometries from -45.0 degrees
Identify grid points intersecting buildings
Set the initial 3D wind speed field
Time spent for wind speed initialization: 144.27030968666077 s
Shape: (124, 175, 60) - Nb cells: 1302000
Start to apply the wind solver
Iteration 1 (max 500)
   eps = 0.846744 >= 0.0001
Iteration 2 (max 500)
   eps = 0.450754 >= 0.0001
Iteration 3 (max 500)
   eps = 0.310973 >= 0.0001
Iteration 4 (max 500)
   eps = 0.239283 >= 0.0001
Iteration 5 (max 500)
   eps = 0.191383 >= 0.0001
Iteration 6 (max 500)
   eps = 0.161189 >= 0.0001
Iteration 7 (max 500)
   eps = 0.138217 >= 0.0001
Iteration 8 (max 500)
   eps = 0.120723 >= 0.0001
Iteration 9 (max 500)
   eps = 0.107226 >= 0.0001
Iteration 10 (max 500)
   eps = 0.096003 >= 0.0001
Iteration 11 (max 500)
   eps = 0.086405 >= 0.0001
Iteration 12 (max 500)
   eps = 0.078235 >= 0.0001
Iteration 13 (max 500)
   eps = 0.07136 >= 0.0001
Iteration 14 (max 500)
   eps = 0.065419 >= 0.0001
Iteration 15 (max 500)
   eps = 0.060375 >= 0.0001
Iteration 16 (max 500)
   eps = 0.055994 >= 0.0001
Iteration 17 (max 500)
   eps = 0.05215 >= 0.0001
Iteration 18 (max 500)
   eps = 0.048773 >= 0.0001
Iteration 19 (max 500)
   eps = 0.045754 >= 0.0001
Iteration 20 (max 500)
   eps = 0.042889 >= 0.0001
Iteration 21 (max 500)
   eps = 0.040326 >= 0.0001
Iteration 22 (max 500)
   eps = 0.037959 >= 0.0001
Iteration 23 (max 500)
   eps = 0.035876 >= 0.0001
Iteration 24 (max 500)
   eps = 0.034013 >= 0.0001
Iteration 25 (max 500)
   eps = 0.032291 >= 0.0001
Iteration 26 (max 500)
   eps = 0.030707 >= 0.0001
Iteration 27 (max 500)
   eps = 0.029232 >= 0.0001
Iteration 28 (max 500)
   eps = 0.027873 >= 0.0001
Iteration 29 (max 500)
   eps = 0.026593 >= 0.0001
Iteration 30 (max 500)
   eps = 0.025371 >= 0.0001
Iteration 31 (max 500)
   eps = 0.024221 >= 0.0001
Iteration 32 (max 500)
   eps = 0.023128 >= 0.0001
Iteration 33 (max 500)
   eps = 0.022088 >= 0.0001
Iteration 34 (max 500)
   eps = 0.021119 >= 0.0001
Iteration 35 (max 500)
   eps = 0.020221 >= 0.0001
Iteration 36 (max 500)
   eps = 0.019386 >= 0.0001
Iteration 37 (max 500)
   eps = 0.018605 >= 0.0001
Iteration 38 (max 500)
   eps = 0.017863 >= 0.0001
Iteration 39 (max 500)
   eps = 0.01717 >= 0.0001
Iteration 40 (max 500)
   eps = 0.01653 >= 0.0001
Iteration 41 (max 500)
   eps = 0.015923 >= 0.0001
Iteration 42 (max 500)
   eps = 0.01535 >= 0.0001
Iteration 43 (max 500)
   eps = 0.014794 >= 0.0001
Iteration 44 (max 500)
   eps = 0.014261 >= 0.0001
Iteration 45 (max 500)
   eps = 0.013758 >= 0.0001
Iteration 46 (max 500)
   eps = 0.013283 >= 0.0001
Iteration 47 (max 500)
   eps = 0.012829 >= 0.0001
Iteration 48 (max 500)
   eps = 0.012402 >= 0.0001
Iteration 49 (max 500)
   eps = 0.01198 >= 0.0001
Iteration 50 (max 500)
   eps = 0.011585 >= 0.0001
Iteration 51 (max 500)
   eps = 0.011207 >= 0.0001
Iteration 52 (max 500)
   eps = 0.010845 >= 0.0001
Iteration 53 (max 500)
   eps = 0.010508 >= 0.0001
Iteration 54 (max 500)
   eps = 0.010195 >= 0.0001
Iteration 55 (max 500)
   eps = 0.009901 >= 0.0001
Iteration 56 (max 500)
   eps = 0.009613 >= 0.0001
Iteration 57 (max 500)
   eps = 0.009332 >= 0.0001
Iteration 58 (max 500)
   eps = 0.009063 >= 0.0001
Iteration 59 (max 500)
   eps = 0.008798 >= 0.0001
Iteration 60 (max 500)
   eps = 0.008553 >= 0.0001
Iteration 61 (max 500)
   eps = 0.008317 >= 0.0001
Iteration 62 (max 500)
   eps = 0.00809 >= 0.0001
Iteration 63 (max 500)
   eps = 0.007869 >= 0.0001
Iteration 64 (max 500)
   eps = 0.007656 >= 0.0001
Iteration 65 (max 500)
   eps = 0.00745 >= 0.0001
Iteration 66 (max 500)
   eps = 0.007249 >= 0.0001
Iteration 67 (max 500)
   eps = 0.007056 >= 0.0001
Iteration 68 (max 500)
   eps = 0.00687 >= 0.0001
Iteration 69 (max 500)
   eps = 0.006693 >= 0.0001
Iteration 70 (max 500)
   eps = 0.006519 >= 0.0001
Iteration 71 (max 500)
   eps = 0.006347 >= 0.0001
Iteration 72 (max 500)
   eps = 0.006179 >= 0.0001
Iteration 73 (max 500)
   eps = 0.006015 >= 0.0001
Iteration 74 (max 500)
   eps = 0.005851 >= 0.0001
Iteration 75 (max 500)
   eps = 0.005691 >= 0.0001
Iteration 76 (max 500)
   eps = 0.005534 >= 0.0001
Iteration 77 (max 500)
   eps = 0.005381 >= 0.0001
Iteration 78 (max 500)
   eps = 0.005233 >= 0.0001
Iteration 79 (max 500)
   eps = 0.00509 >= 0.0001
Iteration 80 (max 500)
   eps = 0.004948 >= 0.0001
Iteration 81 (max 500)
   eps = 0.00481 >= 0.0001
Iteration 82 (max 500)
   eps = 0.004675 >= 0.0001
Iteration 83 (max 500)
   eps = 0.004546 >= 0.0001
Iteration 84 (max 500)
   eps = 0.00442 >= 0.0001
Iteration 85 (max 500)
   eps = 0.004298 >= 0.0001
Iteration 86 (max 500)
   eps = 0.004179 >= 0.0001
Iteration 87 (max 500)
   eps = 0.004062 >= 0.0001
Iteration 88 (max 500)
   eps = 0.003948 >= 0.0001
Iteration 89 (max 500)
   eps = 0.003837 >= 0.0001
Iteration 90 (max 500)
   eps = 0.003727 >= 0.0001
Iteration 91 (max 500)
   eps = 0.003621 >= 0.0001
Iteration 92 (max 500)
   eps = 0.003517 >= 0.0001
Iteration 93 (max 500)
   eps = 0.003415 >= 0.0001
Iteration 94 (max 500)
   eps = 0.003316 >= 0.0001
Iteration 95 (max 500)
   eps = 0.003219 >= 0.0001
Iteration 96 (max 500)
   eps = 0.003124 >= 0.0001
Iteration 97 (max 500)
   eps = 0.003033 >= 0.0001
Iteration 98 (max 500)
   eps = 0.002943 >= 0.0001
Iteration 99 (max 500)
   eps = 0.002858 >= 0.0001
Iteration 100 (max 500)
   eps = 0.002776 >= 0.0001
Iteration 101 (max 500)
   eps = 0.002699 >= 0.0001
Iteration 102 (max 500)
   eps = 0.002625 >= 0.0001
Iteration 103 (max 500)
   eps = 0.002554 >= 0.0001
Iteration 104 (max 500)
   eps = 0.002486 >= 0.0001
Iteration 105 (max 500)
   eps = 0.002419 >= 0.0001
Iteration 106 (max 500)
   eps = 0.002354 >= 0.0001
Iteration 107 (max 500)
   eps = 0.002292 >= 0.0001
Iteration 108 (max 500)
   eps = 0.002231 >= 0.0001
Iteration 109 (max 500)
   eps = 0.002172 >= 0.0001
Iteration 110 (max 500)
   eps = 0.002114 >= 0.0001
Iteration 111 (max 500)
   eps = 0.002058 >= 0.0001
Iteration 112 (max 500)
   eps = 0.002004 >= 0.0001
Iteration 113 (max 500)
   eps = 0.001952 >= 0.0001
Iteration 114 (max 500)
   eps = 0.001901 >= 0.0001
Iteration 115 (max 500)
   eps = 0.001851 >= 0.0001
Iteration 116 (max 500)
   eps = 0.0018 >= 0.0001
Iteration 117 (max 500)
   eps = 0.001751 >= 0.0001
Iteration 118 (max 500)
   eps = 0.001702 >= 0.0001
Iteration 119 (max 500)
   eps = 0.001655 >= 0.0001
Iteration 120 (max 500)
   eps = 0.001607 >= 0.0001
Iteration 121 (max 500)
   eps = 0.001562 >= 0.0001
Iteration 122 (max 500)
   eps = 0.001518 >= 0.0001
Iteration 123 (max 500)
   eps = 0.001475 >= 0.0001
Iteration 124 (max 500)
   eps = 0.001433 >= 0.0001
Iteration 125 (max 500)
   eps = 0.001393 >= 0.0001
Iteration 126 (max 500)
   eps = 0.001353 >= 0.0001
Iteration 127 (max 500)
   eps = 0.001315 >= 0.0001
Iteration 128 (max 500)
   eps = 0.001278 >= 0.0001
Iteration 129 (max 500)
   eps = 0.001242 >= 0.0001
Iteration 130 (max 500)
   eps = 0.001207 >= 0.0001
Iteration 131 (max 500)
   eps = 0.001173 >= 0.0001
Iteration 132 (max 500)
   eps = 0.00114 >= 0.0001
Iteration 133 (max 500)
   eps = 0.001108 >= 0.0001
Iteration 134 (max 500)
   eps = 0.001078 >= 0.0001
Iteration 135 (max 500)
   eps = 0.001049 >= 0.0001
Iteration 136 (max 500)
   eps = 0.001021 >= 0.0001
Iteration 137 (max 500)
   eps = 0.000994 >= 0.0001
Iteration 138 (max 500)
   eps = 0.000968 >= 0.0001
Iteration 139 (max 500)
   eps = 0.000943 >= 0.0001
Iteration 140 (max 500)
   eps = 0.000922 >= 0.0001
Iteration 141 (max 500)
   eps = 0.0009 >= 0.0001
Iteration 142 (max 500)
   eps = 0.000875 >= 0.0001
Iteration 143 (max 500)
   eps = 0.000852 >= 0.0001
Iteration 144 (max 500)
   eps = 0.000825 >= 0.0001
Iteration 145 (max 500)
   eps = 0.000801 >= 0.0001
Iteration 146 (max 500)
   eps = 0.000778 >= 0.0001
Iteration 147 (max 500)
   eps = 0.000756 >= 0.0001
Iteration 148 (max 500)
   eps = 0.000735 >= 0.0001
Iteration 149 (max 500)
   eps = 0.000715 >= 0.0001
Iteration 150 (max 500)
   eps = 0.000695 >= 0.0001
Iteration 151 (max 500)
   eps = 0.000676 >= 0.0001
Iteration 152 (max 500)
   eps = 0.000657 >= 0.0001
Iteration 153 (max 500)
   eps = 0.000639 >= 0.0001
Iteration 154 (max 500)
   eps = 0.00062 >= 0.0001
Iteration 155 (max 500)
   eps = 0.000602 >= 0.0001
Iteration 156 (max 500)
   eps = 0.000585 >= 0.0001
Iteration 157 (max 500)
   eps = 0.000568 >= 0.0001
Iteration 158 (max 500)
   eps = 0.000552 >= 0.0001
Iteration 159 (max 500)
   eps = 0.000536 >= 0.0001
Iteration 160 (max 500)
   eps = 0.00052 >= 0.0001
Iteration 161 (max 500)
   eps = 0.000506 >= 0.0001
Iteration 162 (max 500)
   eps = 0.000491 >= 0.0001
Iteration 163 (max 500)
   eps = 0.000477 >= 0.0001
Iteration 164 (max 500)
   eps = 0.000462 >= 0.0001
Iteration 165 (max 500)
   eps = 0.000448 >= 0.0001
Iteration 166 (max 500)
   eps = 0.000435 >= 0.0001
Iteration 167 (max 500)
   eps = 0.000422 >= 0.0001
Iteration 168 (max 500)
   eps = 0.000409 >= 0.0001
Iteration 169 (max 500)
   eps = 0.000397 >= 0.0001
Iteration 170 (max 500)
   eps = 0.000386 >= 0.0001
Iteration 171 (max 500)
   eps = 0.000374 >= 0.0001
Iteration 172 (max 500)
   eps = 0.000362 >= 0.0001
Iteration 173 (max 500)
   eps = 0.00035 >= 0.0001
Iteration 174 (max 500)
   eps = 0.000339 >= 0.0001
Iteration 175 (max 500)
   eps = 0.000327 >= 0.0001
Iteration 176 (max 500)
   eps = 0.000316 >= 0.0001
Iteration 177 (max 500)
   eps = 0.000305 >= 0.0001
Iteration 178 (max 500)
   eps = 0.000295 >= 0.0001
Iteration 179 (max 500)
   eps = 0.000285 >= 0.0001
Iteration 180 (max 500)
   eps = 0.000275 >= 0.0001
Iteration 181 (max 500)
   eps = 0.000265 >= 0.0001
Iteration 182 (max 500)
   eps = 0.000256 >= 0.0001
Iteration 183 (max 500)
   eps = 0.000247 >= 0.0001
Iteration 184 (max 500)
   eps = 0.000237 >= 0.0001
Iteration 185 (max 500)
   eps = 0.000228 >= 0.0001
Iteration 186 (max 500)
   eps = 0.000219 >= 0.0001
Iteration 187 (max 500)
   eps = 0.000211 >= 0.0001
Iteration 188 (max 500)
   eps = 0.000203 >= 0.0001
Iteration 189 (max 500)
   eps = 0.000194 >= 0.0001
Iteration 190 (max 500)
   eps = 0.000186 >= 0.0001
Iteration 191 (max 500)
   eps = 0.000179 >= 0.0001
Iteration 192 (max 500)
   eps = 0.000171 >= 0.0001
Iteration 193 (max 500)
   eps = 0.000164 >= 0.0001
Iteration 194 (max 500)
   eps = 0.000156 >= 0.0001
Iteration 195 (max 500)
   eps = 0.000149 >= 0.0001
Iteration 196 (max 500)
   eps = 0.000142 >= 0.0001
Iteration 197 (max 500)
   eps = 0.000136 >= 0.0001
Iteration 198 (max 500)
   eps = 0.000129 >= 0.0001
Iteration 199 (max 500)
   eps = 0.000123 >= 0.0001
Iteration 200 (max 500)
   eps = 0.000117 >= 0.0001
Iteration 201 (max 500)
   eps = 0.000111 >= 0.0001
Iteration 202 (max 500)
   eps = 0.000106 >= 0.0001
Iteration 203 (max 500)
   eps = 0.0001 >= 0.0001
Iteration 204 (max 500)
Time spent by the wind speed solver: 26.211016416549683 s
Rotates geometries from -45.0 degrees
Interp succeeded!!! for tmp_file
Interp succeeded!!! for tmp_file
Interp succeeded!!! for tmp_file
Interp succeeded!!! for tmp_file
Interp succeeded!!! for tmp_file
Interp succeeded!!! for tmp_file
Rotates geometries from -45.0 degrees
Rotates geometries from -45.0 degrees
Rotates geometries from -45.0 degrees
Rotates geometries from -45.0 degrees
Rotates geometries from -45.0 degrees
Rotates geometries from -45.0 degrees
Rotates geometries from -45.0 degrees
Rotates geometries from -45.0 degrees
Rotates geometries from -45.0 degrees
Rotates geometries from -45.0 degrees
Rotates geometries from -45.0 degrees
Process 3849975: Successfully ran URock for tile output 'wind_field_raw_tile_12'.
Process 3849975: Elapsed time for URock ('wind_field_raw_tile_12'): 203.85 seconds.
[Master] Process 3849975 - Tile 12: Finished processing.
[Master] 3849975: exit signal
Info: Debuffered '/storage/project/r-rbasu31-0/hyu483/Test_UMEP/UROCK_output_31_spawn/temp_intermediate_files/tile_12_urock_raw_outputs/z1_5/wind_field_raw_tile_12WS.tif' to '/storage/project/r-rbasu31-0/hyu483/Test_UMEP/UROCK_output_31_spawn/urock_tiled_output/urock_wind_field_tile_12WS.tif' (original extent: (233982.59099838723, 901732.4833440109, 234182.59099838723, 901932.4833440109)).
Connecting to database
	->/tmp/URock_2025-12-21T164218949c8cae-9c78-4127-a3d3-a2ba01a2aafb/myDbH2
/storage/home/hcoda1/4/hyu483/qgis_332/profiles/default/python/plugins/processing_umep/functions/URock/h2gis-standalone/h2gis-dist-2.2.3.jar
Connected!

Spatial functions added!

Load input data
Load table 'build_pre_srid_20251221164232'
Load table 'veg_pre_srid_20251221164232'
Creates blocks and stacked blocks
Rotates geometries from 45.0 degrees
Identify block base height and block cavity base
Calculates obstacle properties
Calculates zone properties
Initializes upwind facades
Update upwind facades base height
Initializes downwind facades
Calculates study area properties
Roughness zone properties are:

                                 - z0: 3.8423939147538144
                                 - d: 18.85246957572754
                                 - Hr: 25.615959431692097
                                 - H_ob_max: 136
                                 - lambda_f: 0.2527593727819588
Rotates geometries from -45.0 degrees
Rotates geometries from -45.0 degrees
Rotates geometries from -45.0 degrees
Creates displacement zones
Rotates geometries from -45.0 degrees
Rotates geometries from -45.0 degrees
Creates cavity and wake zones
Rotates geometries from -45.0 degrees
Rotates geometries from -45.0 degrees
Creates street canyon zones
Rotates geometries from -45.0 degrees
Creates rooftop zones (perpendicular and corner)
Rotates geometries from -45.0 degrees
Rotates geometries from -45.0 degrees
Creates built-up and open vegetation zones
Rotates geometries from -45.0 degrees
Rotates geometries from -45.0 degrees
Identify the buildings concerned by the impacted zone chosen by the user
Creates the grid of points
Affects each grid point to a building Rockle zone and calculates needed 
          variables for 3D wind speed
Affects each grid point to a vegetation Rockle zone and calculates 
          needed variables for 3D wind speed
Remove some of the Röckle zone points
Creates backward zones
Calculates the 3D wind speed factor value for each point of each BUILDING zone
Rotates geometries from -45.0 degrees
Rotates geometries from -45.0 degrees
Rotates geometries from -45.0 degrees
Rotates geometries from -45.0 degrees
Rotates geometries from -45.0 degrees
Rotates geometries from -45.0 degrees
Rotates geometries from -45.0 degrees
Rotates geometries from -45.0 degrees
Rotates geometries from -45.0 degrees
Calculates the 3D wind speed factor value for each point of each VEGETATION zone
Rotates geometries from -45.0 degrees
Deals with superimposition (keeps only 1 value per 3D point)
Deals with superimposition (keeps only 1 value per 3D point)
Identify upstreamer points in TEMPO_WEIGHTING table
Identify upstreamer points in TEMPO_PRIORITIES table
Identify upstreamer points in TEMPO_PRIORITIES_WEIGHT table
Deals with superimposition (keeps only 1 value per 3D point)
Identify upstreamer points in TEMPO_WEIGHTING table
Identify upstreamer points in TEMPO_PRIORITIES table
Identify upstreamer points in TEMPO_PRIORITIES_WEIGHT table
Rotates geometries from -45.0 degrees
Identify grid points intersecting buildings
Set the initial 3D wind speed field
Time spent for wind speed initialization: 209.43429231643677 s
Shape: (113, 187, 55) - Nb cells: 1162205
Start to apply the wind solver
Iteration 1 (max 500)
   eps = 0.796029 >= 0.0001
Iteration 2 (max 500)
   eps = 0.439711 >= 0.0001
Iteration 3 (max 500)
   eps = 0.309947 >= 0.0001
Iteration 4 (max 500)
   eps = 0.239834 >= 0.0001
Iteration 5 (max 500)
   eps = 0.194635 >= 0.0001
Iteration 6 (max 500)
   eps = 0.163659 >= 0.0001
Iteration 7 (max 500)
   eps = 0.140283 >= 0.0001
Iteration 8 (max 500)
   eps = 0.122212 >= 0.0001
Iteration 9 (max 500)
   eps = 0.107932 >= 0.0001
Iteration 10 (max 500)
   eps = 0.096509 >= 0.0001
Iteration 11 (max 500)
   eps = 0.086971 >= 0.0001
Iteration 12 (max 500)
   eps = 0.079095 >= 0.0001
Iteration 13 (max 500)
   eps = 0.072446 >= 0.0001
Iteration 14 (max 500)
   eps = 0.06662 >= 0.0001
Iteration 15 (max 500)
   eps = 0.061443 >= 0.0001
Iteration 16 (max 500)
   eps = 0.056858 >= 0.0001
Iteration 17 (max 500)
   eps = 0.05272 >= 0.0001
Iteration 18 (max 500)
   eps = 0.049055 >= 0.0001
Iteration 19 (max 500)
   eps = 0.04595 >= 0.0001
Iteration 20 (max 500)
   eps = 0.043012 >= 0.0001
Iteration 21 (max 500)
   eps = 0.040372 >= 0.0001
Iteration 22 (max 500)
   eps = 0.038021 >= 0.0001
Iteration 23 (max 500)
   eps = 0.035871 >= 0.0001
Iteration 24 (max 500)
   eps = 0.033903 >= 0.0001
Iteration 25 (max 500)
   eps = 0.032046 >= 0.0001
Iteration 26 (max 500)
   eps = 0.030338 >= 0.0001
Iteration 27 (max 500)
   eps = 0.028763 >= 0.0001
Iteration 28 (max 500)
   eps = 0.027311 >= 0.0001
Iteration 29 (max 500)
   eps = 0.025971 >= 0.0001
Iteration 30 (max 500)
   eps = 0.024748 >= 0.0001
Iteration 31 (max 500)
   eps = 0.023602 >= 0.0001
Iteration 32 (max 500)
   eps = 0.022541 >= 0.0001
Iteration 33 (max 500)
   eps = 0.021562 >= 0.0001
Iteration 34 (max 500)
   eps = 0.020669 >= 0.0001
Iteration 35 (max 500)
   eps = 0.01984 >= 0.0001
Iteration 36 (max 500)
   eps = 0.01905 >= 0.0001
Iteration 37 (max 500)
   eps = 0.018316 >= 0.0001
Iteration 38 (max 500)
   eps = 0.017644 >= 0.0001
Iteration 39 (max 500)
   eps = 0.017018 >= 0.0001
Iteration 40 (max 500)
   eps = 0.016423 >= 0.0001
Iteration 41 (max 500)
   eps = 0.015855 >= 0.0001
Iteration 42 (max 500)
   eps = 0.015282 >= 0.0001
Iteration 43 (max 500)
   eps = 0.014725 >= 0.0001
Iteration 44 (max 500)
   eps = 0.014193 >= 0.0001
Iteration 45 (max 500)
   eps = 0.013691 >= 0.0001
Iteration 46 (max 500)
   eps = 0.013183 >= 0.0001
Iteration 47 (max 500)
   eps = 0.012707 >= 0.0001
Iteration 48 (max 500)
   eps = 0.012253 >= 0.0001
Iteration 49 (max 500)
   eps = 0.01183 >= 0.0001
Iteration 50 (max 500)
   eps = 0.011429 >= 0.0001
Iteration 51 (max 500)
   eps = 0.011047 >= 0.0001
Iteration 52 (max 500)
   eps = 0.010671 >= 0.0001
Iteration 53 (max 500)
   eps = 0.010297 >= 0.0001
Iteration 54 (max 500)
   eps = 0.009953 >= 0.0001
Iteration 55 (max 500)
   eps = 0.009602 >= 0.0001
Iteration 56 (max 500)
   eps = 0.009263 >= 0.0001
Iteration 57 (max 500)
   eps = 0.008938 >= 0.0001
Iteration 58 (max 500)
   eps = 0.008621 >= 0.0001
Iteration 59 (max 500)
   eps = 0.008319 >= 0.0001
Iteration 60 (max 500)
   eps = 0.008024 >= 0.0001
Iteration 61 (max 500)
   eps = 0.007735 >= 0.0001
Iteration 62 (max 500)
   eps = 0.007457 >= 0.0001
Iteration 63 (max 500)
   eps = 0.007191 >= 0.0001
Iteration 64 (max 500)
   eps = 0.006935 >= 0.0001
Iteration 65 (max 500)
   eps = 0.006692 >= 0.0001
Iteration 66 (max 500)
   eps = 0.006455 >= 0.0001
Iteration 67 (max 500)
   eps = 0.006222 >= 0.0001
Iteration 68 (max 500)
   eps = 0.006 >= 0.0001
Iteration 69 (max 500)
   eps = 0.00579 >= 0.0001
Iteration 70 (max 500)
   eps = 0.005589 >= 0.0001
Iteration 71 (max 500)
   eps = 0.0054 >= 0.0001
Iteration 72 (max 500)
   eps = 0.00521 >= 0.0001
Iteration 73 (max 500)
   eps = 0.005024 >= 0.0001
Iteration 74 (max 500)
   eps = 0.004846 >= 0.0001
Iteration 75 (max 500)
   eps = 0.004672 >= 0.0001
Iteration 76 (max 500)
   eps = 0.004507 >= 0.0001
Iteration 77 (max 500)
   eps = 0.004352 >= 0.0001
Iteration 78 (max 500)
   eps = 0.004197 >= 0.0001
Iteration 79 (max 500)
   eps = 0.004049 >= 0.0001
Iteration 80 (max 500)
   eps = 0.003904 >= 0.0001
Iteration 81 (max 500)
   eps = 0.003766 >= 0.0001
Iteration 82 (max 500)
   eps = 0.003632 >= 0.0001
Iteration 83 (max 500)
   eps = 0.0035 >= 0.0001
Iteration 84 (max 500)
   eps = 0.003371 >= 0.0001
Iteration 85 (max 500)
   eps = 0.003243 >= 0.0001
Iteration 86 (max 500)
   eps = 0.00312 >= 0.0001
Iteration 87 (max 500)
   eps = 0.003005 >= 0.0001
Iteration 88 (max 500)
   eps = 0.002894 >= 0.0001
Iteration 89 (max 500)
   eps = 0.002784 >= 0.0001
Iteration 90 (max 500)
   eps = 0.00268 >= 0.0001
Iteration 91 (max 500)
   eps = 0.002579 >= 0.0001
Iteration 92 (max 500)
   eps = 0.002485 >= 0.0001
Iteration 93 (max 500)
   eps = 0.002395 >= 0.0001
Iteration 94 (max 500)
   eps = 0.002308 >= 0.0001
Iteration 95 (max 500)
   eps = 0.002226 >= 0.0001
Iteration 96 (max 500)
   eps = 0.002145 >= 0.0001
Iteration 97 (max 500)
   eps = 0.002066 >= 0.0001
Iteration 98 (max 500)
   eps = 0.00199 >= 0.0001
Iteration 99 (max 500)
   eps = 0.001917 >= 0.0001
Iteration 100 (max 500)
   eps = 0.001845 >= 0.0001
Iteration 101 (max 500)
   eps = 0.001778 >= 0.0001
Iteration 102 (max 500)
   eps = 0.001714 >= 0.0001
Iteration 103 (max 500)
   eps = 0.001653 >= 0.0001
Iteration 104 (max 500)
   eps = 0.001596 >= 0.0001
Iteration 105 (max 500)
   eps = 0.001541 >= 0.0001
Iteration 106 (max 500)
   eps = 0.001488 >= 0.0001
Iteration 107 (max 500)
   eps = 0.001439 >= 0.0001
Iteration 108 (max 500)
   eps = 0.001389 >= 0.0001
Iteration 109 (max 500)
   eps = 0.001345 >= 0.0001
Iteration 110 (max 500)
   eps = 0.0013 >= 0.0001
Iteration 111 (max 500)
   eps = 0.001259 >= 0.0001
Iteration 112 (max 500)
   eps = 0.001218 >= 0.0001
Iteration 113 (max 500)
   eps = 0.001179 >= 0.0001
Iteration 114 (max 500)
   eps = 0.001141 >= 0.0001
Iteration 115 (max 500)
   eps = 0.001106 >= 0.0001
Iteration 116 (max 500)
   eps = 0.001073 >= 0.0001
Iteration 117 (max 500)
   eps = 0.001041 >= 0.0001
Iteration 118 (max 500)
   eps = 0.001009 >= 0.0001
Iteration 119 (max 500)
   eps = 0.000978 >= 0.0001
Iteration 120 (max 500)
   eps = 0.000949 >= 0.0001
Iteration 121 (max 500)
   eps = 0.000921 >= 0.0001
Iteration 122 (max 500)
   eps = 0.000894 >= 0.0001
Iteration 123 (max 500)
   eps = 0.000867 >= 0.0001
Iteration 124 (max 500)
   eps = 0.000844 >= 0.0001
Iteration 125 (max 500)
   eps = 0.000821 >= 0.0001
Iteration 126 (max 500)
   eps = 0.000792 >= 0.0001
Iteration 127 (max 500)
   eps = 0.000769 >= 0.0001
Iteration 128 (max 500)
   eps = 0.000742 >= 0.0001
Iteration 129 (max 500)
   eps = 0.000717 >= 0.0001
Iteration 130 (max 500)
   eps = 0.000692 >= 0.0001
Iteration 131 (max 500)
   eps = 0.000668 >= 0.0001
Iteration 132 (max 500)
   eps = 0.000646 >= 0.0001
Iteration 133 (max 500)
   eps = 0.000624 >= 0.0001
Iteration 134 (max 500)
   eps = 0.000604 >= 0.0001
Iteration 135 (max 500)
   eps = 0.000584 >= 0.0001
Iteration 136 (max 500)
   eps = 0.000566 >= 0.0001
Iteration 137 (max 500)
   eps = 0.000548 >= 0.0001
Iteration 138 (max 500)
   eps = 0.000531 >= 0.0001
Iteration 139 (max 500)
   eps = 0.000514 >= 0.0001
Iteration 140 (max 500)
   eps = 0.000497 >= 0.0001
Iteration 141 (max 500)
   eps = 0.00048 >= 0.0001
Iteration 142 (max 500)
   eps = 0.000464 >= 0.0001
Iteration 143 (max 500)
   eps = 0.000448 >= 0.0001
Iteration 144 (max 500)
   eps = 0.000433 >= 0.0001
Iteration 145 (max 500)
   eps = 0.000417 >= 0.0001
Iteration 146 (max 500)
   eps = 0.000402 >= 0.0001
Iteration 147 (max 500)
   eps = 0.000388 >= 0.0001
Iteration 148 (max 500)
   eps = 0.000374 >= 0.0001
Iteration 149 (max 500)
   eps = 0.000361 >= 0.0001
Iteration 150 (max 500)
   eps = 0.000347 >= 0.0001
Iteration 151 (max 500)
   eps = 0.000334 >= 0.0001
Iteration 152 (max 500)
   eps = 0.000321 >= 0.0001
Iteration 153 (max 500)
   eps = 0.000309 >= 0.0001
Iteration 154 (max 500)
   eps = 0.000297 >= 0.0001
Iteration 155 (max 500)
   eps = 0.000285 >= 0.0001
Iteration 156 (max 500)
   eps = 0.000274 >= 0.0001
Iteration 157 (max 500)
   eps = 0.000263 >= 0.0001
Iteration 158 (max 500)
   eps = 0.000253 >= 0.0001
Iteration 159 (max 500)
   eps = 0.000243 >= 0.0001
Iteration 160 (max 500)
   eps = 0.000233 >= 0.0001
Iteration 161 (max 500)
   eps = 0.000224 >= 0.0001
Iteration 162 (max 500)
   eps = 0.000216 >= 0.0001
Iteration 163 (max 500)
   eps = 0.000207 >= 0.0001
Iteration 164 (max 500)
   eps = 0.0002 >= 0.0001
Iteration 165 (max 500)
   eps = 0.000193 >= 0.0001
Iteration 166 (max 500)
   eps = 0.000186 >= 0.0001
Iteration 167 (max 500)
   eps = 0.000179 >= 0.0001
Iteration 168 (max 500)
   eps = 0.000174 >= 0.0001
Iteration 169 (max 500)
   eps = 0.000169 >= 0.0001
Iteration 170 (max 500)
   eps = 0.000164 >= 0.0001
Iteration 171 (max 500)
   eps = 0.000161 >= 0.0001
Iteration 172 (max 500)
   eps = 0.000159 >= 0.0001
Iteration 173 (max 500)
   eps = 0.000158 >= 0.0001
Iteration 174 (max 500)
   eps = 0.000157 >= 0.0001
Iteration 175 (max 500)
   eps = 0.000158 >= 0.0001
Iteration 176 (max 500)
   eps = 0.00016 >= 0.0001
Iteration 177 (max 500)
   eps = 0.000139 >= 0.0001
Iteration 178 (max 500)
   eps = 0.000134 >= 0.0001
Iteration 179 (max 500)
   eps = 0.000126 >= 0.0001
Iteration 180 (max 500)
   eps = 0.000125 >= 0.0001
Iteration 181 (max 500)
   eps = 0.000118 >= 0.0001
Iteration 182 (max 500)
   eps = 0.000114 >= 0.0001
Iteration 183 (max 500)
   eps = 0.000108 >= 0.0001
Iteration 184 (max 500)
   eps = 0.000105 >= 0.0001
Iteration 185 (max 500)
   eps = 0.000101 >= 0.0001
Iteration 186 (max 500)
Time spent by the wind speed solver: 14.576615810394287 s
Rotates geometries from -45.0 degrees
Interp succeeded!!! for tmp_file
Interp succeeded!!! for tmp_file
Interp succeeded!!! for tmp_file
Interp succeeded!!! for tmp_file
Interp succeeded!!! for tmp_file
Interp succeeded!!! for tmp_file
Rotates geometries from -45.0 degrees
Rotates geometries from -45.0 degrees
Rotates geometries from -45.0 degrees
Rotates geometries from -45.0 degrees
Rotates geometries from -45.0 degrees
Rotates geometries from -45.0 degrees
Rotates geometries from -45.0 degrees
Rotates geometries from -45.0 degrees
Rotates geometries from -45.0 degrees
Rotates geometries from -45.0 degrees
Rotates geometries from -45.0 degrees
Process 3849977: Successfully ran URock for tile output 'wind_field_raw_tile_18'.
Process 3849977: Elapsed time for URock ('wind_field_raw_tile_18'): 250.37 seconds.
[Master] Process 3849977 - Tile 18: Finished processing.
[Master] 3849977: exit signal
Info: Debuffered '/storage/project/r-rbasu31-0/hyu483/Test_UMEP/UROCK_output_31_spawn/temp_intermediate_files/tile_18_urock_raw_outputs/z1_5/wind_field_raw_tile_18WS.tif' to '/storage/project/r-rbasu31-0/hyu483/Test_UMEP/UROCK_output_31_spawn/urock_tiled_output/urock_wind_field_tile_18WS.tif' (original extent: (234182.59099838723, 901732.4833440109, 234382.59099838723, 901932.4833440109)).
All workers died unexpectedly.

All tiles processed successfully. Total elapsed time: 273.53 seconds.
Merging 35 tile outputs into /storage/project/r-rbasu31-0/hyu483/Test_UMEP/UROCK_output_31_spawn/urock_tiled_output/merged/merged_urock_wind_field_WS.tif...
Merge complete.
