/storage/home/hcoda1/4/hyu483/conda_envs/qgis332/lib/python3.11/site-packages/osgeo/gdal.py:311: FutureWarning: Neither gdal.UseExceptions() nor gdal.DontUseExceptions() has been explicitly called. In GDAL 4.0, exceptions will be enabled by default.
  warnings.warn(

Step 1: Calculating tile extents...
Full template raster extent: (233582.59099838723, 901732.4833440109, 234642.58635222574, 902792.4786978494)
Calculated 16 tiles for processing.
[Master] Monitoring 16 tasks...
[Master] 3978157: exit signal
[Master] 3978179: exit signal
[Master] 3978177: exit signal
[Master] 3978180: exit signal
[Master] 3978153: exit signal
[Master] 3978158: exit signal
[Master] 3978160: exit signal
[Master] 3978156: exit signal
[Master] 3978166: exit signal
[Master] 3978169: exit signal
[Master] 3978162: exit signal
[Master] 3978161: exit signal
[Master] 3978174: exit signal
[Master] 3978170: exit signal
(0, (233582.59099838723, 901732.4833440109, 233882.59099838723, 902032.4833440109), (233582.59099838723, 901732.4833440109, 234082.59099838723, 902232.4833440109), {'buildings': '/storage/project/r-rbasu31-0/hyu483/Test_UMEP/UROCK/input/building_26986.shp', 'veg': '/storage/project/r-rbasu31-0/hyu483/Test_UMEP/UROCK/input/veg_26986.shp', 'template_rast': '/storage/project/r-rbasu31-0/hyu483/Test_UMEP/UROCK/input/../DSM_26986_2.tif', 'base_output_dir': '/storage/project/r-rbasu31-0/hyu483/Test_UMEP/UROCK_output_34_spawn/urock_tiled_output'})
Info: Sliced and clipped '/storage/project/r-rbasu31-0/hyu483/Test_UMEP/UROCK/input/building_26986.shp' to '/storage/project/r-rbasu31-0/hyu483/Test_UMEP/UROCK_output_34_spawn/temp_intermediate_files/tile_0_sliced_inputs/buildings_tile_0.shp'. Copied 153 features.
Info: Sliced and clipped '/storage/project/r-rbasu31-0/hyu483/Test_UMEP/UROCK/input/veg_26986.shp' to '/storage/project/r-rbasu31-0/hyu483/Test_UMEP/UROCK_output_34_spawn/temp_intermediate_files/tile_0_sliced_inputs/veg_tile_0.shp'. Copied 139 features.
Info: Sliced '/storage/project/r-rbasu31-0/hyu483/Test_UMEP/UROCK/input/../DSM_26986_2.tif' to '/storage/project/r-rbasu31-0/hyu483/Test_UMEP/UROCK_output_34_spawn/temp_intermediate_files/tile_0_sliced_inputs/template_tile_0.tif' (Extent: (233582.59099838723, 901732.4833440109, 234082.59099838723, 902232.4833440109)).
Tile 0: Running URock...
Process 3978165: Running URock for tile output 'wind_field_raw_tile_0'...
(11, (234182.59099838723, 902632.4833440109, 234482.59099838723, 902792.4786978494), (233982.59099838723, 902432.4833440109, 234642.58635222574, 902792.4786978494), {'buildings': '/storage/project/r-rbasu31-0/hyu483/Test_UMEP/UROCK/input/building_26986.shp', 'veg': '/storage/project/r-rbasu31-0/hyu483/Test_UMEP/UROCK/input/veg_26986.shp', 'template_rast': '/storage/project/r-rbasu31-0/hyu483/Test_UMEP/UROCK/input/../DSM_26986_2.tif', 'base_output_dir': '/storage/project/r-rbasu31-0/hyu483/Test_UMEP/UROCK_output_34_spawn/urock_tiled_output'})
Info: Sliced and clipped '/storage/project/r-rbasu31-0/hyu483/Test_UMEP/UROCK/input/building_26986.shp' to '/storage/project/r-rbasu31-0/hyu483/Test_UMEP/UROCK_output_34_spawn/temp_intermediate_files/tile_11_sliced_inputs/buildings_tile_11.shp'. Copied 192 features.
Info: Sliced and clipped '/storage/project/r-rbasu31-0/hyu483/Test_UMEP/UROCK/input/veg_26986.shp' to '/storage/project/r-rbasu31-0/hyu483/Test_UMEP/UROCK_output_34_spawn/temp_intermediate_files/tile_11_sliced_inputs/veg_tile_11.shp'. Copied 122 features.
Info: Sliced '/storage/project/r-rbasu31-0/hyu483/Test_UMEP/UROCK/input/../DSM_26986_2.tif' to '/storage/project/r-rbasu31-0/hyu483/Test_UMEP/UROCK_output_34_spawn/temp_intermediate_files/tile_11_sliced_inputs/template_tile_11.tif' (Extent: (233982.59099838723, 902432.4833440109, 234642.58635222574, 902792.4786978494)).
Tile 11: Running URock...
Process 3978152: Running URock for tile output 'wind_field_raw_tile_11'...
(15, (234482.59099838723, 902632.4833440109, 234642.58635222574, 902792.4786978494), (234282.59099838723, 902432.4833440109, 234642.58635222574, 902792.4786978494), {'buildings': '/storage/project/r-rbasu31-0/hyu483/Test_UMEP/UROCK/input/building_26986.shp', 'veg': '/storage/project/r-rbasu31-0/hyu483/Test_UMEP/UROCK/input/veg_26986.shp', 'template_rast': '/storage/project/r-rbasu31-0/hyu483/Test_UMEP/UROCK/input/../DSM_26986_2.tif', 'base_output_dir': '/storage/project/r-rbasu31-0/hyu483/Test_UMEP/UROCK_output_34_spawn/urock_tiled_output'})
Info: Sliced and clipped '/storage/project/r-rbasu31-0/hyu483/Test_UMEP/UROCK/input/building_26986.shp' to '/storage/project/r-rbasu31-0/hyu483/Test_UMEP/UROCK_output_34_spawn/temp_intermediate_files/tile_15_sliced_inputs/buildings_tile_15.shp'. Copied 137 features.
Info: Sliced and clipped '/storage/project/r-rbasu31-0/hyu483/Test_UMEP/UROCK/input/veg_26986.shp' to '/storage/project/r-rbasu31-0/hyu483/Test_UMEP/UROCK_output_34_spawn/temp_intermediate_files/tile_15_sliced_inputs/veg_tile_15.shp'. Copied 73 features.
Info: Sliced '/storage/project/r-rbasu31-0/hyu483/Test_UMEP/UROCK/input/../DSM_26986_2.tif' to '/storage/project/r-rbasu31-0/hyu483/Test_UMEP/UROCK_output_34_spawn/temp_intermediate_files/tile_15_sliced_inputs/template_tile_15.tif' (Extent: (234282.59099838723, 902432.4833440109, 234642.58635222574, 902792.4786978494)).
Tile 15: Running URock...
Process 3978178: Running URock for tile output 'wind_field_raw_tile_15'...
(1, (233582.59099838723, 902032.4833440109, 233882.59099838723, 902332.4833440109), (233582.59099838723, 901832.4833440109, 234082.59099838723, 902532.4833440109), {'buildings': '/storage/project/r-rbasu31-0/hyu483/Test_UMEP/UROCK/input/building_26986.shp', 'veg': '/storage/project/r-rbasu31-0/hyu483/Test_UMEP/UROCK/input/veg_26986.shp', 'template_rast': '/storage/project/r-rbasu31-0/hyu483/Test_UMEP/UROCK/input/../DSM_26986_2.tif', 'base_output_dir': '/storage/project/r-rbasu31-0/hyu483/Test_UMEP/UROCK_output_34_spawn/urock_tiled_output'})
Info: Sliced and clipped '/storage/project/r-rbasu31-0/hyu483/Test_UMEP/UROCK/input/building_26986.shp' to '/storage/project/r-rbasu31-0/hyu483/Test_UMEP/UROCK_output_34_spawn/temp_intermediate_files/tile_1_sliced_inputs/buildings_tile_1.shp'. Copied 323 features.
Info: Sliced and clipped '/storage/project/r-rbasu31-0/hyu483/Test_UMEP/UROCK/input/veg_26986.shp' to '/storage/project/r-rbasu31-0/hyu483/Test_UMEP/UROCK_output_34_spawn/temp_intermediate_files/tile_1_sliced_inputs/veg_tile_1.shp'. Copied 233 features.
Info: Sliced '/storage/project/r-rbasu31-0/hyu483/Test_UMEP/UROCK/input/../DSM_26986_2.tif' to '/storage/project/r-rbasu31-0/hyu483/Test_UMEP/UROCK_output_34_spawn/temp_intermediate_files/tile_1_sliced_inputs/template_tile_1.tif' (Extent: (233582.59099838723, 901832.4833440109, 234082.59099838723, 902532.4833440109)).
Tile 1: Running URock...
Process 3978151: Running URock for tile output 'wind_field_raw_tile_1'...
(2, (233582.59099838723, 902332.4833440109, 233882.59099838723, 902632.4833440109), (233582.59099838723, 902132.4833440109, 234082.59099838723, 902792.4786978494), {'buildings': '/storage/project/r-rbasu31-0/hyu483/Test_UMEP/UROCK/input/building_26986.shp', 'veg': '/storage/project/r-rbasu31-0/hyu483/Test_UMEP/UROCK/input/veg_26986.shp', 'template_rast': '/storage/project/r-rbasu31-0/hyu483/Test_UMEP/UROCK/input/../DSM_26986_2.tif', 'base_output_dir': '/storage/project/r-rbasu31-0/hyu483/Test_UMEP/UROCK_output_34_spawn/urock_tiled_output'})
Info: Sliced and clipped '/storage/project/r-rbasu31-0/hyu483/Test_UMEP/UROCK/input/building_26986.shp' to '/storage/project/r-rbasu31-0/hyu483/Test_UMEP/UROCK_output_34_spawn/temp_intermediate_files/tile_2_sliced_inputs/buildings_tile_2.shp'. Copied 416 features.
Info: Sliced and clipped '/storage/project/r-rbasu31-0/hyu483/Test_UMEP/UROCK/input/veg_26986.shp' to '/storage/project/r-rbasu31-0/hyu483/Test_UMEP/UROCK_output_34_spawn/temp_intermediate_files/tile_2_sliced_inputs/veg_tile_2.shp'. Copied 255 features.
Info: Sliced '/storage/project/r-rbasu31-0/hyu483/Test_UMEP/UROCK/input/../DSM_26986_2.tif' to '/storage/project/r-rbasu31-0/hyu483/Test_UMEP/UROCK_output_34_spawn/temp_intermediate_files/tile_2_sliced_inputs/template_tile_2.tif' (Extent: (233582.59099838723, 902132.4833440109, 234082.59099838723, 902792.4786978494)).
Tile 2: Running URock...
Process 3978173: Running URock for tile output 'wind_field_raw_tile_2'...
(12, (234482.59099838723, 901732.4833440109, 234642.58635222574, 902032.4833440109), (234282.59099838723, 901732.4833440109, 234642.58635222574, 902232.4833440109), {'buildings': '/storage/project/r-rbasu31-0/hyu483/Test_UMEP/UROCK/input/building_26986.shp', 'veg': '/storage/project/r-rbasu31-0/hyu483/Test_UMEP/UROCK/input/veg_26986.shp', 'template_rast': '/storage/project/r-rbasu31-0/hyu483/Test_UMEP/UROCK/input/../DSM_26986_2.tif', 'base_output_dir': '/storage/project/r-rbasu31-0/hyu483/Test_UMEP/UROCK_output_34_spawn/urock_tiled_output'})
Info: Sliced and clipped '/storage/project/r-rbasu31-0/hyu483/Test_UMEP/UROCK/input/building_26986.shp' to '/storage/project/r-rbasu31-0/hyu483/Test_UMEP/UROCK_output_34_spawn/temp_intermediate_files/tile_12_sliced_inputs/buildings_tile_12.shp'. Copied 247 features.
Info: Sliced and clipped '/storage/project/r-rbasu31-0/hyu483/Test_UMEP/UROCK/input/veg_26986.shp' to '/storage/project/r-rbasu31-0/hyu483/Test_UMEP/UROCK_output_34_spawn/temp_intermediate_files/tile_12_sliced_inputs/veg_tile_12.shp'. Copied 164 features.
Info: Sliced '/storage/project/r-rbasu31-0/hyu483/Test_UMEP/UROCK/input/../DSM_26986_2.tif' to '/storage/project/r-rbasu31-0/hyu483/Test_UMEP/UROCK_output_34_spawn/temp_intermediate_files/tile_12_sliced_inputs/template_tile_12.tif' (Extent: (234282.59099838723, 901732.4833440109, 234642.58635222574, 902232.4833440109)).
Tile 12: Running URock...
Process 3978163: Running URock for tile output 'wind_field_raw_tile_12'...
(3, (233582.59099838723, 902632.4833440109, 233882.59099838723, 902792.4786978494), (233582.59099838723, 902432.4833440109, 234082.59099838723, 902792.4786978494), {'buildings': '/storage/project/r-rbasu31-0/hyu483/Test_UMEP/UROCK/input/building_26986.shp', 'veg': '/storage/project/r-rbasu31-0/hyu483/Test_UMEP/UROCK/input/veg_26986.shp', 'template_rast': '/storage/project/r-rbasu31-0/hyu483/Test_UMEP/UROCK/input/../DSM_26986_2.tif', 'base_output_dir': '/storage/project/r-rbasu31-0/hyu483/Test_UMEP/UROCK_output_34_spawn/urock_tiled_output'})
Info: Sliced and clipped '/storage/project/r-rbasu31-0/hyu483/Test_UMEP/UROCK/input/building_26986.shp' to '/storage/project/r-rbasu31-0/hyu483/Test_UMEP/UROCK_output_34_spawn/temp_intermediate_files/tile_3_sliced_inputs/buildings_tile_3.shp'. Copied 240 features.
Info: Sliced and clipped '/storage/project/r-rbasu31-0/hyu483/Test_UMEP/UROCK/input/veg_26986.shp' to '/storage/project/r-rbasu31-0/hyu483/Test_UMEP/UROCK_output_34_spawn/temp_intermediate_files/tile_3_sliced_inputs/veg_tile_3.shp'. Copied 119 features.
Info: Sliced '/storage/project/r-rbasu31-0/hyu483/Test_UMEP/UROCK/input/../DSM_26986_2.tif' to '/storage/project/r-rbasu31-0/hyu483/Test_UMEP/UROCK_output_34_spawn/temp_intermediate_files/tile_3_sliced_inputs/template_tile_3.tif' (Extent: (233582.59099838723, 902432.4833440109, 234082.59099838723, 902792.4786978494)).
Tile 3: Running URock...
Process 3978172: Running URock for tile output 'wind_field_raw_tile_3'...
(7, (233882.59099838723, 902632.4833440109, 234182.59099838723, 902792.4786978494), (233682.59099838723, 902432.4833440109, 234382.59099838723, 902792.4786978494), {'buildings': '/storage/project/r-rbasu31-0/hyu483/Test_UMEP/UROCK/input/building_26986.shp', 'veg': '/storage/project/r-rbasu31-0/hyu483/Test_UMEP/UROCK/input/veg_26986.shp', 'template_rast': '/storage/project/r-rbasu31-0/hyu483/Test_UMEP/UROCK/input/../DSM_26986_2.tif', 'base_output_dir': '/storage/project/r-rbasu31-0/hyu483/Test_UMEP/UROCK_output_34_spawn/urock_tiled_output'})
Info: Sliced and clipped '/storage/project/r-rbasu31-0/hyu483/Test_UMEP/UROCK/input/building_26986.shp' to '/storage/project/r-rbasu31-0/hyu483/Test_UMEP/UROCK_output_34_spawn/temp_intermediate_files/tile_7_sliced_inputs/buildings_tile_7.shp'. Copied 289 features.
Info: Sliced and clipped '/storage/project/r-rbasu31-0/hyu483/Test_UMEP/UROCK/input/veg_26986.shp' to '/storage/project/r-rbasu31-0/hyu483/Test_UMEP/UROCK_output_34_spawn/temp_intermediate_files/tile_7_sliced_inputs/veg_tile_7.shp'. Copied 145 features.
Info: Sliced '/storage/project/r-rbasu31-0/hyu483/Test_UMEP/UROCK/input/../DSM_26986_2.tif' to '/storage/project/r-rbasu31-0/hyu483/Test_UMEP/UROCK_output_34_spawn/temp_intermediate_files/tile_7_sliced_inputs/template_tile_7.tif' (Extent: (233682.59099838723, 902432.4833440109, 234382.59099838723, 902792.4786978494)).
Tile 7: Running URock...
Process 3978171: Running URock for tile output 'wind_field_raw_tile_7'...
(4, (233882.59099838723, 901732.4833440109, 234182.59099838723, 902032.4833440109), (233682.59099838723, 901732.4833440109, 234382.59099838723, 902232.4833440109), {'buildings': '/storage/project/r-rbasu31-0/hyu483/Test_UMEP/UROCK/input/building_26986.shp', 'veg': '/storage/project/r-rbasu31-0/hyu483/Test_UMEP/UROCK/input/veg_26986.shp', 'template_rast': '/storage/project/r-rbasu31-0/hyu483/Test_UMEP/UROCK/input/../DSM_26986_2.tif', 'base_output_dir': '/storage/project/r-rbasu31-0/hyu483/Test_UMEP/UROCK_output_34_spawn/urock_tiled_output'})
Info: Sliced and clipped '/storage/project/r-rbasu31-0/hyu483/Test_UMEP/UROCK/input/building_26986.shp' to '/storage/project/r-rbasu31-0/hyu483/Test_UMEP/UROCK_output_34_spawn/temp_intermediate_files/tile_4_sliced_inputs/buildings_tile_4.shp'. Copied 296 features.
Info: Sliced and clipped '/storage/project/r-rbasu31-0/hyu483/Test_UMEP/UROCK/input/veg_26986.shp' to '/storage/project/r-rbasu31-0/hyu483/Test_UMEP/UROCK_output_34_spawn/temp_intermediate_files/tile_4_sliced_inputs/veg_tile_4.shp'. Copied 233 features.
Info: Sliced '/storage/project/r-rbasu31-0/hyu483/Test_UMEP/UROCK/input/../DSM_26986_2.tif' to '/storage/project/r-rbasu31-0/hyu483/Test_UMEP/UROCK_output_34_spawn/temp_intermediate_files/tile_4_sliced_inputs/template_tile_4.tif' (Extent: (233682.59099838723, 901732.4833440109, 234382.59099838723, 902232.4833440109)).
Tile 4: Running URock...
Process 3978176: Running URock for tile output 'wind_field_raw_tile_4'...
(10, (234182.59099838723, 902332.4833440109, 234482.59099838723, 902632.4833440109), (233982.59099838723, 902132.4833440109, 234642.58635222574, 902792.4786978494), {'buildings': '/storage/project/r-rbasu31-0/hyu483/Test_UMEP/UROCK/input/building_26986.shp', 'veg': '/storage/project/r-rbasu31-0/hyu483/Test_UMEP/UROCK/input/veg_26986.shp', 'template_rast': '/storage/project/r-rbasu31-0/hyu483/Test_UMEP/UROCK/input/../DSM_26986_2.tif', 'base_output_dir': '/storage/project/r-rbasu31-0/hyu483/Test_UMEP/UROCK_output_34_spawn/urock_tiled_output'})
Info: Sliced and clipped '/storage/project/r-rbasu31-0/hyu483/Test_UMEP/UROCK/input/building_26986.shp' to '/storage/project/r-rbasu31-0/hyu483/Test_UMEP/UROCK_output_34_spawn/temp_intermediate_files/tile_10_sliced_inputs/buildings_tile_10.shp'. Copied 593 features.
Info: Sliced and clipped '/storage/project/r-rbasu31-0/hyu483/Test_UMEP/UROCK/input/veg_26986.shp' to '/storage/project/r-rbasu31-0/hyu483/Test_UMEP/UROCK_output_34_spawn/temp_intermediate_files/tile_10_sliced_inputs/veg_tile_10.shp'. Copied 352 features.
Info: Sliced '/storage/project/r-rbasu31-0/hyu483/Test_UMEP/UROCK/input/../DSM_26986_2.tif' to '/storage/project/r-rbasu31-0/hyu483/Test_UMEP/UROCK_output_34_spawn/temp_intermediate_files/tile_10_sliced_inputs/template_tile_10.tif' (Extent: (233982.59099838723, 902132.4833440109, 234642.58635222574, 902792.4786978494)).
Tile 10: Running URock...
Process 3978154: Running URock for tile output 'wind_field_raw_tile_10'...
(5, (233882.59099838723, 902032.4833440109, 234182.59099838723, 902332.4833440109), (233682.59099838723, 901832.4833440109, 234382.59099838723, 902532.4833440109), {'buildings': '/storage/project/r-rbasu31-0/hyu483/Test_UMEP/UROCK/input/building_26986.shp', 'veg': '/storage/project/r-rbasu31-0/hyu483/Test_UMEP/UROCK/input/veg_26986.shp', 'template_rast': '/storage/project/r-rbasu31-0/hyu483/Test_UMEP/UROCK/input/../DSM_26986_2.tif', 'base_output_dir': '/storage/project/r-rbasu31-0/hyu483/Test_UMEP/UROCK_output_34_spawn/urock_tiled_output'})
Info: Sliced and clipped '/storage/project/r-rbasu31-0/hyu483/Test_UMEP/UROCK/input/building_26986.shp' to '/storage/project/r-rbasu31-0/hyu483/Test_UMEP/UROCK_output_34_spawn/temp_intermediate_files/tile_5_sliced_inputs/buildings_tile_5.shp'. Copied 677 features.
Info: Sliced and clipped '/storage/project/r-rbasu31-0/hyu483/Test_UMEP/UROCK/input/veg_26986.shp' to '/storage/project/r-rbasu31-0/hyu483/Test_UMEP/UROCK_output_34_spawn/temp_intermediate_files/tile_5_sliced_inputs/veg_tile_5.shp'. Copied 398 features.
Info: Sliced '/storage/project/r-rbasu31-0/hyu483/Test_UMEP/UROCK/input/../DSM_26986_2.tif' to '/storage/project/r-rbasu31-0/hyu483/Test_UMEP/UROCK_output_34_spawn/temp_intermediate_files/tile_5_sliced_inputs/template_tile_5.tif' (Extent: (233682.59099838723, 901832.4833440109, 234382.59099838723, 902532.4833440109)).
Tile 5: Running URock...
Process 3978167: Running URock for tile output 'wind_field_raw_tile_5'...
(14, (234482.59099838723, 902332.4833440109, 234642.58635222574, 902632.4833440109), (234282.59099838723, 902132.4833440109, 234642.58635222574, 902792.4786978494), {'buildings': '/storage/project/r-rbasu31-0/hyu483/Test_UMEP/UROCK/input/building_26986.shp', 'veg': '/storage/project/r-rbasu31-0/hyu483/Test_UMEP/UROCK/input/veg_26986.shp', 'template_rast': '/storage/project/r-rbasu31-0/hyu483/Test_UMEP/UROCK/input/../DSM_26986_2.tif', 'base_output_dir': '/storage/project/r-rbasu31-0/hyu483/Test_UMEP/UROCK_output_34_spawn/urock_tiled_output'})
Info: Sliced and clipped '/storage/project/r-rbasu31-0/hyu483/Test_UMEP/UROCK/input/building_26986.shp' to '/storage/project/r-rbasu31-0/hyu483/Test_UMEP/UROCK_output_34_spawn/temp_intermediate_files/tile_14_sliced_inputs/buildings_tile_14.shp'. Copied 326 features.
Info: Sliced and clipped '/storage/project/r-rbasu31-0/hyu483/Test_UMEP/UROCK/input/veg_26986.shp' to '/storage/project/r-rbasu31-0/hyu483/Test_UMEP/UROCK_output_34_spawn/temp_intermediate_files/tile_14_sliced_inputs/veg_tile_14.shp'. Copied 190 features.
Info: Sliced '/storage/project/r-rbasu31-0/hyu483/Test_UMEP/UROCK/input/../DSM_26986_2.tif' to '/storage/project/r-rbasu31-0/hyu483/Test_UMEP/UROCK_output_34_spawn/temp_intermediate_files/tile_14_sliced_inputs/template_tile_14.tif' (Extent: (234282.59099838723, 902132.4833440109, 234642.58635222574, 902792.4786978494)).
Tile 14: Running URock...
Process 3978164: Running URock for tile output 'wind_field_raw_tile_14'...
(13, (234482.59099838723, 902032.4833440109, 234642.58635222574, 902332.4833440109), (234282.59099838723, 901832.4833440109, 234642.58635222574, 902532.4833440109), {'buildings': '/storage/project/r-rbasu31-0/hyu483/Test_UMEP/UROCK/input/building_26986.shp', 'veg': '/storage/project/r-rbasu31-0/hyu483/Test_UMEP/UROCK/input/veg_26986.shp', 'template_rast': '/storage/project/r-rbasu31-0/hyu483/Test_UMEP/UROCK/input/../DSM_26986_2.tif', 'base_output_dir': '/storage/project/r-rbasu31-0/hyu483/Test_UMEP/UROCK_output_34_spawn/urock_tiled_output'})
Info: Sliced and clipped '/storage/project/r-rbasu31-0/hyu483/Test_UMEP/UROCK/input/building_26986.shp' to '/storage/project/r-rbasu31-0/hyu483/Test_UMEP/UROCK_output_34_spawn/temp_intermediate_files/tile_13_sliced_inputs/buildings_tile_13.shp'. Copied 444 features.
Info: Sliced and clipped '/storage/project/r-rbasu31-0/hyu483/Test_UMEP/UROCK/input/veg_26986.shp' to '/storage/project/r-rbasu31-0/hyu483/Test_UMEP/UROCK_output_34_spawn/temp_intermediate_files/tile_13_sliced_inputs/veg_tile_13.shp'. Copied 243 features.
Info: Sliced '/storage/project/r-rbasu31-0/hyu483/Test_UMEP/UROCK/input/../DSM_26986_2.tif' to '/storage/project/r-rbasu31-0/hyu483/Test_UMEP/UROCK_output_34_spawn/temp_intermediate_files/tile_13_sliced_inputs/template_tile_13.tif' (Extent: (234282.59099838723, 901832.4833440109, 234642.58635222574, 902532.4833440109)).
Tile 13: Running URock...
Process 3978175: Running URock for tile output 'wind_field_raw_tile_13'...
(8, (234182.59099838723, 901732.4833440109, 234482.59099838723, 902032.4833440109), (233982.59099838723, 901732.4833440109, 234642.58635222574, 902232.4833440109), {'buildings': '/storage/project/r-rbasu31-0/hyu483/Test_UMEP/UROCK/input/building_26986.shp', 'veg': '/storage/project/r-rbasu31-0/hyu483/Test_UMEP/UROCK/input/veg_26986.shp', 'template_rast': '/storage/project/r-rbasu31-0/hyu483/Test_UMEP/UROCK/input/../DSM_26986_2.tif', 'base_output_dir': '/storage/project/r-rbasu31-0/hyu483/Test_UMEP/UROCK_output_34_spawn/urock_tiled_output'})
Info: Sliced and clipped '/storage/project/r-rbasu31-0/hyu483/Test_UMEP/UROCK/input/building_26986.shp' to '/storage/project/r-rbasu31-0/hyu483/Test_UMEP/UROCK_output_34_spawn/temp_intermediate_files/tile_8_sliced_inputs/buildings_tile_8.shp'. Copied 374 features.
Info: Sliced and clipped '/storage/project/r-rbasu31-0/hyu483/Test_UMEP/UROCK/input/veg_26986.shp' to '/storage/project/r-rbasu31-0/hyu483/Test_UMEP/UROCK_output_34_spawn/temp_intermediate_files/tile_8_sliced_inputs/veg_tile_8.shp'. Copied 272 features.
Info: Sliced '/storage/project/r-rbasu31-0/hyu483/Test_UMEP/UROCK/input/../DSM_26986_2.tif' to '/storage/project/r-rbasu31-0/hyu483/Test_UMEP/UROCK_output_34_spawn/temp_intermediate_files/tile_8_sliced_inputs/template_tile_8.tif' (Extent: (233982.59099838723, 901732.4833440109, 234642.58635222574, 902232.4833440109)).
Tile 8: Running URock...
Process 3978168: Running URock for tile output 'wind_field_raw_tile_8'...
(6, (233882.59099838723, 902332.4833440109, 234182.59099838723, 902632.4833440109), (233682.59099838723, 902132.4833440109, 234382.59099838723, 902792.4786978494), {'buildings': '/storage/project/r-rbasu31-0/hyu483/Test_UMEP/UROCK/input/building_26986.shp', 'veg': '/storage/project/r-rbasu31-0/hyu483/Test_UMEP/UROCK/input/veg_26986.shp', 'template_rast': '/storage/project/r-rbasu31-0/hyu483/Test_UMEP/UROCK/input/../DSM_26986_2.tif', 'base_output_dir': '/storage/project/r-rbasu31-0/hyu483/Test_UMEP/UROCK_output_34_spawn/urock_tiled_output'})
Info: Sliced and clipped '/storage/project/r-rbasu31-0/hyu483/Test_UMEP/UROCK/input/building_26986.shp' to '/storage/project/r-rbasu31-0/hyu483/Test_UMEP/UROCK_output_34_spawn/temp_intermediate_files/tile_6_sliced_inputs/buildings_tile_6.shp'. Copied 695 features.
Info: Sliced and clipped '/storage/project/r-rbasu31-0/hyu483/Test_UMEP/UROCK/input/veg_26986.shp' to '/storage/project/r-rbasu31-0/hyu483/Test_UMEP/UROCK_output_34_spawn/temp_intermediate_files/tile_6_sliced_inputs/veg_tile_6.shp'. Copied 380 features.
Info: Sliced '/storage/project/r-rbasu31-0/hyu483/Test_UMEP/UROCK/input/../DSM_26986_2.tif' to '/storage/project/r-rbasu31-0/hyu483/Test_UMEP/UROCK_output_34_spawn/temp_intermediate_files/tile_6_sliced_inputs/template_tile_6.tif' (Extent: (233682.59099838723, 902132.4833440109, 234382.59099838723, 902792.4786978494)).
Tile 6: Running URock...
Process 3978159: Running URock for tile output 'wind_field_raw_tile_6'...
(9, (234182.59099838723, 902032.4833440109, 234482.59099838723, 902332.4833440109), (233982.59099838723, 901832.4833440109, 234642.58635222574, 902532.4833440109), {'buildings': '/storage/project/r-rbasu31-0/hyu483/Test_UMEP/UROCK/input/building_26986.shp', 'veg': '/storage/project/r-rbasu31-0/hyu483/Test_UMEP/UROCK/input/veg_26986.shp', 'template_rast': '/storage/project/r-rbasu31-0/hyu483/Test_UMEP/UROCK/input/../DSM_26986_2.tif', 'base_output_dir': '/storage/project/r-rbasu31-0/hyu483/Test_UMEP/UROCK_output_34_spawn/urock_tiled_output'})
Info: Sliced and clipped '/storage/project/r-rbasu31-0/hyu483/Test_UMEP/UROCK/input/building_26986.shp' to '/storage/project/r-rbasu31-0/hyu483/Test_UMEP/UROCK_output_34_spawn/temp_intermediate_files/tile_9_sliced_inputs/buildings_tile_9.shp'. Copied 771 features.
Info: Sliced and clipped '/storage/project/r-rbasu31-0/hyu483/Test_UMEP/UROCK/input/veg_26986.shp' to '/storage/project/r-rbasu31-0/hyu483/Test_UMEP/UROCK_output_34_spawn/temp_intermediate_files/tile_9_sliced_inputs/veg_tile_9.shp'. Copied 429 features.
Info: Sliced '/storage/project/r-rbasu31-0/hyu483/Test_UMEP/UROCK/input/../DSM_26986_2.tif' to '/storage/project/r-rbasu31-0/hyu483/Test_UMEP/UROCK_output_34_spawn/temp_intermediate_files/tile_9_sliced_inputs/template_tile_9.tif' (Extent: (233982.59099838723, 901832.4833440109, 234642.58635222574, 902532.4833440109)).
Tile 9: Running URock...
Process 3978155: Running URock for tile output 'wind_field_raw_tile_9'...
SLF4J(W): No SLF4J providers were found.
SLF4J(W): Defaulting to no-operation (NOP) logger implementation
SLF4J(W): See https://www.slf4j.org/codes.html#noProviders for further details.
SLF4J(W): No SLF4J providers were found.
SLF4J(W): Defaulting to no-operation (NOP) logger implementation
SLF4J(W): See https://www.slf4j.org/codes.html#noProviders for further details.
SLF4J(W): No SLF4J providers were found.
SLF4J(W): Defaulting to no-operation (NOP) logger implementation
SLF4J(W): See https://www.slf4j.org/codes.html#noProviders for further details.
SLF4J(W): No SLF4J providers were found.
SLF4J(W): Defaulting to no-operation (NOP) logger implementation
SLF4J(W): See https://www.slf4j.org/codes.html#noProviders for further details.
SLF4J(W): No SLF4J providers were found.
SLF4J(W): Defaulting to no-operation (NOP) logger implementation
SLF4J(W): See https://www.slf4j.org/codes.html#noProviders for further details.
SLF4J(W): No SLF4J providers were found.
SLF4J(W): Defaulting to no-operation (NOP) logger implementation
SLF4J(W): See https://www.slf4j.org/codes.html#noProviders for further details.
SLF4J(W): No SLF4J providers were found.
SLF4J(W): Defaulting to no-operation (NOP) logger implementation
SLF4J(W): See https://www.slf4j.org/codes.html#noProviders for further details.
SLF4J(W): No SLF4J providers were found.
SLF4J(W): Defaulting to no-operation (NOP) logger implementation
SLF4J(W): See https://www.slf4j.org/codes.html#noProviders for further details.
SLF4J(W): No SLF4J providers were found.
SLF4J(W): Defaulting to no-operation (NOP) logger implementation
SLF4J(W): See https://www.slf4j.org/codes.html#noProviders for further details.
SLF4J(W): No SLF4J providers were found.
SLF4J(W): Defaulting to no-operation (NOP) logger implementation
SLF4J(W): See https://www.slf4j.org/codes.html#noProviders for further details.
SLF4J(W): No SLF4J providers were found.
SLF4J(W): Defaulting to no-operation (NOP) logger implementation
SLF4J(W): See https://www.slf4j.org/codes.html#noProviders for further details.
SLF4J(W): No SLF4J providers were found.
SLF4J(W): Defaulting to no-operation (NOP) logger implementation
SLF4J(W): See https://www.slf4j.org/codes.html#noProviders for further details.
SLF4J(W): No SLF4J providers were found.
SLF4J(W): Defaulting to no-operation (NOP) logger implementation
SLF4J(W): See https://www.slf4j.org/codes.html#noProviders for further details.
SLF4J(W): No SLF4J providers were found.
SLF4J(W): Defaulting to no-operation (NOP) logger implementation
SLF4J(W): See https://www.slf4j.org/codes.html#noProviders for further details.
SLF4J(W): No SLF4J providers were found.
SLF4J(W): Defaulting to no-operation (NOP) logger implementation
SLF4J(W): See https://www.slf4j.org/codes.html#noProviders for further details.
SLF4J(W): No SLF4J providers were found.
SLF4J(W): Defaulting to no-operation (NOP) logger implementation
SLF4J(W): See https://www.slf4j.org/codes.html#noProviders for further details.
Connecting to database
	->/tmp/URock_2025-12-21T173307857f9d43-70c5-4425-bbb3-3a3f6cdcfeb1/myDbH2
/storage/home/hcoda1/4/hyu483/qgis_332/profiles/default/python/plugins/processing_umep/functions/URock/h2gis-standalone/h2gis-dist-2.2.3.jar
Connected!

Spatial functions added!

Load input data
Load table 'build_pre_srid_20251221173315'
Load table 'veg_pre_srid_20251221173315'
Creates blocks and stacked blocks
Rotates geometries from 45.0 degrees
Identify block base height and block cavity base
Calculates obstacle properties
Calculates zone properties
Initializes upwind facades
Update upwind facades base height
Initializes downwind facades
Calculates study area properties
Roughness zone properties are:

                                 - z0: 1.4807014628996724
                                 - d: 6.954404234821527
                                 - Hr: 9.871343085997816
                                 - H_ob_max: 26
                                 - lambda_f: 0.1628695975919361
Rotates geometries from -45.0 degrees
Rotates geometries from -45.0 degrees
Rotates geometries from -45.0 degrees
Creates displacement zones
Rotates geometries from -45.0 degrees
Rotates geometries from -45.0 degrees
Creates cavity and wake zones
Rotates geometries from -45.0 degrees
Rotates geometries from -45.0 degrees
Creates street canyon zones
Rotates geometries from -45.0 degrees
Creates rooftop zones (perpendicular and corner)
Rotates geometries from -45.0 degrees
Rotates geometries from -45.0 degrees
Creates built-up and open vegetation zones
Rotates geometries from -45.0 degrees
Rotates geometries from -45.0 degrees
Identify the buildings concerned by the impacted zone chosen by the user
Creates the grid of points
Affects each grid point to a building Rockle zone and calculates needed 
          variables for 3D wind speed
Affects each grid point to a vegetation Rockle zone and calculates 
          needed variables for 3D wind speed
Remove some of the Röckle zone points
Creates backward zones
Calculates the 3D wind speed factor value for each point of each BUILDING zone
Rotates geometries from -45.0 degrees
Rotates geometries from -45.0 degrees
Rotates geometries from -45.0 degrees
Rotates geometries from -45.0 degrees
Rotates geometries from -45.0 degrees
Rotates geometries from -45.0 degrees
Rotates geometries from -45.0 degrees
Rotates geometries from -45.0 degrees
Rotates geometries from -45.0 degrees
Calculates the 3D wind speed factor value for each point of each VEGETATION zone
Rotates geometries from -45.0 degrees
Deals with superimposition (keeps only 1 value per 3D point)
Deals with superimposition (keeps only 1 value per 3D point)
Identify upstreamer points in TEMPO_WEIGHTING table
Identify upstreamer points in TEMPO_PRIORITIES table
Identify upstreamer points in TEMPO_PRIORITIES_WEIGHT table
Deals with superimposition (keeps only 1 value per 3D point)
Identify upstreamer points in TEMPO_WEIGHTING table
Identify upstreamer points in TEMPO_PRIORITIES table
Identify upstreamer points in TEMPO_PRIORITIES_WEIGHT table
Rotates geometries from -45.0 degrees
Identify grid points intersecting buildings
Set the initial 3D wind speed field
Time spent for wind speed initialization: 90.5658118724823 s
Shape: (175, 175, 18) - Nb cells: 551250
Start to apply the wind solver
Iteration 1 (max 500)
   eps = 0.603114 >= 0.0001
Iteration 2 (max 500)
   eps = 0.425938 >= 0.0001
Iteration 3 (max 500)
   eps = 0.344312 >= 0.0001
Iteration 4 (max 500)
   eps = 0.284199 >= 0.0001
Iteration 5 (max 500)
   eps = 0.238807 >= 0.0001
Iteration 6 (max 500)
   eps = 0.205166 >= 0.0001
Iteration 7 (max 500)
   eps = 0.179707 >= 0.0001
Iteration 8 (max 500)
   eps = 0.156479 >= 0.0001
Iteration 9 (max 500)
   eps = 0.136184 >= 0.0001
Iteration 10 (max 500)
   eps = 0.120569 >= 0.0001
Iteration 11 (max 500)
   eps = 0.109772 >= 0.0001
Iteration 12 (max 500)
   eps = 0.100806 >= 0.0001
Iteration 13 (max 500)
   eps = 0.09364 >= 0.0001
Iteration 14 (max 500)
   eps = 0.087633 >= 0.0001
Iteration 15 (max 500)
   eps = 0.083157 >= 0.0001
Iteration 16 (max 500)
   eps = 0.096154 >= 0.0001
Iteration 17 (max 500)
   eps = 0.081669 >= 0.0001
Iteration 18 (max 500)
   eps = 0.077535 >= 0.0001
Iteration 19 (max 500)
   eps = 0.074597 >= 0.0001
Iteration 20 (max 500)
   eps = 0.072288 >= 0.0001
Iteration 21 (max 500)
   eps = 0.070496 >= 0.0001
Iteration 22 (max 500)
   eps = 0.068668 >= 0.0001
Iteration 23 (max 500)
   eps = 0.067154 >= 0.0001
Iteration 24 (max 500)
   eps = 0.065873 >= 0.0001
Iteration 25 (max 500)
   eps = 0.064241 >= 0.0001
Iteration 26 (max 500)
   eps = 0.062613 >= 0.0001
Iteration 27 (max 500)
   eps = 0.060839 >= 0.0001
Iteration 28 (max 500)
   eps = 0.059492 >= 0.0001
Iteration 29 (max 500)
   eps = 0.05836 >= 0.0001
Iteration 30 (max 500)
   eps = 0.057141 >= 0.0001
Iteration 31 (max 500)
   eps = 0.055881 >= 0.0001
Iteration 32 (max 500)
   eps = 0.054916 >= 0.0001
Iteration 33 (max 500)
   eps = 0.053742 >= 0.0001
Iteration 34 (max 500)
   eps = 0.052389 >= 0.0001
Iteration 35 (max 500)
   eps = 0.051162 >= 0.0001
Iteration 36 (max 500)
   eps = 0.049849 >= 0.0001
Iteration 37 (max 500)
   eps = 0.048595 >= 0.0001
Iteration 38 (max 500)
   eps = 0.047204 >= 0.0001
Iteration 39 (max 500)
   eps = 0.045682 >= 0.0001
Iteration 40 (max 500)
   eps = 0.044315 >= 0.0001
Iteration 41 (max 500)
   eps = 0.042858 >= 0.0001
Iteration 42 (max 500)
   eps = 0.041571 >= 0.0001
Iteration 43 (max 500)
   eps = 0.040318 >= 0.0001
Iteration 44 (max 500)
   eps = 0.039136 >= 0.0001
Iteration 45 (max 500)
   eps = 0.038099 >= 0.0001
Iteration 46 (max 500)
   eps = 0.037025 >= 0.0001
Iteration 47 (max 500)
   eps = 0.03588 >= 0.0001
Iteration 48 (max 500)
   eps = 0.034782 >= 0.0001
Iteration 49 (max 500)
   eps = 0.033872 >= 0.0001
Iteration 50 (max 500)
   eps = 0.033006 >= 0.0001
Iteration 51 (max 500)
   eps = 0.032097 >= 0.0001
Iteration 52 (max 500)
   eps = 0.031321 >= 0.0001
Iteration 53 (max 500)
   eps = 0.0305 >= 0.0001
Iteration 54 (max 500)
   eps = 0.029686 >= 0.0001
Iteration 55 (max 500)
   eps = 0.028813 >= 0.0001
Iteration 56 (max 500)
   eps = 0.027913 >= 0.0001
Iteration 57 (max 500)
   eps = 0.027078 >= 0.0001
Iteration 58 (max 500)
   eps = 0.02626 >= 0.0001
Iteration 59 (max 500)
   eps = 0.025422 >= 0.0001
Iteration 60 (max 500)
   eps = 0.024598 >= 0.0001
Iteration 61 (max 500)
   eps = 0.023834 >= 0.0001
Iteration 62 (max 500)
   eps = 0.023118 >= 0.0001
Iteration 63 (max 500)
   eps = 0.022444 >= 0.0001
Iteration 64 (max 500)
   eps = 0.021848 >= 0.0001
Iteration 65 (max 500)
   eps = 0.021211 >= 0.0001
Iteration 66 (max 500)
   eps = 0.020568 >= 0.0001
Iteration 67 (max 500)
   eps = 0.02004 >= 0.0001
Iteration 68 (max 500)
   eps = 0.019473 >= 0.0001
Iteration 69 (max 500)
   eps = 0.01895 >= 0.0001
Iteration 70 (max 500)
   eps = 0.018427 >= 0.0001
Iteration 71 (max 500)
   eps = 0.017964 >= 0.0001
Iteration 72 (max 500)
   eps = 0.017536 >= 0.0001
Iteration 73 (max 500)
   eps = 0.01711 >= 0.0001
Iteration 74 (max 500)
   eps = 0.016656 >= 0.0001
Iteration 75 (max 500)
   eps = 0.0163 >= 0.0001
Iteration 76 (max 500)
   eps = 0.015823 >= 0.0001
Iteration 77 (max 500)
   eps = 0.015402 >= 0.0001
Iteration 78 (max 500)
   eps = 0.01497 >= 0.0001
Iteration 79 (max 500)
   eps = 0.014606 >= 0.0001
Iteration 80 (max 500)
   eps = 0.014295 >= 0.0001
Iteration 81 (max 500)
   eps = 0.01398 >= 0.0001
Iteration 82 (max 500)
   eps = 0.013631 >= 0.0001
Iteration 83 (max 500)
   eps = 0.013263 >= 0.0001
Iteration 84 (max 500)
   eps = 0.012925 >= 0.0001
Iteration 85 (max 500)
   eps = 0.012586 >= 0.0001
Iteration 86 (max 500)
   eps = 0.012245 >= 0.0001
Iteration 87 (max 500)
   eps = 0.011901 >= 0.0001
Iteration 88 (max 500)
   eps = 0.011591 >= 0.0001
Iteration 89 (max 500)
   eps = 0.011293 >= 0.0001
Iteration 90 (max 500)
   eps = 0.010964 >= 0.0001
Iteration 91 (max 500)
   eps = 0.01069 >= 0.0001
Iteration 92 (max 500)
   eps = 0.010446 >= 0.0001
Iteration 93 (max 500)
   eps = 0.010165 >= 0.0001
Iteration 94 (max 500)
   eps = 0.009917 >= 0.0001
Iteration 95 (max 500)
   eps = 0.009648 >= 0.0001
Iteration 96 (max 500)
   eps = 0.009384 >= 0.0001
Iteration 97 (max 500)
   eps = 0.009144 >= 0.0001
Iteration 98 (max 500)
   eps = 0.008897 >= 0.0001
Iteration 99 (max 500)
   eps = 0.008643 >= 0.0001
Iteration 100 (max 500)
   eps = 0.008388 >= 0.0001
Iteration 101 (max 500)
   eps = 0.008181 >= 0.0001
Iteration 102 (max 500)
   eps = 0.007988 >= 0.0001
Iteration 103 (max 500)
   eps = 0.007796 >= 0.0001
Iteration 104 (max 500)
   eps = 0.007602 >= 0.0001
Iteration 105 (max 500)
   eps = 0.007392 >= 0.0001
Iteration 106 (max 500)
   eps = 0.00719 >= 0.0001
Iteration 107 (max 500)
   eps = 0.007016 >= 0.0001
Iteration 108 (max 500)
   eps = 0.006839 >= 0.0001
Iteration 109 (max 500)
   eps = 0.006654 >= 0.0001
Iteration 110 (max 500)
   eps = 0.006501 >= 0.0001
Iteration 111 (max 500)
   eps = 0.006315 >= 0.0001
Iteration 112 (max 500)
   eps = 0.006155 >= 0.0001
Iteration 113 (max 500)
   eps = 0.006006 >= 0.0001
Iteration 114 (max 500)
   eps = 0.005865 >= 0.0001
Iteration 115 (max 500)
   eps = 0.005705 >= 0.0001
Iteration 116 (max 500)
   eps = 0.005553 >= 0.0001
Iteration 117 (max 500)
   eps = 0.00541 >= 0.0001
Iteration 118 (max 500)
   eps = 0.005284 >= 0.0001
Iteration 119 (max 500)
   eps = 0.005138 >= 0.0001
Iteration 120 (max 500)
   eps = 0.005004 >= 0.0001
Iteration 121 (max 500)
   eps = 0.004884 >= 0.0001
Iteration 122 (max 500)
   eps = 0.00475 >= 0.0001
Iteration 123 (max 500)
   eps = 0.004617 >= 0.0001
Iteration 124 (max 500)
   eps = 0.004504 >= 0.0001
Iteration 125 (max 500)
   eps = 0.0044 >= 0.0001
Iteration 126 (max 500)
   eps = 0.004291 >= 0.0001
Iteration 127 (max 500)
   eps = 0.004182 >= 0.0001
Iteration 128 (max 500)
   eps = 0.004065 >= 0.0001
Iteration 129 (max 500)
   eps = 0.00396 >= 0.0001
Iteration 130 (max 500)
   eps = 0.003871 >= 0.0001
Iteration 131 (max 500)
   eps = 0.003781 >= 0.0001
Iteration 132 (max 500)
   eps = 0.003679 >= 0.0001
Iteration 133 (max 500)
   eps = 0.003577 >= 0.0001
Iteration 134 (max 500)
   eps = 0.003478 >= 0.0001
Iteration 135 (max 500)
   eps = 0.0034 >= 0.0001
Iteration 136 (max 500)
   eps = 0.003316 >= 0.0001
Iteration 137 (max 500)
   eps = 0.003226 >= 0.0001
Iteration 138 (max 500)
   eps = 0.003151 >= 0.0001
Iteration 139 (max 500)
   eps = 0.003068 >= 0.0001
Iteration 140 (max 500)
   eps = 0.002981 >= 0.0001
Iteration 141 (max 500)
   eps = 0.002898 >= 0.0001
Iteration 142 (max 500)
   eps = 0.002814 >= 0.0001
Iteration 143 (max 500)
   eps = 0.002727 >= 0.0001
Iteration 144 (max 500)
   eps = 0.002642 >= 0.0001
Iteration 145 (max 500)
   eps = 0.002573 >= 0.0001
Iteration 146 (max 500)
   eps = 0.002509 >= 0.0001
Iteration 147 (max 500)
   eps = 0.002442 >= 0.0001
Iteration 148 (max 500)
   eps = 0.002382 >= 0.0001
Iteration 149 (max 500)
   eps = 0.002324 >= 0.0001
Iteration 150 (max 500)
   eps = 0.002264 >= 0.0001
Iteration 151 (max 500)
   eps = 0.002206 >= 0.0001
Iteration 152 (max 500)
   eps = 0.002145 >= 0.0001
Iteration 153 (max 500)
   eps = 0.002083 >= 0.0001
Iteration 154 (max 500)
   eps = 0.002026 >= 0.0001
Iteration 155 (max 500)
   eps = 0.001974 >= 0.0001
Iteration 156 (max 500)
   eps = 0.00192 >= 0.0001
Iteration 157 (max 500)
   eps = 0.001871 >= 0.0001
Iteration 158 (max 500)
   eps = 0.001822 >= 0.0001
Iteration 159 (max 500)
   eps = 0.001776 >= 0.0001
Iteration 160 (max 500)
   eps = 0.001734 >= 0.0001
Iteration 161 (max 500)
   eps = 0.001683 >= 0.0001
Iteration 162 (max 500)
   eps = 0.00164 >= 0.0001
Iteration 163 (max 500)
   eps = 0.001591 >= 0.0001
Iteration 164 (max 500)
   eps = 0.001556 >= 0.0001
Iteration 165 (max 500)
   eps = 0.001518 >= 0.0001
Iteration 166 (max 500)
   eps = 0.001484 >= 0.0001
Iteration 167 (max 500)
   eps = 0.001443 >= 0.0001
Iteration 168 (max 500)
   eps = 0.001402 >= 0.0001
Iteration 169 (max 500)
   eps = 0.001365 >= 0.0001
Iteration 170 (max 500)
   eps = 0.001326 >= 0.0001
Iteration 171 (max 500)
   eps = 0.001287 >= 0.0001
Iteration 172 (max 500)
   eps = 0.001251 >= 0.0001
Iteration 173 (max 500)
   eps = 0.001215 >= 0.0001
Iteration 174 (max 500)
   eps = 0.001182 >= 0.0001
Iteration 175 (max 500)
   eps = 0.00115 >= 0.0001
Iteration 176 (max 500)
   eps = 0.001122 >= 0.0001
Iteration 177 (max 500)
   eps = 0.001094 >= 0.0001
Iteration 178 (max 500)
   eps = 0.001067 >= 0.0001
Iteration 179 (max 500)
   eps = 0.001036 >= 0.0001
Iteration 180 (max 500)
   eps = 0.001007 >= 0.0001
Iteration 181 (max 500)
   eps = 0.00098 >= 0.0001
Iteration 182 (max 500)
   eps = 0.000956 >= 0.0001
Iteration 183 (max 500)
   eps = 0.000929 >= 0.0001
Iteration 184 (max 500)
   eps = 0.000905 >= 0.0001
Iteration 185 (max 500)
   eps = 0.00088 >= 0.0001
Iteration 186 (max 500)
   eps = 0.000855 >= 0.0001
Iteration 187 (max 500)
   eps = 0.000831 >= 0.0001
Iteration 188 (max 500)
   eps = 0.000804 >= 0.0001
Iteration 189 (max 500)
   eps = 0.00078 >= 0.0001
Iteration 190 (max 500)
   eps = 0.000757 >= 0.0001
Iteration 191 (max 500)
   eps = 0.000734 >= 0.0001
Iteration 192 (max 500)
   eps = 0.000714 >= 0.0001
Iteration 193 (max 500)
   eps = 0.000697 >= 0.0001
Iteration 194 (max 500)
   eps = 0.000679 >= 0.0001
Iteration 195 (max 500)
   eps = 0.000661 >= 0.0001
Iteration 196 (max 500)
   eps = 0.000643 >= 0.0001
Iteration 197 (max 500)
   eps = 0.000626 >= 0.0001
Iteration 198 (max 500)
   eps = 0.00061 >= 0.0001
Iteration 199 (max 500)
   eps = 0.000593 >= 0.0001
Iteration 200 (max 500)
   eps = 0.000576 >= 0.0001
Iteration 201 (max 500)
   eps = 0.000559 >= 0.0001
Iteration 202 (max 500)
   eps = 0.000544 >= 0.0001
Iteration 203 (max 500)
   eps = 0.000528 >= 0.0001
Iteration 204 (max 500)
   eps = 0.000513 >= 0.0001
Iteration 205 (max 500)
   eps = 0.000497 >= 0.0001
Iteration 206 (max 500)
   eps = 0.000482 >= 0.0001
Iteration 207 (max 500)
   eps = 0.000468 >= 0.0001
Iteration 208 (max 500)
   eps = 0.000456 >= 0.0001
Iteration 209 (max 500)
   eps = 0.000443 >= 0.0001
Iteration 210 (max 500)
   eps = 0.000431 >= 0.0001
Iteration 211 (max 500)
   eps = 0.000418 >= 0.0001
Iteration 212 (max 500)
   eps = 0.000406 >= 0.0001
Iteration 213 (max 500)
   eps = 0.000396 >= 0.0001
Iteration 214 (max 500)
   eps = 0.000386 >= 0.0001
Iteration 215 (max 500)
   eps = 0.000374 >= 0.0001
Iteration 216 (max 500)
   eps = 0.000365 >= 0.0001
Iteration 217 (max 500)
   eps = 0.000354 >= 0.0001
Iteration 218 (max 500)
   eps = 0.000344 >= 0.0001
Iteration 219 (max 500)
   eps = 0.000335 >= 0.0001
Iteration 220 (max 500)
   eps = 0.000326 >= 0.0001
Iteration 221 (max 500)
   eps = 0.000316 >= 0.0001
Iteration 222 (max 500)
   eps = 0.000305 >= 0.0001
Iteration 223 (max 500)
   eps = 0.000297 >= 0.0001
Iteration 224 (max 500)
   eps = 0.00029 >= 0.0001
Iteration 225 (max 500)
   eps = 0.000282 >= 0.0001
Iteration 226 (max 500)
   eps = 0.000274 >= 0.0001
Iteration 227 (max 500)
   eps = 0.000267 >= 0.0001
Iteration 228 (max 500)
   eps = 0.000261 >= 0.0001
Iteration 229 (max 500)
   eps = 0.000254 >= 0.0001
Iteration 230 (max 500)
   eps = 0.000245 >= 0.0001
Iteration 231 (max 500)
   eps = 0.000237 >= 0.0001
Iteration 232 (max 500)
   eps = 0.00023 >= 0.0001
Iteration 233 (max 500)
   eps = 0.000224 >= 0.0001
Iteration 234 (max 500)
   eps = 0.000218 >= 0.0001
Iteration 235 (max 500)
   eps = 0.000212 >= 0.0001
Iteration 236 (max 500)
   eps = 0.000206 >= 0.0001
Iteration 237 (max 500)
   eps = 0.000201 >= 0.0001
Iteration 238 (max 500)
   eps = 0.000195 >= 0.0001
Iteration 239 (max 500)
   eps = 0.000188 >= 0.0001
Iteration 240 (max 500)
   eps = 0.000183 >= 0.0001
Iteration 241 (max 500)
   eps = 0.000177 >= 0.0001
Iteration 242 (max 500)
   eps = 0.000172 >= 0.0001
Iteration 243 (max 500)
   eps = 0.000166 >= 0.0001
Iteration 244 (max 500)
   eps = 0.000162 >= 0.0001
Iteration 245 (max 500)
   eps = 0.000156 >= 0.0001
Iteration 246 (max 500)
   eps = 0.000152 >= 0.0001
Iteration 247 (max 500)
   eps = 0.000147 >= 0.0001
Iteration 248 (max 500)
   eps = 0.000144 >= 0.0001
Iteration 249 (max 500)
   eps = 0.00014 >= 0.0001
Iteration 250 (max 500)
   eps = 0.000136 >= 0.0001
Iteration 251 (max 500)
   eps = 0.000132 >= 0.0001
Iteration 252 (max 500)
   eps = 0.000129 >= 0.0001
Iteration 253 (max 500)
   eps = 0.000125 >= 0.0001
Iteration 254 (max 500)
   eps = 0.000121 >= 0.0001
Iteration 255 (max 500)
   eps = 0.000117 >= 0.0001
Iteration 256 (max 500)
   eps = 0.000114 >= 0.0001
Iteration 257 (max 500)
   eps = 0.000111 >= 0.0001
Iteration 258 (max 500)
   eps = 0.000107 >= 0.0001
Iteration 259 (max 500)
   eps = 0.000104 >= 0.0001
Iteration 260 (max 500)
   eps = 0.0001 >= 0.0001
Iteration 261 (max 500)
Time spent by the wind speed solver: 17.81658959388733 s
Rotates geometries from -45.0 degrees
Interp succeeded!!! for tmp_file
Interp succeeded!!! for tmp_file
Interp succeeded!!! for tmp_file
Interp succeeded!!! for tmp_file
Interp succeeded!!! for tmp_file
Interp succeeded!!! for tmp_file
Process 3978178: Successfully ran URock for tile output 'wind_field_raw_tile_15'.
Process 3978178: Elapsed time for URock ('wind_field_raw_tile_15'): 147.79 seconds.
[Master] Process 3978178 - Tile 15: Finished processing.
[Master] 3978178: exit signal
Info: Debuffered '/storage/project/r-rbasu31-0/hyu483/Test_UMEP/UROCK_output_34_spawn/temp_intermediate_files/tile_15_urock_raw_outputs/z1_5/wind_field_raw_tile_15WS.tif' to '/storage/project/r-rbasu31-0/hyu483/Test_UMEP/UROCK_output_34_spawn/urock_tiled_output/urock_wind_field_tile_15WS.tif' (original extent: (234482.59099838723, 902632.4833440109, 234642.58635222574, 902792.4786978494)).
Connecting to database
	->/tmp/URock_2025-12-21T1733069f928e7a-1078-4c44-ace3-caf3abe79cc2/myDbH2
/storage/home/hcoda1/4/hyu483/qgis_332/profiles/default/python/plugins/processing_umep/functions/URock/h2gis-standalone/h2gis-dist-2.2.3.jar
Connected!

Spatial functions added!

Load input data
Load table 'build_pre_srid_20251221173315'
Load table 'veg_pre_srid_20251221173315'
Creates blocks and stacked blocks
Rotates geometries from 45.0 degrees
Identify block base height and block cavity base
Calculates obstacle properties
Calculates zone properties
Initializes upwind facades
Update upwind facades base height
Initializes downwind facades
Calculates study area properties
Roughness zone properties are:

                                 - z0: 1.7083706350240382
                                 - d: 8.020238190693929
                                 - Hr: 11.389137566826921
                                 - H_ob_max: 56
                                 - lambda_f: 0.16200188553958722
Rotates geometries from -45.0 degrees
Rotates geometries from -45.0 degrees
Rotates geometries from -45.0 degrees
Creates displacement zones
Rotates geometries from -45.0 degrees
Rotates geometries from -45.0 degrees
Creates cavity and wake zones
Rotates geometries from -45.0 degrees
Rotates geometries from -45.0 degrees
Creates street canyon zones
Rotates geometries from -45.0 degrees
Creates rooftop zones (perpendicular and corner)
Rotates geometries from -45.0 degrees
Rotates geometries from -45.0 degrees
Creates built-up and open vegetation zones
Rotates geometries from -45.0 degrees
Rotates geometries from -45.0 degrees
Identify the buildings concerned by the impacted zone chosen by the user
Creates the grid of points
Affects each grid point to a building Rockle zone and calculates needed 
          variables for 3D wind speed
Affects each grid point to a vegetation Rockle zone and calculates 
          needed variables for 3D wind speed
Remove some of the Röckle zone points
Creates backward zones
Calculates the 3D wind speed factor value for each point of each BUILDING zone
Rotates geometries from -45.0 degrees
Rotates geometries from -45.0 degrees
Rotates geometries from -45.0 degrees
Rotates geometries from -45.0 degrees
Rotates geometries from -45.0 degrees
Rotates geometries from -45.0 degrees
Rotates geometries from -45.0 degrees
Rotates geometries from -45.0 degrees
Rotates geometries from -45.0 degrees
Calculates the 3D wind speed factor value for each point of each VEGETATION zone
Rotates geometries from -45.0 degrees
Deals with superimposition (keeps only 1 value per 3D point)
Deals with superimposition (keeps only 1 value per 3D point)
Identify upstreamer points in TEMPO_WEIGHTING table
Identify upstreamer points in TEMPO_PRIORITIES table
Identify upstreamer points in TEMPO_PRIORITIES_WEIGHT table
Deals with superimposition (keeps only 1 value per 3D point)
Identify upstreamer points in TEMPO_WEIGHTING table
Identify upstreamer points in TEMPO_PRIORITIES table
Identify upstreamer points in TEMPO_PRIORITIES_WEIGHT table
Rotates geometries from -45.0 degrees
Identify grid points intersecting buildings
Set the initial 3D wind speed field
Time spent for wind speed initialization: 109.67180395126343 s
Shape: (211, 270, 28) - Nb cells: 1595160
Start to apply the wind solver
Iteration 1 (max 500)
   eps = 0.602216 >= 0.0001
Iteration 2 (max 500)
   eps = 0.412241 >= 0.0001
Iteration 3 (max 500)
   eps = 0.328382 >= 0.0001
Iteration 4 (max 500)
   eps = 0.272508 >= 0.0001
Iteration 5 (max 500)
   eps = 0.231138 >= 0.0001
Iteration 6 (max 500)
   eps = 0.199078 >= 0.0001
Iteration 7 (max 500)
   eps = 0.172303 >= 0.0001
Iteration 8 (max 500)
   eps = 0.151324 >= 0.0001
Iteration 9 (max 500)
   eps = 0.134587 >= 0.0001
Iteration 10 (max 500)
   eps = 0.121363 >= 0.0001
Iteration 11 (max 500)
   eps = 0.110903 >= 0.0001
Iteration 12 (max 500)
   eps = 0.102317 >= 0.0001
Iteration 13 (max 500)
   eps = 0.094949 >= 0.0001
Iteration 14 (max 500)
   eps = 0.088368 >= 0.0001
Iteration 15 (max 500)
   eps = 0.082886 >= 0.0001
Iteration 16 (max 500)
   eps = 0.07826 >= 0.0001
Iteration 17 (max 500)
   eps = 0.074086 >= 0.0001
Iteration 18 (max 500)
   eps = 0.070345 >= 0.0001
Iteration 19 (max 500)
   eps = 0.067271 >= 0.0001
Iteration 20 (max 500)
   eps = 0.064248 >= 0.0001
Iteration 21 (max 500)
   eps = 0.061696 >= 0.0001
Iteration 22 (max 500)
   eps = 0.059177 >= 0.0001
Iteration 23 (max 500)
   eps = 0.057224 >= 0.0001
Iteration 24 (max 500)
   eps = 0.055271 >= 0.0001
Iteration 25 (max 500)
   eps = 0.053556 >= 0.0001
Iteration 26 (max 500)
   eps = 0.059471 >= 0.0001
Iteration 27 (max 500)
   eps = 0.053914 >= 0.0001
Iteration 28 (max 500)
   eps = 0.050029 >= 0.0001
Iteration 29 (max 500)
   eps = 0.048392 >= 0.0001
Iteration 30 (max 500)
   eps = 0.047077 >= 0.0001
Iteration 31 (max 500)
   eps = 0.045847 >= 0.0001
Iteration 32 (max 500)
   eps = 0.044811 >= 0.0001
Iteration 33 (max 500)
   eps = 0.04361 >= 0.0001
Iteration 34 (max 500)
   eps = 0.042474 >= 0.0001
Iteration 35 (max 500)
   eps = 0.041579 >= 0.0001
Iteration 36 (max 500)
   eps = 0.04073 >= 0.0001
Iteration 37 (max 500)
   eps = 0.039912 >= 0.0001
Iteration 38 (max 500)
   eps = 0.039226 >= 0.0001
Iteration 39 (max 500)
   eps = 0.038712 >= 0.0001
Iteration 40 (max 500)
   eps = 0.03832 >= 0.0001
Iteration 41 (max 500)
   eps = 0.037938 >= 0.0001
Iteration 42 (max 500)
   eps = 0.037539 >= 0.0001
Iteration 43 (max 500)
   eps = 0.037053 >= 0.0001
Iteration 44 (max 500)
   eps = 0.036494 >= 0.0001
Iteration 45 (max 500)
   eps = 0.035912 >= 0.0001
Iteration 46 (max 500)
   eps = 0.035267 >= 0.0001
Iteration 47 (max 500)
   eps = 0.034501 >= 0.0001
Iteration 48 (max 500)
   eps = 0.033794 >= 0.0001
Iteration 49 (max 500)
   eps = 0.033099 >= 0.0001
Iteration 50 (max 500)
   eps = 0.032422 >= 0.0001
Iteration 51 (max 500)
   eps = 0.031764 >= 0.0001
Iteration 52 (max 500)
   eps = 0.031313 >= 0.0001
Iteration 53 (max 500)
   eps = 0.030613 >= 0.0001
Iteration 54 (max 500)
   eps = 0.030024 >= 0.0001
Iteration 55 (max 500)
   eps = 0.029502 >= 0.0001
Iteration 56 (max 500)
   eps = 0.028989 >= 0.0001
Iteration 57 (max 500)
   eps = 0.028505 >= 0.0001
Iteration 58 (max 500)
   eps = 0.027962 >= 0.0001
Iteration 59 (max 500)
   eps = 0.027431 >= 0.0001
Iteration 60 (max 500)
   eps = 0.026893 >= 0.0001
Iteration 61 (max 500)
   eps = 0.02639 >= 0.0001
Iteration 62 (max 500)
   eps = 0.025941 >= 0.0001
Iteration 63 (max 500)
   eps = 0.025458 >= 0.0001
Iteration 64 (max 500)
   eps = 0.025056 >= 0.0001
Iteration 65 (max 500)
   eps = 0.024644 >= 0.0001
Iteration 66 (max 500)
   eps = 0.024186 >= 0.0001
Iteration 67 (max 500)
   eps = 0.02376 >= 0.0001
Iteration 68 (max 500)
   eps = 0.023311 >= 0.0001
Iteration 69 (max 500)
   eps = 0.022876 >= 0.0001
Iteration 70 (max 500)
   eps = 0.022455 >= 0.0001
Iteration 71 (max 500)
   eps = 0.022056 >= 0.0001
Iteration 72 (max 500)
   eps = 0.021624 >= 0.0001
Iteration 73 (max 500)
   eps = 0.021203 >= 0.0001
Iteration 74 (max 500)
   eps = 0.020809 >= 0.0001
Iteration 75 (max 500)
   eps = 0.02041 >= 0.0001
Iteration 76 (max 500)
   eps = 0.020003 >= 0.0001
Iteration 77 (max 500)
   eps = 0.019591 >= 0.0001
Iteration 78 (max 500)
   eps = 0.019176 >= 0.0001
Iteration 79 (max 500)
   eps = 0.018787 >= 0.0001
Iteration 80 (max 500)
   eps = 0.018457 >= 0.0001
Iteration 81 (max 500)
   eps = 0.01816 >= 0.0001
Iteration 82 (max 500)
   eps = 0.017862 >= 0.0001
Iteration 83 (max 500)
   eps = 0.017557 >= 0.0001
Iteration 84 (max 500)
   eps = 0.017292 >= 0.0001
Iteration 85 (max 500)
   eps = 0.01702 >= 0.0001
Iteration 86 (max 500)
   eps = 0.016719 >= 0.0001
Iteration 87 (max 500)
   eps = 0.016401 >= 0.0001
Iteration 88 (max 500)
   eps = 0.016053 >= 0.0001
Iteration 89 (max 500)
   eps = 0.015757 >= 0.0001
Iteration 90 (max 500)
   eps = 0.015466 >= 0.0001
Iteration 91 (max 500)
   eps = 0.015177 >= 0.0001
Iteration 92 (max 500)
   eps = 0.014892 >= 0.0001
Iteration 93 (max 500)
   eps = 0.014621 >= 0.0001
Iteration 94 (max 500)
   eps = 0.01432 >= 0.0001
Iteration 95 (max 500)
   eps = 0.014053 >= 0.0001
Iteration 96 (max 500)
   eps = 0.013811 >= 0.0001
Iteration 97 (max 500)
   eps = 0.013538 >= 0.0001
Iteration 98 (max 500)
   eps = 0.013282 >= 0.0001
Iteration 99 (max 500)
   eps = 0.013023 >= 0.0001
Iteration 100 (max 500)
   eps = 0.012794 >= 0.0001
Iteration 101 (max 500)
   eps = 0.012575 >= 0.0001
Iteration 102 (max 500)
   eps = 0.012324 >= 0.0001
Iteration 103 (max 500)
   eps = 0.012134 >= 0.0001
Iteration 104 (max 500)
   eps = 0.01192 >= 0.0001
Iteration 105 (max 500)
   eps = 0.011732 >= 0.0001
Iteration 106 (max 500)
   eps = 0.01151 >= 0.0001
Iteration 107 (max 500)
   eps = 0.01129 >= 0.0001
Iteration 108 (max 500)
   eps = 0.011061 >= 0.0001
Iteration 109 (max 500)
   eps = 0.010839 >= 0.0001
Iteration 110 (max 500)
   eps = 0.010635 >= 0.0001
Iteration 111 (max 500)
   eps = 0.01045 >= 0.0001
Iteration 112 (max 500)
   eps = 0.010294 >= 0.0001
Iteration 113 (max 500)
   eps = 0.010071 >= 0.0001
Iteration 114 (max 500)
   eps = 0.009842 >= 0.0001
Iteration 115 (max 500)
   eps = 0.009602 >= 0.0001
Iteration 116 (max 500)
   eps = 0.009405 >= 0.0001
Iteration 117 (max 500)
   eps = 0.009217 >= 0.0001
Iteration 118 (max 500)
   eps = 0.009052 >= 0.0001
Iteration 119 (max 500)
   eps = 0.008872 >= 0.0001
Iteration 120 (max 500)
   eps = 0.008719 >= 0.0001
Iteration 121 (max 500)
   eps = 0.008586 >= 0.0001
Iteration 122 (max 500)
   eps = 0.008451 >= 0.0001
Iteration 123 (max 500)
   eps = 0.008294 >= 0.0001
Iteration 124 (max 500)
   eps = 0.008115 >= 0.0001
Iteration 125 (max 500)
   eps = 0.007965 >= 0.0001
Iteration 126 (max 500)
   eps = 0.007829 >= 0.0001
Iteration 127 (max 500)
   eps = 0.007659 >= 0.0001
Iteration 128 (max 500)
   eps = 0.007501 >= 0.0001
Iteration 129 (max 500)
   eps = 0.007354 >= 0.0001
Iteration 130 (max 500)
   eps = 0.007214 >= 0.0001
Iteration 131 (max 500)
   eps = 0.007063 >= 0.0001
Iteration 132 (max 500)
   eps = 0.00693 >= 0.0001
Iteration 133 (max 500)
   eps = 0.006799 >= 0.0001
Iteration 134 (max 500)
   eps = 0.006678 >= 0.0001
Iteration 135 (max 500)
   eps = 0.006561 >= 0.0001
Iteration 136 (max 500)
   eps = 0.006442 >= 0.0001
Iteration 137 (max 500)
   eps = 0.006338 >= 0.0001
Iteration 138 (max 500)
   eps = 0.006231 >= 0.0001
Iteration 139 (max 500)
   eps = 0.006118 >= 0.0001
Iteration 140 (max 500)
   eps = 0.006003 >= 0.0001
Iteration 141 (max 500)
   eps = 0.005901 >= 0.0001
Iteration 142 (max 500)
   eps = 0.005809 >= 0.0001
Iteration 143 (max 500)
   eps = 0.005706 >= 0.0001
Iteration 144 (max 500)
   eps = 0.005592 >= 0.0001
Iteration 145 (max 500)
   eps = 0.005484 >= 0.0001
Iteration 146 (max 500)
   eps = 0.005363 >= 0.0001
Iteration 147 (max 500)
   eps = 0.005244 >= 0.0001
Iteration 148 (max 500)
   eps = 0.005137 >= 0.0001
Iteration 149 (max 500)
   eps = 0.005036 >= 0.0001
Iteration 150 (max 500)
   eps = 0.004932 >= 0.0001
Iteration 151 (max 500)
   eps = 0.004832 >= 0.0001
Iteration 152 (max 500)
   eps = 0.004732 >= 0.0001
Iteration 153 (max 500)
   eps = 0.004632 >= 0.0001
Iteration 154 (max 500)
   eps = 0.004537 >= 0.0001
Iteration 155 (max 500)
   eps = 0.004452 >= 0.0001
Iteration 156 (max 500)
   eps = 0.004369 >= 0.0001
Iteration 157 (max 500)
   eps = 0.00429 >= 0.0001
Iteration 158 (max 500)
   eps = 0.00421 >= 0.0001
Iteration 159 (max 500)
   eps = 0.004131 >= 0.0001
Iteration 160 (max 500)
   eps = 0.004064 >= 0.0001
Iteration 161 (max 500)
   eps = 0.004007 >= 0.0001
Iteration 162 (max 500)
   eps = 0.003954 >= 0.0001
Iteration 163 (max 500)
   eps = 0.003897 >= 0.0001
Iteration 164 (max 500)
   eps = 0.003858 >= 0.0001
Iteration 165 (max 500)
   eps = 0.003771 >= 0.0001
Iteration 166 (max 500)
   eps = 0.003699 >= 0.0001
Iteration 167 (max 500)
   eps = 0.003623 >= 0.0001
Iteration 168 (max 500)
   eps = 0.003543 >= 0.0001
Iteration 169 (max 500)
   eps = 0.003466 >= 0.0001
Iteration 170 (max 500)
   eps = 0.003382 >= 0.0001
Iteration 171 (max 500)
   eps = 0.003315 >= 0.0001
Iteration 172 (max 500)
   eps = 0.003239 >= 0.0001
Iteration 173 (max 500)
   eps = 0.003173 >= 0.0001
Iteration 174 (max 500)
   eps = 0.00312 >= 0.0001
Iteration 175 (max 500)
   eps = 0.003063 >= 0.0001
Iteration 176 (max 500)
   eps = 0.003006 >= 0.0001
Iteration 177 (max 500)
   eps = 0.00295 >= 0.0001
Iteration 178 (max 500)
   eps = 0.002893 >= 0.0001
Iteration 179 (max 500)
   eps = 0.002837 >= 0.0001
Iteration 180 (max 500)
   eps = 0.002781 >= 0.0001
Iteration 181 (max 500)
   eps = 0.002723 >= 0.0001
Iteration 182 (max 500)
   eps = 0.002664 >= 0.0001
Iteration 183 (max 500)
   eps = 0.002609 >= 0.0001
Iteration 184 (max 500)
   eps = 0.002557 >= 0.0001
Iteration 185 (max 500)
   eps = 0.002503 >= 0.0001
Iteration 186 (max 500)
   eps = 0.002463 >= 0.0001
Iteration 187 (max 500)
   eps = 0.002422 >= 0.0001
Iteration 188 (max 500)
   eps = 0.002382 >= 0.0001
Iteration 189 (max 500)
   eps = 0.002344 >= 0.0001
Iteration 190 (max 500)
   eps = 0.002303 >= 0.0001
Iteration 191 (max 500)
   eps = 0.002256 >= 0.0001
Iteration 192 (max 500)
   eps = 0.002209 >= 0.0001
Iteration 193 (max 500)
   eps = 0.002166 >= 0.0001
Iteration 194 (max 500)
   eps = 0.002119 >= 0.0001
Iteration 195 (max 500)
   eps = 0.002077 >= 0.0001
Iteration 196 (max 500)
   eps = 0.002035 >= 0.0001
Iteration 197 (max 500)
   eps = 0.001994 >= 0.0001
Iteration 198 (max 500)
   eps = 0.001959 >= 0.0001
Iteration 199 (max 500)
   eps = 0.001922 >= 0.0001
Iteration 200 (max 500)
   eps = 0.001888 >= 0.0001
Iteration 201 (max 500)
   eps = 0.001841 >= 0.0001
Iteration 202 (max 500)
   eps = 0.001794 >= 0.0001
Iteration 203 (max 500)
   eps = 0.00176 >= 0.0001
Iteration 204 (max 500)
   eps = 0.001727 >= 0.0001
Iteration 205 (max 500)
   eps = 0.00169 >= 0.0001
Iteration 206 (max 500)
   eps = 0.001661 >= 0.0001
Iteration 207 (max 500)
   eps = 0.001626 >= 0.0001
Iteration 208 (max 500)
   eps = 0.001584 >= 0.0001
Iteration 209 (max 500)
   eps = 0.001549 >= 0.0001
Iteration 210 (max 500)
   eps = 0.001517 >= 0.0001
Iteration 211 (max 500)
   eps = 0.001492 >= 0.0001
Iteration 212 (max 500)
   eps = 0.001461 >= 0.0001
Iteration 213 (max 500)
   eps = 0.001432 >= 0.0001
Iteration 214 (max 500)
   eps = 0.001403 >= 0.0001
Iteration 215 (max 500)
   eps = 0.001376 >= 0.0001
Iteration 216 (max 500)
   eps = 0.00135 >= 0.0001
Iteration 217 (max 500)
   eps = 0.001323 >= 0.0001
Iteration 218 (max 500)
   eps = 0.001297 >= 0.0001
Iteration 219 (max 500)
   eps = 0.00127 >= 0.0001
Iteration 220 (max 500)
   eps = 0.001242 >= 0.0001
Iteration 221 (max 500)
   eps = 0.001218 >= 0.0001
Iteration 222 (max 500)
   eps = 0.001195 >= 0.0001
Iteration 223 (max 500)
   eps = 0.001173 >= 0.0001
Iteration 224 (max 500)
   eps = 0.001153 >= 0.0001
Iteration 225 (max 500)
   eps = 0.001132 >= 0.0001
Iteration 226 (max 500)
   eps = 0.00111 >= 0.0001
Iteration 227 (max 500)
   eps = 0.00109 >= 0.0001
Iteration 228 (max 500)
   eps = 0.00107 >= 0.0001
Iteration 229 (max 500)
   eps = 0.001049 >= 0.0001
Iteration 230 (max 500)
   eps = 0.00103 >= 0.0001
Iteration 231 (max 500)
   eps = 0.001009 >= 0.0001
Iteration 232 (max 500)
   eps = 0.00099 >= 0.0001
Iteration 233 (max 500)
   eps = 0.000971 >= 0.0001
Iteration 234 (max 500)
   eps = 0.000951 >= 0.0001
Iteration 235 (max 500)
   eps = 0.000929 >= 0.0001
Iteration 236 (max 500)
   eps = 0.000908 >= 0.0001
Iteration 237 (max 500)
   eps = 0.000889 >= 0.0001
Iteration 238 (max 500)
   eps = 0.00087 >= 0.0001
Iteration 239 (max 500)
   eps = 0.000854 >= 0.0001
Iteration 240 (max 500)
   eps = 0.000836 >= 0.0001
Iteration 241 (max 500)
   eps = 0.00082 >= 0.0001
Iteration 242 (max 500)
   eps = 0.000805 >= 0.0001
Iteration 243 (max 500)
   eps = 0.000788 >= 0.0001
Iteration 244 (max 500)
   eps = 0.000771 >= 0.0001
Iteration 245 (max 500)
   eps = 0.000754 >= 0.0001
Iteration 246 (max 500)
   eps = 0.000739 >= 0.0001
Iteration 247 (max 500)
   eps = 0.000725 >= 0.0001
Iteration 248 (max 500)
   eps = 0.000711 >= 0.0001
Iteration 249 (max 500)
   eps = 0.000697 >= 0.0001
Iteration 250 (max 500)
   eps = 0.000683 >= 0.0001
Iteration 251 (max 500)
   eps = 0.000669 >= 0.0001
Iteration 252 (max 500)
   eps = 0.000656 >= 0.0001
Iteration 253 (max 500)
   eps = 0.000642 >= 0.0001
Iteration 254 (max 500)
   eps = 0.000628 >= 0.0001
Iteration 255 (max 500)
   eps = 0.000615 >= 0.0001
Iteration 256 (max 500)
   eps = 0.000604 >= 0.0001
Iteration 257 (max 500)
   eps = 0.000592 >= 0.0001
Iteration 258 (max 500)
   eps = 0.000581 >= 0.0001
Iteration 259 (max 500)
   eps = 0.000569 >= 0.0001
Iteration 260 (max 500)
   eps = 0.000558 >= 0.0001
Iteration 261 (max 500)
   eps = 0.000547 >= 0.0001
Iteration 262 (max 500)
   eps = 0.000536 >= 0.0001
Iteration 263 (max 500)
   eps = 0.000526 >= 0.0001
Iteration 264 (max 500)
   eps = 0.000516 >= 0.0001
Iteration 265 (max 500)
   eps = 0.000507 >= 0.0001
Iteration 266 (max 500)
   eps = 0.000498 >= 0.0001
Iteration 267 (max 500)
   eps = 0.00049 >= 0.0001
Iteration 268 (max 500)
   eps = 0.00048 >= 0.0001
Iteration 269 (max 500)
   eps = 0.000471 >= 0.0001
Iteration 270 (max 500)
   eps = 0.000462 >= 0.0001
Iteration 271 (max 500)
   eps = 0.000452 >= 0.0001
Iteration 272 (max 500)
   eps = 0.000441 >= 0.0001
Iteration 273 (max 500)
   eps = 0.000432 >= 0.0001
Iteration 274 (max 500)
   eps = 0.000422 >= 0.0001
Iteration 275 (max 500)
   eps = 0.000413 >= 0.0001
Iteration 276 (max 500)
   eps = 0.000404 >= 0.0001
Iteration 277 (max 500)
   eps = 0.000395 >= 0.0001
Iteration 278 (max 500)
   eps = 0.000387 >= 0.0001
Iteration 279 (max 500)
   eps = 0.00038 >= 0.0001
Iteration 280 (max 500)
   eps = 0.000372 >= 0.0001
Iteration 281 (max 500)
   eps = 0.000364 >= 0.0001
Iteration 282 (max 500)
   eps = 0.000357 >= 0.0001
Iteration 283 (max 500)
   eps = 0.000349 >= 0.0001
Iteration 284 (max 500)
   eps = 0.000342 >= 0.0001
Iteration 285 (max 500)
   eps = 0.000334 >= 0.0001
Iteration 286 (max 500)
   eps = 0.000327 >= 0.0001
Iteration 287 (max 500)
   eps = 0.000319 >= 0.0001
Iteration 288 (max 500)
   eps = 0.000312 >= 0.0001
Iteration 289 (max 500)
   eps = 0.000306 >= 0.0001
Iteration 290 (max 500)
   eps = 0.000299 >= 0.0001
Iteration 291 (max 500)
   eps = 0.000293 >= 0.0001
Iteration 292 (max 500)
   eps = 0.000287 >= 0.0001
Iteration 293 (max 500)
   eps = 0.00028 >= 0.0001
Iteration 294 (max 500)
   eps = 0.000274 >= 0.0001
Iteration 295 (max 500)
   eps = 0.000269 >= 0.0001
Iteration 296 (max 500)
   eps = 0.000263 >= 0.0001
Iteration 297 (max 500)
   eps = 0.000258 >= 0.0001
Iteration 298 (max 500)
   eps = 0.000252 >= 0.0001
Iteration 299 (max 500)
   eps = 0.000247 >= 0.0001
Iteration 300 (max 500)
   eps = 0.000242 >= 0.0001
Iteration 301 (max 500)
   eps = 0.000238 >= 0.0001
Iteration 302 (max 500)
   eps = 0.000233 >= 0.0001
Iteration 303 (max 500)
   eps = 0.000228 >= 0.0001
Iteration 304 (max 500)
   eps = 0.000223 >= 0.0001
Iteration 305 (max 500)
   eps = 0.000218 >= 0.0001
Iteration 306 (max 500)
   eps = 0.000214 >= 0.0001
Iteration 307 (max 500)
   eps = 0.000209 >= 0.0001
Iteration 308 (max 500)
   eps = 0.000205 >= 0.0001
Iteration 309 (max 500)
   eps = 0.000201 >= 0.0001
Iteration 310 (max 500)
   eps = 0.000197 >= 0.0001
Iteration 311 (max 500)
   eps = 0.000193 >= 0.0001
Iteration 312 (max 500)
   eps = 0.000189 >= 0.0001
Iteration 313 (max 500)
   eps = 0.000185 >= 0.0001
Iteration 314 (max 500)
   eps = 0.000181 >= 0.0001
Iteration 315 (max 500)
   eps = 0.000178 >= 0.0001
Iteration 316 (max 500)
   eps = 0.000174 >= 0.0001
Iteration 317 (max 500)
   eps = 0.000171 >= 0.0001
Iteration 318 (max 500)
   eps = 0.000168 >= 0.0001
Iteration 319 (max 500)
   eps = 0.000164 >= 0.0001
Iteration 320 (max 500)
   eps = 0.000161 >= 0.0001
Iteration 321 (max 500)
   eps = 0.000158 >= 0.0001
Iteration 322 (max 500)
   eps = 0.000155 >= 0.0001
Iteration 323 (max 500)
   eps = 0.000152 >= 0.0001
Iteration 324 (max 500)
   eps = 0.000149 >= 0.0001
Iteration 325 (max 500)
   eps = 0.000146 >= 0.0001
Iteration 326 (max 500)
   eps = 0.000142 >= 0.0001
Iteration 327 (max 500)
   eps = 0.000139 >= 0.0001
Iteration 328 (max 500)
   eps = 0.000137 >= 0.0001
Iteration 329 (max 500)
   eps = 0.000134 >= 0.0001
Iteration 330 (max 500)
   eps = 0.000131 >= 0.0001
Iteration 331 (max 500)
   eps = 0.000128 >= 0.0001
Iteration 332 (max 500)
   eps = 0.000126 >= 0.0001
Iteration 333 (max 500)
   eps = 0.000123 >= 0.0001
Iteration 334 (max 500)
   eps = 0.000121 >= 0.0001
Iteration 335 (max 500)
   eps = 0.000118 >= 0.0001
Iteration 336 (max 500)
   eps = 0.000116 >= 0.0001
Iteration 337 (max 500)
   eps = 0.000114 >= 0.0001
Iteration 338 (max 500)
   eps = 0.000111 >= 0.0001
Iteration 339 (max 500)
   eps = 0.000109 >= 0.0001
Iteration 340 (max 500)
   eps = 0.000106 >= 0.0001
Iteration 341 (max 500)
   eps = 0.000104 >= 0.0001
Iteration 342 (max 500)
   eps = 0.000102 >= 0.0001
Iteration 343 (max 500)
Time spent by the wind speed solver: 40.33660578727722 s
Rotates geometries from -45.0 degrees
Interp succeeded!!! for tmp_file
Interp succeeded!!! for tmp_file
Interp succeeded!!! for tmp_file
Interp succeeded!!! for tmp_file
Interp succeeded!!! for tmp_file
Interp succeeded!!! for tmp_file
Process 3978172: Successfully ran URock for tile output 'wind_field_raw_tile_3'.
Process 3978172: Elapsed time for URock ('wind_field_raw_tile_3'): 201.86 seconds.
[Master] Process 3978172 - Tile 3: Finished processing.
[Master] 3978172: exit signal
Info: Debuffered '/storage/project/r-rbasu31-0/hyu483/Test_UMEP/UROCK_output_34_spawn/temp_intermediate_files/tile_3_urock_raw_outputs/z1_5/wind_field_raw_tile_3WS.tif' to '/storage/project/r-rbasu31-0/hyu483/Test_UMEP/UROCK_output_34_spawn/urock_tiled_output/urock_wind_field_tile_3WS.tif' (original extent: (233582.59099838723, 902632.4833440109, 233882.59099838723, 902792.4786978494)).
Connecting to database
	->/tmp/URock_2025-12-21T173307b3996314-36a5-46fd-9dd1-f7523924ed48/myDbH2
/storage/home/hcoda1/4/hyu483/qgis_332/profiles/default/python/plugins/processing_umep/functions/URock/h2gis-standalone/h2gis-dist-2.2.3.jar
Connected!

Spatial functions added!

Load input data
Load table 'build_pre_srid_20251221173316'
Load table 'veg_pre_srid_20251221173316'
Creates blocks and stacked blocks
Rotates geometries from 45.0 degrees
Identify block base height and block cavity base
Calculates obstacle properties
Calculates zone properties
Initializes upwind facades
Update upwind facades base height
Initializes downwind facades
Calculates study area properties
Roughness zone properties are:

                                 - z0: 1.4206432880019249
                                 - d: 6.3665088695011836
                                 - Hr: 11.576233716075222
                                 - H_ob_max: 56
                                 - lambda_f: 0.12272068125483357
Rotates geometries from -45.0 degrees
Rotates geometries from -45.0 degrees
Rotates geometries from -45.0 degrees
Creates displacement zones
Rotates geometries from -45.0 degrees
Rotates geometries from -45.0 degrees
Creates cavity and wake zones
Rotates geometries from -45.0 degrees
Rotates geometries from -45.0 degrees
Creates street canyon zones
Rotates geometries from -45.0 degrees
Creates rooftop zones (perpendicular and corner)
Rotates geometries from -45.0 degrees
Rotates geometries from -45.0 degrees
Creates built-up and open vegetation zones
Rotates geometries from -45.0 degrees
Rotates geometries from -45.0 degrees
Identify the buildings concerned by the impacted zone chosen by the user
Creates the grid of points
Affects each grid point to a building Rockle zone and calculates needed 
          variables for 3D wind speed
Affects each grid point to a vegetation Rockle zone and calculates 
          needed variables for 3D wind speed
Remove some of the Röckle zone points
Creates backward zones
Calculates the 3D wind speed factor value for each point of each BUILDING zone
Rotates geometries from -45.0 degrees
Rotates geometries from -45.0 degrees
Rotates geometries from -45.0 degrees
Rotates geometries from -45.0 degrees
Rotates geometries from -45.0 degrees
Rotates geometries from -45.0 degrees
Rotates geometries from -45.0 degrees
Rotates geometries from -45.0 degrees
Rotates geometries from -45.0 degrees
Calculates the 3D wind speed factor value for each point of each VEGETATION zone
Rotates geometries from -45.0 degrees
Deals with superimposition (keeps only 1 value per 3D point)
Deals with superimposition (keeps only 1 value per 3D point)
Identify upstreamer points in TEMPO_WEIGHTING table
Identify upstreamer points in TEMPO_PRIORITIES table
Identify upstreamer points in TEMPO_PRIORITIES_WEIGHT table
Deals with superimposition (keeps only 1 value per 3D point)
Identify upstreamer points in TEMPO_WEIGHTING table
Identify upstreamer points in TEMPO_PRIORITIES table
Identify upstreamer points in TEMPO_PRIORITIES_WEIGHT table
Rotates geometries from -45.0 degrees
Identify grid points intersecting buildings
Set the initial 3D wind speed field
Time spent for wind speed initialization: 107.73267197608948 s
Shape: (255, 250, 28) - Nb cells: 1785000
Start to apply the wind solver
Iteration 1 (max 500)
   eps = 0.588714 >= 0.0001
Iteration 2 (max 500)
   eps = 0.395465 >= 0.0001
Iteration 3 (max 500)
   eps = 0.315414 >= 0.0001
Iteration 4 (max 500)
   eps = 0.260011 >= 0.0001
Iteration 5 (max 500)
   eps = 0.218973 >= 0.0001
Iteration 6 (max 500)
   eps = 0.188362 >= 0.0001
Iteration 7 (max 500)
   eps = 0.163004 >= 0.0001
Iteration 8 (max 500)
   eps = 0.142166 >= 0.0001
Iteration 9 (max 500)
   eps = 0.124617 >= 0.0001
Iteration 10 (max 500)
   eps = 0.111357 >= 0.0001
Iteration 11 (max 500)
   eps = 0.101101 >= 0.0001
Iteration 12 (max 500)
   eps = 0.092606 >= 0.0001
Iteration 13 (max 500)
   eps = 0.085701 >= 0.0001
Iteration 14 (max 500)
   eps = 0.079749 >= 0.0001
Iteration 15 (max 500)
   eps = 0.074973 >= 0.0001
Iteration 16 (max 500)
   eps = 0.070883 >= 0.0001
Iteration 17 (max 500)
   eps = 0.067537 >= 0.0001
Iteration 18 (max 500)
   eps = 0.064451 >= 0.0001
Iteration 19 (max 500)
   eps = 0.0618 >= 0.0001
Iteration 20 (max 500)
   eps = 0.059435 >= 0.0001
Iteration 21 (max 500)
   eps = 0.057887 >= 0.0001
Iteration 22 (max 500)
   eps = 0.055888 >= 0.0001
Iteration 23 (max 500)
   eps = 0.054272 >= 0.0001
Iteration 24 (max 500)
   eps = 0.052765 >= 0.0001
Iteration 25 (max 500)
   eps = 0.050938 >= 0.0001
Iteration 26 (max 500)
   eps = 0.059356 >= 0.0001
Iteration 27 (max 500)
   eps = 0.051926 >= 0.0001
Iteration 28 (max 500)
   eps = 0.048237 >= 0.0001
Iteration 29 (max 500)
   eps = 0.046348 >= 0.0001
Iteration 30 (max 500)
   eps = 0.045099 >= 0.0001
Iteration 31 (max 500)
   eps = 0.044046 >= 0.0001
Iteration 32 (max 500)
   eps = 0.043171 >= 0.0001
Iteration 33 (max 500)
   eps = 0.042279 >= 0.0001
Iteration 34 (max 500)
   eps = 0.04137 >= 0.0001
Iteration 35 (max 500)
   eps = 0.040473 >= 0.0001
Iteration 36 (max 500)
   eps = 0.039756 >= 0.0001
Iteration 37 (max 500)
   eps = 0.03908 >= 0.0001
Iteration 38 (max 500)
   eps = 0.038387 >= 0.0001
Iteration 39 (max 500)
   eps = 0.037672 >= 0.0001
Iteration 40 (max 500)
   eps = 0.03699 >= 0.0001
Iteration 41 (max 500)
   eps = 0.03631 >= 0.0001
Iteration 42 (max 500)
   eps = 0.035663 >= 0.0001
Iteration 43 (max 500)
   eps = 0.035062 >= 0.0001
Iteration 44 (max 500)
   eps = 0.034473 >= 0.0001
Iteration 45 (max 500)
   eps = 0.033966 >= 0.0001
Iteration 46 (max 500)
   eps = 0.033524 >= 0.0001
Iteration 47 (max 500)
   eps = 0.03313 >= 0.0001
Iteration 48 (max 500)
   eps = 0.032565 >= 0.0001
Iteration 49 (max 500)
   eps = 0.032046 >= 0.0001
Iteration 50 (max 500)
   eps = 0.031489 >= 0.0001
Iteration 51 (max 500)
   eps = 0.03095 >= 0.0001
Iteration 52 (max 500)
   eps = 0.030595 >= 0.0001
Iteration 53 (max 500)
   eps = 0.029896 >= 0.0001
Iteration 54 (max 500)
   eps = 0.029515 >= 0.0001
Iteration 55 (max 500)
   eps = 0.029048 >= 0.0001
Iteration 56 (max 500)
   eps = 0.028623 >= 0.0001
Iteration 57 (max 500)
   eps = 0.028197 >= 0.0001
Iteration 58 (max 500)
   eps = 0.02768 >= 0.0001
Iteration 59 (max 500)
   eps = 0.027179 >= 0.0001
Iteration 60 (max 500)
   eps = 0.026749 >= 0.0001
Iteration 61 (max 500)
   eps = 0.026328 >= 0.0001
Iteration 62 (max 500)
   eps = 0.025894 >= 0.0001
Iteration 63 (max 500)
   eps = 0.025428 >= 0.0001
Iteration 64 (max 500)
   eps = 0.024824 >= 0.0001
Iteration 65 (max 500)
   eps = 0.024308 >= 0.0001
Iteration 66 (max 500)
   eps = 0.02388 >= 0.0001
Iteration 67 (max 500)
   eps = 0.023478 >= 0.0001
Iteration 68 (max 500)
   eps = 0.023026 >= 0.0001
Iteration 69 (max 500)
   eps = 0.022595 >= 0.0001
Iteration 70 (max 500)
   eps = 0.022122 >= 0.0001
Iteration 71 (max 500)
   eps = 0.021667 >= 0.0001
Iteration 72 (max 500)
   eps = 0.021216 >= 0.0001
Iteration 73 (max 500)
   eps = 0.020774 >= 0.0001
Iteration 74 (max 500)
   eps = 0.02033 >= 0.0001
Iteration 75 (max 500)
   eps = 0.019915 >= 0.0001
Iteration 76 (max 500)
   eps = 0.019515 >= 0.0001
Iteration 77 (max 500)
   eps = 0.019127 >= 0.0001
Iteration 78 (max 500)
   eps = 0.018733 >= 0.0001
Iteration 79 (max 500)
   eps = 0.018353 >= 0.0001
Iteration 80 (max 500)
   eps = 0.017986 >= 0.0001
Iteration 81 (max 500)
   eps = 0.017616 >= 0.0001
Iteration 82 (max 500)
   eps = 0.017262 >= 0.0001
Iteration 83 (max 500)
   eps = 0.016916 >= 0.0001
Iteration 84 (max 500)
   eps = 0.016576 >= 0.0001
Iteration 85 (max 500)
   eps = 0.016271 >= 0.0001
Iteration 86 (max 500)
   eps = 0.015976 >= 0.0001
Iteration 87 (max 500)
   eps = 0.015717 >= 0.0001
Iteration 88 (max 500)
   eps = 0.01544 >= 0.0001
Iteration 89 (max 500)
   eps = 0.015141 >= 0.0001
Iteration 90 (max 500)
   eps = 0.014852 >= 0.0001
Iteration 91 (max 500)
   eps = 0.014569 >= 0.0001
Iteration 92 (max 500)
   eps = 0.014273 >= 0.0001
Iteration 93 (max 500)
   eps = 0.013978 >= 0.0001
Iteration 94 (max 500)
   eps = 0.013706 >= 0.0001
Iteration 95 (max 500)
   eps = 0.013451 >= 0.0001
Iteration 96 (max 500)
   eps = 0.013201 >= 0.0001
Iteration 97 (max 500)
   eps = 0.012974 >= 0.0001
Iteration 98 (max 500)
   eps = 0.012751 >= 0.0001
Iteration 99 (max 500)
   eps = 0.012532 >= 0.0001
Iteration 100 (max 500)
   eps = 0.012287 >= 0.0001
Iteration 101 (max 500)
   eps = 0.012012 >= 0.0001
Iteration 102 (max 500)
   eps = 0.011736 >= 0.0001
Iteration 103 (max 500)
   eps = 0.011519 >= 0.0001
Iteration 104 (max 500)
   eps = 0.011332 >= 0.0001
Iteration 105 (max 500)
   eps = 0.011145 >= 0.0001
Iteration 106 (max 500)
   eps = 0.010927 >= 0.0001
Iteration 107 (max 500)
   eps = 0.010699 >= 0.0001
Iteration 108 (max 500)
   eps = 0.010497 >= 0.0001
Iteration 109 (max 500)
   eps = 0.010277 >= 0.0001
Iteration 110 (max 500)
   eps = 0.010065 >= 0.0001
Iteration 111 (max 500)
   eps = 0.009858 >= 0.0001
Iteration 112 (max 500)
   eps = 0.009635 >= 0.0001
Iteration 113 (max 500)
   eps = 0.00945 >= 0.0001
Iteration 114 (max 500)
   eps = 0.009256 >= 0.0001
Iteration 115 (max 500)
   eps = 0.009101 >= 0.0001
Iteration 116 (max 500)
   eps = 0.008927 >= 0.0001
Iteration 117 (max 500)
   eps = 0.008768 >= 0.0001
Iteration 118 (max 500)
   eps = 0.008625 >= 0.0001
Iteration 119 (max 500)
   eps = 0.00849 >= 0.0001
Iteration 120 (max 500)
   eps = 0.008354 >= 0.0001
Iteration 121 (max 500)
   eps = 0.008224 >= 0.0001
Iteration 122 (max 500)
   eps = 0.008085 >= 0.0001
Iteration 123 (max 500)
   eps = 0.007966 >= 0.0001
Iteration 124 (max 500)
   eps = 0.007805 >= 0.0001
Iteration 125 (max 500)
   eps = 0.007647 >= 0.0001
Iteration 126 (max 500)
   eps = 0.007495 >= 0.0001
Iteration 127 (max 500)
   eps = 0.007348 >= 0.0001
Iteration 128 (max 500)
   eps = 0.007205 >= 0.0001
Iteration 129 (max 500)
   eps = 0.007069 >= 0.0001
Iteration 130 (max 500)
   eps = 0.006937 >= 0.0001
Iteration 131 (max 500)
   eps = 0.00681 >= 0.0001
Iteration 132 (max 500)
   eps = 0.00668 >= 0.0001
Iteration 133 (max 500)
   eps = 0.006541 >= 0.0001
Iteration 134 (max 500)
   eps = 0.006421 >= 0.0001
Iteration 135 (max 500)
   eps = 0.006309 >= 0.0001
Iteration 136 (max 500)
   eps = 0.006214 >= 0.0001
Iteration 137 (max 500)
   eps = 0.00612 >= 0.0001
Iteration 138 (max 500)
   eps = 0.006004 >= 0.0001
Iteration 139 (max 500)
   eps = 0.005886 >= 0.0001
Iteration 140 (max 500)
   eps = 0.005774 >= 0.0001
Iteration 141 (max 500)
   eps = 0.005658 >= 0.0001
Iteration 142 (max 500)
   eps = 0.005561 >= 0.0001
Iteration 143 (max 500)
   eps = 0.005449 >= 0.0001
Iteration 144 (max 500)
   eps = 0.005349 >= 0.0001
Iteration 145 (max 500)
   eps = 0.005248 >= 0.0001
Iteration 146 (max 500)
   eps = 0.005146 >= 0.0001
Iteration 147 (max 500)
   eps = 0.005043 >= 0.0001
Iteration 148 (max 500)
   eps = 0.004941 >= 0.0001
Iteration 149 (max 500)
   eps = 0.004837 >= 0.0001
Iteration 150 (max 500)
   eps = 0.004743 >= 0.0001
Iteration 151 (max 500)
   eps = 0.004655 >= 0.0001
Iteration 152 (max 500)
   eps = 0.00457 >= 0.0001
Iteration 153 (max 500)
   eps = 0.0045 >= 0.0001
Iteration 154 (max 500)
   eps = 0.004445 >= 0.0001
Iteration 155 (max 500)
   eps = 0.004396 >= 0.0001
Iteration 156 (max 500)
   eps = 0.004295 >= 0.0001
Iteration 157 (max 500)
   eps = 0.004182 >= 0.0001
Iteration 158 (max 500)
   eps = 0.004081 >= 0.0001
Iteration 159 (max 500)
   eps = 0.004 >= 0.0001
Iteration 160 (max 500)
   eps = 0.003922 >= 0.0001
Iteration 161 (max 500)
   eps = 0.003846 >= 0.0001
Iteration 162 (max 500)
   eps = 0.003781 >= 0.0001
Iteration 163 (max 500)
   eps = 0.003711 >= 0.0001
Iteration 164 (max 500)
   eps = 0.00364 >= 0.0001
Iteration 165 (max 500)
   eps = 0.00357 >= 0.0001
Iteration 166 (max 500)
   eps = 0.003497 >= 0.0001
Iteration 167 (max 500)
   eps = 0.003432 >= 0.0001
Iteration 168 (max 500)
   eps = 0.003366 >= 0.0001
Iteration 169 (max 500)
   eps = 0.003308 >= 0.0001
Iteration 170 (max 500)
   eps = 0.003247 >= 0.0001
Iteration 171 (max 500)
   eps = 0.003184 >= 0.0001
Iteration 172 (max 500)
   eps = 0.00312 >= 0.0001
Iteration 173 (max 500)
   eps = 0.003063 >= 0.0001
Iteration 174 (max 500)
   eps = 0.003001 >= 0.0001
Iteration 175 (max 500)
   eps = 0.002939 >= 0.0001
Iteration 176 (max 500)
   eps = 0.00288 >= 0.0001
Iteration 177 (max 500)
   eps = 0.002824 >= 0.0001
Iteration 178 (max 500)
   eps = 0.002774 >= 0.0001
Iteration 179 (max 500)
   eps = 0.002731 >= 0.0001
Iteration 180 (max 500)
   eps = 0.002697 >= 0.0001
Iteration 181 (max 500)
   eps = 0.002653 >= 0.0001
Iteration 182 (max 500)
   eps = 0.00263 >= 0.0001
Iteration 183 (max 500)
   eps = 0.002579 >= 0.0001
Iteration 184 (max 500)
   eps = 0.002508 >= 0.0001
Iteration 185 (max 500)
   eps = 0.002448 >= 0.0001
Iteration 186 (max 500)
   eps = 0.002388 >= 0.0001
Iteration 187 (max 500)
   eps = 0.002341 >= 0.0001
Iteration 188 (max 500)
   eps = 0.002296 >= 0.0001
Iteration 189 (max 500)
   eps = 0.002254 >= 0.0001
Iteration 190 (max 500)
   eps = 0.002216 >= 0.0001
Iteration 191 (max 500)
   eps = 0.002176 >= 0.0001
Iteration 192 (max 500)
   eps = 0.002144 >= 0.0001
Iteration 193 (max 500)
   eps = 0.002109 >= 0.0001
Iteration 194 (max 500)
   eps = 0.002069 >= 0.0001
Iteration 195 (max 500)
   eps = 0.00204 >= 0.0001
Iteration 196 (max 500)
   eps = 0.001998 >= 0.0001
Iteration 197 (max 500)
   eps = 0.001952 >= 0.0001
Iteration 198 (max 500)
   eps = 0.001914 >= 0.0001
Iteration 199 (max 500)
   eps = 0.001882 >= 0.0001
Iteration 200 (max 500)
   eps = 0.001849 >= 0.0001
Iteration 201 (max 500)
   eps = 0.001814 >= 0.0001
Iteration 202 (max 500)
   eps = 0.001774 >= 0.0001
Iteration 203 (max 500)
   eps = 0.001737 >= 0.0001
Iteration 204 (max 500)
   eps = 0.001711 >= 0.0001
Iteration 205 (max 500)
   eps = 0.001685 >= 0.0001
Iteration 206 (max 500)
   eps = 0.001653 >= 0.0001
Iteration 207 (max 500)
   eps = 0.001624 >= 0.0001
Iteration 208 (max 500)
   eps = 0.001593 >= 0.0001
Iteration 209 (max 500)
   eps = 0.001561 >= 0.0001
Iteration 210 (max 500)
   eps = 0.001537 >= 0.0001
Iteration 211 (max 500)
   eps = 0.001515 >= 0.0001
Iteration 212 (max 500)
   eps = 0.001487 >= 0.0001
Iteration 213 (max 500)
   eps = 0.001462 >= 0.0001
Iteration 214 (max 500)
   eps = 0.001436 >= 0.0001
Iteration 215 (max 500)
   eps = 0.001407 >= 0.0001
Iteration 216 (max 500)
   eps = 0.001379 >= 0.0001
Iteration 217 (max 500)
   eps = 0.001354 >= 0.0001
Iteration 218 (max 500)
   eps = 0.001326 >= 0.0001
Iteration 219 (max 500)
   eps = 0.001301 >= 0.0001
Iteration 220 (max 500)
   eps = 0.001279 >= 0.0001
Iteration 221 (max 500)
   eps = 0.001258 >= 0.0001
Iteration 222 (max 500)
   eps = 0.001232 >= 0.0001
Iteration 223 (max 500)
   eps = 0.001207 >= 0.0001
Iteration 224 (max 500)
   eps = 0.001183 >= 0.0001
Iteration 225 (max 500)
   eps = 0.00116 >= 0.0001
Iteration 226 (max 500)
   eps = 0.001138 >= 0.0001
Iteration 227 (max 500)
   eps = 0.001115 >= 0.0001
Iteration 228 (max 500)
   eps = 0.001095 >= 0.0001
Iteration 229 (max 500)
   eps = 0.001076 >= 0.0001
Iteration 230 (max 500)
   eps = 0.001056 >= 0.0001
Iteration 231 (max 500)
   eps = 0.001038 >= 0.0001
Iteration 232 (max 500)
   eps = 0.00102 >= 0.0001
Iteration 233 (max 500)
   eps = 0.001002 >= 0.0001
Iteration 234 (max 500)
   eps = 0.000983 >= 0.0001
Iteration 235 (max 500)
   eps = 0.000962 >= 0.0001
Iteration 236 (max 500)
   eps = 0.000943 >= 0.0001
Iteration 237 (max 500)
   eps = 0.000926 >= 0.0001
Iteration 238 (max 500)
   eps = 0.000911 >= 0.0001
Iteration 239 (max 500)
   eps = 0.000894 >= 0.0001
Iteration 240 (max 500)
   eps = 0.000877 >= 0.0001
Iteration 241 (max 500)
   eps = 0.00086 >= 0.0001
Iteration 242 (max 500)
   eps = 0.000844 >= 0.0001
Iteration 243 (max 500)
   eps = 0.00083 >= 0.0001
Iteration 244 (max 500)
   eps = 0.000815 >= 0.0001
Iteration 245 (max 500)
   eps = 0.000799 >= 0.0001
Iteration 246 (max 500)
   eps = 0.000785 >= 0.0001
Iteration 247 (max 500)
   eps = 0.00077 >= 0.0001
Iteration 248 (max 500)
   eps = 0.000757 >= 0.0001
Iteration 249 (max 500)
   eps = 0.000744 >= 0.0001
Iteration 250 (max 500)
   eps = 0.00073 >= 0.0001
Iteration 251 (max 500)
   eps = 0.000718 >= 0.0001
Iteration 252 (max 500)
   eps = 0.000703 >= 0.0001
Iteration 253 (max 500)
   eps = 0.00069 >= 0.0001
Iteration 254 (max 500)
   eps = 0.000678 >= 0.0001
Iteration 255 (max 500)
   eps = 0.000667 >= 0.0001
Iteration 256 (max 500)
   eps = 0.000655 >= 0.0001
Iteration 257 (max 500)
   eps = 0.000642 >= 0.0001
Iteration 258 (max 500)
   eps = 0.00063 >= 0.0001
Iteration 259 (max 500)
   eps = 0.000619 >= 0.0001
Iteration 260 (max 500)
   eps = 0.000607 >= 0.0001
Iteration 261 (max 500)
   eps = 0.000595 >= 0.0001
Iteration 262 (max 500)
   eps = 0.000582 >= 0.0001
Iteration 263 (max 500)
   eps = 0.00057 >= 0.0001
Iteration 264 (max 500)
   eps = 0.00056 >= 0.0001
Iteration 265 (max 500)
   eps = 0.00055 >= 0.0001
Iteration 266 (max 500)
   eps = 0.00054 >= 0.0001
Iteration 267 (max 500)
   eps = 0.000532 >= 0.0001
Iteration 268 (max 500)
   eps = 0.000522 >= 0.0001
Iteration 269 (max 500)
   eps = 0.000512 >= 0.0001
Iteration 270 (max 500)
   eps = 0.000504 >= 0.0001
Iteration 271 (max 500)
   eps = 0.000495 >= 0.0001
Iteration 272 (max 500)
   eps = 0.000486 >= 0.0001
Iteration 273 (max 500)
   eps = 0.000477 >= 0.0001
Iteration 274 (max 500)
   eps = 0.000468 >= 0.0001
Iteration 275 (max 500)
   eps = 0.000459 >= 0.0001
Iteration 276 (max 500)
   eps = 0.00045 >= 0.0001
Iteration 277 (max 500)
   eps = 0.000441 >= 0.0001
Iteration 278 (max 500)
   eps = 0.000433 >= 0.0001
Iteration 279 (max 500)
   eps = 0.000425 >= 0.0001
Iteration 280 (max 500)
   eps = 0.000416 >= 0.0001
Iteration 281 (max 500)
   eps = 0.000408 >= 0.0001
Iteration 282 (max 500)
   eps = 0.000401 >= 0.0001
Iteration 283 (max 500)
   eps = 0.000393 >= 0.0001
Iteration 284 (max 500)
   eps = 0.000386 >= 0.0001
Iteration 285 (max 500)
   eps = 0.000378 >= 0.0001
Iteration 286 (max 500)
   eps = 0.000372 >= 0.0001
Iteration 287 (max 500)
   eps = 0.000366 >= 0.0001
Iteration 288 (max 500)
   eps = 0.000359 >= 0.0001
Iteration 289 (max 500)
   eps = 0.000353 >= 0.0001
Iteration 290 (max 500)
   eps = 0.000347 >= 0.0001
Iteration 291 (max 500)
   eps = 0.000341 >= 0.0001
Iteration 292 (max 500)
   eps = 0.000335 >= 0.0001
Iteration 293 (max 500)
   eps = 0.000328 >= 0.0001
Iteration 294 (max 500)
   eps = 0.000322 >= 0.0001
Iteration 295 (max 500)
   eps = 0.000316 >= 0.0001
Iteration 296 (max 500)
   eps = 0.00031 >= 0.0001
Iteration 297 (max 500)
   eps = 0.000303 >= 0.0001
Iteration 298 (max 500)
   eps = 0.000297 >= 0.0001
Iteration 299 (max 500)
   eps = 0.000291 >= 0.0001
Iteration 300 (max 500)
   eps = 0.000285 >= 0.0001
Iteration 301 (max 500)
   eps = 0.000279 >= 0.0001
Iteration 302 (max 500)
   eps = 0.000275 >= 0.0001
Iteration 303 (max 500)
   eps = 0.00027 >= 0.0001
Iteration 304 (max 500)
   eps = 0.000266 >= 0.0001
Iteration 305 (max 500)
   eps = 0.000261 >= 0.0001
Iteration 306 (max 500)
   eps = 0.000256 >= 0.0001
Iteration 307 (max 500)
   eps = 0.000252 >= 0.0001
Iteration 308 (max 500)
   eps = 0.000247 >= 0.0001
Iteration 309 (max 500)
   eps = 0.000242 >= 0.0001
Iteration 310 (max 500)
   eps = 0.000238 >= 0.0001
Iteration 311 (max 500)
   eps = 0.000234 >= 0.0001
Iteration 312 (max 500)
   eps = 0.000229 >= 0.0001
Iteration 313 (max 500)
   eps = 0.000225 >= 0.0001
Iteration 314 (max 500)
   eps = 0.000221 >= 0.0001
Iteration 315 (max 500)
   eps = 0.000217 >= 0.0001
Iteration 316 (max 500)
   eps = 0.000213 >= 0.0001
Iteration 317 (max 500)
   eps = 0.000209 >= 0.0001
Iteration 318 (max 500)
   eps = 0.000205 >= 0.0001
Iteration 319 (max 500)
   eps = 0.000201 >= 0.0001
Iteration 320 (max 500)
   eps = 0.000197 >= 0.0001
Iteration 321 (max 500)
   eps = 0.000193 >= 0.0001
Iteration 322 (max 500)
   eps = 0.000189 >= 0.0001
Iteration 323 (max 500)
   eps = 0.000186 >= 0.0001
Iteration 324 (max 500)
   eps = 0.000182 >= 0.0001
Iteration 325 (max 500)
   eps = 0.000179 >= 0.0001
Iteration 326 (max 500)
   eps = 0.000175 >= 0.0001
Iteration 327 (max 500)
   eps = 0.000172 >= 0.0001
Iteration 328 (max 500)
   eps = 0.000169 >= 0.0001
Iteration 329 (max 500)
   eps = 0.000166 >= 0.0001
Iteration 330 (max 500)
   eps = 0.000163 >= 0.0001
Iteration 331 (max 500)
   eps = 0.00016 >= 0.0001
Iteration 332 (max 500)
   eps = 0.000157 >= 0.0001
Iteration 333 (max 500)
   eps = 0.000154 >= 0.0001
Iteration 334 (max 500)
   eps = 0.000151 >= 0.0001
Iteration 335 (max 500)
   eps = 0.000148 >= 0.0001
Iteration 336 (max 500)
   eps = 0.000145 >= 0.0001
Iteration 337 (max 500)
   eps = 0.000142 >= 0.0001
Iteration 338 (max 500)
   eps = 0.00014 >= 0.0001
Iteration 339 (max 500)
   eps = 0.000137 >= 0.0001
Iteration 340 (max 500)
   eps = 0.000134 >= 0.0001
Iteration 341 (max 500)
   eps = 0.000132 >= 0.0001
Iteration 342 (max 500)
   eps = 0.000129 >= 0.0001
Iteration 343 (max 500)
   eps = 0.000127 >= 0.0001
Iteration 344 (max 500)
   eps = 0.000124 >= 0.0001
Iteration 345 (max 500)
   eps = 0.000122 >= 0.0001
Iteration 346 (max 500)
   eps = 0.00012 >= 0.0001
Iteration 347 (max 500)
   eps = 0.000117 >= 0.0001
Iteration 348 (max 500)
   eps = 0.000115 >= 0.0001
Iteration 349 (max 500)
   eps = 0.000113 >= 0.0001
Iteration 350 (max 500)
   eps = 0.000111 >= 0.0001
Iteration 351 (max 500)
   eps = 0.000109 >= 0.0001
Iteration 352 (max 500)
   eps = 0.000107 >= 0.0001
Iteration 353 (max 500)
   eps = 0.000105 >= 0.0001
Iteration 354 (max 500)
   eps = 0.000103 >= 0.0001
Iteration 355 (max 500)
   eps = 0.000101 >= 0.0001
Iteration 356 (max 500)
Time spent by the wind speed solver: 46.89208006858826 s
Rotates geometries from -45.0 degrees
Interp succeeded!!! for tmp_file
Interp succeeded!!! for tmp_file
Interp succeeded!!! for tmp_file
Interp succeeded!!! for tmp_file
Interp succeeded!!! for tmp_file
Interp succeeded!!! for tmp_file
Process 3978152: Successfully ran URock for tile output 'wind_field_raw_tile_11'.
Process 3978152: Elapsed time for URock ('wind_field_raw_tile_11'): 216.75 seconds.
[Master] Process 3978152 - Tile 11: Finished processing.
[Master] 3978152: exit signal
Info: Debuffered '/storage/project/r-rbasu31-0/hyu483/Test_UMEP/UROCK_output_34_spawn/temp_intermediate_files/tile_11_urock_raw_outputs/z1_5/wind_field_raw_tile_11WS.tif' to '/storage/project/r-rbasu31-0/hyu483/Test_UMEP/UROCK_output_34_spawn/urock_tiled_output/urock_wind_field_tile_11WS.tif' (original extent: (234182.59099838723, 902632.4833440109, 234482.59099838723, 902792.4786978494)).
Connecting to database
	->/tmp/URock_2025-12-21T173307b5cdfa16-fc63-4218-bc47-38d0cffa0087/myDbH2
/storage/home/hcoda1/4/hyu483/qgis_332/profiles/default/python/plugins/processing_umep/functions/URock/h2gis-standalone/h2gis-dist-2.2.3.jar
Connected!

Spatial functions added!

Load input data
Load table 'build_pre_srid_20251221173317'
Load table 'veg_pre_srid_20251221173317'
Creates blocks and stacked blocks
Rotates geometries from 45.0 degrees
Identify block base height and block cavity base
Calculates obstacle properties
Calculates zone properties
Initializes upwind facades
Update upwind facades base height
Initializes downwind facades
Calculates study area properties
Roughness zone properties are:

                                 - z0: 2.063926848492458
                                 - d: 9.833333569163695
                                 - Hr: 13.759512323283053
                                 - H_ob_max: 95
                                 - lambda_f: 0.1918775105494105
Rotates geometries from -45.0 degrees
Rotates geometries from -45.0 degrees
Rotates geometries from -45.0 degrees
Creates displacement zones
Rotates geometries from -45.0 degrees
Rotates geometries from -45.0 degrees
Creates cavity and wake zones
Rotates geometries from -45.0 degrees
Rotates geometries from -45.0 degrees
Creates street canyon zones
Rotates geometries from -45.0 degrees
Creates rooftop zones (perpendicular and corner)
Rotates geometries from -45.0 degrees
Rotates geometries from -45.0 degrees
Creates built-up and open vegetation zones
Rotates geometries from -45.0 degrees
Rotates geometries from -45.0 degrees
Identify the buildings concerned by the impacted zone chosen by the user
Creates the grid of points
Affects each grid point to a building Rockle zone and calculates needed 
          variables for 3D wind speed
Affects each grid point to a vegetation Rockle zone and calculates 
          needed variables for 3D wind speed
Remove some of the Röckle zone points
Creates backward zones
Calculates the 3D wind speed factor value for each point of each BUILDING zone
Rotates geometries from -45.0 degrees
Rotates geometries from -45.0 degrees
Rotates geometries from -45.0 degrees
Rotates geometries from -45.0 degrees
Rotates geometries from -45.0 degrees
Rotates geometries from -45.0 degrees
Rotates geometries from -45.0 degrees
Rotates geometries from -45.0 degrees
Rotates geometries from -45.0 degrees
Calculates the 3D wind speed factor value for each point of each VEGETATION zone
Rotates geometries from -45.0 degrees
Deals with superimposition (keeps only 1 value per 3D point)
Deals with superimposition (keeps only 1 value per 3D point)
Identify upstreamer points in TEMPO_WEIGHTING table
Identify upstreamer points in TEMPO_PRIORITIES table
Identify upstreamer points in TEMPO_PRIORITIES_WEIGHT table
Deals with superimposition (keeps only 1 value per 3D point)
Identify upstreamer points in TEMPO_WEIGHTING table
Identify upstreamer points in TEMPO_PRIORITIES table
Identify upstreamer points in TEMPO_PRIORITIES_WEIGHT table
Rotates geometries from -45.0 degrees
Identify grid points intersecting buildings
Set the initial 3D wind speed field
Time spent for wind speed initialization: 122.45984435081482 s
Shape: (222, 263, 43) - Nb cells: 2510598
Start to apply the wind solver
Iteration 1 (max 500)
   eps = 0.716705 >= 0.0001
Iteration 2 (max 500)
   eps = 0.438823 >= 0.0001
Iteration 3 (max 500)
   eps = 0.324688 >= 0.0001
Iteration 4 (max 500)
   eps = 0.258686 >= 0.0001
Iteration 5 (max 500)
   eps = 0.213883 >= 0.0001
Iteration 6 (max 500)
   eps = 0.182426 >= 0.0001
Iteration 7 (max 500)
   eps = 0.158449 >= 0.0001
Iteration 8 (max 500)
   eps = 0.138673 >= 0.0001
Iteration 9 (max 500)
   eps = 0.122401 >= 0.0001
Iteration 10 (max 500)
   eps = 0.108835 >= 0.0001
Iteration 11 (max 500)
   eps = 0.097804 >= 0.0001
Iteration 12 (max 500)
   eps = 0.088452 >= 0.0001
Iteration 13 (max 500)
   eps = 0.080854 >= 0.0001
Iteration 14 (max 500)
   eps = 0.074542 >= 0.0001
Iteration 15 (max 500)
   eps = 0.069037 >= 0.0001
Iteration 16 (max 500)
   eps = 0.064275 >= 0.0001
Iteration 17 (max 500)
   eps = 0.060173 >= 0.0001
Iteration 18 (max 500)
   eps = 0.056682 >= 0.0001
Iteration 19 (max 500)
   eps = 0.053431 >= 0.0001
Iteration 20 (max 500)
   eps = 0.050551 >= 0.0001
Iteration 21 (max 500)
   eps = 0.047979 >= 0.0001
Iteration 22 (max 500)
   eps = 0.045614 >= 0.0001
Iteration 23 (max 500)
   eps = 0.043392 >= 0.0001
Iteration 24 (max 500)
   eps = 0.041312 >= 0.0001
Iteration 25 (max 500)
   eps = 0.039325 >= 0.0001
Iteration 26 (max 500)
   eps = 0.037554 >= 0.0001
Iteration 27 (max 500)
   eps = 0.035971 >= 0.0001
Iteration 28 (max 500)
   eps = 0.03459 >= 0.0001
Iteration 29 (max 500)
   eps = 0.033317 >= 0.0001
Iteration 30 (max 500)
   eps = 0.032193 >= 0.0001
Iteration 31 (max 500)
   eps = 0.031102 >= 0.0001
Iteration 32 (max 500)
   eps = 0.030181 >= 0.0001
Iteration 33 (max 500)
   eps = 0.029319 >= 0.0001
Iteration 34 (max 500)
   eps = 0.028391 >= 0.0001
Iteration 35 (max 500)
   eps = 0.027522 >= 0.0001
Iteration 36 (max 500)
   eps = 0.026872 >= 0.0001
Iteration 37 (max 500)
   eps = 0.025965 >= 0.0001
Iteration 38 (max 500)
   eps = 0.025262 >= 0.0001
Iteration 39 (max 500)
   eps = 0.024589 >= 0.0001
Iteration 40 (max 500)
   eps = 0.023894 >= 0.0001
Iteration 41 (max 500)
   eps = 0.023548 >= 0.0001
Iteration 42 (max 500)
   eps = 0.022992 >= 0.0001
Iteration 43 (max 500)
   eps = 0.022411 >= 0.0001
Iteration 44 (max 500)
   eps = 0.0218 >= 0.0001
Iteration 45 (max 500)
   eps = 0.02116 >= 0.0001
Iteration 46 (max 500)
   eps = 0.020633 >= 0.0001
Iteration 47 (max 500)
   eps = 0.020139 >= 0.0001
Iteration 48 (max 500)
   eps = 0.019672 >= 0.0001
Iteration 49 (max 500)
   eps = 0.019269 >= 0.0001
Iteration 50 (max 500)
   eps = 0.018854 >= 0.0001
Iteration 51 (max 500)
   eps = 0.018455 >= 0.0001
Iteration 52 (max 500)
   eps = 0.018059 >= 0.0001
Iteration 53 (max 500)
   eps = 0.017691 >= 0.0001
Iteration 54 (max 500)
   eps = 0.017341 >= 0.0001
Iteration 55 (max 500)
   eps = 0.017012 >= 0.0001
Iteration 56 (max 500)
   eps = 0.016696 >= 0.0001
Iteration 57 (max 500)
   eps = 0.016363 >= 0.0001
Iteration 58 (max 500)
   eps = 0.016035 >= 0.0001
Iteration 59 (max 500)
   eps = 0.015726 >= 0.0001
Iteration 60 (max 500)
   eps = 0.015445 >= 0.0001
Iteration 61 (max 500)
   eps = 0.015206 >= 0.0001
Iteration 62 (max 500)
   eps = 0.014969 >= 0.0001
Iteration 63 (max 500)
   eps = 0.01472 >= 0.0001
Iteration 64 (max 500)
   eps = 0.014484 >= 0.0001
Iteration 65 (max 500)
   eps = 0.01424 >= 0.0001
Iteration 66 (max 500)
   eps = 0.013993 >= 0.0001
Iteration 67 (max 500)
   eps = 0.013744 >= 0.0001
Iteration 68 (max 500)
   eps = 0.013501 >= 0.0001
Iteration 69 (max 500)
   eps = 0.013279 >= 0.0001
Iteration 70 (max 500)
   eps = 0.01306 >= 0.0001
Iteration 71 (max 500)
   eps = 0.012856 >= 0.0001
Iteration 72 (max 500)
   eps = 0.01265 >= 0.0001
Iteration 73 (max 500)
   eps = 0.012451 >= 0.0001
Iteration 74 (max 500)
   eps = 0.012252 >= 0.0001
Iteration 75 (max 500)
   eps = 0.012065 >= 0.0001
Iteration 76 (max 500)
   eps = 0.011876 >= 0.0001
Iteration 77 (max 500)
   eps = 0.011691 >= 0.0001
Iteration 78 (max 500)
   eps = 0.011515 >= 0.0001
Iteration 79 (max 500)
   eps = 0.01134 >= 0.0001
Iteration 80 (max 500)
   eps = 0.011172 >= 0.0001
Iteration 81 (max 500)
   eps = 0.010995 >= 0.0001
Iteration 82 (max 500)
   eps = 0.010842 >= 0.0001
Iteration 83 (max 500)
   eps = 0.010684 >= 0.0001
Iteration 84 (max 500)
   eps = 0.010523 >= 0.0001
Iteration 85 (max 500)
   eps = 0.010371 >= 0.0001
Iteration 86 (max 500)
   eps = 0.010222 >= 0.0001
Iteration 87 (max 500)
   eps = 0.01008 >= 0.0001
Iteration 88 (max 500)
   eps = 0.009933 >= 0.0001
Iteration 89 (max 500)
   eps = 0.00978 >= 0.0001
Iteration 90 (max 500)
   eps = 0.00962 >= 0.0001
Iteration 91 (max 500)
   eps = 0.009454 >= 0.0001
Iteration 92 (max 500)
   eps = 0.009293 >= 0.0001
Iteration 93 (max 500)
   eps = 0.009122 >= 0.0001
Iteration 94 (max 500)
   eps = 0.00895 >= 0.0001
Iteration 95 (max 500)
   eps = 0.008766 >= 0.0001
Iteration 96 (max 500)
   eps = 0.008595 >= 0.0001
Iteration 97 (max 500)
   eps = 0.008427 >= 0.0001
Iteration 98 (max 500)
   eps = 0.008273 >= 0.0001
Iteration 99 (max 500)
   eps = 0.008122 >= 0.0001
Iteration 100 (max 500)
   eps = 0.007978 >= 0.0001
Iteration 101 (max 500)
   eps = 0.007831 >= 0.0001
Iteration 102 (max 500)
   eps = 0.007692 >= 0.0001
Iteration 103 (max 500)
   eps = 0.007545 >= 0.0001
Iteration 104 (max 500)
   eps = 0.007401 >= 0.0001
Iteration 105 (max 500)
   eps = 0.007253 >= 0.0001
Iteration 106 (max 500)
   eps = 0.007108 >= 0.0001
Iteration 107 (max 500)
   eps = 0.006958 >= 0.0001
Iteration 108 (max 500)
   eps = 0.006823 >= 0.0001
Iteration 109 (max 500)
   eps = 0.006691 >= 0.0001
Iteration 110 (max 500)
   eps = 0.006562 >= 0.0001
Iteration 111 (max 500)
   eps = 0.006436 >= 0.0001
Iteration 112 (max 500)
   eps = 0.006315 >= 0.0001
Iteration 113 (max 500)
   eps = 0.006203 >= 0.0001
Iteration 114 (max 500)
   eps = 0.006094 >= 0.0001
Iteration 115 (max 500)
   eps = 0.005985 >= 0.0001
Iteration 116 (max 500)
   eps = 0.005876 >= 0.0001
Iteration 117 (max 500)
   eps = 0.00577 >= 0.0001
Iteration 118 (max 500)
   eps = 0.005666 >= 0.0001
Iteration 119 (max 500)
   eps = 0.005567 >= 0.0001
Iteration 120 (max 500)
   eps = 0.00547 >= 0.0001
Iteration 121 (max 500)
   eps = 0.005369 >= 0.0001
Iteration 122 (max 500)
   eps = 0.005273 >= 0.0001
Iteration 123 (max 500)
   eps = 0.005176 >= 0.0001
Iteration 124 (max 500)
   eps = 0.005084 >= 0.0001
Iteration 125 (max 500)
   eps = 0.004985 >= 0.0001
Iteration 126 (max 500)
   eps = 0.004887 >= 0.0001
Iteration 127 (max 500)
   eps = 0.004792 >= 0.0001
Iteration 128 (max 500)
   eps = 0.004711 >= 0.0001
Iteration 129 (max 500)
   eps = 0.004626 >= 0.0001
Iteration 130 (max 500)
   eps = 0.004539 >= 0.0001
Iteration 131 (max 500)
   eps = 0.004452 >= 0.0001
Iteration 132 (max 500)
   eps = 0.004362 >= 0.0001
Iteration 133 (max 500)
   eps = 0.004279 >= 0.0001
Iteration 134 (max 500)
   eps = 0.004195 >= 0.0001
Iteration 135 (max 500)
   eps = 0.004111 >= 0.0001
Iteration 136 (max 500)
   eps = 0.004024 >= 0.0001
Iteration 137 (max 500)
   eps = 0.003941 >= 0.0001
Iteration 138 (max 500)
   eps = 0.003864 >= 0.0001
Iteration 139 (max 500)
   eps = 0.003794 >= 0.0001
Iteration 140 (max 500)
   eps = 0.003724 >= 0.0001
Iteration 141 (max 500)
   eps = 0.003665 >= 0.0001
Iteration 142 (max 500)
   eps = 0.003597 >= 0.0001
Iteration 143 (max 500)
   eps = 0.003534 >= 0.0001
Iteration 144 (max 500)
   eps = 0.003466 >= 0.0001
Iteration 145 (max 500)
   eps = 0.003401 >= 0.0001
Iteration 146 (max 500)
   eps = 0.003336 >= 0.0001
Iteration 147 (max 500)
   eps = 0.003268 >= 0.0001
Iteration 148 (max 500)
   eps = 0.003206 >= 0.0001
Iteration 149 (max 500)
   eps = 0.003142 >= 0.0001
Iteration 150 (max 500)
   eps = 0.003081 >= 0.0001
Iteration 151 (max 500)
   eps = 0.003018 >= 0.0001
Iteration 152 (max 500)
   eps = 0.002967 >= 0.0001
Iteration 153 (max 500)
   eps = 0.002906 >= 0.0001
Iteration 154 (max 500)
   eps = 0.002847 >= 0.0001
Iteration 155 (max 500)
   eps = 0.002797 >= 0.0001
Iteration 156 (max 500)
   eps = 0.002742 >= 0.0001
Iteration 157 (max 500)
   eps = 0.002687 >= 0.0001
Iteration 158 (max 500)
   eps = 0.002634 >= 0.0001
Iteration 159 (max 500)
   eps = 0.002584 >= 0.0001
Iteration 160 (max 500)
   eps = 0.002534 >= 0.0001
Iteration 161 (max 500)
   eps = 0.002478 >= 0.0001
Iteration 162 (max 500)
   eps = 0.002428 >= 0.0001
Iteration 163 (max 500)
   eps = 0.002383 >= 0.0001
Iteration 164 (max 500)
   eps = 0.002333 >= 0.0001
Iteration 165 (max 500)
   eps = 0.002291 >= 0.0001
Iteration 166 (max 500)
   eps = 0.002241 >= 0.0001
Iteration 167 (max 500)
   eps = 0.002194 >= 0.0001
Iteration 168 (max 500)
   eps = 0.002151 >= 0.0001
Iteration 169 (max 500)
   eps = 0.002107 >= 0.0001
Iteration 170 (max 500)
   eps = 0.002068 >= 0.0001
Iteration 171 (max 500)
   eps = 0.002024 >= 0.0001
Iteration 172 (max 500)
   eps = 0.001984 >= 0.0001
Iteration 173 (max 500)
   eps = 0.001948 >= 0.0001
Iteration 174 (max 500)
   eps = 0.001908 >= 0.0001
Iteration 175 (max 500)
   eps = 0.001875 >= 0.0001
Iteration 176 (max 500)
   eps = 0.001841 >= 0.0001
Iteration 177 (max 500)
   eps = 0.001802 >= 0.0001
Iteration 178 (max 500)
   eps = 0.001765 >= 0.0001
Iteration 179 (max 500)
   eps = 0.00173 >= 0.0001
Iteration 180 (max 500)
   eps = 0.0017 >= 0.0001
Iteration 181 (max 500)
   eps = 0.001669 >= 0.0001
Iteration 182 (max 500)
   eps = 0.001639 >= 0.0001
Iteration 183 (max 500)
   eps = 0.00161 >= 0.0001
Iteration 184 (max 500)
   eps = 0.00158 >= 0.0001
Iteration 185 (max 500)
   eps = 0.001548 >= 0.0001
Iteration 186 (max 500)
   eps = 0.001519 >= 0.0001
Iteration 187 (max 500)
   eps = 0.00149 >= 0.0001
Iteration 188 (max 500)
   eps = 0.001456 >= 0.0001
Iteration 189 (max 500)
   eps = 0.001425 >= 0.0001
Iteration 190 (max 500)
   eps = 0.001394 >= 0.0001
Iteration 191 (max 500)
   eps = 0.001364 >= 0.0001
Iteration 192 (max 500)
   eps = 0.001335 >= 0.0001
Iteration 193 (max 500)
   eps = 0.001307 >= 0.0001
Iteration 194 (max 500)
   eps = 0.001278 >= 0.0001
Iteration 195 (max 500)
   eps = 0.001248 >= 0.0001
Iteration 196 (max 500)
   eps = 0.00122 >= 0.0001
Iteration 197 (max 500)
   eps = 0.001189 >= 0.0001
Iteration 198 (max 500)
   eps = 0.001159 >= 0.0001
Iteration 199 (max 500)
   eps = 0.001128 >= 0.0001
Iteration 200 (max 500)
   eps = 0.001099 >= 0.0001
Iteration 201 (max 500)
   eps = 0.001073 >= 0.0001
Iteration 202 (max 500)
   eps = 0.001049 >= 0.0001
Iteration 203 (max 500)
   eps = 0.001027 >= 0.0001
Iteration 204 (max 500)
   eps = 0.001006 >= 0.0001
Iteration 205 (max 500)
   eps = 0.000987 >= 0.0001
Iteration 206 (max 500)
   eps = 0.000971 >= 0.0001
Iteration 207 (max 500)
   eps = 0.000959 >= 0.0001
Iteration 208 (max 500)
   eps = 0.000947 >= 0.0001
Iteration 209 (max 500)
   eps = 0.000937 >= 0.0001
Iteration 210 (max 500)
   eps = 0.00092 >= 0.0001
Iteration 211 (max 500)
   eps = 0.000896 >= 0.0001
Iteration 212 (max 500)
   eps = 0.00088 >= 0.0001
Iteration 213 (max 500)
   eps = 0.000862 >= 0.0001
Iteration 214 (max 500)
   eps = 0.000844 >= 0.0001
Iteration 215 (max 500)
   eps = 0.000828 >= 0.0001
Iteration 216 (max 500)
   eps = 0.000811 >= 0.0001
Iteration 217 (max 500)
   eps = 0.000796 >= 0.0001
Iteration 218 (max 500)
   eps = 0.000777 >= 0.0001
Iteration 219 (max 500)
   eps = 0.000763 >= 0.0001
Iteration 220 (max 500)
   eps = 0.000747 >= 0.0001
Iteration 221 (max 500)
   eps = 0.000731 >= 0.0001
Iteration 222 (max 500)
   eps = 0.000714 >= 0.0001
Iteration 223 (max 500)
   eps = 0.000697 >= 0.0001
Iteration 224 (max 500)
   eps = 0.000681 >= 0.0001
Iteration 225 (max 500)
   eps = 0.000666 >= 0.0001
Iteration 226 (max 500)
   eps = 0.000651 >= 0.0001
Iteration 227 (max 500)
   eps = 0.000636 >= 0.0001
Iteration 228 (max 500)
   eps = 0.000622 >= 0.0001
Iteration 229 (max 500)
   eps = 0.00061 >= 0.0001
Iteration 230 (max 500)
   eps = 0.000597 >= 0.0001
Iteration 231 (max 500)
   eps = 0.000585 >= 0.0001
Iteration 232 (max 500)
   eps = 0.000568 >= 0.0001
Iteration 233 (max 500)
   eps = 0.000555 >= 0.0001
Iteration 234 (max 500)
   eps = 0.00054 >= 0.0001
Iteration 235 (max 500)
   eps = 0.000525 >= 0.0001
Iteration 236 (max 500)
   eps = 0.000512 >= 0.0001
Iteration 237 (max 500)
   eps = 0.000501 >= 0.0001
Iteration 238 (max 500)
   eps = 0.000489 >= 0.0001
Iteration 239 (max 500)
   eps = 0.000477 >= 0.0001
Iteration 240 (max 500)
   eps = 0.000465 >= 0.0001
Iteration 241 (max 500)
   eps = 0.000455 >= 0.0001
Iteration 242 (max 500)
   eps = 0.000444 >= 0.0001
Iteration 243 (max 500)
   eps = 0.000433 >= 0.0001
Iteration 244 (max 500)
   eps = 0.000422 >= 0.0001
Iteration 245 (max 500)
   eps = 0.000413 >= 0.0001
Iteration 246 (max 500)
   eps = 0.000403 >= 0.0001
Iteration 247 (max 500)
   eps = 0.000394 >= 0.0001
Iteration 248 (max 500)
   eps = 0.000386 >= 0.0001
Iteration 249 (max 500)
   eps = 0.000378 >= 0.0001
Iteration 250 (max 500)
   eps = 0.000371 >= 0.0001
Iteration 251 (max 500)
   eps = 0.000364 >= 0.0001
Iteration 252 (max 500)
   eps = 0.000356 >= 0.0001
Iteration 253 (max 500)
   eps = 0.00035 >= 0.0001
Iteration 254 (max 500)
   eps = 0.000342 >= 0.0001
Iteration 255 (max 500)
   eps = 0.000336 >= 0.0001
Iteration 256 (max 500)
   eps = 0.000328 >= 0.0001
Iteration 257 (max 500)
   eps = 0.000321 >= 0.0001
Iteration 258 (max 500)
   eps = 0.000315 >= 0.0001
Iteration 259 (max 500)
   eps = 0.000308 >= 0.0001
Iteration 260 (max 500)
   eps = 0.000302 >= 0.0001
Iteration 261 (max 500)
   eps = 0.000296 >= 0.0001
Iteration 262 (max 500)
   eps = 0.000289 >= 0.0001
Iteration 263 (max 500)
   eps = 0.000284 >= 0.0001
Iteration 264 (max 500)
   eps = 0.000278 >= 0.0001
Iteration 265 (max 500)
   eps = 0.000273 >= 0.0001
Iteration 266 (max 500)
   eps = 0.000267 >= 0.0001
Iteration 267 (max 500)
   eps = 0.00026 >= 0.0001
Iteration 268 (max 500)
   eps = 0.000256 >= 0.0001
Iteration 269 (max 500)
   eps = 0.00025 >= 0.0001
Iteration 270 (max 500)
   eps = 0.000245 >= 0.0001
Iteration 271 (max 500)
   eps = 0.000239 >= 0.0001
Iteration 272 (max 500)
   eps = 0.000234 >= 0.0001
Iteration 273 (max 500)
   eps = 0.000229 >= 0.0001
Iteration 274 (max 500)
   eps = 0.000224 >= 0.0001
Iteration 275 (max 500)
   eps = 0.000219 >= 0.0001
Iteration 276 (max 500)
   eps = 0.000214 >= 0.0001
Iteration 277 (max 500)
   eps = 0.00021 >= 0.0001
Iteration 278 (max 500)
   eps = 0.000205 >= 0.0001
Iteration 279 (max 500)
   eps = 0.000201 >= 0.0001
Iteration 280 (max 500)
   eps = 0.000197 >= 0.0001
Iteration 281 (max 500)
   eps = 0.000193 >= 0.0001
Iteration 282 (max 500)
   eps = 0.000189 >= 0.0001
Iteration 283 (max 500)
   eps = 0.000185 >= 0.0001
Iteration 284 (max 500)
   eps = 0.000181 >= 0.0001
Iteration 285 (max 500)
   eps = 0.000177 >= 0.0001
Iteration 286 (max 500)
   eps = 0.000173 >= 0.0001
Iteration 287 (max 500)
   eps = 0.000169 >= 0.0001
Iteration 288 (max 500)
   eps = 0.000165 >= 0.0001
Iteration 289 (max 500)
   eps = 0.000162 >= 0.0001
Iteration 290 (max 500)
   eps = 0.000158 >= 0.0001
Iteration 291 (max 500)
   eps = 0.000155 >= 0.0001
Iteration 292 (max 500)
   eps = 0.000152 >= 0.0001
Iteration 293 (max 500)
   eps = 0.000149 >= 0.0001
Iteration 294 (max 500)
   eps = 0.000146 >= 0.0001
Iteration 295 (max 500)
   eps = 0.000143 >= 0.0001
Iteration 296 (max 500)
   eps = 0.00014 >= 0.0001
Iteration 297 (max 500)
   eps = 0.000137 >= 0.0001
Iteration 298 (max 500)
   eps = 0.000134 >= 0.0001
Iteration 299 (max 500)
   eps = 0.000131 >= 0.0001
Iteration 300 (max 500)
   eps = 0.000128 >= 0.0001
Iteration 301 (max 500)
   eps = 0.000125 >= 0.0001
Iteration 302 (max 500)
   eps = 0.000123 >= 0.0001
Iteration 303 (max 500)
   eps = 0.00012 >= 0.0001
Iteration 304 (max 500)
   eps = 0.000118 >= 0.0001
Iteration 305 (max 500)
   eps = 0.000115 >= 0.0001
Iteration 306 (max 500)
   eps = 0.000113 >= 0.0001
Iteration 307 (max 500)
   eps = 0.00011 >= 0.0001
Iteration 308 (max 500)
   eps = 0.000108 >= 0.0001
Iteration 309 (max 500)
   eps = 0.000106 >= 0.0001
Iteration 310 (max 500)
   eps = 0.000103 >= 0.0001
Iteration 311 (max 500)
   eps = 0.000101 >= 0.0001
Iteration 312 (max 500)
Time spent by the wind speed solver: 53.18821167945862 s
Rotates geometries from -45.0 degrees
Interp succeeded!!! for tmp_file
Interp succeeded!!! for tmp_file
Interp succeeded!!! for tmp_file
Interp succeeded!!! for tmp_file
Interp succeeded!!! for tmp_file
Interp succeeded!!! for tmp_file
Process 3978163: Successfully ran URock for tile output 'wind_field_raw_tile_12'.
Process 3978163: Elapsed time for URock ('wind_field_raw_tile_12'): 227.87 seconds.
[Master] Process 3978163 - Tile 12: Finished processing.
[Master] 3978163: exit signal
Info: Debuffered '/storage/project/r-rbasu31-0/hyu483/Test_UMEP/UROCK_output_34_spawn/temp_intermediate_files/tile_12_urock_raw_outputs/z1_5/wind_field_raw_tile_12WS.tif' to '/storage/project/r-rbasu31-0/hyu483/Test_UMEP/UROCK_output_34_spawn/urock_tiled_output/urock_wind_field_tile_12WS.tif' (original extent: (234482.59099838723, 901732.4833440109, 234642.58635222574, 902032.4833440109)).
Connecting to database
	->/tmp/URock_2025-12-21T1733078d7ff1a7-cf38-45b3-8943-9a7157f65ae9/myDbH2
/storage/home/hcoda1/4/hyu483/qgis_332/profiles/default/python/plugins/processing_umep/functions/URock/h2gis-standalone/h2gis-dist-2.2.3.jar
Connected!

Spatial functions added!

Load input data
Load table 'build_pre_srid_20251221173315'
Load table 'veg_pre_srid_20251221173315'
Creates blocks and stacked blocks
Rotates geometries from 45.0 degrees
Identify block base height and block cavity base
Calculates obstacle properties
Calculates zone properties
Initializes upwind facades
Update upwind facades base height
Initializes downwind facades
Calculates study area properties
Roughness zone properties are:

                                 - z0: 1.6155121181398007
                                 - d: 7.73768985194275
                                 - Hr: 10.77008078759867
                                 - H_ob_max: 95
                                 - lambda_f: 0.2026944715884711
Rotates geometries from -45.0 degrees
Rotates geometries from -45.0 degrees
Rotates geometries from -45.0 degrees
Creates displacement zones
Rotates geometries from -45.0 degrees
Rotates geometries from -45.0 degrees
Creates cavity and wake zones
Rotates geometries from -45.0 degrees
Rotates geometries from -45.0 degrees
Creates street canyon zones
Rotates geometries from -45.0 degrees
Creates rooftop zones (perpendicular and corner)
Rotates geometries from -45.0 degrees
Rotates geometries from -45.0 degrees
Creates built-up and open vegetation zones
Rotates geometries from -45.0 degrees
Rotates geometries from -45.0 degrees
Identify the buildings concerned by the impacted zone chosen by the user
Creates the grid of points
Affects each grid point to a building Rockle zone and calculates needed 
          variables for 3D wind speed
Affects each grid point to a vegetation Rockle zone and calculates 
          needed variables for 3D wind speed
Remove some of the Röckle zone points
Creates backward zones
Calculates the 3D wind speed factor value for each point of each BUILDING zone
Rotates geometries from -45.0 degrees
Rotates geometries from -45.0 degrees
Rotates geometries from -45.0 degrees
Rotates geometries from -45.0 degrees
Rotates geometries from -45.0 degrees
Rotates geometries from -45.0 degrees
Rotates geometries from -45.0 degrees
Rotates geometries from -45.0 degrees
Rotates geometries from -45.0 degrees
Calculates the 3D wind speed factor value for each point of each VEGETATION zone
Rotates geometries from -45.0 degrees
Deals with superimposition (keeps only 1 value per 3D point)
Deals with superimposition (keeps only 1 value per 3D point)
Identify upstreamer points in TEMPO_WEIGHTING table
Identify upstreamer points in TEMPO_PRIORITIES table
Identify upstreamer points in TEMPO_PRIORITIES_WEIGHT table
Deals with superimposition (keeps only 1 value per 3D point)
Identify upstreamer points in TEMPO_WEIGHTING table
Identify upstreamer points in TEMPO_PRIORITIES table
Identify upstreamer points in TEMPO_PRIORITIES_WEIGHT table
Rotates geometries from -45.0 degrees
Identify grid points intersecting buildings
Set the initial 3D wind speed field
Time spent for wind speed initialization: 124.38724398612976 s
Shape: (247, 242, 43) - Nb cells: 2570282
Start to apply the wind solver
Iteration 1 (max 500)
   eps = 0.606868 >= 0.0001
Iteration 2 (max 500)
   eps = 0.394808 >= 0.0001
Iteration 3 (max 500)
   eps = 0.309753 >= 0.0001
Iteration 4 (max 500)
   eps = 0.254655 >= 0.0001
Iteration 5 (max 500)
   eps = 0.215051 >= 0.0001
Iteration 6 (max 500)
   eps = 0.185225 >= 0.0001
Iteration 7 (max 500)
   eps = 0.161878 >= 0.0001
Iteration 8 (max 500)
   eps = 0.141464 >= 0.0001
Iteration 9 (max 500)
   eps = 0.124313 >= 0.0001
Iteration 10 (max 500)
   eps = 0.11037 >= 0.0001
Iteration 11 (max 500)
   eps = 0.099598 >= 0.0001
Iteration 12 (max 500)
   eps = 0.090906 >= 0.0001
Iteration 13 (max 500)
   eps = 0.0834 >= 0.0001
Iteration 14 (max 500)
   eps = 0.076918 >= 0.0001
Iteration 15 (max 500)
   eps = 0.071424 >= 0.0001
Iteration 16 (max 500)
   eps = 0.066982 >= 0.0001
Iteration 17 (max 500)
   eps = 0.063001 >= 0.0001
Iteration 18 (max 500)
   eps = 0.059377 >= 0.0001
Iteration 19 (max 500)
   eps = 0.056208 >= 0.0001
Iteration 20 (max 500)
   eps = 0.053478 >= 0.0001
Iteration 21 (max 500)
   eps = 0.051108 >= 0.0001
Iteration 22 (max 500)
   eps = 0.048915 >= 0.0001
Iteration 23 (max 500)
   eps = 0.046908 >= 0.0001
Iteration 24 (max 500)
   eps = 0.045074 >= 0.0001
Iteration 25 (max 500)
   eps = 0.043405 >= 0.0001
Iteration 26 (max 500)
   eps = 0.041799 >= 0.0001
Iteration 27 (max 500)
   eps = 0.040296 >= 0.0001
Iteration 28 (max 500)
   eps = 0.03893 >= 0.0001
Iteration 29 (max 500)
   eps = 0.037649 >= 0.0001
Iteration 30 (max 500)
   eps = 0.036474 >= 0.0001
Iteration 31 (max 500)
   eps = 0.035388 >= 0.0001
Iteration 32 (max 500)
   eps = 0.034414 >= 0.0001
Iteration 33 (max 500)
   eps = 0.033444 >= 0.0001
Iteration 34 (max 500)
   eps = 0.032513 >= 0.0001
Iteration 35 (max 500)
   eps = 0.031587 >= 0.0001
Iteration 36 (max 500)
   eps = 0.030763 >= 0.0001
Iteration 37 (max 500)
   eps = 0.030005 >= 0.0001
Iteration 38 (max 500)
   eps = 0.029302 >= 0.0001
Iteration 39 (max 500)
   eps = 0.028588 >= 0.0001
Iteration 40 (max 500)
   eps = 0.027859 >= 0.0001
Iteration 41 (max 500)
   eps = 0.02835 >= 0.0001
Iteration 42 (max 500)
   eps = 0.026967 >= 0.0001
Iteration 43 (max 500)
   eps = 0.02586 >= 0.0001
Iteration 44 (max 500)
   eps = 0.025219 >= 0.0001
Iteration 45 (max 500)
   eps = 0.024623 >= 0.0001
Iteration 46 (max 500)
   eps = 0.024036 >= 0.0001
Iteration 47 (max 500)
   eps = 0.023507 >= 0.0001
Iteration 48 (max 500)
   eps = 0.023026 >= 0.0001
Iteration 49 (max 500)
   eps = 0.022581 >= 0.0001
Iteration 50 (max 500)
   eps = 0.02215 >= 0.0001
Iteration 51 (max 500)
   eps = 0.021759 >= 0.0001
Iteration 52 (max 500)
   eps = 0.021352 >= 0.0001
Iteration 53 (max 500)
   eps = 0.02092 >= 0.0001
Iteration 54 (max 500)
   eps = 0.020484 >= 0.0001
Iteration 55 (max 500)
   eps = 0.020077 >= 0.0001
Iteration 56 (max 500)
   eps = 0.019674 >= 0.0001
Iteration 57 (max 500)
   eps = 0.019268 >= 0.0001
Iteration 58 (max 500)
   eps = 0.01887 >= 0.0001
Iteration 59 (max 500)
   eps = 0.018476 >= 0.0001
Iteration 60 (max 500)
   eps = 0.018087 >= 0.0001
Iteration 61 (max 500)
   eps = 0.017723 >= 0.0001
Iteration 62 (max 500)
   eps = 0.017386 >= 0.0001
Iteration 63 (max 500)
   eps = 0.017069 >= 0.0001
Iteration 64 (max 500)
   eps = 0.016746 >= 0.0001
Iteration 65 (max 500)
   eps = 0.016429 >= 0.0001
Iteration 66 (max 500)
   eps = 0.016126 >= 0.0001
Iteration 67 (max 500)
   eps = 0.015828 >= 0.0001
Iteration 68 (max 500)
   eps = 0.015552 >= 0.0001
Iteration 69 (max 500)
   eps = 0.015282 >= 0.0001
Iteration 70 (max 500)
   eps = 0.015021 >= 0.0001
Iteration 71 (max 500)
   eps = 0.014762 >= 0.0001
Iteration 72 (max 500)
   eps = 0.014512 >= 0.0001
Iteration 73 (max 500)
   eps = 0.014267 >= 0.0001
Iteration 74 (max 500)
   eps = 0.014027 >= 0.0001
Iteration 75 (max 500)
   eps = 0.013796 >= 0.0001
Iteration 76 (max 500)
   eps = 0.013571 >= 0.0001
Iteration 77 (max 500)
   eps = 0.013359 >= 0.0001
Iteration 78 (max 500)
   eps = 0.013165 >= 0.0001
Iteration 79 (max 500)
   eps = 0.01299 >= 0.0001
Iteration 80 (max 500)
   eps = 0.012811 >= 0.0001
Iteration 81 (max 500)
   eps = 0.012612 >= 0.0001
Iteration 82 (max 500)
   eps = 0.012423 >= 0.0001
Iteration 83 (max 500)
   eps = 0.012232 >= 0.0001
Iteration 84 (max 500)
   eps = 0.012025 >= 0.0001
Iteration 85 (max 500)
   eps = 0.011818 >= 0.0001
Iteration 86 (max 500)
   eps = 0.011607 >= 0.0001
Iteration 87 (max 500)
   eps = 0.011413 >= 0.0001
Iteration 88 (max 500)
   eps = 0.011193 >= 0.0001
Iteration 89 (max 500)
   eps = 0.010997 >= 0.0001
Iteration 90 (max 500)
   eps = 0.010784 >= 0.0001
Iteration 91 (max 500)
   eps = 0.010586 >= 0.0001
Iteration 92 (max 500)
   eps = 0.01039 >= 0.0001
Iteration 93 (max 500)
   eps = 0.010192 >= 0.0001
Iteration 94 (max 500)
   eps = 0.010027 >= 0.0001
Iteration 95 (max 500)
   eps = 0.009863 >= 0.0001
Iteration 96 (max 500)
   eps = 0.009735 >= 0.0001
Iteration 97 (max 500)
   eps = 0.009602 >= 0.0001
Iteration 98 (max 500)
   eps = 0.009467 >= 0.0001
Iteration 99 (max 500)
   eps = 0.00935 >= 0.0001
Iteration 100 (max 500)
   eps = 0.009221 >= 0.0001
Iteration 101 (max 500)
   eps = 0.00909 >= 0.0001
Iteration 102 (max 500)
   eps = 0.008942 >= 0.0001
Iteration 103 (max 500)
   eps = 0.008797 >= 0.0001
Iteration 104 (max 500)
   eps = 0.008649 >= 0.0001
Iteration 105 (max 500)
   eps = 0.008496 >= 0.0001
Iteration 106 (max 500)
   eps = 0.008354 >= 0.0001
Iteration 107 (max 500)
   eps = 0.008205 >= 0.0001
Iteration 108 (max 500)
   eps = 0.008067 >= 0.0001
Iteration 109 (max 500)
   eps = 0.007939 >= 0.0001
Iteration 110 (max 500)
   eps = 0.007804 >= 0.0001
Iteration 111 (max 500)
   eps = 0.00768 >= 0.0001
Iteration 112 (max 500)
   eps = 0.007562 >= 0.0001
Iteration 113 (max 500)
   eps = 0.00745 >= 0.0001
Iteration 114 (max 500)
   eps = 0.007332 >= 0.0001
Iteration 115 (max 500)
   eps = 0.007208 >= 0.0001
Iteration 116 (max 500)
   eps = 0.007094 >= 0.0001
Iteration 117 (max 500)
   eps = 0.006978 >= 0.0001
Iteration 118 (max 500)
   eps = 0.006867 >= 0.0001
Iteration 119 (max 500)
   eps = 0.006753 >= 0.0001
Iteration 120 (max 500)
   eps = 0.006639 >= 0.0001
Iteration 121 (max 500)
   eps = 0.006527 >= 0.0001
Iteration 122 (max 500)
   eps = 0.006423 >= 0.0001
Iteration 123 (max 500)
   eps = 0.006317 >= 0.0001
Iteration 124 (max 500)
   eps = 0.006222 >= 0.0001
Iteration 125 (max 500)
   eps = 0.006124 >= 0.0001
Iteration 126 (max 500)
   eps = 0.006031 >= 0.0001
Iteration 127 (max 500)
   eps = 0.005931 >= 0.0001
Iteration 128 (max 500)
   eps = 0.005837 >= 0.0001
Iteration 129 (max 500)
   eps = 0.005747 >= 0.0001
Iteration 130 (max 500)
   eps = 0.005652 >= 0.0001
Iteration 131 (max 500)
   eps = 0.005561 >= 0.0001
Iteration 132 (max 500)
   eps = 0.005473 >= 0.0001
Iteration 133 (max 500)
   eps = 0.00538 >= 0.0001
Iteration 134 (max 500)
   eps = 0.005279 >= 0.0001
Iteration 135 (max 500)
   eps = 0.005191 >= 0.0001
Iteration 136 (max 500)
   eps = 0.005111 >= 0.0001
Iteration 137 (max 500)
   eps = 0.005039 >= 0.0001
Iteration 138 (max 500)
   eps = 0.00497 >= 0.0001
Iteration 139 (max 500)
   eps = 0.004903 >= 0.0001
Iteration 140 (max 500)
   eps = 0.004829 >= 0.0001
Iteration 141 (max 500)
   eps = 0.004752 >= 0.0001
Iteration 142 (max 500)
   eps = 0.004681 >= 0.0001
Iteration 143 (max 500)
   eps = 0.004611 >= 0.0001
Iteration 144 (max 500)
   eps = 0.004528 >= 0.0001
Iteration 145 (max 500)
   eps = 0.004442 >= 0.0001
Iteration 146 (max 500)
   eps = 0.004375 >= 0.0001
Iteration 147 (max 500)
   eps = 0.004292 >= 0.0001
Iteration 148 (max 500)
   eps = 0.004217 >= 0.0001
Iteration 149 (max 500)
   eps = 0.004149 >= 0.0001
Iteration 150 (max 500)
   eps = 0.004082 >= 0.0001
Iteration 151 (max 500)
   eps = 0.004011 >= 0.0001
Iteration 152 (max 500)
   eps = 0.003948 >= 0.0001
Iteration 153 (max 500)
   eps = 0.003879 >= 0.0001
Iteration 154 (max 500)
   eps = 0.003811 >= 0.0001
Iteration 155 (max 500)
   eps = 0.003754 >= 0.0001
Iteration 156 (max 500)
   eps = 0.003691 >= 0.0001
Iteration 157 (max 500)
   eps = 0.003636 >= 0.0001
Iteration 158 (max 500)
   eps = 0.003572 >= 0.0001
Iteration 159 (max 500)
   eps = 0.003516 >= 0.0001
Iteration 160 (max 500)
   eps = 0.003455 >= 0.0001
Iteration 161 (max 500)
   eps = 0.003383 >= 0.0001
Iteration 162 (max 500)
   eps = 0.003321 >= 0.0001
Iteration 163 (max 500)
   eps = 0.003267 >= 0.0001
Iteration 164 (max 500)
   eps = 0.003212 >= 0.0001
Iteration 165 (max 500)
   eps = 0.003162 >= 0.0001
Iteration 166 (max 500)
   eps = 0.003111 >= 0.0001
Iteration 167 (max 500)
   eps = 0.003067 >= 0.0001
Iteration 168 (max 500)
   eps = 0.003024 >= 0.0001
Iteration 169 (max 500)
   eps = 0.002976 >= 0.0001
Iteration 170 (max 500)
   eps = 0.002927 >= 0.0001
Iteration 171 (max 500)
   eps = 0.002874 >= 0.0001
Iteration 172 (max 500)
   eps = 0.002829 >= 0.0001
Iteration 173 (max 500)
   eps = 0.00278 >= 0.0001
Iteration 174 (max 500)
   eps = 0.002734 >= 0.0001
Iteration 175 (max 500)
   eps = 0.002682 >= 0.0001
Iteration 176 (max 500)
   eps = 0.002632 >= 0.0001
Iteration 177 (max 500)
   eps = 0.002588 >= 0.0001
Iteration 178 (max 500)
   eps = 0.002544 >= 0.0001
Iteration 179 (max 500)
   eps = 0.002501 >= 0.0001
Iteration 180 (max 500)
   eps = 0.002462 >= 0.0001
Iteration 181 (max 500)
   eps = 0.002418 >= 0.0001
Iteration 182 (max 500)
   eps = 0.002377 >= 0.0001
Iteration 183 (max 500)
   eps = 0.002338 >= 0.0001
Iteration 184 (max 500)
   eps = 0.002298 >= 0.0001
Iteration 185 (max 500)
   eps = 0.002258 >= 0.0001
Iteration 186 (max 500)
   eps = 0.002219 >= 0.0001
Iteration 187 (max 500)
   eps = 0.002181 >= 0.0001
Iteration 188 (max 500)
   eps = 0.002145 >= 0.0001
Iteration 189 (max 500)
   eps = 0.002107 >= 0.0001
Iteration 190 (max 500)
   eps = 0.002069 >= 0.0001
Iteration 191 (max 500)
   eps = 0.002026 >= 0.0001
Iteration 192 (max 500)
   eps = 0.00199 >= 0.0001
Iteration 193 (max 500)
   eps = 0.001952 >= 0.0001
Iteration 194 (max 500)
   eps = 0.001915 >= 0.0001
Iteration 195 (max 500)
   eps = 0.001881 >= 0.0001
Iteration 196 (max 500)
   eps = 0.001846 >= 0.0001
Iteration 197 (max 500)
   eps = 0.001814 >= 0.0001
Iteration 198 (max 500)
   eps = 0.001782 >= 0.0001
Iteration 199 (max 500)
   eps = 0.001751 >= 0.0001
Iteration 200 (max 500)
   eps = 0.001718 >= 0.0001
Iteration 201 (max 500)
   eps = 0.001685 >= 0.0001
Iteration 202 (max 500)
   eps = 0.001655 >= 0.0001
Iteration 203 (max 500)
   eps = 0.001626 >= 0.0001
Iteration 204 (max 500)
   eps = 0.001597 >= 0.0001
Iteration 205 (max 500)
   eps = 0.001569 >= 0.0001
Iteration 206 (max 500)
   eps = 0.001541 >= 0.0001
Iteration 207 (max 500)
   eps = 0.001512 >= 0.0001
Iteration 208 (max 500)
   eps = 0.001483 >= 0.0001
Iteration 209 (max 500)
   eps = 0.001457 >= 0.0001
Iteration 210 (max 500)
   eps = 0.001433 >= 0.0001
Iteration 211 (max 500)
   eps = 0.001409 >= 0.0001
Iteration 212 (max 500)
   eps = 0.001385 >= 0.0001
Iteration 213 (max 500)
   eps = 0.001358 >= 0.0001
Iteration 214 (max 500)
   eps = 0.001333 >= 0.0001
Iteration 215 (max 500)
   eps = 0.001308 >= 0.0001
Iteration 216 (max 500)
   eps = 0.001285 >= 0.0001
Iteration 217 (max 500)
   eps = 0.001264 >= 0.0001
Iteration 218 (max 500)
   eps = 0.001242 >= 0.0001
Iteration 219 (max 500)
   eps = 0.00122 >= 0.0001
Iteration 220 (max 500)
   eps = 0.001199 >= 0.0001
Iteration 221 (max 500)
   eps = 0.001177 >= 0.0001
Iteration 222 (max 500)
   eps = 0.001156 >= 0.0001
Iteration 223 (max 500)
   eps = 0.001138 >= 0.0001
Iteration 224 (max 500)
   eps = 0.001117 >= 0.0001
Iteration 225 (max 500)
   eps = 0.001096 >= 0.0001
Iteration 226 (max 500)
   eps = 0.001075 >= 0.0001
Iteration 227 (max 500)
   eps = 0.001055 >= 0.0001
Iteration 228 (max 500)
   eps = 0.001035 >= 0.0001
Iteration 229 (max 500)
   eps = 0.001017 >= 0.0001
Iteration 230 (max 500)
   eps = 0.000998 >= 0.0001
Iteration 231 (max 500)
   eps = 0.000982 >= 0.0001
Iteration 232 (max 500)
   eps = 0.000964 >= 0.0001
Iteration 233 (max 500)
   eps = 0.000945 >= 0.0001
Iteration 234 (max 500)
   eps = 0.000927 >= 0.0001
Iteration 235 (max 500)
   eps = 0.00091 >= 0.0001
Iteration 236 (max 500)
   eps = 0.000892 >= 0.0001
Iteration 237 (max 500)
   eps = 0.000875 >= 0.0001
Iteration 238 (max 500)
   eps = 0.000859 >= 0.0001
Iteration 239 (max 500)
   eps = 0.000842 >= 0.0001
Iteration 240 (max 500)
   eps = 0.000827 >= 0.0001
Iteration 241 (max 500)
   eps = 0.000813 >= 0.0001
Iteration 242 (max 500)
   eps = 0.000798 >= 0.0001
Iteration 243 (max 500)
   eps = 0.000785 >= 0.0001
Iteration 244 (max 500)
   eps = 0.000771 >= 0.0001
Iteration 245 (max 500)
   eps = 0.000756 >= 0.0001
Iteration 246 (max 500)
   eps = 0.000742 >= 0.0001
Iteration 247 (max 500)
   eps = 0.000728 >= 0.0001
Iteration 248 (max 500)
   eps = 0.000714 >= 0.0001
Iteration 249 (max 500)
   eps = 0.000701 >= 0.0001
Iteration 250 (max 500)
   eps = 0.000687 >= 0.0001
Iteration 251 (max 500)
   eps = 0.000674 >= 0.0001
Iteration 252 (max 500)
   eps = 0.000661 >= 0.0001
Iteration 253 (max 500)
   eps = 0.000648 >= 0.0001
Iteration 254 (max 500)
   eps = 0.000636 >= 0.0001
Iteration 255 (max 500)
   eps = 0.000624 >= 0.0001
Iteration 256 (max 500)
   eps = 0.000613 >= 0.0001
Iteration 257 (max 500)
   eps = 0.000602 >= 0.0001
Iteration 258 (max 500)
   eps = 0.000591 >= 0.0001
Iteration 259 (max 500)
   eps = 0.000581 >= 0.0001
Iteration 260 (max 500)
   eps = 0.000572 >= 0.0001
Iteration 261 (max 500)
   eps = 0.000562 >= 0.0001
Iteration 262 (max 500)
   eps = 0.000552 >= 0.0001
Iteration 263 (max 500)
   eps = 0.000543 >= 0.0001
Iteration 264 (max 500)
   eps = 0.000534 >= 0.0001
Iteration 265 (max 500)
   eps = 0.000525 >= 0.0001
Iteration 266 (max 500)
   eps = 0.000515 >= 0.0001
Iteration 267 (max 500)
   eps = 0.000505 >= 0.0001
Iteration 268 (max 500)
   eps = 0.000496 >= 0.0001
Iteration 269 (max 500)
   eps = 0.000488 >= 0.0001
Iteration 270 (max 500)
   eps = 0.000479 >= 0.0001
Iteration 271 (max 500)
   eps = 0.000471 >= 0.0001
Iteration 272 (max 500)
   eps = 0.000463 >= 0.0001
Iteration 273 (max 500)
   eps = 0.000454 >= 0.0001
Iteration 274 (max 500)
   eps = 0.000445 >= 0.0001
Iteration 275 (max 500)
   eps = 0.000437 >= 0.0001
Iteration 276 (max 500)
   eps = 0.000428 >= 0.0001
Iteration 277 (max 500)
   eps = 0.00042 >= 0.0001
Iteration 278 (max 500)
   eps = 0.000412 >= 0.0001
Iteration 279 (max 500)
   eps = 0.000404 >= 0.0001
Iteration 280 (max 500)
   eps = 0.000397 >= 0.0001
Iteration 281 (max 500)
   eps = 0.000389 >= 0.0001
Iteration 282 (max 500)
   eps = 0.000382 >= 0.0001
Iteration 283 (max 500)
   eps = 0.000374 >= 0.0001
Iteration 284 (max 500)
   eps = 0.000366 >= 0.0001
Iteration 285 (max 500)
   eps = 0.00036 >= 0.0001
Iteration 286 (max 500)
   eps = 0.000353 >= 0.0001
Iteration 287 (max 500)
   eps = 0.000347 >= 0.0001
Iteration 288 (max 500)
   eps = 0.00034 >= 0.0001
Iteration 289 (max 500)
   eps = 0.000333 >= 0.0001
Iteration 290 (max 500)
   eps = 0.000326 >= 0.0001
Iteration 291 (max 500)
   eps = 0.00032 >= 0.0001
Iteration 292 (max 500)
   eps = 0.000313 >= 0.0001
Iteration 293 (max 500)
   eps = 0.000306 >= 0.0001
Iteration 294 (max 500)
   eps = 0.0003 >= 0.0001
Iteration 295 (max 500)
   eps = 0.000294 >= 0.0001
Iteration 296 (max 500)
   eps = 0.000287 >= 0.0001
Iteration 297 (max 500)
   eps = 0.000282 >= 0.0001
Iteration 298 (max 500)
   eps = 0.000276 >= 0.0001
Iteration 299 (max 500)
   eps = 0.00027 >= 0.0001
Iteration 300 (max 500)
   eps = 0.000265 >= 0.0001
Iteration 301 (max 500)
   eps = 0.00026 >= 0.0001
Iteration 302 (max 500)
   eps = 0.000255 >= 0.0001
Iteration 303 (max 500)
   eps = 0.00025 >= 0.0001
Iteration 304 (max 500)
   eps = 0.000245 >= 0.0001
Iteration 305 (max 500)
   eps = 0.000239 >= 0.0001
Iteration 306 (max 500)
   eps = 0.000235 >= 0.0001
Iteration 307 (max 500)
   eps = 0.000231 >= 0.0001
Iteration 308 (max 500)
   eps = 0.000226 >= 0.0001
Iteration 309 (max 500)
   eps = 0.000222 >= 0.0001
Iteration 310 (max 500)
   eps = 0.000217 >= 0.0001
Iteration 311 (max 500)
   eps = 0.000213 >= 0.0001
Iteration 312 (max 500)
   eps = 0.000208 >= 0.0001
Iteration 313 (max 500)
   eps = 0.000204 >= 0.0001
Iteration 314 (max 500)
   eps = 0.0002 >= 0.0001
Iteration 315 (max 500)
   eps = 0.000196 >= 0.0001
Iteration 316 (max 500)
   eps = 0.000192 >= 0.0001
Iteration 317 (max 500)
   eps = 0.000189 >= 0.0001
Iteration 318 (max 500)
   eps = 0.000185 >= 0.0001
Iteration 319 (max 500)
   eps = 0.000182 >= 0.0001
Iteration 320 (max 500)
   eps = 0.000178 >= 0.0001
Iteration 321 (max 500)
   eps = 0.000175 >= 0.0001
Iteration 322 (max 500)
   eps = 0.000171 >= 0.0001
Iteration 323 (max 500)
   eps = 0.000168 >= 0.0001
Iteration 324 (max 500)
   eps = 0.000165 >= 0.0001
Iteration 325 (max 500)
   eps = 0.000162 >= 0.0001
Iteration 326 (max 500)
   eps = 0.000158 >= 0.0001
Iteration 327 (max 500)
   eps = 0.000155 >= 0.0001
Iteration 328 (max 500)
   eps = 0.000152 >= 0.0001
Iteration 329 (max 500)
   eps = 0.000149 >= 0.0001
Iteration 330 (max 500)
   eps = 0.000146 >= 0.0001
Iteration 331 (max 500)
   eps = 0.000143 >= 0.0001
Iteration 332 (max 500)
   eps = 0.00014 >= 0.0001
Iteration 333 (max 500)
   eps = 0.000137 >= 0.0001
Iteration 334 (max 500)
   eps = 0.000134 >= 0.0001
Iteration 335 (max 500)
   eps = 0.000131 >= 0.0001
Iteration 336 (max 500)
   eps = 0.000129 >= 0.0001
Iteration 337 (max 500)
   eps = 0.000126 >= 0.0001
Iteration 338 (max 500)
   eps = 0.000123 >= 0.0001
Iteration 339 (max 500)
   eps = 0.000121 >= 0.0001
Iteration 340 (max 500)
   eps = 0.000118 >= 0.0001
Iteration 341 (max 500)
   eps = 0.000116 >= 0.0001
Iteration 342 (max 500)
   eps = 0.000114 >= 0.0001
Iteration 343 (max 500)
   eps = 0.000112 >= 0.0001
Iteration 344 (max 500)
   eps = 0.000109 >= 0.0001
Iteration 345 (max 500)
   eps = 0.000107 >= 0.0001
Iteration 346 (max 500)
   eps = 0.000105 >= 0.0001
Iteration 347 (max 500)
   eps = 0.000103 >= 0.0001
Iteration 348 (max 500)
   eps = 0.000101 >= 0.0001
Iteration 349 (max 500)
Time spent by the wind speed solver: 61.015958309173584 s
Rotates geometries from -45.0 degrees
Interp succeeded!!! for tmp_file
Interp succeeded!!! for tmp_file
Interp succeeded!!! for tmp_file
Interp succeeded!!! for tmp_file
Interp succeeded!!! for tmp_file
Interp succeeded!!! for tmp_file
Process 3978164: Successfully ran URock for tile output 'wind_field_raw_tile_14'.
Process 3978164: Elapsed time for URock ('wind_field_raw_tile_14'): 240.85 seconds.
[Master] Process 3978164 - Tile 14: Finished processing.
[Master] 3978164: exit signal
Info: Debuffered '/storage/project/r-rbasu31-0/hyu483/Test_UMEP/UROCK_output_34_spawn/temp_intermediate_files/tile_14_urock_raw_outputs/z1_5/wind_field_raw_tile_14WS.tif' to '/storage/project/r-rbasu31-0/hyu483/Test_UMEP/UROCK_output_34_spawn/urock_tiled_output/urock_wind_field_tile_14WS.tif' (original extent: (234482.59099838723, 902332.4833440109, 234642.58635222574, 902632.4833440109)).
Connecting to database
	->/tmp/URock_2025-12-21T1733060dee9b0c-7db0-46e4-a197-fb94f69db09d/myDbH2
/storage/home/hcoda1/4/hyu483/qgis_332/profiles/default/python/plugins/processing_umep/functions/URock/h2gis-standalone/h2gis-dist-2.2.3.jar
Connected!

Spatial functions added!

Load input data
Load table 'build_pre_srid_20251221173317'
Load table 'veg_pre_srid_20251221173317'
Creates blocks and stacked blocks
Rotates geometries from 45.0 degrees
Identify block base height and block cavity base
Calculates obstacle properties
Calculates zone properties
Initializes upwind facades
Update upwind facades base height
Initializes downwind facades
Calculates study area properties
Roughness zone properties are:

                                 - z0: 1.31024142869392
                                 - d: 5.820324329874341
                                 - Hr: 11.08802822353775
                                 - H_ob_max: 56
                                 - lambda_f: 0.11816721623349855
Rotates geometries from -45.0 degrees
Rotates geometries from -45.0 degrees
Rotates geometries from -45.0 degrees
Creates displacement zones
Rotates geometries from -45.0 degrees
Rotates geometries from -45.0 degrees
Creates cavity and wake zones
Rotates geometries from -45.0 degrees
Rotates geometries from -45.0 degrees
Creates street canyon zones
Rotates geometries from -45.0 degrees
Creates rooftop zones (perpendicular and corner)
Rotates geometries from -45.0 degrees
Rotates geometries from -45.0 degrees
Creates built-up and open vegetation zones
Rotates geometries from -45.0 degrees
Rotates geometries from -45.0 degrees
Identify the buildings concerned by the impacted zone chosen by the user
Creates the grid of points
Affects each grid point to a building Rockle zone and calculates needed 
          variables for 3D wind speed
Affects each grid point to a vegetation Rockle zone and calculates 
          needed variables for 3D wind speed
Remove some of the Röckle zone points
Creates backward zones
Calculates the 3D wind speed factor value for each point of each BUILDING zone
Rotates geometries from -45.0 degrees
Rotates geometries from -45.0 degrees
Rotates geometries from -45.0 degrees
Rotates geometries from -45.0 degrees
Rotates geometries from -45.0 degrees
Rotates geometries from -45.0 degrees
Rotates geometries from -45.0 degrees
Rotates geometries from -45.0 degrees
Rotates geometries from -45.0 degrees
Calculates the 3D wind speed factor value for each point of each VEGETATION zone
Rotates geometries from -45.0 degrees
Deals with superimposition (keeps only 1 value per 3D point)
Deals with superimposition (keeps only 1 value per 3D point)
Identify upstreamer points in TEMPO_WEIGHTING table
Identify upstreamer points in TEMPO_PRIORITIES table
Identify upstreamer points in TEMPO_PRIORITIES_WEIGHT table
Deals with superimposition (keeps only 1 value per 3D point)
Identify upstreamer points in TEMPO_WEIGHTING table
Identify upstreamer points in TEMPO_PRIORITIES table
Identify upstreamer points in TEMPO_PRIORITIES_WEIGHT table
Rotates geometries from -45.0 degrees
Identify grid points intersecting buildings
Set the initial 3D wind speed field
Time spent for wind speed initialization: 116.38207411766052 s
Shape: (261, 324, 28) - Nb cells: 2367792
Start to apply the wind solver
Iteration 1 (max 500)
   eps = 0.539354 >= 0.0001
Iteration 2 (max 500)
   eps = 0.379115 >= 0.0001
Iteration 3 (max 500)
   eps = 0.309103 >= 0.0001
Iteration 4 (max 500)
   eps = 0.260215 >= 0.0001
Iteration 5 (max 500)
   eps = 0.221981 >= 0.0001
Iteration 6 (max 500)
   eps = 0.19174 >= 0.0001
Iteration 7 (max 500)
   eps = 0.167252 >= 0.0001
Iteration 8 (max 500)
   eps = 0.14823 >= 0.0001
Iteration 9 (max 500)
   eps = 0.132568 >= 0.0001
Iteration 10 (max 500)
   eps = 0.120161 >= 0.0001
Iteration 11 (max 500)
   eps = 0.110365 >= 0.0001
Iteration 12 (max 500)
   eps = 0.102445 >= 0.0001
Iteration 13 (max 500)
   eps = 0.09582 >= 0.0001
Iteration 14 (max 500)
   eps = 0.090053 >= 0.0001
Iteration 15 (max 500)
   eps = 0.085104 >= 0.0001
Iteration 16 (max 500)
   eps = 0.080877 >= 0.0001
Iteration 17 (max 500)
   eps = 0.077226 >= 0.0001
Iteration 18 (max 500)
   eps = 0.074002 >= 0.0001
Iteration 19 (max 500)
   eps = 0.071272 >= 0.0001
Iteration 20 (max 500)
   eps = 0.068589 >= 0.0001
Iteration 21 (max 500)
   eps = 0.066892 >= 0.0001
Iteration 22 (max 500)
   eps = 0.065016 >= 0.0001
Iteration 23 (max 500)
   eps = 0.063398 >= 0.0001
Iteration 24 (max 500)
   eps = 0.061878 >= 0.0001
Iteration 25 (max 500)
   eps = 0.059812 >= 0.0001
Iteration 26 (max 500)
   eps = 0.078919 >= 0.0001
Iteration 27 (max 500)
   eps = 0.063211 >= 0.0001
Iteration 28 (max 500)
   eps = 0.058298 >= 0.0001
Iteration 29 (max 500)
   eps = 0.05623 >= 0.0001
Iteration 30 (max 500)
   eps = 0.054789 >= 0.0001
Iteration 31 (max 500)
   eps = 0.053743 >= 0.0001
Iteration 32 (max 500)
   eps = 0.052986 >= 0.0001
Iteration 33 (max 500)
   eps = 0.052222 >= 0.0001
Iteration 34 (max 500)
   eps = 0.051268 >= 0.0001
Iteration 35 (max 500)
   eps = 0.050267 >= 0.0001
Iteration 36 (max 500)
   eps = 0.049409 >= 0.0001
Iteration 37 (max 500)
   eps = 0.048511 >= 0.0001
Iteration 38 (max 500)
   eps = 0.047503 >= 0.0001
Iteration 39 (max 500)
   eps = 0.046591 >= 0.0001
Iteration 40 (max 500)
   eps = 0.045721 >= 0.0001
Iteration 41 (max 500)
   eps = 0.044879 >= 0.0001
Iteration 42 (max 500)
   eps = 0.044073 >= 0.0001
Iteration 43 (max 500)
   eps = 0.043294 >= 0.0001
Iteration 44 (max 500)
   eps = 0.042551 >= 0.0001
Iteration 45 (max 500)
   eps = 0.041892 >= 0.0001
Iteration 46 (max 500)
   eps = 0.041302 >= 0.0001
Iteration 47 (max 500)
   eps = 0.040832 >= 0.0001
Iteration 48 (max 500)
   eps = 0.040218 >= 0.0001
Iteration 49 (max 500)
   eps = 0.039498 >= 0.0001
Iteration 50 (max 500)
   eps = 0.038744 >= 0.0001
Iteration 51 (max 500)
   eps = 0.038093 >= 0.0001
Iteration 52 (max 500)
   eps = 0.038096 >= 0.0001
Iteration 53 (max 500)
   eps = 0.037139 >= 0.0001
Iteration 54 (max 500)
   eps = 0.036449 >= 0.0001
Iteration 55 (max 500)
   eps = 0.035848 >= 0.0001
Iteration 56 (max 500)
   eps = 0.035335 >= 0.0001
Iteration 57 (max 500)
   eps = 0.034884 >= 0.0001
Iteration 58 (max 500)
   eps = 0.034272 >= 0.0001
Iteration 59 (max 500)
   eps = 0.033654 >= 0.0001
Iteration 60 (max 500)
   eps = 0.033046 >= 0.0001
Iteration 61 (max 500)
   eps = 0.032482 >= 0.0001
Iteration 62 (max 500)
   eps = 0.031911 >= 0.0001
Iteration 63 (max 500)
   eps = 0.03136 >= 0.0001
Iteration 64 (max 500)
   eps = 0.030813 >= 0.0001
Iteration 65 (max 500)
   eps = 0.030266 >= 0.0001
Iteration 66 (max 500)
   eps = 0.029766 >= 0.0001
Iteration 67 (max 500)
   eps = 0.029286 >= 0.0001
Iteration 68 (max 500)
   eps = 0.028837 >= 0.0001
Iteration 69 (max 500)
   eps = 0.028432 >= 0.0001
Iteration 70 (max 500)
   eps = 0.027981 >= 0.0001
Iteration 71 (max 500)
   eps = 0.027556 >= 0.0001
Iteration 72 (max 500)
   eps = 0.027151 >= 0.0001
Iteration 73 (max 500)
   eps = 0.026693 >= 0.0001
Iteration 74 (max 500)
   eps = 0.026254 >= 0.0001
Iteration 75 (max 500)
   eps = 0.025815 >= 0.0001
Iteration 76 (max 500)
   eps = 0.025375 >= 0.0001
Iteration 77 (max 500)
   eps = 0.024957 >= 0.0001
Iteration 78 (max 500)
   eps = 0.0245 >= 0.0001
Iteration 79 (max 500)
   eps = 0.024063 >= 0.0001
Iteration 80 (max 500)
   eps = 0.023634 >= 0.0001
Iteration 81 (max 500)
   eps = 0.023221 >= 0.0001
Iteration 82 (max 500)
   eps = 0.022852 >= 0.0001
Iteration 83 (max 500)
   eps = 0.022451 >= 0.0001
Iteration 84 (max 500)
   eps = 0.022101 >= 0.0001
Iteration 85 (max 500)
   eps = 0.021722 >= 0.0001
Iteration 86 (max 500)
   eps = 0.021346 >= 0.0001
Iteration 87 (max 500)
   eps = 0.02098 >= 0.0001
Iteration 88 (max 500)
   eps = 0.020594 >= 0.0001
Iteration 89 (max 500)
   eps = 0.020234 >= 0.0001
Iteration 90 (max 500)
   eps = 0.019902 >= 0.0001
Iteration 91 (max 500)
   eps = 0.019552 >= 0.0001
Iteration 92 (max 500)
   eps = 0.019229 >= 0.0001
Iteration 93 (max 500)
   eps = 0.018879 >= 0.0001
Iteration 94 (max 500)
   eps = 0.018589 >= 0.0001
Iteration 95 (max 500)
   eps = 0.018273 >= 0.0001
Iteration 96 (max 500)
   eps = 0.017956 >= 0.0001
Iteration 97 (max 500)
   eps = 0.017654 >= 0.0001
Iteration 98 (max 500)
   eps = 0.01739 >= 0.0001
Iteration 99 (max 500)
   eps = 0.01711 >= 0.0001
Iteration 100 (max 500)
   eps = 0.016828 >= 0.0001
Iteration 101 (max 500)
   eps = 0.01656 >= 0.0001
Iteration 102 (max 500)
   eps = 0.016275 >= 0.0001
Iteration 103 (max 500)
   eps = 0.015997 >= 0.0001
Iteration 104 (max 500)
   eps = 0.015756 >= 0.0001
Iteration 105 (max 500)
   eps = 0.015534 >= 0.0001
Iteration 106 (max 500)
   eps = 0.015289 >= 0.0001
Iteration 107 (max 500)
   eps = 0.015069 >= 0.0001
Iteration 108 (max 500)
   eps = 0.014843 >= 0.0001
Iteration 109 (max 500)
   eps = 0.014572 >= 0.0001
Iteration 110 (max 500)
   eps = 0.01433 >= 0.0001
Iteration 111 (max 500)
   eps = 0.014092 >= 0.0001
Iteration 112 (max 500)
   eps = 0.013878 >= 0.0001
Iteration 113 (max 500)
   eps = 0.013652 >= 0.0001
Iteration 114 (max 500)
   eps = 0.01346 >= 0.0001
Iteration 115 (max 500)
   eps = 0.013255 >= 0.0001
Iteration 116 (max 500)
   eps = 0.013055 >= 0.0001
Iteration 117 (max 500)
   eps = 0.012807 >= 0.0001
Iteration 118 (max 500)
   eps = 0.012591 >= 0.0001
Iteration 119 (max 500)
   eps = 0.012392 >= 0.0001
Iteration 120 (max 500)
   eps = 0.012218 >= 0.0001
Iteration 121 (max 500)
   eps = 0.012036 >= 0.0001
Iteration 122 (max 500)
   eps = 0.011833 >= 0.0001
Iteration 123 (max 500)
   eps = 0.011634 >= 0.0001
Iteration 124 (max 500)
   eps = 0.011425 >= 0.0001
Iteration 125 (max 500)
   eps = 0.011222 >= 0.0001
Iteration 126 (max 500)
   eps = 0.01106 >= 0.0001
Iteration 127 (max 500)
   eps = 0.010881 >= 0.0001
Iteration 128 (max 500)
   eps = 0.010708 >= 0.0001
Iteration 129 (max 500)
   eps = 0.010547 >= 0.0001
Iteration 130 (max 500)
   eps = 0.010402 >= 0.0001
Iteration 131 (max 500)
   eps = 0.010245 >= 0.0001
Iteration 132 (max 500)
   eps = 0.010083 >= 0.0001
Iteration 133 (max 500)
   eps = 0.009923 >= 0.0001
Iteration 134 (max 500)
   eps = 0.00978 >= 0.0001
Iteration 135 (max 500)
   eps = 0.00964 >= 0.0001
Iteration 136 (max 500)
   eps = 0.009518 >= 0.0001
Iteration 137 (max 500)
   eps = 0.009356 >= 0.0001
Iteration 138 (max 500)
   eps = 0.009173 >= 0.0001
Iteration 139 (max 500)
   eps = 0.009001 >= 0.0001
Iteration 140 (max 500)
   eps = 0.008843 >= 0.0001
Iteration 141 (max 500)
   eps = 0.008698 >= 0.0001
Iteration 142 (max 500)
   eps = 0.008563 >= 0.0001
Iteration 143 (max 500)
   eps = 0.008421 >= 0.0001
Iteration 144 (max 500)
   eps = 0.0083 >= 0.0001
Iteration 145 (max 500)
   eps = 0.008162 >= 0.0001
Iteration 146 (max 500)
   eps = 0.00801 >= 0.0001
Iteration 147 (max 500)
   eps = 0.007891 >= 0.0001
Iteration 148 (max 500)
   eps = 0.007775 >= 0.0001
Iteration 149 (max 500)
   eps = 0.00766 >= 0.0001
Iteration 150 (max 500)
   eps = 0.007522 >= 0.0001
Iteration 151 (max 500)
   eps = 0.007388 >= 0.0001
Iteration 152 (max 500)
   eps = 0.00726 >= 0.0001
Iteration 153 (max 500)
   eps = 0.007152 >= 0.0001
Iteration 154 (max 500)
   eps = 0.007034 >= 0.0001
Iteration 155 (max 500)
   eps = 0.006918 >= 0.0001
Iteration 156 (max 500)
   eps = 0.006796 >= 0.0001
Iteration 157 (max 500)
   eps = 0.006668 >= 0.0001
Iteration 158 (max 500)
   eps = 0.006548 >= 0.0001
Iteration 159 (max 500)
   eps = 0.006426 >= 0.0001
Iteration 160 (max 500)
   eps = 0.006311 >= 0.0001
Iteration 161 (max 500)
   eps = 0.006211 >= 0.0001
Iteration 162 (max 500)
   eps = 0.006114 >= 0.0001
Iteration 163 (max 500)
   eps = 0.006032 >= 0.0001
Iteration 164 (max 500)
   eps = 0.005958 >= 0.0001
Iteration 165 (max 500)
   eps = 0.005878 >= 0.0001
Iteration 166 (max 500)
   eps = 0.005795 >= 0.0001
Iteration 167 (max 500)
   eps = 0.005707 >= 0.0001
Iteration 168 (max 500)
   eps = 0.005609 >= 0.0001
Iteration 169 (max 500)
   eps = 0.005506 >= 0.0001
Iteration 170 (max 500)
   eps = 0.005404 >= 0.0001
Iteration 171 (max 500)
   eps = 0.005329 >= 0.0001
Iteration 172 (max 500)
   eps = 0.005232 >= 0.0001
Iteration 173 (max 500)
   eps = 0.005127 >= 0.0001
Iteration 174 (max 500)
   eps = 0.00503 >= 0.0001
Iteration 175 (max 500)
   eps = 0.004944 >= 0.0001
Iteration 176 (max 500)
   eps = 0.00486 >= 0.0001
Iteration 177 (max 500)
   eps = 0.004783 >= 0.0001
Iteration 178 (max 500)
   eps = 0.004708 >= 0.0001
Iteration 179 (max 500)
   eps = 0.004621 >= 0.0001
Iteration 180 (max 500)
   eps = 0.00454 >= 0.0001
Iteration 181 (max 500)
   eps = 0.00447 >= 0.0001
Iteration 182 (max 500)
   eps = 0.004398 >= 0.0001
Iteration 183 (max 500)
   eps = 0.00433 >= 0.0001
Iteration 184 (max 500)
   eps = 0.004261 >= 0.0001
Iteration 185 (max 500)
   eps = 0.00419 >= 0.0001
Iteration 186 (max 500)
   eps = 0.004114 >= 0.0001
Iteration 187 (max 500)
   eps = 0.004047 >= 0.0001
Iteration 188 (max 500)
   eps = 0.003984 >= 0.0001
Iteration 189 (max 500)
   eps = 0.003924 >= 0.0001
Iteration 190 (max 500)
   eps = 0.003862 >= 0.0001
Iteration 191 (max 500)
   eps = 0.003796 >= 0.0001
Iteration 192 (max 500)
   eps = 0.003732 >= 0.0001
Iteration 193 (max 500)
   eps = 0.003667 >= 0.0001
Iteration 194 (max 500)
   eps = 0.003612 >= 0.0001
Iteration 195 (max 500)
   eps = 0.003554 >= 0.0001
Iteration 196 (max 500)
   eps = 0.003499 >= 0.0001
Iteration 197 (max 500)
   eps = 0.003443 >= 0.0001
Iteration 198 (max 500)
   eps = 0.003384 >= 0.0001
Iteration 199 (max 500)
   eps = 0.003328 >= 0.0001
Iteration 200 (max 500)
   eps = 0.003276 >= 0.0001
Iteration 201 (max 500)
   eps = 0.003223 >= 0.0001
Iteration 202 (max 500)
   eps = 0.003168 >= 0.0001
Iteration 203 (max 500)
   eps = 0.003116 >= 0.0001
Iteration 204 (max 500)
   eps = 0.003065 >= 0.0001
Iteration 205 (max 500)
   eps = 0.003013 >= 0.0001
Iteration 206 (max 500)
   eps = 0.002966 >= 0.0001
Iteration 207 (max 500)
   eps = 0.002915 >= 0.0001
Iteration 208 (max 500)
   eps = 0.002865 >= 0.0001
Iteration 209 (max 500)
   eps = 0.002819 >= 0.0001
Iteration 210 (max 500)
   eps = 0.00277 >= 0.0001
Iteration 211 (max 500)
   eps = 0.002716 >= 0.0001
Iteration 212 (max 500)
   eps = 0.002665 >= 0.0001
Iteration 213 (max 500)
   eps = 0.002617 >= 0.0001
Iteration 214 (max 500)
   eps = 0.002575 >= 0.0001
Iteration 215 (max 500)
   eps = 0.002535 >= 0.0001
Iteration 216 (max 500)
   eps = 0.002494 >= 0.0001
Iteration 217 (max 500)
   eps = 0.002453 >= 0.0001
Iteration 218 (max 500)
   eps = 0.00241 >= 0.0001
Iteration 219 (max 500)
   eps = 0.002369 >= 0.0001
Iteration 220 (max 500)
   eps = 0.002333 >= 0.0001
Iteration 221 (max 500)
   eps = 0.002297 >= 0.0001
Iteration 222 (max 500)
   eps = 0.002259 >= 0.0001
Iteration 223 (max 500)
   eps = 0.002223 >= 0.0001
Iteration 224 (max 500)
   eps = 0.002184 >= 0.0001
Iteration 225 (max 500)
   eps = 0.002146 >= 0.0001
Iteration 226 (max 500)
   eps = 0.002108 >= 0.0001
Iteration 227 (max 500)
   eps = 0.002072 >= 0.0001
Iteration 228 (max 500)
   eps = 0.002038 >= 0.0001
Iteration 229 (max 500)
   eps = 0.002001 >= 0.0001
Iteration 230 (max 500)
   eps = 0.001966 >= 0.0001
Iteration 231 (max 500)
   eps = 0.001934 >= 0.0001
Iteration 232 (max 500)
   eps = 0.001904 >= 0.0001
Iteration 233 (max 500)
   eps = 0.001872 >= 0.0001
Iteration 234 (max 500)
   eps = 0.001842 >= 0.0001
Iteration 235 (max 500)
   eps = 0.001816 >= 0.0001
Iteration 236 (max 500)
   eps = 0.001782 >= 0.0001
Iteration 237 (max 500)
   eps = 0.001752 >= 0.0001
Iteration 238 (max 500)
   eps = 0.001719 >= 0.0001
Iteration 239 (max 500)
   eps = 0.001685 >= 0.0001
Iteration 240 (max 500)
   eps = 0.001654 >= 0.0001
Iteration 241 (max 500)
   eps = 0.001626 >= 0.0001
Iteration 242 (max 500)
   eps = 0.001597 >= 0.0001
Iteration 243 (max 500)
   eps = 0.001571 >= 0.0001
Iteration 244 (max 500)
   eps = 0.001545 >= 0.0001
Iteration 245 (max 500)
   eps = 0.00152 >= 0.0001
Iteration 246 (max 500)
   eps = 0.001496 >= 0.0001
Iteration 247 (max 500)
   eps = 0.001472 >= 0.0001
Iteration 248 (max 500)
   eps = 0.00145 >= 0.0001
Iteration 249 (max 500)
   eps = 0.001423 >= 0.0001
Iteration 250 (max 500)
   eps = 0.001397 >= 0.0001
Iteration 251 (max 500)
   eps = 0.001374 >= 0.0001
Iteration 252 (max 500)
   eps = 0.001351 >= 0.0001
Iteration 253 (max 500)
   eps = 0.001328 >= 0.0001
Iteration 254 (max 500)
   eps = 0.001305 >= 0.0001
Iteration 255 (max 500)
   eps = 0.001281 >= 0.0001
Iteration 256 (max 500)
   eps = 0.00126 >= 0.0001
Iteration 257 (max 500)
   eps = 0.001239 >= 0.0001
Iteration 258 (max 500)
   eps = 0.001218 >= 0.0001
Iteration 259 (max 500)
   eps = 0.001197 >= 0.0001
Iteration 260 (max 500)
   eps = 0.001178 >= 0.0001
Iteration 261 (max 500)
   eps = 0.00116 >= 0.0001
Iteration 262 (max 500)
   eps = 0.001139 >= 0.0001
Iteration 263 (max 500)
   eps = 0.00112 >= 0.0001
Iteration 264 (max 500)
   eps = 0.0011 >= 0.0001
Iteration 265 (max 500)
   eps = 0.00108 >= 0.0001
Iteration 266 (max 500)
   eps = 0.001061 >= 0.0001
Iteration 267 (max 500)
   eps = 0.001043 >= 0.0001
Iteration 268 (max 500)
   eps = 0.001025 >= 0.0001
Iteration 269 (max 500)
   eps = 0.001005 >= 0.0001
Iteration 270 (max 500)
   eps = 0.000987 >= 0.0001
Iteration 271 (max 500)
   eps = 0.000971 >= 0.0001
Iteration 272 (max 500)
   eps = 0.000953 >= 0.0001
Iteration 273 (max 500)
   eps = 0.000937 >= 0.0001
Iteration 274 (max 500)
   eps = 0.000921 >= 0.0001
Iteration 275 (max 500)
   eps = 0.000905 >= 0.0001
Iteration 276 (max 500)
   eps = 0.00089 >= 0.0001
Iteration 277 (max 500)
   eps = 0.000875 >= 0.0001
Iteration 278 (max 500)
   eps = 0.000858 >= 0.0001
Iteration 279 (max 500)
   eps = 0.000841 >= 0.0001
Iteration 280 (max 500)
   eps = 0.000825 >= 0.0001
Iteration 281 (max 500)
   eps = 0.00081 >= 0.0001
Iteration 282 (max 500)
   eps = 0.000798 >= 0.0001
Iteration 283 (max 500)
   eps = 0.000785 >= 0.0001
Iteration 284 (max 500)
   eps = 0.000771 >= 0.0001
Iteration 285 (max 500)
   eps = 0.000758 >= 0.0001
Iteration 286 (max 500)
   eps = 0.000745 >= 0.0001
Iteration 287 (max 500)
   eps = 0.000733 >= 0.0001
Iteration 288 (max 500)
   eps = 0.00072 >= 0.0001
Iteration 289 (max 500)
   eps = 0.000709 >= 0.0001
Iteration 290 (max 500)
   eps = 0.000698 >= 0.0001
Iteration 291 (max 500)
   eps = 0.000685 >= 0.0001
Iteration 292 (max 500)
   eps = 0.000671 >= 0.0001
Iteration 293 (max 500)
   eps = 0.000658 >= 0.0001
Iteration 294 (max 500)
   eps = 0.000645 >= 0.0001
Iteration 295 (max 500)
   eps = 0.000634 >= 0.0001
Iteration 296 (max 500)
   eps = 0.000622 >= 0.0001
Iteration 297 (max 500)
   eps = 0.00061 >= 0.0001
Iteration 298 (max 500)
   eps = 0.0006 >= 0.0001
Iteration 299 (max 500)
   eps = 0.000588 >= 0.0001
Iteration 300 (max 500)
   eps = 0.000578 >= 0.0001
Iteration 301 (max 500)
   eps = 0.000568 >= 0.0001
Iteration 302 (max 500)
   eps = 0.000559 >= 0.0001
Iteration 303 (max 500)
   eps = 0.000549 >= 0.0001
Iteration 304 (max 500)
   eps = 0.000539 >= 0.0001
Iteration 305 (max 500)
   eps = 0.00053 >= 0.0001
Iteration 306 (max 500)
   eps = 0.000522 >= 0.0001
Iteration 307 (max 500)
   eps = 0.000513 >= 0.0001
Iteration 308 (max 500)
   eps = 0.000505 >= 0.0001
Iteration 309 (max 500)
   eps = 0.000496 >= 0.0001
Iteration 310 (max 500)
   eps = 0.000487 >= 0.0001
Iteration 311 (max 500)
   eps = 0.000478 >= 0.0001
Iteration 312 (max 500)
   eps = 0.000471 >= 0.0001
Iteration 313 (max 500)
   eps = 0.000462 >= 0.0001
Iteration 314 (max 500)
   eps = 0.000454 >= 0.0001
Iteration 315 (max 500)
   eps = 0.000445 >= 0.0001
Iteration 316 (max 500)
   eps = 0.000437 >= 0.0001
Iteration 317 (max 500)
   eps = 0.000429 >= 0.0001
Iteration 318 (max 500)
   eps = 0.000421 >= 0.0001
Iteration 319 (max 500)
   eps = 0.000415 >= 0.0001
Iteration 320 (max 500)
   eps = 0.000408 >= 0.0001
Iteration 321 (max 500)
   eps = 0.000402 >= 0.0001
Iteration 322 (max 500)
   eps = 0.000395 >= 0.0001
Iteration 323 (max 500)
   eps = 0.000387 >= 0.0001
Iteration 324 (max 500)
   eps = 0.000382 >= 0.0001
Iteration 325 (max 500)
   eps = 0.000375 >= 0.0001
Iteration 326 (max 500)
   eps = 0.000368 >= 0.0001
Iteration 327 (max 500)
   eps = 0.000361 >= 0.0001
Iteration 328 (max 500)
   eps = 0.000354 >= 0.0001
Iteration 329 (max 500)
   eps = 0.000346 >= 0.0001
Iteration 330 (max 500)
   eps = 0.00034 >= 0.0001
Iteration 331 (max 500)
   eps = 0.000335 >= 0.0001
Iteration 332 (max 500)
   eps = 0.000329 >= 0.0001
Iteration 333 (max 500)
   eps = 0.000322 >= 0.0001
Iteration 334 (max 500)
   eps = 0.000317 >= 0.0001
Iteration 335 (max 500)
   eps = 0.000311 >= 0.0001
Iteration 336 (max 500)
   eps = 0.000306 >= 0.0001
Iteration 337 (max 500)
   eps = 0.000301 >= 0.0001
Iteration 338 (max 500)
   eps = 0.000297 >= 0.0001
Iteration 339 (max 500)
   eps = 0.000292 >= 0.0001
Iteration 340 (max 500)
   eps = 0.000288 >= 0.0001
Iteration 341 (max 500)
   eps = 0.000283 >= 0.0001
Iteration 342 (max 500)
   eps = 0.000278 >= 0.0001
Iteration 343 (max 500)
   eps = 0.000273 >= 0.0001
Iteration 344 (max 500)
   eps = 0.000268 >= 0.0001
Iteration 345 (max 500)
   eps = 0.000263 >= 0.0001
Iteration 346 (max 500)
   eps = 0.000258 >= 0.0001
Iteration 347 (max 500)
   eps = 0.000253 >= 0.0001
Iteration 348 (max 500)
   eps = 0.000249 >= 0.0001
Iteration 349 (max 500)
   eps = 0.000244 >= 0.0001
Iteration 350 (max 500)
   eps = 0.000241 >= 0.0001
Iteration 351 (max 500)
   eps = 0.000236 >= 0.0001
Iteration 352 (max 500)
   eps = 0.000231 >= 0.0001
Iteration 353 (max 500)
   eps = 0.000227 >= 0.0001
Iteration 354 (max 500)
   eps = 0.000223 >= 0.0001
Iteration 355 (max 500)
   eps = 0.00022 >= 0.0001
Iteration 356 (max 500)
   eps = 0.000216 >= 0.0001
Iteration 357 (max 500)
   eps = 0.000212 >= 0.0001
Iteration 358 (max 500)
   eps = 0.000208 >= 0.0001
Iteration 359 (max 500)
   eps = 0.000204 >= 0.0001
Iteration 360 (max 500)
   eps = 0.000201 >= 0.0001
Iteration 361 (max 500)
   eps = 0.000198 >= 0.0001
Iteration 362 (max 500)
   eps = 0.000193 >= 0.0001
Iteration 363 (max 500)
   eps = 0.00019 >= 0.0001
Iteration 364 (max 500)
   eps = 0.000187 >= 0.0001
Iteration 365 (max 500)
   eps = 0.000183 >= 0.0001
Iteration 366 (max 500)
   eps = 0.00018 >= 0.0001
Iteration 367 (max 500)
   eps = 0.000177 >= 0.0001
Iteration 368 (max 500)
   eps = 0.000174 >= 0.0001
Iteration 369 (max 500)
   eps = 0.000171 >= 0.0001
Iteration 370 (max 500)
   eps = 0.000168 >= 0.0001
Iteration 371 (max 500)
   eps = 0.000164 >= 0.0001
Iteration 372 (max 500)
   eps = 0.000161 >= 0.0001
Iteration 373 (max 500)
   eps = 0.000158 >= 0.0001
Iteration 374 (max 500)
   eps = 0.000155 >= 0.0001
Iteration 375 (max 500)
   eps = 0.000153 >= 0.0001
Iteration 376 (max 500)
   eps = 0.00015 >= 0.0001
Iteration 377 (max 500)
   eps = 0.000147 >= 0.0001
Iteration 378 (max 500)
   eps = 0.000145 >= 0.0001
Iteration 379 (max 500)
   eps = 0.000143 >= 0.0001
Iteration 380 (max 500)
   eps = 0.00014 >= 0.0001
Iteration 381 (max 500)
   eps = 0.000137 >= 0.0001
Iteration 382 (max 500)
   eps = 0.000135 >= 0.0001
Iteration 383 (max 500)
   eps = 0.000133 >= 0.0001
Iteration 384 (max 500)
   eps = 0.000131 >= 0.0001
Iteration 385 (max 500)
   eps = 0.000128 >= 0.0001
Iteration 386 (max 500)
   eps = 0.000126 >= 0.0001
Iteration 387 (max 500)
   eps = 0.000123 >= 0.0001
Iteration 388 (max 500)
   eps = 0.000121 >= 0.0001
Iteration 389 (max 500)
   eps = 0.000119 >= 0.0001
Iteration 390 (max 500)
   eps = 0.000118 >= 0.0001
Iteration 391 (max 500)
   eps = 0.000116 >= 0.0001
Iteration 392 (max 500)
   eps = 0.000113 >= 0.0001
Iteration 393 (max 500)
   eps = 0.000112 >= 0.0001
Iteration 394 (max 500)
   eps = 0.00011 >= 0.0001
Iteration 395 (max 500)
   eps = 0.000108 >= 0.0001
Iteration 396 (max 500)
   eps = 0.000106 >= 0.0001
Iteration 397 (max 500)
   eps = 0.000104 >= 0.0001
Iteration 398 (max 500)
   eps = 0.000102 >= 0.0001
Iteration 399 (max 500)
   eps = 0.0001 >= 0.0001
Iteration 400 (max 500)
Time spent by the wind speed solver: 63.48640060424805 s
Rotates geometries from -45.0 degrees
Interp succeeded!!! for tmp_file
Interp succeeded!!! for tmp_file
Interp succeeded!!! for tmp_file
Interp succeeded!!! for tmp_file
Interp succeeded!!! for tmp_file
Interp succeeded!!! for tmp_file
Process 3978171: Successfully ran URock for tile output 'wind_field_raw_tile_7'.
Process 3978171: Elapsed time for URock ('wind_field_raw_tile_7'): 260.06 seconds.
[Master] Process 3978171 - Tile 7: Finished processing.
[Master] 3978171: exit signal
Info: Debuffered '/storage/project/r-rbasu31-0/hyu483/Test_UMEP/UROCK_output_34_spawn/temp_intermediate_files/tile_7_urock_raw_outputs/z1_5/wind_field_raw_tile_7WS.tif' to '/storage/project/r-rbasu31-0/hyu483/Test_UMEP/UROCK_output_34_spawn/urock_tiled_output/urock_wind_field_tile_7WS.tif' (original extent: (233882.59099838723, 902632.4833440109, 234182.59099838723, 902792.4786978494)).
Connecting to database
	->/tmp/URock_2025-12-21T173306a3f487e3-6cee-4709-bced-9d4167298eeb/myDbH2
/storage/home/hcoda1/4/hyu483/qgis_332/profiles/default/python/plugins/processing_umep/functions/URock/h2gis-standalone/h2gis-dist-2.2.3.jar
Connected!

Spatial functions added!

Load input data
Load table 'build_pre_srid_20251221173314'
Load table 'veg_pre_srid_20251221173314'
Creates blocks and stacked blocks
Rotates geometries from 45.0 degrees
Identify block base height and block cavity base
Calculates obstacle properties
Calculates zone properties
Initializes upwind facades
Update upwind facades base height
Initializes downwind facades
Calculates study area properties
Roughness zone properties are:

                                 - z0: 2.7335719897942288
                                 - d: 12.75710069783646
                                 - Hr: 18.223813265294858
                                 - H_ob_max: 47
                                 - lambda_f: 0.15006763711128648
Rotates geometries from -45.0 degrees
Rotates geometries from -45.0 degrees
Rotates geometries from -45.0 degrees
Creates displacement zones
Rotates geometries from -45.0 degrees
Rotates geometries from -45.0 degrees
Creates cavity and wake zones
Rotates geometries from -45.0 degrees
Rotates geometries from -45.0 degrees
Creates street canyon zones
Rotates geometries from -45.0 degrees
Creates rooftop zones (perpendicular and corner)
Rotates geometries from -45.0 degrees
Rotates geometries from -45.0 degrees
Creates built-up and open vegetation zones
Rotates geometries from -45.0 degrees
Rotates geometries from -45.0 degrees
Identify the buildings concerned by the impacted zone chosen by the user
Creates the grid of points
Affects each grid point to a building Rockle zone and calculates needed 
          variables for 3D wind speed
Affects each grid point to a vegetation Rockle zone and calculates 
          needed variables for 3D wind speed
Remove some of the Röckle zone points
Creates backward zones
Calculates the 3D wind speed factor value for each point of each BUILDING zone
Rotates geometries from -45.0 degrees
Rotates geometries from -45.0 degrees
Rotates geometries from -45.0 degrees
Rotates geometries from -45.0 degrees
Rotates geometries from -45.0 degrees
Rotates geometries from -45.0 degrees
Rotates geometries from -45.0 degrees
Rotates geometries from -45.0 degrees
Rotates geometries from -45.0 degrees
Calculates the 3D wind speed factor value for each point of each VEGETATION zone
Rotates geometries from -45.0 degrees
Deals with superimposition (keeps only 1 value per 3D point)
Deals with superimposition (keeps only 1 value per 3D point)
Identify upstreamer points in TEMPO_WEIGHTING table
Identify upstreamer points in TEMPO_PRIORITIES table
Identify upstreamer points in TEMPO_PRIORITIES_WEIGHT table
Deals with superimposition (keeps only 1 value per 3D point)
Identify upstreamer points in TEMPO_WEIGHTING table
Identify upstreamer points in TEMPO_PRIORITIES table
Identify upstreamer points in TEMPO_PRIORITIES_WEIGHT table
Rotates geometries from -45.0 degrees
Identify grid points intersecting buildings
Set the initial 3D wind speed field
Time spent for wind speed initialization: 148.8481147289276 s
Shape: (250, 303, 33) - Nb cells: 2499750
Start to apply the wind solver
Iteration 1 (max 500)
   eps = 0.703206 >= 0.0001
Iteration 2 (max 500)
   eps = 0.437449 >= 0.0001
Iteration 3 (max 500)
   eps = 0.331875 >= 0.0001
Iteration 4 (max 500)
   eps = 0.26887 >= 0.0001
Iteration 5 (max 500)
   eps = 0.224853 >= 0.0001
Iteration 6 (max 500)
   eps = 0.192808 >= 0.0001
Iteration 7 (max 500)
   eps = 0.169408 >= 0.0001
Iteration 8 (max 500)
   eps = 0.151287 >= 0.0001
Iteration 9 (max 500)
   eps = 0.136651 >= 0.0001
Iteration 10 (max 500)
   eps = 0.124157 >= 0.0001
Iteration 11 (max 500)
   eps = 0.112714 >= 0.0001
Iteration 12 (max 500)
   eps = 0.102133 >= 0.0001
Iteration 13 (max 500)
   eps = 0.092628 >= 0.0001
Iteration 14 (max 500)
   eps = 0.084283 >= 0.0001
Iteration 15 (max 500)
   eps = 0.077108 >= 0.0001
Iteration 16 (max 500)
   eps = 0.070537 >= 0.0001
Iteration 17 (max 500)
   eps = 0.065193 >= 0.0001
Iteration 18 (max 500)
   eps = 0.06085 >= 0.0001
Iteration 19 (max 500)
   eps = 0.057127 >= 0.0001
Iteration 20 (max 500)
   eps = 0.053973 >= 0.0001
Iteration 21 (max 500)
   eps = 0.051528 >= 0.0001
Iteration 22 (max 500)
   eps = 0.04916 >= 0.0001
Iteration 23 (max 500)
   eps = 0.046963 >= 0.0001
Iteration 24 (max 500)
   eps = 0.045149 >= 0.0001
Iteration 25 (max 500)
   eps = 0.043388 >= 0.0001
Iteration 26 (max 500)
   eps = 0.041817 >= 0.0001
Iteration 27 (max 500)
   eps = 0.040385 >= 0.0001
Iteration 28 (max 500)
   eps = 0.039001 >= 0.0001
Iteration 29 (max 500)
   eps = 0.03775 >= 0.0001
Iteration 30 (max 500)
   eps = 0.036581 >= 0.0001
Iteration 31 (max 500)
   eps = 0.037052 >= 0.0001
Iteration 32 (max 500)
   eps = 0.036631 >= 0.0001
Iteration 33 (max 500)
   eps = 0.034757 >= 0.0001
Iteration 34 (max 500)
   eps = 0.033414 >= 0.0001
Iteration 35 (max 500)
   eps = 0.032745 >= 0.0001
Iteration 36 (max 500)
   eps = 0.03202 >= 0.0001
Iteration 37 (max 500)
   eps = 0.031376 >= 0.0001
Iteration 38 (max 500)
   eps = 0.030775 >= 0.0001
Iteration 39 (max 500)
   eps = 0.030263 >= 0.0001
Iteration 40 (max 500)
   eps = 0.02973 >= 0.0001
Iteration 41 (max 500)
   eps = 0.02926 >= 0.0001
Iteration 42 (max 500)
   eps = 0.02886 >= 0.0001
Iteration 43 (max 500)
   eps = 0.028515 >= 0.0001
Iteration 44 (max 500)
   eps = 0.028091 >= 0.0001
Iteration 45 (max 500)
   eps = 0.027691 >= 0.0001
Iteration 46 (max 500)
   eps = 0.027304 >= 0.0001
Iteration 47 (max 500)
   eps = 0.026898 >= 0.0001
Iteration 48 (max 500)
   eps = 0.026513 >= 0.0001
Iteration 49 (max 500)
   eps = 0.026161 >= 0.0001
Iteration 50 (max 500)
   eps = 0.025781 >= 0.0001
Iteration 51 (max 500)
   eps = 0.025362 >= 0.0001
Iteration 52 (max 500)
   eps = 0.024947 >= 0.0001
Iteration 53 (max 500)
   eps = 0.024541 >= 0.0001
Iteration 54 (max 500)
   eps = 0.024018 >= 0.0001
Iteration 55 (max 500)
   eps = 0.02356 >= 0.0001
Iteration 56 (max 500)
   eps = 0.023118 >= 0.0001
Iteration 57 (max 500)
   eps = 0.022722 >= 0.0001
Iteration 58 (max 500)
   eps = 0.022363 >= 0.0001
Iteration 59 (max 500)
   eps = 0.021963 >= 0.0001
Iteration 60 (max 500)
   eps = 0.021566 >= 0.0001
Iteration 61 (max 500)
   eps = 0.02118 >= 0.0001
Iteration 62 (max 500)
   eps = 0.020873 >= 0.0001
Iteration 63 (max 500)
   eps = 0.020535 >= 0.0001
Iteration 64 (max 500)
   eps = 0.020251 >= 0.0001
Iteration 65 (max 500)
   eps = 0.019982 >= 0.0001
Iteration 66 (max 500)
   eps = 0.019746 >= 0.0001
Iteration 67 (max 500)
   eps = 0.019512 >= 0.0001
Iteration 68 (max 500)
   eps = 0.019277 >= 0.0001
Iteration 69 (max 500)
   eps = 0.019065 >= 0.0001
Iteration 70 (max 500)
   eps = 0.01885 >= 0.0001
Iteration 71 (max 500)
   eps = 0.018613 >= 0.0001
Iteration 72 (max 500)
   eps = 0.018329 >= 0.0001
Iteration 73 (max 500)
   eps = 0.018046 >= 0.0001
Iteration 74 (max 500)
   eps = 0.017769 >= 0.0001
Iteration 75 (max 500)
   eps = 0.017477 >= 0.0001
Iteration 76 (max 500)
   eps = 0.0172 >= 0.0001
Iteration 77 (max 500)
   eps = 0.016929 >= 0.0001
Iteration 78 (max 500)
   eps = 0.016657 >= 0.0001
Iteration 79 (max 500)
   eps = 0.016365 >= 0.0001
Iteration 80 (max 500)
   eps = 0.016075 >= 0.0001
Iteration 81 (max 500)
   eps = 0.01577 >= 0.0001
Iteration 82 (max 500)
   eps = 0.01546 >= 0.0001
Iteration 83 (max 500)
   eps = 0.015162 >= 0.0001
Iteration 84 (max 500)
   eps = 0.014896 >= 0.0001
Iteration 85 (max 500)
   eps = 0.014684 >= 0.0001
Iteration 86 (max 500)
   eps = 0.01447 >= 0.0001
Iteration 87 (max 500)
   eps = 0.014301 >= 0.0001
Iteration 88 (max 500)
   eps = 0.014116 >= 0.0001
Iteration 89 (max 500)
   eps = 0.013923 >= 0.0001
Iteration 90 (max 500)
   eps = 0.013721 >= 0.0001
Iteration 91 (max 500)
   eps = 0.013457 >= 0.0001
Iteration 92 (max 500)
   eps = 0.013197 >= 0.0001
Iteration 93 (max 500)
   eps = 0.012973 >= 0.0001
Iteration 94 (max 500)
   eps = 0.012748 >= 0.0001
Iteration 95 (max 500)
   eps = 0.012519 >= 0.0001
Iteration 96 (max 500)
   eps = 0.012325 >= 0.0001
Iteration 97 (max 500)
   eps = 0.012134 >= 0.0001
Iteration 98 (max 500)
   eps = 0.011924 >= 0.0001
Iteration 99 (max 500)
   eps = 0.011726 >= 0.0001
Iteration 100 (max 500)
   eps = 0.011505 >= 0.0001
Iteration 101 (max 500)
   eps = 0.011309 >= 0.0001
Iteration 102 (max 500)
   eps = 0.011142 >= 0.0001
Iteration 103 (max 500)
   eps = 0.010959 >= 0.0001
Iteration 104 (max 500)
   eps = 0.010791 >= 0.0001
Iteration 105 (max 500)
   eps = 0.010653 >= 0.0001
Iteration 106 (max 500)
   eps = 0.010524 >= 0.0001
Iteration 107 (max 500)
   eps = 0.010364 >= 0.0001
Iteration 108 (max 500)
   eps = 0.010201 >= 0.0001
Iteration 109 (max 500)
   eps = 0.010018 >= 0.0001
Iteration 110 (max 500)
   eps = 0.009837 >= 0.0001
Iteration 111 (max 500)
   eps = 0.009651 >= 0.0001
Iteration 112 (max 500)
   eps = 0.009464 >= 0.0001
Iteration 113 (max 500)
   eps = 0.009291 >= 0.0001
Iteration 114 (max 500)
   eps = 0.009134 >= 0.0001
Iteration 115 (max 500)
   eps = 0.008981 >= 0.0001
Iteration 116 (max 500)
   eps = 0.0088 >= 0.0001
Iteration 117 (max 500)
   eps = 0.008602 >= 0.0001
Iteration 118 (max 500)
   eps = 0.008416 >= 0.0001
Iteration 119 (max 500)
   eps = 0.008251 >= 0.0001
Iteration 120 (max 500)
   eps = 0.008101 >= 0.0001
Iteration 121 (max 500)
   eps = 0.007967 >= 0.0001
Iteration 122 (max 500)
   eps = 0.007832 >= 0.0001
Iteration 123 (max 500)
   eps = 0.007705 >= 0.0001
Iteration 124 (max 500)
   eps = 0.007607 >= 0.0001
Iteration 125 (max 500)
   eps = 0.007492 >= 0.0001
Iteration 126 (max 500)
   eps = 0.007385 >= 0.0001
Iteration 127 (max 500)
   eps = 0.007273 >= 0.0001
Iteration 128 (max 500)
   eps = 0.007163 >= 0.0001
Iteration 129 (max 500)
   eps = 0.007043 >= 0.0001
Iteration 130 (max 500)
   eps = 0.006915 >= 0.0001
Iteration 131 (max 500)
   eps = 0.006804 >= 0.0001
Iteration 132 (max 500)
   eps = 0.00668 >= 0.0001
Iteration 133 (max 500)
   eps = 0.006571 >= 0.0001
Iteration 134 (max 500)
   eps = 0.006456 >= 0.0001
Iteration 135 (max 500)
   eps = 0.006362 >= 0.0001
Iteration 136 (max 500)
   eps = 0.006256 >= 0.0001
Iteration 137 (max 500)
   eps = 0.006159 >= 0.0001
Iteration 138 (max 500)
   eps = 0.006081 >= 0.0001
Iteration 139 (max 500)
   eps = 0.005991 >= 0.0001
Iteration 140 (max 500)
   eps = 0.005908 >= 0.0001
Iteration 141 (max 500)
   eps = 0.005809 >= 0.0001
Iteration 142 (max 500)
   eps = 0.005714 >= 0.0001
Iteration 143 (max 500)
   eps = 0.005608 >= 0.0001
Iteration 144 (max 500)
   eps = 0.005524 >= 0.0001
Iteration 145 (max 500)
   eps = 0.00544 >= 0.0001
Iteration 146 (max 500)
   eps = 0.005346 >= 0.0001
Iteration 147 (max 500)
   eps = 0.005247 >= 0.0001
Iteration 148 (max 500)
   eps = 0.005173 >= 0.0001
Iteration 149 (max 500)
   eps = 0.005097 >= 0.0001
Iteration 150 (max 500)
   eps = 0.005007 >= 0.0001
Iteration 151 (max 500)
   eps = 0.004927 >= 0.0001
Iteration 152 (max 500)
   eps = 0.004844 >= 0.0001
Iteration 153 (max 500)
   eps = 0.004769 >= 0.0001
Iteration 154 (max 500)
   eps = 0.004687 >= 0.0001
Iteration 155 (max 500)
   eps = 0.004604 >= 0.0001
Iteration 156 (max 500)
   eps = 0.004543 >= 0.0001
Iteration 157 (max 500)
   eps = 0.004479 >= 0.0001
Iteration 158 (max 500)
   eps = 0.004403 >= 0.0001
Iteration 159 (max 500)
   eps = 0.004335 >= 0.0001
Iteration 160 (max 500)
   eps = 0.004267 >= 0.0001
Iteration 161 (max 500)
   eps = 0.004199 >= 0.0001
Iteration 162 (max 500)
   eps = 0.004121 >= 0.0001
Iteration 163 (max 500)
   eps = 0.004053 >= 0.0001
Iteration 164 (max 500)
   eps = 0.003985 >= 0.0001
Iteration 165 (max 500)
   eps = 0.003925 >= 0.0001
Iteration 166 (max 500)
   eps = 0.003857 >= 0.0001
Iteration 167 (max 500)
   eps = 0.003788 >= 0.0001
Iteration 168 (max 500)
   eps = 0.003717 >= 0.0001
Iteration 169 (max 500)
   eps = 0.00365 >= 0.0001
Iteration 170 (max 500)
   eps = 0.00359 >= 0.0001
Iteration 171 (max 500)
   eps = 0.003537 >= 0.0001
Iteration 172 (max 500)
   eps = 0.003486 >= 0.0001
Iteration 173 (max 500)
   eps = 0.003428 >= 0.0001
Iteration 174 (max 500)
   eps = 0.003373 >= 0.0001
Iteration 175 (max 500)
   eps = 0.003308 >= 0.0001
Iteration 176 (max 500)
   eps = 0.003242 >= 0.0001
Iteration 177 (max 500)
   eps = 0.00318 >= 0.0001
Iteration 178 (max 500)
   eps = 0.003132 >= 0.0001
Iteration 179 (max 500)
   eps = 0.003094 >= 0.0001
Iteration 180 (max 500)
   eps = 0.003049 >= 0.0001
Iteration 181 (max 500)
   eps = 0.002996 >= 0.0001
Iteration 182 (max 500)
   eps = 0.002945 >= 0.0001
Iteration 183 (max 500)
   eps = 0.002897 >= 0.0001
Iteration 184 (max 500)
   eps = 0.002851 >= 0.0001
Iteration 185 (max 500)
   eps = 0.002805 >= 0.0001
Iteration 186 (max 500)
   eps = 0.002762 >= 0.0001
Iteration 187 (max 500)
   eps = 0.00272 >= 0.0001
Iteration 188 (max 500)
   eps = 0.002675 >= 0.0001
Iteration 189 (max 500)
   eps = 0.002632 >= 0.0001
Iteration 190 (max 500)
   eps = 0.002587 >= 0.0001
Iteration 191 (max 500)
   eps = 0.002547 >= 0.0001
Iteration 192 (max 500)
   eps = 0.002503 >= 0.0001
Iteration 193 (max 500)
   eps = 0.002458 >= 0.0001
Iteration 194 (max 500)
   eps = 0.002412 >= 0.0001
Iteration 195 (max 500)
   eps = 0.002369 >= 0.0001
Iteration 196 (max 500)
   eps = 0.002331 >= 0.0001
Iteration 197 (max 500)
   eps = 0.00229 >= 0.0001
Iteration 198 (max 500)
   eps = 0.002252 >= 0.0001
Iteration 199 (max 500)
   eps = 0.002211 >= 0.0001
Iteration 200 (max 500)
   eps = 0.00217 >= 0.0001
Iteration 201 (max 500)
   eps = 0.002128 >= 0.0001
Iteration 202 (max 500)
   eps = 0.002087 >= 0.0001
Iteration 203 (max 500)
   eps = 0.00205 >= 0.0001
Iteration 204 (max 500)
   eps = 0.002013 >= 0.0001
Iteration 205 (max 500)
   eps = 0.001976 >= 0.0001
Iteration 206 (max 500)
   eps = 0.001942 >= 0.0001
Iteration 207 (max 500)
   eps = 0.00191 >= 0.0001
Iteration 208 (max 500)
   eps = 0.001879 >= 0.0001
Iteration 209 (max 500)
   eps = 0.001854 >= 0.0001
Iteration 210 (max 500)
   eps = 0.001835 >= 0.0001
Iteration 211 (max 500)
   eps = 0.001802 >= 0.0001
Iteration 212 (max 500)
   eps = 0.001766 >= 0.0001
Iteration 213 (max 500)
   eps = 0.001733 >= 0.0001
Iteration 214 (max 500)
   eps = 0.001702 >= 0.0001
Iteration 215 (max 500)
   eps = 0.001672 >= 0.0001
Iteration 216 (max 500)
   eps = 0.001641 >= 0.0001
Iteration 217 (max 500)
   eps = 0.001614 >= 0.0001
Iteration 218 (max 500)
   eps = 0.001585 >= 0.0001
Iteration 219 (max 500)
   eps = 0.001556 >= 0.0001
Iteration 220 (max 500)
   eps = 0.001528 >= 0.0001
Iteration 221 (max 500)
   eps = 0.001501 >= 0.0001
Iteration 222 (max 500)
   eps = 0.001476 >= 0.0001
Iteration 223 (max 500)
   eps = 0.001452 >= 0.0001
Iteration 224 (max 500)
   eps = 0.001429 >= 0.0001
Iteration 225 (max 500)
   eps = 0.001405 >= 0.0001
Iteration 226 (max 500)
   eps = 0.001381 >= 0.0001
Iteration 227 (max 500)
   eps = 0.001356 >= 0.0001
Iteration 228 (max 500)
   eps = 0.00133 >= 0.0001
Iteration 229 (max 500)
   eps = 0.001305 >= 0.0001
Iteration 230 (max 500)
   eps = 0.001282 >= 0.0001
Iteration 231 (max 500)
   eps = 0.001259 >= 0.0001
Iteration 232 (max 500)
   eps = 0.001237 >= 0.0001
Iteration 233 (max 500)
   eps = 0.001215 >= 0.0001
Iteration 234 (max 500)
   eps = 0.001194 >= 0.0001
Iteration 235 (max 500)
   eps = 0.001174 >= 0.0001
Iteration 236 (max 500)
   eps = 0.001153 >= 0.0001
Iteration 237 (max 500)
   eps = 0.001134 >= 0.0001
Iteration 238 (max 500)
   eps = 0.001114 >= 0.0001
Iteration 239 (max 500)
   eps = 0.001094 >= 0.0001
Iteration 240 (max 500)
   eps = 0.001072 >= 0.0001
Iteration 241 (max 500)
   eps = 0.001055 >= 0.0001
Iteration 242 (max 500)
   eps = 0.001038 >= 0.0001
Iteration 243 (max 500)
   eps = 0.00102 >= 0.0001
Iteration 244 (max 500)
   eps = 0.001002 >= 0.0001
Iteration 245 (max 500)
   eps = 0.000984 >= 0.0001
Iteration 246 (max 500)
   eps = 0.000966 >= 0.0001
Iteration 247 (max 500)
   eps = 0.000949 >= 0.0001
Iteration 248 (max 500)
   eps = 0.000934 >= 0.0001
Iteration 249 (max 500)
   eps = 0.000919 >= 0.0001
Iteration 250 (max 500)
   eps = 0.000903 >= 0.0001
Iteration 251 (max 500)
   eps = 0.000887 >= 0.0001
Iteration 252 (max 500)
   eps = 0.00087 >= 0.0001
Iteration 253 (max 500)
   eps = 0.000853 >= 0.0001
Iteration 254 (max 500)
   eps = 0.000839 >= 0.0001
Iteration 255 (max 500)
   eps = 0.000824 >= 0.0001
Iteration 256 (max 500)
   eps = 0.000809 >= 0.0001
Iteration 257 (max 500)
   eps = 0.000795 >= 0.0001
Iteration 258 (max 500)
   eps = 0.00078 >= 0.0001
Iteration 259 (max 500)
   eps = 0.000766 >= 0.0001
Iteration 260 (max 500)
   eps = 0.000753 >= 0.0001
Iteration 261 (max 500)
   eps = 0.00074 >= 0.0001
Iteration 262 (max 500)
   eps = 0.000725 >= 0.0001
Iteration 263 (max 500)
   eps = 0.000712 >= 0.0001
Iteration 264 (max 500)
   eps = 0.0007 >= 0.0001
Iteration 265 (max 500)
   eps = 0.000686 >= 0.0001
Iteration 266 (max 500)
   eps = 0.000673 >= 0.0001
Iteration 267 (max 500)
   eps = 0.00066 >= 0.0001
Iteration 268 (max 500)
   eps = 0.000647 >= 0.0001
Iteration 269 (max 500)
   eps = 0.000636 >= 0.0001
Iteration 270 (max 500)
   eps = 0.000624 >= 0.0001
Iteration 271 (max 500)
   eps = 0.000614 >= 0.0001
Iteration 272 (max 500)
   eps = 0.000604 >= 0.0001
Iteration 273 (max 500)
   eps = 0.000594 >= 0.0001
Iteration 274 (max 500)
   eps = 0.000584 >= 0.0001
Iteration 275 (max 500)
   eps = 0.000573 >= 0.0001
Iteration 276 (max 500)
   eps = 0.000562 >= 0.0001
Iteration 277 (max 500)
   eps = 0.00055 >= 0.0001
Iteration 278 (max 500)
   eps = 0.000541 >= 0.0001
Iteration 279 (max 500)
   eps = 0.000531 >= 0.0001
Iteration 280 (max 500)
   eps = 0.000522 >= 0.0001
Iteration 281 (max 500)
   eps = 0.000511 >= 0.0001
Iteration 282 (max 500)
   eps = 0.000501 >= 0.0001
Iteration 283 (max 500)
   eps = 0.000492 >= 0.0001
Iteration 284 (max 500)
   eps = 0.000482 >= 0.0001
Iteration 285 (max 500)
   eps = 0.000472 >= 0.0001
Iteration 286 (max 500)
   eps = 0.000462 >= 0.0001
Iteration 287 (max 500)
   eps = 0.000453 >= 0.0001
Iteration 288 (max 500)
   eps = 0.000444 >= 0.0001
Iteration 289 (max 500)
   eps = 0.000436 >= 0.0001
Iteration 290 (max 500)
   eps = 0.000426 >= 0.0001
Iteration 291 (max 500)
   eps = 0.000419 >= 0.0001
Iteration 292 (max 500)
   eps = 0.000411 >= 0.0001
Iteration 293 (max 500)
   eps = 0.000403 >= 0.0001
Iteration 294 (max 500)
   eps = 0.000395 >= 0.0001
Iteration 295 (max 500)
   eps = 0.000387 >= 0.0001
Iteration 296 (max 500)
   eps = 0.000381 >= 0.0001
Iteration 297 (max 500)
   eps = 0.000374 >= 0.0001
Iteration 298 (max 500)
   eps = 0.000367 >= 0.0001
Iteration 299 (max 500)
   eps = 0.000359 >= 0.0001
Iteration 300 (max 500)
   eps = 0.00035 >= 0.0001
Iteration 301 (max 500)
   eps = 0.000343 >= 0.0001
Iteration 302 (max 500)
   eps = 0.000336 >= 0.0001
Iteration 303 (max 500)
   eps = 0.000329 >= 0.0001
Iteration 304 (max 500)
   eps = 0.000324 >= 0.0001
Iteration 305 (max 500)
   eps = 0.000318 >= 0.0001
Iteration 306 (max 500)
   eps = 0.00031 >= 0.0001
Iteration 307 (max 500)
   eps = 0.000305 >= 0.0001
Iteration 308 (max 500)
   eps = 0.000298 >= 0.0001
Iteration 309 (max 500)
   eps = 0.000292 >= 0.0001
Iteration 310 (max 500)
   eps = 0.000285 >= 0.0001
Iteration 311 (max 500)
   eps = 0.00028 >= 0.0001
Iteration 312 (max 500)
   eps = 0.000275 >= 0.0001
Iteration 313 (max 500)
   eps = 0.00027 >= 0.0001
Iteration 314 (max 500)
   eps = 0.000266 >= 0.0001
Iteration 315 (max 500)
   eps = 0.000261 >= 0.0001
Iteration 316 (max 500)
   eps = 0.000257 >= 0.0001
Iteration 317 (max 500)
   eps = 0.000253 >= 0.0001
Iteration 318 (max 500)
   eps = 0.000249 >= 0.0001
Iteration 319 (max 500)
   eps = 0.000243 >= 0.0001
Iteration 320 (max 500)
   eps = 0.000238 >= 0.0001
Iteration 321 (max 500)
   eps = 0.000233 >= 0.0001
Iteration 322 (max 500)
   eps = 0.000228 >= 0.0001
Iteration 323 (max 500)
   eps = 0.000225 >= 0.0001
Iteration 324 (max 500)
   eps = 0.00022 >= 0.0001
Iteration 325 (max 500)
   eps = 0.000215 >= 0.0001
Iteration 326 (max 500)
   eps = 0.000212 >= 0.0001
Iteration 327 (max 500)
   eps = 0.000207 >= 0.0001
Iteration 328 (max 500)
   eps = 0.000203 >= 0.0001
Iteration 329 (max 500)
   eps = 0.000199 >= 0.0001
Iteration 330 (max 500)
   eps = 0.000195 >= 0.0001
Iteration 331 (max 500)
   eps = 0.000192 >= 0.0001
Iteration 332 (max 500)
   eps = 0.000189 >= 0.0001
Iteration 333 (max 500)
   eps = 0.000186 >= 0.0001
Iteration 334 (max 500)
   eps = 0.000183 >= 0.0001
Iteration 335 (max 500)
   eps = 0.00018 >= 0.0001
Iteration 336 (max 500)
   eps = 0.000176 >= 0.0001
Iteration 337 (max 500)
   eps = 0.000172 >= 0.0001
Iteration 338 (max 500)
   eps = 0.000167 >= 0.0001
Iteration 339 (max 500)
   eps = 0.000163 >= 0.0001
Iteration 340 (max 500)
   eps = 0.000159 >= 0.0001
Iteration 341 (max 500)
   eps = 0.000155 >= 0.0001
Iteration 342 (max 500)
   eps = 0.000152 >= 0.0001
Iteration 343 (max 500)
   eps = 0.00015 >= 0.0001
Iteration 344 (max 500)
   eps = 0.000146 >= 0.0001
Iteration 345 (max 500)
   eps = 0.000144 >= 0.0001
Iteration 346 (max 500)
   eps = 0.000141 >= 0.0001
Iteration 347 (max 500)
   eps = 0.000138 >= 0.0001
Iteration 348 (max 500)
   eps = 0.000135 >= 0.0001
Iteration 349 (max 500)
   eps = 0.000134 >= 0.0001
Iteration 350 (max 500)
   eps = 0.000131 >= 0.0001
Iteration 351 (max 500)
   eps = 0.000128 >= 0.0001
Iteration 352 (max 500)
   eps = 0.000127 >= 0.0001
Iteration 353 (max 500)
   eps = 0.000124 >= 0.0001
Iteration 354 (max 500)
   eps = 0.000122 >= 0.0001
Iteration 355 (max 500)
   eps = 0.000119 >= 0.0001
Iteration 356 (max 500)
   eps = 0.000116 >= 0.0001
Iteration 357 (max 500)
   eps = 0.000114 >= 0.0001
Iteration 358 (max 500)
   eps = 0.000111 >= 0.0001
Iteration 359 (max 500)
   eps = 0.000109 >= 0.0001
Iteration 360 (max 500)
   eps = 0.000107 >= 0.0001
Iteration 361 (max 500)
   eps = 0.000105 >= 0.0001
Iteration 362 (max 500)
   eps = 0.000103 >= 0.0001
Iteration 363 (max 500)
   eps = 0.000101 >= 0.0001
Iteration 364 (max 500)
Time spent by the wind speed solver: 57.910903215408325 s
Rotates geometries from -45.0 degrees
Interp succeeded!!! for tmp_file
Interp succeeded!!! for tmp_file
Interp succeeded!!! for tmp_file
Interp succeeded!!! for tmp_file
Interp succeeded!!! for tmp_file
Interp succeeded!!! for tmp_file
Process 3978165: Successfully ran URock for tile output 'wind_field_raw_tile_0'.
Process 3978165: Elapsed time for URock ('wind_field_raw_tile_0'): 271.24 seconds.
[Master] Process 3978165 - Tile 0: Finished processing.
[Master] 3978165: exit signal
Info: Debuffered '/storage/project/r-rbasu31-0/hyu483/Test_UMEP/UROCK_output_34_spawn/temp_intermediate_files/tile_0_urock_raw_outputs/z1_5/wind_field_raw_tile_0WS.tif' to '/storage/project/r-rbasu31-0/hyu483/Test_UMEP/UROCK_output_34_spawn/urock_tiled_output/urock_wind_field_tile_0WS.tif' (original extent: (233582.59099838723, 901732.4833440109, 233882.59099838723, 902032.4833440109)).
Connecting to database
	->/tmp/URock_2025-12-21T17330791a424f6-64fa-4cbe-aaf9-7cd7820e68f9/myDbH2
/storage/home/hcoda1/4/hyu483/qgis_332/profiles/default/python/plugins/processing_umep/functions/URock/h2gis-standalone/h2gis-dist-2.2.3.jar
Connected!

Spatial functions added!

Load input data
Load table 'build_pre_srid_20251221173317'
Load table 'veg_pre_srid_20251221173317'
Creates blocks and stacked blocks
Rotates geometries from 45.0 degrees
Identify block base height and block cavity base
Calculates obstacle properties
Calculates zone properties
Initializes upwind facades
Update upwind facades base height
Initializes downwind facades
Calculates study area properties
Roughness zone properties are:

                                 - z0: 1.5767679589775048
                                 - d: 7.386800610501904
                                 - Hr: 10.511786393183366
                                 - H_ob_max: 56
                                 - lambda_f: 0.15776003354864407
Rotates geometries from -45.0 degrees
Rotates geometries from -45.0 degrees
Rotates geometries from -45.0 degrees
Creates displacement zones
Rotates geometries from -45.0 degrees
Rotates geometries from -45.0 degrees
Creates cavity and wake zones
Rotates geometries from -45.0 degrees
Rotates geometries from -45.0 degrees
Creates street canyon zones
Rotates geometries from -45.0 degrees
Creates rooftop zones (perpendicular and corner)
Rotates geometries from -45.0 degrees
Rotates geometries from -45.0 degrees
Creates built-up and open vegetation zones
Rotates geometries from -45.0 degrees
Rotates geometries from -45.0 degrees
Identify the buildings concerned by the impacted zone chosen by the user
Creates the grid of points
Affects each grid point to a building Rockle zone and calculates needed 
          variables for 3D wind speed
Affects each grid point to a vegetation Rockle zone and calculates 
          needed variables for 3D wind speed
Remove some of the Röckle zone points
Creates backward zones
Calculates the 3D wind speed factor value for each point of each BUILDING zone
Rotates geometries from -45.0 degrees
Rotates geometries from -45.0 degrees
Rotates geometries from -45.0 degrees
Rotates geometries from -45.0 degrees
Rotates geometries from -45.0 degrees
Rotates geometries from -45.0 degrees
Rotates geometries from -45.0 degrees
Rotates geometries from -45.0 degrees
Rotates geometries from -45.0 degrees
Calculates the 3D wind speed factor value for each point of each VEGETATION zone
Rotates geometries from -45.0 degrees
Deals with superimposition (keeps only 1 value per 3D point)
Deals with superimposition (keeps only 1 value per 3D point)
Identify upstreamer points in TEMPO_WEIGHTING table
Identify upstreamer points in TEMPO_PRIORITIES table
Identify upstreamer points in TEMPO_PRIORITIES_WEIGHT table
Deals with superimposition (keeps only 1 value per 3D point)
Identify upstreamer points in TEMPO_WEIGHTING table
Identify upstreamer points in TEMPO_PRIORITIES table
Identify upstreamer points in TEMPO_PRIORITIES_WEIGHT table
Rotates geometries from -45.0 degrees
Identify grid points intersecting buildings
Set the initial 3D wind speed field
Time spent for wind speed initialization: 129.8205783367157 s
Shape: (283, 324, 28) - Nb cells: 2567376
Start to apply the wind solver
Iteration 1 (max 500)
   eps = 0.591949 >= 0.0001
Iteration 2 (max 500)
   eps = 0.420002 >= 0.0001
Iteration 3 (max 500)
   eps = 0.338024 >= 0.0001
Iteration 4 (max 500)
   eps = 0.282236 >= 0.0001
Iteration 5 (max 500)
   eps = 0.2403 >= 0.0001
Iteration 6 (max 500)
   eps = 0.207102 >= 0.0001
Iteration 7 (max 500)
   eps = 0.180708 >= 0.0001
Iteration 8 (max 500)
   eps = 0.159794 >= 0.0001
Iteration 9 (max 500)
   eps = 0.14276 >= 0.0001
Iteration 10 (max 500)
   eps = 0.129327 >= 0.0001
Iteration 11 (max 500)
   eps = 0.119045 >= 0.0001
Iteration 12 (max 500)
   eps = 0.110712 >= 0.0001
Iteration 13 (max 500)
   eps = 0.103519 >= 0.0001
Iteration 14 (max 500)
   eps = 0.097373 >= 0.0001
Iteration 15 (max 500)
   eps = 0.092189 >= 0.0001
Iteration 16 (max 500)
   eps = 0.088049 >= 0.0001
Iteration 17 (max 500)
   eps = 0.084322 >= 0.0001
Iteration 18 (max 500)
   eps = 0.080985 >= 0.0001
Iteration 19 (max 500)
   eps = 0.078142 >= 0.0001
Iteration 20 (max 500)
   eps = 0.075473 >= 0.0001
Iteration 21 (max 500)
   eps = 0.073248 >= 0.0001
Iteration 22 (max 500)
   eps = 0.070908 >= 0.0001
Iteration 23 (max 500)
   eps = 0.068907 >= 0.0001
Iteration 24 (max 500)
   eps = 0.066795 >= 0.0001
Iteration 25 (max 500)
   eps = 0.065057 >= 0.0001
Iteration 26 (max 500)
   eps = 0.077935 >= 0.0001
Iteration 27 (max 500)
   eps = 0.069597 >= 0.0001
Iteration 28 (max 500)
   eps = 0.063927 >= 0.0001
Iteration 29 (max 500)
   eps = 0.062136 >= 0.0001
Iteration 30 (max 500)
   eps = 0.060766 >= 0.0001
Iteration 31 (max 500)
   eps = 0.059327 >= 0.0001
Iteration 32 (max 500)
   eps = 0.058273 >= 0.0001
Iteration 33 (max 500)
   eps = 0.057298 >= 0.0001
Iteration 34 (max 500)
   eps = 0.056285 >= 0.0001
Iteration 35 (max 500)
   eps = 0.055397 >= 0.0001
Iteration 36 (max 500)
   eps = 0.054481 >= 0.0001
Iteration 37 (max 500)
   eps = 0.053618 >= 0.0001
Iteration 38 (max 500)
   eps = 0.052866 >= 0.0001
Iteration 39 (max 500)
   eps = 0.052305 >= 0.0001
Iteration 40 (max 500)
   eps = 0.05176 >= 0.0001
Iteration 41 (max 500)
   eps = 0.051191 >= 0.0001
Iteration 42 (max 500)
   eps = 0.050746 >= 0.0001
Iteration 43 (max 500)
   eps = 0.050343 >= 0.0001
Iteration 44 (max 500)
   eps = 0.049758 >= 0.0001
Iteration 45 (max 500)
   eps = 0.049185 >= 0.0001
Iteration 46 (max 500)
   eps = 0.048638 >= 0.0001
Iteration 47 (max 500)
   eps = 0.04803 >= 0.0001
Iteration 48 (max 500)
   eps = 0.047352 >= 0.0001
Iteration 49 (max 500)
   eps = 0.046668 >= 0.0001
Iteration 50 (max 500)
   eps = 0.046004 >= 0.0001
Iteration 51 (max 500)
   eps = 0.0454 >= 0.0001
Iteration 52 (max 500)
   eps = 0.045056 >= 0.0001
Iteration 53 (max 500)
   eps = 0.044399 >= 0.0001
Iteration 54 (max 500)
   eps = 0.043693 >= 0.0001
Iteration 55 (max 500)
   eps = 0.043148 >= 0.0001
Iteration 56 (max 500)
   eps = 0.042459 >= 0.0001
Iteration 57 (max 500)
   eps = 0.041867 >= 0.0001
Iteration 58 (max 500)
   eps = 0.041228 >= 0.0001
Iteration 59 (max 500)
   eps = 0.040566 >= 0.0001
Iteration 60 (max 500)
   eps = 0.039964 >= 0.0001
Iteration 61 (max 500)
   eps = 0.039414 >= 0.0001
Iteration 62 (max 500)
   eps = 0.038869 >= 0.0001
Iteration 63 (max 500)
   eps = 0.038334 >= 0.0001
Iteration 64 (max 500)
   eps = 0.037784 >= 0.0001
Iteration 65 (max 500)
   eps = 0.03725 >= 0.0001
Iteration 66 (max 500)
   eps = 0.036683 >= 0.0001
Iteration 67 (max 500)
   eps = 0.036141 >= 0.0001
Iteration 68 (max 500)
   eps = 0.035569 >= 0.0001
Iteration 69 (max 500)
   eps = 0.035031 >= 0.0001
Iteration 70 (max 500)
   eps = 0.034514 >= 0.0001
Iteration 71 (max 500)
   eps = 0.033959 >= 0.0001
Iteration 72 (max 500)
   eps = 0.033413 >= 0.0001
Iteration 73 (max 500)
   eps = 0.032927 >= 0.0001
Iteration 74 (max 500)
   eps = 0.032417 >= 0.0001
Iteration 75 (max 500)
   eps = 0.03189 >= 0.0001
Iteration 76 (max 500)
   eps = 0.031341 >= 0.0001
Iteration 77 (max 500)
   eps = 0.0308 >= 0.0001
Iteration 78 (max 500)
   eps = 0.030284 >= 0.0001
Iteration 79 (max 500)
   eps = 0.029815 >= 0.0001
Iteration 80 (max 500)
   eps = 0.029303 >= 0.0001
Iteration 81 (max 500)
   eps = 0.028869 >= 0.0001
Iteration 82 (max 500)
   eps = 0.028427 >= 0.0001
Iteration 83 (max 500)
   eps = 0.027935 >= 0.0001
Iteration 84 (max 500)
   eps = 0.027516 >= 0.0001
Iteration 85 (max 500)
   eps = 0.027098 >= 0.0001
Iteration 86 (max 500)
   eps = 0.026706 >= 0.0001
Iteration 87 (max 500)
   eps = 0.026295 >= 0.0001
Iteration 88 (max 500)
   eps = 0.025915 >= 0.0001
Iteration 89 (max 500)
   eps = 0.025506 >= 0.0001
Iteration 90 (max 500)
   eps = 0.025112 >= 0.0001
Iteration 91 (max 500)
   eps = 0.024738 >= 0.0001
Iteration 92 (max 500)
   eps = 0.024356 >= 0.0001
Iteration 93 (max 500)
   eps = 0.023933 >= 0.0001
Iteration 94 (max 500)
   eps = 0.023535 >= 0.0001
Iteration 95 (max 500)
   eps = 0.023147 >= 0.0001
Iteration 96 (max 500)
   eps = 0.022767 >= 0.0001
Iteration 97 (max 500)
   eps = 0.022389 >= 0.0001
Iteration 98 (max 500)
   eps = 0.022009 >= 0.0001
Iteration 99 (max 500)
   eps = 0.021686 >= 0.0001
Iteration 100 (max 500)
   eps = 0.021358 >= 0.0001
Iteration 101 (max 500)
   eps = 0.021027 >= 0.0001
Iteration 102 (max 500)
   eps = 0.020709 >= 0.0001
Iteration 103 (max 500)
   eps = 0.020364 >= 0.0001
Iteration 104 (max 500)
   eps = 0.020047 >= 0.0001
Iteration 105 (max 500)
   eps = 0.019747 >= 0.0001
Iteration 106 (max 500)
   eps = 0.019483 >= 0.0001
Iteration 107 (max 500)
   eps = 0.019209 >= 0.0001
Iteration 108 (max 500)
   eps = 0.018868 >= 0.0001
Iteration 109 (max 500)
   eps = 0.018579 >= 0.0001
Iteration 110 (max 500)
   eps = 0.018288 >= 0.0001
Iteration 111 (max 500)
   eps = 0.018014 >= 0.0001
Iteration 112 (max 500)
   eps = 0.017745 >= 0.0001
Iteration 113 (max 500)
   eps = 0.017445 >= 0.0001
Iteration 114 (max 500)
   eps = 0.017176 >= 0.0001
Iteration 115 (max 500)
   eps = 0.016921 >= 0.0001
Iteration 116 (max 500)
   eps = 0.016659 >= 0.0001
Iteration 117 (max 500)
   eps = 0.016413 >= 0.0001
Iteration 118 (max 500)
   eps = 0.016169 >= 0.0001
Iteration 119 (max 500)
   eps = 0.01591 >= 0.0001
Iteration 120 (max 500)
   eps = 0.015685 >= 0.0001
Iteration 121 (max 500)
   eps = 0.015482 >= 0.0001
Iteration 122 (max 500)
   eps = 0.01524 >= 0.0001
Iteration 123 (max 500)
   eps = 0.01501 >= 0.0001
Iteration 124 (max 500)
   eps = 0.014781 >= 0.0001
Iteration 125 (max 500)
   eps = 0.014558 >= 0.0001
Iteration 126 (max 500)
   eps = 0.014341 >= 0.0001
Iteration 127 (max 500)
   eps = 0.014124 >= 0.0001
Iteration 128 (max 500)
   eps = 0.013894 >= 0.0001
Iteration 129 (max 500)
   eps = 0.013702 >= 0.0001
Iteration 130 (max 500)
   eps = 0.013482 >= 0.0001
Iteration 131 (max 500)
   eps = 0.013278 >= 0.0001
Iteration 132 (max 500)
   eps = 0.013068 >= 0.0001
Iteration 133 (max 500)
   eps = 0.012858 >= 0.0001
Iteration 134 (max 500)
   eps = 0.012674 >= 0.0001
Iteration 135 (max 500)
   eps = 0.012511 >= 0.0001
Iteration 136 (max 500)
   eps = 0.012348 >= 0.0001
Iteration 137 (max 500)
   eps = 0.012159 >= 0.0001
Iteration 138 (max 500)
   eps = 0.011965 >= 0.0001
Iteration 139 (max 500)
   eps = 0.011774 >= 0.0001
Iteration 140 (max 500)
   eps = 0.011597 >= 0.0001
Iteration 141 (max 500)
   eps = 0.011436 >= 0.0001
Iteration 142 (max 500)
   eps = 0.011277 >= 0.0001
Iteration 143 (max 500)
   eps = 0.011102 >= 0.0001
Iteration 144 (max 500)
   eps = 0.010939 >= 0.0001
Iteration 145 (max 500)
   eps = 0.010777 >= 0.0001
Iteration 146 (max 500)
   eps = 0.010607 >= 0.0001
Iteration 147 (max 500)
   eps = 0.010439 >= 0.0001
Iteration 148 (max 500)
   eps = 0.010303 >= 0.0001
Iteration 149 (max 500)
   eps = 0.010171 >= 0.0001
Iteration 150 (max 500)
   eps = 0.010034 >= 0.0001
Iteration 151 (max 500)
   eps = 0.009877 >= 0.0001
Iteration 152 (max 500)
   eps = 0.009718 >= 0.0001
Iteration 153 (max 500)
   eps = 0.009565 >= 0.0001
Iteration 154 (max 500)
   eps = 0.009421 >= 0.0001
Iteration 155 (max 500)
   eps = 0.009283 >= 0.0001
Iteration 156 (max 500)
   eps = 0.009155 >= 0.0001
Iteration 157 (max 500)
   eps = 0.009019 >= 0.0001
Iteration 158 (max 500)
   eps = 0.008885 >= 0.0001
Iteration 159 (max 500)
   eps = 0.00874 >= 0.0001
Iteration 160 (max 500)
   eps = 0.008595 >= 0.0001
Iteration 161 (max 500)
   eps = 0.008467 >= 0.0001
Iteration 162 (max 500)
   eps = 0.008335 >= 0.0001
Iteration 163 (max 500)
   eps = 0.008219 >= 0.0001
Iteration 164 (max 500)
   eps = 0.008097 >= 0.0001
Iteration 165 (max 500)
   eps = 0.007983 >= 0.0001
Iteration 166 (max 500)
   eps = 0.00787 >= 0.0001
Iteration 167 (max 500)
   eps = 0.007757 >= 0.0001
Iteration 168 (max 500)
   eps = 0.007638 >= 0.0001
Iteration 169 (max 500)
   eps = 0.007517 >= 0.0001
Iteration 170 (max 500)
   eps = 0.007406 >= 0.0001
Iteration 171 (max 500)
   eps = 0.007289 >= 0.0001
Iteration 172 (max 500)
   eps = 0.007174 >= 0.0001
Iteration 173 (max 500)
   eps = 0.007072 >= 0.0001
Iteration 174 (max 500)
   eps = 0.00697 >= 0.0001
Iteration 175 (max 500)
   eps = 0.006864 >= 0.0001
Iteration 176 (max 500)
   eps = 0.00676 >= 0.0001
Iteration 177 (max 500)
   eps = 0.006653 >= 0.0001
Iteration 178 (max 500)
   eps = 0.006554 >= 0.0001
Iteration 179 (max 500)
   eps = 0.006451 >= 0.0001
Iteration 180 (max 500)
   eps = 0.006344 >= 0.0001
Iteration 181 (max 500)
   eps = 0.006234 >= 0.0001
Iteration 182 (max 500)
   eps = 0.006135 >= 0.0001
Iteration 183 (max 500)
   eps = 0.006043 >= 0.0001
Iteration 184 (max 500)
   eps = 0.005954 >= 0.0001
Iteration 185 (max 500)
   eps = 0.005869 >= 0.0001
Iteration 186 (max 500)
   eps = 0.005794 >= 0.0001
Iteration 187 (max 500)
   eps = 0.005706 >= 0.0001
Iteration 188 (max 500)
   eps = 0.005606 >= 0.0001
Iteration 189 (max 500)
   eps = 0.005515 >= 0.0001
Iteration 190 (max 500)
   eps = 0.005432 >= 0.0001
Iteration 191 (max 500)
   eps = 0.005351 >= 0.0001
Iteration 192 (max 500)
   eps = 0.005268 >= 0.0001
Iteration 193 (max 500)
   eps = 0.005186 >= 0.0001
Iteration 194 (max 500)
   eps = 0.005101 >= 0.0001
Iteration 195 (max 500)
   eps = 0.005018 >= 0.0001
Iteration 196 (max 500)
   eps = 0.004945 >= 0.0001
Iteration 197 (max 500)
   eps = 0.004878 >= 0.0001
Iteration 198 (max 500)
   eps = 0.004809 >= 0.0001
Iteration 199 (max 500)
   eps = 0.004738 >= 0.0001
Iteration 200 (max 500)
   eps = 0.004664 >= 0.0001
Iteration 201 (max 500)
   eps = 0.00459 >= 0.0001
Iteration 202 (max 500)
   eps = 0.004517 >= 0.0001
Iteration 203 (max 500)
   eps = 0.004443 >= 0.0001
Iteration 204 (max 500)
   eps = 0.004368 >= 0.0001
Iteration 205 (max 500)
   eps = 0.004292 >= 0.0001
Iteration 206 (max 500)
   eps = 0.004217 >= 0.0001
Iteration 207 (max 500)
   eps = 0.004147 >= 0.0001
Iteration 208 (max 500)
   eps = 0.004079 >= 0.0001
Iteration 209 (max 500)
   eps = 0.00402 >= 0.0001
Iteration 210 (max 500)
   eps = 0.003961 >= 0.0001
Iteration 211 (max 500)
   eps = 0.003903 >= 0.0001
Iteration 212 (max 500)
   eps = 0.003839 >= 0.0001
Iteration 213 (max 500)
   eps = 0.003779 >= 0.0001
Iteration 214 (max 500)
   eps = 0.003719 >= 0.0001
Iteration 215 (max 500)
   eps = 0.003658 >= 0.0001
Iteration 216 (max 500)
   eps = 0.003598 >= 0.0001
Iteration 217 (max 500)
   eps = 0.003548 >= 0.0001
Iteration 218 (max 500)
   eps = 0.003497 >= 0.0001
Iteration 219 (max 500)
   eps = 0.003451 >= 0.0001
Iteration 220 (max 500)
   eps = 0.003408 >= 0.0001
Iteration 221 (max 500)
   eps = 0.003354 >= 0.0001
Iteration 222 (max 500)
   eps = 0.003303 >= 0.0001
Iteration 223 (max 500)
   eps = 0.003253 >= 0.0001
Iteration 224 (max 500)
   eps = 0.003201 >= 0.0001
Iteration 225 (max 500)
   eps = 0.003149 >= 0.0001
Iteration 226 (max 500)
   eps = 0.003094 >= 0.0001
Iteration 227 (max 500)
   eps = 0.00304 >= 0.0001
Iteration 228 (max 500)
   eps = 0.002986 >= 0.0001
Iteration 229 (max 500)
   eps = 0.002933 >= 0.0001
Iteration 230 (max 500)
   eps = 0.002884 >= 0.0001
Iteration 231 (max 500)
   eps = 0.002845 >= 0.0001
Iteration 232 (max 500)
   eps = 0.002805 >= 0.0001
Iteration 233 (max 500)
   eps = 0.002765 >= 0.0001
Iteration 234 (max 500)
   eps = 0.002728 >= 0.0001
Iteration 235 (max 500)
   eps = 0.002691 >= 0.0001
Iteration 236 (max 500)
   eps = 0.002645 >= 0.0001
Iteration 237 (max 500)
   eps = 0.002599 >= 0.0001
Iteration 238 (max 500)
   eps = 0.002556 >= 0.0001
Iteration 239 (max 500)
   eps = 0.002515 >= 0.0001
Iteration 240 (max 500)
   eps = 0.002475 >= 0.0001
Iteration 241 (max 500)
   eps = 0.002434 >= 0.0001
Iteration 242 (max 500)
   eps = 0.002394 >= 0.0001
Iteration 243 (max 500)
   eps = 0.002353 >= 0.0001
Iteration 244 (max 500)
   eps = 0.002315 >= 0.0001
Iteration 245 (max 500)
   eps = 0.002274 >= 0.0001
Iteration 246 (max 500)
   eps = 0.002231 >= 0.0001
Iteration 247 (max 500)
   eps = 0.002193 >= 0.0001
Iteration 248 (max 500)
   eps = 0.002157 >= 0.0001
Iteration 249 (max 500)
   eps = 0.00212 >= 0.0001
Iteration 250 (max 500)
   eps = 0.00208 >= 0.0001
Iteration 251 (max 500)
   eps = 0.002042 >= 0.0001
Iteration 252 (max 500)
   eps = 0.00201 >= 0.0001
Iteration 253 (max 500)
   eps = 0.001974 >= 0.0001
Iteration 254 (max 500)
   eps = 0.001941 >= 0.0001
Iteration 255 (max 500)
   eps = 0.001913 >= 0.0001
Iteration 256 (max 500)
   eps = 0.00189 >= 0.0001
Iteration 257 (max 500)
   eps = 0.001863 >= 0.0001
Iteration 258 (max 500)
   eps = 0.001835 >= 0.0001
Iteration 259 (max 500)
   eps = 0.001809 >= 0.0001
Iteration 260 (max 500)
   eps = 0.001775 >= 0.0001
Iteration 261 (max 500)
   eps = 0.001749 >= 0.0001
Iteration 262 (max 500)
   eps = 0.001713 >= 0.0001
Iteration 263 (max 500)
   eps = 0.001681 >= 0.0001
Iteration 264 (max 500)
   eps = 0.00165 >= 0.0001
Iteration 265 (max 500)
   eps = 0.001625 >= 0.0001
Iteration 266 (max 500)
   eps = 0.0016 >= 0.0001
Iteration 267 (max 500)
   eps = 0.001573 >= 0.0001
Iteration 268 (max 500)
   eps = 0.001548 >= 0.0001
Iteration 269 (max 500)
   eps = 0.00152 >= 0.0001
Iteration 270 (max 500)
   eps = 0.001495 >= 0.0001
Iteration 271 (max 500)
   eps = 0.001467 >= 0.0001
Iteration 272 (max 500)
   eps = 0.001445 >= 0.0001
Iteration 273 (max 500)
   eps = 0.001419 >= 0.0001
Iteration 274 (max 500)
   eps = 0.001396 >= 0.0001
Iteration 275 (max 500)
   eps = 0.001372 >= 0.0001
Iteration 276 (max 500)
   eps = 0.001351 >= 0.0001
Iteration 277 (max 500)
   eps = 0.001331 >= 0.0001
Iteration 278 (max 500)
   eps = 0.001309 >= 0.0001
Iteration 279 (max 500)
   eps = 0.001286 >= 0.0001
Iteration 280 (max 500)
   eps = 0.001265 >= 0.0001
Iteration 281 (max 500)
   eps = 0.001241 >= 0.0001
Iteration 282 (max 500)
   eps = 0.001221 >= 0.0001
Iteration 283 (max 500)
   eps = 0.001199 >= 0.0001
Iteration 284 (max 500)
   eps = 0.00118 >= 0.0001
Iteration 285 (max 500)
   eps = 0.00116 >= 0.0001
Iteration 286 (max 500)
   eps = 0.00114 >= 0.0001
Iteration 287 (max 500)
   eps = 0.00112 >= 0.0001
Iteration 288 (max 500)
   eps = 0.001106 >= 0.0001
Iteration 289 (max 500)
   eps = 0.001086 >= 0.0001
Iteration 290 (max 500)
   eps = 0.001067 >= 0.0001
Iteration 291 (max 500)
   eps = 0.00105 >= 0.0001
Iteration 292 (max 500)
   eps = 0.001032 >= 0.0001
Iteration 293 (max 500)
   eps = 0.001014 >= 0.0001
Iteration 294 (max 500)
   eps = 0.000999 >= 0.0001
Iteration 295 (max 500)
   eps = 0.000982 >= 0.0001
Iteration 296 (max 500)
   eps = 0.000964 >= 0.0001
Iteration 297 (max 500)
   eps = 0.000947 >= 0.0001
Iteration 298 (max 500)
   eps = 0.000928 >= 0.0001
Iteration 299 (max 500)
   eps = 0.00091 >= 0.0001
Iteration 300 (max 500)
   eps = 0.000894 >= 0.0001
Iteration 301 (max 500)
   eps = 0.00088 >= 0.0001
Iteration 302 (max 500)
   eps = 0.000867 >= 0.0001
Iteration 303 (max 500)
   eps = 0.000854 >= 0.0001
Iteration 304 (max 500)
   eps = 0.000841 >= 0.0001
Iteration 305 (max 500)
   eps = 0.000826 >= 0.0001
Iteration 306 (max 500)
   eps = 0.000812 >= 0.0001
Iteration 307 (max 500)
   eps = 0.0008 >= 0.0001
Iteration 308 (max 500)
   eps = 0.000788 >= 0.0001
Iteration 309 (max 500)
   eps = 0.000777 >= 0.0001
Iteration 310 (max 500)
   eps = 0.000764 >= 0.0001
Iteration 311 (max 500)
   eps = 0.000751 >= 0.0001
Iteration 312 (max 500)
   eps = 0.000735 >= 0.0001
Iteration 313 (max 500)
   eps = 0.000721 >= 0.0001
Iteration 314 (max 500)
   eps = 0.000709 >= 0.0001
Iteration 315 (max 500)
   eps = 0.000694 >= 0.0001
Iteration 316 (max 500)
   eps = 0.000681 >= 0.0001
Iteration 317 (max 500)
   eps = 0.000667 >= 0.0001
Iteration 318 (max 500)
   eps = 0.000655 >= 0.0001
Iteration 319 (max 500)
   eps = 0.000643 >= 0.0001
Iteration 320 (max 500)
   eps = 0.000632 >= 0.0001
Iteration 321 (max 500)
   eps = 0.00062 >= 0.0001
Iteration 322 (max 500)
   eps = 0.00061 >= 0.0001
Iteration 323 (max 500)
   eps = 0.0006 >= 0.0001
Iteration 324 (max 500)
   eps = 0.00059 >= 0.0001
Iteration 325 (max 500)
   eps = 0.00058 >= 0.0001
Iteration 326 (max 500)
   eps = 0.000569 >= 0.0001
Iteration 327 (max 500)
   eps = 0.000559 >= 0.0001
Iteration 328 (max 500)
   eps = 0.00055 >= 0.0001
Iteration 329 (max 500)
   eps = 0.000541 >= 0.0001
Iteration 330 (max 500)
   eps = 0.000532 >= 0.0001
Iteration 331 (max 500)
   eps = 0.000523 >= 0.0001
Iteration 332 (max 500)
   eps = 0.000514 >= 0.0001
Iteration 333 (max 500)
   eps = 0.000505 >= 0.0001
Iteration 334 (max 500)
   eps = 0.000496 >= 0.0001
Iteration 335 (max 500)
   eps = 0.000488 >= 0.0001
Iteration 336 (max 500)
   eps = 0.000481 >= 0.0001
Iteration 337 (max 500)
   eps = 0.000474 >= 0.0001
Iteration 338 (max 500)
   eps = 0.000467 >= 0.0001
Iteration 339 (max 500)
   eps = 0.000459 >= 0.0001
Iteration 340 (max 500)
   eps = 0.000452 >= 0.0001
Iteration 341 (max 500)
   eps = 0.000445 >= 0.0001
Iteration 342 (max 500)
   eps = 0.000439 >= 0.0001
Iteration 343 (max 500)
   eps = 0.00043 >= 0.0001
Iteration 344 (max 500)
   eps = 0.000423 >= 0.0001
Iteration 345 (max 500)
   eps = 0.000417 >= 0.0001
Iteration 346 (max 500)
   eps = 0.00041 >= 0.0001
Iteration 347 (max 500)
   eps = 0.000402 >= 0.0001
Iteration 348 (max 500)
   eps = 0.000395 >= 0.0001
Iteration 349 (max 500)
   eps = 0.000389 >= 0.0001
Iteration 350 (max 500)
   eps = 0.000383 >= 0.0001
Iteration 351 (max 500)
   eps = 0.000376 >= 0.0001
Iteration 352 (max 500)
   eps = 0.000369 >= 0.0001
Iteration 353 (max 500)
   eps = 0.000362 >= 0.0001
Iteration 354 (max 500)
   eps = 0.000356 >= 0.0001
Iteration 355 (max 500)
   eps = 0.00035 >= 0.0001
Iteration 356 (max 500)
   eps = 0.000343 >= 0.0001
Iteration 357 (max 500)
   eps = 0.000338 >= 0.0001
Iteration 358 (max 500)
   eps = 0.000332 >= 0.0001
Iteration 359 (max 500)
   eps = 0.000326 >= 0.0001
Iteration 360 (max 500)
   eps = 0.000321 >= 0.0001
Iteration 361 (max 500)
   eps = 0.000315 >= 0.0001
Iteration 362 (max 500)
   eps = 0.000309 >= 0.0001
Iteration 363 (max 500)
   eps = 0.000305 >= 0.0001
Iteration 364 (max 500)
   eps = 0.0003 >= 0.0001
Iteration 365 (max 500)
   eps = 0.000296 >= 0.0001
Iteration 366 (max 500)
   eps = 0.00029 >= 0.0001
Iteration 367 (max 500)
   eps = 0.000285 >= 0.0001
Iteration 368 (max 500)
   eps = 0.00028 >= 0.0001
Iteration 369 (max 500)
   eps = 0.000276 >= 0.0001
Iteration 370 (max 500)
   eps = 0.000271 >= 0.0001
Iteration 371 (max 500)
   eps = 0.000267 >= 0.0001
Iteration 372 (max 500)
   eps = 0.000262 >= 0.0001
Iteration 373 (max 500)
   eps = 0.000257 >= 0.0001
Iteration 374 (max 500)
   eps = 0.000252 >= 0.0001
Iteration 375 (max 500)
   eps = 0.000247 >= 0.0001
Iteration 376 (max 500)
   eps = 0.000242 >= 0.0001
Iteration 377 (max 500)
   eps = 0.000237 >= 0.0001
Iteration 378 (max 500)
   eps = 0.000232 >= 0.0001
Iteration 379 (max 500)
   eps = 0.000228 >= 0.0001
Iteration 380 (max 500)
   eps = 0.000225 >= 0.0001
Iteration 381 (max 500)
   eps = 0.00022 >= 0.0001
Iteration 382 (max 500)
   eps = 0.000216 >= 0.0001
Iteration 383 (max 500)
   eps = 0.000212 >= 0.0001
Iteration 384 (max 500)
   eps = 0.000208 >= 0.0001
Iteration 385 (max 500)
   eps = 0.000205 >= 0.0001
Iteration 386 (max 500)
   eps = 0.000202 >= 0.0001
Iteration 387 (max 500)
   eps = 0.000198 >= 0.0001
Iteration 388 (max 500)
   eps = 0.000195 >= 0.0001
Iteration 389 (max 500)
   eps = 0.000192 >= 0.0001
Iteration 390 (max 500)
   eps = 0.000189 >= 0.0001
Iteration 391 (max 500)
   eps = 0.000186 >= 0.0001
Iteration 392 (max 500)
   eps = 0.000183 >= 0.0001
Iteration 393 (max 500)
   eps = 0.00018 >= 0.0001
Iteration 394 (max 500)
   eps = 0.000177 >= 0.0001
Iteration 395 (max 500)
   eps = 0.000173 >= 0.0001
Iteration 396 (max 500)
   eps = 0.00017 >= 0.0001
Iteration 397 (max 500)
   eps = 0.000167 >= 0.0001
Iteration 398 (max 500)
   eps = 0.000164 >= 0.0001
Iteration 399 (max 500)
   eps = 0.000161 >= 0.0001
Iteration 400 (max 500)
   eps = 0.000158 >= 0.0001
Iteration 401 (max 500)
   eps = 0.000155 >= 0.0001
Iteration 402 (max 500)
   eps = 0.000153 >= 0.0001
Iteration 403 (max 500)
   eps = 0.00015 >= 0.0001
Iteration 404 (max 500)
   eps = 0.000148 >= 0.0001
Iteration 405 (max 500)
   eps = 0.000145 >= 0.0001
Iteration 406 (max 500)
   eps = 0.000143 >= 0.0001
Iteration 407 (max 500)
   eps = 0.00014 >= 0.0001
Iteration 408 (max 500)
   eps = 0.000137 >= 0.0001
Iteration 409 (max 500)
   eps = 0.000135 >= 0.0001
Iteration 410 (max 500)
   eps = 0.000133 >= 0.0001
Iteration 411 (max 500)
   eps = 0.000131 >= 0.0001
Iteration 412 (max 500)
   eps = 0.000128 >= 0.0001
Iteration 413 (max 500)
   eps = 0.000126 >= 0.0001
Iteration 414 (max 500)
   eps = 0.000123 >= 0.0001
Iteration 415 (max 500)
   eps = 0.000121 >= 0.0001
Iteration 416 (max 500)
   eps = 0.000119 >= 0.0001
Iteration 417 (max 500)
   eps = 0.000117 >= 0.0001
Iteration 418 (max 500)
   eps = 0.000114 >= 0.0001
Iteration 419 (max 500)
   eps = 0.000112 >= 0.0001
Iteration 420 (max 500)
   eps = 0.00011 >= 0.0001
Iteration 421 (max 500)
   eps = 0.000108 >= 0.0001
Iteration 422 (max 500)
   eps = 0.000106 >= 0.0001
Iteration 423 (max 500)
   eps = 0.000104 >= 0.0001
Iteration 424 (max 500)
   eps = 0.000102 >= 0.0001
Iteration 425 (max 500)
   eps = 0.000101 >= 0.0001
Iteration 426 (max 500)
Time spent by the wind speed solver: 69.4270453453064 s
Rotates geometries from -45.0 degrees
Interp succeeded!!! for tmp_file
Interp succeeded!!! for tmp_file
Interp succeeded!!! for tmp_file
Interp succeeded!!! for tmp_file
Interp succeeded!!! for tmp_file
Interp succeeded!!! for tmp_file
Process 3978173: Successfully ran URock for tile output 'wind_field_raw_tile_2'.
Process 3978173: Elapsed time for URock ('wind_field_raw_tile_2'): 281.84 seconds.
[Master] Process 3978173 - Tile 2: Finished processing.
[Master] 3978173: exit signal
Info: Debuffered '/storage/project/r-rbasu31-0/hyu483/Test_UMEP/UROCK_output_34_spawn/temp_intermediate_files/tile_2_urock_raw_outputs/z1_5/wind_field_raw_tile_2WS.tif' to '/storage/project/r-rbasu31-0/hyu483/Test_UMEP/UROCK_output_34_spawn/urock_tiled_output/urock_wind_field_tile_2WS.tif' (original extent: (233582.59099838723, 902332.4833440109, 233882.59099838723, 902632.4833440109)).
Connecting to database
	->/tmp/URock_2025-12-21T173306bf54710b-2419-40d2-9634-62f8e97d8264/myDbH2
/storage/home/hcoda1/4/hyu483/qgis_332/profiles/default/python/plugins/processing_umep/functions/URock/h2gis-standalone/h2gis-dist-2.2.3.jar
Connected!

Spatial functions added!

Load input data
Load table 'build_pre_srid_20251221173315'
Load table 'veg_pre_srid_20251221173315'
Creates blocks and stacked blocks
Rotates geometries from 45.0 degrees
Identify block base height and block cavity base
Calculates obstacle properties
Calculates zone properties
Initializes upwind facades
Update upwind facades base height
Initializes downwind facades
Calculates study area properties
Roughness zone properties are:

                                 - z0: 1.6723311464318538
                                 - d: 7.96077152899579
                                 - Hr: 11.148874309545691
                                 - H_ob_max: 95
                                 - lambda_f: 0.19012179883866576
Rotates geometries from -45.0 degrees
Rotates geometries from -45.0 degrees
Rotates geometries from -45.0 degrees
Creates displacement zones
Rotates geometries from -45.0 degrees
Rotates geometries from -45.0 degrees
Creates cavity and wake zones
Rotates geometries from -45.0 degrees
Rotates geometries from -45.0 degrees
Creates street canyon zones
Rotates geometries from -45.0 degrees
Creates rooftop zones (perpendicular and corner)
Rotates geometries from -45.0 degrees
Rotates geometries from -45.0 degrees
Creates built-up and open vegetation zones
Rotates geometries from -45.0 degrees
Rotates geometries from -45.0 degrees
Identify the buildings concerned by the impacted zone chosen by the user
Creates the grid of points
Affects each grid point to a building Rockle zone and calculates needed 
          variables for 3D wind speed
Affects each grid point to a vegetation Rockle zone and calculates 
          needed variables for 3D wind speed
Remove some of the Röckle zone points
Creates backward zones
Calculates the 3D wind speed factor value for each point of each BUILDING zone
Rotates geometries from -45.0 degrees
Rotates geometries from -45.0 degrees
Rotates geometries from -45.0 degrees
Rotates geometries from -45.0 degrees
Rotates geometries from -45.0 degrees
Rotates geometries from -45.0 degrees
Rotates geometries from -45.0 degrees
Rotates geometries from -45.0 degrees
Rotates geometries from -45.0 degrees
Calculates the 3D wind speed factor value for each point of each VEGETATION zone
Rotates geometries from -45.0 degrees
Deals with superimposition (keeps only 1 value per 3D point)
Deals with superimposition (keeps only 1 value per 3D point)
Identify upstreamer points in TEMPO_WEIGHTING table
Identify upstreamer points in TEMPO_PRIORITIES table
Identify upstreamer points in TEMPO_PRIORITIES_WEIGHT table
Deals with superimposition (keeps only 1 value per 3D point)
Identify upstreamer points in TEMPO_WEIGHTING table
Identify upstreamer points in TEMPO_PRIORITIES table
Identify upstreamer points in TEMPO_PRIORITIES_WEIGHT table
Rotates geometries from -45.0 degrees
Identify grid points intersecting buildings
Set the initial 3D wind speed field
Time spent for wind speed initialization: 135.81655097007751 s
Shape: (274, 324, 43) - Nb cells: 3817368
Start to apply the wind solver
Iteration 1 (max 500)
   eps = 0.623249 >= 0.0001
Iteration 2 (max 500)
   eps = 0.411819 >= 0.0001
Iteration 3 (max 500)
   eps = 0.319767 >= 0.0001
Iteration 4 (max 500)
   eps = 0.262564 >= 0.0001
Iteration 5 (max 500)
   eps = 0.221523 >= 0.0001
Iteration 6 (max 500)
   eps = 0.191112 >= 0.0001
Iteration 7 (max 500)
   eps = 0.167805 >= 0.0001
Iteration 8 (max 500)
   eps = 0.14787 >= 0.0001
Iteration 9 (max 500)
   eps = 0.131699 >= 0.0001
Iteration 10 (max 500)
   eps = 0.118085 >= 0.0001
Iteration 11 (max 500)
   eps = 0.107115 >= 0.0001
Iteration 12 (max 500)
   eps = 0.098076 >= 0.0001
Iteration 13 (max 500)
   eps = 0.090562 >= 0.0001
Iteration 14 (max 500)
   eps = 0.084103 >= 0.0001
Iteration 15 (max 500)
   eps = 0.078243 >= 0.0001
Iteration 16 (max 500)
   eps = 0.073237 >= 0.0001
Iteration 17 (max 500)
   eps = 0.068763 >= 0.0001
Iteration 18 (max 500)
   eps = 0.064934 >= 0.0001
Iteration 19 (max 500)
   eps = 0.061479 >= 0.0001
Iteration 20 (max 500)
   eps = 0.058432 >= 0.0001
Iteration 21 (max 500)
   eps = 0.05573 >= 0.0001
Iteration 22 (max 500)
   eps = 0.053272 >= 0.0001
Iteration 23 (max 500)
   eps = 0.050909 >= 0.0001
Iteration 24 (max 500)
   eps = 0.048705 >= 0.0001
Iteration 25 (max 500)
   eps = 0.046667 >= 0.0001
Iteration 26 (max 500)
   eps = 0.044802 >= 0.0001
Iteration 27 (max 500)
   eps = 0.043171 >= 0.0001
Iteration 28 (max 500)
   eps = 0.041656 >= 0.0001
Iteration 29 (max 500)
   eps = 0.040196 >= 0.0001
Iteration 30 (max 500)
   eps = 0.038916 >= 0.0001
Iteration 31 (max 500)
   eps = 0.037734 >= 0.0001
Iteration 32 (max 500)
   eps = 0.036786 >= 0.0001
Iteration 33 (max 500)
   eps = 0.035813 >= 0.0001
Iteration 34 (max 500)
   eps = 0.034776 >= 0.0001
Iteration 35 (max 500)
   eps = 0.033864 >= 0.0001
Iteration 36 (max 500)
   eps = 0.033289 >= 0.0001
Iteration 37 (max 500)
   eps = 0.032294 >= 0.0001
Iteration 38 (max 500)
   eps = 0.031612 >= 0.0001
Iteration 39 (max 500)
   eps = 0.030892 >= 0.0001
Iteration 40 (max 500)
   eps = 0.030158 >= 0.0001
Iteration 41 (max 500)
   eps = 0.031395 >= 0.0001
Iteration 42 (max 500)
   eps = 0.031167 >= 0.0001
Iteration 43 (max 500)
   eps = 0.029811 >= 0.0001
Iteration 44 (max 500)
   eps = 0.028656 >= 0.0001
Iteration 45 (max 500)
   eps = 0.027795 >= 0.0001
Iteration 46 (max 500)
   eps = 0.027137 >= 0.0001
Iteration 47 (max 500)
   eps = 0.026545 >= 0.0001
Iteration 48 (max 500)
   eps = 0.025926 >= 0.0001
Iteration 49 (max 500)
   eps = 0.025438 >= 0.0001
Iteration 50 (max 500)
   eps = 0.024965 >= 0.0001
Iteration 51 (max 500)
   eps = 0.024529 >= 0.0001
Iteration 52 (max 500)
   eps = 0.024068 >= 0.0001
Iteration 53 (max 500)
   eps = 0.023607 >= 0.0001
Iteration 54 (max 500)
   eps = 0.023176 >= 0.0001
Iteration 55 (max 500)
   eps = 0.022785 >= 0.0001
Iteration 56 (max 500)
   eps = 0.022417 >= 0.0001
Iteration 57 (max 500)
   eps = 0.022045 >= 0.0001
Iteration 58 (max 500)
   eps = 0.021669 >= 0.0001
Iteration 59 (max 500)
   eps = 0.021302 >= 0.0001
Iteration 60 (max 500)
   eps = 0.020969 >= 0.0001
Iteration 61 (max 500)
   eps = 0.020667 >= 0.0001
Iteration 62 (max 500)
   eps = 0.02041 >= 0.0001
Iteration 63 (max 500)
   eps = 0.020139 >= 0.0001
Iteration 64 (max 500)
   eps = 0.019862 >= 0.0001
Iteration 65 (max 500)
   eps = 0.019587 >= 0.0001
Iteration 66 (max 500)
   eps = 0.01933 >= 0.0001
Iteration 67 (max 500)
   eps = 0.019061 >= 0.0001
Iteration 68 (max 500)
   eps = 0.018801 >= 0.0001
Iteration 69 (max 500)
   eps = 0.01858 >= 0.0001
Iteration 70 (max 500)
   eps = 0.018379 >= 0.0001
Iteration 71 (max 500)
   eps = 0.018167 >= 0.0001
Iteration 72 (max 500)
   eps = 0.017931 >= 0.0001
Iteration 73 (max 500)
   eps = 0.017671 >= 0.0001
Iteration 74 (max 500)
   eps = 0.017411 >= 0.0001
Iteration 75 (max 500)
   eps = 0.017155 >= 0.0001
Iteration 76 (max 500)
   eps = 0.016914 >= 0.0001
Iteration 77 (max 500)
   eps = 0.016698 >= 0.0001
Iteration 78 (max 500)
   eps = 0.016522 >= 0.0001
Iteration 79 (max 500)
   eps = 0.016347 >= 0.0001
Iteration 80 (max 500)
   eps = 0.016182 >= 0.0001
Iteration 81 (max 500)
   eps = 0.015999 >= 0.0001
Iteration 82 (max 500)
   eps = 0.015858 >= 0.0001
Iteration 83 (max 500)
   eps = 0.015686 >= 0.0001
Iteration 84 (max 500)
   eps = 0.015519 >= 0.0001
Iteration 85 (max 500)
   eps = 0.015339 >= 0.0001
Iteration 86 (max 500)
   eps = 0.015149 >= 0.0001
Iteration 87 (max 500)
   eps = 0.014955 >= 0.0001
Iteration 88 (max 500)
   eps = 0.014749 >= 0.0001
Iteration 89 (max 500)
   eps = 0.01455 >= 0.0001
Iteration 90 (max 500)
   eps = 0.014337 >= 0.0001
Iteration 91 (max 500)
   eps = 0.01412 >= 0.0001
Iteration 92 (max 500)
   eps = 0.01391 >= 0.0001
Iteration 93 (max 500)
   eps = 0.013706 >= 0.0001
Iteration 94 (max 500)
   eps = 0.013519 >= 0.0001
Iteration 95 (max 500)
   eps = 0.013339 >= 0.0001
Iteration 96 (max 500)
   eps = 0.013177 >= 0.0001
Iteration 97 (max 500)
   eps = 0.013008 >= 0.0001
Iteration 98 (max 500)
   eps = 0.012847 >= 0.0001
Iteration 99 (max 500)
   eps = 0.012674 >= 0.0001
Iteration 100 (max 500)
   eps = 0.012508 >= 0.0001
Iteration 101 (max 500)
   eps = 0.012322 >= 0.0001
Iteration 102 (max 500)
   eps = 0.012137 >= 0.0001
Iteration 103 (max 500)
   eps = 0.011953 >= 0.0001
Iteration 104 (max 500)
   eps = 0.011789 >= 0.0001
Iteration 105 (max 500)
   eps = 0.011626 >= 0.0001
Iteration 106 (max 500)
   eps = 0.011478 >= 0.0001
Iteration 107 (max 500)
   eps = 0.011316 >= 0.0001
Iteration 108 (max 500)
   eps = 0.011155 >= 0.0001
Iteration 109 (max 500)
   eps = 0.010996 >= 0.0001
Iteration 110 (max 500)
   eps = 0.010843 >= 0.0001
Iteration 111 (max 500)
   eps = 0.010689 >= 0.0001
Iteration 112 (max 500)
   eps = 0.010539 >= 0.0001
Iteration 113 (max 500)
   eps = 0.010406 >= 0.0001
Iteration 114 (max 500)
   eps = 0.010256 >= 0.0001
Iteration 115 (max 500)
   eps = 0.010111 >= 0.0001
Iteration 116 (max 500)
   eps = 0.009985 >= 0.0001
Iteration 117 (max 500)
   eps = 0.009841 >= 0.0001
Iteration 118 (max 500)
   eps = 0.009719 >= 0.0001
Iteration 119 (max 500)
   eps = 0.009585 >= 0.0001
Iteration 120 (max 500)
   eps = 0.009451 >= 0.0001
Iteration 121 (max 500)
   eps = 0.00932 >= 0.0001
Iteration 122 (max 500)
   eps = 0.009215 >= 0.0001
Iteration 123 (max 500)
   eps = 0.009064 >= 0.0001
Iteration 124 (max 500)
   eps = 0.008936 >= 0.0001
Iteration 125 (max 500)
   eps = 0.008798 >= 0.0001
Iteration 126 (max 500)
   eps = 0.008677 >= 0.0001
Iteration 127 (max 500)
   eps = 0.008569 >= 0.0001
Iteration 128 (max 500)
   eps = 0.008428 >= 0.0001
Iteration 129 (max 500)
   eps = 0.008303 >= 0.0001
Iteration 130 (max 500)
   eps = 0.008157 >= 0.0001
Iteration 131 (max 500)
   eps = 0.008044 >= 0.0001
Iteration 132 (max 500)
   eps = 0.007906 >= 0.0001
Iteration 133 (max 500)
   eps = 0.007777 >= 0.0001
Iteration 134 (max 500)
   eps = 0.007632 >= 0.0001
Iteration 135 (max 500)
   eps = 0.007503 >= 0.0001
Iteration 136 (max 500)
   eps = 0.007383 >= 0.0001
Iteration 137 (max 500)
   eps = 0.00726 >= 0.0001
Iteration 138 (max 500)
   eps = 0.007147 >= 0.0001
Iteration 139 (max 500)
   eps = 0.007033 >= 0.0001
Iteration 140 (max 500)
   eps = 0.006939 >= 0.0001
Iteration 141 (max 500)
   eps = 0.006848 >= 0.0001
Iteration 142 (max 500)
   eps = 0.006755 >= 0.0001
Iteration 143 (max 500)
   eps = 0.006658 >= 0.0001
Iteration 144 (max 500)
   eps = 0.006541 >= 0.0001
Iteration 145 (max 500)
   eps = 0.00644 >= 0.0001
Iteration 146 (max 500)
   eps = 0.006316 >= 0.0001
Iteration 147 (max 500)
   eps = 0.006208 >= 0.0001
Iteration 148 (max 500)
   eps = 0.006103 >= 0.0001
Iteration 149 (max 500)
   eps = 0.006015 >= 0.0001
Iteration 150 (max 500)
   eps = 0.005919 >= 0.0001
Iteration 151 (max 500)
   eps = 0.005832 >= 0.0001
Iteration 152 (max 500)
   eps = 0.005758 >= 0.0001
Iteration 153 (max 500)
   eps = 0.005655 >= 0.0001
Iteration 154 (max 500)
   eps = 0.005583 >= 0.0001
Iteration 155 (max 500)
   eps = 0.005499 >= 0.0001
Iteration 156 (max 500)
   eps = 0.005404 >= 0.0001
Iteration 157 (max 500)
   eps = 0.005324 >= 0.0001
Iteration 158 (max 500)
   eps = 0.00524 >= 0.0001
Iteration 159 (max 500)
   eps = 0.005162 >= 0.0001
Iteration 160 (max 500)
   eps = 0.00509 >= 0.0001
Iteration 161 (max 500)
   eps = 0.004997 >= 0.0001
Iteration 162 (max 500)
   eps = 0.004911 >= 0.0001
Iteration 163 (max 500)
   eps = 0.004827 >= 0.0001
Iteration 164 (max 500)
   eps = 0.004756 >= 0.0001
Iteration 165 (max 500)
   eps = 0.004692 >= 0.0001
Iteration 166 (max 500)
   eps = 0.004621 >= 0.0001
Iteration 167 (max 500)
   eps = 0.004556 >= 0.0001
Iteration 168 (max 500)
   eps = 0.004497 >= 0.0001
Iteration 169 (max 500)
   eps = 0.004429 >= 0.0001
Iteration 170 (max 500)
   eps = 0.004361 >= 0.0001
Iteration 171 (max 500)
   eps = 0.004296 >= 0.0001
Iteration 172 (max 500)
   eps = 0.004228 >= 0.0001
Iteration 173 (max 500)
   eps = 0.00417 >= 0.0001
Iteration 174 (max 500)
   eps = 0.004109 >= 0.0001
Iteration 175 (max 500)
   eps = 0.004048 >= 0.0001
Iteration 176 (max 500)
   eps = 0.003986 >= 0.0001
Iteration 177 (max 500)
   eps = 0.003921 >= 0.0001
Iteration 178 (max 500)
   eps = 0.003866 >= 0.0001
Iteration 179 (max 500)
   eps = 0.003811 >= 0.0001
Iteration 180 (max 500)
   eps = 0.003761 >= 0.0001
Iteration 181 (max 500)
   eps = 0.0037 >= 0.0001
Iteration 182 (max 500)
   eps = 0.003639 >= 0.0001
Iteration 183 (max 500)
   eps = 0.003586 >= 0.0001
Iteration 184 (max 500)
   eps = 0.003534 >= 0.0001
Iteration 185 (max 500)
   eps = 0.003474 >= 0.0001
Iteration 186 (max 500)
   eps = 0.00342 >= 0.0001
Iteration 187 (max 500)
   eps = 0.003366 >= 0.0001
Iteration 188 (max 500)
   eps = 0.003312 >= 0.0001
Iteration 189 (max 500)
   eps = 0.003261 >= 0.0001
Iteration 190 (max 500)
   eps = 0.003211 >= 0.0001
Iteration 191 (max 500)
   eps = 0.003165 >= 0.0001
Iteration 192 (max 500)
   eps = 0.003123 >= 0.0001
Iteration 193 (max 500)
   eps = 0.003081 >= 0.0001
Iteration 194 (max 500)
   eps = 0.003034 >= 0.0001
Iteration 195 (max 500)
   eps = 0.002988 >= 0.0001
Iteration 196 (max 500)
   eps = 0.00294 >= 0.0001
Iteration 197 (max 500)
   eps = 0.002894 >= 0.0001
Iteration 198 (max 500)
   eps = 0.002848 >= 0.0001
Iteration 199 (max 500)
   eps = 0.002805 >= 0.0001
Iteration 200 (max 500)
   eps = 0.002766 >= 0.0001
Iteration 201 (max 500)
   eps = 0.002726 >= 0.0001
Iteration 202 (max 500)
   eps = 0.002684 >= 0.0001
Iteration 203 (max 500)
   eps = 0.002646 >= 0.0001
Iteration 204 (max 500)
   eps = 0.002607 >= 0.0001
Iteration 205 (max 500)
   eps = 0.002566 >= 0.0001
Iteration 206 (max 500)
   eps = 0.002526 >= 0.0001
Iteration 207 (max 500)
   eps = 0.002486 >= 0.0001
Iteration 208 (max 500)
   eps = 0.002448 >= 0.0001
Iteration 209 (max 500)
   eps = 0.002412 >= 0.0001
Iteration 210 (max 500)
   eps = 0.00238 >= 0.0001
Iteration 211 (max 500)
   eps = 0.002345 >= 0.0001
Iteration 212 (max 500)
   eps = 0.002311 >= 0.0001
Iteration 213 (max 500)
   eps = 0.002276 >= 0.0001
Iteration 214 (max 500)
   eps = 0.00224 >= 0.0001
Iteration 215 (max 500)
   eps = 0.002205 >= 0.0001
Iteration 216 (max 500)
   eps = 0.00217 >= 0.0001
Iteration 217 (max 500)
   eps = 0.002138 >= 0.0001
Iteration 218 (max 500)
   eps = 0.002105 >= 0.0001
Iteration 219 (max 500)
   eps = 0.002071 >= 0.0001
Iteration 220 (max 500)
   eps = 0.002039 >= 0.0001
Iteration 221 (max 500)
   eps = 0.002008 >= 0.0001
Iteration 222 (max 500)
   eps = 0.001975 >= 0.0001
Iteration 223 (max 500)
   eps = 0.001943 >= 0.0001
Iteration 224 (max 500)
   eps = 0.001909 >= 0.0001
Iteration 225 (max 500)
   eps = 0.001878 >= 0.0001
Iteration 226 (max 500)
   eps = 0.001847 >= 0.0001
Iteration 227 (max 500)
   eps = 0.001816 >= 0.0001
Iteration 228 (max 500)
   eps = 0.001787 >= 0.0001
Iteration 229 (max 500)
   eps = 0.001761 >= 0.0001
Iteration 230 (max 500)
   eps = 0.001737 >= 0.0001
Iteration 231 (max 500)
   eps = 0.001713 >= 0.0001
Iteration 232 (max 500)
   eps = 0.001688 >= 0.0001
Iteration 233 (max 500)
   eps = 0.00166 >= 0.0001
Iteration 234 (max 500)
   eps = 0.001636 >= 0.0001
Iteration 235 (max 500)
   eps = 0.00161 >= 0.0001
Iteration 236 (max 500)
   eps = 0.001584 >= 0.0001
Iteration 237 (max 500)
   eps = 0.001558 >= 0.0001
Iteration 238 (max 500)
   eps = 0.001535 >= 0.0001
Iteration 239 (max 500)
   eps = 0.001512 >= 0.0001
Iteration 240 (max 500)
   eps = 0.001488 >= 0.0001
Iteration 241 (max 500)
   eps = 0.001466 >= 0.0001
Iteration 242 (max 500)
   eps = 0.001442 >= 0.0001
Iteration 243 (max 500)
   eps = 0.00142 >= 0.0001
Iteration 244 (max 500)
   eps = 0.001398 >= 0.0001
Iteration 245 (max 500)
   eps = 0.001376 >= 0.0001
Iteration 246 (max 500)
   eps = 0.001355 >= 0.0001
Iteration 247 (max 500)
   eps = 0.001332 >= 0.0001
Iteration 248 (max 500)
   eps = 0.001312 >= 0.0001
Iteration 249 (max 500)
   eps = 0.001291 >= 0.0001
Iteration 250 (max 500)
   eps = 0.001269 >= 0.0001
Iteration 251 (max 500)
   eps = 0.001246 >= 0.0001
Iteration 252 (max 500)
   eps = 0.001225 >= 0.0001
Iteration 253 (max 500)
   eps = 0.001203 >= 0.0001
Iteration 254 (max 500)
   eps = 0.001184 >= 0.0001
Iteration 255 (max 500)
   eps = 0.001165 >= 0.0001
Iteration 256 (max 500)
   eps = 0.001146 >= 0.0001
Iteration 257 (max 500)
   eps = 0.001127 >= 0.0001
Iteration 258 (max 500)
   eps = 0.001108 >= 0.0001
Iteration 259 (max 500)
   eps = 0.001089 >= 0.0001
Iteration 260 (max 500)
   eps = 0.001072 >= 0.0001
Iteration 261 (max 500)
   eps = 0.001055 >= 0.0001
Iteration 262 (max 500)
   eps = 0.001038 >= 0.0001
Iteration 263 (max 500)
   eps = 0.001022 >= 0.0001
Iteration 264 (max 500)
   eps = 0.001007 >= 0.0001
Iteration 265 (max 500)
   eps = 0.000991 >= 0.0001
Iteration 266 (max 500)
   eps = 0.000975 >= 0.0001
Iteration 267 (max 500)
   eps = 0.000958 >= 0.0001
Iteration 268 (max 500)
   eps = 0.000942 >= 0.0001
Iteration 269 (max 500)
   eps = 0.000926 >= 0.0001
Iteration 270 (max 500)
   eps = 0.000909 >= 0.0001
Iteration 271 (max 500)
   eps = 0.000893 >= 0.0001
Iteration 272 (max 500)
   eps = 0.000878 >= 0.0001
Iteration 273 (max 500)
   eps = 0.000863 >= 0.0001
Iteration 274 (max 500)
   eps = 0.000849 >= 0.0001
Iteration 275 (max 500)
   eps = 0.000842 >= 0.0001
Iteration 276 (max 500)
   eps = 0.000829 >= 0.0001
Iteration 277 (max 500)
   eps = 0.000819 >= 0.0001
Iteration 278 (max 500)
   eps = 0.000805 >= 0.0001
Iteration 279 (max 500)
   eps = 0.000792 >= 0.0001
Iteration 280 (max 500)
   eps = 0.000778 >= 0.0001
Iteration 281 (max 500)
   eps = 0.000764 >= 0.0001
Iteration 282 (max 500)
   eps = 0.000753 >= 0.0001
Iteration 283 (max 500)
   eps = 0.000742 >= 0.0001
Iteration 284 (max 500)
   eps = 0.00073 >= 0.0001
Iteration 285 (max 500)
   eps = 0.00072 >= 0.0001
Iteration 286 (max 500)
   eps = 0.00071 >= 0.0001
Iteration 287 (max 500)
   eps = 0.000701 >= 0.0001
Iteration 288 (max 500)
   eps = 0.000692 >= 0.0001
Iteration 289 (max 500)
   eps = 0.000681 >= 0.0001
Iteration 290 (max 500)
   eps = 0.000669 >= 0.0001
Iteration 291 (max 500)
   eps = 0.000658 >= 0.0001
Iteration 292 (max 500)
   eps = 0.000647 >= 0.0001
Iteration 293 (max 500)
   eps = 0.000636 >= 0.0001
Iteration 294 (max 500)
   eps = 0.000625 >= 0.0001
Iteration 295 (max 500)
   eps = 0.000613 >= 0.0001
Iteration 296 (max 500)
   eps = 0.000602 >= 0.0001
Iteration 297 (max 500)
   eps = 0.000591 >= 0.0001
Iteration 298 (max 500)
   eps = 0.00058 >= 0.0001
Iteration 299 (max 500)
   eps = 0.00057 >= 0.0001
Iteration 300 (max 500)
   eps = 0.000559 >= 0.0001
Iteration 301 (max 500)
   eps = 0.000548 >= 0.0001
Iteration 302 (max 500)
   eps = 0.000538 >= 0.0001
Iteration 303 (max 500)
   eps = 0.000528 >= 0.0001
Iteration 304 (max 500)
   eps = 0.000517 >= 0.0001
Iteration 305 (max 500)
   eps = 0.000506 >= 0.0001
Iteration 306 (max 500)
   eps = 0.000495 >= 0.0001
Iteration 307 (max 500)
   eps = 0.000485 >= 0.0001
Iteration 308 (max 500)
   eps = 0.000475 >= 0.0001
Iteration 309 (max 500)
   eps = 0.000464 >= 0.0001
Iteration 310 (max 500)
   eps = 0.000455 >= 0.0001
Iteration 311 (max 500)
   eps = 0.000446 >= 0.0001
Iteration 312 (max 500)
   eps = 0.000437 >= 0.0001
Iteration 313 (max 500)
   eps = 0.000428 >= 0.0001
Iteration 314 (max 500)
   eps = 0.000421 >= 0.0001
Iteration 315 (max 500)
   eps = 0.000413 >= 0.0001
Iteration 316 (max 500)
   eps = 0.000406 >= 0.0001
Iteration 317 (max 500)
   eps = 0.000401 >= 0.0001
Iteration 318 (max 500)
   eps = 0.000394 >= 0.0001
Iteration 319 (max 500)
   eps = 0.000388 >= 0.0001
Iteration 320 (max 500)
   eps = 0.000383 >= 0.0001
Iteration 321 (max 500)
   eps = 0.000377 >= 0.0001
Iteration 322 (max 500)
   eps = 0.000372 >= 0.0001
Iteration 323 (max 500)
   eps = 0.000365 >= 0.0001
Iteration 324 (max 500)
   eps = 0.000359 >= 0.0001
Iteration 325 (max 500)
   eps = 0.000353 >= 0.0001
Iteration 326 (max 500)
   eps = 0.000347 >= 0.0001
Iteration 327 (max 500)
   eps = 0.000341 >= 0.0001
Iteration 328 (max 500)
   eps = 0.000335 >= 0.0001
Iteration 329 (max 500)
   eps = 0.000329 >= 0.0001
Iteration 330 (max 500)
   eps = 0.000324 >= 0.0001
Iteration 331 (max 500)
   eps = 0.000318 >= 0.0001
Iteration 332 (max 500)
   eps = 0.000312 >= 0.0001
Iteration 333 (max 500)
   eps = 0.000307 >= 0.0001
Iteration 334 (max 500)
   eps = 0.000301 >= 0.0001
Iteration 335 (max 500)
   eps = 0.000296 >= 0.0001
Iteration 336 (max 500)
   eps = 0.000292 >= 0.0001
Iteration 337 (max 500)
   eps = 0.000287 >= 0.0001
Iteration 338 (max 500)
   eps = 0.000282 >= 0.0001
Iteration 339 (max 500)
   eps = 0.000277 >= 0.0001
Iteration 340 (max 500)
   eps = 0.000272 >= 0.0001
Iteration 341 (max 500)
   eps = 0.000268 >= 0.0001
Iteration 342 (max 500)
   eps = 0.000263 >= 0.0001
Iteration 343 (max 500)
   eps = 0.000259 >= 0.0001
Iteration 344 (max 500)
   eps = 0.000254 >= 0.0001
Iteration 345 (max 500)
   eps = 0.00025 >= 0.0001
Iteration 346 (max 500)
   eps = 0.000246 >= 0.0001
Iteration 347 (max 500)
   eps = 0.000242 >= 0.0001
Iteration 348 (max 500)
   eps = 0.000237 >= 0.0001
Iteration 349 (max 500)
   eps = 0.000233 >= 0.0001
Iteration 350 (max 500)
   eps = 0.000229 >= 0.0001
Iteration 351 (max 500)
   eps = 0.000225 >= 0.0001
Iteration 352 (max 500)
   eps = 0.000222 >= 0.0001
Iteration 353 (max 500)
   eps = 0.000218 >= 0.0001
Iteration 354 (max 500)
   eps = 0.000215 >= 0.0001
Iteration 355 (max 500)
   eps = 0.000211 >= 0.0001
Iteration 356 (max 500)
   eps = 0.000208 >= 0.0001
Iteration 357 (max 500)
   eps = 0.000205 >= 0.0001
Iteration 358 (max 500)
   eps = 0.000202 >= 0.0001
Iteration 359 (max 500)
   eps = 0.000199 >= 0.0001
Iteration 360 (max 500)
   eps = 0.000196 >= 0.0001
Iteration 361 (max 500)
   eps = 0.000192 >= 0.0001
Iteration 362 (max 500)
   eps = 0.000189 >= 0.0001
Iteration 363 (max 500)
   eps = 0.000186 >= 0.0001
Iteration 364 (max 500)
   eps = 0.000184 >= 0.0001
Iteration 365 (max 500)
   eps = 0.000181 >= 0.0001
Iteration 366 (max 500)
   eps = 0.000178 >= 0.0001
Iteration 367 (max 500)
   eps = 0.000175 >= 0.0001
Iteration 368 (max 500)
   eps = 0.000172 >= 0.0001
Iteration 369 (max 500)
   eps = 0.00017 >= 0.0001
Iteration 370 (max 500)
   eps = 0.000167 >= 0.0001
Iteration 371 (max 500)
   eps = 0.000164 >= 0.0001
Iteration 372 (max 500)
   eps = 0.000161 >= 0.0001
Iteration 373 (max 500)
   eps = 0.000158 >= 0.0001
Iteration 374 (max 500)
   eps = 0.000155 >= 0.0001
Iteration 375 (max 500)
   eps = 0.000152 >= 0.0001
Iteration 376 (max 500)
   eps = 0.000149 >= 0.0001
Iteration 377 (max 500)
   eps = 0.000147 >= 0.0001
Iteration 378 (max 500)
   eps = 0.000144 >= 0.0001
Iteration 379 (max 500)
   eps = 0.000141 >= 0.0001
Iteration 380 (max 500)
   eps = 0.000139 >= 0.0001
Iteration 381 (max 500)
   eps = 0.000136 >= 0.0001
Iteration 382 (max 500)
   eps = 0.000134 >= 0.0001
Iteration 383 (max 500)
   eps = 0.000132 >= 0.0001
Iteration 384 (max 500)
   eps = 0.000129 >= 0.0001
Iteration 385 (max 500)
   eps = 0.000127 >= 0.0001
Iteration 386 (max 500)
   eps = 0.000125 >= 0.0001
Iteration 387 (max 500)
   eps = 0.000123 >= 0.0001
Iteration 388 (max 500)
   eps = 0.000121 >= 0.0001
Iteration 389 (max 500)
   eps = 0.000119 >= 0.0001
Iteration 390 (max 500)
   eps = 0.000117 >= 0.0001
Iteration 391 (max 500)
   eps = 0.000115 >= 0.0001
Iteration 392 (max 500)
   eps = 0.000113 >= 0.0001
Iteration 393 (max 500)
   eps = 0.000111 >= 0.0001
Iteration 394 (max 500)
   eps = 0.000109 >= 0.0001
Iteration 395 (max 500)
   eps = 0.000107 >= 0.0001
Iteration 396 (max 500)
   eps = 0.000105 >= 0.0001
Iteration 397 (max 500)
   eps = 0.000103 >= 0.0001
Iteration 398 (max 500)
   eps = 0.000102 >= 0.0001
Iteration 399 (max 500)
   eps = 0.0001 >= 0.0001
Iteration 400 (max 500)
Time spent by the wind speed solver: 96.9419755935669 s
Rotates geometries from -45.0 degrees
Interp succeeded!!! for tmp_file
Interp succeeded!!! for tmp_file
Interp succeeded!!! for tmp_file
Interp succeeded!!! for tmp_file
Interp succeeded!!! for tmp_file
Interp succeeded!!! for tmp_file
Process 3978175: Successfully ran URock for tile output 'wind_field_raw_tile_13'.
Process 3978175: Elapsed time for URock ('wind_field_raw_tile_13'): 299.54 seconds.
[Master] Process 3978175 - Tile 13: Finished processing.
[Master] 3978175: exit signal
Info: Debuffered '/storage/project/r-rbasu31-0/hyu483/Test_UMEP/UROCK_output_34_spawn/temp_intermediate_files/tile_13_urock_raw_outputs/z1_5/wind_field_raw_tile_13WS.tif' to '/storage/project/r-rbasu31-0/hyu483/Test_UMEP/UROCK_output_34_spawn/urock_tiled_output/urock_wind_field_tile_13WS.tif' (original extent: (234482.59099838723, 902032.4833440109, 234642.58635222574, 902332.4833440109)).
Connecting to database
	->/tmp/URock_2025-12-21T173307725dd5a2-b02f-44aa-a2b1-bf0b07be41b3/myDbH2
/storage/home/hcoda1/4/hyu483/qgis_332/profiles/default/python/plugins/processing_umep/functions/URock/h2gis-standalone/h2gis-dist-2.2.3.jar
Connected!

Spatial functions added!

Load input data
Load table 'build_pre_srid_20251221173317'
Load table 'veg_pre_srid_20251221173317'
Creates blocks and stacked blocks
Rotates geometries from 45.0 degrees
Identify block base height and block cavity base
Calculates obstacle properties
Calculates zone properties
Initializes upwind facades
Update upwind facades base height
Initializes downwind facades
Calculates study area properties
Roughness zone properties are:

                                 - z0: 2.1129904214625688
                                 - d: 9.834142509487457
                                 - Hr: 14.29843846845336
                                 - H_ob_max: 56
                                 - lambda_f: 0.1477777049657876
Rotates geometries from -45.0 degrees
Rotates geometries from -45.0 degrees
Rotates geometries from -45.0 degrees
Creates displacement zones
Rotates geometries from -45.0 degrees
Rotates geometries from -45.0 degrees
Creates cavity and wake zones
Rotates geometries from -45.0 degrees
Rotates geometries from -45.0 degrees
Creates street canyon zones
Rotates geometries from -45.0 degrees
Creates rooftop zones (perpendicular and corner)
Rotates geometries from -45.0 degrees
Rotates geometries from -45.0 degrees
Creates built-up and open vegetation zones
Rotates geometries from -45.0 degrees
Rotates geometries from -45.0 degrees
Identify the buildings concerned by the impacted zone chosen by the user
Creates the grid of points
Affects each grid point to a building Rockle zone and calculates needed 
          variables for 3D wind speed
Affects each grid point to a vegetation Rockle zone and calculates 
          needed variables for 3D wind speed
Remove some of the Röckle zone points
Creates backward zones
Calculates the 3D wind speed factor value for each point of each BUILDING zone
Rotates geometries from -45.0 degrees
Rotates geometries from -45.0 degrees
Rotates geometries from -45.0 degrees
Rotates geometries from -45.0 degrees
Rotates geometries from -45.0 degrees
Rotates geometries from -45.0 degrees
Rotates geometries from -45.0 degrees
Rotates geometries from -45.0 degrees
Rotates geometries from -45.0 degrees
Calculates the 3D wind speed factor value for each point of each VEGETATION zone
Rotates geometries from -45.0 degrees
Deals with superimposition (keeps only 1 value per 3D point)
Deals with superimposition (keeps only 1 value per 3D point)
Identify upstreamer points in TEMPO_WEIGHTING table
Identify upstreamer points in TEMPO_PRIORITIES table
Identify upstreamer points in TEMPO_PRIORITIES_WEIGHT table
Deals with superimposition (keeps only 1 value per 3D point)
Identify upstreamer points in TEMPO_WEIGHTING table
Identify upstreamer points in TEMPO_PRIORITIES table
Identify upstreamer points in TEMPO_PRIORITIES_WEIGHT table
Rotates geometries from -45.0 degrees
Identify grid points intersecting buildings
Set the initial 3D wind speed field
Time spent for wind speed initialization: 151.15593481063843 s
Shape: (304, 355, 33) - Nb cells: 3561360
Start to apply the wind solver
Iteration 1 (max 500)
   eps = 0.637318 >= 0.0001
Iteration 2 (max 500)
   eps = 0.423757 >= 0.0001
Iteration 3 (max 500)
   eps = 0.331098 >= 0.0001
Iteration 4 (max 500)
   eps = 0.272094 >= 0.0001
Iteration 5 (max 500)
   eps = 0.229481 >= 0.0001
Iteration 6 (max 500)
   eps = 0.196739 >= 0.0001
Iteration 7 (max 500)
   eps = 0.172696 >= 0.0001
Iteration 8 (max 500)
   eps = 0.153663 >= 0.0001
Iteration 9 (max 500)
   eps = 0.138163 >= 0.0001
Iteration 10 (max 500)
   eps = 0.124825 >= 0.0001
Iteration 11 (max 500)
   eps = 0.112987 >= 0.0001
Iteration 12 (max 500)
   eps = 0.102534 >= 0.0001
Iteration 13 (max 500)
   eps = 0.093187 >= 0.0001
Iteration 14 (max 500)
   eps = 0.085247 >= 0.0001
Iteration 15 (max 500)
   eps = 0.07895 >= 0.0001
Iteration 16 (max 500)
   eps = 0.073658 >= 0.0001
Iteration 17 (max 500)
   eps = 0.069194 >= 0.0001
Iteration 18 (max 500)
   eps = 0.065405 >= 0.0001
Iteration 19 (max 500)
   eps = 0.062132 >= 0.0001
Iteration 20 (max 500)
   eps = 0.059362 >= 0.0001
Iteration 21 (max 500)
   eps = 0.057073 >= 0.0001
Iteration 22 (max 500)
   eps = 0.055032 >= 0.0001
Iteration 23 (max 500)
   eps = 0.053162 >= 0.0001
Iteration 24 (max 500)
   eps = 0.051431 >= 0.0001
Iteration 25 (max 500)
   eps = 0.04957 >= 0.0001
Iteration 26 (max 500)
   eps = 0.04811 >= 0.0001
Iteration 27 (max 500)
   eps = 0.046662 >= 0.0001
Iteration 28 (max 500)
   eps = 0.045305 >= 0.0001
Iteration 29 (max 500)
   eps = 0.044085 >= 0.0001
Iteration 30 (max 500)
   eps = 0.042903 >= 0.0001
Iteration 31 (max 500)
   eps = 0.047764 >= 0.0001
Iteration 32 (max 500)
   eps = 0.044532 >= 0.0001
Iteration 33 (max 500)
   eps = 0.041688 >= 0.0001
Iteration 34 (max 500)
   eps = 0.040495 >= 0.0001
Iteration 35 (max 500)
   eps = 0.039999 >= 0.0001
Iteration 36 (max 500)
   eps = 0.03935 >= 0.0001
Iteration 37 (max 500)
   eps = 0.03865 >= 0.0001
Iteration 38 (max 500)
   eps = 0.038055 >= 0.0001
Iteration 39 (max 500)
   eps = 0.037556 >= 0.0001
Iteration 40 (max 500)
   eps = 0.037109 >= 0.0001
Iteration 41 (max 500)
   eps = 0.036631 >= 0.0001
Iteration 42 (max 500)
   eps = 0.0362 >= 0.0001
Iteration 43 (max 500)
   eps = 0.035876 >= 0.0001
Iteration 44 (max 500)
   eps = 0.035498 >= 0.0001
Iteration 45 (max 500)
   eps = 0.03519 >= 0.0001
Iteration 46 (max 500)
   eps = 0.034885 >= 0.0001
Iteration 47 (max 500)
   eps = 0.03458 >= 0.0001
Iteration 48 (max 500)
   eps = 0.034241 >= 0.0001
Iteration 49 (max 500)
   eps = 0.033926 >= 0.0001
Iteration 50 (max 500)
   eps = 0.033593 >= 0.0001
Iteration 51 (max 500)
   eps = 0.033228 >= 0.0001
Iteration 52 (max 500)
   eps = 0.032919 >= 0.0001
Iteration 53 (max 500)
   eps = 0.0326 >= 0.0001
Iteration 54 (max 500)
   eps = 0.032125 >= 0.0001
Iteration 55 (max 500)
   eps = 0.031595 >= 0.0001
Iteration 56 (max 500)
   eps = 0.031083 >= 0.0001
Iteration 57 (max 500)
   eps = 0.03062 >= 0.0001
Iteration 58 (max 500)
   eps = 0.030206 >= 0.0001
Iteration 59 (max 500)
   eps = 0.0298 >= 0.0001
Iteration 60 (max 500)
   eps = 0.02941 >= 0.0001
Iteration 61 (max 500)
   eps = 0.029054 >= 0.0001
Iteration 62 (max 500)
   eps = 0.028802 >= 0.0001
Iteration 63 (max 500)
   eps = 0.028435 >= 0.0001
Iteration 64 (max 500)
   eps = 0.028079 >= 0.0001
Iteration 65 (max 500)
   eps = 0.02777 >= 0.0001
Iteration 66 (max 500)
   eps = 0.027473 >= 0.0001
Iteration 67 (max 500)
   eps = 0.027176 >= 0.0001
Iteration 68 (max 500)
   eps = 0.026869 >= 0.0001
Iteration 69 (max 500)
   eps = 0.026543 >= 0.0001
Iteration 70 (max 500)
   eps = 0.026221 >= 0.0001
Iteration 71 (max 500)
   eps = 0.025886 >= 0.0001
Iteration 72 (max 500)
   eps = 0.025533 >= 0.0001
Iteration 73 (max 500)
   eps = 0.025152 >= 0.0001
Iteration 74 (max 500)
   eps = 0.024738 >= 0.0001
Iteration 75 (max 500)
   eps = 0.024359 >= 0.0001
Iteration 76 (max 500)
   eps = 0.023996 >= 0.0001
Iteration 77 (max 500)
   eps = 0.023649 >= 0.0001
Iteration 78 (max 500)
   eps = 0.023317 >= 0.0001
Iteration 79 (max 500)
   eps = 0.022934 >= 0.0001
Iteration 80 (max 500)
   eps = 0.02257 >= 0.0001
Iteration 81 (max 500)
   eps = 0.022219 >= 0.0001
Iteration 82 (max 500)
   eps = 0.021903 >= 0.0001
Iteration 83 (max 500)
   eps = 0.021584 >= 0.0001
Iteration 84 (max 500)
   eps = 0.021272 >= 0.0001
Iteration 85 (max 500)
   eps = 0.020984 >= 0.0001
Iteration 86 (max 500)
   eps = 0.020702 >= 0.0001
Iteration 87 (max 500)
   eps = 0.020439 >= 0.0001
Iteration 88 (max 500)
   eps = 0.020176 >= 0.0001
Iteration 89 (max 500)
   eps = 0.019908 >= 0.0001
Iteration 90 (max 500)
   eps = 0.019625 >= 0.0001
Iteration 91 (max 500)
   eps = 0.019284 >= 0.0001
Iteration 92 (max 500)
   eps = 0.018948 >= 0.0001
Iteration 93 (max 500)
   eps = 0.018688 >= 0.0001
Iteration 94 (max 500)
   eps = 0.018408 >= 0.0001
Iteration 95 (max 500)
   eps = 0.018168 >= 0.0001
Iteration 96 (max 500)
   eps = 0.017943 >= 0.0001
Iteration 97 (max 500)
   eps = 0.017742 >= 0.0001
Iteration 98 (max 500)
   eps = 0.017495 >= 0.0001
Iteration 99 (max 500)
   eps = 0.017212 >= 0.0001
Iteration 100 (max 500)
   eps = 0.016947 >= 0.0001
Iteration 101 (max 500)
   eps = 0.016676 >= 0.0001
Iteration 102 (max 500)
   eps = 0.016441 >= 0.0001
Iteration 103 (max 500)
   eps = 0.01619 >= 0.0001
Iteration 104 (max 500)
   eps = 0.015961 >= 0.0001
Iteration 105 (max 500)
   eps = 0.015735 >= 0.0001
Iteration 106 (max 500)
   eps = 0.015522 >= 0.0001
Iteration 107 (max 500)
   eps = 0.01529 >= 0.0001
Iteration 108 (max 500)
   eps = 0.015087 >= 0.0001
Iteration 109 (max 500)
   eps = 0.014865 >= 0.0001
Iteration 110 (max 500)
   eps = 0.014641 >= 0.0001
Iteration 111 (max 500)
   eps = 0.014411 >= 0.0001
Iteration 112 (max 500)
   eps = 0.014188 >= 0.0001
Iteration 113 (max 500)
   eps = 0.013983 >= 0.0001
Iteration 114 (max 500)
   eps = 0.01381 >= 0.0001
Iteration 115 (max 500)
   eps = 0.013644 >= 0.0001
Iteration 116 (max 500)
   eps = 0.013479 >= 0.0001
Iteration 117 (max 500)
   eps = 0.013246 >= 0.0001
Iteration 118 (max 500)
   eps = 0.013024 >= 0.0001
Iteration 119 (max 500)
   eps = 0.012854 >= 0.0001
Iteration 120 (max 500)
   eps = 0.012673 >= 0.0001
Iteration 121 (max 500)
   eps = 0.012514 >= 0.0001
Iteration 122 (max 500)
   eps = 0.012372 >= 0.0001
Iteration 123 (max 500)
   eps = 0.012243 >= 0.0001
Iteration 124 (max 500)
   eps = 0.012113 >= 0.0001
Iteration 125 (max 500)
   eps = 0.011969 >= 0.0001
Iteration 126 (max 500)
   eps = 0.011818 >= 0.0001
Iteration 127 (max 500)
   eps = 0.011671 >= 0.0001
Iteration 128 (max 500)
   eps = 0.011496 >= 0.0001
Iteration 129 (max 500)
   eps = 0.011329 >= 0.0001
Iteration 130 (max 500)
   eps = 0.011151 >= 0.0001
Iteration 131 (max 500)
   eps = 0.011008 >= 0.0001
Iteration 132 (max 500)
   eps = 0.010858 >= 0.0001
Iteration 133 (max 500)
   eps = 0.010691 >= 0.0001
Iteration 134 (max 500)
   eps = 0.010538 >= 0.0001
Iteration 135 (max 500)
   eps = 0.010402 >= 0.0001
Iteration 136 (max 500)
   eps = 0.010255 >= 0.0001
Iteration 137 (max 500)
   eps = 0.010111 >= 0.0001
Iteration 138 (max 500)
   eps = 0.009971 >= 0.0001
Iteration 139 (max 500)
   eps = 0.009835 >= 0.0001
Iteration 140 (max 500)
   eps = 0.009702 >= 0.0001
Iteration 141 (max 500)
   eps = 0.009541 >= 0.0001
Iteration 142 (max 500)
   eps = 0.009407 >= 0.0001
Iteration 143 (max 500)
   eps = 0.009261 >= 0.0001
Iteration 144 (max 500)
   eps = 0.009146 >= 0.0001
Iteration 145 (max 500)
   eps = 0.009044 >= 0.0001
Iteration 146 (max 500)
   eps = 0.00891 >= 0.0001
Iteration 147 (max 500)
   eps = 0.008794 >= 0.0001
Iteration 148 (max 500)
   eps = 0.0087 >= 0.0001
Iteration 149 (max 500)
   eps = 0.008606 >= 0.0001
Iteration 150 (max 500)
   eps = 0.008495 >= 0.0001
Iteration 151 (max 500)
   eps = 0.008376 >= 0.0001
Iteration 152 (max 500)
   eps = 0.008266 >= 0.0001
Iteration 153 (max 500)
   eps = 0.008154 >= 0.0001
Iteration 154 (max 500)
   eps = 0.008055 >= 0.0001
Iteration 155 (max 500)
   eps = 0.007938 >= 0.0001
Iteration 156 (max 500)
   eps = 0.007839 >= 0.0001
Iteration 157 (max 500)
   eps = 0.00774 >= 0.0001
Iteration 158 (max 500)
   eps = 0.007644 >= 0.0001
Iteration 159 (max 500)
   eps = 0.007545 >= 0.0001
Iteration 160 (max 500)
   eps = 0.007442 >= 0.0001
Iteration 161 (max 500)
   eps = 0.007348 >= 0.0001
Iteration 162 (max 500)
   eps = 0.00726 >= 0.0001
Iteration 163 (max 500)
   eps = 0.007166 >= 0.0001
Iteration 164 (max 500)
   eps = 0.007072 >= 0.0001
Iteration 165 (max 500)
   eps = 0.006977 >= 0.0001
Iteration 166 (max 500)
   eps = 0.006884 >= 0.0001
Iteration 167 (max 500)
   eps = 0.006798 >= 0.0001
Iteration 168 (max 500)
   eps = 0.006705 >= 0.0001
Iteration 169 (max 500)
   eps = 0.006619 >= 0.0001
Iteration 170 (max 500)
   eps = 0.006531 >= 0.0001
Iteration 171 (max 500)
   eps = 0.006451 >= 0.0001
Iteration 172 (max 500)
   eps = 0.006369 >= 0.0001
Iteration 173 (max 500)
   eps = 0.006281 >= 0.0001
Iteration 174 (max 500)
   eps = 0.006204 >= 0.0001
Iteration 175 (max 500)
   eps = 0.00611 >= 0.0001
Iteration 176 (max 500)
   eps = 0.006017 >= 0.0001
Iteration 177 (max 500)
   eps = 0.005925 >= 0.0001
Iteration 178 (max 500)
   eps = 0.005852 >= 0.0001
Iteration 179 (max 500)
   eps = 0.005799 >= 0.0001
Iteration 180 (max 500)
   eps = 0.005743 >= 0.0001
Iteration 181 (max 500)
   eps = 0.00568 >= 0.0001
Iteration 182 (max 500)
   eps = 0.005612 >= 0.0001
Iteration 183 (max 500)
   eps = 0.005539 >= 0.0001
Iteration 184 (max 500)
   eps = 0.005462 >= 0.0001
Iteration 185 (max 500)
   eps = 0.005382 >= 0.0001
Iteration 186 (max 500)
   eps = 0.005301 >= 0.0001
Iteration 187 (max 500)
   eps = 0.005225 >= 0.0001
Iteration 188 (max 500)
   eps = 0.005161 >= 0.0001
Iteration 189 (max 500)
   eps = 0.005099 >= 0.0001
Iteration 190 (max 500)
   eps = 0.005021 >= 0.0001
Iteration 191 (max 500)
   eps = 0.004932 >= 0.0001
Iteration 192 (max 500)
   eps = 0.004845 >= 0.0001
Iteration 193 (max 500)
   eps = 0.004764 >= 0.0001
Iteration 194 (max 500)
   eps = 0.004692 >= 0.0001
Iteration 195 (max 500)
   eps = 0.004621 >= 0.0001
Iteration 196 (max 500)
   eps = 0.004557 >= 0.0001
Iteration 197 (max 500)
   eps = 0.0045 >= 0.0001
Iteration 198 (max 500)
   eps = 0.004441 >= 0.0001
Iteration 199 (max 500)
   eps = 0.004374 >= 0.0001
Iteration 200 (max 500)
   eps = 0.004304 >= 0.0001
Iteration 201 (max 500)
   eps = 0.004236 >= 0.0001
Iteration 202 (max 500)
   eps = 0.004174 >= 0.0001
Iteration 203 (max 500)
   eps = 0.004114 >= 0.0001
Iteration 204 (max 500)
   eps = 0.00406 >= 0.0001
Iteration 205 (max 500)
   eps = 0.004004 >= 0.0001
Iteration 206 (max 500)
   eps = 0.003944 >= 0.0001
Iteration 207 (max 500)
   eps = 0.003888 >= 0.0001
Iteration 208 (max 500)
   eps = 0.003836 >= 0.0001
Iteration 209 (max 500)
   eps = 0.003785 >= 0.0001
Iteration 210 (max 500)
   eps = 0.003735 >= 0.0001
Iteration 211 (max 500)
   eps = 0.003689 >= 0.0001
Iteration 212 (max 500)
   eps = 0.003642 >= 0.0001
Iteration 213 (max 500)
   eps = 0.003593 >= 0.0001
Iteration 214 (max 500)
   eps = 0.003549 >= 0.0001
Iteration 215 (max 500)
   eps = 0.003504 >= 0.0001
Iteration 216 (max 500)
   eps = 0.003461 >= 0.0001
Iteration 217 (max 500)
   eps = 0.003415 >= 0.0001
Iteration 218 (max 500)
   eps = 0.003369 >= 0.0001
Iteration 219 (max 500)
   eps = 0.003323 >= 0.0001
Iteration 220 (max 500)
   eps = 0.003289 >= 0.0001
Iteration 221 (max 500)
   eps = 0.003253 >= 0.0001
Iteration 222 (max 500)
   eps = 0.003213 >= 0.0001
Iteration 223 (max 500)
   eps = 0.003168 >= 0.0001
Iteration 224 (max 500)
   eps = 0.003119 >= 0.0001
Iteration 225 (max 500)
   eps = 0.003073 >= 0.0001
Iteration 226 (max 500)
   eps = 0.003027 >= 0.0001
Iteration 227 (max 500)
   eps = 0.002985 >= 0.0001
Iteration 228 (max 500)
   eps = 0.00294 >= 0.0001
Iteration 229 (max 500)
   eps = 0.002898 >= 0.0001
Iteration 230 (max 500)
   eps = 0.002853 >= 0.0001
Iteration 231 (max 500)
   eps = 0.00281 >= 0.0001
Iteration 232 (max 500)
   eps = 0.002768 >= 0.0001
Iteration 233 (max 500)
   eps = 0.002725 >= 0.0001
Iteration 234 (max 500)
   eps = 0.002686 >= 0.0001
Iteration 235 (max 500)
   eps = 0.002649 >= 0.0001
Iteration 236 (max 500)
   eps = 0.002611 >= 0.0001
Iteration 237 (max 500)
   eps = 0.002576 >= 0.0001
Iteration 238 (max 500)
   eps = 0.002541 >= 0.0001
Iteration 239 (max 500)
   eps = 0.002505 >= 0.0001
Iteration 240 (max 500)
   eps = 0.002472 >= 0.0001
Iteration 241 (max 500)
   eps = 0.00244 >= 0.0001
Iteration 242 (max 500)
   eps = 0.002403 >= 0.0001
Iteration 243 (max 500)
   eps = 0.002364 >= 0.0001
Iteration 244 (max 500)
   eps = 0.002325 >= 0.0001
Iteration 245 (max 500)
   eps = 0.002287 >= 0.0001
Iteration 246 (max 500)
   eps = 0.002249 >= 0.0001
Iteration 247 (max 500)
   eps = 0.002216 >= 0.0001
Iteration 248 (max 500)
   eps = 0.002186 >= 0.0001
Iteration 249 (max 500)
   eps = 0.002159 >= 0.0001
Iteration 250 (max 500)
   eps = 0.002131 >= 0.0001
Iteration 251 (max 500)
   eps = 0.002102 >= 0.0001
Iteration 252 (max 500)
   eps = 0.002073 >= 0.0001
Iteration 253 (max 500)
   eps = 0.002047 >= 0.0001
Iteration 254 (max 500)
   eps = 0.002021 >= 0.0001
Iteration 255 (max 500)
   eps = 0.001995 >= 0.0001
Iteration 256 (max 500)
   eps = 0.001969 >= 0.0001
Iteration 257 (max 500)
   eps = 0.001943 >= 0.0001
Iteration 258 (max 500)
   eps = 0.001913 >= 0.0001
Iteration 259 (max 500)
   eps = 0.001878 >= 0.0001
Iteration 260 (max 500)
   eps = 0.001848 >= 0.0001
Iteration 261 (max 500)
   eps = 0.001824 >= 0.0001
Iteration 262 (max 500)
   eps = 0.001801 >= 0.0001
Iteration 263 (max 500)
   eps = 0.001775 >= 0.0001
Iteration 264 (max 500)
   eps = 0.00175 >= 0.0001
Iteration 265 (max 500)
   eps = 0.001724 >= 0.0001
Iteration 266 (max 500)
   eps = 0.001697 >= 0.0001
Iteration 267 (max 500)
   eps = 0.001673 >= 0.0001
Iteration 268 (max 500)
   eps = 0.001648 >= 0.0001
Iteration 269 (max 500)
   eps = 0.001623 >= 0.0001
Iteration 270 (max 500)
   eps = 0.0016 >= 0.0001
Iteration 271 (max 500)
   eps = 0.001579 >= 0.0001
Iteration 272 (max 500)
   eps = 0.001559 >= 0.0001
Iteration 273 (max 500)
   eps = 0.001539 >= 0.0001
Iteration 274 (max 500)
   eps = 0.001519 >= 0.0001
Iteration 275 (max 500)
   eps = 0.001499 >= 0.0001
Iteration 276 (max 500)
   eps = 0.00148 >= 0.0001
Iteration 277 (max 500)
   eps = 0.001458 >= 0.0001
Iteration 278 (max 500)
   eps = 0.001436 >= 0.0001
Iteration 279 (max 500)
   eps = 0.001415 >= 0.0001
Iteration 280 (max 500)
   eps = 0.001394 >= 0.0001
Iteration 281 (max 500)
   eps = 0.001375 >= 0.0001
Iteration 282 (max 500)
   eps = 0.001355 >= 0.0001
Iteration 283 (max 500)
   eps = 0.001335 >= 0.0001
Iteration 284 (max 500)
   eps = 0.001317 >= 0.0001
Iteration 285 (max 500)
   eps = 0.001297 >= 0.0001
Iteration 286 (max 500)
   eps = 0.001276 >= 0.0001
Iteration 287 (max 500)
   eps = 0.001255 >= 0.0001
Iteration 288 (max 500)
   eps = 0.001239 >= 0.0001
Iteration 289 (max 500)
   eps = 0.001223 >= 0.0001
Iteration 290 (max 500)
   eps = 0.001204 >= 0.0001
Iteration 291 (max 500)
   eps = 0.001187 >= 0.0001
Iteration 292 (max 500)
   eps = 0.00117 >= 0.0001
Iteration 293 (max 500)
   eps = 0.001153 >= 0.0001
Iteration 294 (max 500)
   eps = 0.001134 >= 0.0001
Iteration 295 (max 500)
   eps = 0.001115 >= 0.0001
Iteration 296 (max 500)
   eps = 0.001098 >= 0.0001
Iteration 297 (max 500)
   eps = 0.001083 >= 0.0001
Iteration 298 (max 500)
   eps = 0.001069 >= 0.0001
Iteration 299 (max 500)
   eps = 0.001053 >= 0.0001
Iteration 300 (max 500)
   eps = 0.001038 >= 0.0001
Iteration 301 (max 500)
   eps = 0.001021 >= 0.0001
Iteration 302 (max 500)
   eps = 0.001006 >= 0.0001
Iteration 303 (max 500)
   eps = 0.00099 >= 0.0001
Iteration 304 (max 500)
   eps = 0.000973 >= 0.0001
Iteration 305 (max 500)
   eps = 0.000958 >= 0.0001
Iteration 306 (max 500)
   eps = 0.000943 >= 0.0001
Iteration 307 (max 500)
   eps = 0.000929 >= 0.0001
Iteration 308 (max 500)
   eps = 0.000916 >= 0.0001
Iteration 309 (max 500)
   eps = 0.000906 >= 0.0001
Iteration 310 (max 500)
   eps = 0.000894 >= 0.0001
Iteration 311 (max 500)
   eps = 0.000883 >= 0.0001
Iteration 312 (max 500)
   eps = 0.000871 >= 0.0001
Iteration 313 (max 500)
   eps = 0.000857 >= 0.0001
Iteration 314 (max 500)
   eps = 0.000845 >= 0.0001
Iteration 315 (max 500)
   eps = 0.000832 >= 0.0001
Iteration 316 (max 500)
   eps = 0.00082 >= 0.0001
Iteration 317 (max 500)
   eps = 0.000807 >= 0.0001
Iteration 318 (max 500)
   eps = 0.000794 >= 0.0001
Iteration 319 (max 500)
   eps = 0.000782 >= 0.0001
Iteration 320 (max 500)
   eps = 0.00077 >= 0.0001
Iteration 321 (max 500)
   eps = 0.000758 >= 0.0001
Iteration 322 (max 500)
   eps = 0.000746 >= 0.0001
Iteration 323 (max 500)
   eps = 0.000735 >= 0.0001
Iteration 324 (max 500)
   eps = 0.000724 >= 0.0001
Iteration 325 (max 500)
   eps = 0.000713 >= 0.0001
Iteration 326 (max 500)
   eps = 0.000703 >= 0.0001
Iteration 327 (max 500)
   eps = 0.000692 >= 0.0001
Iteration 328 (max 500)
   eps = 0.00068 >= 0.0001
Iteration 329 (max 500)
   eps = 0.000669 >= 0.0001
Iteration 330 (max 500)
   eps = 0.000659 >= 0.0001
Iteration 331 (max 500)
   eps = 0.000649 >= 0.0001
Iteration 332 (max 500)
   eps = 0.00064 >= 0.0001
Iteration 333 (max 500)
   eps = 0.000631 >= 0.0001
Iteration 334 (max 500)
   eps = 0.000621 >= 0.0001
Iteration 335 (max 500)
   eps = 0.000611 >= 0.0001
Iteration 336 (max 500)
   eps = 0.000602 >= 0.0001
Iteration 337 (max 500)
   eps = 0.000592 >= 0.0001
Iteration 338 (max 500)
   eps = 0.000583 >= 0.0001
Iteration 339 (max 500)
   eps = 0.000574 >= 0.0001
Iteration 340 (max 500)
   eps = 0.000565 >= 0.0001
Iteration 341 (max 500)
   eps = 0.000557 >= 0.0001
Iteration 342 (max 500)
   eps = 0.000548 >= 0.0001
Iteration 343 (max 500)
   eps = 0.000541 >= 0.0001
Iteration 344 (max 500)
   eps = 0.000533 >= 0.0001
Iteration 345 (max 500)
   eps = 0.000525 >= 0.0001
Iteration 346 (max 500)
   eps = 0.000517 >= 0.0001
Iteration 347 (max 500)
   eps = 0.000509 >= 0.0001
Iteration 348 (max 500)
   eps = 0.000501 >= 0.0001
Iteration 349 (max 500)
   eps = 0.000493 >= 0.0001
Iteration 350 (max 500)
   eps = 0.000486 >= 0.0001
Iteration 351 (max 500)
   eps = 0.000479 >= 0.0001
Iteration 352 (max 500)
   eps = 0.000472 >= 0.0001
Iteration 353 (max 500)
   eps = 0.000464 >= 0.0001
Iteration 354 (max 500)
   eps = 0.000455 >= 0.0001
Iteration 355 (max 500)
   eps = 0.000448 >= 0.0001
Iteration 356 (max 500)
   eps = 0.000441 >= 0.0001
Iteration 357 (max 500)
   eps = 0.000434 >= 0.0001
Iteration 358 (max 500)
   eps = 0.000427 >= 0.0001
Iteration 359 (max 500)
   eps = 0.00042 >= 0.0001
Iteration 360 (max 500)
   eps = 0.000413 >= 0.0001
Iteration 361 (max 500)
   eps = 0.000406 >= 0.0001
Iteration 362 (max 500)
   eps = 0.0004 >= 0.0001
Iteration 363 (max 500)
   eps = 0.000394 >= 0.0001
Iteration 364 (max 500)
   eps = 0.000388 >= 0.0001
Iteration 365 (max 500)
   eps = 0.000382 >= 0.0001
Iteration 366 (max 500)
   eps = 0.000376 >= 0.0001
Iteration 367 (max 500)
   eps = 0.00037 >= 0.0001
Iteration 368 (max 500)
   eps = 0.000364 >= 0.0001
Iteration 369 (max 500)
   eps = 0.000359 >= 0.0001
Iteration 370 (max 500)
   eps = 0.000353 >= 0.0001
Iteration 371 (max 500)
   eps = 0.000347 >= 0.0001
Iteration 372 (max 500)
   eps = 0.000341 >= 0.0001
Iteration 373 (max 500)
   eps = 0.000336 >= 0.0001
Iteration 374 (max 500)
   eps = 0.00033 >= 0.0001
Iteration 375 (max 500)
   eps = 0.000324 >= 0.0001
Iteration 376 (max 500)
   eps = 0.000319 >= 0.0001
Iteration 377 (max 500)
   eps = 0.000314 >= 0.0001
Iteration 378 (max 500)
   eps = 0.000309 >= 0.0001
Iteration 379 (max 500)
   eps = 0.000305 >= 0.0001
Iteration 380 (max 500)
   eps = 0.0003 >= 0.0001
Iteration 381 (max 500)
   eps = 0.000295 >= 0.0001
Iteration 382 (max 500)
   eps = 0.00029 >= 0.0001
Iteration 383 (max 500)
   eps = 0.000285 >= 0.0001
Iteration 384 (max 500)
   eps = 0.000281 >= 0.0001
Iteration 385 (max 500)
   eps = 0.000276 >= 0.0001
Iteration 386 (max 500)
   eps = 0.000273 >= 0.0001
Iteration 387 (max 500)
   eps = 0.000269 >= 0.0001
Iteration 388 (max 500)
   eps = 0.000264 >= 0.0001
Iteration 389 (max 500)
   eps = 0.00026 >= 0.0001
Iteration 390 (max 500)
   eps = 0.000257 >= 0.0001
Iteration 391 (max 500)
   eps = 0.000253 >= 0.0001
Iteration 392 (max 500)
   eps = 0.000249 >= 0.0001
Iteration 393 (max 500)
   eps = 0.000244 >= 0.0001
Iteration 394 (max 500)
   eps = 0.00024 >= 0.0001
Iteration 395 (max 500)
   eps = 0.000237 >= 0.0001
Iteration 396 (max 500)
   eps = 0.000233 >= 0.0001
Iteration 397 (max 500)
   eps = 0.00023 >= 0.0001
Iteration 398 (max 500)
   eps = 0.000227 >= 0.0001
Iteration 399 (max 500)
   eps = 0.000223 >= 0.0001
Iteration 400 (max 500)
   eps = 0.000219 >= 0.0001
Iteration 401 (max 500)
   eps = 0.000215 >= 0.0001
Iteration 402 (max 500)
   eps = 0.000211 >= 0.0001
Iteration 403 (max 500)
   eps = 0.000207 >= 0.0001
Iteration 404 (max 500)
   eps = 0.000204 >= 0.0001
Iteration 405 (max 500)
   eps = 0.0002 >= 0.0001
Iteration 406 (max 500)
   eps = 0.000197 >= 0.0001
Iteration 407 (max 500)
   eps = 0.000193 >= 0.0001
Iteration 408 (max 500)
   eps = 0.00019 >= 0.0001
Iteration 409 (max 500)
   eps = 0.000187 >= 0.0001
Iteration 410 (max 500)
   eps = 0.000184 >= 0.0001
Iteration 411 (max 500)
   eps = 0.000181 >= 0.0001
Iteration 412 (max 500)
   eps = 0.000178 >= 0.0001
Iteration 413 (max 500)
   eps = 0.000175 >= 0.0001
Iteration 414 (max 500)
   eps = 0.000172 >= 0.0001
Iteration 415 (max 500)
   eps = 0.000169 >= 0.0001
Iteration 416 (max 500)
   eps = 0.000166 >= 0.0001
Iteration 417 (max 500)
   eps = 0.000163 >= 0.0001
Iteration 418 (max 500)
   eps = 0.00016 >= 0.0001
Iteration 419 (max 500)
   eps = 0.000158 >= 0.0001
Iteration 420 (max 500)
   eps = 0.000155 >= 0.0001
Iteration 421 (max 500)
   eps = 0.000153 >= 0.0001
Iteration 422 (max 500)
   eps = 0.00015 >= 0.0001
Iteration 423 (max 500)
   eps = 0.000148 >= 0.0001
Iteration 424 (max 500)
   eps = 0.000147 >= 0.0001
Iteration 425 (max 500)
   eps = 0.000145 >= 0.0001
Iteration 426 (max 500)
   eps = 0.000143 >= 0.0001
Iteration 427 (max 500)
   eps = 0.000141 >= 0.0001
Iteration 428 (max 500)
   eps = 0.000138 >= 0.0001
Iteration 429 (max 500)
   eps = 0.000136 >= 0.0001
Iteration 430 (max 500)
   eps = 0.000133 >= 0.0001
Iteration 431 (max 500)
   eps = 0.000131 >= 0.0001
Iteration 432 (max 500)
   eps = 0.000128 >= 0.0001
Iteration 433 (max 500)
   eps = 0.000126 >= 0.0001
Iteration 434 (max 500)
   eps = 0.000123 >= 0.0001
Iteration 435 (max 500)
   eps = 0.000121 >= 0.0001
Iteration 436 (max 500)
   eps = 0.000119 >= 0.0001
Iteration 437 (max 500)
   eps = 0.000117 >= 0.0001
Iteration 438 (max 500)
   eps = 0.000115 >= 0.0001
Iteration 439 (max 500)
   eps = 0.000114 >= 0.0001
Iteration 440 (max 500)
   eps = 0.000112 >= 0.0001
Iteration 441 (max 500)
   eps = 0.000111 >= 0.0001
Iteration 442 (max 500)
   eps = 0.000109 >= 0.0001
Iteration 443 (max 500)
   eps = 0.000107 >= 0.0001
Iteration 444 (max 500)
   eps = 0.000105 >= 0.0001
Iteration 445 (max 500)
   eps = 0.000103 >= 0.0001
Iteration 446 (max 500)
   eps = 0.000101 >= 0.0001
Iteration 447 (max 500)
Time spent by the wind speed solver: 99.47481393814087 s
Rotates geometries from -45.0 degrees
Interp succeeded!!! for tmp_file
Interp succeeded!!! for tmp_file
Interp succeeded!!! for tmp_file
Interp succeeded!!! for tmp_file
Interp succeeded!!! for tmp_file
Interp succeeded!!! for tmp_file
Process 3978151: Successfully ran URock for tile output 'wind_field_raw_tile_1'.
Process 3978151: Elapsed time for URock ('wind_field_raw_tile_1'): 330.39 seconds.
[Master] Process 3978151 - Tile 1: Finished processing.
[Master] 3978151: exit signal
Info: Debuffered '/storage/project/r-rbasu31-0/hyu483/Test_UMEP/UROCK_output_34_spawn/temp_intermediate_files/tile_1_urock_raw_outputs/z1_5/wind_field_raw_tile_1WS.tif' to '/storage/project/r-rbasu31-0/hyu483/Test_UMEP/UROCK_output_34_spawn/urock_tiled_output/urock_wind_field_tile_1WS.tif' (original extent: (233582.59099838723, 902032.4833440109, 233882.59099838723, 902332.4833440109)).
Connecting to database
	->/tmp/URock_2025-12-21T17330646cb8fa1-151f-4f09-8e87-1505d9e47cb3/myDbH2
/storage/home/hcoda1/4/hyu483/qgis_332/profiles/default/python/plugins/processing_umep/functions/URock/h2gis-standalone/h2gis-dist-2.2.3.jar
Connected!

Spatial functions added!

Load input data
Load table 'build_pre_srid_20251221173315'
Load table 'veg_pre_srid_20251221173315'
Creates blocks and stacked blocks
Rotates geometries from 45.0 degrees
Identify block base height and block cavity base
Calculates obstacle properties
Calculates zone properties
Initializes upwind facades
Update upwind facades base height
Initializes downwind facades
Calculates study area properties
Roughness zone properties are:

                                 - z0: 1.51846284103265
                                 - d: 7.13533291822279
                                 - Hr: 10.123085606884333
                                 - H_ob_max: 56
                                 - lambda_f: 0.1638786010830865
Rotates geometries from -45.0 degrees
Rotates geometries from -45.0 degrees
Rotates geometries from -45.0 degrees
Creates displacement zones
Rotates geometries from -45.0 degrees
Rotates geometries from -45.0 degrees
Creates cavity and wake zones
Rotates geometries from -45.0 degrees
Rotates geometries from -45.0 degrees
Creates street canyon zones
Rotates geometries from -45.0 degrees
Creates rooftop zones (perpendicular and corner)
Rotates geometries from -45.0 degrees
Rotates geometries from -45.0 degrees
Creates built-up and open vegetation zones
Rotates geometries from -45.0 degrees
Rotates geometries from -45.0 degrees
Identify the buildings concerned by the impacted zone chosen by the user
Creates the grid of points
Affects each grid point to a building Rockle zone and calculates needed 
          variables for 3D wind speed
Affects each grid point to a vegetation Rockle zone and calculates 
          needed variables for 3D wind speed
Remove some of the Röckle zone points
Creates backward zones
Calculates the 3D wind speed factor value for each point of each BUILDING zone
Rotates geometries from -45.0 degrees
Rotates geometries from -45.0 degrees
Rotates geometries from -45.0 degrees
Rotates geometries from -45.0 degrees
Rotates geometries from -45.0 degrees
Rotates geometries from -45.0 degrees
Rotates geometries from -45.0 degrees
Rotates geometries from -45.0 degrees
Rotates geometries from -45.0 degrees
Calculates the 3D wind speed factor value for each point of each VEGETATION zone
Rotates geometries from -45.0 degrees
Deals with superimposition (keeps only 1 value per 3D point)
Deals with superimposition (keeps only 1 value per 3D point)
Identify upstreamer points in TEMPO_WEIGHTING table
Identify upstreamer points in TEMPO_PRIORITIES table
Identify upstreamer points in TEMPO_PRIORITIES_WEIGHT table
Deals with superimposition (keeps only 1 value per 3D point)
Identify upstreamer points in TEMPO_WEIGHTING table
Identify upstreamer points in TEMPO_PRIORITIES table
Identify upstreamer points in TEMPO_PRIORITIES_WEIGHT table
Rotates geometries from -45.0 degrees
Identify grid points intersecting buildings
Set the initial 3D wind speed field
Time spent for wind speed initialization: 149.63041424751282 s
Shape: (333, 370, 28) - Nb cells: 3449880
Start to apply the wind solver
Iteration 1 (max 500)
   eps = 0.588034 >= 0.0001
Iteration 2 (max 500)
   eps = 0.427177 >= 0.0001
Iteration 3 (max 500)
   eps = 0.345596 >= 0.0001
Iteration 4 (max 500)
   eps = 0.289978 >= 0.0001
Iteration 5 (max 500)
   eps = 0.244972 >= 0.0001
Iteration 6 (max 500)
   eps = 0.210795 >= 0.0001
Iteration 7 (max 500)
   eps = 0.184952 >= 0.0001
Iteration 8 (max 500)
   eps = 0.164905 >= 0.0001
Iteration 9 (max 500)
   eps = 0.148457 >= 0.0001
Iteration 10 (max 500)
   eps = 0.135762 >= 0.0001
Iteration 11 (max 500)
   eps = 0.12562 >= 0.0001
Iteration 12 (max 500)
   eps = 0.117461 >= 0.0001
Iteration 13 (max 500)
   eps = 0.11088 >= 0.0001
Iteration 14 (max 500)
   eps = 0.1051 >= 0.0001
Iteration 15 (max 500)
   eps = 0.100321 >= 0.0001
Iteration 16 (max 500)
   eps = 0.096038 >= 0.0001
Iteration 17 (max 500)
   eps = 0.092084 >= 0.0001
Iteration 18 (max 500)
   eps = 0.088571 >= 0.0001
Iteration 19 (max 500)
   eps = 0.085395 >= 0.0001
Iteration 20 (max 500)
   eps = 0.082516 >= 0.0001
Iteration 21 (max 500)
   eps = 0.080567 >= 0.0001
Iteration 22 (max 500)
   eps = 0.078702 >= 0.0001
Iteration 23 (max 500)
   eps = 0.076823 >= 0.0001
Iteration 24 (max 500)
   eps = 0.07532 >= 0.0001
Iteration 25 (max 500)
   eps = 0.073171 >= 0.0001
Iteration 26 (max 500)
   eps = 0.094003 >= 0.0001
Iteration 27 (max 500)
   eps = 0.078669 >= 0.0001
Iteration 28 (max 500)
   eps = 0.073249 >= 0.0001
Iteration 29 (max 500)
   eps = 0.071496 >= 0.0001
Iteration 30 (max 500)
   eps = 0.070398 >= 0.0001
Iteration 31 (max 500)
   eps = 0.06937 >= 0.0001
Iteration 32 (max 500)
   eps = 0.068542 >= 0.0001
Iteration 33 (max 500)
   eps = 0.06793 >= 0.0001
Iteration 34 (max 500)
   eps = 0.067181 >= 0.0001
Iteration 35 (max 500)
   eps = 0.066506 >= 0.0001
Iteration 36 (max 500)
   eps = 0.065669 >= 0.0001
Iteration 37 (max 500)
   eps = 0.064717 >= 0.0001
Iteration 38 (max 500)
   eps = 0.063624 >= 0.0001
Iteration 39 (max 500)
   eps = 0.06246 >= 0.0001
Iteration 40 (max 500)
   eps = 0.06146 >= 0.0001
Iteration 41 (max 500)
   eps = 0.060698 >= 0.0001
Iteration 42 (max 500)
   eps = 0.059928 >= 0.0001
Iteration 43 (max 500)
   eps = 0.059243 >= 0.0001
Iteration 44 (max 500)
   eps = 0.058703 >= 0.0001
Iteration 45 (max 500)
   eps = 0.058111 >= 0.0001
Iteration 46 (max 500)
   eps = 0.057619 >= 0.0001
Iteration 47 (max 500)
   eps = 0.057167 >= 0.0001
Iteration 48 (max 500)
   eps = 0.056462 >= 0.0001
Iteration 49 (max 500)
   eps = 0.05564 >= 0.0001
Iteration 50 (max 500)
   eps = 0.054876 >= 0.0001
Iteration 51 (max 500)
   eps = 0.054163 >= 0.0001
Iteration 52 (max 500)
   eps = 0.054176 >= 0.0001
Iteration 53 (max 500)
   eps = 0.053163 >= 0.0001
Iteration 54 (max 500)
   eps = 0.052327 >= 0.0001
Iteration 55 (max 500)
   eps = 0.051621 >= 0.0001
Iteration 56 (max 500)
   eps = 0.051034 >= 0.0001
Iteration 57 (max 500)
   eps = 0.050418 >= 0.0001
Iteration 58 (max 500)
   eps = 0.049563 >= 0.0001
Iteration 59 (max 500)
   eps = 0.04874 >= 0.0001
Iteration 60 (max 500)
   eps = 0.047948 >= 0.0001
Iteration 61 (max 500)
   eps = 0.047158 >= 0.0001
Iteration 62 (max 500)
   eps = 0.046431 >= 0.0001
Iteration 63 (max 500)
   eps = 0.045755 >= 0.0001
Iteration 64 (max 500)
   eps = 0.045062 >= 0.0001
Iteration 65 (max 500)
   eps = 0.044394 >= 0.0001
Iteration 66 (max 500)
   eps = 0.043804 >= 0.0001
Iteration 67 (max 500)
   eps = 0.0432 >= 0.0001
Iteration 68 (max 500)
   eps = 0.042672 >= 0.0001
Iteration 69 (max 500)
   eps = 0.042078 >= 0.0001
Iteration 70 (max 500)
   eps = 0.041468 >= 0.0001
Iteration 71 (max 500)
   eps = 0.040867 >= 0.0001
Iteration 72 (max 500)
   eps = 0.04027 >= 0.0001
Iteration 73 (max 500)
   eps = 0.0397 >= 0.0001
Iteration 74 (max 500)
   eps = 0.039185 >= 0.0001
Iteration 75 (max 500)
   eps = 0.038626 >= 0.0001
Iteration 76 (max 500)
   eps = 0.038059 >= 0.0001
Iteration 77 (max 500)
   eps = 0.037514 >= 0.0001
Iteration 78 (max 500)
   eps = 0.036905 >= 0.0001
Iteration 79 (max 500)
   eps = 0.036291 >= 0.0001
Iteration 80 (max 500)
   eps = 0.035586 >= 0.0001
Iteration 81 (max 500)
   eps = 0.034994 >= 0.0001
Iteration 82 (max 500)
   eps = 0.03443 >= 0.0001
Iteration 83 (max 500)
   eps = 0.033915 >= 0.0001
Iteration 84 (max 500)
   eps = 0.033415 >= 0.0001
Iteration 85 (max 500)
   eps = 0.032986 >= 0.0001
Iteration 86 (max 500)
   eps = 0.032475 >= 0.0001
Iteration 87 (max 500)
   eps = 0.032002 >= 0.0001
Iteration 88 (max 500)
   eps = 0.031498 >= 0.0001
Iteration 89 (max 500)
   eps = 0.031028 >= 0.0001
Iteration 90 (max 500)
   eps = 0.030576 >= 0.0001
Iteration 91 (max 500)
   eps = 0.030102 >= 0.0001
Iteration 92 (max 500)
   eps = 0.029647 >= 0.0001
Iteration 93 (max 500)
   eps = 0.029193 >= 0.0001
Iteration 94 (max 500)
   eps = 0.028782 >= 0.0001
Iteration 95 (max 500)
   eps = 0.028387 >= 0.0001
Iteration 96 (max 500)
   eps = 0.028009 >= 0.0001
Iteration 97 (max 500)
   eps = 0.02763 >= 0.0001
Iteration 98 (max 500)
   eps = 0.027294 >= 0.0001
Iteration 99 (max 500)
   eps = 0.026887 >= 0.0001
Iteration 100 (max 500)
   eps = 0.026454 >= 0.0001
Iteration 101 (max 500)
   eps = 0.026031 >= 0.0001
Iteration 102 (max 500)
   eps = 0.025665 >= 0.0001
Iteration 103 (max 500)
   eps = 0.025288 >= 0.0001
Iteration 104 (max 500)
   eps = 0.024936 >= 0.0001
Iteration 105 (max 500)
   eps = 0.024639 >= 0.0001
Iteration 106 (max 500)
   eps = 0.02432 >= 0.0001
Iteration 107 (max 500)
   eps = 0.02398 >= 0.0001
Iteration 108 (max 500)
   eps = 0.023644 >= 0.0001
Iteration 109 (max 500)
   eps = 0.023309 >= 0.0001
Iteration 110 (max 500)
   eps = 0.023004 >= 0.0001
Iteration 111 (max 500)
   eps = 0.022685 >= 0.0001
Iteration 112 (max 500)
   eps = 0.022394 >= 0.0001
Iteration 113 (max 500)
   eps = 0.022083 >= 0.0001
Iteration 114 (max 500)
   eps = 0.021811 >= 0.0001
Iteration 115 (max 500)
   eps = 0.021564 >= 0.0001
Iteration 116 (max 500)
   eps = 0.021294 >= 0.0001
Iteration 117 (max 500)
   eps = 0.020943 >= 0.0001
Iteration 118 (max 500)
   eps = 0.020682 >= 0.0001
Iteration 119 (max 500)
   eps = 0.020384 >= 0.0001
Iteration 120 (max 500)
   eps = 0.020126 >= 0.0001
Iteration 121 (max 500)
   eps = 0.019829 >= 0.0001
Iteration 122 (max 500)
   eps = 0.019562 >= 0.0001
Iteration 123 (max 500)
   eps = 0.019359 >= 0.0001
Iteration 124 (max 500)
   eps = 0.019062 >= 0.0001
Iteration 125 (max 500)
   eps = 0.018828 >= 0.0001
Iteration 126 (max 500)
   eps = 0.018611 >= 0.0001
Iteration 127 (max 500)
   eps = 0.018394 >= 0.0001
Iteration 128 (max 500)
   eps = 0.018141 >= 0.0001
Iteration 129 (max 500)
   eps = 0.017955 >= 0.0001
Iteration 130 (max 500)
   eps = 0.017711 >= 0.0001
Iteration 131 (max 500)
   eps = 0.017463 >= 0.0001
Iteration 132 (max 500)
   eps = 0.017249 >= 0.0001
Iteration 133 (max 500)
   eps = 0.01701 >= 0.0001
Iteration 134 (max 500)
   eps = 0.016793 >= 0.0001
Iteration 135 (max 500)
   eps = 0.01659 >= 0.0001
Iteration 136 (max 500)
   eps = 0.016427 >= 0.0001
Iteration 137 (max 500)
   eps = 0.016201 >= 0.0001
Iteration 138 (max 500)
   eps = 0.015964 >= 0.0001
Iteration 139 (max 500)
   eps = 0.015721 >= 0.0001
Iteration 140 (max 500)
   eps = 0.015501 >= 0.0001
Iteration 141 (max 500)
   eps = 0.015286 >= 0.0001
Iteration 142 (max 500)
   eps = 0.015055 >= 0.0001
Iteration 143 (max 500)
   eps = 0.01485 >= 0.0001
Iteration 144 (max 500)
   eps = 0.014663 >= 0.0001
Iteration 145 (max 500)
   eps = 0.014481 >= 0.0001
Iteration 146 (max 500)
   eps = 0.01429 >= 0.0001
Iteration 147 (max 500)
   eps = 0.014099 >= 0.0001
Iteration 148 (max 500)
   eps = 0.013913 >= 0.0001
Iteration 149 (max 500)
   eps = 0.013753 >= 0.0001
Iteration 150 (max 500)
   eps = 0.013553 >= 0.0001
Iteration 151 (max 500)
   eps = 0.013377 >= 0.0001
Iteration 152 (max 500)
   eps = 0.013209 >= 0.0001
Iteration 153 (max 500)
   eps = 0.013035 >= 0.0001
Iteration 154 (max 500)
   eps = 0.012875 >= 0.0001
Iteration 155 (max 500)
   eps = 0.012683 >= 0.0001
Iteration 156 (max 500)
   eps = 0.012481 >= 0.0001
Iteration 157 (max 500)
   eps = 0.012288 >= 0.0001
Iteration 158 (max 500)
   eps = 0.012112 >= 0.0001
Iteration 159 (max 500)
   eps = 0.01193 >= 0.0001
Iteration 160 (max 500)
   eps = 0.011766 >= 0.0001
Iteration 161 (max 500)
   eps = 0.011602 >= 0.0001
Iteration 162 (max 500)
   eps = 0.011421 >= 0.0001
Iteration 163 (max 500)
   eps = 0.011276 >= 0.0001
Iteration 164 (max 500)
   eps = 0.011145 >= 0.0001
Iteration 165 (max 500)
   eps = 0.010988 >= 0.0001
Iteration 166 (max 500)
   eps = 0.010848 >= 0.0001
Iteration 167 (max 500)
   eps = 0.010689 >= 0.0001
Iteration 168 (max 500)
   eps = 0.010543 >= 0.0001
Iteration 169 (max 500)
   eps = 0.010386 >= 0.0001
Iteration 170 (max 500)
   eps = 0.010231 >= 0.0001
Iteration 171 (max 500)
   eps = 0.010079 >= 0.0001
Iteration 172 (max 500)
   eps = 0.009943 >= 0.0001
Iteration 173 (max 500)
   eps = 0.009791 >= 0.0001
Iteration 174 (max 500)
   eps = 0.00965 >= 0.0001
Iteration 175 (max 500)
   eps = 0.009511 >= 0.0001
Iteration 176 (max 500)
   eps = 0.009372 >= 0.0001
Iteration 177 (max 500)
   eps = 0.009256 >= 0.0001
Iteration 178 (max 500)
   eps = 0.009143 >= 0.0001
Iteration 179 (max 500)
   eps = 0.009 >= 0.0001
Iteration 180 (max 500)
   eps = 0.008867 >= 0.0001
Iteration 181 (max 500)
   eps = 0.008743 >= 0.0001
Iteration 182 (max 500)
   eps = 0.008616 >= 0.0001
Iteration 183 (max 500)
   eps = 0.008495 >= 0.0001
Iteration 184 (max 500)
   eps = 0.008384 >= 0.0001
Iteration 185 (max 500)
   eps = 0.008289 >= 0.0001
Iteration 186 (max 500)
   eps = 0.008178 >= 0.0001
Iteration 187 (max 500)
   eps = 0.00806 >= 0.0001
Iteration 188 (max 500)
   eps = 0.007952 >= 0.0001
Iteration 189 (max 500)
   eps = 0.007848 >= 0.0001
Iteration 190 (max 500)
   eps = 0.007734 >= 0.0001
Iteration 191 (max 500)
   eps = 0.007609 >= 0.0001
Iteration 192 (max 500)
   eps = 0.007493 >= 0.0001
Iteration 193 (max 500)
   eps = 0.007384 >= 0.0001
Iteration 194 (max 500)
   eps = 0.007282 >= 0.0001
Iteration 195 (max 500)
   eps = 0.007192 >= 0.0001
Iteration 196 (max 500)
   eps = 0.007097 >= 0.0001
Iteration 197 (max 500)
   eps = 0.00701 >= 0.0001
Iteration 198 (max 500)
   eps = 0.006922 >= 0.0001
Iteration 199 (max 500)
   eps = 0.006836 >= 0.0001
Iteration 200 (max 500)
   eps = 0.006748 >= 0.0001
Iteration 201 (max 500)
   eps = 0.006653 >= 0.0001
Iteration 202 (max 500)
   eps = 0.006559 >= 0.0001
Iteration 203 (max 500)
   eps = 0.006468 >= 0.0001
Iteration 204 (max 500)
   eps = 0.006379 >= 0.0001
Iteration 205 (max 500)
   eps = 0.006286 >= 0.0001
Iteration 206 (max 500)
   eps = 0.006197 >= 0.0001
Iteration 207 (max 500)
   eps = 0.006107 >= 0.0001
Iteration 208 (max 500)
   eps = 0.006029 >= 0.0001
Iteration 209 (max 500)
   eps = 0.005958 >= 0.0001
Iteration 210 (max 500)
   eps = 0.005872 >= 0.0001
Iteration 211 (max 500)
   eps = 0.005765 >= 0.0001
Iteration 212 (max 500)
   eps = 0.005664 >= 0.0001
Iteration 213 (max 500)
   eps = 0.005579 >= 0.0001
Iteration 214 (max 500)
   eps = 0.005499 >= 0.0001
Iteration 215 (max 500)
   eps = 0.005422 >= 0.0001
Iteration 216 (max 500)
   eps = 0.005354 >= 0.0001
Iteration 217 (max 500)
   eps = 0.005283 >= 0.0001
Iteration 218 (max 500)
   eps = 0.005204 >= 0.0001
Iteration 219 (max 500)
   eps = 0.005123 >= 0.0001
Iteration 220 (max 500)
   eps = 0.005052 >= 0.0001
Iteration 221 (max 500)
   eps = 0.004977 >= 0.0001
Iteration 222 (max 500)
   eps = 0.004902 >= 0.0001
Iteration 223 (max 500)
   eps = 0.004836 >= 0.0001
Iteration 224 (max 500)
   eps = 0.004766 >= 0.0001
Iteration 225 (max 500)
   eps = 0.004689 >= 0.0001
Iteration 226 (max 500)
   eps = 0.004621 >= 0.0001
Iteration 227 (max 500)
   eps = 0.004554 >= 0.0001
Iteration 228 (max 500)
   eps = 0.004494 >= 0.0001
Iteration 229 (max 500)
   eps = 0.004438 >= 0.0001
Iteration 230 (max 500)
   eps = 0.004384 >= 0.0001
Iteration 231 (max 500)
   eps = 0.004332 >= 0.0001
Iteration 232 (max 500)
   eps = 0.004309 >= 0.0001
Iteration 233 (max 500)
   eps = 0.004214 >= 0.0001
Iteration 234 (max 500)
   eps = 0.004146 >= 0.0001
Iteration 235 (max 500)
   eps = 0.004076 >= 0.0001
Iteration 236 (max 500)
   eps = 0.004002 >= 0.0001
Iteration 237 (max 500)
   eps = 0.003938 >= 0.0001
Iteration 238 (max 500)
   eps = 0.003869 >= 0.0001
Iteration 239 (max 500)
   eps = 0.003811 >= 0.0001
Iteration 240 (max 500)
   eps = 0.003755 >= 0.0001
Iteration 241 (max 500)
   eps = 0.003693 >= 0.0001
Iteration 242 (max 500)
   eps = 0.003643 >= 0.0001
Iteration 243 (max 500)
   eps = 0.003599 >= 0.0001
Iteration 244 (max 500)
   eps = 0.00356 >= 0.0001
Iteration 245 (max 500)
   eps = 0.003511 >= 0.0001
Iteration 246 (max 500)
   eps = 0.003459 >= 0.0001
Iteration 247 (max 500)
   eps = 0.003412 >= 0.0001
Iteration 248 (max 500)
   eps = 0.003364 >= 0.0001
Iteration 249 (max 500)
   eps = 0.003312 >= 0.0001
Iteration 250 (max 500)
   eps = 0.003265 >= 0.0001
Iteration 251 (max 500)
   eps = 0.00322 >= 0.0001
Iteration 252 (max 500)
   eps = 0.003174 >= 0.0001
Iteration 253 (max 500)
   eps = 0.003127 >= 0.0001
Iteration 254 (max 500)
   eps = 0.003079 >= 0.0001
Iteration 255 (max 500)
   eps = 0.003041 >= 0.0001
Iteration 256 (max 500)
   eps = 0.003001 >= 0.0001
Iteration 257 (max 500)
   eps = 0.002952 >= 0.0001
Iteration 258 (max 500)
   eps = 0.00291 >= 0.0001
Iteration 259 (max 500)
   eps = 0.002861 >= 0.0001
Iteration 260 (max 500)
   eps = 0.002824 >= 0.0001
Iteration 261 (max 500)
   eps = 0.002777 >= 0.0001
Iteration 262 (max 500)
   eps = 0.002738 >= 0.0001
Iteration 263 (max 500)
   eps = 0.002699 >= 0.0001
Iteration 264 (max 500)
   eps = 0.002658 >= 0.0001
Iteration 265 (max 500)
   eps = 0.002622 >= 0.0001
Iteration 266 (max 500)
   eps = 0.002585 >= 0.0001
Iteration 267 (max 500)
   eps = 0.002551 >= 0.0001
Iteration 268 (max 500)
   eps = 0.002515 >= 0.0001
Iteration 269 (max 500)
   eps = 0.002489 >= 0.0001
Iteration 270 (max 500)
   eps = 0.002451 >= 0.0001
Iteration 271 (max 500)
   eps = 0.002414 >= 0.0001
Iteration 272 (max 500)
   eps = 0.002379 >= 0.0001
Iteration 273 (max 500)
   eps = 0.002344 >= 0.0001
Iteration 274 (max 500)
   eps = 0.002308 >= 0.0001
Iteration 275 (max 500)
   eps = 0.002272 >= 0.0001
Iteration 276 (max 500)
   eps = 0.002239 >= 0.0001
Iteration 277 (max 500)
   eps = 0.002207 >= 0.0001
Iteration 278 (max 500)
   eps = 0.002171 >= 0.0001
Iteration 279 (max 500)
   eps = 0.00214 >= 0.0001
Iteration 280 (max 500)
   eps = 0.002109 >= 0.0001
Iteration 281 (max 500)
   eps = 0.002078 >= 0.0001
Iteration 282 (max 500)
   eps = 0.002049 >= 0.0001
Iteration 283 (max 500)
   eps = 0.002021 >= 0.0001
Iteration 284 (max 500)
   eps = 0.001993 >= 0.0001
Iteration 285 (max 500)
   eps = 0.001967 >= 0.0001
Iteration 286 (max 500)
   eps = 0.001938 >= 0.0001
Iteration 287 (max 500)
   eps = 0.00191 >= 0.0001
Iteration 288 (max 500)
   eps = 0.00188 >= 0.0001
Iteration 289 (max 500)
   eps = 0.001847 >= 0.0001
Iteration 290 (max 500)
   eps = 0.001818 >= 0.0001
Iteration 291 (max 500)
   eps = 0.00179 >= 0.0001
Iteration 292 (max 500)
   eps = 0.001763 >= 0.0001
Iteration 293 (max 500)
   eps = 0.001737 >= 0.0001
Iteration 294 (max 500)
   eps = 0.001711 >= 0.0001
Iteration 295 (max 500)
   eps = 0.001689 >= 0.0001
Iteration 296 (max 500)
   eps = 0.001661 >= 0.0001
Iteration 297 (max 500)
   eps = 0.001639 >= 0.0001
Iteration 298 (max 500)
   eps = 0.001617 >= 0.0001
Iteration 299 (max 500)
   eps = 0.001593 >= 0.0001
Iteration 300 (max 500)
   eps = 0.00157 >= 0.0001
Iteration 301 (max 500)
   eps = 0.001548 >= 0.0001
Iteration 302 (max 500)
   eps = 0.001524 >= 0.0001
Iteration 303 (max 500)
   eps = 0.0015 >= 0.0001
Iteration 304 (max 500)
   eps = 0.001478 >= 0.0001
Iteration 305 (max 500)
   eps = 0.001454 >= 0.0001
Iteration 306 (max 500)
   eps = 0.001433 >= 0.0001
Iteration 307 (max 500)
   eps = 0.00141 >= 0.0001
Iteration 308 (max 500)
   eps = 0.001389 >= 0.0001
Iteration 309 (max 500)
   eps = 0.001367 >= 0.0001
Iteration 310 (max 500)
   eps = 0.001348 >= 0.0001
Iteration 311 (max 500)
   eps = 0.001331 >= 0.0001
Iteration 312 (max 500)
   eps = 0.001313 >= 0.0001
Iteration 313 (max 500)
   eps = 0.001297 >= 0.0001
Iteration 314 (max 500)
   eps = 0.001279 >= 0.0001
Iteration 315 (max 500)
   eps = 0.001261 >= 0.0001
Iteration 316 (max 500)
   eps = 0.001242 >= 0.0001
Iteration 317 (max 500)
   eps = 0.001227 >= 0.0001
Iteration 318 (max 500)
   eps = 0.001213 >= 0.0001
Iteration 319 (max 500)
   eps = 0.001197 >= 0.0001
Iteration 320 (max 500)
   eps = 0.001178 >= 0.0001
Iteration 321 (max 500)
   eps = 0.001159 >= 0.0001
Iteration 322 (max 500)
   eps = 0.001139 >= 0.0001
Iteration 323 (max 500)
   eps = 0.001123 >= 0.0001
Iteration 324 (max 500)
   eps = 0.001106 >= 0.0001
Iteration 325 (max 500)
   eps = 0.001088 >= 0.0001
Iteration 326 (max 500)
   eps = 0.001071 >= 0.0001
Iteration 327 (max 500)
   eps = 0.001054 >= 0.0001
Iteration 328 (max 500)
   eps = 0.001036 >= 0.0001
Iteration 329 (max 500)
   eps = 0.00102 >= 0.0001
Iteration 330 (max 500)
   eps = 0.001007 >= 0.0001
Iteration 331 (max 500)
   eps = 0.000992 >= 0.0001
Iteration 332 (max 500)
   eps = 0.000976 >= 0.0001
Iteration 333 (max 500)
   eps = 0.000962 >= 0.0001
Iteration 334 (max 500)
   eps = 0.00095 >= 0.0001
Iteration 335 (max 500)
   eps = 0.000936 >= 0.0001
Iteration 336 (max 500)
   eps = 0.000923 >= 0.0001
Iteration 337 (max 500)
   eps = 0.000912 >= 0.0001
Iteration 338 (max 500)
   eps = 0.000899 >= 0.0001
Iteration 339 (max 500)
   eps = 0.000884 >= 0.0001
Iteration 340 (max 500)
   eps = 0.000871 >= 0.0001
Iteration 341 (max 500)
   eps = 0.000858 >= 0.0001
Iteration 342 (max 500)
   eps = 0.000844 >= 0.0001
Iteration 343 (max 500)
   eps = 0.000831 >= 0.0001
Iteration 344 (max 500)
   eps = 0.000818 >= 0.0001
Iteration 345 (max 500)
   eps = 0.000806 >= 0.0001
Iteration 346 (max 500)
   eps = 0.000793 >= 0.0001
Iteration 347 (max 500)
   eps = 0.000781 >= 0.0001
Iteration 348 (max 500)
   eps = 0.000768 >= 0.0001
Iteration 349 (max 500)
   eps = 0.000758 >= 0.0001
Iteration 350 (max 500)
   eps = 0.000746 >= 0.0001
Iteration 351 (max 500)
   eps = 0.000735 >= 0.0001
Iteration 352 (max 500)
   eps = 0.000723 >= 0.0001
Iteration 353 (max 500)
   eps = 0.000712 >= 0.0001
Iteration 354 (max 500)
   eps = 0.000703 >= 0.0001
Iteration 355 (max 500)
   eps = 0.000693 >= 0.0001
Iteration 356 (max 500)
   eps = 0.000682 >= 0.0001
Iteration 357 (max 500)
   eps = 0.000673 >= 0.0001
Iteration 358 (max 500)
   eps = 0.000661 >= 0.0001
Iteration 359 (max 500)
   eps = 0.000649 >= 0.0001
Iteration 360 (max 500)
   eps = 0.00064 >= 0.0001
Iteration 361 (max 500)
   eps = 0.00063 >= 0.0001
Iteration 362 (max 500)
   eps = 0.00062 >= 0.0001
Iteration 363 (max 500)
   eps = 0.000611 >= 0.0001
Iteration 364 (max 500)
   eps = 0.000602 >= 0.0001
Iteration 365 (max 500)
   eps = 0.000593 >= 0.0001
Iteration 366 (max 500)
   eps = 0.000584 >= 0.0001
Iteration 367 (max 500)
   eps = 0.000576 >= 0.0001
Iteration 368 (max 500)
   eps = 0.000567 >= 0.0001
Iteration 369 (max 500)
   eps = 0.000557 >= 0.0001
Iteration 370 (max 500)
   eps = 0.000548 >= 0.0001
Iteration 371 (max 500)
   eps = 0.00054 >= 0.0001
Iteration 372 (max 500)
   eps = 0.000532 >= 0.0001
Iteration 373 (max 500)
   eps = 0.000523 >= 0.0001
Iteration 374 (max 500)
   eps = 0.000514 >= 0.0001
Iteration 375 (max 500)
   eps = 0.000506 >= 0.0001
Iteration 376 (max 500)
   eps = 0.000499 >= 0.0001
Iteration 377 (max 500)
   eps = 0.000491 >= 0.0001
Iteration 378 (max 500)
   eps = 0.000485 >= 0.0001
Iteration 379 (max 500)
   eps = 0.000478 >= 0.0001
Iteration 380 (max 500)
   eps = 0.00047 >= 0.0001
Iteration 381 (max 500)
   eps = 0.000463 >= 0.0001
Iteration 382 (max 500)
   eps = 0.000457 >= 0.0001
Iteration 383 (max 500)
   eps = 0.00045 >= 0.0001
Iteration 384 (max 500)
   eps = 0.000444 >= 0.0001
Iteration 385 (max 500)
   eps = 0.000437 >= 0.0001
Iteration 386 (max 500)
   eps = 0.00043 >= 0.0001
Iteration 387 (max 500)
   eps = 0.000424 >= 0.0001
Iteration 388 (max 500)
   eps = 0.000416 >= 0.0001
Iteration 389 (max 500)
   eps = 0.00041 >= 0.0001
Iteration 390 (max 500)
   eps = 0.000403 >= 0.0001
Iteration 391 (max 500)
   eps = 0.000397 >= 0.0001
Iteration 392 (max 500)
   eps = 0.000392 >= 0.0001
Iteration 393 (max 500)
   eps = 0.000386 >= 0.0001
Iteration 394 (max 500)
   eps = 0.000381 >= 0.0001
Iteration 395 (max 500)
   eps = 0.000374 >= 0.0001
Iteration 396 (max 500)
   eps = 0.000367 >= 0.0001
Iteration 397 (max 500)
   eps = 0.000361 >= 0.0001
Iteration 398 (max 500)
   eps = 0.000356 >= 0.0001
Iteration 399 (max 500)
   eps = 0.000351 >= 0.0001
Iteration 400 (max 500)
   eps = 0.000347 >= 0.0001
Iteration 401 (max 500)
   eps = 0.000341 >= 0.0001
Iteration 402 (max 500)
   eps = 0.000334 >= 0.0001
Iteration 403 (max 500)
   eps = 0.000329 >= 0.0001
Iteration 404 (max 500)
   eps = 0.000325 >= 0.0001
Iteration 405 (max 500)
   eps = 0.000321 >= 0.0001
Iteration 406 (max 500)
   eps = 0.000317 >= 0.0001
Iteration 407 (max 500)
   eps = 0.000312 >= 0.0001
Iteration 408 (max 500)
   eps = 0.000306 >= 0.0001
Iteration 409 (max 500)
   eps = 0.000302 >= 0.0001
Iteration 410 (max 500)
   eps = 0.000297 >= 0.0001
Iteration 411 (max 500)
   eps = 0.000292 >= 0.0001
Iteration 412 (max 500)
   eps = 0.000287 >= 0.0001
Iteration 413 (max 500)
   eps = 0.000282 >= 0.0001
Iteration 414 (max 500)
   eps = 0.000278 >= 0.0001
Iteration 415 (max 500)
   eps = 0.000273 >= 0.0001
Iteration 416 (max 500)
   eps = 0.000268 >= 0.0001
Iteration 417 (max 500)
   eps = 0.000264 >= 0.0001
Iteration 418 (max 500)
   eps = 0.000259 >= 0.0001
Iteration 419 (max 500)
   eps = 0.000256 >= 0.0001
Iteration 420 (max 500)
   eps = 0.000252 >= 0.0001
Iteration 421 (max 500)
   eps = 0.000248 >= 0.0001
Iteration 422 (max 500)
   eps = 0.000244 >= 0.0001
Iteration 423 (max 500)
   eps = 0.000241 >= 0.0001
Iteration 424 (max 500)
   eps = 0.000237 >= 0.0001
Iteration 425 (max 500)
   eps = 0.000233 >= 0.0001
Iteration 426 (max 500)
   eps = 0.00023 >= 0.0001
Iteration 427 (max 500)
   eps = 0.000226 >= 0.0001
Iteration 428 (max 500)
   eps = 0.000223 >= 0.0001
Iteration 429 (max 500)
   eps = 0.000219 >= 0.0001
Iteration 430 (max 500)
   eps = 0.000215 >= 0.0001
Iteration 431 (max 500)
   eps = 0.000213 >= 0.0001
Iteration 432 (max 500)
   eps = 0.00021 >= 0.0001
Iteration 433 (max 500)
   eps = 0.000207 >= 0.0001
Iteration 434 (max 500)
   eps = 0.000203 >= 0.0001
Iteration 435 (max 500)
   eps = 0.0002 >= 0.0001
Iteration 436 (max 500)
   eps = 0.000196 >= 0.0001
Iteration 437 (max 500)
   eps = 0.000192 >= 0.0001
Iteration 438 (max 500)
   eps = 0.000189 >= 0.0001
Iteration 439 (max 500)
   eps = 0.000186 >= 0.0001
Iteration 440 (max 500)
   eps = 0.000184 >= 0.0001
Iteration 441 (max 500)
   eps = 0.000181 >= 0.0001
Iteration 442 (max 500)
   eps = 0.000178 >= 0.0001
Iteration 443 (max 500)
   eps = 0.000176 >= 0.0001
Iteration 444 (max 500)
   eps = 0.000173 >= 0.0001
Iteration 445 (max 500)
   eps = 0.00017 >= 0.0001
Iteration 446 (max 500)
   eps = 0.000168 >= 0.0001
Iteration 447 (max 500)
   eps = 0.000165 >= 0.0001
Iteration 448 (max 500)
   eps = 0.000162 >= 0.0001
Iteration 449 (max 500)
   eps = 0.000161 >= 0.0001
Iteration 450 (max 500)
   eps = 0.000159 >= 0.0001
Iteration 451 (max 500)
   eps = 0.000156 >= 0.0001
Iteration 452 (max 500)
   eps = 0.000153 >= 0.0001
Iteration 453 (max 500)
   eps = 0.000151 >= 0.0001
Iteration 454 (max 500)
   eps = 0.000149 >= 0.0001
Iteration 455 (max 500)
   eps = 0.000146 >= 0.0001
Iteration 456 (max 500)
   eps = 0.000144 >= 0.0001
Iteration 457 (max 500)
   eps = 0.000141 >= 0.0001
Iteration 458 (max 500)
   eps = 0.000139 >= 0.0001
Iteration 459 (max 500)
   eps = 0.000137 >= 0.0001
Iteration 460 (max 500)
   eps = 0.000135 >= 0.0001
Iteration 461 (max 500)
   eps = 0.000132 >= 0.0001
Iteration 462 (max 500)
   eps = 0.00013 >= 0.0001
Iteration 463 (max 500)
   eps = 0.000128 >= 0.0001
Iteration 464 (max 500)
   eps = 0.000125 >= 0.0001
Iteration 465 (max 500)
   eps = 0.000123 >= 0.0001
Iteration 466 (max 500)
   eps = 0.000122 >= 0.0001
Iteration 467 (max 500)
   eps = 0.00012 >= 0.0001
Iteration 468 (max 500)
   eps = 0.000118 >= 0.0001
Iteration 469 (max 500)
   eps = 0.000116 >= 0.0001
Iteration 470 (max 500)
   eps = 0.000114 >= 0.0001
Iteration 471 (max 500)
   eps = 0.000112 >= 0.0001
Iteration 472 (max 500)
   eps = 0.000111 >= 0.0001
Iteration 473 (max 500)
   eps = 0.000109 >= 0.0001
Iteration 474 (max 500)
   eps = 0.000107 >= 0.0001
Iteration 475 (max 500)
   eps = 0.000105 >= 0.0001
Iteration 476 (max 500)
   eps = 0.000104 >= 0.0001
Iteration 477 (max 500)
   eps = 0.000103 >= 0.0001
Iteration 478 (max 500)
   eps = 0.000101 >= 0.0001
Iteration 479 (max 500)
Time spent by the wind speed solver: 100.78868412971497 s
Rotates geometries from -45.0 degrees
Interp succeeded!!! for tmp_file
Interp succeeded!!! for tmp_file
Interp succeeded!!! for tmp_file
Interp succeeded!!! for tmp_file
Interp succeeded!!! for tmp_file
Interp succeeded!!! for tmp_file
Process 3978159: Successfully ran URock for tile output 'wind_field_raw_tile_6'.
Process 3978159: Elapsed time for URock ('wind_field_raw_tile_6'): 346.43 seconds.
[Master] Process 3978159 - Tile 6: Finished processing.
[Master] 3978159: exit signal
Info: Debuffered '/storage/project/r-rbasu31-0/hyu483/Test_UMEP/UROCK_output_34_spawn/temp_intermediate_files/tile_6_urock_raw_outputs/z1_5/wind_field_raw_tile_6WS.tif' to '/storage/project/r-rbasu31-0/hyu483/Test_UMEP/UROCK_output_34_spawn/urock_tiled_output/urock_wind_field_tile_6WS.tif' (original extent: (233882.59099838723, 902332.4833440109, 234182.59099838723, 902632.4833440109)).
Connecting to database
	->/tmp/URock_2025-12-21T17330754426e07-5728-4662-81ba-d1713b116460/myDbH2
/storage/home/hcoda1/4/hyu483/qgis_332/profiles/default/python/plugins/processing_umep/functions/URock/h2gis-standalone/h2gis-dist-2.2.3.jar
Connected!

Spatial functions added!

Load input data
Load table 'build_pre_srid_20251221173317'
Load table 'veg_pre_srid_20251221173317'
Creates blocks and stacked blocks
Rotates geometries from 45.0 degrees
Identify block base height and block cavity base
Calculates obstacle properties
Calculates zone properties
Initializes upwind facades
Update upwind facades base height
Initializes downwind facades
Calculates study area properties
Roughness zone properties are:

                                 - z0: 1.6426010243937552
                                 - d: 7.86627601741151
                                 - Hr: 10.950673495958368
                                 - H_ob_max: 95
                                 - lambda_f: 0.20239196874570942
Rotates geometries from -45.0 degrees
Rotates geometries from -45.0 degrees
Rotates geometries from -45.0 degrees
Creates displacement zones
Rotates geometries from -45.0 degrees
Rotates geometries from -45.0 degrees
Creates cavity and wake zones
Rotates geometries from -45.0 degrees
Rotates geometries from -45.0 degrees
Creates street canyon zones
Rotates geometries from -45.0 degrees
Creates rooftop zones (perpendicular and corner)
Rotates geometries from -45.0 degrees
Rotates geometries from -45.0 degrees
Creates built-up and open vegetation zones
Rotates geometries from -45.0 degrees
Rotates geometries from -45.0 degrees
Identify the buildings concerned by the impacted zone chosen by the user
Creates the grid of points
Affects each grid point to a building Rockle zone and calculates needed 
          variables for 3D wind speed
Affects each grid point to a vegetation Rockle zone and calculates 
          needed variables for 3D wind speed
Remove some of the Röckle zone points
Creates backward zones
Calculates the 3D wind speed factor value for each point of each BUILDING zone
Rotates geometries from -45.0 degrees
Rotates geometries from -45.0 degrees
Rotates geometries from -45.0 degrees
Rotates geometries from -45.0 degrees
Rotates geometries from -45.0 degrees
Rotates geometries from -45.0 degrees
Rotates geometries from -45.0 degrees
Rotates geometries from -45.0 degrees
Rotates geometries from -45.0 degrees
Calculates the 3D wind speed factor value for each point of each VEGETATION zone
Rotates geometries from -45.0 degrees
Deals with superimposition (keeps only 1 value per 3D point)
Deals with superimposition (keeps only 1 value per 3D point)
Identify upstreamer points in TEMPO_WEIGHTING table
Identify upstreamer points in TEMPO_PRIORITIES table
Identify upstreamer points in TEMPO_PRIORITIES_WEIGHT table
Deals with superimposition (keeps only 1 value per 3D point)
Identify upstreamer points in TEMPO_WEIGHTING table
Identify upstreamer points in TEMPO_PRIORITIES table
Identify upstreamer points in TEMPO_PRIORITIES_WEIGHT table
Rotates geometries from -45.0 degrees
Identify grid points intersecting buildings
Set the initial 3D wind speed field
Time spent for wind speed initialization: 148.20657801628113 s
Shape: (327, 325, 43) - Nb cells: 4569825
Start to apply the wind solver
Iteration 1 (max 500)
   eps = 0.622841 >= 0.0001
Iteration 2 (max 500)
   eps = 0.415219 >= 0.0001
Iteration 3 (max 500)
   eps = 0.325271 >= 0.0001
Iteration 4 (max 500)
   eps = 0.267872 >= 0.0001
Iteration 5 (max 500)
   eps = 0.225225 >= 0.0001
Iteration 6 (max 500)
   eps = 0.193354 >= 0.0001
Iteration 7 (max 500)
   eps = 0.168171 >= 0.0001
Iteration 8 (max 500)
   eps = 0.147234 >= 0.0001
Iteration 9 (max 500)
   eps = 0.130273 >= 0.0001
Iteration 10 (max 500)
   eps = 0.116948 >= 0.0001
Iteration 11 (max 500)
   eps = 0.106569 >= 0.0001
Iteration 12 (max 500)
   eps = 0.0979 >= 0.0001
Iteration 13 (max 500)
   eps = 0.09084 >= 0.0001
Iteration 14 (max 500)
   eps = 0.084496 >= 0.0001
Iteration 15 (max 500)
   eps = 0.079164 >= 0.0001
Iteration 16 (max 500)
   eps = 0.07472 >= 0.0001
Iteration 17 (max 500)
   eps = 0.070879 >= 0.0001
Iteration 18 (max 500)
   eps = 0.067322 >= 0.0001
Iteration 19 (max 500)
   eps = 0.064226 >= 0.0001
Iteration 20 (max 500)
   eps = 0.061513 >= 0.0001
Iteration 21 (max 500)
   eps = 0.059165 >= 0.0001
Iteration 22 (max 500)
   eps = 0.057004 >= 0.0001
Iteration 23 (max 500)
   eps = 0.054965 >= 0.0001
Iteration 24 (max 500)
   eps = 0.053077 >= 0.0001
Iteration 25 (max 500)
   eps = 0.051343 >= 0.0001
Iteration 26 (max 500)
   eps = 0.049711 >= 0.0001
Iteration 27 (max 500)
   eps = 0.04813 >= 0.0001
Iteration 28 (max 500)
   eps = 0.046629 >= 0.0001
Iteration 29 (max 500)
   eps = 0.045215 >= 0.0001
Iteration 30 (max 500)
   eps = 0.04388 >= 0.0001
Iteration 31 (max 500)
   eps = 0.042722 >= 0.0001
Iteration 32 (max 500)
   eps = 0.041618 >= 0.0001
Iteration 33 (max 500)
   eps = 0.04059 >= 0.0001
Iteration 34 (max 500)
   eps = 0.039575 >= 0.0001
Iteration 35 (max 500)
   eps = 0.038621 >= 0.0001
Iteration 36 (max 500)
   eps = 0.037907 >= 0.0001
Iteration 37 (max 500)
   eps = 0.036983 >= 0.0001
Iteration 38 (max 500)
   eps = 0.036168 >= 0.0001
Iteration 39 (max 500)
   eps = 0.03527 >= 0.0001
Iteration 40 (max 500)
   eps = 0.034508 >= 0.0001
Iteration 41 (max 500)
   eps = 0.036514 >= 0.0001
Iteration 42 (max 500)
   eps = 0.034285 >= 0.0001
Iteration 43 (max 500)
   eps = 0.032556 >= 0.0001
Iteration 44 (max 500)
   eps = 0.031851 >= 0.0001
Iteration 45 (max 500)
   eps = 0.031275 >= 0.0001
Iteration 46 (max 500)
   eps = 0.030731 >= 0.0001
Iteration 47 (max 500)
   eps = 0.030253 >= 0.0001
Iteration 48 (max 500)
   eps = 0.02981 >= 0.0001
Iteration 49 (max 500)
   eps = 0.029389 >= 0.0001
Iteration 50 (max 500)
   eps = 0.02895 >= 0.0001
Iteration 51 (max 500)
   eps = 0.028511 >= 0.0001
Iteration 52 (max 500)
   eps = 0.028062 >= 0.0001
Iteration 53 (max 500)
   eps = 0.027587 >= 0.0001
Iteration 54 (max 500)
   eps = 0.027122 >= 0.0001
Iteration 55 (max 500)
   eps = 0.026691 >= 0.0001
Iteration 56 (max 500)
   eps = 0.02629 >= 0.0001
Iteration 57 (max 500)
   eps = 0.025897 >= 0.0001
Iteration 58 (max 500)
   eps = 0.025517 >= 0.0001
Iteration 59 (max 500)
   eps = 0.02517 >= 0.0001
Iteration 60 (max 500)
   eps = 0.024805 >= 0.0001
Iteration 61 (max 500)
   eps = 0.024466 >= 0.0001
Iteration 62 (max 500)
   eps = 0.024135 >= 0.0001
Iteration 63 (max 500)
   eps = 0.023805 >= 0.0001
Iteration 64 (max 500)
   eps = 0.023458 >= 0.0001
Iteration 65 (max 500)
   eps = 0.023133 >= 0.0001
Iteration 66 (max 500)
   eps = 0.022854 >= 0.0001
Iteration 67 (max 500)
   eps = 0.022594 >= 0.0001
Iteration 68 (max 500)
   eps = 0.022342 >= 0.0001
Iteration 69 (max 500)
   eps = 0.022099 >= 0.0001
Iteration 70 (max 500)
   eps = 0.021846 >= 0.0001
Iteration 71 (max 500)
   eps = 0.021583 >= 0.0001
Iteration 72 (max 500)
   eps = 0.021326 >= 0.0001
Iteration 73 (max 500)
   eps = 0.021062 >= 0.0001
Iteration 74 (max 500)
   eps = 0.020792 >= 0.0001
Iteration 75 (max 500)
   eps = 0.020542 >= 0.0001
Iteration 76 (max 500)
   eps = 0.020292 >= 0.0001
Iteration 77 (max 500)
   eps = 0.020081 >= 0.0001
Iteration 78 (max 500)
   eps = 0.019859 >= 0.0001
Iteration 79 (max 500)
   eps = 0.019665 >= 0.0001
Iteration 80 (max 500)
   eps = 0.019467 >= 0.0001
Iteration 81 (max 500)
   eps = 0.019264 >= 0.0001
Iteration 82 (max 500)
   eps = 0.019068 >= 0.0001
Iteration 83 (max 500)
   eps = 0.018861 >= 0.0001
Iteration 84 (max 500)
   eps = 0.01864 >= 0.0001
Iteration 85 (max 500)
   eps = 0.018396 >= 0.0001
Iteration 86 (max 500)
   eps = 0.018155 >= 0.0001
Iteration 87 (max 500)
   eps = 0.017929 >= 0.0001
Iteration 88 (max 500)
   eps = 0.017706 >= 0.0001
Iteration 89 (max 500)
   eps = 0.017484 >= 0.0001
Iteration 90 (max 500)
   eps = 0.017249 >= 0.0001
Iteration 91 (max 500)
   eps = 0.017006 >= 0.0001
Iteration 92 (max 500)
   eps = 0.016776 >= 0.0001
Iteration 93 (max 500)
   eps = 0.016552 >= 0.0001
Iteration 94 (max 500)
   eps = 0.016332 >= 0.0001
Iteration 95 (max 500)
   eps = 0.016125 >= 0.0001
Iteration 96 (max 500)
   eps = 0.01594 >= 0.0001
Iteration 97 (max 500)
   eps = 0.015761 >= 0.0001
Iteration 98 (max 500)
   eps = 0.015588 >= 0.0001
Iteration 99 (max 500)
   eps = 0.015424 >= 0.0001
Iteration 100 (max 500)
   eps = 0.015248 >= 0.0001
Iteration 101 (max 500)
   eps = 0.01506 >= 0.0001
Iteration 102 (max 500)
   eps = 0.01487 >= 0.0001
Iteration 103 (max 500)
   eps = 0.014664 >= 0.0001
Iteration 104 (max 500)
   eps = 0.014459 >= 0.0001
Iteration 105 (max 500)
   eps = 0.014263 >= 0.0001
Iteration 106 (max 500)
   eps = 0.014052 >= 0.0001
Iteration 107 (max 500)
   eps = 0.013858 >= 0.0001
Iteration 108 (max 500)
   eps = 0.013684 >= 0.0001
Iteration 109 (max 500)
   eps = 0.013519 >= 0.0001
Iteration 110 (max 500)
   eps = 0.013372 >= 0.0001
Iteration 111 (max 500)
   eps = 0.013197 >= 0.0001
Iteration 112 (max 500)
   eps = 0.01304 >= 0.0001
Iteration 113 (max 500)
   eps = 0.012883 >= 0.0001
Iteration 114 (max 500)
   eps = 0.012715 >= 0.0001
Iteration 115 (max 500)
   eps = 0.01255 >= 0.0001
Iteration 116 (max 500)
   eps = 0.012395 >= 0.0001
Iteration 117 (max 500)
   eps = 0.012238 >= 0.0001
Iteration 118 (max 500)
   eps = 0.012091 >= 0.0001
Iteration 119 (max 500)
   eps = 0.011915 >= 0.0001
Iteration 120 (max 500)
   eps = 0.011757 >= 0.0001
Iteration 121 (max 500)
   eps = 0.011592 >= 0.0001
Iteration 122 (max 500)
   eps = 0.011441 >= 0.0001
Iteration 123 (max 500)
   eps = 0.011283 >= 0.0001
Iteration 124 (max 500)
   eps = 0.011143 >= 0.0001
Iteration 125 (max 500)
   eps = 0.011004 >= 0.0001
Iteration 126 (max 500)
   eps = 0.01087 >= 0.0001
Iteration 127 (max 500)
   eps = 0.010728 >= 0.0001
Iteration 128 (max 500)
   eps = 0.010585 >= 0.0001
Iteration 129 (max 500)
   eps = 0.010438 >= 0.0001
Iteration 130 (max 500)
   eps = 0.010291 >= 0.0001
Iteration 131 (max 500)
   eps = 0.010142 >= 0.0001
Iteration 132 (max 500)
   eps = 0.010003 >= 0.0001
Iteration 133 (max 500)
   eps = 0.009874 >= 0.0001
Iteration 134 (max 500)
   eps = 0.009741 >= 0.0001
Iteration 135 (max 500)
   eps = 0.009603 >= 0.0001
Iteration 136 (max 500)
   eps = 0.009478 >= 0.0001
Iteration 137 (max 500)
   eps = 0.009372 >= 0.0001
Iteration 138 (max 500)
   eps = 0.009264 >= 0.0001
Iteration 139 (max 500)
   eps = 0.009143 >= 0.0001
Iteration 140 (max 500)
   eps = 0.009036 >= 0.0001
Iteration 141 (max 500)
   eps = 0.008925 >= 0.0001
Iteration 142 (max 500)
   eps = 0.008815 >= 0.0001
Iteration 143 (max 500)
   eps = 0.008697 >= 0.0001
Iteration 144 (max 500)
   eps = 0.00858 >= 0.0001
Iteration 145 (max 500)
   eps = 0.008455 >= 0.0001
Iteration 146 (max 500)
   eps = 0.008334 >= 0.0001
Iteration 147 (max 500)
   eps = 0.008217 >= 0.0001
Iteration 148 (max 500)
   eps = 0.008109 >= 0.0001
Iteration 149 (max 500)
   eps = 0.007994 >= 0.0001
Iteration 150 (max 500)
   eps = 0.00789 >= 0.0001
Iteration 151 (max 500)
   eps = 0.007798 >= 0.0001
Iteration 152 (max 500)
   eps = 0.007696 >= 0.0001
Iteration 153 (max 500)
   eps = 0.007598 >= 0.0001
Iteration 154 (max 500)
   eps = 0.007493 >= 0.0001
Iteration 155 (max 500)
   eps = 0.007406 >= 0.0001
Iteration 156 (max 500)
   eps = 0.007312 >= 0.0001
Iteration 157 (max 500)
   eps = 0.007218 >= 0.0001
Iteration 158 (max 500)
   eps = 0.007127 >= 0.0001
Iteration 159 (max 500)
   eps = 0.007039 >= 0.0001
Iteration 160 (max 500)
   eps = 0.006946 >= 0.0001
Iteration 161 (max 500)
   eps = 0.00684 >= 0.0001
Iteration 162 (max 500)
   eps = 0.006749 >= 0.0001
Iteration 163 (max 500)
   eps = 0.006669 >= 0.0001
Iteration 164 (max 500)
   eps = 0.00658 >= 0.0001
Iteration 165 (max 500)
   eps = 0.006504 >= 0.0001
Iteration 166 (max 500)
   eps = 0.006426 >= 0.0001
Iteration 167 (max 500)
   eps = 0.006346 >= 0.0001
Iteration 168 (max 500)
   eps = 0.006285 >= 0.0001
Iteration 169 (max 500)
   eps = 0.006217 >= 0.0001
Iteration 170 (max 500)
   eps = 0.006147 >= 0.0001
Iteration 171 (max 500)
   eps = 0.006059 >= 0.0001
Iteration 172 (max 500)
   eps = 0.005975 >= 0.0001
Iteration 173 (max 500)
   eps = 0.005897 >= 0.0001
Iteration 174 (max 500)
   eps = 0.005819 >= 0.0001
Iteration 175 (max 500)
   eps = 0.005743 >= 0.0001
Iteration 176 (max 500)
   eps = 0.005664 >= 0.0001
Iteration 177 (max 500)
   eps = 0.005592 >= 0.0001
Iteration 178 (max 500)
   eps = 0.00552 >= 0.0001
Iteration 179 (max 500)
   eps = 0.005448 >= 0.0001
Iteration 180 (max 500)
   eps = 0.00538 >= 0.0001
Iteration 181 (max 500)
   eps = 0.0053 >= 0.0001
Iteration 182 (max 500)
   eps = 0.005226 >= 0.0001
Iteration 183 (max 500)
   eps = 0.00516 >= 0.0001
Iteration 184 (max 500)
   eps = 0.005088 >= 0.0001
Iteration 185 (max 500)
   eps = 0.005017 >= 0.0001
Iteration 186 (max 500)
   eps = 0.004959 >= 0.0001
Iteration 187 (max 500)
   eps = 0.004898 >= 0.0001
Iteration 188 (max 500)
   eps = 0.004836 >= 0.0001
Iteration 189 (max 500)
   eps = 0.004772 >= 0.0001
Iteration 190 (max 500)
   eps = 0.00471 >= 0.0001
Iteration 191 (max 500)
   eps = 0.004641 >= 0.0001
Iteration 192 (max 500)
   eps = 0.004579 >= 0.0001
Iteration 193 (max 500)
   eps = 0.004518 >= 0.0001
Iteration 194 (max 500)
   eps = 0.004464 >= 0.0001
Iteration 195 (max 500)
   eps = 0.004414 >= 0.0001
Iteration 196 (max 500)
   eps = 0.004357 >= 0.0001
Iteration 197 (max 500)
   eps = 0.004302 >= 0.0001
Iteration 198 (max 500)
   eps = 0.004245 >= 0.0001
Iteration 199 (max 500)
   eps = 0.00419 >= 0.0001
Iteration 200 (max 500)
   eps = 0.004137 >= 0.0001
Iteration 201 (max 500)
   eps = 0.004085 >= 0.0001
Iteration 202 (max 500)
   eps = 0.00403 >= 0.0001
Iteration 203 (max 500)
   eps = 0.00398 >= 0.0001
Iteration 204 (max 500)
   eps = 0.003931 >= 0.0001
Iteration 205 (max 500)
   eps = 0.003878 >= 0.0001
Iteration 206 (max 500)
   eps = 0.003825 >= 0.0001
Iteration 207 (max 500)
   eps = 0.003777 >= 0.0001
Iteration 208 (max 500)
   eps = 0.003734 >= 0.0001
Iteration 209 (max 500)
   eps = 0.003687 >= 0.0001
Iteration 210 (max 500)
   eps = 0.003645 >= 0.0001
Iteration 211 (max 500)
   eps = 0.003605 >= 0.0001
Iteration 212 (max 500)
   eps = 0.003561 >= 0.0001
Iteration 213 (max 500)
   eps = 0.003517 >= 0.0001
Iteration 214 (max 500)
   eps = 0.003473 >= 0.0001
Iteration 215 (max 500)
   eps = 0.003431 >= 0.0001
Iteration 216 (max 500)
   eps = 0.003387 >= 0.0001
Iteration 217 (max 500)
   eps = 0.003343 >= 0.0001
Iteration 218 (max 500)
   eps = 0.003299 >= 0.0001
Iteration 219 (max 500)
   eps = 0.003258 >= 0.0001
Iteration 220 (max 500)
   eps = 0.003213 >= 0.0001
Iteration 221 (max 500)
   eps = 0.00317 >= 0.0001
Iteration 222 (max 500)
   eps = 0.003126 >= 0.0001
Iteration 223 (max 500)
   eps = 0.003087 >= 0.0001
Iteration 224 (max 500)
   eps = 0.003048 >= 0.0001
Iteration 225 (max 500)
   eps = 0.00301 >= 0.0001
Iteration 226 (max 500)
   eps = 0.00297 >= 0.0001
Iteration 227 (max 500)
   eps = 0.002929 >= 0.0001
Iteration 228 (max 500)
   eps = 0.00289 >= 0.0001
Iteration 229 (max 500)
   eps = 0.002856 >= 0.0001
Iteration 230 (max 500)
   eps = 0.002819 >= 0.0001
Iteration 231 (max 500)
   eps = 0.002788 >= 0.0001
Iteration 232 (max 500)
   eps = 0.002748 >= 0.0001
Iteration 233 (max 500)
   eps = 0.002709 >= 0.0001
Iteration 234 (max 500)
   eps = 0.002668 >= 0.0001
Iteration 235 (max 500)
   eps = 0.00263 >= 0.0001
Iteration 236 (max 500)
   eps = 0.002591 >= 0.0001
Iteration 237 (max 500)
   eps = 0.002551 >= 0.0001
Iteration 238 (max 500)
   eps = 0.002515 >= 0.0001
Iteration 239 (max 500)
   eps = 0.002481 >= 0.0001
Iteration 240 (max 500)
   eps = 0.002448 >= 0.0001
Iteration 241 (max 500)
   eps = 0.002416 >= 0.0001
Iteration 242 (max 500)
   eps = 0.002386 >= 0.0001
Iteration 243 (max 500)
   eps = 0.002355 >= 0.0001
Iteration 244 (max 500)
   eps = 0.002326 >= 0.0001
Iteration 245 (max 500)
   eps = 0.002297 >= 0.0001
Iteration 246 (max 500)
   eps = 0.002271 >= 0.0001
Iteration 247 (max 500)
   eps = 0.002242 >= 0.0001
Iteration 248 (max 500)
   eps = 0.002216 >= 0.0001
Iteration 249 (max 500)
   eps = 0.002188 >= 0.0001
Iteration 250 (max 500)
   eps = 0.002163 >= 0.0001
Iteration 251 (max 500)
   eps = 0.002137 >= 0.0001
Iteration 252 (max 500)
   eps = 0.002109 >= 0.0001
Iteration 253 (max 500)
   eps = 0.002078 >= 0.0001
Iteration 254 (max 500)
   eps = 0.002048 >= 0.0001
Iteration 255 (max 500)
   eps = 0.002019 >= 0.0001
Iteration 256 (max 500)
   eps = 0.001992 >= 0.0001
Iteration 257 (max 500)
   eps = 0.001967 >= 0.0001
Iteration 258 (max 500)
   eps = 0.001942 >= 0.0001
Iteration 259 (max 500)
   eps = 0.001917 >= 0.0001
Iteration 260 (max 500)
   eps = 0.00189 >= 0.0001
Iteration 261 (max 500)
   eps = 0.001865 >= 0.0001
Iteration 262 (max 500)
   eps = 0.001838 >= 0.0001
Iteration 263 (max 500)
   eps = 0.001814 >= 0.0001
Iteration 264 (max 500)
   eps = 0.001791 >= 0.0001
Iteration 265 (max 500)
   eps = 0.001765 >= 0.0001
Iteration 266 (max 500)
   eps = 0.001741 >= 0.0001
Iteration 267 (max 500)
   eps = 0.001719 >= 0.0001
Iteration 268 (max 500)
   eps = 0.001698 >= 0.0001
Iteration 269 (max 500)
   eps = 0.001678 >= 0.0001
Iteration 270 (max 500)
   eps = 0.001661 >= 0.0001
Iteration 271 (max 500)
   eps = 0.001645 >= 0.0001
Iteration 272 (max 500)
   eps = 0.001625 >= 0.0001
Iteration 273 (max 500)
   eps = 0.001605 >= 0.0001
Iteration 274 (max 500)
   eps = 0.001584 >= 0.0001
Iteration 275 (max 500)
   eps = 0.00156 >= 0.0001
Iteration 276 (max 500)
   eps = 0.001533 >= 0.0001
Iteration 277 (max 500)
   eps = 0.001508 >= 0.0001
Iteration 278 (max 500)
   eps = 0.001485 >= 0.0001
Iteration 279 (max 500)
   eps = 0.001462 >= 0.0001
Iteration 280 (max 500)
   eps = 0.001441 >= 0.0001
Iteration 281 (max 500)
   eps = 0.001422 >= 0.0001
Iteration 282 (max 500)
   eps = 0.001402 >= 0.0001
Iteration 283 (max 500)
   eps = 0.001384 >= 0.0001
Iteration 284 (max 500)
   eps = 0.001367 >= 0.0001
Iteration 285 (max 500)
   eps = 0.001351 >= 0.0001
Iteration 286 (max 500)
   eps = 0.00133 >= 0.0001
Iteration 287 (max 500)
   eps = 0.001316 >= 0.0001
Iteration 288 (max 500)
   eps = 0.001299 >= 0.0001
Iteration 289 (max 500)
   eps = 0.001284 >= 0.0001
Iteration 290 (max 500)
   eps = 0.001264 >= 0.0001
Iteration 291 (max 500)
   eps = 0.001247 >= 0.0001
Iteration 292 (max 500)
   eps = 0.001233 >= 0.0001
Iteration 293 (max 500)
   eps = 0.001218 >= 0.0001
Iteration 294 (max 500)
   eps = 0.001203 >= 0.0001
Iteration 295 (max 500)
   eps = 0.001185 >= 0.0001
Iteration 296 (max 500)
   eps = 0.00117 >= 0.0001
Iteration 297 (max 500)
   eps = 0.001156 >= 0.0001
Iteration 298 (max 500)
   eps = 0.00114 >= 0.0001
Iteration 299 (max 500)
   eps = 0.001126 >= 0.0001
Iteration 300 (max 500)
   eps = 0.001115 >= 0.0001
Iteration 301 (max 500)
   eps = 0.0011 >= 0.0001
Iteration 302 (max 500)
   eps = 0.001091 >= 0.0001
Iteration 303 (max 500)
   eps = 0.001076 >= 0.0001
Iteration 304 (max 500)
   eps = 0.001065 >= 0.0001
Iteration 305 (max 500)
   eps = 0.001052 >= 0.0001
Iteration 306 (max 500)
   eps = 0.001038 >= 0.0001
Iteration 307 (max 500)
   eps = 0.001021 >= 0.0001
Iteration 308 (max 500)
   eps = 0.001009 >= 0.0001
Iteration 309 (max 500)
   eps = 0.000996 >= 0.0001
Iteration 310 (max 500)
   eps = 0.00098 >= 0.0001
Iteration 311 (max 500)
   eps = 0.000965 >= 0.0001
Iteration 312 (max 500)
   eps = 0.000952 >= 0.0001
Iteration 313 (max 500)
   eps = 0.00094 >= 0.0001
Iteration 314 (max 500)
   eps = 0.000928 >= 0.0001
Iteration 315 (max 500)
   eps = 0.000915 >= 0.0001
Iteration 316 (max 500)
   eps = 0.000901 >= 0.0001
Iteration 317 (max 500)
   eps = 0.000888 >= 0.0001
Iteration 318 (max 500)
   eps = 0.000876 >= 0.0001
Iteration 319 (max 500)
   eps = 0.000864 >= 0.0001
Iteration 320 (max 500)
   eps = 0.000852 >= 0.0001
Iteration 321 (max 500)
   eps = 0.00084 >= 0.0001
Iteration 322 (max 500)
   eps = 0.000828 >= 0.0001
Iteration 323 (max 500)
   eps = 0.000818 >= 0.0001
Iteration 324 (max 500)
   eps = 0.000808 >= 0.0001
Iteration 325 (max 500)
   eps = 0.000798 >= 0.0001
Iteration 326 (max 500)
   eps = 0.000788 >= 0.0001
Iteration 327 (max 500)
   eps = 0.000778 >= 0.0001
Iteration 328 (max 500)
   eps = 0.000768 >= 0.0001
Iteration 329 (max 500)
   eps = 0.000757 >= 0.0001
Iteration 330 (max 500)
   eps = 0.000746 >= 0.0001
Iteration 331 (max 500)
   eps = 0.000735 >= 0.0001
Iteration 332 (max 500)
   eps = 0.000724 >= 0.0001
Iteration 333 (max 500)
   eps = 0.000714 >= 0.0001
Iteration 334 (max 500)
   eps = 0.000704 >= 0.0001
Iteration 335 (max 500)
   eps = 0.000695 >= 0.0001
Iteration 336 (max 500)
   eps = 0.000686 >= 0.0001
Iteration 337 (max 500)
   eps = 0.000679 >= 0.0001
Iteration 338 (max 500)
   eps = 0.000671 >= 0.0001
Iteration 339 (max 500)
   eps = 0.000662 >= 0.0001
Iteration 340 (max 500)
   eps = 0.000654 >= 0.0001
Iteration 341 (max 500)
   eps = 0.000645 >= 0.0001
Iteration 342 (max 500)
   eps = 0.000636 >= 0.0001
Iteration 343 (max 500)
   eps = 0.000627 >= 0.0001
Iteration 344 (max 500)
   eps = 0.000619 >= 0.0001
Iteration 345 (max 500)
   eps = 0.000611 >= 0.0001
Iteration 346 (max 500)
   eps = 0.000603 >= 0.0001
Iteration 347 (max 500)
   eps = 0.000594 >= 0.0001
Iteration 348 (max 500)
   eps = 0.000586 >= 0.0001
Iteration 349 (max 500)
   eps = 0.000578 >= 0.0001
Iteration 350 (max 500)
   eps = 0.00057 >= 0.0001
Iteration 351 (max 500)
   eps = 0.000561 >= 0.0001
Iteration 352 (max 500)
   eps = 0.000552 >= 0.0001
Iteration 353 (max 500)
   eps = 0.000543 >= 0.0001
Iteration 354 (max 500)
   eps = 0.000536 >= 0.0001
Iteration 355 (max 500)
   eps = 0.000529 >= 0.0001
Iteration 356 (max 500)
   eps = 0.000521 >= 0.0001
Iteration 357 (max 500)
   eps = 0.000514 >= 0.0001
Iteration 358 (max 500)
   eps = 0.000506 >= 0.0001
Iteration 359 (max 500)
   eps = 0.000499 >= 0.0001
Iteration 360 (max 500)
   eps = 0.000492 >= 0.0001
Iteration 361 (max 500)
   eps = 0.000485 >= 0.0001
Iteration 362 (max 500)
   eps = 0.000477 >= 0.0001
Iteration 363 (max 500)
   eps = 0.00047 >= 0.0001
Iteration 364 (max 500)
   eps = 0.000464 >= 0.0001
Iteration 365 (max 500)
   eps = 0.000457 >= 0.0001
Iteration 366 (max 500)
   eps = 0.000452 >= 0.0001
Iteration 367 (max 500)
   eps = 0.000446 >= 0.0001
Iteration 368 (max 500)
   eps = 0.000441 >= 0.0001
Iteration 369 (max 500)
   eps = 0.000434 >= 0.0001
Iteration 370 (max 500)
   eps = 0.000429 >= 0.0001
Iteration 371 (max 500)
   eps = 0.000423 >= 0.0001
Iteration 372 (max 500)
   eps = 0.000417 >= 0.0001
Iteration 373 (max 500)
   eps = 0.000412 >= 0.0001
Iteration 374 (max 500)
   eps = 0.000407 >= 0.0001
Iteration 375 (max 500)
   eps = 0.000402 >= 0.0001
Iteration 376 (max 500)
   eps = 0.000397 >= 0.0001
Iteration 377 (max 500)
   eps = 0.000391 >= 0.0001
Iteration 378 (max 500)
   eps = 0.000385 >= 0.0001
Iteration 379 (max 500)
   eps = 0.000379 >= 0.0001
Iteration 380 (max 500)
   eps = 0.000374 >= 0.0001
Iteration 381 (max 500)
   eps = 0.000369 >= 0.0001
Iteration 382 (max 500)
   eps = 0.000364 >= 0.0001
Iteration 383 (max 500)
   eps = 0.000359 >= 0.0001
Iteration 384 (max 500)
   eps = 0.000354 >= 0.0001
Iteration 385 (max 500)
   eps = 0.000349 >= 0.0001
Iteration 386 (max 500)
   eps = 0.000344 >= 0.0001
Iteration 387 (max 500)
   eps = 0.00034 >= 0.0001
Iteration 388 (max 500)
   eps = 0.000336 >= 0.0001
Iteration 389 (max 500)
   eps = 0.000331 >= 0.0001
Iteration 390 (max 500)
   eps = 0.000326 >= 0.0001
Iteration 391 (max 500)
   eps = 0.000321 >= 0.0001
Iteration 392 (max 500)
   eps = 0.000316 >= 0.0001
Iteration 393 (max 500)
   eps = 0.000311 >= 0.0001
Iteration 394 (max 500)
   eps = 0.000306 >= 0.0001
Iteration 395 (max 500)
   eps = 0.000301 >= 0.0001
Iteration 396 (max 500)
   eps = 0.000297 >= 0.0001
Iteration 397 (max 500)
   eps = 0.000293 >= 0.0001
Iteration 398 (max 500)
   eps = 0.000289 >= 0.0001
Iteration 399 (max 500)
   eps = 0.000285 >= 0.0001
Iteration 400 (max 500)
   eps = 0.000281 >= 0.0001
Iteration 401 (max 500)
   eps = 0.000278 >= 0.0001
Iteration 402 (max 500)
   eps = 0.000274 >= 0.0001
Iteration 403 (max 500)
   eps = 0.000271 >= 0.0001
Iteration 404 (max 500)
   eps = 0.000268 >= 0.0001
Iteration 405 (max 500)
   eps = 0.000264 >= 0.0001
Iteration 406 (max 500)
   eps = 0.000261 >= 0.0001
Iteration 407 (max 500)
   eps = 0.000257 >= 0.0001
Iteration 408 (max 500)
   eps = 0.000254 >= 0.0001
Iteration 409 (max 500)
   eps = 0.00025 >= 0.0001
Iteration 410 (max 500)
   eps = 0.000246 >= 0.0001
Iteration 411 (max 500)
   eps = 0.000242 >= 0.0001
Iteration 412 (max 500)
   eps = 0.000239 >= 0.0001
Iteration 413 (max 500)
   eps = 0.000236 >= 0.0001
Iteration 414 (max 500)
   eps = 0.000233 >= 0.0001
Iteration 415 (max 500)
   eps = 0.00023 >= 0.0001
Iteration 416 (max 500)
   eps = 0.000226 >= 0.0001
Iteration 417 (max 500)
   eps = 0.000223 >= 0.0001
Iteration 418 (max 500)
   eps = 0.00022 >= 0.0001
Iteration 419 (max 500)
   eps = 0.000217 >= 0.0001
Iteration 420 (max 500)
   eps = 0.000214 >= 0.0001
Iteration 421 (max 500)
   eps = 0.000211 >= 0.0001
Iteration 422 (max 500)
   eps = 0.000208 >= 0.0001
Iteration 423 (max 500)
   eps = 0.000205 >= 0.0001
Iteration 424 (max 500)
   eps = 0.000203 >= 0.0001
Iteration 425 (max 500)
   eps = 0.0002 >= 0.0001
Iteration 426 (max 500)
   eps = 0.000197 >= 0.0001
Iteration 427 (max 500)
   eps = 0.000194 >= 0.0001
Iteration 428 (max 500)
   eps = 0.000191 >= 0.0001
Iteration 429 (max 500)
   eps = 0.000188 >= 0.0001
Iteration 430 (max 500)
   eps = 0.000185 >= 0.0001
Iteration 431 (max 500)
   eps = 0.000182 >= 0.0001
Iteration 432 (max 500)
   eps = 0.000179 >= 0.0001
Iteration 433 (max 500)
   eps = 0.000177 >= 0.0001
Iteration 434 (max 500)
   eps = 0.000174 >= 0.0001
Iteration 435 (max 500)
   eps = 0.000172 >= 0.0001
Iteration 436 (max 500)
   eps = 0.000169 >= 0.0001
Iteration 437 (max 500)
   eps = 0.000167 >= 0.0001
Iteration 438 (max 500)
   eps = 0.000165 >= 0.0001
Iteration 439 (max 500)
   eps = 0.000162 >= 0.0001
Iteration 440 (max 500)
   eps = 0.00016 >= 0.0001
Iteration 441 (max 500)
   eps = 0.000157 >= 0.0001
Iteration 442 (max 500)
   eps = 0.000155 >= 0.0001
Iteration 443 (max 500)
   eps = 0.000153 >= 0.0001
Iteration 444 (max 500)
   eps = 0.000151 >= 0.0001
Iteration 445 (max 500)
   eps = 0.000149 >= 0.0001
Iteration 446 (max 500)
   eps = 0.000147 >= 0.0001
Iteration 447 (max 500)
   eps = 0.000145 >= 0.0001
Iteration 448 (max 500)
   eps = 0.000143 >= 0.0001
Iteration 449 (max 500)
   eps = 0.000141 >= 0.0001
Iteration 450 (max 500)
   eps = 0.000139 >= 0.0001
Iteration 451 (max 500)
   eps = 0.000137 >= 0.0001
Iteration 452 (max 500)
   eps = 0.000135 >= 0.0001
Iteration 453 (max 500)
   eps = 0.000133 >= 0.0001
Iteration 454 (max 500)
   eps = 0.000131 >= 0.0001
Iteration 455 (max 500)
   eps = 0.000129 >= 0.0001
Iteration 456 (max 500)
   eps = 0.000127 >= 0.0001
Iteration 457 (max 500)
   eps = 0.000125 >= 0.0001
Iteration 458 (max 500)
   eps = 0.000124 >= 0.0001
Iteration 459 (max 500)
   eps = 0.000122 >= 0.0001
Iteration 460 (max 500)
   eps = 0.00012 >= 0.0001
Iteration 461 (max 500)
   eps = 0.000118 >= 0.0001
Iteration 462 (max 500)
   eps = 0.000117 >= 0.0001
Iteration 463 (max 500)
   eps = 0.000115 >= 0.0001
Iteration 464 (max 500)
   eps = 0.000113 >= 0.0001
Iteration 465 (max 500)
   eps = 0.000112 >= 0.0001
Iteration 466 (max 500)
   eps = 0.00011 >= 0.0001
Iteration 467 (max 500)
   eps = 0.000108 >= 0.0001
Iteration 468 (max 500)
   eps = 0.000107 >= 0.0001
Iteration 469 (max 500)
   eps = 0.000105 >= 0.0001
Iteration 470 (max 500)
   eps = 0.000104 >= 0.0001
Iteration 471 (max 500)
   eps = 0.000102 >= 0.0001
Iteration 472 (max 500)
   eps = 0.0001 >= 0.0001
Iteration 473 (max 500)
Time spent by the wind speed solver: 175.60774970054626 s
Rotates geometries from -45.0 degrees
Interp succeeded!!! for tmp_file
Interp succeeded!!! for tmp_file
Interp succeeded!!! for tmp_file
Interp succeeded!!! for tmp_file
Interp succeeded!!! for tmp_file
Interp succeeded!!! for tmp_file
Process 3978154: Successfully ran URock for tile output 'wind_field_raw_tile_10'.
Process 3978154: Elapsed time for URock ('wind_field_raw_tile_10'): 404.40 seconds.
[Master] Process 3978154 - Tile 10: Finished processing.
[Master] 3978154: exit signal
Info: Debuffered '/storage/project/r-rbasu31-0/hyu483/Test_UMEP/UROCK_output_34_spawn/temp_intermediate_files/tile_10_urock_raw_outputs/z1_5/wind_field_raw_tile_10WS.tif' to '/storage/project/r-rbasu31-0/hyu483/Test_UMEP/UROCK_output_34_spawn/urock_tiled_output/urock_wind_field_tile_10WS.tif' (original extent: (234182.59099838723, 902332.4833440109, 234482.59099838723, 902632.4833440109)).
Connecting to database
	->/tmp/URock_2025-12-21T1733079057767d-35e4-40fa-badf-18836e37c44a/myDbH2
/storage/home/hcoda1/4/hyu483/qgis_332/profiles/default/python/plugins/processing_umep/functions/URock/h2gis-standalone/h2gis-dist-2.2.3.jar
Connected!

Spatial functions added!

Load input data
Load table 'build_pre_srid_20251221173320'
Load table 'veg_pre_srid_20251221173320'
Creates blocks and stacked blocks
Rotates geometries from 45.0 degrees
Identify block base height and block cavity base
Calculates obstacle properties
Calculates zone properties
Initializes upwind facades
Update upwind facades base height
Initializes downwind facades
Calculates study area properties
Roughness zone properties are:

                                 - z0: 2.260247848648092
                                 - d: 10.765149385020425
                                 - Hr: 15.06831899098728
                                 - H_ob_max: 136
                                 - lambda_f: 0.1912077611234382
Rotates geometries from -45.0 degrees
Rotates geometries from -45.0 degrees
Rotates geometries from -45.0 degrees
Creates displacement zones
Rotates geometries from -45.0 degrees
Rotates geometries from -45.0 degrees
Creates cavity and wake zones
Rotates geometries from -45.0 degrees
Rotates geometries from -45.0 degrees
Creates street canyon zones
Rotates geometries from -45.0 degrees
Creates rooftop zones (perpendicular and corner)
Rotates geometries from -45.0 degrees
Rotates geometries from -45.0 degrees
Creates built-up and open vegetation zones
Rotates geometries from -45.0 degrees
Rotates geometries from -45.0 degrees
Identify the buildings concerned by the impacted zone chosen by the user
Creates the grid of points
Affects each grid point to a building Rockle zone and calculates needed 
          variables for 3D wind speed
Affects each grid point to a vegetation Rockle zone and calculates 
          needed variables for 3D wind speed
Remove some of the Röckle zone points
Creates backward zones
Calculates the 3D wind speed factor value for each point of each BUILDING zone
Rotates geometries from -45.0 degrees
Rotates geometries from -45.0 degrees
Rotates geometries from -45.0 degrees
Rotates geometries from -45.0 degrees
Rotates geometries from -45.0 degrees
Rotates geometries from -45.0 degrees
Rotates geometries from -45.0 degrees
Rotates geometries from -45.0 degrees
Rotates geometries from -45.0 degrees
Calculates the 3D wind speed factor value for each point of each VEGETATION zone
Rotates geometries from -45.0 degrees
Deals with superimposition (keeps only 1 value per 3D point)
Deals with superimposition (keeps only 1 value per 3D point)
Identify upstreamer points in TEMPO_WEIGHTING table
Identify upstreamer points in TEMPO_PRIORITIES table
Identify upstreamer points in TEMPO_PRIORITIES_WEIGHT table
Deals with superimposition (keeps only 1 value per 3D point)
Identify upstreamer points in TEMPO_WEIGHTING table
Identify upstreamer points in TEMPO_PRIORITIES table
Identify upstreamer points in TEMPO_PRIORITIES_WEIGHT table
Rotates geometries from -45.0 degrees
Identify grid points intersecting buildings
Set the initial 3D wind speed field
Time spent for wind speed initialization: 166.3970251083374 s
Shape: (291, 347, 60) - Nb cells: 6058620
Start to apply the wind solver
Iteration 1 (max 500)
   eps = 0.726163 >= 0.0001
Iteration 2 (max 500)
   eps = 0.432755 >= 0.0001
Iteration 3 (max 500)
   eps = 0.318736 >= 0.0001
Iteration 4 (max 500)
   eps = 0.255281 >= 0.0001
Iteration 5 (max 500)
   eps = 0.211485 >= 0.0001
Iteration 6 (max 500)
   eps = 0.181355 >= 0.0001
Iteration 7 (max 500)
   eps = 0.158596 >= 0.0001
Iteration 8 (max 500)
   eps = 0.14033 >= 0.0001
Iteration 9 (max 500)
   eps = 0.12548 >= 0.0001
Iteration 10 (max 500)
   eps = 0.113008 >= 0.0001
Iteration 11 (max 500)
   eps = 0.102743 >= 0.0001
Iteration 12 (max 500)
   eps = 0.093935 >= 0.0001
Iteration 13 (max 500)
   eps = 0.086616 >= 0.0001
Iteration 14 (max 500)
   eps = 0.080278 >= 0.0001
Iteration 15 (max 500)
   eps = 0.074739 >= 0.0001
Iteration 16 (max 500)
   eps = 0.069964 >= 0.0001
Iteration 17 (max 500)
   eps = 0.065766 >= 0.0001
Iteration 18 (max 500)
   eps = 0.062069 >= 0.0001
Iteration 19 (max 500)
   eps = 0.058657 >= 0.0001
Iteration 20 (max 500)
   eps = 0.055543 >= 0.0001
Iteration 21 (max 500)
   eps = 0.052725 >= 0.0001
Iteration 22 (max 500)
   eps = 0.050188 >= 0.0001
Iteration 23 (max 500)
   eps = 0.047896 >= 0.0001
Iteration 24 (max 500)
   eps = 0.045799 >= 0.0001
Iteration 25 (max 500)
   eps = 0.043854 >= 0.0001
Iteration 26 (max 500)
   eps = 0.042121 >= 0.0001
Iteration 27 (max 500)
   eps = 0.0405 >= 0.0001
Iteration 28 (max 500)
   eps = 0.039062 >= 0.0001
Iteration 29 (max 500)
   eps = 0.037713 >= 0.0001
Iteration 30 (max 500)
   eps = 0.036483 >= 0.0001
Iteration 31 (max 500)
   eps = 0.035311 >= 0.0001
Iteration 32 (max 500)
   eps = 0.034211 >= 0.0001
Iteration 33 (max 500)
   eps = 0.033198 >= 0.0001
Iteration 34 (max 500)
   eps = 0.032236 >= 0.0001
Iteration 35 (max 500)
   eps = 0.031348 >= 0.0001
Iteration 36 (max 500)
   eps = 0.030506 >= 0.0001
Iteration 37 (max 500)
   eps = 0.029717 >= 0.0001
Iteration 38 (max 500)
   eps = 0.028948 >= 0.0001
Iteration 39 (max 500)
   eps = 0.028196 >= 0.0001
Iteration 40 (max 500)
   eps = 0.027452 >= 0.0001
Iteration 41 (max 500)
   eps = 0.026736 >= 0.0001
Iteration 42 (max 500)
   eps = 0.026045 >= 0.0001
Iteration 43 (max 500)
   eps = 0.025387 >= 0.0001
Iteration 44 (max 500)
   eps = 0.024757 >= 0.0001
Iteration 45 (max 500)
   eps = 0.024173 >= 0.0001
Iteration 46 (max 500)
   eps = 0.023596 >= 0.0001
Iteration 47 (max 500)
   eps = 0.023045 >= 0.0001
Iteration 48 (max 500)
   eps = 0.022578 >= 0.0001
Iteration 49 (max 500)
   eps = 0.022015 >= 0.0001
Iteration 50 (max 500)
   eps = 0.021579 >= 0.0001
Iteration 51 (max 500)
   eps = 0.021028 >= 0.0001
Iteration 52 (max 500)
   eps = 0.020555 >= 0.0001
Iteration 53 (max 500)
   eps = 0.020137 >= 0.0001
Iteration 54 (max 500)
   eps = 0.019743 >= 0.0001
Iteration 55 (max 500)
   eps = 0.019349 >= 0.0001
Iteration 56 (max 500)
   eps = 0.018953 >= 0.0001
Iteration 57 (max 500)
   eps = 0.018562 >= 0.0001
Iteration 58 (max 500)
   eps = 0.01859 >= 0.0001
Iteration 59 (max 500)
   eps = 0.018174 >= 0.0001
Iteration 60 (max 500)
   eps = 0.017824 >= 0.0001
Iteration 61 (max 500)
   eps = 0.017506 >= 0.0001
Iteration 62 (max 500)
   eps = 0.01713 >= 0.0001
Iteration 63 (max 500)
   eps = 0.016817 >= 0.0001
Iteration 64 (max 500)
   eps = 0.01649 >= 0.0001
Iteration 65 (max 500)
   eps = 0.016196 >= 0.0001
Iteration 66 (max 500)
   eps = 0.01592 >= 0.0001
Iteration 67 (max 500)
   eps = 0.015661 >= 0.0001
Iteration 68 (max 500)
   eps = 0.015417 >= 0.0001
Iteration 69 (max 500)
   eps = 0.015195 >= 0.0001
Iteration 70 (max 500)
   eps = 0.014969 >= 0.0001
Iteration 71 (max 500)
   eps = 0.014744 >= 0.0001
Iteration 72 (max 500)
   eps = 0.014515 >= 0.0001
Iteration 73 (max 500)
   eps = 0.014297 >= 0.0001
Iteration 74 (max 500)
   eps = 0.01408 >= 0.0001
Iteration 75 (max 500)
   eps = 0.013856 >= 0.0001
Iteration 76 (max 500)
   eps = 0.013622 >= 0.0001
Iteration 77 (max 500)
   eps = 0.01339 >= 0.0001
Iteration 78 (max 500)
   eps = 0.013166 >= 0.0001
Iteration 79 (max 500)
   eps = 0.012949 >= 0.0001
Iteration 80 (max 500)
   eps = 0.012739 >= 0.0001
Iteration 81 (max 500)
   eps = 0.012531 >= 0.0001
Iteration 82 (max 500)
   eps = 0.012342 >= 0.0001
Iteration 83 (max 500)
   eps = 0.012158 >= 0.0001
Iteration 84 (max 500)
   eps = 0.01198 >= 0.0001
Iteration 85 (max 500)
   eps = 0.011801 >= 0.0001
Iteration 86 (max 500)
   eps = 0.011637 >= 0.0001
Iteration 87 (max 500)
   eps = 0.011482 >= 0.0001
Iteration 88 (max 500)
   eps = 0.011328 >= 0.0001
Iteration 89 (max 500)
   eps = 0.011174 >= 0.0001
Iteration 90 (max 500)
   eps = 0.011026 >= 0.0001
Iteration 91 (max 500)
   eps = 0.010885 >= 0.0001
Iteration 92 (max 500)
   eps = 0.010757 >= 0.0001
Iteration 93 (max 500)
   eps = 0.010625 >= 0.0001
Iteration 94 (max 500)
   eps = 0.010497 >= 0.0001
Iteration 95 (max 500)
   eps = 0.010374 >= 0.0001
Iteration 96 (max 500)
   eps = 0.010258 >= 0.0001
Iteration 97 (max 500)
   eps = 0.010134 >= 0.0001
Iteration 98 (max 500)
   eps = 0.01001 >= 0.0001
Iteration 99 (max 500)
   eps = 0.009881 >= 0.0001
Iteration 100 (max 500)
   eps = 0.009751 >= 0.0001
Iteration 101 (max 500)
   eps = 0.009622 >= 0.0001
Iteration 102 (max 500)
   eps = 0.009496 >= 0.0001
Iteration 103 (max 500)
   eps = 0.009373 >= 0.0001
Iteration 104 (max 500)
   eps = 0.009253 >= 0.0001
Iteration 105 (max 500)
   eps = 0.009142 >= 0.0001
Iteration 106 (max 500)
   eps = 0.00903 >= 0.0001
Iteration 107 (max 500)
   eps = 0.008915 >= 0.0001
Iteration 108 (max 500)
   eps = 0.008802 >= 0.0001
Iteration 109 (max 500)
   eps = 0.008692 >= 0.0001
Iteration 110 (max 500)
   eps = 0.008582 >= 0.0001
Iteration 111 (max 500)
   eps = 0.008472 >= 0.0001
Iteration 112 (max 500)
   eps = 0.008366 >= 0.0001
Iteration 113 (max 500)
   eps = 0.008265 >= 0.0001
Iteration 114 (max 500)
   eps = 0.008163 >= 0.0001
Iteration 115 (max 500)
   eps = 0.008058 >= 0.0001
Iteration 116 (max 500)
   eps = 0.007953 >= 0.0001
Iteration 117 (max 500)
   eps = 0.007851 >= 0.0001
Iteration 118 (max 500)
   eps = 0.007749 >= 0.0001
Iteration 119 (max 500)
   eps = 0.007645 >= 0.0001
Iteration 120 (max 500)
   eps = 0.007537 >= 0.0001
Iteration 121 (max 500)
   eps = 0.007435 >= 0.0001
Iteration 122 (max 500)
   eps = 0.007335 >= 0.0001
Iteration 123 (max 500)
   eps = 0.007236 >= 0.0001
Iteration 124 (max 500)
   eps = 0.007139 >= 0.0001
Iteration 125 (max 500)
   eps = 0.007043 >= 0.0001
Iteration 126 (max 500)
   eps = 0.00695 >= 0.0001
Iteration 127 (max 500)
   eps = 0.006855 >= 0.0001
Iteration 128 (max 500)
   eps = 0.006762 >= 0.0001
Iteration 129 (max 500)
   eps = 0.006668 >= 0.0001
Iteration 130 (max 500)
   eps = 0.00657 >= 0.0001
Iteration 131 (max 500)
   eps = 0.006475 >= 0.0001
Iteration 132 (max 500)
   eps = 0.006377 >= 0.0001
Iteration 133 (max 500)
   eps = 0.006283 >= 0.0001
Iteration 134 (max 500)
   eps = 0.00619 >= 0.0001
Iteration 135 (max 500)
   eps = 0.006106 >= 0.0001
Iteration 136 (max 500)
   eps = 0.006025 >= 0.0001
Iteration 137 (max 500)
   eps = 0.005944 >= 0.0001
Iteration 138 (max 500)
   eps = 0.005866 >= 0.0001
Iteration 139 (max 500)
   eps = 0.005789 >= 0.0001
Iteration 140 (max 500)
   eps = 0.005708 >= 0.0001
Iteration 141 (max 500)
   eps = 0.005633 >= 0.0001
Iteration 142 (max 500)
   eps = 0.005554 >= 0.0001
Iteration 143 (max 500)
   eps = 0.005482 >= 0.0001
Iteration 144 (max 500)
   eps = 0.005409 >= 0.0001
Iteration 145 (max 500)
   eps = 0.005339 >= 0.0001
Iteration 146 (max 500)
   eps = 0.005261 >= 0.0001
Iteration 147 (max 500)
   eps = 0.005198 >= 0.0001
Iteration 148 (max 500)
   eps = 0.005129 >= 0.0001
Iteration 149 (max 500)
   eps = 0.005064 >= 0.0001
Iteration 150 (max 500)
   eps = 0.004996 >= 0.0001
Iteration 151 (max 500)
   eps = 0.004937 >= 0.0001
Iteration 152 (max 500)
   eps = 0.004909 >= 0.0001
Iteration 153 (max 500)
   eps = 0.004829 >= 0.0001
Iteration 154 (max 500)
   eps = 0.004766 >= 0.0001
Iteration 155 (max 500)
   eps = 0.004694 >= 0.0001
Iteration 156 (max 500)
   eps = 0.004624 >= 0.0001
Iteration 157 (max 500)
   eps = 0.004548 >= 0.0001
Iteration 158 (max 500)
   eps = 0.004481 >= 0.0001
Iteration 159 (max 500)
   eps = 0.004414 >= 0.0001
Iteration 160 (max 500)
   eps = 0.004354 >= 0.0001
Iteration 161 (max 500)
   eps = 0.004288 >= 0.0001
Iteration 162 (max 500)
   eps = 0.004224 >= 0.0001
Iteration 163 (max 500)
   eps = 0.004159 >= 0.0001
Iteration 164 (max 500)
   eps = 0.004094 >= 0.0001
Iteration 165 (max 500)
   eps = 0.004034 >= 0.0001
Iteration 166 (max 500)
   eps = 0.003978 >= 0.0001
Iteration 167 (max 500)
   eps = 0.00392 >= 0.0001
Iteration 168 (max 500)
   eps = 0.003864 >= 0.0001
Iteration 169 (max 500)
   eps = 0.003814 >= 0.0001
Iteration 170 (max 500)
   eps = 0.003762 >= 0.0001
Iteration 171 (max 500)
   eps = 0.003709 >= 0.0001
Iteration 172 (max 500)
   eps = 0.003655 >= 0.0001
Iteration 173 (max 500)
   eps = 0.003603 >= 0.0001
Iteration 174 (max 500)
   eps = 0.003549 >= 0.0001
Iteration 175 (max 500)
   eps = 0.003498 >= 0.0001
Iteration 176 (max 500)
   eps = 0.003446 >= 0.0001
Iteration 177 (max 500)
   eps = 0.003394 >= 0.0001
Iteration 178 (max 500)
   eps = 0.003345 >= 0.0001
Iteration 179 (max 500)
   eps = 0.003294 >= 0.0001
Iteration 180 (max 500)
   eps = 0.003242 >= 0.0001
Iteration 181 (max 500)
   eps = 0.003191 >= 0.0001
Iteration 182 (max 500)
   eps = 0.003146 >= 0.0001
Iteration 183 (max 500)
   eps = 0.003102 >= 0.0001
Iteration 184 (max 500)
   eps = 0.003059 >= 0.0001
Iteration 185 (max 500)
   eps = 0.003015 >= 0.0001
Iteration 186 (max 500)
   eps = 0.002971 >= 0.0001
Iteration 187 (max 500)
   eps = 0.002927 >= 0.0001
Iteration 188 (max 500)
   eps = 0.002885 >= 0.0001
Iteration 189 (max 500)
   eps = 0.002842 >= 0.0001
Iteration 190 (max 500)
   eps = 0.002802 >= 0.0001
Iteration 191 (max 500)
   eps = 0.002764 >= 0.0001
Iteration 192 (max 500)
   eps = 0.002727 >= 0.0001
Iteration 193 (max 500)
   eps = 0.002689 >= 0.0001
Iteration 194 (max 500)
   eps = 0.00265 >= 0.0001
Iteration 195 (max 500)
   eps = 0.002611 >= 0.0001
Iteration 196 (max 500)
   eps = 0.002572 >= 0.0001
Iteration 197 (max 500)
   eps = 0.002536 >= 0.0001
Iteration 198 (max 500)
   eps = 0.002499 >= 0.0001
Iteration 199 (max 500)
   eps = 0.002464 >= 0.0001
Iteration 200 (max 500)
   eps = 0.00243 >= 0.0001
Iteration 201 (max 500)
   eps = 0.002396 >= 0.0001
Iteration 202 (max 500)
   eps = 0.002363 >= 0.0001
Iteration 203 (max 500)
   eps = 0.002329 >= 0.0001
Iteration 204 (max 500)
   eps = 0.002297 >= 0.0001
Iteration 205 (max 500)
   eps = 0.002265 >= 0.0001
Iteration 206 (max 500)
   eps = 0.002232 >= 0.0001
Iteration 207 (max 500)
   eps = 0.002198 >= 0.0001
Iteration 208 (max 500)
   eps = 0.002164 >= 0.0001
Iteration 209 (max 500)
   eps = 0.002135 >= 0.0001
Iteration 210 (max 500)
   eps = 0.002102 >= 0.0001
Iteration 211 (max 500)
   eps = 0.002071 >= 0.0001
Iteration 212 (max 500)
   eps = 0.002039 >= 0.0001
Iteration 213 (max 500)
   eps = 0.002007 >= 0.0001
Iteration 214 (max 500)
   eps = 0.001976 >= 0.0001
Iteration 215 (max 500)
   eps = 0.001946 >= 0.0001
Iteration 216 (max 500)
   eps = 0.001917 >= 0.0001
Iteration 217 (max 500)
   eps = 0.001883 >= 0.0001
Iteration 218 (max 500)
   eps = 0.001853 >= 0.0001
Iteration 219 (max 500)
   eps = 0.001824 >= 0.0001
Iteration 220 (max 500)
   eps = 0.001798 >= 0.0001
Iteration 221 (max 500)
   eps = 0.00177 >= 0.0001
Iteration 222 (max 500)
   eps = 0.001745 >= 0.0001
Iteration 223 (max 500)
   eps = 0.00172 >= 0.0001
Iteration 224 (max 500)
   eps = 0.001694 >= 0.0001
Iteration 225 (max 500)
   eps = 0.001671 >= 0.0001
Iteration 226 (max 500)
   eps = 0.001644 >= 0.0001
Iteration 227 (max 500)
   eps = 0.00162 >= 0.0001
Iteration 228 (max 500)
   eps = 0.001596 >= 0.0001
Iteration 229 (max 500)
   eps = 0.001572 >= 0.0001
Iteration 230 (max 500)
   eps = 0.001548 >= 0.0001
Iteration 231 (max 500)
   eps = 0.001524 >= 0.0001
Iteration 232 (max 500)
   eps = 0.001502 >= 0.0001
Iteration 233 (max 500)
   eps = 0.001478 >= 0.0001
Iteration 234 (max 500)
   eps = 0.001456 >= 0.0001
Iteration 235 (max 500)
   eps = 0.001433 >= 0.0001
Iteration 236 (max 500)
   eps = 0.001411 >= 0.0001
Iteration 237 (max 500)
   eps = 0.001391 >= 0.0001
Iteration 238 (max 500)
   eps = 0.001371 >= 0.0001
Iteration 239 (max 500)
   eps = 0.001354 >= 0.0001
Iteration 240 (max 500)
   eps = 0.00133 >= 0.0001
Iteration 241 (max 500)
   eps = 0.001308 >= 0.0001
Iteration 242 (max 500)
   eps = 0.001286 >= 0.0001
Iteration 243 (max 500)
   eps = 0.001266 >= 0.0001
Iteration 244 (max 500)
   eps = 0.001246 >= 0.0001
Iteration 245 (max 500)
   eps = 0.001228 >= 0.0001
Iteration 246 (max 500)
   eps = 0.001212 >= 0.0001
Iteration 247 (max 500)
   eps = 0.001196 >= 0.0001
Iteration 248 (max 500)
   eps = 0.001179 >= 0.0001
Iteration 249 (max 500)
   eps = 0.001162 >= 0.0001
Iteration 250 (max 500)
   eps = 0.001146 >= 0.0001
Iteration 251 (max 500)
   eps = 0.001129 >= 0.0001
Iteration 252 (max 500)
   eps = 0.001113 >= 0.0001
Iteration 253 (max 500)
   eps = 0.001097 >= 0.0001
Iteration 254 (max 500)
   eps = 0.001083 >= 0.0001
Iteration 255 (max 500)
   eps = 0.001068 >= 0.0001
Iteration 256 (max 500)
   eps = 0.001053 >= 0.0001
Iteration 257 (max 500)
   eps = 0.00104 >= 0.0001
Iteration 258 (max 500)
   eps = 0.001024 >= 0.0001
Iteration 259 (max 500)
   eps = 0.00101 >= 0.0001
Iteration 260 (max 500)
   eps = 0.000997 >= 0.0001
Iteration 261 (max 500)
   eps = 0.000982 >= 0.0001
Iteration 262 (max 500)
   eps = 0.000967 >= 0.0001
Iteration 263 (max 500)
   eps = 0.000951 >= 0.0001
Iteration 264 (max 500)
   eps = 0.000937 >= 0.0001
Iteration 265 (max 500)
   eps = 0.000922 >= 0.0001
Iteration 266 (max 500)
   eps = 0.000907 >= 0.0001
Iteration 267 (max 500)
   eps = 0.000894 >= 0.0001
Iteration 268 (max 500)
   eps = 0.00088 >= 0.0001
Iteration 269 (max 500)
   eps = 0.000866 >= 0.0001
Iteration 270 (max 500)
   eps = 0.000851 >= 0.0001
Iteration 271 (max 500)
   eps = 0.000836 >= 0.0001
Iteration 272 (max 500)
   eps = 0.000823 >= 0.0001
Iteration 273 (max 500)
   eps = 0.000809 >= 0.0001
Iteration 274 (max 500)
   eps = 0.000795 >= 0.0001
Iteration 275 (max 500)
   eps = 0.000782 >= 0.0001
Iteration 276 (max 500)
   eps = 0.000769 >= 0.0001
Iteration 277 (max 500)
   eps = 0.000757 >= 0.0001
Iteration 278 (max 500)
   eps = 0.000745 >= 0.0001
Iteration 279 (max 500)
   eps = 0.000734 >= 0.0001
Iteration 280 (max 500)
   eps = 0.000723 >= 0.0001
Iteration 281 (max 500)
   eps = 0.00071 >= 0.0001
Iteration 282 (max 500)
   eps = 0.000699 >= 0.0001
Iteration 283 (max 500)
   eps = 0.000688 >= 0.0001
Iteration 284 (max 500)
   eps = 0.000678 >= 0.0001
Iteration 285 (max 500)
   eps = 0.000668 >= 0.0001
Iteration 286 (max 500)
   eps = 0.000658 >= 0.0001
Iteration 287 (max 500)
   eps = 0.000648 >= 0.0001
Iteration 288 (max 500)
   eps = 0.000637 >= 0.0001
Iteration 289 (max 500)
   eps = 0.000627 >= 0.0001
Iteration 290 (max 500)
   eps = 0.000617 >= 0.0001
Iteration 291 (max 500)
   eps = 0.000606 >= 0.0001
Iteration 292 (max 500)
   eps = 0.000595 >= 0.0001
Iteration 293 (max 500)
   eps = 0.000584 >= 0.0001
Iteration 294 (max 500)
   eps = 0.000574 >= 0.0001
Iteration 295 (max 500)
   eps = 0.000565 >= 0.0001
Iteration 296 (max 500)
   eps = 0.000556 >= 0.0001
Iteration 297 (max 500)
   eps = 0.000547 >= 0.0001
Iteration 298 (max 500)
   eps = 0.000539 >= 0.0001
Iteration 299 (max 500)
   eps = 0.000531 >= 0.0001
Iteration 300 (max 500)
   eps = 0.000523 >= 0.0001
Iteration 301 (max 500)
   eps = 0.000515 >= 0.0001
Iteration 302 (max 500)
   eps = 0.000507 >= 0.0001
Iteration 303 (max 500)
   eps = 0.000499 >= 0.0001
Iteration 304 (max 500)
   eps = 0.000491 >= 0.0001
Iteration 305 (max 500)
   eps = 0.000484 >= 0.0001
Iteration 306 (max 500)
   eps = 0.000476 >= 0.0001
Iteration 307 (max 500)
   eps = 0.000468 >= 0.0001
Iteration 308 (max 500)
   eps = 0.000461 >= 0.0001
Iteration 309 (max 500)
   eps = 0.000454 >= 0.0001
Iteration 310 (max 500)
   eps = 0.000447 >= 0.0001
Iteration 311 (max 500)
   eps = 0.00044 >= 0.0001
Iteration 312 (max 500)
   eps = 0.000434 >= 0.0001
Iteration 313 (max 500)
   eps = 0.000427 >= 0.0001
Iteration 314 (max 500)
   eps = 0.000421 >= 0.0001
Iteration 315 (max 500)
   eps = 0.000414 >= 0.0001
Iteration 316 (max 500)
   eps = 0.000408 >= 0.0001
Iteration 317 (max 500)
   eps = 0.000401 >= 0.0001
Iteration 318 (max 500)
   eps = 0.000395 >= 0.0001
Iteration 319 (max 500)
   eps = 0.000388 >= 0.0001
Iteration 320 (max 500)
   eps = 0.000382 >= 0.0001
Iteration 321 (max 500)
   eps = 0.000375 >= 0.0001
Iteration 322 (max 500)
   eps = 0.00037 >= 0.0001
Iteration 323 (max 500)
   eps = 0.000364 >= 0.0001
Iteration 324 (max 500)
   eps = 0.000359 >= 0.0001
Iteration 325 (max 500)
   eps = 0.000353 >= 0.0001
Iteration 326 (max 500)
   eps = 0.000348 >= 0.0001
Iteration 327 (max 500)
   eps = 0.000342 >= 0.0001
Iteration 328 (max 500)
   eps = 0.000337 >= 0.0001
Iteration 329 (max 500)
   eps = 0.000331 >= 0.0001
Iteration 330 (max 500)
   eps = 0.000326 >= 0.0001
Iteration 331 (max 500)
   eps = 0.00032 >= 0.0001
Iteration 332 (max 500)
   eps = 0.000315 >= 0.0001
Iteration 333 (max 500)
   eps = 0.00031 >= 0.0001
Iteration 334 (max 500)
   eps = 0.000306 >= 0.0001
Iteration 335 (max 500)
   eps = 0.0003 >= 0.0001
Iteration 336 (max 500)
   eps = 0.000296 >= 0.0001
Iteration 337 (max 500)
   eps = 0.000291 >= 0.0001
Iteration 338 (max 500)
   eps = 0.000286 >= 0.0001
Iteration 339 (max 500)
   eps = 0.000282 >= 0.0001
Iteration 340 (max 500)
   eps = 0.000277 >= 0.0001
Iteration 341 (max 500)
   eps = 0.000273 >= 0.0001
Iteration 342 (max 500)
   eps = 0.000269 >= 0.0001
Iteration 343 (max 500)
   eps = 0.000264 >= 0.0001
Iteration 344 (max 500)
   eps = 0.00026 >= 0.0001
Iteration 345 (max 500)
   eps = 0.000256 >= 0.0001
Iteration 346 (max 500)
   eps = 0.000252 >= 0.0001
Iteration 347 (max 500)
   eps = 0.000247 >= 0.0001
Iteration 348 (max 500)
   eps = 0.000243 >= 0.0001
Iteration 349 (max 500)
   eps = 0.000239 >= 0.0001
Iteration 350 (max 500)
   eps = 0.000236 >= 0.0001
Iteration 351 (max 500)
   eps = 0.000232 >= 0.0001
Iteration 352 (max 500)
   eps = 0.000228 >= 0.0001
Iteration 353 (max 500)
   eps = 0.000224 >= 0.0001
Iteration 354 (max 500)
   eps = 0.00022 >= 0.0001
Iteration 355 (max 500)
   eps = 0.000217 >= 0.0001
Iteration 356 (max 500)
   eps = 0.000213 >= 0.0001
Iteration 357 (max 500)
   eps = 0.00021 >= 0.0001
Iteration 358 (max 500)
   eps = 0.000206 >= 0.0001
Iteration 359 (max 500)
   eps = 0.000203 >= 0.0001
Iteration 360 (max 500)
   eps = 0.0002 >= 0.0001
Iteration 361 (max 500)
   eps = 0.000197 >= 0.0001
Iteration 362 (max 500)
   eps = 0.000194 >= 0.0001
Iteration 363 (max 500)
   eps = 0.000191 >= 0.0001
Iteration 364 (max 500)
   eps = 0.000188 >= 0.0001
Iteration 365 (max 500)
   eps = 0.000185 >= 0.0001
Iteration 366 (max 500)
   eps = 0.000182 >= 0.0001
Iteration 367 (max 500)
   eps = 0.000179 >= 0.0001
Iteration 368 (max 500)
   eps = 0.000176 >= 0.0001
Iteration 369 (max 500)
   eps = 0.000173 >= 0.0001
Iteration 370 (max 500)
   eps = 0.00017 >= 0.0001
Iteration 371 (max 500)
   eps = 0.000167 >= 0.0001
Iteration 372 (max 500)
   eps = 0.000165 >= 0.0001
Iteration 373 (max 500)
   eps = 0.000162 >= 0.0001
Iteration 374 (max 500)
   eps = 0.00016 >= 0.0001
Iteration 375 (max 500)
   eps = 0.000158 >= 0.0001
Iteration 376 (max 500)
   eps = 0.000155 >= 0.0001
Iteration 377 (max 500)
   eps = 0.000153 >= 0.0001
Iteration 378 (max 500)
   eps = 0.000151 >= 0.0001
Iteration 379 (max 500)
   eps = 0.000149 >= 0.0001
Iteration 380 (max 500)
   eps = 0.000147 >= 0.0001
Iteration 381 (max 500)
   eps = 0.000145 >= 0.0001
Iteration 382 (max 500)
   eps = 0.000143 >= 0.0001
Iteration 383 (max 500)
   eps = 0.000141 >= 0.0001
Iteration 384 (max 500)
   eps = 0.000139 >= 0.0001
Iteration 385 (max 500)
   eps = 0.000137 >= 0.0001
Iteration 386 (max 500)
   eps = 0.000135 >= 0.0001
Iteration 387 (max 500)
   eps = 0.000132 >= 0.0001
Iteration 388 (max 500)
   eps = 0.000131 >= 0.0001
Iteration 389 (max 500)
   eps = 0.000128 >= 0.0001
Iteration 390 (max 500)
   eps = 0.000126 >= 0.0001
Iteration 391 (max 500)
   eps = 0.000124 >= 0.0001
Iteration 392 (max 500)
   eps = 0.000122 >= 0.0001
Iteration 393 (max 500)
   eps = 0.000121 >= 0.0001
Iteration 394 (max 500)
   eps = 0.000119 >= 0.0001
Iteration 395 (max 500)
   eps = 0.000117 >= 0.0001
Iteration 396 (max 500)
   eps = 0.000115 >= 0.0001
Iteration 397 (max 500)
   eps = 0.000114 >= 0.0001
Iteration 398 (max 500)
   eps = 0.000112 >= 0.0001
Iteration 399 (max 500)
   eps = 0.00011 >= 0.0001
Iteration 400 (max 500)
   eps = 0.000108 >= 0.0001
Iteration 401 (max 500)
   eps = 0.000107 >= 0.0001
Iteration 402 (max 500)
   eps = 0.000105 >= 0.0001
Iteration 403 (max 500)
   eps = 0.000103 >= 0.0001
Iteration 404 (max 500)
   eps = 0.000101 >= 0.0001
Iteration 405 (max 500)
Time spent by the wind speed solver: 201.49813389778137 s
Rotates geometries from -45.0 degrees
Interp succeeded!!! for tmp_file
Interp succeeded!!! for tmp_file
Interp succeeded!!! for tmp_file
Interp succeeded!!! for tmp_file
Interp succeeded!!! for tmp_file
Interp succeeded!!! for tmp_file
Process 3978168: Successfully ran URock for tile output 'wind_field_raw_tile_8'.
Process 3978168: Elapsed time for URock ('wind_field_raw_tile_8'): 437.77 seconds.
[Master] Process 3978168 - Tile 8: Finished processing.
[Master] 3978168: exit signal
Info: Debuffered '/storage/project/r-rbasu31-0/hyu483/Test_UMEP/UROCK_output_34_spawn/temp_intermediate_files/tile_8_urock_raw_outputs/z1_5/wind_field_raw_tile_8WS.tif' to '/storage/project/r-rbasu31-0/hyu483/Test_UMEP/UROCK_output_34_spawn/urock_tiled_output/urock_wind_field_tile_8WS.tif' (original extent: (234182.59099838723, 901732.4833440109, 234482.59099838723, 902032.4833440109)).
Connecting to database
	->/tmp/URock_2025-12-21T1733061377c01e-cba7-4e53-8dc6-1978e5242576/myDbH2
/storage/home/hcoda1/4/hyu483/qgis_332/profiles/default/python/plugins/processing_umep/functions/URock/h2gis-standalone/h2gis-dist-2.2.3.jar
Connected!

Spatial functions added!

Load input data
Load table 'build_pre_srid_20251221173316'
Load table 'veg_pre_srid_20251221173316'
Creates blocks and stacked blocks
Rotates geometries from 45.0 degrees
Identify block base height and block cavity base
Calculates obstacle properties
Calculates zone properties
Initializes upwind facades
Update upwind facades base height
Initializes downwind facades
Calculates study area properties
Roughness zone properties are:

                                 - z0: 2.617210258735645
                                 - d: 12.377307842093932
                                 - Hr: 17.448068391570967
                                 - H_ob_max: 136
                                 - lambda_f: 0.17679952290769974
Rotates geometries from -45.0 degrees
Rotates geometries from -45.0 degrees
Rotates geometries from -45.0 degrees
Creates displacement zones
Rotates geometries from -45.0 degrees
Rotates geometries from -45.0 degrees
Creates cavity and wake zones
Rotates geometries from -45.0 degrees
Rotates geometries from -45.0 degrees
Creates street canyon zones
Rotates geometries from -45.0 degrees
Creates rooftop zones (perpendicular and corner)
Rotates geometries from -45.0 degrees
Rotates geometries from -45.0 degrees
Creates built-up and open vegetation zones
Rotates geometries from -45.0 degrees
Rotates geometries from -45.0 degrees
Identify the buildings concerned by the impacted zone chosen by the user
Creates the grid of points
Affects each grid point to a building Rockle zone and calculates needed 
          variables for 3D wind speed
Affects each grid point to a vegetation Rockle zone and calculates 
          needed variables for 3D wind speed
Remove some of the Röckle zone points
Creates backward zones
Calculates the 3D wind speed factor value for each point of each BUILDING zone
Rotates geometries from -45.0 degrees
Rotates geometries from -45.0 degrees
Rotates geometries from -45.0 degrees
Rotates geometries from -45.0 degrees
Rotates geometries from -45.0 degrees
Rotates geometries from -45.0 degrees
Rotates geometries from -45.0 degrees
Rotates geometries from -45.0 degrees
Rotates geometries from -45.0 degrees
Calculates the 3D wind speed factor value for each point of each VEGETATION zone
Rotates geometries from -45.0 degrees
Deals with superimposition (keeps only 1 value per 3D point)
Deals with superimposition (keeps only 1 value per 3D point)
Identify upstreamer points in TEMPO_WEIGHTING table
Identify upstreamer points in TEMPO_PRIORITIES table
Identify upstreamer points in TEMPO_PRIORITIES_WEIGHT table
Deals with superimposition (keeps only 1 value per 3D point)
Identify upstreamer points in TEMPO_WEIGHTING table
Identify upstreamer points in TEMPO_PRIORITIES table
Identify upstreamer points in TEMPO_PRIORITIES_WEIGHT table
Rotates geometries from -45.0 degrees
Identify grid points intersecting buildings
Set the initial 3D wind speed field
Time spent for wind speed initialization: 185.1125030517578 s
Shape: (296, 375, 60) - Nb cells: 6660000
Start to apply the wind solver
Iteration 1 (max 500)
   eps = 0.719866 >= 0.0001
Iteration 2 (max 500)
   eps = 0.433006 >= 0.0001
Iteration 3 (max 500)
   eps = 0.323448 >= 0.0001
Iteration 4 (max 500)
   eps = 0.259635 >= 0.0001
Iteration 5 (max 500)
   eps = 0.215236 >= 0.0001
Iteration 6 (max 500)
   eps = 0.184576 >= 0.0001
Iteration 7 (max 500)
   eps = 0.161999 >= 0.0001
Iteration 8 (max 500)
   eps = 0.144413 >= 0.0001
Iteration 9 (max 500)
   eps = 0.130404 >= 0.0001
Iteration 10 (max 500)
   eps = 0.118297 >= 0.0001
Iteration 11 (max 500)
   eps = 0.108098 >= 0.0001
Iteration 12 (max 500)
   eps = 0.099014 >= 0.0001
Iteration 13 (max 500)
   eps = 0.091066 >= 0.0001
Iteration 14 (max 500)
   eps = 0.084072 >= 0.0001
Iteration 15 (max 500)
   eps = 0.077927 >= 0.0001
Iteration 16 (max 500)
   eps = 0.072384 >= 0.0001
Iteration 17 (max 500)
   eps = 0.067424 >= 0.0001
Iteration 18 (max 500)
   eps = 0.063114 >= 0.0001
Iteration 19 (max 500)
   eps = 0.059326 >= 0.0001
Iteration 20 (max 500)
   eps = 0.05596 >= 0.0001
Iteration 21 (max 500)
   eps = 0.052903 >= 0.0001
Iteration 22 (max 500)
   eps = 0.050184 >= 0.0001
Iteration 23 (max 500)
   eps = 0.04781 >= 0.0001
Iteration 24 (max 500)
   eps = 0.045664 >= 0.0001
Iteration 25 (max 500)
   eps = 0.043729 >= 0.0001
Iteration 26 (max 500)
   eps = 0.041971 >= 0.0001
Iteration 27 (max 500)
   eps = 0.040328 >= 0.0001
Iteration 28 (max 500)
   eps = 0.038824 >= 0.0001
Iteration 29 (max 500)
   eps = 0.03737 >= 0.0001
Iteration 30 (max 500)
   eps = 0.036012 >= 0.0001
Iteration 31 (max 500)
   eps = 0.034696 >= 0.0001
Iteration 32 (max 500)
   eps = 0.033449 >= 0.0001
Iteration 33 (max 500)
   eps = 0.03233 >= 0.0001
Iteration 34 (max 500)
   eps = 0.031283 >= 0.0001
Iteration 35 (max 500)
   eps = 0.030271 >= 0.0001
Iteration 36 (max 500)
   eps = 0.029338 >= 0.0001
Iteration 37 (max 500)
   eps = 0.028496 >= 0.0001
Iteration 38 (max 500)
   eps = 0.027702 >= 0.0001
Iteration 39 (max 500)
   eps = 0.026963 >= 0.0001
Iteration 40 (max 500)
   eps = 0.026259 >= 0.0001
Iteration 41 (max 500)
   eps = 0.025596 >= 0.0001
Iteration 42 (max 500)
   eps = 0.024939 >= 0.0001
Iteration 43 (max 500)
   eps = 0.024316 >= 0.0001
Iteration 44 (max 500)
   eps = 0.023689 >= 0.0001
Iteration 45 (max 500)
   eps = 0.023098 >= 0.0001
Iteration 46 (max 500)
   eps = 0.022509 >= 0.0001
Iteration 47 (max 500)
   eps = 0.02195 >= 0.0001
Iteration 48 (max 500)
   eps = 0.021422 >= 0.0001
Iteration 49 (max 500)
   eps = 0.020905 >= 0.0001
Iteration 50 (max 500)
   eps = 0.020411 >= 0.0001
Iteration 51 (max 500)
   eps = 0.019949 >= 0.0001
Iteration 52 (max 500)
   eps = 0.019504 >= 0.0001
Iteration 53 (max 500)
   eps = 0.019125 >= 0.0001
Iteration 54 (max 500)
   eps = 0.018744 >= 0.0001
Iteration 55 (max 500)
   eps = 0.018326 >= 0.0001
Iteration 56 (max 500)
   eps = 0.017923 >= 0.0001
Iteration 57 (max 500)
   eps = 0.01756 >= 0.0001
Iteration 58 (max 500)
   eps = 0.017523 >= 0.0001
Iteration 59 (max 500)
   eps = 0.017066 >= 0.0001
Iteration 60 (max 500)
   eps = 0.016606 >= 0.0001
Iteration 61 (max 500)
   eps = 0.016277 >= 0.0001
Iteration 62 (max 500)
   eps = 0.015984 >= 0.0001
Iteration 63 (max 500)
   eps = 0.01571 >= 0.0001
Iteration 64 (max 500)
   eps = 0.015444 >= 0.0001
Iteration 65 (max 500)
   eps = 0.015198 >= 0.0001
Iteration 66 (max 500)
   eps = 0.01498 >= 0.0001
Iteration 67 (max 500)
   eps = 0.014744 >= 0.0001
Iteration 68 (max 500)
   eps = 0.01451 >= 0.0001
Iteration 69 (max 500)
   eps = 0.014282 >= 0.0001
Iteration 70 (max 500)
   eps = 0.014061 >= 0.0001
Iteration 71 (max 500)
   eps = 0.013844 >= 0.0001
Iteration 72 (max 500)
   eps = 0.013624 >= 0.0001
Iteration 73 (max 500)
   eps = 0.013412 >= 0.0001
Iteration 74 (max 500)
   eps = 0.013208 >= 0.0001
Iteration 75 (max 500)
   eps = 0.012997 >= 0.0001
Iteration 76 (max 500)
   eps = 0.012784 >= 0.0001
Iteration 77 (max 500)
   eps = 0.012573 >= 0.0001
Iteration 78 (max 500)
   eps = 0.012361 >= 0.0001
Iteration 79 (max 500)
   eps = 0.012157 >= 0.0001
Iteration 80 (max 500)
   eps = 0.011967 >= 0.0001
Iteration 81 (max 500)
   eps = 0.011793 >= 0.0001
Iteration 82 (max 500)
   eps = 0.011633 >= 0.0001
Iteration 83 (max 500)
   eps = 0.01148 >= 0.0001
Iteration 84 (max 500)
   eps = 0.011332 >= 0.0001
Iteration 85 (max 500)
   eps = 0.011187 >= 0.0001
Iteration 86 (max 500)
   eps = 0.01105 >= 0.0001
Iteration 87 (max 500)
   eps = 0.010914 >= 0.0001
Iteration 88 (max 500)
   eps = 0.010776 >= 0.0001
Iteration 89 (max 500)
   eps = 0.010633 >= 0.0001
Iteration 90 (max 500)
   eps = 0.010493 >= 0.0001
Iteration 91 (max 500)
   eps = 0.010354 >= 0.0001
Iteration 92 (max 500)
   eps = 0.010225 >= 0.0001
Iteration 93 (max 500)
   eps = 0.010094 >= 0.0001
Iteration 94 (max 500)
   eps = 0.009965 >= 0.0001
Iteration 95 (max 500)
   eps = 0.009845 >= 0.0001
Iteration 96 (max 500)
   eps = 0.009724 >= 0.0001
Iteration 97 (max 500)
   eps = 0.009602 >= 0.0001
Iteration 98 (max 500)
   eps = 0.009482 >= 0.0001
Iteration 99 (max 500)
   eps = 0.00936 >= 0.0001
Iteration 100 (max 500)
   eps = 0.009241 >= 0.0001
Iteration 101 (max 500)
   eps = 0.009128 >= 0.0001
Iteration 102 (max 500)
   eps = 0.009018 >= 0.0001
Iteration 103 (max 500)
   eps = 0.008908 >= 0.0001
Iteration 104 (max 500)
   eps = 0.008799 >= 0.0001
Iteration 105 (max 500)
   eps = 0.008693 >= 0.0001
Iteration 106 (max 500)
   eps = 0.008589 >= 0.0001
Iteration 107 (max 500)
   eps = 0.008488 >= 0.0001
Iteration 108 (max 500)
   eps = 0.008391 >= 0.0001
Iteration 109 (max 500)
   eps = 0.008288 >= 0.0001
Iteration 110 (max 500)
   eps = 0.00819 >= 0.0001
Iteration 111 (max 500)
   eps = 0.008088 >= 0.0001
Iteration 112 (max 500)
   eps = 0.007989 >= 0.0001
Iteration 113 (max 500)
   eps = 0.007899 >= 0.0001
Iteration 114 (max 500)
   eps = 0.007814 >= 0.0001
Iteration 115 (max 500)
   eps = 0.007729 >= 0.0001
Iteration 116 (max 500)
   eps = 0.007645 >= 0.0001
Iteration 117 (max 500)
   eps = 0.007563 >= 0.0001
Iteration 118 (max 500)
   eps = 0.007476 >= 0.0001
Iteration 119 (max 500)
   eps = 0.007391 >= 0.0001
Iteration 120 (max 500)
   eps = 0.0073 >= 0.0001
Iteration 121 (max 500)
   eps = 0.00721 >= 0.0001
Iteration 122 (max 500)
   eps = 0.007124 >= 0.0001
Iteration 123 (max 500)
   eps = 0.007038 >= 0.0001
Iteration 124 (max 500)
   eps = 0.006956 >= 0.0001
Iteration 125 (max 500)
   eps = 0.006876 >= 0.0001
Iteration 126 (max 500)
   eps = 0.006794 >= 0.0001
Iteration 127 (max 500)
   eps = 0.006713 >= 0.0001
Iteration 128 (max 500)
   eps = 0.006629 >= 0.0001
Iteration 129 (max 500)
   eps = 0.006543 >= 0.0001
Iteration 130 (max 500)
   eps = 0.006448 >= 0.0001
Iteration 131 (max 500)
   eps = 0.006357 >= 0.0001
Iteration 132 (max 500)
   eps = 0.006265 >= 0.0001
Iteration 133 (max 500)
   eps = 0.006178 >= 0.0001
Iteration 134 (max 500)
   eps = 0.006096 >= 0.0001
Iteration 135 (max 500)
   eps = 0.006022 >= 0.0001
Iteration 136 (max 500)
   eps = 0.005949 >= 0.0001
Iteration 137 (max 500)
   eps = 0.005872 >= 0.0001
Iteration 138 (max 500)
   eps = 0.005802 >= 0.0001
Iteration 139 (max 500)
   eps = 0.005734 >= 0.0001
Iteration 140 (max 500)
   eps = 0.005667 >= 0.0001
Iteration 141 (max 500)
   eps = 0.005592 >= 0.0001
Iteration 142 (max 500)
   eps = 0.005532 >= 0.0001
Iteration 143 (max 500)
   eps = 0.00547 >= 0.0001
Iteration 144 (max 500)
   eps = 0.005404 >= 0.0001
Iteration 145 (max 500)
   eps = 0.005337 >= 0.0001
Iteration 146 (max 500)
   eps = 0.005272 >= 0.0001
Iteration 147 (max 500)
   eps = 0.00521 >= 0.0001
Iteration 148 (max 500)
   eps = 0.005147 >= 0.0001
Iteration 149 (max 500)
   eps = 0.005081 >= 0.0001
Iteration 150 (max 500)
   eps = 0.005014 >= 0.0001
Iteration 151 (max 500)
   eps = 0.004949 >= 0.0001
Iteration 152 (max 500)
   eps = 0.004885 >= 0.0001
Iteration 153 (max 500)
   eps = 0.004823 >= 0.0001
Iteration 154 (max 500)
   eps = 0.004761 >= 0.0001
Iteration 155 (max 500)
   eps = 0.004701 >= 0.0001
Iteration 156 (max 500)
   eps = 0.004639 >= 0.0001
Iteration 157 (max 500)
   eps = 0.004577 >= 0.0001
Iteration 158 (max 500)
   eps = 0.004518 >= 0.0001
Iteration 159 (max 500)
   eps = 0.004462 >= 0.0001
Iteration 160 (max 500)
   eps = 0.004407 >= 0.0001
Iteration 161 (max 500)
   eps = 0.004352 >= 0.0001
Iteration 162 (max 500)
   eps = 0.004296 >= 0.0001
Iteration 163 (max 500)
   eps = 0.004241 >= 0.0001
Iteration 164 (max 500)
   eps = 0.004192 >= 0.0001
Iteration 165 (max 500)
   eps = 0.004138 >= 0.0001
Iteration 166 (max 500)
   eps = 0.004085 >= 0.0001
Iteration 167 (max 500)
   eps = 0.004041 >= 0.0001
Iteration 168 (max 500)
   eps = 0.003993 >= 0.0001
Iteration 169 (max 500)
   eps = 0.003946 >= 0.0001
Iteration 170 (max 500)
   eps = 0.003902 >= 0.0001
Iteration 171 (max 500)
   eps = 0.003858 >= 0.0001
Iteration 172 (max 500)
   eps = 0.003816 >= 0.0001
Iteration 173 (max 500)
   eps = 0.003769 >= 0.0001
Iteration 174 (max 500)
   eps = 0.003721 >= 0.0001
Iteration 175 (max 500)
   eps = 0.003674 >= 0.0001
Iteration 176 (max 500)
   eps = 0.00363 >= 0.0001
Iteration 177 (max 500)
   eps = 0.003582 >= 0.0001
Iteration 178 (max 500)
   eps = 0.003533 >= 0.0001
Iteration 179 (max 500)
   eps = 0.003488 >= 0.0001
Iteration 180 (max 500)
   eps = 0.003442 >= 0.0001
Iteration 181 (max 500)
   eps = 0.003398 >= 0.0001
Iteration 182 (max 500)
   eps = 0.003356 >= 0.0001
Iteration 183 (max 500)
   eps = 0.003318 >= 0.0001
Iteration 184 (max 500)
   eps = 0.003276 >= 0.0001
Iteration 185 (max 500)
   eps = 0.003237 >= 0.0001
Iteration 186 (max 500)
   eps = 0.003199 >= 0.0001
Iteration 187 (max 500)
   eps = 0.003157 >= 0.0001
Iteration 188 (max 500)
   eps = 0.003116 >= 0.0001
Iteration 189 (max 500)
   eps = 0.003077 >= 0.0001
Iteration 190 (max 500)
   eps = 0.003035 >= 0.0001
Iteration 191 (max 500)
   eps = 0.002994 >= 0.0001
Iteration 192 (max 500)
   eps = 0.002952 >= 0.0001
Iteration 193 (max 500)
   eps = 0.002916 >= 0.0001
Iteration 194 (max 500)
   eps = 0.00288 >= 0.0001
Iteration 195 (max 500)
   eps = 0.002845 >= 0.0001
Iteration 196 (max 500)
   eps = 0.002809 >= 0.0001
Iteration 197 (max 500)
   eps = 0.002774 >= 0.0001
Iteration 198 (max 500)
   eps = 0.002736 >= 0.0001
Iteration 199 (max 500)
   eps = 0.002696 >= 0.0001
Iteration 200 (max 500)
   eps = 0.002662 >= 0.0001
Iteration 201 (max 500)
   eps = 0.002625 >= 0.0001
Iteration 202 (max 500)
   eps = 0.002588 >= 0.0001
Iteration 203 (max 500)
   eps = 0.002553 >= 0.0001
Iteration 204 (max 500)
   eps = 0.00252 >= 0.0001
Iteration 205 (max 500)
   eps = 0.002485 >= 0.0001
Iteration 206 (max 500)
   eps = 0.00245 >= 0.0001
Iteration 207 (max 500)
   eps = 0.002415 >= 0.0001
Iteration 208 (max 500)
   eps = 0.002382 >= 0.0001
Iteration 209 (max 500)
   eps = 0.002349 >= 0.0001
Iteration 210 (max 500)
   eps = 0.002317 >= 0.0001
Iteration 211 (max 500)
   eps = 0.002285 >= 0.0001
Iteration 212 (max 500)
   eps = 0.002256 >= 0.0001
Iteration 213 (max 500)
   eps = 0.002227 >= 0.0001
Iteration 214 (max 500)
   eps = 0.002198 >= 0.0001
Iteration 215 (max 500)
   eps = 0.00217 >= 0.0001
Iteration 216 (max 500)
   eps = 0.002137 >= 0.0001
Iteration 217 (max 500)
   eps = 0.002107 >= 0.0001
Iteration 218 (max 500)
   eps = 0.00208 >= 0.0001
Iteration 219 (max 500)
   eps = 0.002054 >= 0.0001
Iteration 220 (max 500)
   eps = 0.002026 >= 0.0001
Iteration 221 (max 500)
   eps = 0.002003 >= 0.0001
Iteration 222 (max 500)
   eps = 0.001974 >= 0.0001
Iteration 223 (max 500)
   eps = 0.001949 >= 0.0001
Iteration 224 (max 500)
   eps = 0.001926 >= 0.0001
Iteration 225 (max 500)
   eps = 0.001905 >= 0.0001
Iteration 226 (max 500)
   eps = 0.001883 >= 0.0001
Iteration 227 (max 500)
   eps = 0.001858 >= 0.0001
Iteration 228 (max 500)
   eps = 0.001838 >= 0.0001
Iteration 229 (max 500)
   eps = 0.001806 >= 0.0001
Iteration 230 (max 500)
   eps = 0.001784 >= 0.0001
Iteration 231 (max 500)
   eps = 0.001758 >= 0.0001
Iteration 232 (max 500)
   eps = 0.001735 >= 0.0001
Iteration 233 (max 500)
   eps = 0.001712 >= 0.0001
Iteration 234 (max 500)
   eps = 0.001685 >= 0.0001
Iteration 235 (max 500)
   eps = 0.001664 >= 0.0001
Iteration 236 (max 500)
   eps = 0.001639 >= 0.0001
Iteration 237 (max 500)
   eps = 0.001618 >= 0.0001
Iteration 238 (max 500)
   eps = 0.001595 >= 0.0001
Iteration 239 (max 500)
   eps = 0.001574 >= 0.0001
Iteration 240 (max 500)
   eps = 0.001552 >= 0.0001
Iteration 241 (max 500)
   eps = 0.001526 >= 0.0001
Iteration 242 (max 500)
   eps = 0.0015 >= 0.0001
Iteration 243 (max 500)
   eps = 0.001477 >= 0.0001
Iteration 244 (max 500)
   eps = 0.001453 >= 0.0001
Iteration 245 (max 500)
   eps = 0.001432 >= 0.0001
Iteration 246 (max 500)
   eps = 0.001411 >= 0.0001
Iteration 247 (max 500)
   eps = 0.001392 >= 0.0001
Iteration 248 (max 500)
   eps = 0.001373 >= 0.0001
Iteration 249 (max 500)
   eps = 0.001353 >= 0.0001
Iteration 250 (max 500)
   eps = 0.001334 >= 0.0001
Iteration 251 (max 500)
   eps = 0.001315 >= 0.0001
Iteration 252 (max 500)
   eps = 0.001297 >= 0.0001
Iteration 253 (max 500)
   eps = 0.001277 >= 0.0001
Iteration 254 (max 500)
   eps = 0.001258 >= 0.0001
Iteration 255 (max 500)
   eps = 0.001239 >= 0.0001
Iteration 256 (max 500)
   eps = 0.001221 >= 0.0001
Iteration 257 (max 500)
   eps = 0.001203 >= 0.0001
Iteration 258 (max 500)
   eps = 0.001202 >= 0.0001
Iteration 259 (max 500)
   eps = 0.00118 >= 0.0001
Iteration 260 (max 500)
   eps = 0.00116 >= 0.0001
Iteration 261 (max 500)
   eps = 0.001142 >= 0.0001
Iteration 262 (max 500)
   eps = 0.001126 >= 0.0001
Iteration 263 (max 500)
   eps = 0.001112 >= 0.0001
Iteration 264 (max 500)
   eps = 0.001096 >= 0.0001
Iteration 265 (max 500)
   eps = 0.001082 >= 0.0001
Iteration 266 (max 500)
   eps = 0.001068 >= 0.0001
Iteration 267 (max 500)
   eps = 0.001054 >= 0.0001
Iteration 268 (max 500)
   eps = 0.001043 >= 0.0001
Iteration 269 (max 500)
   eps = 0.001033 >= 0.0001
Iteration 270 (max 500)
   eps = 0.00102 >= 0.0001
Iteration 271 (max 500)
   eps = 0.001004 >= 0.0001
Iteration 272 (max 500)
   eps = 0.000992 >= 0.0001
Iteration 273 (max 500)
   eps = 0.00098 >= 0.0001
Iteration 274 (max 500)
   eps = 0.000964 >= 0.0001
Iteration 275 (max 500)
   eps = 0.00095 >= 0.0001
Iteration 276 (max 500)
   eps = 0.000937 >= 0.0001
Iteration 277 (max 500)
   eps = 0.000922 >= 0.0001
Iteration 278 (max 500)
   eps = 0.000909 >= 0.0001
Iteration 279 (max 500)
   eps = 0.000897 >= 0.0001
Iteration 280 (max 500)
   eps = 0.000887 >= 0.0001
Iteration 281 (max 500)
   eps = 0.000874 >= 0.0001
Iteration 282 (max 500)
   eps = 0.000861 >= 0.0001
Iteration 283 (max 500)
   eps = 0.00085 >= 0.0001
Iteration 284 (max 500)
   eps = 0.000837 >= 0.0001
Iteration 285 (max 500)
   eps = 0.000827 >= 0.0001
Iteration 286 (max 500)
   eps = 0.000815 >= 0.0001
Iteration 287 (max 500)
   eps = 0.000804 >= 0.0001
Iteration 288 (max 500)
   eps = 0.000793 >= 0.0001
Iteration 289 (max 500)
   eps = 0.000782 >= 0.0001
Iteration 290 (max 500)
   eps = 0.000772 >= 0.0001
Iteration 291 (max 500)
   eps = 0.000761 >= 0.0001
Iteration 292 (max 500)
   eps = 0.000751 >= 0.0001
Iteration 293 (max 500)
   eps = 0.000742 >= 0.0001
Iteration 294 (max 500)
   eps = 0.000732 >= 0.0001
Iteration 295 (max 500)
   eps = 0.000723 >= 0.0001
Iteration 296 (max 500)
   eps = 0.000713 >= 0.0001
Iteration 297 (max 500)
   eps = 0.000704 >= 0.0001
Iteration 298 (max 500)
   eps = 0.000697 >= 0.0001
Iteration 299 (max 500)
   eps = 0.000688 >= 0.0001
Iteration 300 (max 500)
   eps = 0.000679 >= 0.0001
Iteration 301 (max 500)
   eps = 0.000671 >= 0.0001
Iteration 302 (max 500)
   eps = 0.000663 >= 0.0001
Iteration 303 (max 500)
   eps = 0.000654 >= 0.0001
Iteration 304 (max 500)
   eps = 0.000645 >= 0.0001
Iteration 305 (max 500)
   eps = 0.000638 >= 0.0001
Iteration 306 (max 500)
   eps = 0.000628 >= 0.0001
Iteration 307 (max 500)
   eps = 0.000618 >= 0.0001
Iteration 308 (max 500)
   eps = 0.00061 >= 0.0001
Iteration 309 (max 500)
   eps = 0.0006 >= 0.0001
Iteration 310 (max 500)
   eps = 0.000591 >= 0.0001
Iteration 311 (max 500)
   eps = 0.000582 >= 0.0001
Iteration 312 (max 500)
   eps = 0.000574 >= 0.0001
Iteration 313 (max 500)
   eps = 0.000565 >= 0.0001
Iteration 314 (max 500)
   eps = 0.000557 >= 0.0001
Iteration 315 (max 500)
   eps = 0.000547 >= 0.0001
Iteration 316 (max 500)
   eps = 0.00054 >= 0.0001
Iteration 317 (max 500)
   eps = 0.000531 >= 0.0001
Iteration 318 (max 500)
   eps = 0.000523 >= 0.0001
Iteration 319 (max 500)
   eps = 0.000515 >= 0.0001
Iteration 320 (max 500)
   eps = 0.000506 >= 0.0001
Iteration 321 (max 500)
   eps = 0.000499 >= 0.0001
Iteration 322 (max 500)
   eps = 0.000491 >= 0.0001
Iteration 323 (max 500)
   eps = 0.000482 >= 0.0001
Iteration 324 (max 500)
   eps = 0.000475 >= 0.0001
Iteration 325 (max 500)
   eps = 0.000467 >= 0.0001
Iteration 326 (max 500)
   eps = 0.00046 >= 0.0001
Iteration 327 (max 500)
   eps = 0.000453 >= 0.0001
Iteration 328 (max 500)
   eps = 0.000446 >= 0.0001
Iteration 329 (max 500)
   eps = 0.000439 >= 0.0001
Iteration 330 (max 500)
   eps = 0.000433 >= 0.0001
Iteration 331 (max 500)
   eps = 0.000427 >= 0.0001
Iteration 332 (max 500)
   eps = 0.000421 >= 0.0001
Iteration 333 (max 500)
   eps = 0.000416 >= 0.0001
Iteration 334 (max 500)
   eps = 0.00041 >= 0.0001
Iteration 335 (max 500)
   eps = 0.000404 >= 0.0001
Iteration 336 (max 500)
   eps = 0.000399 >= 0.0001
Iteration 337 (max 500)
   eps = 0.000394 >= 0.0001
Iteration 338 (max 500)
   eps = 0.000389 >= 0.0001
Iteration 339 (max 500)
   eps = 0.000384 >= 0.0001
Iteration 340 (max 500)
   eps = 0.000379 >= 0.0001
Iteration 341 (max 500)
   eps = 0.000374 >= 0.0001
Iteration 342 (max 500)
   eps = 0.000369 >= 0.0001
Iteration 343 (max 500)
   eps = 0.000364 >= 0.0001
Iteration 344 (max 500)
   eps = 0.000359 >= 0.0001
Iteration 345 (max 500)
   eps = 0.000354 >= 0.0001
Iteration 346 (max 500)
   eps = 0.000348 >= 0.0001
Iteration 347 (max 500)
   eps = 0.000343 >= 0.0001
Iteration 348 (max 500)
   eps = 0.000338 >= 0.0001
Iteration 349 (max 500)
   eps = 0.000333 >= 0.0001
Iteration 350 (max 500)
   eps = 0.000328 >= 0.0001
Iteration 351 (max 500)
   eps = 0.000323 >= 0.0001
Iteration 352 (max 500)
   eps = 0.000319 >= 0.0001
Iteration 353 (max 500)
   eps = 0.000314 >= 0.0001
Iteration 354 (max 500)
   eps = 0.000309 >= 0.0001
Iteration 355 (max 500)
   eps = 0.000305 >= 0.0001
Iteration 356 (max 500)
   eps = 0.0003 >= 0.0001
Iteration 357 (max 500)
   eps = 0.000296 >= 0.0001
Iteration 358 (max 500)
   eps = 0.000291 >= 0.0001
Iteration 359 (max 500)
   eps = 0.000287 >= 0.0001
Iteration 360 (max 500)
   eps = 0.000282 >= 0.0001
Iteration 361 (max 500)
   eps = 0.000278 >= 0.0001
Iteration 362 (max 500)
   eps = 0.000273 >= 0.0001
Iteration 363 (max 500)
   eps = 0.000269 >= 0.0001
Iteration 364 (max 500)
   eps = 0.000264 >= 0.0001
Iteration 365 (max 500)
   eps = 0.00026 >= 0.0001
Iteration 366 (max 500)
   eps = 0.000256 >= 0.0001
Iteration 367 (max 500)
   eps = 0.000252 >= 0.0001
Iteration 368 (max 500)
   eps = 0.000248 >= 0.0001
Iteration 369 (max 500)
   eps = 0.000245 >= 0.0001
Iteration 370 (max 500)
   eps = 0.000241 >= 0.0001
Iteration 371 (max 500)
   eps = 0.000237 >= 0.0001
Iteration 372 (max 500)
   eps = 0.000234 >= 0.0001
Iteration 373 (max 500)
   eps = 0.000229 >= 0.0001
Iteration 374 (max 500)
   eps = 0.000225 >= 0.0001
Iteration 375 (max 500)
   eps = 0.000222 >= 0.0001
Iteration 376 (max 500)
   eps = 0.000218 >= 0.0001
Iteration 377 (max 500)
   eps = 0.000215 >= 0.0001
Iteration 378 (max 500)
   eps = 0.000211 >= 0.0001
Iteration 379 (max 500)
   eps = 0.000208 >= 0.0001
Iteration 380 (max 500)
   eps = 0.000205 >= 0.0001
Iteration 381 (max 500)
   eps = 0.000202 >= 0.0001
Iteration 382 (max 500)
   eps = 0.000199 >= 0.0001
Iteration 383 (max 500)
   eps = 0.000196 >= 0.0001
Iteration 384 (max 500)
   eps = 0.000193 >= 0.0001
Iteration 385 (max 500)
   eps = 0.00019 >= 0.0001
Iteration 386 (max 500)
   eps = 0.000188 >= 0.0001
Iteration 387 (max 500)
   eps = 0.000185 >= 0.0001
Iteration 388 (max 500)
   eps = 0.000183 >= 0.0001
Iteration 389 (max 500)
   eps = 0.00018 >= 0.0001
Iteration 390 (max 500)
   eps = 0.000178 >= 0.0001
Iteration 391 (max 500)
   eps = 0.000175 >= 0.0001
Iteration 392 (max 500)
   eps = 0.000173 >= 0.0001
Iteration 393 (max 500)
   eps = 0.00017 >= 0.0001
Iteration 394 (max 500)
   eps = 0.000167 >= 0.0001
Iteration 395 (max 500)
   eps = 0.000165 >= 0.0001
Iteration 396 (max 500)
   eps = 0.000162 >= 0.0001
Iteration 397 (max 500)
   eps = 0.00016 >= 0.0001
Iteration 398 (max 500)
   eps = 0.000157 >= 0.0001
Iteration 399 (max 500)
   eps = 0.000155 >= 0.0001
Iteration 400 (max 500)
   eps = 0.000152 >= 0.0001
Iteration 401 (max 500)
   eps = 0.00015 >= 0.0001
Iteration 402 (max 500)
   eps = 0.000147 >= 0.0001
Iteration 403 (max 500)
   eps = 0.000144 >= 0.0001
Iteration 404 (max 500)
   eps = 0.000142 >= 0.0001
Iteration 405 (max 500)
   eps = 0.000139 >= 0.0001
Iteration 406 (max 500)
   eps = 0.000137 >= 0.0001
Iteration 407 (max 500)
   eps = 0.000135 >= 0.0001
Iteration 408 (max 500)
   eps = 0.000132 >= 0.0001
Iteration 409 (max 500)
   eps = 0.00013 >= 0.0001
Iteration 410 (max 500)
   eps = 0.000128 >= 0.0001
Iteration 411 (max 500)
   eps = 0.000126 >= 0.0001
Iteration 412 (max 500)
   eps = 0.000125 >= 0.0001
Iteration 413 (max 500)
   eps = 0.000123 >= 0.0001
Iteration 414 (max 500)
   eps = 0.000121 >= 0.0001
Iteration 415 (max 500)
   eps = 0.000119 >= 0.0001
Iteration 416 (max 500)
   eps = 0.000117 >= 0.0001
Iteration 417 (max 500)
   eps = 0.000115 >= 0.0001
Iteration 418 (max 500)
   eps = 0.000114 >= 0.0001
Iteration 419 (max 500)
   eps = 0.000112 >= 0.0001
Iteration 420 (max 500)
   eps = 0.00011 >= 0.0001
Iteration 421 (max 500)
   eps = 0.000109 >= 0.0001
Iteration 422 (max 500)
   eps = 0.000107 >= 0.0001
Iteration 423 (max 500)
   eps = 0.000106 >= 0.0001
Iteration 424 (max 500)
   eps = 0.000104 >= 0.0001
Iteration 425 (max 500)
   eps = 0.000103 >= 0.0001
Iteration 426 (max 500)
   eps = 0.000101 >= 0.0001
Iteration 427 (max 500)
Time spent by the wind speed solver: 234.93965458869934 s
Rotates geometries from -45.0 degrees
Interp succeeded!!! for tmp_file
Interp succeeded!!! for tmp_file
Interp succeeded!!! for tmp_file
Interp succeeded!!! for tmp_file
Interp succeeded!!! for tmp_file
Interp succeeded!!! for tmp_file
Process 3978176: Successfully ran URock for tile output 'wind_field_raw_tile_4'.
Process 3978176: Elapsed time for URock ('wind_field_raw_tile_4'): 487.27 seconds.
[Master] Process 3978176 - Tile 4: Finished processing.
[Master] 3978176: exit signal
Info: Debuffered '/storage/project/r-rbasu31-0/hyu483/Test_UMEP/UROCK_output_34_spawn/temp_intermediate_files/tile_4_urock_raw_outputs/z1_5/wind_field_raw_tile_4WS.tif' to '/storage/project/r-rbasu31-0/hyu483/Test_UMEP/UROCK_output_34_spawn/urock_tiled_output/urock_wind_field_tile_4WS.tif' (original extent: (233882.59099838723, 901732.4833440109, 234182.59099838723, 902032.4833440109)).
Connecting to database
	->/tmp/URock_2025-12-21T1733071d1f5c17-69a4-4a80-8173-c9d7dd069dca/myDbH2
/storage/home/hcoda1/4/hyu483/qgis_332/profiles/default/python/plugins/processing_umep/functions/URock/h2gis-standalone/h2gis-dist-2.2.3.jar
Connected!

Spatial functions added!

Load input data
Load table 'build_pre_srid_20251221173317'
Load table 'veg_pre_srid_20251221173317'
Creates blocks and stacked blocks
Rotates geometries from 45.0 degrees
Identify block base height and block cavity base
Calculates obstacle properties
Calculates zone properties
Initializes upwind facades
Update upwind facades base height
Initializes downwind facades
Calculates study area properties
Roughness zone properties are:

                                 - z0: 1.8065924572353746
                                 - d: 8.671753591083283
                                 - Hr: 12.043949714902498
                                 - H_ob_max: 95
                                 - lambda_f: 0.20716890373675093
Rotates geometries from -45.0 degrees
Rotates geometries from -45.0 degrees
Rotates geometries from -45.0 degrees
Creates displacement zones
Rotates geometries from -45.0 degrees
Rotates geometries from -45.0 degrees
Creates cavity and wake zones
Rotates geometries from -45.0 degrees
Rotates geometries from -45.0 degrees
Creates street canyon zones
Rotates geometries from -45.0 degrees
Creates rooftop zones (perpendicular and corner)
Rotates geometries from -45.0 degrees
Rotates geometries from -45.0 degrees
Creates built-up and open vegetation zones
Rotates geometries from -45.0 degrees
Rotates geometries from -45.0 degrees
Identify the buildings concerned by the impacted zone chosen by the user
Creates the grid of points
Affects each grid point to a building Rockle zone and calculates needed 
          variables for 3D wind speed
Affects each grid point to a vegetation Rockle zone and calculates 
          needed variables for 3D wind speed
Remove some of the Röckle zone points
Creates backward zones
Calculates the 3D wind speed factor value for each point of each BUILDING zone
Rotates geometries from -45.0 degrees
Rotates geometries from -45.0 degrees
Rotates geometries from -45.0 degrees
Rotates geometries from -45.0 degrees
Rotates geometries from -45.0 degrees
Rotates geometries from -45.0 degrees
Rotates geometries from -45.0 degrees
Rotates geometries from -45.0 degrees
Rotates geometries from -45.0 degrees
Calculates the 3D wind speed factor value for each point of each VEGETATION zone
Rotates geometries from -45.0 degrees
Deals with superimposition (keeps only 1 value per 3D point)
Deals with superimposition (keeps only 1 value per 3D point)
Identify upstreamer points in TEMPO_WEIGHTING table
Identify upstreamer points in TEMPO_PRIORITIES table
Identify upstreamer points in TEMPO_PRIORITIES_WEIGHT table
Deals with superimposition (keeps only 1 value per 3D point)
Identify upstreamer points in TEMPO_WEIGHTING table
Identify upstreamer points in TEMPO_PRIORITIES table
Identify upstreamer points in TEMPO_PRIORITIES_WEIGHT table
Rotates geometries from -45.0 degrees
Identify grid points intersecting buildings
Set the initial 3D wind speed field
Time spent for wind speed initialization: 180.93530297279358 s
Shape: (345, 406, 43) - Nb cells: 6023010
Start to apply the wind solver
Iteration 1 (max 500)
   eps = 0.656407 >= 0.0001
Iteration 2 (max 500)
   eps = 0.43806 >= 0.0001
Iteration 3 (max 500)
   eps = 0.338366 >= 0.0001
Iteration 4 (max 500)
   eps = 0.276814 >= 0.0001
Iteration 5 (max 500)
   eps = 0.232199 >= 0.0001
Iteration 6 (max 500)
   eps = 0.199692 >= 0.0001
Iteration 7 (max 500)
   eps = 0.175475 >= 0.0001
Iteration 8 (max 500)
   eps = 0.155496 >= 0.0001
Iteration 9 (max 500)
   eps = 0.139186 >= 0.0001
Iteration 10 (max 500)
   eps = 0.12533 >= 0.0001
Iteration 11 (max 500)
   eps = 0.113531 >= 0.0001
Iteration 12 (max 500)
   eps = 0.103812 >= 0.0001
Iteration 13 (max 500)
   eps = 0.095509 >= 0.0001
Iteration 14 (max 500)
   eps = 0.088179 >= 0.0001
Iteration 15 (max 500)
   eps = 0.081937 >= 0.0001
Iteration 16 (max 500)
   eps = 0.076596 >= 0.0001
Iteration 17 (max 500)
   eps = 0.071935 >= 0.0001
Iteration 18 (max 500)
   eps = 0.067819 >= 0.0001
Iteration 19 (max 500)
   eps = 0.064283 >= 0.0001
Iteration 20 (max 500)
   eps = 0.061113 >= 0.0001
Iteration 21 (max 500)
   eps = 0.058299 >= 0.0001
Iteration 22 (max 500)
   eps = 0.055722 >= 0.0001
Iteration 23 (max 500)
   eps = 0.053411 >= 0.0001
Iteration 24 (max 500)
   eps = 0.051348 >= 0.0001
Iteration 25 (max 500)
   eps = 0.049466 >= 0.0001
Iteration 26 (max 500)
   eps = 0.047682 >= 0.0001
Iteration 27 (max 500)
   eps = 0.046099 >= 0.0001
Iteration 28 (max 500)
   eps = 0.044606 >= 0.0001
Iteration 29 (max 500)
   eps = 0.043172 >= 0.0001
Iteration 30 (max 500)
   eps = 0.04196 >= 0.0001
Iteration 31 (max 500)
   eps = 0.040795 >= 0.0001
Iteration 32 (max 500)
   eps = 0.039909 >= 0.0001
Iteration 33 (max 500)
   eps = 0.038974 >= 0.0001
Iteration 34 (max 500)
   eps = 0.037993 >= 0.0001
Iteration 35 (max 500)
   eps = 0.037122 >= 0.0001
Iteration 36 (max 500)
   eps = 0.036712 >= 0.0001
Iteration 37 (max 500)
   eps = 0.035724 >= 0.0001
Iteration 38 (max 500)
   eps = 0.035145 >= 0.0001
Iteration 39 (max 500)
   eps = 0.034408 >= 0.0001
Iteration 40 (max 500)
   eps = 0.033588 >= 0.0001
Iteration 41 (max 500)
   eps = 0.03502 >= 0.0001
Iteration 42 (max 500)
   eps = 0.036189 >= 0.0001
Iteration 43 (max 500)
   eps = 0.034001 >= 0.0001
Iteration 44 (max 500)
   eps = 0.03276 >= 0.0001
Iteration 45 (max 500)
   eps = 0.031744 >= 0.0001
Iteration 46 (max 500)
   eps = 0.03112 >= 0.0001
Iteration 47 (max 500)
   eps = 0.030369 >= 0.0001
Iteration 48 (max 500)
   eps = 0.029754 >= 0.0001
Iteration 49 (max 500)
   eps = 0.029264 >= 0.0001
Iteration 50 (max 500)
   eps = 0.028721 >= 0.0001
Iteration 51 (max 500)
   eps = 0.02826 >= 0.0001
Iteration 52 (max 500)
   eps = 0.027754 >= 0.0001
Iteration 53 (max 500)
   eps = 0.027255 >= 0.0001
Iteration 54 (max 500)
   eps = 0.026798 >= 0.0001
Iteration 55 (max 500)
   eps = 0.026382 >= 0.0001
Iteration 56 (max 500)
   eps = 0.025964 >= 0.0001
Iteration 57 (max 500)
   eps = 0.025569 >= 0.0001
Iteration 58 (max 500)
   eps = 0.025205 >= 0.0001
Iteration 59 (max 500)
   eps = 0.024858 >= 0.0001
Iteration 60 (max 500)
   eps = 0.024536 >= 0.0001
Iteration 61 (max 500)
   eps = 0.024239 >= 0.0001
Iteration 62 (max 500)
   eps = 0.023941 >= 0.0001
Iteration 63 (max 500)
   eps = 0.023653 >= 0.0001
Iteration 64 (max 500)
   eps = 0.023372 >= 0.0001
Iteration 65 (max 500)
   eps = 0.023105 >= 0.0001
Iteration 66 (max 500)
   eps = 0.02286 >= 0.0001
Iteration 67 (max 500)
   eps = 0.022616 >= 0.0001
Iteration 68 (max 500)
   eps = 0.022377 >= 0.0001
Iteration 69 (max 500)
   eps = 0.022156 >= 0.0001
Iteration 70 (max 500)
   eps = 0.021951 >= 0.0001
Iteration 71 (max 500)
   eps = 0.021721 >= 0.0001
Iteration 72 (max 500)
   eps = 0.021486 >= 0.0001
Iteration 73 (max 500)
   eps = 0.021223 >= 0.0001
Iteration 74 (max 500)
   eps = 0.020945 >= 0.0001
Iteration 75 (max 500)
   eps = 0.020686 >= 0.0001
Iteration 76 (max 500)
   eps = 0.020446 >= 0.0001
Iteration 77 (max 500)
   eps = 0.02024 >= 0.0001
Iteration 78 (max 500)
   eps = 0.02006 >= 0.0001
Iteration 79 (max 500)
   eps = 0.019901 >= 0.0001
Iteration 80 (max 500)
   eps = 0.019716 >= 0.0001
Iteration 81 (max 500)
   eps = 0.019515 >= 0.0001
Iteration 82 (max 500)
   eps = 0.019384 >= 0.0001
Iteration 83 (max 500)
   eps = 0.019126 >= 0.0001
Iteration 84 (max 500)
   eps = 0.018937 >= 0.0001
Iteration 85 (max 500)
   eps = 0.018734 >= 0.0001
Iteration 86 (max 500)
   eps = 0.018545 >= 0.0001
Iteration 87 (max 500)
   eps = 0.018369 >= 0.0001
Iteration 88 (max 500)
   eps = 0.018159 >= 0.0001
Iteration 89 (max 500)
   eps = 0.017948 >= 0.0001
Iteration 90 (max 500)
   eps = 0.017722 >= 0.0001
Iteration 91 (max 500)
   eps = 0.017518 >= 0.0001
Iteration 92 (max 500)
   eps = 0.01732 >= 0.0001
Iteration 93 (max 500)
   eps = 0.01716 >= 0.0001
Iteration 94 (max 500)
   eps = 0.016987 >= 0.0001
Iteration 95 (max 500)
   eps = 0.016841 >= 0.0001
Iteration 96 (max 500)
   eps = 0.01669 >= 0.0001
Iteration 97 (max 500)
   eps = 0.01654 >= 0.0001
Iteration 98 (max 500)
   eps = 0.01637 >= 0.0001
Iteration 99 (max 500)
   eps = 0.016209 >= 0.0001
Iteration 100 (max 500)
   eps = 0.016051 >= 0.0001
Iteration 101 (max 500)
   eps = 0.015887 >= 0.0001
Iteration 102 (max 500)
   eps = 0.015715 >= 0.0001
Iteration 103 (max 500)
   eps = 0.01554 >= 0.0001
Iteration 104 (max 500)
   eps = 0.015349 >= 0.0001
Iteration 105 (max 500)
   eps = 0.015169 >= 0.0001
Iteration 106 (max 500)
   eps = 0.014988 >= 0.0001
Iteration 107 (max 500)
   eps = 0.014808 >= 0.0001
Iteration 108 (max 500)
   eps = 0.014625 >= 0.0001
Iteration 109 (max 500)
   eps = 0.014458 >= 0.0001
Iteration 110 (max 500)
   eps = 0.014303 >= 0.0001
Iteration 111 (max 500)
   eps = 0.014144 >= 0.0001
Iteration 112 (max 500)
   eps = 0.013983 >= 0.0001
Iteration 113 (max 500)
   eps = 0.013843 >= 0.0001
Iteration 114 (max 500)
   eps = 0.013694 >= 0.0001
Iteration 115 (max 500)
   eps = 0.01356 >= 0.0001
Iteration 116 (max 500)
   eps = 0.013415 >= 0.0001
Iteration 117 (max 500)
   eps = 0.013283 >= 0.0001
Iteration 118 (max 500)
   eps = 0.013129 >= 0.0001
Iteration 119 (max 500)
   eps = 0.012971 >= 0.0001
Iteration 120 (max 500)
   eps = 0.012811 >= 0.0001
Iteration 121 (max 500)
   eps = 0.012636 >= 0.0001
Iteration 122 (max 500)
   eps = 0.012477 >= 0.0001
Iteration 123 (max 500)
   eps = 0.012335 >= 0.0001
Iteration 124 (max 500)
   eps = 0.012192 >= 0.0001
Iteration 125 (max 500)
   eps = 0.012048 >= 0.0001
Iteration 126 (max 500)
   eps = 0.011885 >= 0.0001
Iteration 127 (max 500)
   eps = 0.011733 >= 0.0001
Iteration 128 (max 500)
   eps = 0.011603 >= 0.0001
Iteration 129 (max 500)
   eps = 0.011471 >= 0.0001
Iteration 130 (max 500)
   eps = 0.01134 >= 0.0001
Iteration 131 (max 500)
   eps = 0.011182 >= 0.0001
Iteration 132 (max 500)
   eps = 0.011039 >= 0.0001
Iteration 133 (max 500)
   eps = 0.010892 >= 0.0001
Iteration 134 (max 500)
   eps = 0.010738 >= 0.0001
Iteration 135 (max 500)
   eps = 0.010601 >= 0.0001
Iteration 136 (max 500)
   eps = 0.01046 >= 0.0001
Iteration 137 (max 500)
   eps = 0.010327 >= 0.0001
Iteration 138 (max 500)
   eps = 0.010201 >= 0.0001
Iteration 139 (max 500)
   eps = 0.010099 >= 0.0001
Iteration 140 (max 500)
   eps = 0.009997 >= 0.0001
Iteration 141 (max 500)
   eps = 0.009899 >= 0.0001
Iteration 142 (max 500)
   eps = 0.009775 >= 0.0001
Iteration 143 (max 500)
   eps = 0.009648 >= 0.0001
Iteration 144 (max 500)
   eps = 0.009529 >= 0.0001
Iteration 145 (max 500)
   eps = 0.009407 >= 0.0001
Iteration 146 (max 500)
   eps = 0.00929 >= 0.0001
Iteration 147 (max 500)
   eps = 0.009173 >= 0.0001
Iteration 148 (max 500)
   eps = 0.009055 >= 0.0001
Iteration 149 (max 500)
   eps = 0.008959 >= 0.0001
Iteration 150 (max 500)
   eps = 0.008847 >= 0.0001
Iteration 151 (max 500)
   eps = 0.008755 >= 0.0001
Iteration 152 (max 500)
   eps = 0.008653 >= 0.0001
Iteration 153 (max 500)
   eps = 0.008536 >= 0.0001
Iteration 154 (max 500)
   eps = 0.008434 >= 0.0001
Iteration 155 (max 500)
   eps = 0.008325 >= 0.0001
Iteration 156 (max 500)
   eps = 0.008233 >= 0.0001
Iteration 157 (max 500)
   eps = 0.008128 >= 0.0001
Iteration 158 (max 500)
   eps = 0.008036 >= 0.0001
Iteration 159 (max 500)
   eps = 0.007934 >= 0.0001
Iteration 160 (max 500)
   eps = 0.00784 >= 0.0001
Iteration 161 (max 500)
   eps = 0.007735 >= 0.0001
Iteration 162 (max 500)
   eps = 0.007618 >= 0.0001
Iteration 163 (max 500)
   eps = 0.007545 >= 0.0001
Iteration 164 (max 500)
   eps = 0.00744 >= 0.0001
Iteration 165 (max 500)
   eps = 0.007369 >= 0.0001
Iteration 166 (max 500)
   eps = 0.007292 >= 0.0001
Iteration 167 (max 500)
   eps = 0.007195 >= 0.0001
Iteration 168 (max 500)
   eps = 0.007113 >= 0.0001
Iteration 169 (max 500)
   eps = 0.007025 >= 0.0001
Iteration 170 (max 500)
   eps = 0.006936 >= 0.0001
Iteration 171 (max 500)
   eps = 0.006845 >= 0.0001
Iteration 172 (max 500)
   eps = 0.006764 >= 0.0001
Iteration 173 (max 500)
   eps = 0.006684 >= 0.0001
Iteration 174 (max 500)
   eps = 0.006602 >= 0.0001
Iteration 175 (max 500)
   eps = 0.006534 >= 0.0001
Iteration 176 (max 500)
   eps = 0.006443 >= 0.0001
Iteration 177 (max 500)
   eps = 0.006359 >= 0.0001
Iteration 178 (max 500)
   eps = 0.006295 >= 0.0001
Iteration 179 (max 500)
   eps = 0.006219 >= 0.0001
Iteration 180 (max 500)
   eps = 0.006146 >= 0.0001
Iteration 181 (max 500)
   eps = 0.006063 >= 0.0001
Iteration 182 (max 500)
   eps = 0.005983 >= 0.0001
Iteration 183 (max 500)
   eps = 0.005918 >= 0.0001
Iteration 184 (max 500)
   eps = 0.005844 >= 0.0001
Iteration 185 (max 500)
   eps = 0.005772 >= 0.0001
Iteration 186 (max 500)
   eps = 0.005692 >= 0.0001
Iteration 187 (max 500)
   eps = 0.00562 >= 0.0001
Iteration 188 (max 500)
   eps = 0.005554 >= 0.0001
Iteration 189 (max 500)
   eps = 0.005493 >= 0.0001
Iteration 190 (max 500)
   eps = 0.005435 >= 0.0001
Iteration 191 (max 500)
   eps = 0.005363 >= 0.0001
Iteration 192 (max 500)
   eps = 0.005301 >= 0.0001
Iteration 193 (max 500)
   eps = 0.005242 >= 0.0001
Iteration 194 (max 500)
   eps = 0.005186 >= 0.0001
Iteration 195 (max 500)
   eps = 0.005135 >= 0.0001
Iteration 196 (max 500)
   eps = 0.005076 >= 0.0001
Iteration 197 (max 500)
   eps = 0.005021 >= 0.0001
Iteration 198 (max 500)
   eps = 0.004962 >= 0.0001
Iteration 199 (max 500)
   eps = 0.004906 >= 0.0001
Iteration 200 (max 500)
   eps = 0.004854 >= 0.0001
Iteration 201 (max 500)
   eps = 0.004803 >= 0.0001
Iteration 202 (max 500)
   eps = 0.004755 >= 0.0001
Iteration 203 (max 500)
   eps = 0.004706 >= 0.0001
Iteration 204 (max 500)
   eps = 0.004655 >= 0.0001
Iteration 205 (max 500)
   eps = 0.004602 >= 0.0001
Iteration 206 (max 500)
   eps = 0.004548 >= 0.0001
Iteration 207 (max 500)
   eps = 0.004495 >= 0.0001
Iteration 208 (max 500)
   eps = 0.004447 >= 0.0001
Iteration 209 (max 500)
   eps = 0.004394 >= 0.0001
Iteration 210 (max 500)
   eps = 0.004345 >= 0.0001
Iteration 211 (max 500)
   eps = 0.004294 >= 0.0001
Iteration 212 (max 500)
   eps = 0.004245 >= 0.0001
Iteration 213 (max 500)
   eps = 0.004197 >= 0.0001
Iteration 214 (max 500)
   eps = 0.004148 >= 0.0001
Iteration 215 (max 500)
   eps = 0.004098 >= 0.0001
Iteration 216 (max 500)
   eps = 0.004052 >= 0.0001
Iteration 217 (max 500)
   eps = 0.004004 >= 0.0001
Iteration 218 (max 500)
   eps = 0.003959 >= 0.0001
Iteration 219 (max 500)
   eps = 0.003913 >= 0.0001
Iteration 220 (max 500)
   eps = 0.003869 >= 0.0001
Iteration 221 (max 500)
   eps = 0.003822 >= 0.0001
Iteration 222 (max 500)
   eps = 0.003773 >= 0.0001
Iteration 223 (max 500)
   eps = 0.003722 >= 0.0001
Iteration 224 (max 500)
   eps = 0.00367 >= 0.0001
Iteration 225 (max 500)
   eps = 0.003626 >= 0.0001
Iteration 226 (max 500)
   eps = 0.003583 >= 0.0001
Iteration 227 (max 500)
   eps = 0.00354 >= 0.0001
Iteration 228 (max 500)
   eps = 0.003499 >= 0.0001
Iteration 229 (max 500)
   eps = 0.003459 >= 0.0001
Iteration 230 (max 500)
   eps = 0.003419 >= 0.0001
Iteration 231 (max 500)
   eps = 0.003381 >= 0.0001
Iteration 232 (max 500)
   eps = 0.003339 >= 0.0001
Iteration 233 (max 500)
   eps = 0.003295 >= 0.0001
Iteration 234 (max 500)
   eps = 0.003253 >= 0.0001
Iteration 235 (max 500)
   eps = 0.003208 >= 0.0001
Iteration 236 (max 500)
   eps = 0.003167 >= 0.0001
Iteration 237 (max 500)
   eps = 0.003126 >= 0.0001
Iteration 238 (max 500)
   eps = 0.003088 >= 0.0001
Iteration 239 (max 500)
   eps = 0.003051 >= 0.0001
Iteration 240 (max 500)
   eps = 0.00301 >= 0.0001
Iteration 241 (max 500)
   eps = 0.002971 >= 0.0001
Iteration 242 (max 500)
   eps = 0.002934 >= 0.0001
Iteration 243 (max 500)
   eps = 0.002901 >= 0.0001
Iteration 244 (max 500)
   eps = 0.002867 >= 0.0001
Iteration 245 (max 500)
   eps = 0.002832 >= 0.0001
Iteration 246 (max 500)
   eps = 0.002798 >= 0.0001
Iteration 247 (max 500)
   eps = 0.002764 >= 0.0001
Iteration 248 (max 500)
   eps = 0.002731 >= 0.0001
Iteration 249 (max 500)
   eps = 0.002694 >= 0.0001
Iteration 250 (max 500)
   eps = 0.002662 >= 0.0001
Iteration 251 (max 500)
   eps = 0.002625 >= 0.0001
Iteration 252 (max 500)
   eps = 0.00259 >= 0.0001
Iteration 253 (max 500)
   eps = 0.002558 >= 0.0001
Iteration 254 (max 500)
   eps = 0.002527 >= 0.0001
Iteration 255 (max 500)
   eps = 0.002493 >= 0.0001
Iteration 256 (max 500)
   eps = 0.002459 >= 0.0001
Iteration 257 (max 500)
   eps = 0.002427 >= 0.0001
Iteration 258 (max 500)
   eps = 0.002398 >= 0.0001
Iteration 259 (max 500)
   eps = 0.002368 >= 0.0001
Iteration 260 (max 500)
   eps = 0.002341 >= 0.0001
Iteration 261 (max 500)
   eps = 0.002314 >= 0.0001
Iteration 262 (max 500)
   eps = 0.002287 >= 0.0001
Iteration 263 (max 500)
   eps = 0.002261 >= 0.0001
Iteration 264 (max 500)
   eps = 0.002234 >= 0.0001
Iteration 265 (max 500)
   eps = 0.002207 >= 0.0001
Iteration 266 (max 500)
   eps = 0.002179 >= 0.0001
Iteration 267 (max 500)
   eps = 0.002151 >= 0.0001
Iteration 268 (max 500)
   eps = 0.002124 >= 0.0001
Iteration 269 (max 500)
   eps = 0.002099 >= 0.0001
Iteration 270 (max 500)
   eps = 0.002075 >= 0.0001
Iteration 271 (max 500)
   eps = 0.002049 >= 0.0001
Iteration 272 (max 500)
   eps = 0.002023 >= 0.0001
Iteration 273 (max 500)
   eps = 0.002 >= 0.0001
Iteration 274 (max 500)
   eps = 0.001977 >= 0.0001
Iteration 275 (max 500)
   eps = 0.001955 >= 0.0001
Iteration 276 (max 500)
   eps = 0.00194 >= 0.0001
Iteration 277 (max 500)
   eps = 0.001921 >= 0.0001
Iteration 278 (max 500)
   eps = 0.001895 >= 0.0001
Iteration 279 (max 500)
   eps = 0.001866 >= 0.0001
Iteration 280 (max 500)
   eps = 0.001837 >= 0.0001
Iteration 281 (max 500)
   eps = 0.00181 >= 0.0001
Iteration 282 (max 500)
   eps = 0.001784 >= 0.0001
Iteration 283 (max 500)
   eps = 0.00176 >= 0.0001
Iteration 284 (max 500)
   eps = 0.001736 >= 0.0001
Iteration 285 (max 500)
   eps = 0.001716 >= 0.0001
Iteration 286 (max 500)
   eps = 0.001697 >= 0.0001
Iteration 287 (max 500)
   eps = 0.001678 >= 0.0001
Iteration 288 (max 500)
   eps = 0.001659 >= 0.0001
Iteration 289 (max 500)
   eps = 0.001639 >= 0.0001
Iteration 290 (max 500)
   eps = 0.001616 >= 0.0001
Iteration 291 (max 500)
   eps = 0.001597 >= 0.0001
Iteration 292 (max 500)
   eps = 0.00158 >= 0.0001
Iteration 293 (max 500)
   eps = 0.001563 >= 0.0001
Iteration 294 (max 500)
   eps = 0.001545 >= 0.0001
Iteration 295 (max 500)
   eps = 0.001524 >= 0.0001
Iteration 296 (max 500)
   eps = 0.001504 >= 0.0001
Iteration 297 (max 500)
   eps = 0.001487 >= 0.0001
Iteration 298 (max 500)
   eps = 0.001468 >= 0.0001
Iteration 299 (max 500)
   eps = 0.00145 >= 0.0001
Iteration 300 (max 500)
   eps = 0.001432 >= 0.0001
Iteration 301 (max 500)
   eps = 0.001416 >= 0.0001
Iteration 302 (max 500)
   eps = 0.001399 >= 0.0001
Iteration 303 (max 500)
   eps = 0.001382 >= 0.0001
Iteration 304 (max 500)
   eps = 0.001363 >= 0.0001
Iteration 305 (max 500)
   eps = 0.001346 >= 0.0001
Iteration 306 (max 500)
   eps = 0.00133 >= 0.0001
Iteration 307 (max 500)
   eps = 0.001313 >= 0.0001
Iteration 308 (max 500)
   eps = 0.001295 >= 0.0001
Iteration 309 (max 500)
   eps = 0.001276 >= 0.0001
Iteration 310 (max 500)
   eps = 0.001258 >= 0.0001
Iteration 311 (max 500)
   eps = 0.001241 >= 0.0001
Iteration 312 (max 500)
   eps = 0.001224 >= 0.0001
Iteration 313 (max 500)
   eps = 0.001209 >= 0.0001
Iteration 314 (max 500)
   eps = 0.001195 >= 0.0001
Iteration 315 (max 500)
   eps = 0.001181 >= 0.0001
Iteration 316 (max 500)
   eps = 0.001168 >= 0.0001
Iteration 317 (max 500)
   eps = 0.001154 >= 0.0001
Iteration 318 (max 500)
   eps = 0.00114 >= 0.0001
Iteration 319 (max 500)
   eps = 0.001126 >= 0.0001
Iteration 320 (max 500)
   eps = 0.001113 >= 0.0001
Iteration 321 (max 500)
   eps = 0.001098 >= 0.0001
Iteration 322 (max 500)
   eps = 0.001084 >= 0.0001
Iteration 323 (max 500)
   eps = 0.00107 >= 0.0001
Iteration 324 (max 500)
   eps = 0.001057 >= 0.0001
Iteration 325 (max 500)
   eps = 0.001044 >= 0.0001
Iteration 326 (max 500)
   eps = 0.001031 >= 0.0001
Iteration 327 (max 500)
   eps = 0.001018 >= 0.0001
Iteration 328 (max 500)
   eps = 0.001006 >= 0.0001
Iteration 329 (max 500)
   eps = 0.000993 >= 0.0001
Iteration 330 (max 500)
   eps = 0.000983 >= 0.0001
Iteration 331 (max 500)
   eps = 0.000971 >= 0.0001
Iteration 332 (max 500)
   eps = 0.000961 >= 0.0001
Iteration 333 (max 500)
   eps = 0.000943 >= 0.0001
Iteration 334 (max 500)
   eps = 0.000937 >= 0.0001
Iteration 335 (max 500)
   eps = 0.000926 >= 0.0001
Iteration 336 (max 500)
   eps = 0.000914 >= 0.0001
Iteration 337 (max 500)
   eps = 0.000903 >= 0.0001
Iteration 338 (max 500)
   eps = 0.000891 >= 0.0001
Iteration 339 (max 500)
   eps = 0.000878 >= 0.0001
Iteration 340 (max 500)
   eps = 0.000865 >= 0.0001
Iteration 341 (max 500)
   eps = 0.000853 >= 0.0001
Iteration 342 (max 500)
   eps = 0.000842 >= 0.0001
Iteration 343 (max 500)
   eps = 0.000831 >= 0.0001
Iteration 344 (max 500)
   eps = 0.000819 >= 0.0001
Iteration 345 (max 500)
   eps = 0.000808 >= 0.0001
Iteration 346 (max 500)
   eps = 0.000797 >= 0.0001
Iteration 347 (max 500)
   eps = 0.000788 >= 0.0001
Iteration 348 (max 500)
   eps = 0.000779 >= 0.0001
Iteration 349 (max 500)
   eps = 0.000769 >= 0.0001
Iteration 350 (max 500)
   eps = 0.000758 >= 0.0001
Iteration 351 (max 500)
   eps = 0.000748 >= 0.0001
Iteration 352 (max 500)
   eps = 0.000738 >= 0.0001
Iteration 353 (max 500)
   eps = 0.000729 >= 0.0001
Iteration 354 (max 500)
   eps = 0.00072 >= 0.0001
Iteration 355 (max 500)
   eps = 0.000711 >= 0.0001
Iteration 356 (max 500)
   eps = 0.000703 >= 0.0001
Iteration 357 (max 500)
   eps = 0.000696 >= 0.0001
Iteration 358 (max 500)
   eps = 0.000687 >= 0.0001
Iteration 359 (max 500)
   eps = 0.000679 >= 0.0001
Iteration 360 (max 500)
   eps = 0.00067 >= 0.0001
Iteration 361 (max 500)
   eps = 0.000661 >= 0.0001
Iteration 362 (max 500)
   eps = 0.000651 >= 0.0001
Iteration 363 (max 500)
   eps = 0.000643 >= 0.0001
Iteration 364 (max 500)
   eps = 0.000636 >= 0.0001
Iteration 365 (max 500)
   eps = 0.000627 >= 0.0001
Iteration 366 (max 500)
   eps = 0.000619 >= 0.0001
Iteration 367 (max 500)
   eps = 0.000611 >= 0.0001
Iteration 368 (max 500)
   eps = 0.000603 >= 0.0001
Iteration 369 (max 500)
   eps = 0.000594 >= 0.0001
Iteration 370 (max 500)
   eps = 0.000586 >= 0.0001
Iteration 371 (max 500)
   eps = 0.000579 >= 0.0001
Iteration 372 (max 500)
   eps = 0.000571 >= 0.0001
Iteration 373 (max 500)
   eps = 0.000564 >= 0.0001
Iteration 374 (max 500)
   eps = 0.000556 >= 0.0001
Iteration 375 (max 500)
   eps = 0.000549 >= 0.0001
Iteration 376 (max 500)
   eps = 0.000543 >= 0.0001
Iteration 377 (max 500)
   eps = 0.000535 >= 0.0001
Iteration 378 (max 500)
   eps = 0.000527 >= 0.0001
Iteration 379 (max 500)
   eps = 0.00052 >= 0.0001
Iteration 380 (max 500)
   eps = 0.000513 >= 0.0001
Iteration 381 (max 500)
   eps = 0.000506 >= 0.0001
Iteration 382 (max 500)
   eps = 0.0005 >= 0.0001
Iteration 383 (max 500)
   eps = 0.000492 >= 0.0001
Iteration 384 (max 500)
   eps = 0.000486 >= 0.0001
Iteration 385 (max 500)
   eps = 0.000479 >= 0.0001
Iteration 386 (max 500)
   eps = 0.000472 >= 0.0001
Iteration 387 (max 500)
   eps = 0.000467 >= 0.0001
Iteration 388 (max 500)
   eps = 0.000462 >= 0.0001
Iteration 389 (max 500)
   eps = 0.000456 >= 0.0001
Iteration 390 (max 500)
   eps = 0.000451 >= 0.0001
Iteration 391 (max 500)
   eps = 0.000445 >= 0.0001
Iteration 392 (max 500)
   eps = 0.000441 >= 0.0001
Iteration 393 (max 500)
   eps = 0.000436 >= 0.0001
Iteration 394 (max 500)
   eps = 0.000431 >= 0.0001
Iteration 395 (max 500)
   eps = 0.000424 >= 0.0001
Iteration 396 (max 500)
   eps = 0.000418 >= 0.0001
Iteration 397 (max 500)
   eps = 0.000412 >= 0.0001
Iteration 398 (max 500)
   eps = 0.000405 >= 0.0001
Iteration 399 (max 500)
   eps = 0.000399 >= 0.0001
Iteration 400 (max 500)
   eps = 0.000393 >= 0.0001
Iteration 401 (max 500)
   eps = 0.000387 >= 0.0001
Iteration 402 (max 500)
   eps = 0.000381 >= 0.0001
Iteration 403 (max 500)
   eps = 0.000376 >= 0.0001
Iteration 404 (max 500)
   eps = 0.000371 >= 0.0001
Iteration 405 (max 500)
   eps = 0.000366 >= 0.0001
Iteration 406 (max 500)
   eps = 0.000361 >= 0.0001
Iteration 407 (max 500)
   eps = 0.000356 >= 0.0001
Iteration 408 (max 500)
   eps = 0.000352 >= 0.0001
Iteration 409 (max 500)
   eps = 0.000347 >= 0.0001
Iteration 410 (max 500)
   eps = 0.000343 >= 0.0001
Iteration 411 (max 500)
   eps = 0.000338 >= 0.0001
Iteration 412 (max 500)
   eps = 0.000334 >= 0.0001
Iteration 413 (max 500)
   eps = 0.000329 >= 0.0001
Iteration 414 (max 500)
   eps = 0.000325 >= 0.0001
Iteration 415 (max 500)
   eps = 0.00032 >= 0.0001
Iteration 416 (max 500)
   eps = 0.000315 >= 0.0001
Iteration 417 (max 500)
   eps = 0.000312 >= 0.0001
Iteration 418 (max 500)
   eps = 0.000308 >= 0.0001
Iteration 419 (max 500)
   eps = 0.000304 >= 0.0001
Iteration 420 (max 500)
   eps = 0.0003 >= 0.0001
Iteration 421 (max 500)
   eps = 0.000296 >= 0.0001
Iteration 422 (max 500)
   eps = 0.000292 >= 0.0001
Iteration 423 (max 500)
   eps = 0.000289 >= 0.0001
Iteration 424 (max 500)
   eps = 0.000285 >= 0.0001
Iteration 425 (max 500)
   eps = 0.000281 >= 0.0001
Iteration 426 (max 500)
   eps = 0.000277 >= 0.0001
Iteration 427 (max 500)
   eps = 0.000273 >= 0.0001
Iteration 428 (max 500)
   eps = 0.00027 >= 0.0001
Iteration 429 (max 500)
   eps = 0.000266 >= 0.0001
Iteration 430 (max 500)
   eps = 0.000262 >= 0.0001
Iteration 431 (max 500)
   eps = 0.000258 >= 0.0001
Iteration 432 (max 500)
   eps = 0.000254 >= 0.0001
Iteration 433 (max 500)
   eps = 0.000251 >= 0.0001
Iteration 434 (max 500)
   eps = 0.000248 >= 0.0001
Iteration 435 (max 500)
   eps = 0.000244 >= 0.0001
Iteration 436 (max 500)
   eps = 0.00024 >= 0.0001
Iteration 437 (max 500)
   eps = 0.000237 >= 0.0001
Iteration 438 (max 500)
   eps = 0.000233 >= 0.0001
Iteration 439 (max 500)
   eps = 0.00023 >= 0.0001
Iteration 440 (max 500)
   eps = 0.000227 >= 0.0001
Iteration 441 (max 500)
   eps = 0.000224 >= 0.0001
Iteration 442 (max 500)
   eps = 0.000222 >= 0.0001
Iteration 443 (max 500)
   eps = 0.000219 >= 0.0001
Iteration 444 (max 500)
   eps = 0.000216 >= 0.0001
Iteration 445 (max 500)
   eps = 0.000214 >= 0.0001
Iteration 446 (max 500)
   eps = 0.000211 >= 0.0001
Iteration 447 (max 500)
   eps = 0.000209 >= 0.0001
Iteration 448 (max 500)
   eps = 0.000206 >= 0.0001
Iteration 449 (max 500)
   eps = 0.000203 >= 0.0001
Iteration 450 (max 500)
   eps = 0.0002 >= 0.0001
Iteration 451 (max 500)
   eps = 0.000198 >= 0.0001
Iteration 452 (max 500)
   eps = 0.000195 >= 0.0001
Iteration 453 (max 500)
   eps = 0.000192 >= 0.0001
Iteration 454 (max 500)
   eps = 0.00019 >= 0.0001
Iteration 455 (max 500)
   eps = 0.000188 >= 0.0001
Iteration 456 (max 500)
   eps = 0.000185 >= 0.0001
Iteration 457 (max 500)
   eps = 0.000183 >= 0.0001
Iteration 458 (max 500)
   eps = 0.00018 >= 0.0001
Iteration 459 (max 500)
   eps = 0.000178 >= 0.0001
Iteration 460 (max 500)
   eps = 0.000175 >= 0.0001
Iteration 461 (max 500)
   eps = 0.000173 >= 0.0001
Iteration 462 (max 500)
   eps = 0.00017 >= 0.0001
Iteration 463 (max 500)
   eps = 0.000168 >= 0.0001
Iteration 464 (max 500)
   eps = 0.000166 >= 0.0001
Iteration 465 (max 500)
   eps = 0.000164 >= 0.0001
Iteration 466 (max 500)
   eps = 0.000162 >= 0.0001
Iteration 467 (max 500)
   eps = 0.00016 >= 0.0001
Iteration 468 (max 500)
   eps = 0.000158 >= 0.0001
Iteration 469 (max 500)
   eps = 0.000156 >= 0.0001
Iteration 470 (max 500)
   eps = 0.000154 >= 0.0001
Iteration 471 (max 500)
   eps = 0.000152 >= 0.0001
Iteration 472 (max 500)
   eps = 0.00015 >= 0.0001
Iteration 473 (max 500)
   eps = 0.000148 >= 0.0001
Iteration 474 (max 500)
   eps = 0.000147 >= 0.0001
Iteration 475 (max 500)
   eps = 0.000145 >= 0.0001
Iteration 476 (max 500)
   eps = 0.000143 >= 0.0001
Iteration 477 (max 500)
   eps = 0.000141 >= 0.0001
Iteration 478 (max 500)
   eps = 0.000139 >= 0.0001
Iteration 479 (max 500)
   eps = 0.000137 >= 0.0001
Iteration 480 (max 500)
   eps = 0.000135 >= 0.0001
Iteration 481 (max 500)
   eps = 0.000133 >= 0.0001
Iteration 482 (max 500)
   eps = 0.000131 >= 0.0001
Iteration 483 (max 500)
   eps = 0.00013 >= 0.0001
Iteration 484 (max 500)
   eps = 0.000128 >= 0.0001
Iteration 485 (max 500)
   eps = 0.000127 >= 0.0001
Iteration 486 (max 500)
   eps = 0.000125 >= 0.0001
Iteration 487 (max 500)
   eps = 0.000124 >= 0.0001
Iteration 488 (max 500)
   eps = 0.000122 >= 0.0001
Iteration 489 (max 500)
   eps = 0.00012 >= 0.0001
Iteration 490 (max 500)
   eps = 0.000119 >= 0.0001
Iteration 491 (max 500)
   eps = 0.000117 >= 0.0001
Iteration 492 (max 500)
   eps = 0.000115 >= 0.0001
Iteration 493 (max 500)
   eps = 0.000113 >= 0.0001
Iteration 494 (max 500)
   eps = 0.000111 >= 0.0001
Iteration 495 (max 500)
   eps = 0.00011 >= 0.0001
Iteration 496 (max 500)
   eps = 0.000108 >= 0.0001
Iteration 497 (max 500)
   eps = 0.000106 >= 0.0001
Iteration 498 (max 500)
   eps = 0.000105 >= 0.0001
Iteration 499 (max 500)
   eps = 0.000103 >= 0.0001
Iteration 500 (max 500)
   eps = 0.000102 >= 0.0001
Time spent by the wind speed solver: 243.53302454948425 s
Rotates geometries from -45.0 degrees
Interp succeeded!!! for tmp_file
Interp succeeded!!! for tmp_file
Interp succeeded!!! for tmp_file
Interp succeeded!!! for tmp_file
Interp succeeded!!! for tmp_file
Interp succeeded!!! for tmp_file
Process 3978155: Successfully ran URock for tile output 'wind_field_raw_tile_9'.
Process 3978155: Elapsed time for URock ('wind_field_raw_tile_9'): 507.50 seconds.
[Master] Process 3978155 - Tile 9: Finished processing.
[Master] 3978155: exit signal
Info: Debuffered '/storage/project/r-rbasu31-0/hyu483/Test_UMEP/UROCK_output_34_spawn/temp_intermediate_files/tile_9_urock_raw_outputs/z1_5/wind_field_raw_tile_9WS.tif' to '/storage/project/r-rbasu31-0/hyu483/Test_UMEP/UROCK_output_34_spawn/urock_tiled_output/urock_wind_field_tile_9WS.tif' (original extent: (234182.59099838723, 902032.4833440109, 234482.59099838723, 902332.4833440109)).
Connecting to database
	->/tmp/URock_2025-12-21T173306d3062d45-dd1b-4bd3-8201-256ce7d73889/myDbH2
/storage/home/hcoda1/4/hyu483/qgis_332/profiles/default/python/plugins/processing_umep/functions/URock/h2gis-standalone/h2gis-dist-2.2.3.jar
Connected!

Spatial functions added!

Load input data
Load table 'build_pre_srid_20251221173315'
Load table 'veg_pre_srid_20251221173315'
Creates blocks and stacked blocks
Rotates geometries from 45.0 degrees
Identify block base height and block cavity base
Calculates obstacle properties
Calculates zone properties
Initializes upwind facades
Update upwind facades base height
Initializes downwind facades
Calculates study area properties
Roughness zone properties are:

                                 - z0: 1.9719691502202952
                                 - d: 9.351715012404997
                                 - Hr: 13.146461001468635
                                 - H_ob_max: 78
                                 - lambda_f: 0.18242422023262939
Rotates geometries from -45.0 degrees
Rotates geometries from -45.0 degrees
Rotates geometries from -45.0 degrees
Creates displacement zones
Rotates geometries from -45.0 degrees
Rotates geometries from -45.0 degrees
Creates cavity and wake zones
Rotates geometries from -45.0 degrees
Rotates geometries from -45.0 degrees
Creates street canyon zones
Rotates geometries from -45.0 degrees
Creates rooftop zones (perpendicular and corner)
Rotates geometries from -45.0 degrees
Rotates geometries from -45.0 degrees
Creates built-up and open vegetation zones
Rotates geometries from -45.0 degrees
Rotates geometries from -45.0 degrees
Identify the buildings concerned by the impacted zone chosen by the user
Creates the grid of points
Affects each grid point to a building Rockle zone and calculates needed 
          variables for 3D wind speed
Affects each grid point to a vegetation Rockle zone and calculates 
          needed variables for 3D wind speed
Remove some of the Röckle zone points
Creates backward zones
Calculates the 3D wind speed factor value for each point of each BUILDING zone
Rotates geometries from -45.0 degrees
Rotates geometries from -45.0 degrees
Rotates geometries from -45.0 degrees
Rotates geometries from -45.0 degrees
Rotates geometries from -45.0 degrees
Rotates geometries from -45.0 degrees
Rotates geometries from -45.0 degrees
Rotates geometries from -45.0 degrees
Rotates geometries from -45.0 degrees
Calculates the 3D wind speed factor value for each point of each VEGETATION zone
Rotates geometries from -45.0 degrees
Deals with superimposition (keeps only 1 value per 3D point)
Deals with superimposition (keeps only 1 value per 3D point)
Identify upstreamer points in TEMPO_WEIGHTING table
Identify upstreamer points in TEMPO_PRIORITIES table
Identify upstreamer points in TEMPO_PRIORITIES_WEIGHT table
Deals with superimposition (keeps only 1 value per 3D point)
Identify upstreamer points in TEMPO_WEIGHTING table
Identify upstreamer points in TEMPO_PRIORITIES table
Identify upstreamer points in TEMPO_PRIORITIES_WEIGHT table
Rotates geometries from -45.0 degrees
Identify grid points intersecting buildings
Set the initial 3D wind speed field
Time spent for wind speed initialization: 195.56802654266357 s
Shape: (355, 421, 41) - Nb cells: 6127655
Start to apply the wind solver
Iteration 1 (max 500)
   eps = 0.653667 >= 0.0001
Iteration 2 (max 500)
   eps = 0.434874 >= 0.0001
Iteration 3 (max 500)
   eps = 0.339816 >= 0.0001
Iteration 4 (max 500)
   eps = 0.278472 >= 0.0001
Iteration 5 (max 500)
   eps = 0.232164 >= 0.0001
Iteration 6 (max 500)
   eps = 0.199112 >= 0.0001
Iteration 7 (max 500)
   eps = 0.175235 >= 0.0001
Iteration 8 (max 500)
   eps = 0.156582 >= 0.0001
Iteration 9 (max 500)
   eps = 0.141011 >= 0.0001
Iteration 10 (max 500)
   eps = 0.127525 >= 0.0001
Iteration 11 (max 500)
   eps = 0.115606 >= 0.0001
Iteration 12 (max 500)
   eps = 0.105417 >= 0.0001
Iteration 13 (max 500)
   eps = 0.096427 >= 0.0001
Iteration 14 (max 500)
   eps = 0.08856 >= 0.0001
Iteration 15 (max 500)
   eps = 0.082211 >= 0.0001
Iteration 16 (max 500)
   eps = 0.076688 >= 0.0001
Iteration 17 (max 500)
   eps = 0.071965 >= 0.0001
Iteration 18 (max 500)
   eps = 0.067833 >= 0.0001
Iteration 19 (max 500)
   eps = 0.064127 >= 0.0001
Iteration 20 (max 500)
   eps = 0.060892 >= 0.0001
Iteration 21 (max 500)
   eps = 0.058035 >= 0.0001
Iteration 22 (max 500)
   eps = 0.055493 >= 0.0001
Iteration 23 (max 500)
   eps = 0.053211 >= 0.0001
Iteration 24 (max 500)
   eps = 0.051027 >= 0.0001
Iteration 25 (max 500)
   eps = 0.049095 >= 0.0001
Iteration 26 (max 500)
   eps = 0.047354 >= 0.0001
Iteration 27 (max 500)
   eps = 0.04596 >= 0.0001
Iteration 28 (max 500)
   eps = 0.044643 >= 0.0001
Iteration 29 (max 500)
   eps = 0.043141 >= 0.0001
Iteration 30 (max 500)
   eps = 0.042078 >= 0.0001
Iteration 31 (max 500)
   eps = 0.040914 >= 0.0001
Iteration 32 (max 500)
   eps = 0.039871 >= 0.0001
Iteration 33 (max 500)
   eps = 0.038908 >= 0.0001
Iteration 34 (max 500)
   eps = 0.037952 >= 0.0001
Iteration 35 (max 500)
   eps = 0.037193 >= 0.0001
Iteration 36 (max 500)
   eps = 0.036331 >= 0.0001
Iteration 37 (max 500)
   eps = 0.035482 >= 0.0001
Iteration 38 (max 500)
   eps = 0.034675 >= 0.0001
Iteration 39 (max 500)
   eps = 0.038103 >= 0.0001
Iteration 40 (max 500)
   eps = 0.036248 >= 0.0001
Iteration 41 (max 500)
   eps = 0.034315 >= 0.0001
Iteration 42 (max 500)
   eps = 0.033532 >= 0.0001
Iteration 43 (max 500)
   eps = 0.032894 >= 0.0001
Iteration 44 (max 500)
   eps = 0.032469 >= 0.0001
Iteration 45 (max 500)
   eps = 0.031978 >= 0.0001
Iteration 46 (max 500)
   eps = 0.031597 >= 0.0001
Iteration 47 (max 500)
   eps = 0.031233 >= 0.0001
Iteration 48 (max 500)
   eps = 0.030789 >= 0.0001
Iteration 49 (max 500)
   eps = 0.030372 >= 0.0001
Iteration 50 (max 500)
   eps = 0.029912 >= 0.0001
Iteration 51 (max 500)
   eps = 0.029476 >= 0.0001
Iteration 52 (max 500)
   eps = 0.029064 >= 0.0001
Iteration 53 (max 500)
   eps = 0.02865 >= 0.0001
Iteration 54 (max 500)
   eps = 0.028283 >= 0.0001
Iteration 55 (max 500)
   eps = 0.027892 >= 0.0001
Iteration 56 (max 500)
   eps = 0.027528 >= 0.0001
Iteration 57 (max 500)
   eps = 0.027185 >= 0.0001
Iteration 58 (max 500)
   eps = 0.026847 >= 0.0001
Iteration 59 (max 500)
   eps = 0.026544 >= 0.0001
Iteration 60 (max 500)
   eps = 0.026276 >= 0.0001
Iteration 61 (max 500)
   eps = 0.02602 >= 0.0001
Iteration 62 (max 500)
   eps = 0.025748 >= 0.0001
Iteration 63 (max 500)
   eps = 0.025473 >= 0.0001
Iteration 64 (max 500)
   eps = 0.025222 >= 0.0001
Iteration 65 (max 500)
   eps = 0.024983 >= 0.0001
Iteration 66 (max 500)
   eps = 0.024756 >= 0.0001
Iteration 67 (max 500)
   eps = 0.024506 >= 0.0001
Iteration 68 (max 500)
   eps = 0.024213 >= 0.0001
Iteration 69 (max 500)
   eps = 0.023923 >= 0.0001
Iteration 70 (max 500)
   eps = 0.023633 >= 0.0001
Iteration 71 (max 500)
   eps = 0.023367 >= 0.0001
Iteration 72 (max 500)
   eps = 0.023106 >= 0.0001
Iteration 73 (max 500)
   eps = 0.02289 >= 0.0001
Iteration 74 (max 500)
   eps = 0.022669 >= 0.0001
Iteration 75 (max 500)
   eps = 0.022446 >= 0.0001
Iteration 76 (max 500)
   eps = 0.022216 >= 0.0001
Iteration 77 (max 500)
   eps = 0.021939 >= 0.0001
Iteration 78 (max 500)
   eps = 0.021696 >= 0.0001
Iteration 79 (max 500)
   eps = 0.021467 >= 0.0001
Iteration 80 (max 500)
   eps = 0.021202 >= 0.0001
Iteration 81 (max 500)
   eps = 0.020948 >= 0.0001
Iteration 82 (max 500)
   eps = 0.020735 >= 0.0001
Iteration 83 (max 500)
   eps = 0.020557 >= 0.0001
Iteration 84 (max 500)
   eps = 0.020378 >= 0.0001
Iteration 85 (max 500)
   eps = 0.020208 >= 0.0001
Iteration 86 (max 500)
   eps = 0.020004 >= 0.0001
Iteration 87 (max 500)
   eps = 0.019801 >= 0.0001
Iteration 88 (max 500)
   eps = 0.019621 >= 0.0001
Iteration 89 (max 500)
   eps = 0.019432 >= 0.0001
Iteration 90 (max 500)
   eps = 0.019239 >= 0.0001
Iteration 91 (max 500)
   eps = 0.019024 >= 0.0001
Iteration 92 (max 500)
   eps = 0.018796 >= 0.0001
Iteration 93 (max 500)
   eps = 0.018559 >= 0.0001
Iteration 94 (max 500)
   eps = 0.018348 >= 0.0001
Iteration 95 (max 500)
   eps = 0.018122 >= 0.0001
Iteration 96 (max 500)
   eps = 0.017905 >= 0.0001
Iteration 97 (max 500)
   eps = 0.01769 >= 0.0001
Iteration 98 (max 500)
   eps = 0.017487 >= 0.0001
Iteration 99 (max 500)
   eps = 0.01729 >= 0.0001
Iteration 100 (max 500)
   eps = 0.017087 >= 0.0001
Iteration 101 (max 500)
   eps = 0.016858 >= 0.0001
Iteration 102 (max 500)
   eps = 0.016652 >= 0.0001
Iteration 103 (max 500)
   eps = 0.016451 >= 0.0001
Iteration 104 (max 500)
   eps = 0.016252 >= 0.0001
Iteration 105 (max 500)
   eps = 0.016074 >= 0.0001
Iteration 106 (max 500)
   eps = 0.015884 >= 0.0001
Iteration 107 (max 500)
   eps = 0.0157 >= 0.0001
Iteration 108 (max 500)
   eps = 0.015496 >= 0.0001
Iteration 109 (max 500)
   eps = 0.015317 >= 0.0001
Iteration 110 (max 500)
   eps = 0.015136 >= 0.0001
Iteration 111 (max 500)
   eps = 0.01495 >= 0.0001
Iteration 112 (max 500)
   eps = 0.014757 >= 0.0001
Iteration 113 (max 500)
   eps = 0.01457 >= 0.0001
Iteration 114 (max 500)
   eps = 0.014374 >= 0.0001
Iteration 115 (max 500)
   eps = 0.014195 >= 0.0001
Iteration 116 (max 500)
   eps = 0.014027 >= 0.0001
Iteration 117 (max 500)
   eps = 0.013862 >= 0.0001
Iteration 118 (max 500)
   eps = 0.013697 >= 0.0001
Iteration 119 (max 500)
   eps = 0.013507 >= 0.0001
Iteration 120 (max 500)
   eps = 0.013321 >= 0.0001
Iteration 121 (max 500)
   eps = 0.01315 >= 0.0001
Iteration 122 (max 500)
   eps = 0.012989 >= 0.0001
Iteration 123 (max 500)
   eps = 0.012836 >= 0.0001
Iteration 124 (max 500)
   eps = 0.012698 >= 0.0001
Iteration 125 (max 500)
   eps = 0.012551 >= 0.0001
Iteration 126 (max 500)
   eps = 0.012401 >= 0.0001
Iteration 127 (max 500)
   eps = 0.012239 >= 0.0001
Iteration 128 (max 500)
   eps = 0.012114 >= 0.0001
Iteration 129 (max 500)
   eps = 0.011952 >= 0.0001
Iteration 130 (max 500)
   eps = 0.0118 >= 0.0001
Iteration 131 (max 500)
   eps = 0.011643 >= 0.0001
Iteration 132 (max 500)
   eps = 0.011468 >= 0.0001
Iteration 133 (max 500)
   eps = 0.011333 >= 0.0001
Iteration 134 (max 500)
   eps = 0.011183 >= 0.0001
Iteration 135 (max 500)
   eps = 0.011058 >= 0.0001
Iteration 136 (max 500)
   eps = 0.010946 >= 0.0001
Iteration 137 (max 500)
   eps = 0.010789 >= 0.0001
Iteration 138 (max 500)
   eps = 0.010679 >= 0.0001
Iteration 139 (max 500)
   eps = 0.010579 >= 0.0001
Iteration 140 (max 500)
   eps = 0.010473 >= 0.0001
Iteration 141 (max 500)
   eps = 0.010409 >= 0.0001
Iteration 142 (max 500)
   eps = 0.010306 >= 0.0001
Iteration 143 (max 500)
   eps = 0.010202 >= 0.0001
Iteration 144 (max 500)
   eps = 0.010114 >= 0.0001
Iteration 145 (max 500)
   eps = 0.009994 >= 0.0001
Iteration 146 (max 500)
   eps = 0.009906 >= 0.0001
Iteration 147 (max 500)
   eps = 0.009766 >= 0.0001
Iteration 148 (max 500)
   eps = 0.009636 >= 0.0001
Iteration 149 (max 500)
   eps = 0.00951 >= 0.0001
Iteration 150 (max 500)
   eps = 0.009379 >= 0.0001
Iteration 151 (max 500)
   eps = 0.009273 >= 0.0001
Iteration 152 (max 500)
   eps = 0.009161 >= 0.0001
Iteration 153 (max 500)
   eps = 0.009035 >= 0.0001
Iteration 154 (max 500)
   eps = 0.008942 >= 0.0001
Iteration 155 (max 500)
   eps = 0.008837 >= 0.0001
Iteration 156 (max 500)
   eps = 0.008767 >= 0.0001
Iteration 157 (max 500)
   eps = 0.008673 >= 0.0001
Iteration 158 (max 500)
   eps = 0.008574 >= 0.0001
Iteration 159 (max 500)
   eps = 0.008479 >= 0.0001
Iteration 160 (max 500)
   eps = 0.008379 >= 0.0001
Iteration 161 (max 500)
   eps = 0.008295 >= 0.0001
Iteration 162 (max 500)
   eps = 0.008193 >= 0.0001
Iteration 163 (max 500)
   eps = 0.008103 >= 0.0001
Iteration 164 (max 500)
   eps = 0.008025 >= 0.0001
Iteration 165 (max 500)
   eps = 0.007939 >= 0.0001
Iteration 166 (max 500)
   eps = 0.007871 >= 0.0001
Iteration 167 (max 500)
   eps = 0.007788 >= 0.0001
Iteration 168 (max 500)
   eps = 0.007711 >= 0.0001
Iteration 169 (max 500)
   eps = 0.007626 >= 0.0001
Iteration 170 (max 500)
   eps = 0.007559 >= 0.0001
Iteration 171 (max 500)
   eps = 0.007463 >= 0.0001
Iteration 172 (max 500)
   eps = 0.007349 >= 0.0001
Iteration 173 (max 500)
   eps = 0.007278 >= 0.0001
Iteration 174 (max 500)
   eps = 0.007176 >= 0.0001
Iteration 175 (max 500)
   eps = 0.007084 >= 0.0001
Iteration 176 (max 500)
   eps = 0.007003 >= 0.0001
Iteration 177 (max 500)
   eps = 0.00692 >= 0.0001
Iteration 178 (max 500)
   eps = 0.006841 >= 0.0001
Iteration 179 (max 500)
   eps = 0.006762 >= 0.0001
Iteration 180 (max 500)
   eps = 0.006686 >= 0.0001
Iteration 181 (max 500)
   eps = 0.006604 >= 0.0001
Iteration 182 (max 500)
   eps = 0.006518 >= 0.0001
Iteration 183 (max 500)
   eps = 0.00644 >= 0.0001
Iteration 184 (max 500)
   eps = 0.006355 >= 0.0001
Iteration 185 (max 500)
   eps = 0.006276 >= 0.0001
Iteration 186 (max 500)
   eps = 0.0062 >= 0.0001
Iteration 187 (max 500)
   eps = 0.006131 >= 0.0001
Iteration 188 (max 500)
   eps = 0.006064 >= 0.0001
Iteration 189 (max 500)
   eps = 0.005993 >= 0.0001
Iteration 190 (max 500)
   eps = 0.005938 >= 0.0001
Iteration 191 (max 500)
   eps = 0.005884 >= 0.0001
Iteration 192 (max 500)
   eps = 0.005824 >= 0.0001
Iteration 193 (max 500)
   eps = 0.005764 >= 0.0001
Iteration 194 (max 500)
   eps = 0.005706 >= 0.0001
Iteration 195 (max 500)
   eps = 0.005654 >= 0.0001
Iteration 196 (max 500)
   eps = 0.005594 >= 0.0001
Iteration 197 (max 500)
   eps = 0.005537 >= 0.0001
Iteration 198 (max 500)
   eps = 0.005468 >= 0.0001
Iteration 199 (max 500)
   eps = 0.005406 >= 0.0001
Iteration 200 (max 500)
   eps = 0.005344 >= 0.0001
Iteration 201 (max 500)
   eps = 0.005289 >= 0.0001
Iteration 202 (max 500)
   eps = 0.005231 >= 0.0001
Iteration 203 (max 500)
   eps = 0.005169 >= 0.0001
Iteration 204 (max 500)
   eps = 0.005093 >= 0.0001
Iteration 205 (max 500)
   eps = 0.005022 >= 0.0001
Iteration 206 (max 500)
   eps = 0.004953 >= 0.0001
Iteration 207 (max 500)
   eps = 0.004886 >= 0.0001
Iteration 208 (max 500)
   eps = 0.004824 >= 0.0001
Iteration 209 (max 500)
   eps = 0.004759 >= 0.0001
Iteration 210 (max 500)
   eps = 0.004702 >= 0.0001
Iteration 211 (max 500)
   eps = 0.004653 >= 0.0001
Iteration 212 (max 500)
   eps = 0.004601 >= 0.0001
Iteration 213 (max 500)
   eps = 0.004547 >= 0.0001
Iteration 214 (max 500)
   eps = 0.004492 >= 0.0001
Iteration 215 (max 500)
   eps = 0.004437 >= 0.0001
Iteration 216 (max 500)
   eps = 0.004382 >= 0.0001
Iteration 217 (max 500)
   eps = 0.004328 >= 0.0001
Iteration 218 (max 500)
   eps = 0.004279 >= 0.0001
Iteration 219 (max 500)
   eps = 0.004228 >= 0.0001
Iteration 220 (max 500)
   eps = 0.004176 >= 0.0001
Iteration 221 (max 500)
   eps = 0.004126 >= 0.0001
Iteration 222 (max 500)
   eps = 0.004077 >= 0.0001
Iteration 223 (max 500)
   eps = 0.00403 >= 0.0001
Iteration 224 (max 500)
   eps = 0.003983 >= 0.0001
Iteration 225 (max 500)
   eps = 0.003937 >= 0.0001
Iteration 226 (max 500)
   eps = 0.003889 >= 0.0001
Iteration 227 (max 500)
   eps = 0.003846 >= 0.0001
Iteration 228 (max 500)
   eps = 0.003801 >= 0.0001
Iteration 229 (max 500)
   eps = 0.003759 >= 0.0001
Iteration 230 (max 500)
   eps = 0.003716 >= 0.0001
Iteration 231 (max 500)
   eps = 0.003674 >= 0.0001
Iteration 232 (max 500)
   eps = 0.003632 >= 0.0001
Iteration 233 (max 500)
   eps = 0.003588 >= 0.0001
Iteration 234 (max 500)
   eps = 0.003541 >= 0.0001
Iteration 235 (max 500)
   eps = 0.003497 >= 0.0001
Iteration 236 (max 500)
   eps = 0.003459 >= 0.0001
Iteration 237 (max 500)
   eps = 0.003425 >= 0.0001
Iteration 238 (max 500)
   eps = 0.003388 >= 0.0001
Iteration 239 (max 500)
   eps = 0.003343 >= 0.0001
Iteration 240 (max 500)
   eps = 0.003295 >= 0.0001
Iteration 241 (max 500)
   eps = 0.003249 >= 0.0001
Iteration 242 (max 500)
   eps = 0.003211 >= 0.0001
Iteration 243 (max 500)
   eps = 0.003174 >= 0.0001
Iteration 244 (max 500)
   eps = 0.003143 >= 0.0001
Iteration 245 (max 500)
   eps = 0.00311 >= 0.0001
Iteration 246 (max 500)
   eps = 0.003068 >= 0.0001
Iteration 247 (max 500)
   eps = 0.003028 >= 0.0001
Iteration 248 (max 500)
   eps = 0.002998 >= 0.0001
Iteration 249 (max 500)
   eps = 0.002965 >= 0.0001
Iteration 250 (max 500)
   eps = 0.002929 >= 0.0001
Iteration 251 (max 500)
   eps = 0.002891 >= 0.0001
Iteration 252 (max 500)
   eps = 0.002855 >= 0.0001
Iteration 253 (max 500)
   eps = 0.002819 >= 0.0001
Iteration 254 (max 500)
   eps = 0.002784 >= 0.0001
Iteration 255 (max 500)
   eps = 0.002753 >= 0.0001
Iteration 256 (max 500)
   eps = 0.002719 >= 0.0001
Iteration 257 (max 500)
   eps = 0.002686 >= 0.0001
Iteration 258 (max 500)
   eps = 0.002656 >= 0.0001
Iteration 259 (max 500)
   eps = 0.002624 >= 0.0001
Iteration 260 (max 500)
   eps = 0.00259 >= 0.0001
Iteration 261 (max 500)
   eps = 0.002559 >= 0.0001
Iteration 262 (max 500)
   eps = 0.00253 >= 0.0001
Iteration 263 (max 500)
   eps = 0.002501 >= 0.0001
Iteration 264 (max 500)
   eps = 0.002472 >= 0.0001
Iteration 265 (max 500)
   eps = 0.002445 >= 0.0001
Iteration 266 (max 500)
   eps = 0.002417 >= 0.0001
Iteration 267 (max 500)
   eps = 0.00239 >= 0.0001
Iteration 268 (max 500)
   eps = 0.002362 >= 0.0001
Iteration 269 (max 500)
   eps = 0.002333 >= 0.0001
Iteration 270 (max 500)
   eps = 0.002306 >= 0.0001
Iteration 271 (max 500)
   eps = 0.002277 >= 0.0001
Iteration 272 (max 500)
   eps = 0.00225 >= 0.0001
Iteration 273 (max 500)
   eps = 0.002227 >= 0.0001
Iteration 274 (max 500)
   eps = 0.002202 >= 0.0001
Iteration 275 (max 500)
   eps = 0.002176 >= 0.0001
Iteration 276 (max 500)
   eps = 0.002148 >= 0.0001
Iteration 277 (max 500)
   eps = 0.002119 >= 0.0001
Iteration 278 (max 500)
   eps = 0.002089 >= 0.0001
Iteration 279 (max 500)
   eps = 0.002062 >= 0.0001
Iteration 280 (max 500)
   eps = 0.002036 >= 0.0001
Iteration 281 (max 500)
   eps = 0.002013 >= 0.0001
Iteration 282 (max 500)
   eps = 0.00199 >= 0.0001
Iteration 283 (max 500)
   eps = 0.001963 >= 0.0001
Iteration 284 (max 500)
   eps = 0.001938 >= 0.0001
Iteration 285 (max 500)
   eps = 0.001913 >= 0.0001
Iteration 286 (max 500)
   eps = 0.001891 >= 0.0001
Iteration 287 (max 500)
   eps = 0.001869 >= 0.0001
Iteration 288 (max 500)
   eps = 0.00185 >= 0.0001
Iteration 289 (max 500)
   eps = 0.001827 >= 0.0001
Iteration 290 (max 500)
   eps = 0.001806 >= 0.0001
Iteration 291 (max 500)
   eps = 0.001786 >= 0.0001
Iteration 292 (max 500)
   eps = 0.001768 >= 0.0001
Iteration 293 (max 500)
   eps = 0.001746 >= 0.0001
Iteration 294 (max 500)
   eps = 0.001726 >= 0.0001
Iteration 295 (max 500)
   eps = 0.001708 >= 0.0001
Iteration 296 (max 500)
   eps = 0.001686 >= 0.0001
Iteration 297 (max 500)
   eps = 0.00167 >= 0.0001
Iteration 298 (max 500)
   eps = 0.00165 >= 0.0001
Iteration 299 (max 500)
   eps = 0.001631 >= 0.0001
Iteration 300 (max 500)
   eps = 0.001614 >= 0.0001
Iteration 301 (max 500)
   eps = 0.001594 >= 0.0001
Iteration 302 (max 500)
   eps = 0.001575 >= 0.0001
Iteration 303 (max 500)
   eps = 0.001557 >= 0.0001
Iteration 304 (max 500)
   eps = 0.001539 >= 0.0001
Iteration 305 (max 500)
   eps = 0.00152 >= 0.0001
Iteration 306 (max 500)
   eps = 0.001502 >= 0.0001
Iteration 307 (max 500)
   eps = 0.001485 >= 0.0001
Iteration 308 (max 500)
   eps = 0.001468 >= 0.0001
Iteration 309 (max 500)
   eps = 0.001449 >= 0.0001
Iteration 310 (max 500)
   eps = 0.001432 >= 0.0001
Iteration 311 (max 500)
   eps = 0.001414 >= 0.0001
Iteration 312 (max 500)
   eps = 0.001399 >= 0.0001
Iteration 313 (max 500)
   eps = 0.001382 >= 0.0001
Iteration 314 (max 500)
   eps = 0.001366 >= 0.0001
Iteration 315 (max 500)
   eps = 0.001352 >= 0.0001
Iteration 316 (max 500)
   eps = 0.001334 >= 0.0001
Iteration 317 (max 500)
   eps = 0.001319 >= 0.0001
Iteration 318 (max 500)
   eps = 0.001305 >= 0.0001
Iteration 319 (max 500)
   eps = 0.00129 >= 0.0001
Iteration 320 (max 500)
   eps = 0.001273 >= 0.0001
Iteration 321 (max 500)
   eps = 0.001256 >= 0.0001
Iteration 322 (max 500)
   eps = 0.00124 >= 0.0001
Iteration 323 (max 500)
   eps = 0.001224 >= 0.0001
Iteration 324 (max 500)
   eps = 0.00121 >= 0.0001
Iteration 325 (max 500)
   eps = 0.001197 >= 0.0001
Iteration 326 (max 500)
   eps = 0.001181 >= 0.0001
Iteration 327 (max 500)
   eps = 0.001164 >= 0.0001
Iteration 328 (max 500)
   eps = 0.001149 >= 0.0001
Iteration 329 (max 500)
   eps = 0.001135 >= 0.0001
Iteration 330 (max 500)
   eps = 0.001123 >= 0.0001
Iteration 331 (max 500)
   eps = 0.001108 >= 0.0001
Iteration 332 (max 500)
   eps = 0.001095 >= 0.0001
Iteration 333 (max 500)
   eps = 0.001081 >= 0.0001
Iteration 334 (max 500)
   eps = 0.001068 >= 0.0001
Iteration 335 (max 500)
   eps = 0.001053 >= 0.0001
Iteration 336 (max 500)
   eps = 0.00104 >= 0.0001
Iteration 337 (max 500)
   eps = 0.001026 >= 0.0001
Iteration 338 (max 500)
   eps = 0.001012 >= 0.0001
Iteration 339 (max 500)
   eps = 0.000999 >= 0.0001
Iteration 340 (max 500)
   eps = 0.000985 >= 0.0001
Iteration 341 (max 500)
   eps = 0.000974 >= 0.0001
Iteration 342 (max 500)
   eps = 0.000963 >= 0.0001
Iteration 343 (max 500)
   eps = 0.00095 >= 0.0001
Iteration 344 (max 500)
   eps = 0.000938 >= 0.0001
Iteration 345 (max 500)
   eps = 0.000928 >= 0.0001
Iteration 346 (max 500)
   eps = 0.000917 >= 0.0001
Iteration 347 (max 500)
   eps = 0.000906 >= 0.0001
Iteration 348 (max 500)
   eps = 0.000898 >= 0.0001
Iteration 349 (max 500)
   eps = 0.000888 >= 0.0001
Iteration 350 (max 500)
   eps = 0.000877 >= 0.0001
Iteration 351 (max 500)
   eps = 0.000865 >= 0.0001
Iteration 352 (max 500)
   eps = 0.000854 >= 0.0001
Iteration 353 (max 500)
   eps = 0.000842 >= 0.0001
Iteration 354 (max 500)
   eps = 0.00083 >= 0.0001
Iteration 355 (max 500)
   eps = 0.000818 >= 0.0001
Iteration 356 (max 500)
   eps = 0.000806 >= 0.0001
Iteration 357 (max 500)
   eps = 0.000795 >= 0.0001
Iteration 358 (max 500)
   eps = 0.000783 >= 0.0001
Iteration 359 (max 500)
   eps = 0.000773 >= 0.0001
Iteration 360 (max 500)
   eps = 0.000762 >= 0.0001
Iteration 361 (max 500)
   eps = 0.000753 >= 0.0001
Iteration 362 (max 500)
   eps = 0.000743 >= 0.0001
Iteration 363 (max 500)
   eps = 0.000733 >= 0.0001
Iteration 364 (max 500)
   eps = 0.000722 >= 0.0001
Iteration 365 (max 500)
   eps = 0.000714 >= 0.0001
Iteration 366 (max 500)
   eps = 0.000708 >= 0.0001
Iteration 367 (max 500)
   eps = 0.000702 >= 0.0001
Iteration 368 (max 500)
   eps = 0.000694 >= 0.0001
Iteration 369 (max 500)
   eps = 0.000688 >= 0.0001
Iteration 370 (max 500)
   eps = 0.000678 >= 0.0001
Iteration 371 (max 500)
   eps = 0.000669 >= 0.0001
Iteration 372 (max 500)
   eps = 0.000659 >= 0.0001
Iteration 373 (max 500)
   eps = 0.000649 >= 0.0001
Iteration 374 (max 500)
   eps = 0.000639 >= 0.0001
Iteration 375 (max 500)
   eps = 0.00063 >= 0.0001
Iteration 376 (max 500)
   eps = 0.000622 >= 0.0001
Iteration 377 (max 500)
   eps = 0.000615 >= 0.0001
Iteration 378 (max 500)
   eps = 0.000605 >= 0.0001
Iteration 379 (max 500)
   eps = 0.000597 >= 0.0001
Iteration 380 (max 500)
   eps = 0.00059 >= 0.0001
Iteration 381 (max 500)
   eps = 0.000583 >= 0.0001
Iteration 382 (max 500)
   eps = 0.000575 >= 0.0001
Iteration 383 (max 500)
   eps = 0.000567 >= 0.0001
Iteration 384 (max 500)
   eps = 0.00056 >= 0.0001
Iteration 385 (max 500)
   eps = 0.000554 >= 0.0001
Iteration 386 (max 500)
   eps = 0.000546 >= 0.0001
Iteration 387 (max 500)
   eps = 0.000538 >= 0.0001
Iteration 388 (max 500)
   eps = 0.00053 >= 0.0001
Iteration 389 (max 500)
   eps = 0.000522 >= 0.0001
Iteration 390 (max 500)
   eps = 0.000516 >= 0.0001
Iteration 391 (max 500)
   eps = 0.000509 >= 0.0001
Iteration 392 (max 500)
   eps = 0.000503 >= 0.0001
Iteration 393 (max 500)
   eps = 0.000497 >= 0.0001
Iteration 394 (max 500)
   eps = 0.000492 >= 0.0001
Iteration 395 (max 500)
   eps = 0.000487 >= 0.0001
Iteration 396 (max 500)
   eps = 0.000483 >= 0.0001
Iteration 397 (max 500)
   eps = 0.000478 >= 0.0001
Iteration 398 (max 500)
   eps = 0.000473 >= 0.0001
Iteration 399 (max 500)
   eps = 0.000467 >= 0.0001
Iteration 400 (max 500)
   eps = 0.000461 >= 0.0001
Iteration 401 (max 500)
   eps = 0.000453 >= 0.0001
Iteration 402 (max 500)
   eps = 0.000447 >= 0.0001
Iteration 403 (max 500)
   eps = 0.00044 >= 0.0001
Iteration 404 (max 500)
   eps = 0.000433 >= 0.0001
Iteration 405 (max 500)
   eps = 0.000426 >= 0.0001
Iteration 406 (max 500)
   eps = 0.00042 >= 0.0001
Iteration 407 (max 500)
   eps = 0.000416 >= 0.0001
Iteration 408 (max 500)
   eps = 0.000411 >= 0.0001
Iteration 409 (max 500)
   eps = 0.000406 >= 0.0001
Iteration 410 (max 500)
   eps = 0.000401 >= 0.0001
Iteration 411 (max 500)
   eps = 0.000396 >= 0.0001
Iteration 412 (max 500)
   eps = 0.000391 >= 0.0001
Iteration 413 (max 500)
   eps = 0.000386 >= 0.0001
Iteration 414 (max 500)
   eps = 0.000382 >= 0.0001
Iteration 415 (max 500)
   eps = 0.000379 >= 0.0001
Iteration 416 (max 500)
   eps = 0.000374 >= 0.0001
Iteration 417 (max 500)
   eps = 0.00037 >= 0.0001
Iteration 418 (max 500)
   eps = 0.000365 >= 0.0001
Iteration 419 (max 500)
   eps = 0.000361 >= 0.0001
Iteration 420 (max 500)
   eps = 0.000356 >= 0.0001
Iteration 421 (max 500)
   eps = 0.000352 >= 0.0001
Iteration 422 (max 500)
   eps = 0.000347 >= 0.0001
Iteration 423 (max 500)
   eps = 0.000341 >= 0.0001
Iteration 424 (max 500)
   eps = 0.000336 >= 0.0001
Iteration 425 (max 500)
   eps = 0.000331 >= 0.0001
Iteration 426 (max 500)
   eps = 0.000326 >= 0.0001
Iteration 427 (max 500)
   eps = 0.00032 >= 0.0001
Iteration 428 (max 500)
   eps = 0.000315 >= 0.0001
Iteration 429 (max 500)
   eps = 0.00031 >= 0.0001
Iteration 430 (max 500)
   eps = 0.000306 >= 0.0001
Iteration 431 (max 500)
   eps = 0.000303 >= 0.0001
Iteration 432 (max 500)
   eps = 0.0003 >= 0.0001
Iteration 433 (max 500)
   eps = 0.000296 >= 0.0001
Iteration 434 (max 500)
   eps = 0.000293 >= 0.0001
Iteration 435 (max 500)
   eps = 0.00029 >= 0.0001
Iteration 436 (max 500)
   eps = 0.000287 >= 0.0001
Iteration 437 (max 500)
   eps = 0.000284 >= 0.0001
Iteration 438 (max 500)
   eps = 0.00028 >= 0.0001
Iteration 439 (max 500)
   eps = 0.000277 >= 0.0001
Iteration 440 (max 500)
   eps = 0.000273 >= 0.0001
Iteration 441 (max 500)
   eps = 0.000269 >= 0.0001
Iteration 442 (max 500)
   eps = 0.000265 >= 0.0001
Iteration 443 (max 500)
   eps = 0.000261 >= 0.0001
Iteration 444 (max 500)
   eps = 0.000257 >= 0.0001
Iteration 445 (max 500)
   eps = 0.000253 >= 0.0001
Iteration 446 (max 500)
   eps = 0.000249 >= 0.0001
Iteration 447 (max 500)
   eps = 0.000246 >= 0.0001
Iteration 448 (max 500)
   eps = 0.000244 >= 0.0001
Iteration 449 (max 500)
   eps = 0.000241 >= 0.0001
Iteration 450 (max 500)
   eps = 0.000237 >= 0.0001
Iteration 451 (max 500)
   eps = 0.000234 >= 0.0001
Iteration 452 (max 500)
   eps = 0.00023 >= 0.0001
Iteration 453 (max 500)
   eps = 0.000226 >= 0.0001
Iteration 454 (max 500)
   eps = 0.000222 >= 0.0001
Iteration 455 (max 500)
   eps = 0.000219 >= 0.0001
Iteration 456 (max 500)
   eps = 0.000215 >= 0.0001
Iteration 457 (max 500)
   eps = 0.000212 >= 0.0001
Iteration 458 (max 500)
   eps = 0.000209 >= 0.0001
Iteration 459 (max 500)
   eps = 0.000207 >= 0.0001
Iteration 460 (max 500)
   eps = 0.000204 >= 0.0001
Iteration 461 (max 500)
   eps = 0.000201 >= 0.0001
Iteration 462 (max 500)
   eps = 0.000199 >= 0.0001
Iteration 463 (max 500)
   eps = 0.000196 >= 0.0001
Iteration 464 (max 500)
   eps = 0.000194 >= 0.0001
Iteration 465 (max 500)
   eps = 0.000191 >= 0.0001
Iteration 466 (max 500)
   eps = 0.000189 >= 0.0001
Iteration 467 (max 500)
   eps = 0.000187 >= 0.0001
Iteration 468 (max 500)
   eps = 0.000184 >= 0.0001
Iteration 469 (max 500)
   eps = 0.000182 >= 0.0001
Iteration 470 (max 500)
   eps = 0.000179 >= 0.0001
Iteration 471 (max 500)
   eps = 0.000177 >= 0.0001
Iteration 472 (max 500)
   eps = 0.000174 >= 0.0001
Iteration 473 (max 500)
   eps = 0.000172 >= 0.0001
Iteration 474 (max 500)
   eps = 0.000169 >= 0.0001
Iteration 475 (max 500)
   eps = 0.000167 >= 0.0001
Iteration 476 (max 500)
   eps = 0.000165 >= 0.0001
Iteration 477 (max 500)
   eps = 0.000162 >= 0.0001
Iteration 478 (max 500)
   eps = 0.00016 >= 0.0001
Iteration 479 (max 500)
   eps = 0.000158 >= 0.0001
Iteration 480 (max 500)
   eps = 0.000157 >= 0.0001
Iteration 481 (max 500)
   eps = 0.000155 >= 0.0001
Iteration 482 (max 500)
   eps = 0.000153 >= 0.0001
Iteration 483 (max 500)
   eps = 0.000151 >= 0.0001
Iteration 484 (max 500)
   eps = 0.000149 >= 0.0001
Iteration 485 (max 500)
   eps = 0.000147 >= 0.0001
Iteration 486 (max 500)
   eps = 0.000146 >= 0.0001
Iteration 487 (max 500)
   eps = 0.000144 >= 0.0001
Iteration 488 (max 500)
   eps = 0.000142 >= 0.0001
Iteration 489 (max 500)
   eps = 0.000139 >= 0.0001
Iteration 490 (max 500)
   eps = 0.000137 >= 0.0001
Iteration 491 (max 500)
   eps = 0.000135 >= 0.0001
Iteration 492 (max 500)
   eps = 0.000133 >= 0.0001
Iteration 493 (max 500)
   eps = 0.000132 >= 0.0001
Iteration 494 (max 500)
   eps = 0.00013 >= 0.0001
Iteration 495 (max 500)
   eps = 0.000128 >= 0.0001
Iteration 496 (max 500)
   eps = 0.000127 >= 0.0001
Iteration 497 (max 500)
   eps = 0.000125 >= 0.0001
Iteration 498 (max 500)
   eps = 0.000123 >= 0.0001
Iteration 499 (max 500)
   eps = 0.000121 >= 0.0001
Iteration 500 (max 500)
   eps = 0.00012 >= 0.0001
Time spent by the wind speed solver: 245.314551115036 s
Rotates geometries from -45.0 degrees
Interp succeeded!!! for tmp_file
Interp succeeded!!! for tmp_file
Interp succeeded!!! for tmp_file
Interp succeeded!!! for tmp_file
Interp succeeded!!! for tmp_file
Interp succeeded!!! for tmp_file
Process 3978167: Successfully ran URock for tile output 'wind_field_raw_tile_5'.
Process 3978167: Elapsed time for URock ('wind_field_raw_tile_5'): 532.07 seconds.
[Master] Process 3978167 - Tile 5: Finished processing.
[Master] 3978167: exit signal
Info: Debuffered '/storage/project/r-rbasu31-0/hyu483/Test_UMEP/UROCK_output_34_spawn/temp_intermediate_files/tile_5_urock_raw_outputs/z1_5/wind_field_raw_tile_5WS.tif' to '/storage/project/r-rbasu31-0/hyu483/Test_UMEP/UROCK_output_34_spawn/urock_tiled_output/urock_wind_field_tile_5WS.tif' (original extent: (233882.59099838723, 902032.4833440109, 234182.59099838723, 902332.4833440109)).
All workers died unexpectedly.

All tiles processed successfully. Total elapsed time: 555.62 seconds.
Merging 16 tile outputs into /storage/project/r-rbasu31-0/hyu483/Test_UMEP/UROCK_output_34_spawn/urock_tiled_output/merged/merged_urock_wind_field_WS.tif...
Merge complete.
