/storage/home/hcoda1/4/hyu483/conda_envs/qgis332/lib/python3.11/site-packages/osgeo/gdal.py:311: FutureWarning: Neither gdal.UseExceptions() nor gdal.DontUseExceptions() has been explicitly called. In GDAL 4.0, exceptions will be enabled by default.
  warnings.warn(

Step 1: Calculating tile extents...
Full template raster extent: (233582.59099838723, 901732.4833440109, 234642.58635222574, 902792.4786978494)
Calculated 36 tiles for processing.
(0, (233582.59099838723, 901732.4833440109, 233782.59099838723, 901932.4833440109), (233582.59099838723, 901732.4833440109, 233982.59099838723, 902132.4833440109), {'buildings': '/storage/project/r-rbasu31-0/hyu483/Test_UMEP/UROCK/input/building_26986.shp', 'veg': '/storage/project/r-rbasu31-0/hyu483/Test_UMEP/UROCK/input/veg_26986.shp', 'template_rast': '/storage/project/r-rbasu31-0/hyu483/Test_UMEP/UROCK/input/../DSM_26986_2.tif', 'base_output_dir': '/storage/project/r-rbasu31-0/hyu483/Test_UMEP/UROCK_output_35_spawn/urock_tiled_output'})
Info: Sliced and clipped '/storage/project/r-rbasu31-0/hyu483/Test_UMEP/UROCK/input/building_26986.shp' to '/storage/project/r-rbasu31-0/hyu483/Test_UMEP/UROCK_output_35_spawn/temp_intermediate_files/tile_0_sliced_inputs/buildings_tile_0.shp'. Copied 97 features.
Info: Sliced and clipped '/storage/project/r-rbasu31-0/hyu483/Test_UMEP/UROCK/input/veg_26986.shp' to '/storage/project/r-rbasu31-0/hyu483/Test_UMEP/UROCK_output_35_spawn/temp_intermediate_files/tile_0_sliced_inputs/veg_tile_0.shp'. Copied 82 features.
Info: Sliced '/storage/project/r-rbasu31-0/hyu483/Test_UMEP/UROCK/input/../DSM_26986_2.tif' to '/storage/project/r-rbasu31-0/hyu483/Test_UMEP/UROCK_output_35_spawn/temp_intermediate_files/tile_0_sliced_inputs/template_tile_0.tif' (Extent: (233582.59099838723, 901732.4833440109, 233982.59099838723, 902132.4833440109)).
Tile 0: Running URock...
Process 3995992: Running URock for tile output 'wind_field_raw_tile_0'...
(1, (233582.59099838723, 901932.4833440109, 233782.59099838723, 902132.4833440109), (233582.59099838723, 901732.4833440109, 233982.59099838723, 902332.4833440109), {'buildings': '/storage/project/r-rbasu31-0/hyu483/Test_UMEP/UROCK/input/building_26986.shp', 'veg': '/storage/project/r-rbasu31-0/hyu483/Test_UMEP/UROCK/input/veg_26986.shp', 'template_rast': '/storage/project/r-rbasu31-0/hyu483/Test_UMEP/UROCK/input/../DSM_26986_2.tif', 'base_output_dir': '/storage/project/r-rbasu31-0/hyu483/Test_UMEP/UROCK_output_35_spawn/urock_tiled_output'})
Info: Sliced and clipped '/storage/project/r-rbasu31-0/hyu483/Test_UMEP/UROCK/input/building_26986.shp' to '/storage/project/r-rbasu31-0/hyu483/Test_UMEP/UROCK_output_35_spawn/temp_intermediate_files/tile_1_sliced_inputs/buildings_tile_1.shp'. Copied 186 features.
Info: Sliced and clipped '/storage/project/r-rbasu31-0/hyu483/Test_UMEP/UROCK/input/veg_26986.shp' to '/storage/project/r-rbasu31-0/hyu483/Test_UMEP/UROCK_output_35_spawn/temp_intermediate_files/tile_1_sliced_inputs/veg_tile_1.shp'. Copied 141 features.
Info: Sliced '/storage/project/r-rbasu31-0/hyu483/Test_UMEP/UROCK/input/../DSM_26986_2.tif' to '/storage/project/r-rbasu31-0/hyu483/Test_UMEP/UROCK_output_35_spawn/temp_intermediate_files/tile_1_sliced_inputs/template_tile_1.tif' (Extent: (233582.59099838723, 901732.4833440109, 233982.59099838723, 902332.4833440109)).
Tile 1: Running URock...
Process 3995974: Running URock for tile output 'wind_field_raw_tile_1'...
(5, (233582.59099838723, 902732.4833440109, 233782.59099838723, 902792.4786978494), (233582.59099838723, 902532.4833440109, 233982.59099838723, 902792.4786978494), {'buildings': '/storage/project/r-rbasu31-0/hyu483/Test_UMEP/UROCK/input/building_26986.shp', 'veg': '/storage/project/r-rbasu31-0/hyu483/Test_UMEP/UROCK/input/veg_26986.shp', 'template_rast': '/storage/project/r-rbasu31-0/hyu483/Test_UMEP/UROCK/input/../DSM_26986_2.tif', 'base_output_dir': '/storage/project/r-rbasu31-0/hyu483/Test_UMEP/UROCK_output_35_spawn/urock_tiled_output'})
Info: Sliced and clipped '/storage/project/r-rbasu31-0/hyu483/Test_UMEP/UROCK/input/building_26986.shp' to '/storage/project/r-rbasu31-0/hyu483/Test_UMEP/UROCK_output_35_spawn/temp_intermediate_files/tile_5_sliced_inputs/buildings_tile_5.shp'. Copied 187 features.
Info: Sliced and clipped '/storage/project/r-rbasu31-0/hyu483/Test_UMEP/UROCK/input/veg_26986.shp' to '/storage/project/r-rbasu31-0/hyu483/Test_UMEP/UROCK_output_35_spawn/temp_intermediate_files/tile_5_sliced_inputs/veg_tile_5.shp'. Copied 84 features.
Info: Sliced '/storage/project/r-rbasu31-0/hyu483/Test_UMEP/UROCK/input/../DSM_26986_2.tif' to '/storage/project/r-rbasu31-0/hyu483/Test_UMEP/UROCK_output_35_spawn/temp_intermediate_files/tile_5_sliced_inputs/template_tile_5.tif' (Extent: (233582.59099838723, 902532.4833440109, 233982.59099838723, 902792.4786978494)).
Tile 5: Running URock...
Process 3995997: Running URock for tile output 'wind_field_raw_tile_5'...
(12, (233982.59099838723, 901732.4833440109, 234182.59099838723, 901932.4833440109), (233782.59099838723, 901732.4833440109, 234382.59099838723, 902132.4833440109), {'buildings': '/storage/project/r-rbasu31-0/hyu483/Test_UMEP/UROCK/input/building_26986.shp', 'veg': '/storage/project/r-rbasu31-0/hyu483/Test_UMEP/UROCK/input/veg_26986.shp', 'template_rast': '/storage/project/r-rbasu31-0/hyu483/Test_UMEP/UROCK/input/../DSM_26986_2.tif', 'base_output_dir': '/storage/project/r-rbasu31-0/hyu483/Test_UMEP/UROCK_output_35_spawn/urock_tiled_output'})
Info: Sliced and clipped '/storage/project/r-rbasu31-0/hyu483/Test_UMEP/UROCK/input/building_26986.shp' to '/storage/project/r-rbasu31-0/hyu483/Test_UMEP/UROCK_output_35_spawn/temp_intermediate_files/tile_12_sliced_inputs/buildings_tile_12.shp'. Copied 147 features.
Info: Sliced and clipped '/storage/project/r-rbasu31-0/hyu483/Test_UMEP/UROCK/input/veg_26986.shp' to '/storage/project/r-rbasu31-0/hyu483/Test_UMEP/UROCK_output_35_spawn/temp_intermediate_files/tile_12_sliced_inputs/veg_tile_12.shp'. Copied 129 features.
Info: Sliced '/storage/project/r-rbasu31-0/hyu483/Test_UMEP/UROCK/input/../DSM_26986_2.tif' to '/storage/project/r-rbasu31-0/hyu483/Test_UMEP/UROCK_output_35_spawn/temp_intermediate_files/tile_12_sliced_inputs/template_tile_12.tif' (Extent: (233782.59099838723, 901732.4833440109, 234382.59099838723, 902132.4833440109)).
Tile 12: Running URock...
Process 3995975: Running URock for tile output 'wind_field_raw_tile_12'...
(4, (233582.59099838723, 902532.4833440109, 233782.59099838723, 902732.4833440109), (233582.59099838723, 902332.4833440109, 233982.59099838723, 902792.4786978494), {'buildings': '/storage/project/r-rbasu31-0/hyu483/Test_UMEP/UROCK/input/building_26986.shp', 'veg': '/storage/project/r-rbasu31-0/hyu483/Test_UMEP/UROCK/input/veg_26986.shp', 'template_rast': '/storage/project/r-rbasu31-0/hyu483/Test_UMEP/UROCK/input/../DSM_26986_2.tif', 'base_output_dir': '/storage/project/r-rbasu31-0/hyu483/Test_UMEP/UROCK_output_35_spawn/urock_tiled_output'})
Info: Sliced and clipped '/storage/project/r-rbasu31-0/hyu483/Test_UMEP/UROCK/input/building_26986.shp' to '/storage/project/r-rbasu31-0/hyu483/Test_UMEP/UROCK_output_35_spawn/temp_intermediate_files/tile_4_sliced_inputs/buildings_tile_4.shp'. Copied 255 features.
Info: Sliced and clipped '/storage/project/r-rbasu31-0/hyu483/Test_UMEP/UROCK/input/veg_26986.shp' to '/storage/project/r-rbasu31-0/hyu483/Test_UMEP/UROCK_output_35_spawn/temp_intermediate_files/tile_4_sliced_inputs/veg_tile_4.shp'. Copied 140 features.
Info: Sliced '/storage/project/r-rbasu31-0/hyu483/Test_UMEP/UROCK/input/../DSM_26986_2.tif' to '/storage/project/r-rbasu31-0/hyu483/Test_UMEP/UROCK_output_35_spawn/temp_intermediate_files/tile_4_sliced_inputs/template_tile_4.tif' (Extent: (233582.59099838723, 902332.4833440109, 233982.59099838723, 902792.4786978494)).
Tile 4: Running URock...
Process 3995971: Running URock for tile output 'wind_field_raw_tile_4'...
(23, (234182.59099838723, 902732.4833440109, 234382.59099838723, 902792.4786978494), (233982.59099838723, 902532.4833440109, 234582.59099838723, 902792.4786978494), {'buildings': '/storage/project/r-rbasu31-0/hyu483/Test_UMEP/UROCK/input/building_26986.shp', 'veg': '/storage/project/r-rbasu31-0/hyu483/Test_UMEP/UROCK/input/veg_26986.shp', 'template_rast': '/storage/project/r-rbasu31-0/hyu483/Test_UMEP/UROCK/input/../DSM_26986_2.tif', 'base_output_dir': '/storage/project/r-rbasu31-0/hyu483/Test_UMEP/UROCK_output_35_spawn/urock_tiled_output'})
Info: Sliced and clipped '/storage/project/r-rbasu31-0/hyu483/Test_UMEP/UROCK/input/building_26986.shp' to '/storage/project/r-rbasu31-0/hyu483/Test_UMEP/UROCK_output_35_spawn/temp_intermediate_files/tile_23_sliced_inputs/buildings_tile_23.shp'. Copied 61 features.
Info: Sliced and clipped '/storage/project/r-rbasu31-0/hyu483/Test_UMEP/UROCK/input/veg_26986.shp' to '/storage/project/r-rbasu31-0/hyu483/Test_UMEP/UROCK_output_35_spawn/temp_intermediate_files/tile_23_sliced_inputs/veg_tile_23.shp'. Copied 65 features.
Info: Sliced '/storage/project/r-rbasu31-0/hyu483/Test_UMEP/UROCK/input/../DSM_26986_2.tif' to '/storage/project/r-rbasu31-0/hyu483/Test_UMEP/UROCK_output_35_spawn/temp_intermediate_files/tile_23_sliced_inputs/template_tile_23.tif' (Extent: (233982.59099838723, 902532.4833440109, 234582.59099838723, 902792.4786978494)).
Tile 23: Running URock...
Process 3995979: Running URock for tile output 'wind_field_raw_tile_23'...
(7, (233782.59099838723, 901932.4833440109, 233982.59099838723, 902132.4833440109), (233582.59099838723, 901732.4833440109, 234182.59099838723, 902332.4833440109), {'buildings': '/storage/project/r-rbasu31-0/hyu483/Test_UMEP/UROCK/input/building_26986.shp', 'veg': '/storage/project/r-rbasu31-0/hyu483/Test_UMEP/UROCK/input/veg_26986.shp', 'template_rast': '/storage/project/r-rbasu31-0/hyu483/Test_UMEP/UROCK/input/../DSM_26986_2.tif', 'base_output_dir': '/storage/project/r-rbasu31-0/hyu483/Test_UMEP/UROCK_output_35_spawn/urock_tiled_output'})
Info: Sliced and clipped '/storage/project/r-rbasu31-0/hyu483/Test_UMEP/UROCK/input/building_26986.shp' to '/storage/project/r-rbasu31-0/hyu483/Test_UMEP/UROCK_output_35_spawn/temp_intermediate_files/tile_7_sliced_inputs/buildings_tile_7.shp'. Copied 285 features.
Info: Sliced and clipped '/storage/project/r-rbasu31-0/hyu483/Test_UMEP/UROCK/input/veg_26986.shp' to '/storage/project/r-rbasu31-0/hyu483/Test_UMEP/UROCK_output_35_spawn/temp_intermediate_files/tile_7_sliced_inputs/veg_tile_7.shp'. Copied 241 features.
Info: Sliced '/storage/project/r-rbasu31-0/hyu483/Test_UMEP/UROCK/input/../DSM_26986_2.tif' to '/storage/project/r-rbasu31-0/hyu483/Test_UMEP/UROCK_output_35_spawn/temp_intermediate_files/tile_7_sliced_inputs/template_tile_7.tif' (Extent: (233582.59099838723, 901732.4833440109, 234182.59099838723, 902332.4833440109)).
Tile 7: Running URock...
Process 3995976: Running URock for tile output 'wind_field_raw_tile_7'...
(6, (233782.59099838723, 901732.4833440109, 233982.59099838723, 901932.4833440109), (233582.59099838723, 901732.4833440109, 234182.59099838723, 902132.4833440109), {'buildings': '/storage/project/r-rbasu31-0/hyu483/Test_UMEP/UROCK/input/building_26986.shp', 'veg': '/storage/project/r-rbasu31-0/hyu483/Test_UMEP/UROCK/input/veg_26986.shp', 'template_rast': '/storage/project/r-rbasu31-0/hyu483/Test_UMEP/UROCK/input/../DSM_26986_2.tif', 'base_output_dir': '/storage/project/r-rbasu31-0/hyu483/Test_UMEP/UROCK_output_35_spawn/urock_tiled_output'})
Info: Sliced and clipped '/storage/project/r-rbasu31-0/hyu483/Test_UMEP/UROCK/input/building_26986.shp' to '/storage/project/r-rbasu31-0/hyu483/Test_UMEP/UROCK_output_35_spawn/temp_intermediate_files/tile_6_sliced_inputs/buildings_tile_6.shp'. Copied 130 features.
Info: Sliced and clipped '/storage/project/r-rbasu31-0/hyu483/Test_UMEP/UROCK/input/veg_26986.shp' to '/storage/project/r-rbasu31-0/hyu483/Test_UMEP/UROCK_output_35_spawn/temp_intermediate_files/tile_6_sliced_inputs/veg_tile_6.shp'. Copied 131 features.
Info: Sliced '/storage/project/r-rbasu31-0/hyu483/Test_UMEP/UROCK/input/../DSM_26986_2.tif' to '/storage/project/r-rbasu31-0/hyu483/Test_UMEP/UROCK_output_35_spawn/temp_intermediate_files/tile_6_sliced_inputs/template_tile_6.tif' (Extent: (233582.59099838723, 901732.4833440109, 234182.59099838723, 902132.4833440109)).
Tile 6: Running URock...
Process 3995989: Running URock for tile output 'wind_field_raw_tile_6'...
(10, (233782.59099838723, 902532.4833440109, 233982.59099838723, 902732.4833440109), (233582.59099838723, 902332.4833440109, 234182.59099838723, 902792.4786978494), {'buildings': '/storage/project/r-rbasu31-0/hyu483/Test_UMEP/UROCK/input/building_26986.shp', 'veg': '/storage/project/r-rbasu31-0/hyu483/Test_UMEP/UROCK/input/veg_26986.shp', 'template_rast': '/storage/project/r-rbasu31-0/hyu483/Test_UMEP/UROCK/input/../DSM_26986_2.tif', 'base_output_dir': '/storage/project/r-rbasu31-0/hyu483/Test_UMEP/UROCK_output_35_spawn/urock_tiled_output'})
Info: Sliced and clipped '/storage/project/r-rbasu31-0/hyu483/Test_UMEP/UROCK/input/building_26986.shp' to '/storage/project/r-rbasu31-0/hyu483/Test_UMEP/UROCK_output_35_spawn/temp_intermediate_files/tile_10_sliced_inputs/buildings_tile_10.shp'. Copied 351 features.
Info: Sliced and clipped '/storage/project/r-rbasu31-0/hyu483/Test_UMEP/UROCK/input/veg_26986.shp' to '/storage/project/r-rbasu31-0/hyu483/Test_UMEP/UROCK_output_35_spawn/temp_intermediate_files/tile_10_sliced_inputs/veg_tile_10.shp'. Copied 187 features.
Info: Sliced '/storage/project/r-rbasu31-0/hyu483/Test_UMEP/UROCK/input/../DSM_26986_2.tif' to '/storage/project/r-rbasu31-0/hyu483/Test_UMEP/UROCK_output_35_spawn/temp_intermediate_files/tile_10_sliced_inputs/template_tile_10.tif' (Extent: (233582.59099838723, 902332.4833440109, 234182.59099838723, 902792.4786978494)).
Tile 10: Running URock...
Process 3995996: Running URock for tile output 'wind_field_raw_tile_10'...
(11, (233782.59099838723, 902732.4833440109, 233982.59099838723, 902792.4786978494), (233582.59099838723, 902532.4833440109, 234182.59099838723, 902792.4786978494), {'buildings': '/storage/project/r-rbasu31-0/hyu483/Test_UMEP/UROCK/input/building_26986.shp', 'veg': '/storage/project/r-rbasu31-0/hyu483/Test_UMEP/UROCK/input/veg_26986.shp', 'template_rast': '/storage/project/r-rbasu31-0/hyu483/Test_UMEP/UROCK/input/../DSM_26986_2.tif', 'base_output_dir': '/storage/project/r-rbasu31-0/hyu483/Test_UMEP/UROCK_output_35_spawn/urock_tiled_output'})
Info: Sliced and clipped '/storage/project/r-rbasu31-0/hyu483/Test_UMEP/UROCK/input/building_26986.shp' to '/storage/project/r-rbasu31-0/hyu483/Test_UMEP/UROCK_output_35_spawn/temp_intermediate_files/tile_11_sliced_inputs/buildings_tile_11.shp'. Copied 193 features.
Info: Sliced and clipped '/storage/project/r-rbasu31-0/hyu483/Test_UMEP/UROCK/input/veg_26986.shp' to '/storage/project/r-rbasu31-0/hyu483/Test_UMEP/UROCK_output_35_spawn/temp_intermediate_files/tile_11_sliced_inputs/veg_tile_11.shp'. Copied 93 features.
Info: Sliced '/storage/project/r-rbasu31-0/hyu483/Test_UMEP/UROCK/input/../DSM_26986_2.tif' to '/storage/project/r-rbasu31-0/hyu483/Test_UMEP/UROCK_output_35_spawn/temp_intermediate_files/tile_11_sliced_inputs/template_tile_11.tif' (Extent: (233582.59099838723, 902532.4833440109, 234182.59099838723, 902792.4786978494)).
Tile 11: Running URock...
Process 3995980: Running URock for tile output 'wind_field_raw_tile_11'...
(2, (233582.59099838723, 902132.4833440109, 233782.59099838723, 902332.4833440109), (233582.59099838723, 901932.4833440109, 233982.59099838723, 902532.4833440109), {'buildings': '/storage/project/r-rbasu31-0/hyu483/Test_UMEP/UROCK/input/building_26986.shp', 'veg': '/storage/project/r-rbasu31-0/hyu483/Test_UMEP/UROCK/input/veg_26986.shp', 'template_rast': '/storage/project/r-rbasu31-0/hyu483/Test_UMEP/UROCK/input/../DSM_26986_2.tif', 'base_output_dir': '/storage/project/r-rbasu31-0/hyu483/Test_UMEP/UROCK_output_35_spawn/urock_tiled_output'})
Info: Sliced and clipped '/storage/project/r-rbasu31-0/hyu483/Test_UMEP/UROCK/input/building_26986.shp' to '/storage/project/r-rbasu31-0/hyu483/Test_UMEP/UROCK_output_35_spawn/temp_intermediate_files/tile_2_sliced_inputs/buildings_tile_2.shp'. Copied 241 features.
Info: Sliced and clipped '/storage/project/r-rbasu31-0/hyu483/Test_UMEP/UROCK/input/veg_26986.shp' to '/storage/project/r-rbasu31-0/hyu483/Test_UMEP/UROCK_output_35_spawn/temp_intermediate_files/tile_2_sliced_inputs/veg_tile_2.shp'. Copied 157 features.
Info: Sliced '/storage/project/r-rbasu31-0/hyu483/Test_UMEP/UROCK/input/../DSM_26986_2.tif' to '/storage/project/r-rbasu31-0/hyu483/Test_UMEP/UROCK_output_35_spawn/temp_intermediate_files/tile_2_sliced_inputs/template_tile_2.tif' (Extent: (233582.59099838723, 901932.4833440109, 233982.59099838723, 902532.4833440109)).
Tile 2: Running URock...
Process 3995987: Running URock for tile output 'wind_field_raw_tile_2'...
(22, (234182.59099838723, 902532.4833440109, 234382.59099838723, 902732.4833440109), (233982.59099838723, 902332.4833440109, 234582.59099838723, 902792.4786978494), {'buildings': '/storage/project/r-rbasu31-0/hyu483/Test_UMEP/UROCK/input/building_26986.shp', 'veg': '/storage/project/r-rbasu31-0/hyu483/Test_UMEP/UROCK/input/veg_26986.shp', 'template_rast': '/storage/project/r-rbasu31-0/hyu483/Test_UMEP/UROCK/input/../DSM_26986_2.tif', 'base_output_dir': '/storage/project/r-rbasu31-0/hyu483/Test_UMEP/UROCK_output_35_spawn/urock_tiled_output'})
Info: Sliced and clipped '/storage/project/r-rbasu31-0/hyu483/Test_UMEP/UROCK/input/building_26986.shp' to '/storage/project/r-rbasu31-0/hyu483/Test_UMEP/UROCK_output_35_spawn/temp_intermediate_files/tile_22_sliced_inputs/buildings_tile_22.shp'. Copied 320 features.
Info: Sliced and clipped '/storage/project/r-rbasu31-0/hyu483/Test_UMEP/UROCK/input/veg_26986.shp' to '/storage/project/r-rbasu31-0/hyu483/Test_UMEP/UROCK_output_35_spawn/temp_intermediate_files/tile_22_sliced_inputs/veg_tile_22.shp'. Copied 179 features.
Info: Sliced '/storage/project/r-rbasu31-0/hyu483/Test_UMEP/UROCK/input/../DSM_26986_2.tif' to '/storage/project/r-rbasu31-0/hyu483/Test_UMEP/UROCK_output_35_spawn/temp_intermediate_files/tile_22_sliced_inputs/template_tile_22.tif' (Extent: (233982.59099838723, 902332.4833440109, 234582.59099838723, 902792.4786978494)).
Tile 22: Running URock...
Process 3995995: Running URock for tile output 'wind_field_raw_tile_22'...
(3, (233582.59099838723, 902332.4833440109, 233782.59099838723, 902532.4833440109), (233582.59099838723, 902132.4833440109, 233982.59099838723, 902732.4833440109), {'buildings': '/storage/project/r-rbasu31-0/hyu483/Test_UMEP/UROCK/input/building_26986.shp', 'veg': '/storage/project/r-rbasu31-0/hyu483/Test_UMEP/UROCK/input/veg_26986.shp', 'template_rast': '/storage/project/r-rbasu31-0/hyu483/Test_UMEP/UROCK/input/../DSM_26986_2.tif', 'base_output_dir': '/storage/project/r-rbasu31-0/hyu483/Test_UMEP/UROCK_output_35_spawn/urock_tiled_output'})
Info: Sliced and clipped '/storage/project/r-rbasu31-0/hyu483/Test_UMEP/UROCK/input/building_26986.shp' to '/storage/project/r-rbasu31-0/hyu483/Test_UMEP/UROCK_output_35_spawn/temp_intermediate_files/tile_3_sliced_inputs/buildings_tile_3.shp'. Copied 336 features.
Info: Sliced and clipped '/storage/project/r-rbasu31-0/hyu483/Test_UMEP/UROCK/input/veg_26986.shp' to '/storage/project/r-rbasu31-0/hyu483/Test_UMEP/UROCK_output_35_spawn/temp_intermediate_files/tile_3_sliced_inputs/veg_tile_3.shp'. Copied 197 features.
Info: Sliced '/storage/project/r-rbasu31-0/hyu483/Test_UMEP/UROCK/input/../DSM_26986_2.tif' to '/storage/project/r-rbasu31-0/hyu483/Test_UMEP/UROCK_output_35_spawn/temp_intermediate_files/tile_3_sliced_inputs/template_tile_3.tif' (Extent: (233582.59099838723, 902132.4833440109, 233982.59099838723, 902732.4833440109)).
Tile 3: Running URock...
Process 3995988: Running URock for tile output 'wind_field_raw_tile_3'...
(18, (234182.59099838723, 901732.4833440109, 234382.59099838723, 901932.4833440109), (233982.59099838723, 901732.4833440109, 234582.59099838723, 902132.4833440109), {'buildings': '/storage/project/r-rbasu31-0/hyu483/Test_UMEP/UROCK/input/building_26986.shp', 'veg': '/storage/project/r-rbasu31-0/hyu483/Test_UMEP/UROCK/input/veg_26986.shp', 'template_rast': '/storage/project/r-rbasu31-0/hyu483/Test_UMEP/UROCK/input/../DSM_26986_2.tif', 'base_output_dir': '/storage/project/r-rbasu31-0/hyu483/Test_UMEP/UROCK_output_35_spawn/urock_tiled_output'})
Info: Sliced and clipped '/storage/project/r-rbasu31-0/hyu483/Test_UMEP/UROCK/input/building_26986.shp' to '/storage/project/r-rbasu31-0/hyu483/Test_UMEP/UROCK_output_35_spawn/temp_intermediate_files/tile_18_sliced_inputs/buildings_tile_18.shp'. Copied 234 features.
Info: Sliced and clipped '/storage/project/r-rbasu31-0/hyu483/Test_UMEP/UROCK/input/veg_26986.shp' to '/storage/project/r-rbasu31-0/hyu483/Test_UMEP/UROCK_output_35_spawn/temp_intermediate_files/tile_18_sliced_inputs/veg_tile_18.shp'. Copied 162 features.
Info: Sliced '/storage/project/r-rbasu31-0/hyu483/Test_UMEP/UROCK/input/../DSM_26986_2.tif' to '/storage/project/r-rbasu31-0/hyu483/Test_UMEP/UROCK_output_35_spawn/temp_intermediate_files/tile_18_sliced_inputs/template_tile_18.tif' (Extent: (233982.59099838723, 901732.4833440109, 234582.59099838723, 902132.4833440109)).
Tile 18: Running URock...
Process 3995990: Running URock for tile output 'wind_field_raw_tile_18'...
(13, (233982.59099838723, 901932.4833440109, 234182.59099838723, 902132.4833440109), (233782.59099838723, 901732.4833440109, 234382.59099838723, 902332.4833440109), {'buildings': '/storage/project/r-rbasu31-0/hyu483/Test_UMEP/UROCK/input/building_26986.shp', 'veg': '/storage/project/r-rbasu31-0/hyu483/Test_UMEP/UROCK/input/veg_26986.shp', 'template_rast': '/storage/project/r-rbasu31-0/hyu483/Test_UMEP/UROCK/input/../DSM_26986_2.tif', 'base_output_dir': '/storage/project/r-rbasu31-0/hyu483/Test_UMEP/UROCK_output_35_spawn/urock_tiled_output'})
Info: Sliced and clipped '/storage/project/r-rbasu31-0/hyu483/Test_UMEP/UROCK/input/building_26986.shp' to '/storage/project/r-rbasu31-0/hyu483/Test_UMEP/UROCK_output_35_spawn/temp_intermediate_files/tile_13_sliced_inputs/buildings_tile_13.shp'. Copied 367 features.
Info: Sliced and clipped '/storage/project/r-rbasu31-0/hyu483/Test_UMEP/UROCK/input/veg_26986.shp' to '/storage/project/r-rbasu31-0/hyu483/Test_UMEP/UROCK_output_35_spawn/temp_intermediate_files/tile_13_sliced_inputs/veg_tile_13.shp'. Copied 268 features.
Info: Sliced '/storage/project/r-rbasu31-0/hyu483/Test_UMEP/UROCK/input/../DSM_26986_2.tif' to '/storage/project/r-rbasu31-0/hyu483/Test_UMEP/UROCK_output_35_spawn/temp_intermediate_files/tile_13_sliced_inputs/template_tile_13.tif' (Extent: (233782.59099838723, 901732.4833440109, 234382.59099838723, 902332.4833440109)).
Tile 13: Running URock...
Process 3995972: Running URock for tile output 'wind_field_raw_tile_13'...
(9, (233782.59099838723, 902332.4833440109, 233982.59099838723, 902532.4833440109), (233582.59099838723, 902132.4833440109, 234182.59099838723, 902732.4833440109), {'buildings': '/storage/project/r-rbasu31-0/hyu483/Test_UMEP/UROCK/input/building_26986.shp', 'veg': '/storage/project/r-rbasu31-0/hyu483/Test_UMEP/UROCK/input/veg_26986.shp', 'template_rast': '/storage/project/r-rbasu31-0/hyu483/Test_UMEP/UROCK/input/../DSM_26986_2.tif', 'base_output_dir': '/storage/project/r-rbasu31-0/hyu483/Test_UMEP/UROCK_output_35_spawn/urock_tiled_output'})
Info: Sliced and clipped '/storage/project/r-rbasu31-0/hyu483/Test_UMEP/UROCK/input/building_26986.shp' to '/storage/project/r-rbasu31-0/hyu483/Test_UMEP/UROCK_output_35_spawn/temp_intermediate_files/tile_9_sliced_inputs/buildings_tile_9.shp'. Copied 493 features.
Info: Sliced and clipped '/storage/project/r-rbasu31-0/hyu483/Test_UMEP/UROCK/input/veg_26986.shp' to '/storage/project/r-rbasu31-0/hyu483/Test_UMEP/UROCK_output_35_spawn/temp_intermediate_files/tile_9_sliced_inputs/veg_tile_9.shp'. Copied 293 features.
Info: Sliced '/storage/project/r-rbasu31-0/hyu483/Test_UMEP/UROCK/input/../DSM_26986_2.tif' to '/storage/project/r-rbasu31-0/hyu483/Test_UMEP/UROCK_output_35_spawn/temp_intermediate_files/tile_9_sliced_inputs/template_tile_9.tif' (Extent: (233582.59099838723, 902132.4833440109, 234182.59099838723, 902732.4833440109)).
Tile 9: Running URock...
Process 3995982: Running URock for tile output 'wind_field_raw_tile_9'...
(15, (233982.59099838723, 902332.4833440109, 234182.59099838723, 902532.4833440109), (233782.59099838723, 902132.4833440109, 234382.59099838723, 902732.4833440109), {'buildings': '/storage/project/r-rbasu31-0/hyu483/Test_UMEP/UROCK/input/building_26986.shp', 'veg': '/storage/project/r-rbasu31-0/hyu483/Test_UMEP/UROCK/input/veg_26986.shp', 'template_rast': '/storage/project/r-rbasu31-0/hyu483/Test_UMEP/UROCK/input/../DSM_26986_2.tif', 'base_output_dir': '/storage/project/r-rbasu31-0/hyu483/Test_UMEP/UROCK_output_35_spawn/urock_tiled_output'})
Info: Sliced and clipped '/storage/project/r-rbasu31-0/hyu483/Test_UMEP/UROCK/input/building_26986.shp' to '/storage/project/r-rbasu31-0/hyu483/Test_UMEP/UROCK_output_35_spawn/temp_intermediate_files/tile_15_sliced_inputs/buildings_tile_15.shp'. Copied 565 features.
Info: Sliced and clipped '/storage/project/r-rbasu31-0/hyu483/Test_UMEP/UROCK/input/veg_26986.shp' to '/storage/project/r-rbasu31-0/hyu483/Test_UMEP/UROCK_output_35_spawn/temp_intermediate_files/tile_15_sliced_inputs/veg_tile_15.shp'. Copied 320 features.
Info: Sliced '/storage/project/r-rbasu31-0/hyu483/Test_UMEP/UROCK/input/../DSM_26986_2.tif' to '/storage/project/r-rbasu31-0/hyu483/Test_UMEP/UROCK_output_35_spawn/temp_intermediate_files/tile_15_sliced_inputs/template_tile_15.tif' (Extent: (233782.59099838723, 902132.4833440109, 234382.59099838723, 902732.4833440109)).
Tile 15: Running URock...
Process 3995978: Running URock for tile output 'wind_field_raw_tile_15'...
(17, (233982.59099838723, 902732.4833440109, 234182.59099838723, 902792.4786978494), (233782.59099838723, 902532.4833440109, 234382.59099838723, 902792.4786978494), {'buildings': '/storage/project/r-rbasu31-0/hyu483/Test_UMEP/UROCK/input/building_26986.shp', 'veg': '/storage/project/r-rbasu31-0/hyu483/Test_UMEP/UROCK/input/veg_26986.shp', 'template_rast': '/storage/project/r-rbasu31-0/hyu483/Test_UMEP/UROCK/input/../DSM_26986_2.tif', 'base_output_dir': '/storage/project/r-rbasu31-0/hyu483/Test_UMEP/UROCK_output_35_spawn/urock_tiled_output'})
Info: Sliced and clipped '/storage/project/r-rbasu31-0/hyu483/Test_UMEP/UROCK/input/building_26986.shp' to '/storage/project/r-rbasu31-0/hyu483/Test_UMEP/UROCK_output_35_spawn/temp_intermediate_files/tile_17_sliced_inputs/buildings_tile_17.shp'. Copied 122 features.
Info: Sliced and clipped '/storage/project/r-rbasu31-0/hyu483/Test_UMEP/UROCK/input/veg_26986.shp' to '/storage/project/r-rbasu31-0/hyu483/Test_UMEP/UROCK_output_35_spawn/temp_intermediate_files/tile_17_sliced_inputs/veg_tile_17.shp'. Copied 65 features.
Info: Sliced '/storage/project/r-rbasu31-0/hyu483/Test_UMEP/UROCK/input/../DSM_26986_2.tif' to '/storage/project/r-rbasu31-0/hyu483/Test_UMEP/UROCK_output_35_spawn/temp_intermediate_files/tile_17_sliced_inputs/template_tile_17.tif' (Extent: (233782.59099838723, 902532.4833440109, 234382.59099838723, 902792.4786978494)).
Tile 17: Running URock...
Process 3995968: Running URock for tile output 'wind_field_raw_tile_17'...
(27, (234382.59099838723, 902332.4833440109, 234582.59099838723, 902532.4833440109), (234182.59099838723, 902132.4833440109, 234642.58635222574, 902732.4833440109), {'buildings': '/storage/project/r-rbasu31-0/hyu483/Test_UMEP/UROCK/input/building_26986.shp', 'veg': '/storage/project/r-rbasu31-0/hyu483/Test_UMEP/UROCK/input/veg_26986.shp', 'template_rast': '/storage/project/r-rbasu31-0/hyu483/Test_UMEP/UROCK/input/../DSM_26986_2.tif', 'base_output_dir': '/storage/project/r-rbasu31-0/hyu483/Test_UMEP/UROCK_output_35_spawn/urock_tiled_output'})
Info: Sliced and clipped '/storage/project/r-rbasu31-0/hyu483/Test_UMEP/UROCK/input/building_26986.shp' to '/storage/project/r-rbasu31-0/hyu483/Test_UMEP/UROCK_output_35_spawn/temp_intermediate_files/tile_27_sliced_inputs/buildings_tile_27.shp'. Copied 443 features.
Info: Sliced and clipped '/storage/project/r-rbasu31-0/hyu483/Test_UMEP/UROCK/input/veg_26986.shp' to '/storage/project/r-rbasu31-0/hyu483/Test_UMEP/UROCK_output_35_spawn/temp_intermediate_files/tile_27_sliced_inputs/veg_tile_27.shp'. Copied 245 features.
Info: Sliced '/storage/project/r-rbasu31-0/hyu483/Test_UMEP/UROCK/input/../DSM_26986_2.tif' to '/storage/project/r-rbasu31-0/hyu483/Test_UMEP/UROCK_output_35_spawn/temp_intermediate_files/tile_27_sliced_inputs/template_tile_27.tif' (Extent: (234182.59099838723, 902132.4833440109, 234642.58635222574, 902732.4833440109)).
Tile 27: Running URock...
Process 3995970: Running URock for tile output 'wind_field_raw_tile_27'...
(8, (233782.59099838723, 902132.4833440109, 233982.59099838723, 902332.4833440109), (233582.59099838723, 901932.4833440109, 234182.59099838723, 902532.4833440109), {'buildings': '/storage/project/r-rbasu31-0/hyu483/Test_UMEP/UROCK/input/building_26986.shp', 'veg': '/storage/project/r-rbasu31-0/hyu483/Test_UMEP/UROCK/input/veg_26986.shp', 'template_rast': '/storage/project/r-rbasu31-0/hyu483/Test_UMEP/UROCK/input/../DSM_26986_2.tif', 'base_output_dir': '/storage/project/r-rbasu31-0/hyu483/Test_UMEP/UROCK_output_35_spawn/urock_tiled_output'})
Info: Sliced and clipped '/storage/project/r-rbasu31-0/hyu483/Test_UMEP/UROCK/input/building_26986.shp' to '/storage/project/r-rbasu31-0/hyu483/Test_UMEP/UROCK_output_35_spawn/temp_intermediate_files/tile_8_sliced_inputs/buildings_tile_8.shp'. Copied 421 features.
Info: Sliced and clipped '/storage/project/r-rbasu31-0/hyu483/Test_UMEP/UROCK/input/veg_26986.shp' to '/storage/project/r-rbasu31-0/hyu483/Test_UMEP/UROCK_output_35_spawn/temp_intermediate_files/tile_8_sliced_inputs/veg_tile_8.shp'. Copied 265 features.
Info: Sliced '/storage/project/r-rbasu31-0/hyu483/Test_UMEP/UROCK/input/../DSM_26986_2.tif' to '/storage/project/r-rbasu31-0/hyu483/Test_UMEP/UROCK_output_35_spawn/temp_intermediate_files/tile_8_sliced_inputs/template_tile_8.tif' (Extent: (233582.59099838723, 901932.4833440109, 234182.59099838723, 902532.4833440109)).
Tile 8: Running URock...
Process 3995991: Running URock for tile output 'wind_field_raw_tile_8'...
(16, (233982.59099838723, 902532.4833440109, 234182.59099838723, 902732.4833440109), (233782.59099838723, 902332.4833440109, 234382.59099838723, 902792.4786978494), {'buildings': '/storage/project/r-rbasu31-0/hyu483/Test_UMEP/UROCK/input/building_26986.shp', 'veg': '/storage/project/r-rbasu31-0/hyu483/Test_UMEP/UROCK/input/veg_26986.shp', 'template_rast': '/storage/project/r-rbasu31-0/hyu483/Test_UMEP/UROCK/input/../DSM_26986_2.tif', 'base_output_dir': '/storage/project/r-rbasu31-0/hyu483/Test_UMEP/UROCK_output_35_spawn/urock_tiled_output'})
Info: Sliced and clipped '/storage/project/r-rbasu31-0/hyu483/Test_UMEP/UROCK/input/building_26986.shp' to '/storage/project/r-rbasu31-0/hyu483/Test_UMEP/UROCK_output_35_spawn/temp_intermediate_files/tile_16_sliced_inputs/buildings_tile_16.shp'. Copied 359 features.
Info: Sliced and clipped '/storage/project/r-rbasu31-0/hyu483/Test_UMEP/UROCK/input/veg_26986.shp' to '/storage/project/r-rbasu31-0/hyu483/Test_UMEP/UROCK_output_35_spawn/temp_intermediate_files/tile_16_sliced_inputs/veg_tile_16.shp'. Copied 189 features.
Info: Sliced '/storage/project/r-rbasu31-0/hyu483/Test_UMEP/UROCK/input/../DSM_26986_2.tif' to '/storage/project/r-rbasu31-0/hyu483/Test_UMEP/UROCK_output_35_spawn/temp_intermediate_files/tile_16_sliced_inputs/template_tile_16.tif' (Extent: (233782.59099838723, 902332.4833440109, 234382.59099838723, 902792.4786978494)).
Tile 16: Running URock...
Process 3995986: Running URock for tile output 'wind_field_raw_tile_16'...
(24, (234382.59099838723, 901732.4833440109, 234582.59099838723, 901932.4833440109), (234182.59099838723, 901732.4833440109, 234642.58635222574, 902132.4833440109), {'buildings': '/storage/project/r-rbasu31-0/hyu483/Test_UMEP/UROCK/input/building_26986.shp', 'veg': '/storage/project/r-rbasu31-0/hyu483/Test_UMEP/UROCK/input/veg_26986.shp', 'template_rast': '/storage/project/r-rbasu31-0/hyu483/Test_UMEP/UROCK/input/../DSM_26986_2.tif', 'base_output_dir': '/storage/project/r-rbasu31-0/hyu483/Test_UMEP/UROCK_output_35_spawn/urock_tiled_output'})
Info: Sliced and clipped '/storage/project/r-rbasu31-0/hyu483/Test_UMEP/UROCK/input/building_26986.shp' to '/storage/project/r-rbasu31-0/hyu483/Test_UMEP/UROCK_output_35_spawn/temp_intermediate_files/tile_24_sliced_inputs/buildings_tile_24.shp'. Copied 227 features.
Info: Sliced and clipped '/storage/project/r-rbasu31-0/hyu483/Test_UMEP/UROCK/input/veg_26986.shp' to '/storage/project/r-rbasu31-0/hyu483/Test_UMEP/UROCK_output_35_spawn/temp_intermediate_files/tile_24_sliced_inputs/veg_tile_24.shp'. Copied 140 features.
Info: Sliced '/storage/project/r-rbasu31-0/hyu483/Test_UMEP/UROCK/input/../DSM_26986_2.tif' to '/storage/project/r-rbasu31-0/hyu483/Test_UMEP/UROCK_output_35_spawn/temp_intermediate_files/tile_24_sliced_inputs/template_tile_24.tif' (Extent: (234182.59099838723, 901732.4833440109, 234642.58635222574, 902132.4833440109)).
Tile 24: Running URock...
Process 3995969: Running URock for tile output 'wind_field_raw_tile_24'...
(21, (234182.59099838723, 902332.4833440109, 234382.59099838723, 902532.4833440109), (233982.59099838723, 902132.4833440109, 234582.59099838723, 902732.4833440109), {'buildings': '/storage/project/r-rbasu31-0/hyu483/Test_UMEP/UROCK/input/building_26986.shp', 'veg': '/storage/project/r-rbasu31-0/hyu483/Test_UMEP/UROCK/input/veg_26986.shp', 'template_rast': '/storage/project/r-rbasu31-0/hyu483/Test_UMEP/UROCK/input/../DSM_26986_2.tif', 'base_output_dir': '/storage/project/r-rbasu31-0/hyu483/Test_UMEP/UROCK_output_35_spawn/urock_tiled_output'})
Info: Sliced and clipped '/storage/project/r-rbasu31-0/hyu483/Test_UMEP/UROCK/input/building_26986.shp' to '/storage/project/r-rbasu31-0/hyu483/Test_UMEP/UROCK_output_35_spawn/temp_intermediate_files/tile_21_sliced_inputs/buildings_tile_21.shp'. Copied 580 features.
Info: Sliced and clipped '/storage/project/r-rbasu31-0/hyu483/Test_UMEP/UROCK/input/veg_26986.shp' to '/storage/project/r-rbasu31-0/hyu483/Test_UMEP/UROCK_output_35_spawn/temp_intermediate_files/tile_21_sliced_inputs/veg_tile_21.shp'. Copied 325 features.
Info: Sliced '/storage/project/r-rbasu31-0/hyu483/Test_UMEP/UROCK/input/../DSM_26986_2.tif' to '/storage/project/r-rbasu31-0/hyu483/Test_UMEP/UROCK_output_35_spawn/temp_intermediate_files/tile_21_sliced_inputs/template_tile_21.tif' (Extent: (233982.59099838723, 902132.4833440109, 234582.59099838723, 902732.4833440109)).
Tile 21: Running URock...
Process 3995985: Running URock for tile output 'wind_field_raw_tile_21'...
(28, (234382.59099838723, 902532.4833440109, 234582.59099838723, 902732.4833440109), (234182.59099838723, 902332.4833440109, 234642.58635222574, 902792.4786978494), {'buildings': '/storage/project/r-rbasu31-0/hyu483/Test_UMEP/UROCK/input/building_26986.shp', 'veg': '/storage/project/r-rbasu31-0/hyu483/Test_UMEP/UROCK/input/veg_26986.shp', 'template_rast': '/storage/project/r-rbasu31-0/hyu483/Test_UMEP/UROCK/input/../DSM_26986_2.tif', 'base_output_dir': '/storage/project/r-rbasu31-0/hyu483/Test_UMEP/UROCK_output_35_spawn/urock_tiled_output'})
Info: Sliced and clipped '/storage/project/r-rbasu31-0/hyu483/Test_UMEP/UROCK/input/building_26986.shp' to '/storage/project/r-rbasu31-0/hyu483/Test_UMEP/UROCK_output_35_spawn/temp_intermediate_files/tile_28_sliced_inputs/buildings_tile_28.shp'. Copied 236 features.
Info: Sliced and clipped '/storage/project/r-rbasu31-0/hyu483/Test_UMEP/UROCK/input/veg_26986.shp' to '/storage/project/r-rbasu31-0/hyu483/Test_UMEP/UROCK_output_35_spawn/temp_intermediate_files/tile_28_sliced_inputs/veg_tile_28.shp'. Copied 142 features.
Info: Sliced '/storage/project/r-rbasu31-0/hyu483/Test_UMEP/UROCK/input/../DSM_26986_2.tif' to '/storage/project/r-rbasu31-0/hyu483/Test_UMEP/UROCK_output_35_spawn/temp_intermediate_files/tile_28_sliced_inputs/template_tile_28.tif' (Extent: (234182.59099838723, 902332.4833440109, 234642.58635222574, 902792.4786978494)).
Tile 28: Running URock...
Process 3995984: Running URock for tile output 'wind_field_raw_tile_28'...
(14, (233982.59099838723, 902132.4833440109, 234182.59099838723, 902332.4833440109), (233782.59099838723, 901932.4833440109, 234382.59099838723, 902532.4833440109), {'buildings': '/storage/project/r-rbasu31-0/hyu483/Test_UMEP/UROCK/input/building_26986.shp', 'veg': '/storage/project/r-rbasu31-0/hyu483/Test_UMEP/UROCK/input/veg_26986.shp', 'template_rast': '/storage/project/r-rbasu31-0/hyu483/Test_UMEP/UROCK/input/../DSM_26986_2.tif', 'base_output_dir': '/storage/project/r-rbasu31-0/hyu483/Test_UMEP/UROCK_output_35_spawn/urock_tiled_output'})
Info: Sliced and clipped '/storage/project/r-rbasu31-0/hyu483/Test_UMEP/UROCK/input/building_26986.shp' to '/storage/project/r-rbasu31-0/hyu483/Test_UMEP/UROCK_output_35_spawn/temp_intermediate_files/tile_14_sliced_inputs/buildings_tile_14.shp'. Copied 581 features.
Info: Sliced and clipped '/storage/project/r-rbasu31-0/hyu483/Test_UMEP/UROCK/input/veg_26986.shp' to '/storage/project/r-rbasu31-0/hyu483/Test_UMEP/UROCK_output_35_spawn/temp_intermediate_files/tile_14_sliced_inputs/veg_tile_14.shp'. Copied 328 features.
Info: Sliced '/storage/project/r-rbasu31-0/hyu483/Test_UMEP/UROCK/input/../DSM_26986_2.tif' to '/storage/project/r-rbasu31-0/hyu483/Test_UMEP/UROCK_output_35_spawn/temp_intermediate_files/tile_14_sliced_inputs/template_tile_14.tif' (Extent: (233782.59099838723, 901932.4833440109, 234382.59099838723, 902532.4833440109)).
Tile 14: Running URock...
Process 3995983: Running URock for tile output 'wind_field_raw_tile_14'...
(19, (234182.59099838723, 901932.4833440109, 234382.59099838723, 902132.4833440109), (233982.59099838723, 901732.4833440109, 234582.59099838723, 902332.4833440109), {'buildings': '/storage/project/r-rbasu31-0/hyu483/Test_UMEP/UROCK/input/building_26986.shp', 'veg': '/storage/project/r-rbasu31-0/hyu483/Test_UMEP/UROCK/input/veg_26986.shp', 'template_rast': '/storage/project/r-rbasu31-0/hyu483/Test_UMEP/UROCK/input/../DSM_26986_2.tif', 'base_output_dir': '/storage/project/r-rbasu31-0/hyu483/Test_UMEP/UROCK_output_35_spawn/urock_tiled_output'})
Info: Sliced and clipped '/storage/project/r-rbasu31-0/hyu483/Test_UMEP/UROCK/input/building_26986.shp' to '/storage/project/r-rbasu31-0/hyu483/Test_UMEP/UROCK_output_35_spawn/temp_intermediate_files/tile_19_sliced_inputs/buildings_tile_19.shp'. Copied 498 features.
Info: Sliced and clipped '/storage/project/r-rbasu31-0/hyu483/Test_UMEP/UROCK/input/veg_26986.shp' to '/storage/project/r-rbasu31-0/hyu483/Test_UMEP/UROCK_output_35_spawn/temp_intermediate_files/tile_19_sliced_inputs/veg_tile_19.shp'. Copied 324 features.
Info: Sliced '/storage/project/r-rbasu31-0/hyu483/Test_UMEP/UROCK/input/../DSM_26986_2.tif' to '/storage/project/r-rbasu31-0/hyu483/Test_UMEP/UROCK_output_35_spawn/temp_intermediate_files/tile_19_sliced_inputs/template_tile_19.tif' (Extent: (233982.59099838723, 901732.4833440109, 234582.59099838723, 902332.4833440109)).
Tile 19: Running URock...
Process 3995981: Running URock for tile output 'wind_field_raw_tile_19'...
(25, (234382.59099838723, 901932.4833440109, 234582.59099838723, 902132.4833440109), (234182.59099838723, 901732.4833440109, 234642.58635222574, 902332.4833440109), {'buildings': '/storage/project/r-rbasu31-0/hyu483/Test_UMEP/UROCK/input/building_26986.shp', 'veg': '/storage/project/r-rbasu31-0/hyu483/Test_UMEP/UROCK/input/veg_26986.shp', 'template_rast': '/storage/project/r-rbasu31-0/hyu483/Test_UMEP/UROCK/input/../DSM_26986_2.tif', 'base_output_dir': '/storage/project/r-rbasu31-0/hyu483/Test_UMEP/UROCK_output_35_spawn/urock_tiled_output'})
Info: Sliced and clipped '/storage/project/r-rbasu31-0/hyu483/Test_UMEP/UROCK/input/building_26986.shp' to '/storage/project/r-rbasu31-0/hyu483/Test_UMEP/UROCK_output_35_spawn/temp_intermediate_files/tile_25_sliced_inputs/buildings_tile_25.shp'. Copied 431 features.
Info: Sliced and clipped '/storage/project/r-rbasu31-0/hyu483/Test_UMEP/UROCK/input/veg_26986.shp' to '/storage/project/r-rbasu31-0/hyu483/Test_UMEP/UROCK_output_35_spawn/temp_intermediate_files/tile_25_sliced_inputs/veg_tile_25.shp'. Copied 257 features.
Info: Sliced '/storage/project/r-rbasu31-0/hyu483/Test_UMEP/UROCK/input/../DSM_26986_2.tif' to '/storage/project/r-rbasu31-0/hyu483/Test_UMEP/UROCK_output_35_spawn/temp_intermediate_files/tile_25_sliced_inputs/template_tile_25.tif' (Extent: (234182.59099838723, 901732.4833440109, 234642.58635222574, 902332.4833440109)).
Tile 25: Running URock...
Process 3995977: Running URock for tile output 'wind_field_raw_tile_25'...
(26, (234382.59099838723, 902132.4833440109, 234582.59099838723, 902332.4833440109), (234182.59099838723, 901932.4833440109, 234642.58635222574, 902532.4833440109), {'buildings': '/storage/project/r-rbasu31-0/hyu483/Test_UMEP/UROCK/input/building_26986.shp', 'veg': '/storage/project/r-rbasu31-0/hyu483/Test_UMEP/UROCK/input/veg_26986.shp', 'template_rast': '/storage/project/r-rbasu31-0/hyu483/Test_UMEP/UROCK/input/../DSM_26986_2.tif', 'base_output_dir': '/storage/project/r-rbasu31-0/hyu483/Test_UMEP/UROCK_output_35_spawn/urock_tiled_output'})
Info: Sliced and clipped '/storage/project/r-rbasu31-0/hyu483/Test_UMEP/UROCK/input/building_26986.shp' to '/storage/project/r-rbasu31-0/hyu483/Test_UMEP/UROCK_output_35_spawn/temp_intermediate_files/tile_26_sliced_inputs/buildings_tile_26.shp'. Copied 589 features.
Info: Sliced and clipped '/storage/project/r-rbasu31-0/hyu483/Test_UMEP/UROCK/input/veg_26986.shp' to '/storage/project/r-rbasu31-0/hyu483/Test_UMEP/UROCK_output_35_spawn/temp_intermediate_files/tile_26_sliced_inputs/veg_tile_26.shp'. Copied 298 features.
Info: Sliced '/storage/project/r-rbasu31-0/hyu483/Test_UMEP/UROCK/input/../DSM_26986_2.tif' to '/storage/project/r-rbasu31-0/hyu483/Test_UMEP/UROCK_output_35_spawn/temp_intermediate_files/tile_26_sliced_inputs/template_tile_26.tif' (Extent: (234182.59099838723, 901932.4833440109, 234642.58635222574, 902532.4833440109)).
Tile 26: Running URock...
Process 3995994: Running URock for tile output 'wind_field_raw_tile_26'...
(20, (234182.59099838723, 902132.4833440109, 234382.59099838723, 902332.4833440109), (233982.59099838723, 901932.4833440109, 234582.59099838723, 902532.4833440109), {'buildings': '/storage/project/r-rbasu31-0/hyu483/Test_UMEP/UROCK/input/building_26986.shp', 'veg': '/storage/project/r-rbasu31-0/hyu483/Test_UMEP/UROCK/input/veg_26986.shp', 'template_rast': '/storage/project/r-rbasu31-0/hyu483/Test_UMEP/UROCK/input/../DSM_26986_2.tif', 'base_output_dir': '/storage/project/r-rbasu31-0/hyu483/Test_UMEP/UROCK_output_35_spawn/urock_tiled_output'})
Info: Sliced and clipped '/storage/project/r-rbasu31-0/hyu483/Test_UMEP/UROCK/input/building_26986.shp' to '/storage/project/r-rbasu31-0/hyu483/Test_UMEP/UROCK_output_35_spawn/temp_intermediate_files/tile_20_sliced_inputs/buildings_tile_20.shp'. Copied 732 features.
Info: Sliced and clipped '/storage/project/r-rbasu31-0/hyu483/Test_UMEP/UROCK/input/veg_26986.shp' to '/storage/project/r-rbasu31-0/hyu483/Test_UMEP/UROCK_output_35_spawn/temp_intermediate_files/tile_20_sliced_inputs/veg_tile_20.shp'. Copied 377 features.
Info: Sliced '/storage/project/r-rbasu31-0/hyu483/Test_UMEP/UROCK/input/../DSM_26986_2.tif' to '/storage/project/r-rbasu31-0/hyu483/Test_UMEP/UROCK_output_35_spawn/temp_intermediate_files/tile_20_sliced_inputs/template_tile_20.tif' (Extent: (233982.59099838723, 901932.4833440109, 234582.59099838723, 902532.4833440109)).
Tile 20: Running URock...
Process 3995973: Running URock for tile output 'wind_field_raw_tile_20'...
(29, (234382.59099838723, 902732.4833440109, 234582.59099838723, 902792.4786978494), (234182.59099838723, 902532.4833440109, 234642.58635222574, 902792.4786978494), {'buildings': '/storage/project/r-rbasu31-0/hyu483/Test_UMEP/UROCK/input/building_26986.shp', 'veg': '/storage/project/r-rbasu31-0/hyu483/Test_UMEP/UROCK/input/veg_26986.shp', 'template_rast': '/storage/project/r-rbasu31-0/hyu483/Test_UMEP/UROCK/input/../DSM_26986_2.tif', 'base_output_dir': '/storage/project/r-rbasu31-0/hyu483/Test_UMEP/UROCK_output_35_spawn/urock_tiled_output'})
Info: Sliced and clipped '/storage/project/r-rbasu31-0/hyu483/Test_UMEP/UROCK/input/building_26986.shp' to '/storage/project/r-rbasu31-0/hyu483/Test_UMEP/UROCK_output_35_spawn/temp_intermediate_files/tile_29_sliced_inputs/buildings_tile_29.shp'. Copied 56 features.
Info: Sliced and clipped '/storage/project/r-rbasu31-0/hyu483/Test_UMEP/UROCK/input/veg_26986.shp' to '/storage/project/r-rbasu31-0/hyu483/Test_UMEP/UROCK_output_35_spawn/temp_intermediate_files/tile_29_sliced_inputs/veg_tile_29.shp'. Copied 56 features.
Info: Sliced '/storage/project/r-rbasu31-0/hyu483/Test_UMEP/UROCK/input/../DSM_26986_2.tif' to '/storage/project/r-rbasu31-0/hyu483/Test_UMEP/UROCK_output_35_spawn/temp_intermediate_files/tile_29_sliced_inputs/template_tile_29.tif' (Extent: (234182.59099838723, 902532.4833440109, 234642.58635222574, 902792.4786978494)).
Tile 29: Running URock...
Process 3995993: Running URock for tile output 'wind_field_raw_tile_29'...
Cannot take exclusive lock on /storage/home/hcoda1/4/hyu483/.local/share/proj/cache.db
Cannot take exclusive lock on /storage/home/hcoda1/4/hyu483/.local/share/proj/cache.db
Cannot take exclusive lock on /storage/home/hcoda1/4/hyu483/.local/share/proj/cache.db
Cannot take exclusive lock on /storage/home/hcoda1/4/hyu483/.local/share/proj/cache.db
Cannot take exclusive lock on /storage/home/hcoda1/4/hyu483/.local/share/proj/cache.db
Cannot take exclusive lock on /storage/home/hcoda1/4/hyu483/.local/share/proj/cache.db
Cannot take exclusive lock on /storage/home/hcoda1/4/hyu483/.local/share/proj/cache.db
Cannot take exclusive lock on /storage/home/hcoda1/4/hyu483/.local/share/proj/cache.db
Cannot take exclusive lock on /storage/home/hcoda1/4/hyu483/.local/share/proj/cache.db
Cannot take exclusive lock on /storage/home/hcoda1/4/hyu483/.local/share/proj/cache.db
Cannot take exclusive lock on /storage/home/hcoda1/4/hyu483/.local/share/proj/cache.db
Cannot take exclusive lock on /storage/home/hcoda1/4/hyu483/.local/share/proj/cache.db
Cannot take exclusive lock on /storage/home/hcoda1/4/hyu483/.local/share/proj/cache.db
Cannot take exclusive lock on /storage/home/hcoda1/4/hyu483/.local/share/proj/cache.db
Cannot take exclusive lock on /storage/home/hcoda1/4/hyu483/.local/share/proj/cache.db
Cannot take exclusive lock on /storage/home/hcoda1/4/hyu483/.local/share/proj/cache.db
Cannot take exclusive lock on /storage/home/hcoda1/4/hyu483/.local/share/proj/cache.db
Cannot take exclusive lock on /storage/home/hcoda1/4/hyu483/.local/share/proj/cache.db
SLF4J(W): No SLF4J providers were found.
SLF4J(W): Defaulting to no-operation (NOP) logger implementation
SLF4J(W): See https://www.slf4j.org/codes.html#noProviders for further details.
SLF4J(W): No SLF4J providers were found.
SLF4J(W): Defaulting to no-operation (NOP) logger implementation
SLF4J(W): See https://www.slf4j.org/codes.html#noProviders for further details.
SLF4J(W): No SLF4J providers were found.
SLF4J(W): Defaulting to no-operation (NOP) logger implementation
SLF4J(W): See https://www.slf4j.org/codes.html#noProviders for further details.
SLF4J(W): No SLF4J providers were found.
SLF4J(W): Defaulting to no-operation (NOP) logger implementation
SLF4J(W): See https://www.slf4j.org/codes.html#noProviders for further details.
SLF4J(W): No SLF4J providers were found.
SLF4J(W): Defaulting to no-operation (NOP) logger implementation
SLF4J(W): See https://www.slf4j.org/codes.html#noProviders for further details.
SLF4J(W): No SLF4J providers were found.
SLF4J(W): Defaulting to no-operation (NOP) logger implementation
SLF4J(W): See https://www.slf4j.org/codes.html#noProviders for further details.
SLF4J(W): No SLF4J providers were found.
SLF4J(W): Defaulting to no-operation (NOP) logger implementation
SLF4J(W): See https://www.slf4j.org/codes.html#noProviders for further details.
SLF4J(W): No SLF4J providers were found.
SLF4J(W): Defaulting to no-operation (NOP) logger implementation
SLF4J(W): See https://www.slf4j.org/codes.html#noProviders for further details.
SLF4J(W): No SLF4J providers were found.
SLF4J(W): Defaulting to no-operation (NOP) logger implementation
SLF4J(W): See https://www.slf4j.org/codes.html#noProviders for further details.
SLF4J(W): No SLF4J providers were found.
SLF4J(W): Defaulting to no-operation (NOP) logger implementation
SLF4J(W): See https://www.slf4j.org/codes.html#noProviders for further details.
SLF4J(W): No SLF4J providers were found.
SLF4J(W): Defaulting to no-operation (NOP) logger implementation
SLF4J(W): See https://www.slf4j.org/codes.html#noProviders for further details.
SLF4J(W): No SLF4J providers were found.
SLF4J(W): Defaulting to no-operation (NOP) logger implementation
SLF4J(W): See https://www.slf4j.org/codes.html#noProviders for further details.
SLF4J(W): No SLF4J providers were found.
SLF4J(W): Defaulting to no-operation (NOP) logger implementation
SLF4J(W): See https://www.slf4j.org/codes.html#noProviders for further details.
SLF4J(W): No SLF4J providers were found.
SLF4J(W): Defaulting to no-operation (NOP) logger implementation
SLF4J(W): See https://www.slf4j.org/codes.html#noProviders for further details.
SLF4J(W): No SLF4J providers were found.
SLF4J(W): Defaulting to no-operation (NOP) logger implementation
SLF4J(W): See https://www.slf4j.org/codes.html#noProviders for further details.
SLF4J(W): No SLF4J providers were found.
SLF4J(W): Defaulting to no-operation (NOP) logger implementation
SLF4J(W): See https://www.slf4j.org/codes.html#noProviders for further details.
SLF4J(W): No SLF4J providers were found.
SLF4J(W): Defaulting to no-operation (NOP) logger implementation
SLF4J(W): See https://www.slf4j.org/codes.html#noProviders for further details.
SLF4J(W): No SLF4J providers were found.
SLF4J(W): Defaulting to no-operation (NOP) logger implementation
SLF4J(W): See https://www.slf4j.org/codes.html#noProviders for further details.
SLF4J(W): No SLF4J providers were found.
SLF4J(W): Defaulting to no-operation (NOP) logger implementation
SLF4J(W): See https://www.slf4j.org/codes.html#noProviders for further details.
SLF4J(W): No SLF4J providers were found.
SLF4J(W): Defaulting to no-operation (NOP) logger implementation
SLF4J(W): See https://www.slf4j.org/codes.html#noProviders for further details.
SLF4J(W): No SLF4J providers were found.
SLF4J(W): Defaulting to no-operation (NOP) logger implementation
SLF4J(W): See https://www.slf4j.org/codes.html#noProviders for further details.
SLF4J(W): No SLF4J providers were found.
SLF4J(W): Defaulting to no-operation (NOP) logger implementation
SLF4J(W): See https://www.slf4j.org/codes.html#noProviders for further details.
SLF4J(W): No SLF4J providers were found.
SLF4J(W): Defaulting to no-operation (NOP) logger implementation
SLF4J(W): See https://www.slf4j.org/codes.html#noProviders for further details.
SLF4J(W): No SLF4J providers were found.
SLF4J(W): Defaulting to no-operation (NOP) logger implementation
SLF4J(W): See https://www.slf4j.org/codes.html#noProviders for further details.
SLF4J(W): No SLF4J providers were found.
SLF4J(W): Defaulting to no-operation (NOP) logger implementation
SLF4J(W): See https://www.slf4j.org/codes.html#noProviders for further details.
SLF4J(W): No SLF4J providers were found.
SLF4J(W): Defaulting to no-operation (NOP) logger implementation
SLF4J(W): See https://www.slf4j.org/codes.html#noProviders for further details.
SLF4J(W): No SLF4J providers were found.
SLF4J(W): Defaulting to no-operation (NOP) logger implementation
SLF4J(W): See https://www.slf4j.org/codes.html#noProviders for further details.
SLF4J(W): No SLF4J providers were found.
SLF4J(W): Defaulting to no-operation (NOP) logger implementation
SLF4J(W): See https://www.slf4j.org/codes.html#noProviders for further details.
SLF4J(W): No SLF4J providers were found.
SLF4J(W): Defaulting to no-operation (NOP) logger implementation
SLF4J(W): See https://www.slf4j.org/codes.html#noProviders for further details.
SLF4J(W): No SLF4J providers were found.
SLF4J(W): Defaulting to no-operation (NOP) logger implementation
SLF4J(W): See https://www.slf4j.org/codes.html#noProviders for further details.
Connecting to database
	->/tmp/URock_2025-12-21T1808399116f8e9-03bc-400e-bf4c-a03005aa6106/myDbH2
/storage/home/hcoda1/4/hyu483/qgis_332/profiles/default/python/plugins/processing_umep/functions/URock/h2gis-standalone/h2gis-dist-2.2.3.jar
Connected!

Spatial functions added!

Load input data
Load table 'build_pre_srid_20251221180848'
Load table 'veg_pre_srid_20251221180848'
Creates blocks and stacked blocks
Rotates geometries from 45.0 degrees
Identify block base height and block cavity base
Calculates obstacle properties
Calculates zone properties
Initializes upwind facades
Update upwind facades base height
Initializes downwind facades
Calculates study area properties
Roughness zone properties are:

                                 - z0: 0.9832935862299748
                                 - d: 4.018115240565867
                                 - Hr: 11.11999586959196
                                 - H_ob_max: 26
                                 - lambda_f: 0.08842571505973554
Rotates geometries from -45.0 degrees
Rotates geometries from -45.0 degrees
Rotates geometries from -45.0 degrees
Creates displacement zones
Rotates geometries from -45.0 degrees
Rotates geometries from -45.0 degrees
Creates cavity and wake zones
Rotates geometries from -45.0 degrees
Rotates geometries from -45.0 degrees
Creates street canyon zones
Rotates geometries from -45.0 degrees
Creates rooftop zones (perpendicular and corner)
Rotates geometries from -45.0 degrees
Rotates geometries from -45.0 degrees
Creates built-up and open vegetation zones
Rotates geometries from -45.0 degrees
Rotates geometries from -45.0 degrees
Identify the buildings concerned by the impacted zone chosen by the user
Creates the grid of points
Affects each grid point to a building Rockle zone and calculates needed 
          variables for 3D wind speed
Affects each grid point to a vegetation Rockle zone and calculates 
          needed variables for 3D wind speed
Remove some of the Röckle zone points
Creates backward zones
Calculates the 3D wind speed factor value for each point of each BUILDING zone
Rotates geometries from -45.0 degrees
Rotates geometries from -45.0 degrees
Rotates geometries from -45.0 degrees
Rotates geometries from -45.0 degrees
Rotates geometries from -45.0 degrees
Rotates geometries from -45.0 degrees
Rotates geometries from -45.0 degrees
Rotates geometries from -45.0 degrees
Rotates geometries from -45.0 degrees
Calculates the 3D wind speed factor value for each point of each VEGETATION zone
Rotates geometries from -45.0 degrees
Deals with superimposition (keeps only 1 value per 3D point)
Deals with superimposition (keeps only 1 value per 3D point)
Identify upstreamer points in TEMPO_WEIGHTING table
Identify upstreamer points in TEMPO_PRIORITIES table
Identify upstreamer points in TEMPO_PRIORITIES_WEIGHT table
Deals with superimposition (keeps only 1 value per 3D point)
Identify upstreamer points in TEMPO_WEIGHTING table
Identify upstreamer points in TEMPO_PRIORITIES table
Identify upstreamer points in TEMPO_PRIORITIES_WEIGHT table
Rotates geometries from -45.0 degrees
Identify grid points intersecting buildings
Set the initial 3D wind speed field
Time spent for wind speed initialization: 159.7632474899292 s
Shape: (183, 182, 19) - Nb cells: 632814
Start to apply the wind solver
Iteration 1 (max 500)
   eps = 0.585127 >= 0.0001
Iteration 2 (max 500)
   eps = 0.395054 >= 0.0001
Iteration 3 (max 500)
   eps = 0.311614 >= 0.0001
Iteration 4 (max 500)
   eps = 0.25445 >= 0.0001
Iteration 5 (max 500)
   eps = 0.21437 >= 0.0001
Iteration 6 (max 500)
   eps = 0.181875 >= 0.0001
Iteration 7 (max 500)
   eps = 0.155155 >= 0.0001
Iteration 8 (max 500)
   eps = 0.132373 >= 0.0001
Iteration 9 (max 500)
   eps = 0.114219 >= 0.0001
Iteration 10 (max 500)
   eps = 0.100987 >= 0.0001
Iteration 11 (max 500)
   eps = 0.090739 >= 0.0001
Iteration 12 (max 500)
   eps = 0.083845 >= 0.0001
Iteration 13 (max 500)
   eps = 0.076818 >= 0.0001
Iteration 14 (max 500)
   eps = 0.071229 >= 0.0001
Iteration 15 (max 500)
   eps = 0.066591 >= 0.0001
Iteration 16 (max 500)
   eps = 0.062883 >= 0.0001
Iteration 17 (max 500)
   eps = 0.073964 >= 0.0001
Iteration 18 (max 500)
   eps = 0.06106 >= 0.0001
Iteration 19 (max 500)
   eps = 0.057822 >= 0.0001
Iteration 20 (max 500)
   eps = 0.055265 >= 0.0001
Iteration 21 (max 500)
   eps = 0.053191 >= 0.0001
Iteration 22 (max 500)
   eps = 0.051943 >= 0.0001
Iteration 23 (max 500)
   eps = 0.050717 >= 0.0001
Iteration 24 (max 500)
   eps = 0.049745 >= 0.0001
Iteration 25 (max 500)
   eps = 0.048789 >= 0.0001
Iteration 26 (max 500)
   eps = 0.047794 >= 0.0001
Iteration 27 (max 500)
   eps = 0.046741 >= 0.0001
Iteration 28 (max 500)
   eps = 0.045595 >= 0.0001
Iteration 29 (max 500)
   eps = 0.04453 >= 0.0001
Iteration 30 (max 500)
   eps = 0.043545 >= 0.0001
Iteration 31 (max 500)
   eps = 0.042632 >= 0.0001
Iteration 32 (max 500)
   eps = 0.041842 >= 0.0001
Iteration 33 (max 500)
   eps = 0.041006 >= 0.0001
Iteration 34 (max 500)
   eps = 0.040138 >= 0.0001
Iteration 35 (max 500)
   eps = 0.039101 >= 0.0001
Iteration 36 (max 500)
   eps = 0.037931 >= 0.0001
Iteration 37 (max 500)
   eps = 0.037051 >= 0.0001
Iteration 38 (max 500)
   eps = 0.036033 >= 0.0001
Iteration 39 (max 500)
   eps = 0.034937 >= 0.0001
Iteration 40 (max 500)
   eps = 0.033857 >= 0.0001
Iteration 41 (max 500)
   eps = 0.032782 >= 0.0001
Iteration 42 (max 500)
   eps = 0.031695 >= 0.0001
Iteration 43 (max 500)
   eps = 0.030666 >= 0.0001
Iteration 44 (max 500)
   eps = 0.029689 >= 0.0001
Iteration 45 (max 500)
   eps = 0.028777 >= 0.0001
Iteration 46 (max 500)
   eps = 0.027885 >= 0.0001
Iteration 47 (max 500)
   eps = 0.027048 >= 0.0001
Iteration 48 (max 500)
   eps = 0.026274 >= 0.0001
Iteration 49 (max 500)
   eps = 0.025517 >= 0.0001
Iteration 50 (max 500)
   eps = 0.024833 >= 0.0001
Iteration 51 (max 500)
   eps = 0.024131 >= 0.0001
Iteration 52 (max 500)
   eps = 0.023481 >= 0.0001
Iteration 53 (max 500)
   eps = 0.022872 >= 0.0001
Iteration 54 (max 500)
   eps = 0.022297 >= 0.0001
Iteration 55 (max 500)
   eps = 0.021719 >= 0.0001
Iteration 56 (max 500)
   eps = 0.021159 >= 0.0001
Iteration 57 (max 500)
   eps = 0.020666 >= 0.0001
Iteration 58 (max 500)
   eps = 0.020151 >= 0.0001
Iteration 59 (max 500)
   eps = 0.019624 >= 0.0001
Iteration 60 (max 500)
   eps = 0.019096 >= 0.0001
Iteration 61 (max 500)
   eps = 0.01858 >= 0.0001
Iteration 62 (max 500)
   eps = 0.018056 >= 0.0001
Iteration 63 (max 500)
   eps = 0.017586 >= 0.0001
Iteration 64 (max 500)
   eps = 0.017126 >= 0.0001
Iteration 65 (max 500)
   eps = 0.016712 >= 0.0001
Iteration 66 (max 500)
   eps = 0.016486 >= 0.0001
Iteration 67 (max 500)
   eps = 0.016099 >= 0.0001
Iteration 68 (max 500)
   eps = 0.015705 >= 0.0001
Iteration 69 (max 500)
   eps = 0.01529 >= 0.0001
Iteration 70 (max 500)
   eps = 0.014887 >= 0.0001
Iteration 71 (max 500)
   eps = 0.014522 >= 0.0001
Iteration 72 (max 500)
   eps = 0.014197 >= 0.0001
Iteration 73 (max 500)
   eps = 0.013863 >= 0.0001
Iteration 74 (max 500)
   eps = 0.013581 >= 0.0001
Iteration 75 (max 500)
   eps = 0.013227 >= 0.0001
Iteration 76 (max 500)
   eps = 0.012884 >= 0.0001
Iteration 77 (max 500)
   eps = 0.012572 >= 0.0001
Iteration 78 (max 500)
   eps = 0.012285 >= 0.0001
Iteration 79 (max 500)
   eps = 0.011954 >= 0.0001
Iteration 80 (max 500)
   eps = 0.01172 >= 0.0001
Iteration 81 (max 500)
   eps = 0.011418 >= 0.0001
Iteration 82 (max 500)
   eps = 0.011142 >= 0.0001
Iteration 83 (max 500)
   eps = 0.010887 >= 0.0001
Iteration 84 (max 500)
   eps = 0.010632 >= 0.0001
Iteration 85 (max 500)
   eps = 0.010427 >= 0.0001
Iteration 86 (max 500)
   eps = 0.010216 >= 0.0001
Iteration 87 (max 500)
   eps = 0.009995 >= 0.0001
Iteration 88 (max 500)
   eps = 0.00977 >= 0.0001
Iteration 89 (max 500)
   eps = 0.009526 >= 0.0001
Iteration 90 (max 500)
   eps = 0.009318 >= 0.0001
Iteration 91 (max 500)
   eps = 0.009056 >= 0.0001
Iteration 92 (max 500)
   eps = 0.008829 >= 0.0001
Iteration 93 (max 500)
   eps = 0.008625 >= 0.0001
Iteration 94 (max 500)
   eps = 0.008416 >= 0.0001
Iteration 95 (max 500)
   eps = 0.008222 >= 0.0001
Iteration 96 (max 500)
   eps = 0.008008 >= 0.0001
Iteration 97 (max 500)
   eps = 0.00785 >= 0.0001
Iteration 98 (max 500)
   eps = 0.007625 >= 0.0001
Iteration 99 (max 500)
   eps = 0.00744 >= 0.0001
Iteration 100 (max 500)
   eps = 0.007263 >= 0.0001
Iteration 101 (max 500)
   eps = 0.007089 >= 0.0001
Iteration 102 (max 500)
   eps = 0.006932 >= 0.0001
Iteration 103 (max 500)
   eps = 0.006766 >= 0.0001
Iteration 104 (max 500)
   eps = 0.006615 >= 0.0001
Iteration 105 (max 500)
   eps = 0.006467 >= 0.0001
Iteration 106 (max 500)
   eps = 0.006298 >= 0.0001
Iteration 107 (max 500)
   eps = 0.006157 >= 0.0001
Iteration 108 (max 500)
   eps = 0.006006 >= 0.0001
Iteration 109 (max 500)
   eps = 0.005855 >= 0.0001
Iteration 110 (max 500)
   eps = 0.005717 >= 0.0001
Iteration 111 (max 500)
   eps = 0.005588 >= 0.0001
Iteration 112 (max 500)
   eps = 0.005475 >= 0.0001
Iteration 113 (max 500)
   eps = 0.00536 >= 0.0001
Iteration 114 (max 500)
   eps = 0.005254 >= 0.0001
Iteration 115 (max 500)
   eps = 0.005146 >= 0.0001
Iteration 116 (max 500)
   eps = 0.005029 >= 0.0001
Iteration 117 (max 500)
   eps = 0.004901 >= 0.0001
Iteration 118 (max 500)
   eps = 0.004779 >= 0.0001
Iteration 119 (max 500)
   eps = 0.00466 >= 0.0001
Iteration 120 (max 500)
   eps = 0.00454 >= 0.0001
Iteration 121 (max 500)
   eps = 0.004417 >= 0.0001
Iteration 122 (max 500)
   eps = 0.004302 >= 0.0001
Iteration 123 (max 500)
   eps = 0.004191 >= 0.0001
Iteration 124 (max 500)
   eps = 0.004079 >= 0.0001
Iteration 125 (max 500)
   eps = 0.003986 >= 0.0001
Iteration 126 (max 500)
   eps = 0.003891 >= 0.0001
Iteration 127 (max 500)
   eps = 0.003785 >= 0.0001
Iteration 128 (max 500)
   eps = 0.003687 >= 0.0001
Iteration 129 (max 500)
   eps = 0.003601 >= 0.0001
Iteration 130 (max 500)
   eps = 0.003525 >= 0.0001
Iteration 131 (max 500)
   eps = 0.003448 >= 0.0001
Iteration 132 (max 500)
   eps = 0.003369 >= 0.0001
Iteration 133 (max 500)
   eps = 0.003284 >= 0.0001
Iteration 134 (max 500)
   eps = 0.00321 >= 0.0001
Iteration 135 (max 500)
   eps = 0.003141 >= 0.0001
Iteration 136 (max 500)
   eps = 0.00307 >= 0.0001
Iteration 137 (max 500)
   eps = 0.003008 >= 0.0001
Iteration 138 (max 500)
   eps = 0.002937 >= 0.0001
Iteration 139 (max 500)
   eps = 0.002863 >= 0.0001
Iteration 140 (max 500)
   eps = 0.002797 >= 0.0001
Iteration 141 (max 500)
   eps = 0.002727 >= 0.0001
Iteration 142 (max 500)
   eps = 0.002658 >= 0.0001
Iteration 143 (max 500)
   eps = 0.002596 >= 0.0001
Iteration 144 (max 500)
   eps = 0.002542 >= 0.0001
Iteration 145 (max 500)
   eps = 0.00247 >= 0.0001
Iteration 146 (max 500)
   eps = 0.002405 >= 0.0001
Iteration 147 (max 500)
   eps = 0.002344 >= 0.0001
Iteration 148 (max 500)
   eps = 0.002284 >= 0.0001
Iteration 149 (max 500)
   eps = 0.002227 >= 0.0001
Iteration 150 (max 500)
   eps = 0.002173 >= 0.0001
Iteration 151 (max 500)
   eps = 0.002123 >= 0.0001
Iteration 152 (max 500)
   eps = 0.002068 >= 0.0001
Iteration 153 (max 500)
   eps = 0.002016 >= 0.0001
Iteration 154 (max 500)
   eps = 0.001965 >= 0.0001
Iteration 155 (max 500)
   eps = 0.001918 >= 0.0001
Iteration 156 (max 500)
   eps = 0.001869 >= 0.0001
Iteration 157 (max 500)
   eps = 0.001823 >= 0.0001
Iteration 158 (max 500)
   eps = 0.001784 >= 0.0001
Iteration 159 (max 500)
   eps = 0.001741 >= 0.0001
Iteration 160 (max 500)
   eps = 0.001701 >= 0.0001
Iteration 161 (max 500)
   eps = 0.001661 >= 0.0001
Iteration 162 (max 500)
   eps = 0.001625 >= 0.0001
Iteration 163 (max 500)
   eps = 0.001585 >= 0.0001
Iteration 164 (max 500)
   eps = 0.001555 >= 0.0001
Iteration 165 (max 500)
   eps = 0.001514 >= 0.0001
Iteration 166 (max 500)
   eps = 0.001473 >= 0.0001
Iteration 167 (max 500)
   eps = 0.001439 >= 0.0001
Iteration 168 (max 500)
   eps = 0.001402 >= 0.0001
Iteration 169 (max 500)
   eps = 0.001366 >= 0.0001
Iteration 170 (max 500)
   eps = 0.001334 >= 0.0001
Iteration 171 (max 500)
   eps = 0.001304 >= 0.0001
Iteration 172 (max 500)
   eps = 0.001276 >= 0.0001
Iteration 173 (max 500)
   eps = 0.001243 >= 0.0001
Iteration 174 (max 500)
   eps = 0.001209 >= 0.0001
Iteration 175 (max 500)
   eps = 0.001181 >= 0.0001
Iteration 176 (max 500)
   eps = 0.001154 >= 0.0001
Iteration 177 (max 500)
   eps = 0.001127 >= 0.0001
Iteration 178 (max 500)
   eps = 0.001101 >= 0.0001
Iteration 179 (max 500)
   eps = 0.001071 >= 0.0001
Iteration 180 (max 500)
   eps = 0.00105 >= 0.0001
Iteration 181 (max 500)
   eps = 0.001025 >= 0.0001
Iteration 182 (max 500)
   eps = 0.000999 >= 0.0001
Iteration 183 (max 500)
   eps = 0.000974 >= 0.0001
Iteration 184 (max 500)
   eps = 0.000951 >= 0.0001
Iteration 185 (max 500)
   eps = 0.000929 >= 0.0001
Iteration 186 (max 500)
   eps = 0.000908 >= 0.0001
Iteration 187 (max 500)
   eps = 0.000885 >= 0.0001
Iteration 188 (max 500)
   eps = 0.000864 >= 0.0001
Iteration 189 (max 500)
   eps = 0.000845 >= 0.0001
Iteration 190 (max 500)
   eps = 0.000824 >= 0.0001
Iteration 191 (max 500)
   eps = 0.000803 >= 0.0001
Iteration 192 (max 500)
   eps = 0.000781 >= 0.0001
Iteration 193 (max 500)
   eps = 0.000761 >= 0.0001
Iteration 194 (max 500)
   eps = 0.000743 >= 0.0001
Iteration 195 (max 500)
   eps = 0.000724 >= 0.0001
Iteration 196 (max 500)
   eps = 0.000707 >= 0.0001
Iteration 197 (max 500)
   eps = 0.00069 >= 0.0001
Iteration 198 (max 500)
   eps = 0.000673 >= 0.0001
Iteration 199 (max 500)
   eps = 0.000657 >= 0.0001
Iteration 200 (max 500)
   eps = 0.00064 >= 0.0001
Iteration 201 (max 500)
   eps = 0.000623 >= 0.0001
Iteration 202 (max 500)
   eps = 0.000608 >= 0.0001
Iteration 203 (max 500)
   eps = 0.000595 >= 0.0001
Iteration 204 (max 500)
   eps = 0.00058 >= 0.0001
Iteration 205 (max 500)
   eps = 0.000566 >= 0.0001
Iteration 206 (max 500)
   eps = 0.000552 >= 0.0001
Iteration 207 (max 500)
   eps = 0.000538 >= 0.0001
Iteration 208 (max 500)
   eps = 0.000524 >= 0.0001
Iteration 209 (max 500)
   eps = 0.000512 >= 0.0001
Iteration 210 (max 500)
   eps = 0.000499 >= 0.0001
Iteration 211 (max 500)
   eps = 0.000487 >= 0.0001
Iteration 212 (max 500)
   eps = 0.000475 >= 0.0001
Iteration 213 (max 500)
   eps = 0.000464 >= 0.0001
Iteration 214 (max 500)
   eps = 0.000453 >= 0.0001
Iteration 215 (max 500)
   eps = 0.000442 >= 0.0001
Iteration 216 (max 500)
   eps = 0.000432 >= 0.0001
Iteration 217 (max 500)
   eps = 0.000422 >= 0.0001
Iteration 218 (max 500)
   eps = 0.000412 >= 0.0001
Iteration 219 (max 500)
   eps = 0.000402 >= 0.0001
Iteration 220 (max 500)
   eps = 0.000392 >= 0.0001
Iteration 221 (max 500)
   eps = 0.000381 >= 0.0001
Iteration 222 (max 500)
   eps = 0.000371 >= 0.0001
Iteration 223 (max 500)
   eps = 0.000361 >= 0.0001
Iteration 224 (max 500)
   eps = 0.000352 >= 0.0001
Iteration 225 (max 500)
   eps = 0.000343 >= 0.0001
Iteration 226 (max 500)
   eps = 0.000335 >= 0.0001
Iteration 227 (max 500)
   eps = 0.000327 >= 0.0001
Iteration 228 (max 500)
   eps = 0.000318 >= 0.0001
Iteration 229 (max 500)
   eps = 0.00031 >= 0.0001
Iteration 230 (max 500)
   eps = 0.000303 >= 0.0001
Iteration 231 (max 500)
   eps = 0.000295 >= 0.0001
Iteration 232 (max 500)
   eps = 0.000288 >= 0.0001
Iteration 233 (max 500)
   eps = 0.000281 >= 0.0001
Iteration 234 (max 500)
   eps = 0.000274 >= 0.0001
Iteration 235 (max 500)
   eps = 0.000268 >= 0.0001
Iteration 236 (max 500)
   eps = 0.000262 >= 0.0001
Iteration 237 (max 500)
   eps = 0.000255 >= 0.0001
Iteration 238 (max 500)
   eps = 0.000249 >= 0.0001
Iteration 239 (max 500)
   eps = 0.000242 >= 0.0001
Iteration 240 (max 500)
   eps = 0.000235 >= 0.0001
Iteration 241 (max 500)
   eps = 0.000229 >= 0.0001
Iteration 242 (max 500)
   eps = 0.000223 >= 0.0001
Iteration 243 (max 500)
   eps = 0.000217 >= 0.0001
Iteration 244 (max 500)
   eps = 0.000212 >= 0.0001
Iteration 245 (max 500)
   eps = 0.000206 >= 0.0001
Iteration 246 (max 500)
   eps = 0.000201 >= 0.0001
Iteration 247 (max 500)
   eps = 0.000196 >= 0.0001
Iteration 248 (max 500)
   eps = 0.000191 >= 0.0001
Iteration 249 (max 500)
   eps = 0.000186 >= 0.0001
Iteration 250 (max 500)
   eps = 0.000182 >= 0.0001
Iteration 251 (max 500)
   eps = 0.000177 >= 0.0001
Iteration 252 (max 500)
   eps = 0.000172 >= 0.0001
Iteration 253 (max 500)
   eps = 0.000168 >= 0.0001
Iteration 254 (max 500)
   eps = 0.000164 >= 0.0001
Iteration 255 (max 500)
   eps = 0.00016 >= 0.0001
Iteration 256 (max 500)
   eps = 0.000155 >= 0.0001
Iteration 257 (max 500)
   eps = 0.000151 >= 0.0001
Iteration 258 (max 500)
   eps = 0.000147 >= 0.0001
Iteration 259 (max 500)
   eps = 0.000143 >= 0.0001
Iteration 260 (max 500)
   eps = 0.00014 >= 0.0001
Iteration 261 (max 500)
   eps = 0.000136 >= 0.0001
Iteration 262 (max 500)
   eps = 0.000133 >= 0.0001
Iteration 263 (max 500)
   eps = 0.00013 >= 0.0001
Iteration 264 (max 500)
   eps = 0.000127 >= 0.0001
Iteration 265 (max 500)
   eps = 0.000124 >= 0.0001
Iteration 266 (max 500)
   eps = 0.00012 >= 0.0001
Iteration 267 (max 500)
   eps = 0.000116 >= 0.0001
Iteration 268 (max 500)
   eps = 0.000113 >= 0.0001
Iteration 269 (max 500)
   eps = 0.00011 >= 0.0001
Iteration 270 (max 500)
   eps = 0.000107 >= 0.0001
Iteration 271 (max 500)
   eps = 0.000105 >= 0.0001
Iteration 272 (max 500)
   eps = 0.000102 >= 0.0001
Iteration 273 (max 500)
Time spent by the wind speed solver: 53.17075848579407 s
Rotates geometries from -45.0 degrees
Interp succeeded!!! for tmp_file
Interp succeeded!!! for tmp_file
Interp succeeded!!! for tmp_file
Interp succeeded!!! for tmp_file
Interp succeeded!!! for tmp_file
Interp succeeded!!! for tmp_file
Process 3995993: Successfully ran URock for tile output 'wind_field_raw_tile_29'.
Process 3995993: Elapsed time for URock ('wind_field_raw_tile_29'): 280.77 seconds.
[Master] Monitoring 36 tasks...
[Master] Process 3995993 - Tile 29: Finished processing.
Info: Debuffered '/storage/project/r-rbasu31-0/hyu483/Test_UMEP/UROCK_output_35_spawn/temp_intermediate_files/tile_29_urock_raw_outputs/z1_5/wind_field_raw_tile_29WS.tif' to '/storage/project/r-rbasu31-0/hyu483/Test_UMEP/UROCK_output_35_spawn/urock_tiled_output/urock_wind_field_tile_29WS.tif' (original extent: (234382.59099838723, 902732.4833440109, 234582.59099838723, 902792.4786978494)).
(30, (234582.59099838723, 901732.4833440109, 234642.58635222574, 901932.4833440109), (234382.59099838723, 901732.4833440109, 234642.58635222574, 902132.4833440109), {'buildings': '/storage/project/r-rbasu31-0/hyu483/Test_UMEP/UROCK/input/building_26986.shp', 'veg': '/storage/project/r-rbasu31-0/hyu483/Test_UMEP/UROCK/input/veg_26986.shp', 'template_rast': '/storage/project/r-rbasu31-0/hyu483/Test_UMEP/UROCK/input/../DSM_26986_2.tif', 'base_output_dir': '/storage/project/r-rbasu31-0/hyu483/Test_UMEP/UROCK_output_35_spawn/urock_tiled_output'})
Info: Sliced and clipped '/storage/project/r-rbasu31-0/hyu483/Test_UMEP/UROCK/input/building_26986.shp' to '/storage/project/r-rbasu31-0/hyu483/Test_UMEP/UROCK_output_35_spawn/temp_intermediate_files/tile_30_sliced_inputs/buildings_tile_30.shp'. Copied 133 features.
Info: Sliced and clipped '/storage/project/r-rbasu31-0/hyu483/Test_UMEP/UROCK/input/veg_26986.shp' to '/storage/project/r-rbasu31-0/hyu483/Test_UMEP/UROCK_output_35_spawn/temp_intermediate_files/tile_30_sliced_inputs/veg_tile_30.shp'. Copied 95 features.
Info: Sliced '/storage/project/r-rbasu31-0/hyu483/Test_UMEP/UROCK/input/../DSM_26986_2.tif' to '/storage/project/r-rbasu31-0/hyu483/Test_UMEP/UROCK_output_35_spawn/temp_intermediate_files/tile_30_sliced_inputs/template_tile_30.tif' (Extent: (234382.59099838723, 901732.4833440109, 234642.58635222574, 902132.4833440109)).
Tile 30: Running URock...
Process 3995993: Running URock for tile output 'wind_field_raw_tile_30'...
Connecting to database
	->/tmp/URock_2025-12-21T180840cc0d9f37-53ae-437b-9dd6-f2f1e46a5daf/myDbH2
/storage/home/hcoda1/4/hyu483/qgis_332/profiles/default/python/plugins/processing_umep/functions/URock/h2gis-standalone/h2gis-dist-2.2.3.jar
Connected!

Spatial functions added!

Load input data
Load table 'build_pre_srid_20251221180856'
Load table 'veg_pre_srid_20251221180856'
Creates blocks and stacked blocks
Rotates geometries from 45.0 degrees
Identify block base height and block cavity base
Calculates obstacle properties
Calculates zone properties
Initializes upwind facades
Update upwind facades base height
Initializes downwind facades
Calculates study area properties
Roughness zone properties are:

                                 - z0: 1.324346415476957
                                 - d: 6.254622464939717
                                 - Hr: 8.828976103179714
                                 - H_ob_max: 56
                                 - lambda_f: 0.17405688847564554
Rotates geometries from -45.0 degrees
Rotates geometries from -45.0 degrees
Rotates geometries from -45.0 degrees
Creates displacement zones
Rotates geometries from -45.0 degrees
Rotates geometries from -45.0 degrees
Creates cavity and wake zones
Rotates geometries from -45.0 degrees
Rotates geometries from -45.0 degrees
Creates street canyon zones
Rotates geometries from -45.0 degrees
Creates rooftop zones (perpendicular and corner)
Rotates geometries from -45.0 degrees
Rotates geometries from -45.0 degrees
Creates built-up and open vegetation zones
Rotates geometries from -45.0 degrees
Rotates geometries from -45.0 degrees
Identify the buildings concerned by the impacted zone chosen by the user
Creates the grid of points
Affects each grid point to a building Rockle zone and calculates needed 
          variables for 3D wind speed
Affects each grid point to a vegetation Rockle zone and calculates 
          needed variables for 3D wind speed
Remove some of the Röckle zone points
Creates backward zones
Calculates the 3D wind speed factor value for each point of each BUILDING zone
Rotates geometries from -45.0 degrees
Rotates geometries from -45.0 degrees
Rotates geometries from -45.0 degrees
Rotates geometries from -45.0 degrees
Rotates geometries from -45.0 degrees
Rotates geometries from -45.0 degrees
Rotates geometries from -45.0 degrees
Rotates geometries from -45.0 degrees
Rotates geometries from -45.0 degrees
Calculates the 3D wind speed factor value for each point of each VEGETATION zone
Rotates geometries from -45.0 degrees
Deals with superimposition (keeps only 1 value per 3D point)
Deals with superimposition (keeps only 1 value per 3D point)
Identify upstreamer points in TEMPO_WEIGHTING table
Identify upstreamer points in TEMPO_PRIORITIES table
Identify upstreamer points in TEMPO_PRIORITIES_WEIGHT table
Deals with superimposition (keeps only 1 value per 3D point)
Identify upstreamer points in TEMPO_WEIGHTING table
Identify upstreamer points in TEMPO_PRIORITIES table
Identify upstreamer points in TEMPO_PRIORITIES_WEIGHT table
Rotates geometries from -45.0 degrees
Identify grid points intersecting buildings
Set the initial 3D wind speed field
Time spent for wind speed initialization: 170.22922158241272 s
Shape: (165, 211, 28) - Nb cells: 974820
Start to apply the wind solver
Iteration 1 (max 500)
   eps = 0.541373 >= 0.0001
Iteration 2 (max 500)
   eps = 0.383778 >= 0.0001
Iteration 3 (max 500)
   eps = 0.321554 >= 0.0001
Iteration 4 (max 500)
   eps = 0.27166 >= 0.0001
Iteration 5 (max 500)
   eps = 0.228058 >= 0.0001
Iteration 6 (max 500)
   eps = 0.196275 >= 0.0001
Iteration 7 (max 500)
   eps = 0.171045 >= 0.0001
Iteration 8 (max 500)
   eps = 0.151325 >= 0.0001
Iteration 9 (max 500)
   eps = 0.135012 >= 0.0001
Iteration 10 (max 500)
   eps = 0.121926 >= 0.0001
Iteration 11 (max 500)
   eps = 0.111373 >= 0.0001
Iteration 12 (max 500)
   eps = 0.102753 >= 0.0001
Iteration 13 (max 500)
   eps = 0.095612 >= 0.0001
Iteration 14 (max 500)
   eps = 0.089216 >= 0.0001
Iteration 15 (max 500)
   eps = 0.083653 >= 0.0001
Iteration 16 (max 500)
   eps = 0.078773 >= 0.0001
Iteration 17 (max 500)
   eps = 0.07434 >= 0.0001
Iteration 18 (max 500)
   eps = 0.070466 >= 0.0001
Iteration 19 (max 500)
   eps = 0.066945 >= 0.0001
Iteration 20 (max 500)
   eps = 0.063999 >= 0.0001
Iteration 21 (max 500)
   eps = 0.06146 >= 0.0001
Iteration 22 (max 500)
   eps = 0.05877 >= 0.0001
Iteration 23 (max 500)
   eps = 0.056272 >= 0.0001
Iteration 24 (max 500)
   eps = 0.053983 >= 0.0001
Iteration 25 (max 500)
   eps = 0.051798 >= 0.0001
Iteration 26 (max 500)
   eps = 0.057227 >= 0.0001
Iteration 27 (max 500)
   eps = 0.048681 >= 0.0001
Iteration 28 (max 500)
   eps = 0.046246 >= 0.0001
Iteration 29 (max 500)
   eps = 0.044503 >= 0.0001
Iteration 30 (max 500)
   eps = 0.043133 >= 0.0001
Iteration 31 (max 500)
   eps = 0.041831 >= 0.0001
Iteration 32 (max 500)
   eps = 0.040595 >= 0.0001
Iteration 33 (max 500)
   eps = 0.039402 >= 0.0001
Iteration 34 (max 500)
   eps = 0.038309 >= 0.0001
Iteration 35 (max 500)
   eps = 0.037277 >= 0.0001
Iteration 36 (max 500)
   eps = 0.036311 >= 0.0001
Iteration 37 (max 500)
   eps = 0.035426 >= 0.0001
Iteration 38 (max 500)
   eps = 0.034523 >= 0.0001
Iteration 39 (max 500)
   eps = 0.033586 >= 0.0001
Iteration 40 (max 500)
   eps = 0.032663 >= 0.0001
Iteration 41 (max 500)
   eps = 0.031799 >= 0.0001
Iteration 42 (max 500)
   eps = 0.030947 >= 0.0001
Iteration 43 (max 500)
   eps = 0.030216 >= 0.0001
Iteration 44 (max 500)
   eps = 0.029552 >= 0.0001
Iteration 45 (max 500)
   eps = 0.02891 >= 0.0001
Iteration 46 (max 500)
   eps = 0.02829 >= 0.0001
Iteration 47 (max 500)
   eps = 0.027669 >= 0.0001
Iteration 48 (max 500)
   eps = 0.027051 >= 0.0001
Iteration 49 (max 500)
   eps = 0.026456 >= 0.0001
Iteration 50 (max 500)
   eps = 0.025889 >= 0.0001
Iteration 51 (max 500)
   eps = 0.02533 >= 0.0001
Iteration 52 (max 500)
   eps = 0.024788 >= 0.0001
Iteration 53 (max 500)
   eps = 0.024215 >= 0.0001
Iteration 54 (max 500)
   eps = 0.023685 >= 0.0001
Iteration 55 (max 500)
   eps = 0.023151 >= 0.0001
Iteration 56 (max 500)
   eps = 0.022646 >= 0.0001
Iteration 57 (max 500)
   eps = 0.022105 >= 0.0001
Iteration 58 (max 500)
   eps = 0.021579 >= 0.0001
Iteration 59 (max 500)
   eps = 0.021104 >= 0.0001
Iteration 60 (max 500)
   eps = 0.020691 >= 0.0001
Iteration 61 (max 500)
   eps = 0.020261 >= 0.0001
Iteration 62 (max 500)
   eps = 0.019774 >= 0.0001
Iteration 63 (max 500)
   eps = 0.019298 >= 0.0001
Iteration 64 (max 500)
   eps = 0.018823 >= 0.0001
Iteration 65 (max 500)
   eps = 0.018403 >= 0.0001
Iteration 66 (max 500)
   eps = 0.017984 >= 0.0001
Iteration 67 (max 500)
   eps = 0.01756 >= 0.0001
Iteration 68 (max 500)
   eps = 0.017096 >= 0.0001
Iteration 69 (max 500)
   eps = 0.016629 >= 0.0001
Iteration 70 (max 500)
   eps = 0.016216 >= 0.0001
Iteration 71 (max 500)
   eps = 0.015831 >= 0.0001
Iteration 72 (max 500)
   eps = 0.015448 >= 0.0001
Iteration 73 (max 500)
   eps = 0.015083 >= 0.0001
Iteration 74 (max 500)
   eps = 0.014744 >= 0.0001
Iteration 75 (max 500)
   eps = 0.014417 >= 0.0001
Iteration 76 (max 500)
   eps = 0.014095 >= 0.0001
Iteration 77 (max 500)
   eps = 0.013755 >= 0.0001
Iteration 78 (max 500)
   eps = 0.013426 >= 0.0001
Iteration 79 (max 500)
   eps = 0.013101 >= 0.0001
Iteration 80 (max 500)
   eps = 0.012788 >= 0.0001
Iteration 81 (max 500)
   eps = 0.012485 >= 0.0001
Iteration 82 (max 500)
   eps = 0.01218 >= 0.0001
Iteration 83 (max 500)
   eps = 0.011899 >= 0.0001
Iteration 84 (max 500)
   eps = 0.011643 >= 0.0001
Iteration 85 (max 500)
   eps = 0.011353 >= 0.0001
Iteration 86 (max 500)
   eps = 0.011073 >= 0.0001
Iteration 87 (max 500)
   eps = 0.010826 >= 0.0001
Iteration 88 (max 500)
   eps = 0.010572 >= 0.0001
Iteration 89 (max 500)
   eps = 0.010285 >= 0.0001
Iteration 90 (max 500)
   eps = 0.010018 >= 0.0001
Iteration 91 (max 500)
   eps = 0.009771 >= 0.0001
Iteration 92 (max 500)
   eps = 0.009535 >= 0.0001
Iteration 93 (max 500)
   eps = 0.009316 >= 0.0001
Iteration 94 (max 500)
   eps = 0.009112 >= 0.0001
Iteration 95 (max 500)
   eps = 0.008919 >= 0.0001
Iteration 96 (max 500)
   eps = 0.008719 >= 0.0001
Iteration 97 (max 500)
   eps = 0.008505 >= 0.0001
Iteration 98 (max 500)
   eps = 0.008316 >= 0.0001
Iteration 99 (max 500)
   eps = 0.008124 >= 0.0001
Iteration 100 (max 500)
   eps = 0.007902 >= 0.0001
Iteration 101 (max 500)
   eps = 0.007684 >= 0.0001
Iteration 102 (max 500)
   eps = 0.007466 >= 0.0001
Iteration 103 (max 500)
   eps = 0.007262 >= 0.0001
Iteration 104 (max 500)
   eps = 0.007073 >= 0.0001
Iteration 105 (max 500)
   eps = 0.006883 >= 0.0001
Iteration 106 (max 500)
   eps = 0.006685 >= 0.0001
Iteration 107 (max 500)
   eps = 0.006489 >= 0.0001
Iteration 108 (max 500)
   eps = 0.006319 >= 0.0001
Iteration 109 (max 500)
   eps = 0.006132 >= 0.0001
Iteration 110 (max 500)
   eps = 0.005958 >= 0.0001
Iteration 111 (max 500)
   eps = 0.005797 >= 0.0001
Iteration 112 (max 500)
   eps = 0.005646 >= 0.0001
Iteration 113 (max 500)
   eps = 0.005501 >= 0.0001
Iteration 114 (max 500)
   eps = 0.005363 >= 0.0001
Iteration 115 (max 500)
   eps = 0.005263 >= 0.0001
Iteration 116 (max 500)
   eps = 0.005167 >= 0.0001
Iteration 117 (max 500)
   eps = 0.005078 >= 0.0001
Iteration 118 (max 500)
   eps = 0.004984 >= 0.0001
Iteration 119 (max 500)
   eps = 0.004867 >= 0.0001
Iteration 120 (max 500)
   eps = 0.004786 >= 0.0001
Iteration 121 (max 500)
   eps = 0.004719 >= 0.0001
Iteration 122 (max 500)
   eps = 0.004595 >= 0.0001
Iteration 123 (max 500)
   eps = 0.004455 >= 0.0001
Iteration 124 (max 500)
   eps = 0.004324 >= 0.0001
Iteration 125 (max 500)
   eps = 0.004209 >= 0.0001
Iteration 126 (max 500)
   eps = 0.004101 >= 0.0001
Iteration 127 (max 500)
   eps = 0.004002 >= 0.0001
Iteration 128 (max 500)
   eps = 0.003895 >= 0.0001
Iteration 129 (max 500)
   eps = 0.003789 >= 0.0001
Iteration 130 (max 500)
   eps = 0.003671 >= 0.0001
Iteration 131 (max 500)
   eps = 0.003573 >= 0.0001
Iteration 132 (max 500)
   eps = 0.003495 >= 0.0001
Iteration 133 (max 500)
   eps = 0.0034 >= 0.0001
Iteration 134 (max 500)
   eps = 0.003303 >= 0.0001
Iteration 135 (max 500)
   eps = 0.003214 >= 0.0001
Iteration 136 (max 500)
   eps = 0.003138 >= 0.0001
Iteration 137 (max 500)
   eps = 0.003055 >= 0.0001
Iteration 138 (max 500)
   eps = 0.002982 >= 0.0001
Iteration 139 (max 500)
   eps = 0.002908 >= 0.0001
Iteration 140 (max 500)
   eps = 0.002834 >= 0.0001
Iteration 141 (max 500)
   eps = 0.00277 >= 0.0001
Iteration 142 (max 500)
   eps = 0.002706 >= 0.0001
Iteration 143 (max 500)
   eps = 0.002646 >= 0.0001
Iteration 144 (max 500)
   eps = 0.002583 >= 0.0001
Iteration 145 (max 500)
   eps = 0.002525 >= 0.0001
Iteration 146 (max 500)
   eps = 0.002471 >= 0.0001
Iteration 147 (max 500)
   eps = 0.002427 >= 0.0001
Iteration 148 (max 500)
   eps = 0.002359 >= 0.0001
Iteration 149 (max 500)
   eps = 0.002285 >= 0.0001
Iteration 150 (max 500)
   eps = 0.002224 >= 0.0001
Iteration 151 (max 500)
   eps = 0.002161 >= 0.0001
Iteration 152 (max 500)
   eps = 0.002104 >= 0.0001
Iteration 153 (max 500)
   eps = 0.002051 >= 0.0001
Iteration 154 (max 500)
   eps = 0.002002 >= 0.0001
Iteration 155 (max 500)
   eps = 0.001955 >= 0.0001
Iteration 156 (max 500)
   eps = 0.001908 >= 0.0001
Iteration 157 (max 500)
   eps = 0.001866 >= 0.0001
Iteration 158 (max 500)
   eps = 0.001823 >= 0.0001
Iteration 159 (max 500)
   eps = 0.001783 >= 0.0001
Iteration 160 (max 500)
   eps = 0.001738 >= 0.0001
Iteration 161 (max 500)
   eps = 0.001698 >= 0.0001
Iteration 162 (max 500)
   eps = 0.001654 >= 0.0001
Iteration 163 (max 500)
   eps = 0.001615 >= 0.0001
Iteration 164 (max 500)
   eps = 0.001579 >= 0.0001
Iteration 165 (max 500)
   eps = 0.00154 >= 0.0001
Iteration 166 (max 500)
   eps = 0.001502 >= 0.0001
Iteration 167 (max 500)
   eps = 0.001466 >= 0.0001
Iteration 168 (max 500)
   eps = 0.001433 >= 0.0001
Iteration 169 (max 500)
   eps = 0.001397 >= 0.0001
Iteration 170 (max 500)
   eps = 0.001359 >= 0.0001
Iteration 171 (max 500)
   eps = 0.001324 >= 0.0001
Iteration 172 (max 500)
   eps = 0.001288 >= 0.0001
Iteration 173 (max 500)
   eps = 0.001253 >= 0.0001
Iteration 174 (max 500)
   eps = 0.001221 >= 0.0001
Iteration 175 (max 500)
   eps = 0.001192 >= 0.0001
Iteration 176 (max 500)
   eps = 0.001167 >= 0.0001
Iteration 177 (max 500)
   eps = 0.001145 >= 0.0001
Iteration 178 (max 500)
   eps = 0.001122 >= 0.0001
Iteration 179 (max 500)
   eps = 0.001096 >= 0.0001
Iteration 180 (max 500)
   eps = 0.001071 >= 0.0001
Iteration 181 (max 500)
   eps = 0.001046 >= 0.0001
Iteration 182 (max 500)
   eps = 0.001021 >= 0.0001
Iteration 183 (max 500)
   eps = 0.000992 >= 0.0001
Iteration 184 (max 500)
   eps = 0.000964 >= 0.0001
Iteration 185 (max 500)
   eps = 0.00094 >= 0.0001
Iteration 186 (max 500)
   eps = 0.000922 >= 0.0001
Iteration 187 (max 500)
   eps = 0.000903 >= 0.0001
Iteration 188 (max 500)
   eps = 0.000882 >= 0.0001
Iteration 189 (max 500)
   eps = 0.000859 >= 0.0001
Iteration 190 (max 500)
   eps = 0.000836 >= 0.0001
Iteration 191 (max 500)
   eps = 0.000814 >= 0.0001
Iteration 192 (max 500)
   eps = 0.000791 >= 0.0001
Iteration 193 (max 500)
   eps = 0.000769 >= 0.0001
Iteration 194 (max 500)
   eps = 0.000753 >= 0.0001
Iteration 195 (max 500)
   eps = 0.000737 >= 0.0001
Iteration 196 (max 500)
   eps = 0.000722 >= 0.0001
Iteration 197 (max 500)
   eps = 0.000709 >= 0.0001
Iteration 198 (max 500)
   eps = 0.000695 >= 0.0001
Iteration 199 (max 500)
   eps = 0.000681 >= 0.0001
Iteration 200 (max 500)
   eps = 0.000665 >= 0.0001
Iteration 201 (max 500)
   eps = 0.000649 >= 0.0001
Iteration 202 (max 500)
   eps = 0.000631 >= 0.0001
Iteration 203 (max 500)
   eps = 0.000612 >= 0.0001
Iteration 204 (max 500)
   eps = 0.000595 >= 0.0001
Iteration 205 (max 500)
   eps = 0.000579 >= 0.0001
Iteration 206 (max 500)
   eps = 0.000562 >= 0.0001
Iteration 207 (max 500)
   eps = 0.00055 >= 0.0001
Iteration 208 (max 500)
   eps = 0.000537 >= 0.0001
Iteration 209 (max 500)
   eps = 0.000524 >= 0.0001
Iteration 210 (max 500)
   eps = 0.000512 >= 0.0001
Iteration 211 (max 500)
   eps = 0.000501 >= 0.0001
Iteration 212 (max 500)
   eps = 0.00049 >= 0.0001
Iteration 213 (max 500)
   eps = 0.000478 >= 0.0001
Iteration 214 (max 500)
   eps = 0.000465 >= 0.0001
Iteration 215 (max 500)
   eps = 0.000454 >= 0.0001
Iteration 216 (max 500)
   eps = 0.000442 >= 0.0001
Iteration 217 (max 500)
   eps = 0.00043 >= 0.0001
Iteration 218 (max 500)
   eps = 0.000419 >= 0.0001
Iteration 219 (max 500)
   eps = 0.000409 >= 0.0001
Iteration 220 (max 500)
   eps = 0.000399 >= 0.0001
Iteration 221 (max 500)
   eps = 0.000389 >= 0.0001
Iteration 222 (max 500)
   eps = 0.00038 >= 0.0001
Iteration 223 (max 500)
   eps = 0.000372 >= 0.0001
Iteration 224 (max 500)
   eps = 0.000362 >= 0.0001
Iteration 225 (max 500)
   eps = 0.000353 >= 0.0001
Iteration 226 (max 500)
   eps = 0.000343 >= 0.0001
Iteration 227 (max 500)
   eps = 0.000334 >= 0.0001
Iteration 228 (max 500)
   eps = 0.000325 >= 0.0001
Iteration 229 (max 500)
   eps = 0.000316 >= 0.0001
Iteration 230 (max 500)
   eps = 0.000308 >= 0.0001
Iteration 231 (max 500)
   eps = 0.0003 >= 0.0001
Iteration 232 (max 500)
   eps = 0.000293 >= 0.0001
Iteration 233 (max 500)
   eps = 0.000285 >= 0.0001
Iteration 234 (max 500)
   eps = 0.000277 >= 0.0001
Iteration 235 (max 500)
   eps = 0.00027 >= 0.0001
Iteration 236 (max 500)
   eps = 0.000263 >= 0.0001
Iteration 237 (max 500)
   eps = 0.000257 >= 0.0001
Iteration 238 (max 500)
   eps = 0.00025 >= 0.0001
Iteration 239 (max 500)
   eps = 0.000245 >= 0.0001
Iteration 240 (max 500)
   eps = 0.000238 >= 0.0001
Iteration 241 (max 500)
   eps = 0.000232 >= 0.0001
Iteration 242 (max 500)
   eps = 0.000226 >= 0.0001
Iteration 243 (max 500)
   eps = 0.00022 >= 0.0001
Iteration 244 (max 500)
   eps = 0.000214 >= 0.0001
Iteration 245 (max 500)
   eps = 0.000208 >= 0.0001
Iteration 246 (max 500)
   eps = 0.000203 >= 0.0001
Iteration 247 (max 500)
   eps = 0.000197 >= 0.0001
Iteration 248 (max 500)
   eps = 0.000192 >= 0.0001
Iteration 249 (max 500)
   eps = 0.000186 >= 0.0001
Iteration 250 (max 500)
   eps = 0.00018 >= 0.0001
Iteration 251 (max 500)
   eps = 0.000176 >= 0.0001
Iteration 252 (max 500)
   eps = 0.000171 >= 0.0001
Iteration 253 (max 500)
   eps = 0.000167 >= 0.0001
Iteration 254 (max 500)
   eps = 0.000163 >= 0.0001
Iteration 255 (max 500)
   eps = 0.000159 >= 0.0001
Iteration 256 (max 500)
   eps = 0.000155 >= 0.0001
Iteration 257 (max 500)
   eps = 0.00015 >= 0.0001
Iteration 258 (max 500)
   eps = 0.000147 >= 0.0001
Iteration 259 (max 500)
   eps = 0.000142 >= 0.0001
Iteration 260 (max 500)
   eps = 0.000138 >= 0.0001
Iteration 261 (max 500)
   eps = 0.000135 >= 0.0001
Iteration 262 (max 500)
   eps = 0.000131 >= 0.0001
Iteration 263 (max 500)
   eps = 0.000128 >= 0.0001
Iteration 264 (max 500)
   eps = 0.000124 >= 0.0001
Iteration 265 (max 500)
   eps = 0.000121 >= 0.0001
Iteration 266 (max 500)
   eps = 0.000118 >= 0.0001
Iteration 267 (max 500)
   eps = 0.000115 >= 0.0001
Iteration 268 (max 500)
   eps = 0.000111 >= 0.0001
Iteration 269 (max 500)
   eps = 0.000108 >= 0.0001
Iteration 270 (max 500)
   eps = 0.000104 >= 0.0001
Iteration 271 (max 500)
   eps = 0.000102 >= 0.0001
Iteration 272 (max 500)
Time spent by the wind speed solver: 50.058098554611206 s
Rotates geometries from -45.0 degrees
Interp succeeded!!! for tmp_file
Interp succeeded!!! for tmp_file
Interp succeeded!!! for tmp_file
Interp succeeded!!! for tmp_file
Interp succeeded!!! for tmp_file
Interp succeeded!!! for tmp_file
Process 3995997: Successfully ran URock for tile output 'wind_field_raw_tile_5'.
Process 3995997: Elapsed time for URock ('wind_field_raw_tile_5'): 286.65 seconds.
[Master] Process 3995997 - Tile 5: Finished processing.
Info: Debuffered '/storage/project/r-rbasu31-0/hyu483/Test_UMEP/UROCK_output_35_spawn/temp_intermediate_files/tile_5_urock_raw_outputs/z1_5/wind_field_raw_tile_5WS.tif' to '/storage/project/r-rbasu31-0/hyu483/Test_UMEP/UROCK_output_35_spawn/urock_tiled_output/urock_wind_field_tile_5WS.tif' (original extent: (233582.59099838723, 902732.4833440109, 233782.59099838723, 902792.4786978494)).
(31, (234582.59099838723, 901932.4833440109, 234642.58635222574, 902132.4833440109), (234382.59099838723, 901732.4833440109, 234642.58635222574, 902332.4833440109), {'buildings': '/storage/project/r-rbasu31-0/hyu483/Test_UMEP/UROCK/input/building_26986.shp', 'veg': '/storage/project/r-rbasu31-0/hyu483/Test_UMEP/UROCK/input/veg_26986.shp', 'template_rast': '/storage/project/r-rbasu31-0/hyu483/Test_UMEP/UROCK/input/../DSM_26986_2.tif', 'base_output_dir': '/storage/project/r-rbasu31-0/hyu483/Test_UMEP/UROCK_output_35_spawn/urock_tiled_output'})
Info: Sliced and clipped '/storage/project/r-rbasu31-0/hyu483/Test_UMEP/UROCK/input/building_26986.shp' to '/storage/project/r-rbasu31-0/hyu483/Test_UMEP/UROCK_output_35_spawn/temp_intermediate_files/tile_31_sliced_inputs/buildings_tile_31.shp'. Copied 212 features.
Info: Sliced and clipped '/storage/project/r-rbasu31-0/hyu483/Test_UMEP/UROCK/input/veg_26986.shp' to '/storage/project/r-rbasu31-0/hyu483/Test_UMEP/UROCK_output_35_spawn/temp_intermediate_files/tile_31_sliced_inputs/veg_tile_31.shp'. Copied 161 features.
Info: Sliced '/storage/project/r-rbasu31-0/hyu483/Test_UMEP/UROCK/input/../DSM_26986_2.tif' to '/storage/project/r-rbasu31-0/hyu483/Test_UMEP/UROCK_output_35_spawn/temp_intermediate_files/tile_31_sliced_inputs/template_tile_31.tif' (Extent: (234382.59099838723, 901732.4833440109, 234642.58635222574, 902332.4833440109)).
Tile 31: Running URock...
Process 3995997: Running URock for tile output 'wind_field_raw_tile_31'...
Connecting to database
	->/tmp/URock_2025-12-21T180841b159080e-1403-433d-8425-3121341aa1eb/myDbH2
/storage/home/hcoda1/4/hyu483/qgis_332/profiles/default/python/plugins/processing_umep/functions/URock/h2gis-standalone/h2gis-dist-2.2.3.jar
Connected!

Spatial functions added!

Load input data
Load table 'build_pre_srid_20251221180903'
Load table 'veg_pre_srid_20251221180903'
Creates blocks and stacked blocks
Rotates geometries from 45.0 degrees
Identify block base height and block cavity base
Calculates obstacle properties
Calculates zone properties
Initializes upwind facades
Update upwind facades base height
Initializes downwind facades
Calculates study area properties
Roughness zone properties are:

                                 - z0: 0.9709652884346742
                                 - d: 3.8851784304778954
                                 - Hr: 11.641045247302504
                                 - H_ob_max: 56
                                 - lambda_f: 0.08340877196226594
Rotates geometries from -45.0 degrees
Rotates geometries from -45.0 degrees
Rotates geometries from -45.0 degrees
Creates displacement zones
Rotates geometries from -45.0 degrees
Rotates geometries from -45.0 degrees
Creates cavity and wake zones
Rotates geometries from -45.0 degrees
Rotates geometries from -45.0 degrees
Creates street canyon zones
Rotates geometries from -45.0 degrees
Creates rooftop zones (perpendicular and corner)
Rotates geometries from -45.0 degrees
Rotates geometries from -45.0 degrees
Creates built-up and open vegetation zones
Rotates geometries from -45.0 degrees
Rotates geometries from -45.0 degrees
Identify the buildings concerned by the impacted zone chosen by the user
Creates the grid of points
Affects each grid point to a building Rockle zone and calculates needed 
          variables for 3D wind speed
Affects each grid point to a vegetation Rockle zone and calculates 
          needed variables for 3D wind speed
Remove some of the Röckle zone points
Creates backward zones
Calculates the 3D wind speed factor value for each point of each BUILDING zone
Rotates geometries from -45.0 degrees
Rotates geometries from -45.0 degrees
Rotates geometries from -45.0 degrees
Rotates geometries from -45.0 degrees
Rotates geometries from -45.0 degrees
Rotates geometries from -45.0 degrees
Rotates geometries from -45.0 degrees
Rotates geometries from -45.0 degrees
Rotates geometries from -45.0 degrees
Calculates the 3D wind speed factor value for each point of each VEGETATION zone
Rotates geometries from -45.0 degrees
Deals with superimposition (keeps only 1 value per 3D point)
Deals with superimposition (keeps only 1 value per 3D point)
Identify upstreamer points in TEMPO_WEIGHTING table
Identify upstreamer points in TEMPO_PRIORITIES table
Identify upstreamer points in TEMPO_PRIORITIES_WEIGHT table
Deals with superimposition (keeps only 1 value per 3D point)
Identify upstreamer points in TEMPO_WEIGHTING table
Identify upstreamer points in TEMPO_PRIORITIES table
Identify upstreamer points in TEMPO_PRIORITIES_WEIGHT table
Rotates geometries from -45.0 degrees
Identify grid points intersecting buildings
Set the initial 3D wind speed field
Time spent for wind speed initialization: 169.93330788612366 s
Shape: (223, 252, 28) - Nb cells: 1573488
Start to apply the wind solver
Iteration 1 (max 500)
   eps = 0.546749 >= 0.0001
Iteration 2 (max 500)
   eps = 0.370877 >= 0.0001
Iteration 3 (max 500)
   eps = 0.298187 >= 0.0001
Iteration 4 (max 500)
   eps = 0.249373 >= 0.0001
Iteration 5 (max 500)
   eps = 0.214041 >= 0.0001
Iteration 6 (max 500)
   eps = 0.186066 >= 0.0001
Iteration 7 (max 500)
   eps = 0.161574 >= 0.0001
Iteration 8 (max 500)
   eps = 0.141416 >= 0.0001
Iteration 9 (max 500)
   eps = 0.125425 >= 0.0001
Iteration 10 (max 500)
   eps = 0.113164 >= 0.0001
Iteration 11 (max 500)
   eps = 0.10348 >= 0.0001
Iteration 12 (max 500)
   eps = 0.095297 >= 0.0001
Iteration 13 (max 500)
   eps = 0.088409 >= 0.0001
Iteration 14 (max 500)
   eps = 0.082746 >= 0.0001
Iteration 15 (max 500)
   eps = 0.077768 >= 0.0001
Iteration 16 (max 500)
   eps = 0.073513 >= 0.0001
Iteration 17 (max 500)
   eps = 0.0697 >= 0.0001
Iteration 18 (max 500)
   eps = 0.066275 >= 0.0001
Iteration 19 (max 500)
   eps = 0.063465 >= 0.0001
Iteration 20 (max 500)
   eps = 0.060773 >= 0.0001
Iteration 21 (max 500)
   eps = 0.058835 >= 0.0001
Iteration 22 (max 500)
   eps = 0.056441 >= 0.0001
Iteration 23 (max 500)
   eps = 0.054748 >= 0.0001
Iteration 24 (max 500)
   eps = 0.052978 >= 0.0001
Iteration 25 (max 500)
   eps = 0.050664 >= 0.0001
Iteration 26 (max 500)
   eps = 0.060255 >= 0.0001
Iteration 27 (max 500)
   eps = 0.051661 >= 0.0001
Iteration 28 (max 500)
   eps = 0.047536 >= 0.0001
Iteration 29 (max 500)
   eps = 0.045696 >= 0.0001
Iteration 30 (max 500)
   eps = 0.04438 >= 0.0001
Iteration 31 (max 500)
   eps = 0.043244 >= 0.0001
Iteration 32 (max 500)
   eps = 0.042158 >= 0.0001
Iteration 33 (max 500)
   eps = 0.041125 >= 0.0001
Iteration 34 (max 500)
   eps = 0.040054 >= 0.0001
Iteration 35 (max 500)
   eps = 0.039019 >= 0.0001
Iteration 36 (max 500)
   eps = 0.037997 >= 0.0001
Iteration 37 (max 500)
   eps = 0.03695 >= 0.0001
Iteration 38 (max 500)
   eps = 0.035952 >= 0.0001
Iteration 39 (max 500)
   eps = 0.035017 >= 0.0001
Iteration 40 (max 500)
   eps = 0.034169 >= 0.0001
Iteration 41 (max 500)
   eps = 0.033407 >= 0.0001
Iteration 42 (max 500)
   eps = 0.032724 >= 0.0001
Iteration 43 (max 500)
   eps = 0.032091 >= 0.0001
Iteration 44 (max 500)
   eps = 0.031485 >= 0.0001
Iteration 45 (max 500)
   eps = 0.030946 >= 0.0001
Iteration 46 (max 500)
   eps = 0.030397 >= 0.0001
Iteration 47 (max 500)
   eps = 0.029899 >= 0.0001
Iteration 48 (max 500)
   eps = 0.029278 >= 0.0001
Iteration 49 (max 500)
   eps = 0.028665 >= 0.0001
Iteration 50 (max 500)
   eps = 0.028048 >= 0.0001
Iteration 51 (max 500)
   eps = 0.027517 >= 0.0001
Iteration 52 (max 500)
   eps = 0.027304 >= 0.0001
Iteration 53 (max 500)
   eps = 0.026501 >= 0.0001
Iteration 54 (max 500)
   eps = 0.026038 >= 0.0001
Iteration 55 (max 500)
   eps = 0.025546 >= 0.0001
Iteration 56 (max 500)
   eps = 0.02511 >= 0.0001
Iteration 57 (max 500)
   eps = 0.024715 >= 0.0001
Iteration 58 (max 500)
   eps = 0.024215 >= 0.0001
Iteration 59 (max 500)
   eps = 0.023676 >= 0.0001
Iteration 60 (max 500)
   eps = 0.023176 >= 0.0001
Iteration 61 (max 500)
   eps = 0.022719 >= 0.0001
Iteration 62 (max 500)
   eps = 0.022303 >= 0.0001
Iteration 63 (max 500)
   eps = 0.02185 >= 0.0001
Iteration 64 (max 500)
   eps = 0.021409 >= 0.0001
Iteration 65 (max 500)
   eps = 0.020972 >= 0.0001
Iteration 66 (max 500)
   eps = 0.020586 >= 0.0001
Iteration 67 (max 500)
   eps = 0.020226 >= 0.0001
Iteration 68 (max 500)
   eps = 0.019861 >= 0.0001
Iteration 69 (max 500)
   eps = 0.019514 >= 0.0001
Iteration 70 (max 500)
   eps = 0.019157 >= 0.0001
Iteration 71 (max 500)
   eps = 0.018781 >= 0.0001
Iteration 72 (max 500)
   eps = 0.018417 >= 0.0001
Iteration 73 (max 500)
   eps = 0.018087 >= 0.0001
Iteration 74 (max 500)
   eps = 0.017768 >= 0.0001
Iteration 75 (max 500)
   eps = 0.017404 >= 0.0001
Iteration 76 (max 500)
   eps = 0.01704 >= 0.0001
Iteration 77 (max 500)
   eps = 0.016704 >= 0.0001
Iteration 78 (max 500)
   eps = 0.01635 >= 0.0001
Iteration 79 (max 500)
   eps = 0.016001 >= 0.0001
Iteration 80 (max 500)
   eps = 0.015681 >= 0.0001
Iteration 81 (max 500)
   eps = 0.015357 >= 0.0001
Iteration 82 (max 500)
   eps = 0.015094 >= 0.0001
Iteration 83 (max 500)
   eps = 0.014796 >= 0.0001
Iteration 84 (max 500)
   eps = 0.014494 >= 0.0001
Iteration 85 (max 500)
   eps = 0.014193 >= 0.0001
Iteration 86 (max 500)
   eps = 0.013889 >= 0.0001
Iteration 87 (max 500)
   eps = 0.013594 >= 0.0001
Iteration 88 (max 500)
   eps = 0.013288 >= 0.0001
Iteration 89 (max 500)
   eps = 0.013024 >= 0.0001
Iteration 90 (max 500)
   eps = 0.01275 >= 0.0001
Iteration 91 (max 500)
   eps = 0.012464 >= 0.0001
Iteration 92 (max 500)
   eps = 0.012167 >= 0.0001
Iteration 93 (max 500)
   eps = 0.011919 >= 0.0001
Iteration 94 (max 500)
   eps = 0.011671 >= 0.0001
Iteration 95 (max 500)
   eps = 0.01142 >= 0.0001
Iteration 96 (max 500)
   eps = 0.011205 >= 0.0001
Iteration 97 (max 500)
   eps = 0.010972 >= 0.0001
Iteration 98 (max 500)
   eps = 0.010771 >= 0.0001
Iteration 99 (max 500)
   eps = 0.010578 >= 0.0001
Iteration 100 (max 500)
   eps = 0.010367 >= 0.0001
Iteration 101 (max 500)
   eps = 0.010158 >= 0.0001
Iteration 102 (max 500)
   eps = 0.00999 >= 0.0001
Iteration 103 (max 500)
   eps = 0.009768 >= 0.0001
Iteration 104 (max 500)
   eps = 0.009562 >= 0.0001
Iteration 105 (max 500)
   eps = 0.009379 >= 0.0001
Iteration 106 (max 500)
   eps = 0.009189 >= 0.0001
Iteration 107 (max 500)
   eps = 0.009011 >= 0.0001
Iteration 108 (max 500)
   eps = 0.008834 >= 0.0001
Iteration 109 (max 500)
   eps = 0.008625 >= 0.0001
Iteration 110 (max 500)
   eps = 0.008431 >= 0.0001
Iteration 111 (max 500)
   eps = 0.008272 >= 0.0001
Iteration 112 (max 500)
   eps = 0.0081 >= 0.0001
Iteration 113 (max 500)
   eps = 0.007949 >= 0.0001
Iteration 114 (max 500)
   eps = 0.007774 >= 0.0001
Iteration 115 (max 500)
   eps = 0.007609 >= 0.0001
Iteration 116 (max 500)
   eps = 0.00744 >= 0.0001
Iteration 117 (max 500)
   eps = 0.007263 >= 0.0001
Iteration 118 (max 500)
   eps = 0.007095 >= 0.0001
Iteration 119 (max 500)
   eps = 0.006936 >= 0.0001
Iteration 120 (max 500)
   eps = 0.006797 >= 0.0001
Iteration 121 (max 500)
   eps = 0.006675 >= 0.0001
Iteration 122 (max 500)
   eps = 0.006565 >= 0.0001
Iteration 123 (max 500)
   eps = 0.006417 >= 0.0001
Iteration 124 (max 500)
   eps = 0.006282 >= 0.0001
Iteration 125 (max 500)
   eps = 0.006159 >= 0.0001
Iteration 126 (max 500)
   eps = 0.006037 >= 0.0001
Iteration 127 (max 500)
   eps = 0.005912 >= 0.0001
Iteration 128 (max 500)
   eps = 0.005808 >= 0.0001
Iteration 129 (max 500)
   eps = 0.0057 >= 0.0001
Iteration 130 (max 500)
   eps = 0.005602 >= 0.0001
Iteration 131 (max 500)
   eps = 0.005488 >= 0.0001
Iteration 132 (max 500)
   eps = 0.005376 >= 0.0001
Iteration 133 (max 500)
   eps = 0.005276 >= 0.0001
Iteration 134 (max 500)
   eps = 0.005163 >= 0.0001
Iteration 135 (max 500)
   eps = 0.00506 >= 0.0001
Iteration 136 (max 500)
   eps = 0.004975 >= 0.0001
Iteration 137 (max 500)
   eps = 0.004873 >= 0.0001
Iteration 138 (max 500)
   eps = 0.004771 >= 0.0001
Iteration 139 (max 500)
   eps = 0.004672 >= 0.0001
Iteration 140 (max 500)
   eps = 0.004571 >= 0.0001
Iteration 141 (max 500)
   eps = 0.004479 >= 0.0001
Iteration 142 (max 500)
   eps = 0.004389 >= 0.0001
Iteration 143 (max 500)
   eps = 0.004302 >= 0.0001
Iteration 144 (max 500)
   eps = 0.004212 >= 0.0001
Iteration 145 (max 500)
   eps = 0.004118 >= 0.0001
Iteration 146 (max 500)
   eps = 0.004035 >= 0.0001
Iteration 147 (max 500)
   eps = 0.003941 >= 0.0001
Iteration 148 (max 500)
   eps = 0.003884 >= 0.0001
Iteration 149 (max 500)
   eps = 0.003804 >= 0.0001
Iteration 150 (max 500)
   eps = 0.003719 >= 0.0001
Iteration 151 (max 500)
   eps = 0.003645 >= 0.0001
Iteration 152 (max 500)
   eps = 0.003578 >= 0.0001
Iteration 153 (max 500)
   eps = 0.0035 >= 0.0001
Iteration 154 (max 500)
   eps = 0.003422 >= 0.0001
Iteration 155 (max 500)
   eps = 0.003342 >= 0.0001
Iteration 156 (max 500)
   eps = 0.003267 >= 0.0001
Iteration 157 (max 500)
   eps = 0.003202 >= 0.0001
Iteration 158 (max 500)
   eps = 0.003132 >= 0.0001
Iteration 159 (max 500)
   eps = 0.003065 >= 0.0001
Iteration 160 (max 500)
   eps = 0.003003 >= 0.0001
Iteration 161 (max 500)
   eps = 0.002941 >= 0.0001
Iteration 162 (max 500)
   eps = 0.002878 >= 0.0001
Iteration 163 (max 500)
   eps = 0.002819 >= 0.0001
Iteration 164 (max 500)
   eps = 0.002762 >= 0.0001
Iteration 165 (max 500)
   eps = 0.002704 >= 0.0001
Iteration 166 (max 500)
   eps = 0.002646 >= 0.0001
Iteration 167 (max 500)
   eps = 0.002587 >= 0.0001
Iteration 168 (max 500)
   eps = 0.002532 >= 0.0001
Iteration 169 (max 500)
   eps = 0.002476 >= 0.0001
Iteration 170 (max 500)
   eps = 0.002427 >= 0.0001
Iteration 171 (max 500)
   eps = 0.002383 >= 0.0001
Iteration 172 (max 500)
   eps = 0.002333 >= 0.0001
Iteration 173 (max 500)
   eps = 0.002289 >= 0.0001
Iteration 174 (max 500)
   eps = 0.002248 >= 0.0001
Iteration 175 (max 500)
   eps = 0.002204 >= 0.0001
Iteration 176 (max 500)
   eps = 0.002163 >= 0.0001
Iteration 177 (max 500)
   eps = 0.002116 >= 0.0001
Iteration 178 (max 500)
   eps = 0.002065 >= 0.0001
Iteration 179 (max 500)
   eps = 0.002022 >= 0.0001
Iteration 180 (max 500)
   eps = 0.001981 >= 0.0001
Iteration 181 (max 500)
   eps = 0.001943 >= 0.0001
Iteration 182 (max 500)
   eps = 0.001902 >= 0.0001
Iteration 183 (max 500)
   eps = 0.00186 >= 0.0001
Iteration 184 (max 500)
   eps = 0.001825 >= 0.0001
Iteration 185 (max 500)
   eps = 0.001787 >= 0.0001
Iteration 186 (max 500)
   eps = 0.001747 >= 0.0001
Iteration 187 (max 500)
   eps = 0.001713 >= 0.0001
Iteration 188 (max 500)
   eps = 0.001676 >= 0.0001
Iteration 189 (max 500)
   eps = 0.001639 >= 0.0001
Iteration 190 (max 500)
   eps = 0.001604 >= 0.0001
Iteration 191 (max 500)
   eps = 0.001573 >= 0.0001
Iteration 192 (max 500)
   eps = 0.001547 >= 0.0001
Iteration 193 (max 500)
   eps = 0.001518 >= 0.0001
Iteration 194 (max 500)
   eps = 0.001488 >= 0.0001
Iteration 195 (max 500)
   eps = 0.001455 >= 0.0001
Iteration 196 (max 500)
   eps = 0.001425 >= 0.0001
Iteration 197 (max 500)
   eps = 0.0014 >= 0.0001
Iteration 198 (max 500)
   eps = 0.001369 >= 0.0001
Iteration 199 (max 500)
   eps = 0.001339 >= 0.0001
Iteration 200 (max 500)
   eps = 0.001309 >= 0.0001
Iteration 201 (max 500)
   eps = 0.001282 >= 0.0001
Iteration 202 (max 500)
   eps = 0.001252 >= 0.0001
Iteration 203 (max 500)
   eps = 0.001226 >= 0.0001
Iteration 204 (max 500)
   eps = 0.001201 >= 0.0001
Iteration 205 (max 500)
   eps = 0.001176 >= 0.0001
Iteration 206 (max 500)
   eps = 0.001151 >= 0.0001
Iteration 207 (max 500)
   eps = 0.001125 >= 0.0001
Iteration 208 (max 500)
   eps = 0.001103 >= 0.0001
Iteration 209 (max 500)
   eps = 0.00108 >= 0.0001
Iteration 210 (max 500)
   eps = 0.001062 >= 0.0001
Iteration 211 (max 500)
   eps = 0.001041 >= 0.0001
Iteration 212 (max 500)
   eps = 0.001019 >= 0.0001
Iteration 213 (max 500)
   eps = 0.001001 >= 0.0001
Iteration 214 (max 500)
   eps = 0.00098 >= 0.0001
Iteration 215 (max 500)
   eps = 0.000957 >= 0.0001
Iteration 216 (max 500)
   eps = 0.000934 >= 0.0001
Iteration 217 (max 500)
   eps = 0.000912 >= 0.0001
Iteration 218 (max 500)
   eps = 0.000893 >= 0.0001
Iteration 219 (max 500)
   eps = 0.000875 >= 0.0001
Iteration 220 (max 500)
   eps = 0.000857 >= 0.0001
Iteration 221 (max 500)
   eps = 0.00084 >= 0.0001
Iteration 222 (max 500)
   eps = 0.000823 >= 0.0001
Iteration 223 (max 500)
   eps = 0.000808 >= 0.0001
Iteration 224 (max 500)
   eps = 0.00079 >= 0.0001
Iteration 225 (max 500)
   eps = 0.000773 >= 0.0001
Iteration 226 (max 500)
   eps = 0.000758 >= 0.0001
Iteration 227 (max 500)
   eps = 0.000742 >= 0.0001
Iteration 228 (max 500)
   eps = 0.000727 >= 0.0001
Iteration 229 (max 500)
   eps = 0.000712 >= 0.0001
Iteration 230 (max 500)
   eps = 0.000698 >= 0.0001
Iteration 231 (max 500)
   eps = 0.000685 >= 0.0001
Iteration 232 (max 500)
   eps = 0.000673 >= 0.0001
Iteration 233 (max 500)
   eps = 0.000662 >= 0.0001
Iteration 234 (max 500)
   eps = 0.000648 >= 0.0001
Iteration 235 (max 500)
   eps = 0.000636 >= 0.0001
Iteration 236 (max 500)
   eps = 0.000621 >= 0.0001
Iteration 237 (max 500)
   eps = 0.000603 >= 0.0001
Iteration 238 (max 500)
   eps = 0.000588 >= 0.0001
Iteration 239 (max 500)
   eps = 0.000576 >= 0.0001
Iteration 240 (max 500)
   eps = 0.000565 >= 0.0001
Iteration 241 (max 500)
   eps = 0.000554 >= 0.0001
Iteration 242 (max 500)
   eps = 0.000541 >= 0.0001
Iteration 243 (max 500)
   eps = 0.00053 >= 0.0001
Iteration 244 (max 500)
   eps = 0.000518 >= 0.0001
Iteration 245 (max 500)
   eps = 0.000508 >= 0.0001
Iteration 246 (max 500)
   eps = 0.000496 >= 0.0001
Iteration 247 (max 500)
   eps = 0.000483 >= 0.0001
Iteration 248 (max 500)
   eps = 0.000473 >= 0.0001
Iteration 249 (max 500)
   eps = 0.000464 >= 0.0001
Iteration 250 (max 500)
   eps = 0.000454 >= 0.0001
Iteration 251 (max 500)
   eps = 0.000445 >= 0.0001
Iteration 252 (max 500)
   eps = 0.000438 >= 0.0001
Iteration 253 (max 500)
   eps = 0.00043 >= 0.0001
Iteration 254 (max 500)
   eps = 0.000422 >= 0.0001
Iteration 255 (max 500)
   eps = 0.000415 >= 0.0001
Iteration 256 (max 500)
   eps = 0.000406 >= 0.0001
Iteration 257 (max 500)
   eps = 0.000395 >= 0.0001
Iteration 258 (max 500)
   eps = 0.000388 >= 0.0001
Iteration 259 (max 500)
   eps = 0.000381 >= 0.0001
Iteration 260 (max 500)
   eps = 0.000372 >= 0.0001
Iteration 261 (max 500)
   eps = 0.000363 >= 0.0001
Iteration 262 (max 500)
   eps = 0.000353 >= 0.0001
Iteration 263 (max 500)
   eps = 0.000346 >= 0.0001
Iteration 264 (max 500)
   eps = 0.000338 >= 0.0001
Iteration 265 (max 500)
   eps = 0.00033 >= 0.0001
Iteration 266 (max 500)
   eps = 0.000323 >= 0.0001
Iteration 267 (max 500)
   eps = 0.000315 >= 0.0001
Iteration 268 (max 500)
   eps = 0.000309 >= 0.0001
Iteration 269 (max 500)
   eps = 0.000303 >= 0.0001
Iteration 270 (max 500)
   eps = 0.000297 >= 0.0001
Iteration 271 (max 500)
   eps = 0.000291 >= 0.0001
Iteration 272 (max 500)
   eps = 0.000286 >= 0.0001
Iteration 273 (max 500)
   eps = 0.00028 >= 0.0001
Iteration 274 (max 500)
   eps = 0.000273 >= 0.0001
Iteration 275 (max 500)
   eps = 0.000266 >= 0.0001
Iteration 276 (max 500)
   eps = 0.00026 >= 0.0001
Iteration 277 (max 500)
   eps = 0.000254 >= 0.0001
Iteration 278 (max 500)
   eps = 0.000249 >= 0.0001
Iteration 279 (max 500)
   eps = 0.000244 >= 0.0001
Iteration 280 (max 500)
   eps = 0.000238 >= 0.0001
Iteration 281 (max 500)
   eps = 0.000234 >= 0.0001
Iteration 282 (max 500)
   eps = 0.000229 >= 0.0001
Iteration 283 (max 500)
   eps = 0.000225 >= 0.0001
Iteration 284 (max 500)
   eps = 0.00022 >= 0.0001
Iteration 285 (max 500)
   eps = 0.000215 >= 0.0001
Iteration 286 (max 500)
   eps = 0.00021 >= 0.0001
Iteration 287 (max 500)
   eps = 0.000206 >= 0.0001
Iteration 288 (max 500)
   eps = 0.000201 >= 0.0001
Iteration 289 (max 500)
   eps = 0.000197 >= 0.0001
Iteration 290 (max 500)
   eps = 0.000194 >= 0.0001
Iteration 291 (max 500)
   eps = 0.00019 >= 0.0001
Iteration 292 (max 500)
   eps = 0.000185 >= 0.0001
Iteration 293 (max 500)
   eps = 0.000182 >= 0.0001
Iteration 294 (max 500)
   eps = 0.000178 >= 0.0001
Iteration 295 (max 500)
   eps = 0.000173 >= 0.0001
Iteration 296 (max 500)
   eps = 0.000169 >= 0.0001
Iteration 297 (max 500)
   eps = 0.000165 >= 0.0001
Iteration 298 (max 500)
   eps = 0.000162 >= 0.0001
Iteration 299 (max 500)
   eps = 0.000158 >= 0.0001
Iteration 300 (max 500)
   eps = 0.000155 >= 0.0001
Iteration 301 (max 500)
   eps = 0.000152 >= 0.0001
Iteration 302 (max 500)
   eps = 0.000149 >= 0.0001
Iteration 303 (max 500)
   eps = 0.000146 >= 0.0001
Iteration 304 (max 500)
   eps = 0.000143 >= 0.0001
Iteration 305 (max 500)
   eps = 0.00014 >= 0.0001
Iteration 306 (max 500)
   eps = 0.000137 >= 0.0001
Iteration 307 (max 500)
   eps = 0.000134 >= 0.0001
Iteration 308 (max 500)
   eps = 0.000131 >= 0.0001
Iteration 309 (max 500)
   eps = 0.000129 >= 0.0001
Iteration 310 (max 500)
   eps = 0.000126 >= 0.0001
Iteration 311 (max 500)
   eps = 0.000123 >= 0.0001
Iteration 312 (max 500)
   eps = 0.00012 >= 0.0001
Iteration 313 (max 500)
   eps = 0.000118 >= 0.0001
Iteration 314 (max 500)
   eps = 0.000115 >= 0.0001
Iteration 315 (max 500)
   eps = 0.000113 >= 0.0001
Iteration 316 (max 500)
   eps = 0.000111 >= 0.0001
Iteration 317 (max 500)
   eps = 0.000108 >= 0.0001
Iteration 318 (max 500)
   eps = 0.000106 >= 0.0001
Iteration 319 (max 500)
   eps = 0.000104 >= 0.0001
Iteration 320 (max 500)
   eps = 0.000102 >= 0.0001
Iteration 321 (max 500)
Time spent by the wind speed solver: 77.42115521430969 s
Rotates geometries from -45.0 degrees
Interp succeeded!!! for tmp_file
Interp succeeded!!! for tmp_file
Interp succeeded!!! for tmp_file
Interp succeeded!!! for tmp_file
Interp succeeded!!! for tmp_file
Interp succeeded!!! for tmp_file
Process 3995968: Successfully ran URock for tile output 'wind_field_raw_tile_17'.
Process 3995968: Elapsed time for URock ('wind_field_raw_tile_17'): 357.76 seconds.
[Master] Process 3995968 - Tile 17: Finished processing.
Info: Debuffered '/storage/project/r-rbasu31-0/hyu483/Test_UMEP/UROCK_output_35_spawn/temp_intermediate_files/tile_17_urock_raw_outputs/z1_5/wind_field_raw_tile_17WS.tif' to '/storage/project/r-rbasu31-0/hyu483/Test_UMEP/UROCK_output_35_spawn/urock_tiled_output/urock_wind_field_tile_17WS.tif' (original extent: (233982.59099838723, 902732.4833440109, 234182.59099838723, 902792.4786978494)).
(32, (234582.59099838723, 902132.4833440109, 234642.58635222574, 902332.4833440109), (234382.59099838723, 901932.4833440109, 234642.58635222574, 902532.4833440109), {'buildings': '/storage/project/r-rbasu31-0/hyu483/Test_UMEP/UROCK/input/building_26986.shp', 'veg': '/storage/project/r-rbasu31-0/hyu483/Test_UMEP/UROCK/input/veg_26986.shp', 'template_rast': '/storage/project/r-rbasu31-0/hyu483/Test_UMEP/UROCK/input/../DSM_26986_2.tif', 'base_output_dir': '/storage/project/r-rbasu31-0/hyu483/Test_UMEP/UROCK_output_35_spawn/urock_tiled_output'})
Info: Sliced and clipped '/storage/project/r-rbasu31-0/hyu483/Test_UMEP/UROCK/input/building_26986.shp' to '/storage/project/r-rbasu31-0/hyu483/Test_UMEP/UROCK_output_35_spawn/temp_intermediate_files/tile_32_sliced_inputs/buildings_tile_32.shp'. Copied 286 features.
Info: Sliced and clipped '/storage/project/r-rbasu31-0/hyu483/Test_UMEP/UROCK/input/veg_26986.shp' to '/storage/project/r-rbasu31-0/hyu483/Test_UMEP/UROCK_output_35_spawn/temp_intermediate_files/tile_32_sliced_inputs/veg_tile_32.shp'. Copied 171 features.
Info: Sliced '/storage/project/r-rbasu31-0/hyu483/Test_UMEP/UROCK/input/../DSM_26986_2.tif' to '/storage/project/r-rbasu31-0/hyu483/Test_UMEP/UROCK_output_35_spawn/temp_intermediate_files/tile_32_sliced_inputs/template_tile_32.tif' (Extent: (234382.59099838723, 901932.4833440109, 234642.58635222574, 902532.4833440109)).
Tile 32: Running URock...
Process 3995968: Running URock for tile output 'wind_field_raw_tile_32'...
Connecting to database
	->/tmp/URock_2025-12-21T180841963f06d7-9192-42f6-bd31-2c107e7c624a/myDbH2
/storage/home/hcoda1/4/hyu483/qgis_332/profiles/default/python/plugins/processing_umep/functions/URock/h2gis-standalone/h2gis-dist-2.2.3.jar
Connected!

Spatial functions added!

Load input data
Load table 'build_pre_srid_20251221180902'
Load table 'veg_pre_srid_20251221180902'
Creates blocks and stacked blocks
Rotates geometries from 45.0 degrees
Identify block base height and block cavity base
Calculates obstacle properties
Calculates zone properties
Initializes upwind facades
Update upwind facades base height
Initializes downwind facades
Calculates study area properties
Roughness zone properties are:

                                 - z0: 1.563911037739176
                                 - d: 7.33752322490419
                                 - Hr: 10.42607358492784
                                 - H_ob_max: 29
                                 - lambda_f: 0.16076195179183797
Rotates geometries from -45.0 degrees
Rotates geometries from -45.0 degrees
Rotates geometries from -45.0 degrees
Creates displacement zones
Rotates geometries from -45.0 degrees
Rotates geometries from -45.0 degrees
Creates cavity and wake zones
Rotates geometries from -45.0 degrees
Rotates geometries from -45.0 degrees
Creates street canyon zones
Rotates geometries from -45.0 degrees
Creates rooftop zones (perpendicular and corner)
Rotates geometries from -45.0 degrees
Rotates geometries from -45.0 degrees
Creates built-up and open vegetation zones
Rotates geometries from -45.0 degrees
Rotates geometries from -45.0 degrees
Identify the buildings concerned by the impacted zone chosen by the user
Creates the grid of points
Affects each grid point to a building Rockle zone and calculates needed 
          variables for 3D wind speed
Affects each grid point to a vegetation Rockle zone and calculates 
          needed variables for 3D wind speed
Remove some of the Röckle zone points
Creates backward zones
Calculates the 3D wind speed factor value for each point of each BUILDING zone
Rotates geometries from -45.0 degrees
Rotates geometries from -45.0 degrees
Rotates geometries from -45.0 degrees
Rotates geometries from -45.0 degrees
Rotates geometries from -45.0 degrees
Rotates geometries from -45.0 degrees
Rotates geometries from -45.0 degrees
Rotates geometries from -45.0 degrees
Rotates geometries from -45.0 degrees
Calculates the 3D wind speed factor value for each point of each VEGETATION zone
Rotates geometries from -45.0 degrees
Deals with superimposition (keeps only 1 value per 3D point)
Deals with superimposition (keeps only 1 value per 3D point)
Identify upstreamer points in TEMPO_WEIGHTING table
Identify upstreamer points in TEMPO_PRIORITIES table
Identify upstreamer points in TEMPO_PRIORITIES_WEIGHT table
Deals with superimposition (keeps only 1 value per 3D point)
Identify upstreamer points in TEMPO_WEIGHTING table
Identify upstreamer points in TEMPO_PRIORITIES table
Identify upstreamer points in TEMPO_PRIORITIES_WEIGHT table
Rotates geometries from -45.0 degrees
Identify grid points intersecting buildings
Set the initial 3D wind speed field
Time spent for wind speed initialization: 189.89406061172485 s
Shape: (236, 224, 19) - Nb cells: 1004416
Start to apply the wind solver
Iteration 1 (max 500)
   eps = 0.625128 >= 0.0001
Iteration 2 (max 500)
   eps = 0.433529 >= 0.0001
Iteration 3 (max 500)
   eps = 0.345508 >= 0.0001
Iteration 4 (max 500)
   eps = 0.284823 >= 0.0001
Iteration 5 (max 500)
   eps = 0.240551 >= 0.0001
Iteration 6 (max 500)
   eps = 0.206055 >= 0.0001
Iteration 7 (max 500)
   eps = 0.177932 >= 0.0001
Iteration 8 (max 500)
   eps = 0.153851 >= 0.0001
Iteration 9 (max 500)
   eps = 0.134929 >= 0.0001
Iteration 10 (max 500)
   eps = 0.121119 >= 0.0001
Iteration 11 (max 500)
   eps = 0.110803 >= 0.0001
Iteration 12 (max 500)
   eps = 0.102771 >= 0.0001
Iteration 13 (max 500)
   eps = 0.095688 >= 0.0001
Iteration 14 (max 500)
   eps = 0.089857 >= 0.0001
Iteration 15 (max 500)
   eps = 0.085413 >= 0.0001
Iteration 16 (max 500)
   eps = 0.08178 >= 0.0001
Iteration 17 (max 500)
   eps = 0.096374 >= 0.0001
Iteration 18 (max 500)
   eps = 0.084854 >= 0.0001
Iteration 19 (max 500)
   eps = 0.081073 >= 0.0001
Iteration 20 (max 500)
   eps = 0.078267 >= 0.0001
Iteration 21 (max 500)
   eps = 0.076077 >= 0.0001
Iteration 22 (max 500)
   eps = 0.074215 >= 0.0001
Iteration 23 (max 500)
   eps = 0.072717 >= 0.0001
Iteration 24 (max 500)
   eps = 0.071691 >= 0.0001
Iteration 25 (max 500)
   eps = 0.070571 >= 0.0001
Iteration 26 (max 500)
   eps = 0.069551 >= 0.0001
Iteration 27 (max 500)
   eps = 0.068517 >= 0.0001
Iteration 28 (max 500)
   eps = 0.067447 >= 0.0001
Iteration 29 (max 500)
   eps = 0.066322 >= 0.0001
Iteration 30 (max 500)
   eps = 0.065341 >= 0.0001
Iteration 31 (max 500)
   eps = 0.064214 >= 0.0001
Iteration 32 (max 500)
   eps = 0.063328 >= 0.0001
Iteration 33 (max 500)
   eps = 0.062207 >= 0.0001
Iteration 34 (max 500)
   eps = 0.061144 >= 0.0001
Iteration 35 (max 500)
   eps = 0.060447 >= 0.0001
Iteration 36 (max 500)
   eps = 0.058763 >= 0.0001
Iteration 37 (max 500)
   eps = 0.057675 >= 0.0001
Iteration 38 (max 500)
   eps = 0.056448 >= 0.0001
Iteration 39 (max 500)
   eps = 0.055076 >= 0.0001
Iteration 40 (max 500)
   eps = 0.05364 >= 0.0001
Iteration 41 (max 500)
   eps = 0.052096 >= 0.0001
Iteration 42 (max 500)
   eps = 0.050616 >= 0.0001
Iteration 43 (max 500)
   eps = 0.049242 >= 0.0001
Iteration 44 (max 500)
   eps = 0.04788 >= 0.0001
Iteration 45 (max 500)
   eps = 0.04657 >= 0.0001
Iteration 46 (max 500)
   eps = 0.045408 >= 0.0001
Iteration 47 (max 500)
   eps = 0.044197 >= 0.0001
Iteration 48 (max 500)
   eps = 0.043024 >= 0.0001
Iteration 49 (max 500)
   eps = 0.041939 >= 0.0001
Iteration 50 (max 500)
   eps = 0.040955 >= 0.0001
Iteration 51 (max 500)
   eps = 0.039974 >= 0.0001
Iteration 52 (max 500)
   eps = 0.039061 >= 0.0001
Iteration 53 (max 500)
   eps = 0.03821 >= 0.0001
Iteration 54 (max 500)
   eps = 0.037331 >= 0.0001
Iteration 55 (max 500)
   eps = 0.036461 >= 0.0001
Iteration 56 (max 500)
   eps = 0.035582 >= 0.0001
Iteration 57 (max 500)
   eps = 0.034773 >= 0.0001
Iteration 58 (max 500)
   eps = 0.033969 >= 0.0001
Iteration 59 (max 500)
   eps = 0.033254 >= 0.0001
Iteration 60 (max 500)
   eps = 0.03252 >= 0.0001
Iteration 61 (max 500)
   eps = 0.031796 >= 0.0001
Iteration 62 (max 500)
   eps = 0.030975 >= 0.0001
Iteration 63 (max 500)
   eps = 0.03025 >= 0.0001
Iteration 64 (max 500)
   eps = 0.029553 >= 0.0001
Iteration 65 (max 500)
   eps = 0.028945 >= 0.0001
Iteration 66 (max 500)
   eps = 0.028408 >= 0.0001
Iteration 67 (max 500)
   eps = 0.027785 >= 0.0001
Iteration 68 (max 500)
   eps = 0.027299 >= 0.0001
Iteration 69 (max 500)
   eps = 0.026751 >= 0.0001
Iteration 70 (max 500)
   eps = 0.02624 >= 0.0001
Iteration 71 (max 500)
   eps = 0.025727 >= 0.0001
Iteration 72 (max 500)
   eps = 0.025282 >= 0.0001
Iteration 73 (max 500)
   eps = 0.024867 >= 0.0001
Iteration 74 (max 500)
   eps = 0.024404 >= 0.0001
Iteration 75 (max 500)
   eps = 0.023934 >= 0.0001
Iteration 76 (max 500)
   eps = 0.023434 >= 0.0001
Iteration 77 (max 500)
   eps = 0.022933 >= 0.0001
Iteration 78 (max 500)
   eps = 0.022412 >= 0.0001
Iteration 79 (max 500)
   eps = 0.021956 >= 0.0001
Iteration 80 (max 500)
   eps = 0.021531 >= 0.0001
Iteration 81 (max 500)
   eps = 0.021126 >= 0.0001
Iteration 82 (max 500)
   eps = 0.02073 >= 0.0001
Iteration 83 (max 500)
   eps = 0.020347 >= 0.0001
Iteration 84 (max 500)
   eps = 0.019942 >= 0.0001
Iteration 85 (max 500)
   eps = 0.019563 >= 0.0001
Iteration 86 (max 500)
   eps = 0.019117 >= 0.0001
Iteration 87 (max 500)
   eps = 0.018714 >= 0.0001
Iteration 88 (max 500)
   eps = 0.018315 >= 0.0001
Iteration 89 (max 500)
   eps = 0.017913 >= 0.0001
Iteration 90 (max 500)
   eps = 0.017512 >= 0.0001
Iteration 91 (max 500)
   eps = 0.017194 >= 0.0001
Iteration 92 (max 500)
   eps = 0.016841 >= 0.0001
Iteration 93 (max 500)
   eps = 0.016493 >= 0.0001
Iteration 94 (max 500)
   eps = 0.016173 >= 0.0001
Iteration 95 (max 500)
   eps = 0.015879 >= 0.0001
Iteration 96 (max 500)
   eps = 0.015549 >= 0.0001
Iteration 97 (max 500)
   eps = 0.01526 >= 0.0001
Iteration 98 (max 500)
   eps = 0.014914 >= 0.0001
Iteration 99 (max 500)
   eps = 0.014598 >= 0.0001
Iteration 100 (max 500)
   eps = 0.014317 >= 0.0001
Iteration 101 (max 500)
   eps = 0.014006 >= 0.0001
Iteration 102 (max 500)
   eps = 0.013698 >= 0.0001
Iteration 103 (max 500)
   eps = 0.013414 >= 0.0001
Iteration 104 (max 500)
   eps = 0.01319 >= 0.0001
Iteration 105 (max 500)
   eps = 0.012962 >= 0.0001
Iteration 106 (max 500)
   eps = 0.012683 >= 0.0001
Iteration 107 (max 500)
   eps = 0.012411 >= 0.0001
Iteration 108 (max 500)
   eps = 0.012134 >= 0.0001
Iteration 109 (max 500)
   eps = 0.011876 >= 0.0001
Iteration 110 (max 500)
   eps = 0.011658 >= 0.0001
Iteration 111 (max 500)
   eps = 0.011394 >= 0.0001
Iteration 112 (max 500)
   eps = 0.011159 >= 0.0001
Iteration 113 (max 500)
   eps = 0.010944 >= 0.0001
Iteration 114 (max 500)
   eps = 0.010762 >= 0.0001
Iteration 115 (max 500)
   eps = 0.01058 >= 0.0001
Iteration 116 (max 500)
   eps = 0.010379 >= 0.0001
Iteration 117 (max 500)
   eps = 0.010157 >= 0.0001
Iteration 118 (max 500)
   eps = 0.009937 >= 0.0001
Iteration 119 (max 500)
   eps = 0.009732 >= 0.0001
Iteration 120 (max 500)
   eps = 0.009536 >= 0.0001
Iteration 121 (max 500)
   eps = 0.009332 >= 0.0001
Iteration 122 (max 500)
   eps = 0.009148 >= 0.0001
Iteration 123 (max 500)
   eps = 0.008961 >= 0.0001
Iteration 124 (max 500)
   eps = 0.008774 >= 0.0001
Iteration 125 (max 500)
   eps = 0.008596 >= 0.0001
Iteration 126 (max 500)
   eps = 0.008425 >= 0.0001
Iteration 127 (max 500)
   eps = 0.008256 >= 0.0001
Iteration 128 (max 500)
   eps = 0.008097 >= 0.0001
Iteration 129 (max 500)
   eps = 0.007925 >= 0.0001
Iteration 130 (max 500)
   eps = 0.007756 >= 0.0001
Iteration 131 (max 500)
   eps = 0.007588 >= 0.0001
Iteration 132 (max 500)
   eps = 0.007432 >= 0.0001
Iteration 133 (max 500)
   eps = 0.007279 >= 0.0001
Iteration 134 (max 500)
   eps = 0.007126 >= 0.0001
Iteration 135 (max 500)
   eps = 0.006991 >= 0.0001
Iteration 136 (max 500)
   eps = 0.006867 >= 0.0001
Iteration 137 (max 500)
   eps = 0.006754 >= 0.0001
Iteration 138 (max 500)
   eps = 0.006647 >= 0.0001
Iteration 139 (max 500)
   eps = 0.006529 >= 0.0001
Iteration 140 (max 500)
   eps = 0.006385 >= 0.0001
Iteration 141 (max 500)
   eps = 0.006257 >= 0.0001
Iteration 142 (max 500)
   eps = 0.006137 >= 0.0001
Iteration 143 (max 500)
   eps = 0.006033 >= 0.0001
Iteration 144 (max 500)
   eps = 0.005919 >= 0.0001
Iteration 145 (max 500)
   eps = 0.005787 >= 0.0001
Iteration 146 (max 500)
   eps = 0.005649 >= 0.0001
Iteration 147 (max 500)
   eps = 0.005527 >= 0.0001
Iteration 148 (max 500)
   eps = 0.005408 >= 0.0001
Iteration 149 (max 500)
   eps = 0.0053 >= 0.0001
Iteration 150 (max 500)
   eps = 0.005193 >= 0.0001
Iteration 151 (max 500)
   eps = 0.005095 >= 0.0001
Iteration 152 (max 500)
   eps = 0.00498 >= 0.0001
Iteration 153 (max 500)
   eps = 0.004875 >= 0.0001
Iteration 154 (max 500)
   eps = 0.004778 >= 0.0001
Iteration 155 (max 500)
   eps = 0.00468 >= 0.0001
Iteration 156 (max 500)
   eps = 0.004597 >= 0.0001
Iteration 157 (max 500)
   eps = 0.004519 >= 0.0001
Iteration 158 (max 500)
   eps = 0.004428 >= 0.0001
Iteration 159 (max 500)
   eps = 0.004344 >= 0.0001
Iteration 160 (max 500)
   eps = 0.004264 >= 0.0001
Iteration 161 (max 500)
   eps = 0.00418 >= 0.0001
Iteration 162 (max 500)
   eps = 0.004086 >= 0.0001
Iteration 163 (max 500)
   eps = 0.00399 >= 0.0001
Iteration 164 (max 500)
   eps = 0.003898 >= 0.0001
Iteration 165 (max 500)
   eps = 0.003812 >= 0.0001
Iteration 166 (max 500)
   eps = 0.003739 >= 0.0001
Iteration 167 (max 500)
   eps = 0.003664 >= 0.0001
Iteration 168 (max 500)
   eps = 0.003595 >= 0.0001
Iteration 169 (max 500)
   eps = 0.003522 >= 0.0001
Iteration 170 (max 500)
   eps = 0.003452 >= 0.0001
Iteration 171 (max 500)
   eps = 0.003379 >= 0.0001
Iteration 172 (max 500)
   eps = 0.00331 >= 0.0001
Iteration 173 (max 500)
   eps = 0.003249 >= 0.0001
Iteration 174 (max 500)
   eps = 0.003189 >= 0.0001
Iteration 175 (max 500)
   eps = 0.003123 >= 0.0001
Iteration 176 (max 500)
   eps = 0.003058 >= 0.0001
Iteration 177 (max 500)
   eps = 0.002994 >= 0.0001
Iteration 178 (max 500)
   eps = 0.002927 >= 0.0001
Iteration 179 (max 500)
   eps = 0.002863 >= 0.0001
Iteration 180 (max 500)
   eps = 0.002808 >= 0.0001
Iteration 181 (max 500)
   eps = 0.002753 >= 0.0001
Iteration 182 (max 500)
   eps = 0.002701 >= 0.0001
Iteration 183 (max 500)
   eps = 0.00265 >= 0.0001
Iteration 184 (max 500)
   eps = 0.002607 >= 0.0001
Iteration 185 (max 500)
   eps = 0.002563 >= 0.0001
Iteration 186 (max 500)
   eps = 0.002506 >= 0.0001
Iteration 187 (max 500)
   eps = 0.002448 >= 0.0001
Iteration 188 (max 500)
   eps = 0.002389 >= 0.0001
Iteration 189 (max 500)
   eps = 0.002333 >= 0.0001
Iteration 190 (max 500)
   eps = 0.002284 >= 0.0001
Iteration 191 (max 500)
   eps = 0.002229 >= 0.0001
Iteration 192 (max 500)
   eps = 0.002181 >= 0.0001
Iteration 193 (max 500)
   eps = 0.002138 >= 0.0001
Iteration 194 (max 500)
   eps = 0.002089 >= 0.0001
Iteration 195 (max 500)
   eps = 0.00204 >= 0.0001
Iteration 196 (max 500)
   eps = 0.001992 >= 0.0001
Iteration 197 (max 500)
   eps = 0.001947 >= 0.0001
Iteration 198 (max 500)
   eps = 0.001906 >= 0.0001
Iteration 199 (max 500)
   eps = 0.001868 >= 0.0001
Iteration 200 (max 500)
   eps = 0.00183 >= 0.0001
Iteration 201 (max 500)
   eps = 0.001796 >= 0.0001
Iteration 202 (max 500)
   eps = 0.001755 >= 0.0001
Iteration 203 (max 500)
   eps = 0.001718 >= 0.0001
Iteration 204 (max 500)
   eps = 0.001683 >= 0.0001
Iteration 205 (max 500)
   eps = 0.001645 >= 0.0001
Iteration 206 (max 500)
   eps = 0.001609 >= 0.0001
Iteration 207 (max 500)
   eps = 0.001573 >= 0.0001
Iteration 208 (max 500)
   eps = 0.001544 >= 0.0001
Iteration 209 (max 500)
   eps = 0.001511 >= 0.0001
Iteration 210 (max 500)
   eps = 0.00148 >= 0.0001
Iteration 211 (max 500)
   eps = 0.001447 >= 0.0001
Iteration 212 (max 500)
   eps = 0.001418 >= 0.0001
Iteration 213 (max 500)
   eps = 0.001388 >= 0.0001
Iteration 214 (max 500)
   eps = 0.001358 >= 0.0001
Iteration 215 (max 500)
   eps = 0.001328 >= 0.0001
Iteration 216 (max 500)
   eps = 0.001298 >= 0.0001
Iteration 217 (max 500)
   eps = 0.001272 >= 0.0001
Iteration 218 (max 500)
   eps = 0.001249 >= 0.0001
Iteration 219 (max 500)
   eps = 0.001225 >= 0.0001
Iteration 220 (max 500)
   eps = 0.001197 >= 0.0001
Iteration 221 (max 500)
   eps = 0.001172 >= 0.0001
Iteration 222 (max 500)
   eps = 0.00115 >= 0.0001
Iteration 223 (max 500)
   eps = 0.00113 >= 0.0001
Iteration 224 (max 500)
   eps = 0.001108 >= 0.0001
Iteration 225 (max 500)
   eps = 0.001087 >= 0.0001
Iteration 226 (max 500)
   eps = 0.001065 >= 0.0001
Iteration 227 (max 500)
   eps = 0.001041 >= 0.0001
Iteration 228 (max 500)
   eps = 0.001014 >= 0.0001
Iteration 229 (max 500)
   eps = 0.00099 >= 0.0001
Iteration 230 (max 500)
   eps = 0.000968 >= 0.0001
Iteration 231 (max 500)
   eps = 0.000947 >= 0.0001
Iteration 232 (max 500)
   eps = 0.000928 >= 0.0001
Iteration 233 (max 500)
   eps = 0.000909 >= 0.0001
Iteration 234 (max 500)
   eps = 0.000892 >= 0.0001
Iteration 235 (max 500)
   eps = 0.000873 >= 0.0001
Iteration 236 (max 500)
   eps = 0.000854 >= 0.0001
Iteration 237 (max 500)
   eps = 0.000835 >= 0.0001
Iteration 238 (max 500)
   eps = 0.000817 >= 0.0001
Iteration 239 (max 500)
   eps = 0.000802 >= 0.0001
Iteration 240 (max 500)
   eps = 0.000786 >= 0.0001
Iteration 241 (max 500)
   eps = 0.000769 >= 0.0001
Iteration 242 (max 500)
   eps = 0.000752 >= 0.0001
Iteration 243 (max 500)
   eps = 0.000736 >= 0.0001
Iteration 244 (max 500)
   eps = 0.00072 >= 0.0001
Iteration 245 (max 500)
   eps = 0.000703 >= 0.0001
Iteration 246 (max 500)
   eps = 0.000687 >= 0.0001
Iteration 247 (max 500)
   eps = 0.000671 >= 0.0001
Iteration 248 (max 500)
   eps = 0.000658 >= 0.0001
Iteration 249 (max 500)
   eps = 0.000644 >= 0.0001
Iteration 250 (max 500)
   eps = 0.000633 >= 0.0001
Iteration 251 (max 500)
   eps = 0.000621 >= 0.0001
Iteration 252 (max 500)
   eps = 0.000608 >= 0.0001
Iteration 253 (max 500)
   eps = 0.000597 >= 0.0001
Iteration 254 (max 500)
   eps = 0.000583 >= 0.0001
Iteration 255 (max 500)
   eps = 0.00057 >= 0.0001
Iteration 256 (max 500)
   eps = 0.000556 >= 0.0001
Iteration 257 (max 500)
   eps = 0.000542 >= 0.0001
Iteration 258 (max 500)
   eps = 0.000529 >= 0.0001
Iteration 259 (max 500)
   eps = 0.000519 >= 0.0001
Iteration 260 (max 500)
   eps = 0.000509 >= 0.0001
Iteration 261 (max 500)
   eps = 0.000498 >= 0.0001
Iteration 262 (max 500)
   eps = 0.000488 >= 0.0001
Iteration 263 (max 500)
   eps = 0.000476 >= 0.0001
Iteration 264 (max 500)
   eps = 0.000465 >= 0.0001
Iteration 265 (max 500)
   eps = 0.000456 >= 0.0001
Iteration 266 (max 500)
   eps = 0.000447 >= 0.0001
Iteration 267 (max 500)
   eps = 0.000437 >= 0.0001
Iteration 268 (max 500)
   eps = 0.000427 >= 0.0001
Iteration 269 (max 500)
   eps = 0.000417 >= 0.0001
Iteration 270 (max 500)
   eps = 0.000407 >= 0.0001
Iteration 271 (max 500)
   eps = 0.000399 >= 0.0001
Iteration 272 (max 500)
   eps = 0.000391 >= 0.0001
Iteration 273 (max 500)
   eps = 0.000383 >= 0.0001
Iteration 274 (max 500)
   eps = 0.000375 >= 0.0001
Iteration 275 (max 500)
   eps = 0.000367 >= 0.0001
Iteration 276 (max 500)
   eps = 0.000359 >= 0.0001
Iteration 277 (max 500)
   eps = 0.000351 >= 0.0001
Iteration 278 (max 500)
   eps = 0.000344 >= 0.0001
Iteration 279 (max 500)
   eps = 0.000337 >= 0.0001
Iteration 280 (max 500)
   eps = 0.000329 >= 0.0001
Iteration 281 (max 500)
   eps = 0.000322 >= 0.0001
Iteration 282 (max 500)
   eps = 0.000314 >= 0.0001
Iteration 283 (max 500)
   eps = 0.000307 >= 0.0001
Iteration 284 (max 500)
   eps = 0.0003 >= 0.0001
Iteration 285 (max 500)
   eps = 0.000295 >= 0.0001
Iteration 286 (max 500)
   eps = 0.000289 >= 0.0001
Iteration 287 (max 500)
   eps = 0.000283 >= 0.0001
Iteration 288 (max 500)
   eps = 0.000277 >= 0.0001
Iteration 289 (max 500)
   eps = 0.000271 >= 0.0001
Iteration 290 (max 500)
   eps = 0.000265 >= 0.0001
Iteration 291 (max 500)
   eps = 0.000259 >= 0.0001
Iteration 292 (max 500)
   eps = 0.000253 >= 0.0001
Iteration 293 (max 500)
   eps = 0.000247 >= 0.0001
Iteration 294 (max 500)
   eps = 0.00024 >= 0.0001
Iteration 295 (max 500)
   eps = 0.000235 >= 0.0001
Iteration 296 (max 500)
   eps = 0.000229 >= 0.0001
Iteration 297 (max 500)
   eps = 0.000224 >= 0.0001
Iteration 298 (max 500)
   eps = 0.000219 >= 0.0001
Iteration 299 (max 500)
   eps = 0.000214 >= 0.0001
Iteration 300 (max 500)
   eps = 0.000208 >= 0.0001
Iteration 301 (max 500)
   eps = 0.000204 >= 0.0001
Iteration 302 (max 500)
   eps = 0.0002 >= 0.0001
Iteration 303 (max 500)
   eps = 0.000195 >= 0.0001
Iteration 304 (max 500)
   eps = 0.000191 >= 0.0001
Iteration 305 (max 500)
   eps = 0.000187 >= 0.0001
Iteration 306 (max 500)
   eps = 0.000183 >= 0.0001
Iteration 307 (max 500)
   eps = 0.000179 >= 0.0001
Iteration 308 (max 500)
   eps = 0.000176 >= 0.0001
Iteration 309 (max 500)
   eps = 0.000172 >= 0.0001
Iteration 310 (max 500)
   eps = 0.000168 >= 0.0001
Iteration 311 (max 500)
   eps = 0.000163 >= 0.0001
Iteration 312 (max 500)
   eps = 0.000159 >= 0.0001
Iteration 313 (max 500)
   eps = 0.000155 >= 0.0001
Iteration 314 (max 500)
   eps = 0.000153 >= 0.0001
Iteration 315 (max 500)
   eps = 0.00015 >= 0.0001
Iteration 316 (max 500)
   eps = 0.000146 >= 0.0001
Iteration 317 (max 500)
   eps = 0.000143 >= 0.0001
Iteration 318 (max 500)
   eps = 0.00014 >= 0.0001
Iteration 319 (max 500)
   eps = 0.000136 >= 0.0001
Iteration 320 (max 500)
   eps = 0.000133 >= 0.0001
Iteration 321 (max 500)
   eps = 0.000131 >= 0.0001
Iteration 322 (max 500)
   eps = 0.000128 >= 0.0001
Iteration 323 (max 500)
   eps = 0.000124 >= 0.0001
Iteration 324 (max 500)
   eps = 0.000122 >= 0.0001
Iteration 325 (max 500)
   eps = 0.000119 >= 0.0001
Iteration 326 (max 500)
   eps = 0.000116 >= 0.0001
Iteration 327 (max 500)
   eps = 0.000114 >= 0.0001
Iteration 328 (max 500)
   eps = 0.000111 >= 0.0001
Iteration 329 (max 500)
   eps = 0.000109 >= 0.0001
Iteration 330 (max 500)
   eps = 0.000106 >= 0.0001
Iteration 331 (max 500)
   eps = 0.000104 >= 0.0001
Iteration 332 (max 500)
   eps = 0.000101 >= 0.0001
Iteration 333 (max 500)
Time spent by the wind speed solver: 54.9707396030426 s
Rotates geometries from -45.0 degrees
Interp succeeded!!! for tmp_file
Interp succeeded!!! for tmp_file
Interp succeeded!!! for tmp_file
Interp succeeded!!! for tmp_file
Interp succeeded!!! for tmp_file
Interp succeeded!!! for tmp_file
Process 3995984: Successfully ran URock for tile output 'wind_field_raw_tile_28'.
Process 3995984: Elapsed time for URock ('wind_field_raw_tile_28'): 366.45 seconds.
[Master] Process 3995984 - Tile 28: Finished processing.
Info: Debuffered '/storage/project/r-rbasu31-0/hyu483/Test_UMEP/UROCK_output_35_spawn/temp_intermediate_files/tile_28_urock_raw_outputs/z1_5/wind_field_raw_tile_28WS.tif' to '/storage/project/r-rbasu31-0/hyu483/Test_UMEP/UROCK_output_35_spawn/urock_tiled_output/urock_wind_field_tile_28WS.tif' (original extent: (234382.59099838723, 902532.4833440109, 234582.59099838723, 902732.4833440109)).
(33, (234582.59099838723, 902332.4833440109, 234642.58635222574, 902532.4833440109), (234382.59099838723, 902132.4833440109, 234642.58635222574, 902732.4833440109), {'buildings': '/storage/project/r-rbasu31-0/hyu483/Test_UMEP/UROCK/input/building_26986.shp', 'veg': '/storage/project/r-rbasu31-0/hyu483/Test_UMEP/UROCK/input/veg_26986.shp', 'template_rast': '/storage/project/r-rbasu31-0/hyu483/Test_UMEP/UROCK/input/../DSM_26986_2.tif', 'base_output_dir': '/storage/project/r-rbasu31-0/hyu483/Test_UMEP/UROCK_output_35_spawn/urock_tiled_output'})
Info: Sliced and clipped '/storage/project/r-rbasu31-0/hyu483/Test_UMEP/UROCK/input/building_26986.shp' to '/storage/project/r-rbasu31-0/hyu483/Test_UMEP/UROCK_output_35_spawn/temp_intermediate_files/tile_33_sliced_inputs/buildings_tile_33.shp'. Copied 203 features.
Info: Sliced and clipped '/storage/project/r-rbasu31-0/hyu483/Test_UMEP/UROCK/input/veg_26986.shp' to '/storage/project/r-rbasu31-0/hyu483/Test_UMEP/UROCK_output_35_spawn/temp_intermediate_files/tile_33_sliced_inputs/veg_tile_33.shp'. Copied 131 features.
Info: Sliced '/storage/project/r-rbasu31-0/hyu483/Test_UMEP/UROCK/input/../DSM_26986_2.tif' to '/storage/project/r-rbasu31-0/hyu483/Test_UMEP/UROCK_output_35_spawn/temp_intermediate_files/tile_33_sliced_inputs/template_tile_33.tif' (Extent: (234382.59099838723, 902132.4833440109, 234642.58635222574, 902732.4833440109)).
Tile 33: Running URock...
Process 3995984: Running URock for tile output 'wind_field_raw_tile_33'...
Connecting to database
	->/tmp/URock_2025-12-21T180841482eacb0-f15f-4ac6-bec0-2912f31bdbf3/myDbH2
/storage/home/hcoda1/4/hyu483/qgis_332/profiles/default/python/plugins/processing_umep/functions/URock/h2gis-standalone/h2gis-dist-2.2.3.jar
Connected!

Spatial functions added!

Load input data
Load table 'build_pre_srid_20251221180902'
Load table 'veg_pre_srid_20251221180902'
Creates blocks and stacked blocks
Rotates geometries from 45.0 degrees
Identify block base height and block cavity base
Calculates obstacle properties
Calculates zone properties
Initializes upwind facades
Update upwind facades base height
Initializes downwind facades
Calculates study area properties
Roughness zone properties are:

                                 - z0: 0.9727920804812471
                                 - d: 3.770588367339055
                                 - Hr: 12.638144602462429
                                 - H_ob_max: 56
                                 - lambda_f: 0.07697269742361607
Rotates geometries from -45.0 degrees
Rotates geometries from -45.0 degrees
Rotates geometries from -45.0 degrees
Creates displacement zones
Rotates geometries from -45.0 degrees
Rotates geometries from -45.0 degrees
Creates cavity and wake zones
Rotates geometries from -45.0 degrees
Rotates geometries from -45.0 degrees
Creates street canyon zones
Rotates geometries from -45.0 degrees
Creates rooftop zones (perpendicular and corner)
Rotates geometries from -45.0 degrees
Rotates geometries from -45.0 degrees
Creates built-up and open vegetation zones
Rotates geometries from -45.0 degrees
Rotates geometries from -45.0 degrees
Identify the buildings concerned by the impacted zone chosen by the user
Creates the grid of points
Affects each grid point to a building Rockle zone and calculates needed 
          variables for 3D wind speed
Affects each grid point to a vegetation Rockle zone and calculates 
          needed variables for 3D wind speed
Remove some of the Röckle zone points
Creates backward zones
Calculates the 3D wind speed factor value for each point of each BUILDING zone
Rotates geometries from -45.0 degrees
Rotates geometries from -45.0 degrees
Rotates geometries from -45.0 degrees
Rotates geometries from -45.0 degrees
Rotates geometries from -45.0 degrees
Rotates geometries from -45.0 degrees
Rotates geometries from -45.0 degrees
Rotates geometries from -45.0 degrees
Rotates geometries from -45.0 degrees
Calculates the 3D wind speed factor value for each point of each VEGETATION zone
Rotates geometries from -45.0 degrees
Deals with superimposition (keeps only 1 value per 3D point)
Deals with superimposition (keeps only 1 value per 3D point)
Identify upstreamer points in TEMPO_WEIGHTING table
Identify upstreamer points in TEMPO_PRIORITIES table
Identify upstreamer points in TEMPO_PRIORITIES_WEIGHT table
Deals with superimposition (keeps only 1 value per 3D point)
Identify upstreamer points in TEMPO_WEIGHTING table
Identify upstreamer points in TEMPO_PRIORITIES table
Identify upstreamer points in TEMPO_PRIORITIES_WEIGHT table
Rotates geometries from -45.0 degrees
Identify grid points intersecting buildings
Set the initial 3D wind speed field
Time spent for wind speed initialization: 174.45765256881714 s
Shape: (225, 248, 28) - Nb cells: 1562400
Start to apply the wind solver
Iteration 1 (max 500)
   eps = 0.531819 >= 0.0001
Iteration 2 (max 500)
   eps = 0.358732 >= 0.0001
Iteration 3 (max 500)
   eps = 0.289145 >= 0.0001
Iteration 4 (max 500)
   eps = 0.241814 >= 0.0001
Iteration 5 (max 500)
   eps = 0.207836 >= 0.0001
Iteration 6 (max 500)
   eps = 0.180611 >= 0.0001
Iteration 7 (max 500)
   eps = 0.156448 >= 0.0001
Iteration 8 (max 500)
   eps = 0.136441 >= 0.0001
Iteration 9 (max 500)
   eps = 0.120389 >= 0.0001
Iteration 10 (max 500)
   eps = 0.108109 >= 0.0001
Iteration 11 (max 500)
   eps = 0.098636 >= 0.0001
Iteration 12 (max 500)
   eps = 0.09082 >= 0.0001
Iteration 13 (max 500)
   eps = 0.084519 >= 0.0001
Iteration 14 (max 500)
   eps = 0.07919 >= 0.0001
Iteration 15 (max 500)
   eps = 0.074359 >= 0.0001
Iteration 16 (max 500)
   eps = 0.070171 >= 0.0001
Iteration 17 (max 500)
   eps = 0.066671 >= 0.0001
Iteration 18 (max 500)
   eps = 0.063531 >= 0.0001
Iteration 19 (max 500)
   eps = 0.060902 >= 0.0001
Iteration 20 (max 500)
   eps = 0.058406 >= 0.0001
Iteration 21 (max 500)
   eps = 0.056673 >= 0.0001
Iteration 22 (max 500)
   eps = 0.054359 >= 0.0001
Iteration 23 (max 500)
   eps = 0.052726 >= 0.0001
Iteration 24 (max 500)
   eps = 0.051087 >= 0.0001
Iteration 25 (max 500)
   eps = 0.049173 >= 0.0001
Iteration 26 (max 500)
   eps = 0.060169 >= 0.0001
Iteration 27 (max 500)
   eps = 0.050286 >= 0.0001
Iteration 28 (max 500)
   eps = 0.04637 >= 0.0001
Iteration 29 (max 500)
   eps = 0.044638 >= 0.0001
Iteration 30 (max 500)
   eps = 0.04357 >= 0.0001
Iteration 31 (max 500)
   eps = 0.042563 >= 0.0001
Iteration 32 (max 500)
   eps = 0.041562 >= 0.0001
Iteration 33 (max 500)
   eps = 0.040593 >= 0.0001
Iteration 34 (max 500)
   eps = 0.039679 >= 0.0001
Iteration 35 (max 500)
   eps = 0.038841 >= 0.0001
Iteration 36 (max 500)
   eps = 0.037986 >= 0.0001
Iteration 37 (max 500)
   eps = 0.037085 >= 0.0001
Iteration 38 (max 500)
   eps = 0.036214 >= 0.0001
Iteration 39 (max 500)
   eps = 0.035387 >= 0.0001
Iteration 40 (max 500)
   eps = 0.034622 >= 0.0001
Iteration 41 (max 500)
   eps = 0.033862 >= 0.0001
Iteration 42 (max 500)
   eps = 0.033183 >= 0.0001
Iteration 43 (max 500)
   eps = 0.03257 >= 0.0001
Iteration 44 (max 500)
   eps = 0.031966 >= 0.0001
Iteration 45 (max 500)
   eps = 0.031399 >= 0.0001
Iteration 46 (max 500)
   eps = 0.030857 >= 0.0001
Iteration 47 (max 500)
   eps = 0.030345 >= 0.0001
Iteration 48 (max 500)
   eps = 0.029757 >= 0.0001
Iteration 49 (max 500)
   eps = 0.029244 >= 0.0001
Iteration 50 (max 500)
   eps = 0.028727 >= 0.0001
Iteration 51 (max 500)
   eps = 0.028176 >= 0.0001
Iteration 52 (max 500)
   eps = 0.027843 >= 0.0001
Iteration 53 (max 500)
   eps = 0.026987 >= 0.0001
Iteration 54 (max 500)
   eps = 0.026552 >= 0.0001
Iteration 55 (max 500)
   eps = 0.026063 >= 0.0001
Iteration 56 (max 500)
   eps = 0.025623 >= 0.0001
Iteration 57 (max 500)
   eps = 0.025215 >= 0.0001
Iteration 58 (max 500)
   eps = 0.024712 >= 0.0001
Iteration 59 (max 500)
   eps = 0.024266 >= 0.0001
Iteration 60 (max 500)
   eps = 0.023826 >= 0.0001
Iteration 61 (max 500)
   eps = 0.023386 >= 0.0001
Iteration 62 (max 500)
   eps = 0.022948 >= 0.0001
Iteration 63 (max 500)
   eps = 0.022542 >= 0.0001
Iteration 64 (max 500)
   eps = 0.02202 >= 0.0001
Iteration 65 (max 500)
   eps = 0.021587 >= 0.0001
Iteration 66 (max 500)
   eps = 0.021206 >= 0.0001
Iteration 67 (max 500)
   eps = 0.020833 >= 0.0001
Iteration 68 (max 500)
   eps = 0.020447 >= 0.0001
Iteration 69 (max 500)
   eps = 0.020036 >= 0.0001
Iteration 70 (max 500)
   eps = 0.019616 >= 0.0001
Iteration 71 (max 500)
   eps = 0.019176 >= 0.0001
Iteration 72 (max 500)
   eps = 0.018768 >= 0.0001
Iteration 73 (max 500)
   eps = 0.018402 >= 0.0001
Iteration 74 (max 500)
   eps = 0.018027 >= 0.0001
Iteration 75 (max 500)
   eps = 0.017659 >= 0.0001
Iteration 76 (max 500)
   eps = 0.017296 >= 0.0001
Iteration 77 (max 500)
   eps = 0.016913 >= 0.0001
Iteration 78 (max 500)
   eps = 0.016557 >= 0.0001
Iteration 79 (max 500)
   eps = 0.016227 >= 0.0001
Iteration 80 (max 500)
   eps = 0.015901 >= 0.0001
Iteration 81 (max 500)
   eps = 0.015598 >= 0.0001
Iteration 82 (max 500)
   eps = 0.01531 >= 0.0001
Iteration 83 (max 500)
   eps = 0.015045 >= 0.0001
Iteration 84 (max 500)
   eps = 0.014748 >= 0.0001
Iteration 85 (max 500)
   eps = 0.01448 >= 0.0001
Iteration 86 (max 500)
   eps = 0.014186 >= 0.0001
Iteration 87 (max 500)
   eps = 0.014013 >= 0.0001
Iteration 88 (max 500)
   eps = 0.013739 >= 0.0001
Iteration 89 (max 500)
   eps = 0.013417 >= 0.0001
Iteration 90 (max 500)
   eps = 0.01315 >= 0.0001
Iteration 91 (max 500)
   eps = 0.012862 >= 0.0001
Iteration 92 (max 500)
   eps = 0.012601 >= 0.0001
Iteration 93 (max 500)
   eps = 0.012351 >= 0.0001
Iteration 94 (max 500)
   eps = 0.012113 >= 0.0001
Iteration 95 (max 500)
   eps = 0.011895 >= 0.0001
Iteration 96 (max 500)
   eps = 0.011675 >= 0.0001
Iteration 97 (max 500)
   eps = 0.011451 >= 0.0001
Iteration 98 (max 500)
   eps = 0.011236 >= 0.0001
Iteration 99 (max 500)
   eps = 0.011011 >= 0.0001
Iteration 100 (max 500)
   eps = 0.010761 >= 0.0001
Iteration 101 (max 500)
   eps = 0.010501 >= 0.0001
Iteration 102 (max 500)
   eps = 0.010263 >= 0.0001
Iteration 103 (max 500)
   eps = 0.010043 >= 0.0001
Iteration 104 (max 500)
   eps = 0.00983 >= 0.0001
Iteration 105 (max 500)
   eps = 0.00962 >= 0.0001
Iteration 106 (max 500)
   eps = 0.009422 >= 0.0001
Iteration 107 (max 500)
   eps = 0.009222 >= 0.0001
Iteration 108 (max 500)
   eps = 0.00902 >= 0.0001
Iteration 109 (max 500)
   eps = 0.008821 >= 0.0001
Iteration 110 (max 500)
   eps = 0.00862 >= 0.0001
Iteration 111 (max 500)
   eps = 0.008424 >= 0.0001
Iteration 112 (max 500)
   eps = 0.008251 >= 0.0001
Iteration 113 (max 500)
   eps = 0.008084 >= 0.0001
Iteration 114 (max 500)
   eps = 0.007936 >= 0.0001
Iteration 115 (max 500)
   eps = 0.007773 >= 0.0001
Iteration 116 (max 500)
   eps = 0.007622 >= 0.0001
Iteration 117 (max 500)
   eps = 0.007488 >= 0.0001
Iteration 118 (max 500)
   eps = 0.007353 >= 0.0001
Iteration 119 (max 500)
   eps = 0.007222 >= 0.0001
Iteration 120 (max 500)
   eps = 0.007098 >= 0.0001
Iteration 121 (max 500)
   eps = 0.006999 >= 0.0001
Iteration 122 (max 500)
   eps = 0.00686 >= 0.0001
Iteration 123 (max 500)
   eps = 0.006727 >= 0.0001
Iteration 124 (max 500)
   eps = 0.006607 >= 0.0001
Iteration 125 (max 500)
   eps = 0.006467 >= 0.0001
Iteration 126 (max 500)
   eps = 0.006358 >= 0.0001
Iteration 127 (max 500)
   eps = 0.006232 >= 0.0001
Iteration 128 (max 500)
   eps = 0.006096 >= 0.0001
Iteration 129 (max 500)
   eps = 0.005959 >= 0.0001
Iteration 130 (max 500)
   eps = 0.005832 >= 0.0001
Iteration 131 (max 500)
   eps = 0.005712 >= 0.0001
Iteration 132 (max 500)
   eps = 0.0056 >= 0.0001
Iteration 133 (max 500)
   eps = 0.005477 >= 0.0001
Iteration 134 (max 500)
   eps = 0.005371 >= 0.0001
Iteration 135 (max 500)
   eps = 0.005274 >= 0.0001
Iteration 136 (max 500)
   eps = 0.005159 >= 0.0001
Iteration 137 (max 500)
   eps = 0.005052 >= 0.0001
Iteration 138 (max 500)
   eps = 0.004955 >= 0.0001
Iteration 139 (max 500)
   eps = 0.004852 >= 0.0001
Iteration 140 (max 500)
   eps = 0.004759 >= 0.0001
Iteration 141 (max 500)
   eps = 0.004659 >= 0.0001
Iteration 142 (max 500)
   eps = 0.004561 >= 0.0001
Iteration 143 (max 500)
   eps = 0.004467 >= 0.0001
Iteration 144 (max 500)
   eps = 0.004374 >= 0.0001
Iteration 145 (max 500)
   eps = 0.004285 >= 0.0001
Iteration 146 (max 500)
   eps = 0.004199 >= 0.0001
Iteration 147 (max 500)
   eps = 0.004113 >= 0.0001
Iteration 148 (max 500)
   eps = 0.004029 >= 0.0001
Iteration 149 (max 500)
   eps = 0.003949 >= 0.0001
Iteration 150 (max 500)
   eps = 0.003873 >= 0.0001
Iteration 151 (max 500)
   eps = 0.003804 >= 0.0001
Iteration 152 (max 500)
   eps = 0.003748 >= 0.0001
Iteration 153 (max 500)
   eps = 0.003691 >= 0.0001
Iteration 154 (max 500)
   eps = 0.003612 >= 0.0001
Iteration 155 (max 500)
   eps = 0.003526 >= 0.0001
Iteration 156 (max 500)
   eps = 0.003453 >= 0.0001
Iteration 157 (max 500)
   eps = 0.003383 >= 0.0001
Iteration 158 (max 500)
   eps = 0.003308 >= 0.0001
Iteration 159 (max 500)
   eps = 0.003239 >= 0.0001
Iteration 160 (max 500)
   eps = 0.003176 >= 0.0001
Iteration 161 (max 500)
   eps = 0.003116 >= 0.0001
Iteration 162 (max 500)
   eps = 0.003058 >= 0.0001
Iteration 163 (max 500)
   eps = 0.002999 >= 0.0001
Iteration 164 (max 500)
   eps = 0.002939 >= 0.0001
Iteration 165 (max 500)
   eps = 0.002872 >= 0.0001
Iteration 166 (max 500)
   eps = 0.002812 >= 0.0001
Iteration 167 (max 500)
   eps = 0.002754 >= 0.0001
Iteration 168 (max 500)
   eps = 0.002704 >= 0.0001
Iteration 169 (max 500)
   eps = 0.002653 >= 0.0001
Iteration 170 (max 500)
   eps = 0.002606 >= 0.0001
Iteration 171 (max 500)
   eps = 0.002559 >= 0.0001
Iteration 172 (max 500)
   eps = 0.002505 >= 0.0001
Iteration 173 (max 500)
   eps = 0.00245 >= 0.0001
Iteration 174 (max 500)
   eps = 0.0024 >= 0.0001
Iteration 175 (max 500)
   eps = 0.002356 >= 0.0001
Iteration 176 (max 500)
   eps = 0.002309 >= 0.0001
Iteration 177 (max 500)
   eps = 0.002269 >= 0.0001
Iteration 178 (max 500)
   eps = 0.002239 >= 0.0001
Iteration 179 (max 500)
   eps = 0.002202 >= 0.0001
Iteration 180 (max 500)
   eps = 0.002172 >= 0.0001
Iteration 181 (max 500)
   eps = 0.002136 >= 0.0001
Iteration 182 (max 500)
   eps = 0.002071 >= 0.0001
Iteration 183 (max 500)
   eps = 0.002027 >= 0.0001
Iteration 184 (max 500)
   eps = 0.001979 >= 0.0001
Iteration 185 (max 500)
   eps = 0.001936 >= 0.0001
Iteration 186 (max 500)
   eps = 0.001896 >= 0.0001
Iteration 187 (max 500)
   eps = 0.001863 >= 0.0001
Iteration 188 (max 500)
   eps = 0.001827 >= 0.0001
Iteration 189 (max 500)
   eps = 0.001793 >= 0.0001
Iteration 190 (max 500)
   eps = 0.001761 >= 0.0001
Iteration 191 (max 500)
   eps = 0.001731 >= 0.0001
Iteration 192 (max 500)
   eps = 0.001697 >= 0.0001
Iteration 193 (max 500)
   eps = 0.001671 >= 0.0001
Iteration 194 (max 500)
   eps = 0.001638 >= 0.0001
Iteration 195 (max 500)
   eps = 0.001605 >= 0.0001
Iteration 196 (max 500)
   eps = 0.001569 >= 0.0001
Iteration 197 (max 500)
   eps = 0.001548 >= 0.0001
Iteration 198 (max 500)
   eps = 0.001518 >= 0.0001
Iteration 199 (max 500)
   eps = 0.001487 >= 0.0001
Iteration 200 (max 500)
   eps = 0.001452 >= 0.0001
Iteration 201 (max 500)
   eps = 0.001416 >= 0.0001
Iteration 202 (max 500)
   eps = 0.001388 >= 0.0001
Iteration 203 (max 500)
   eps = 0.001357 >= 0.0001
Iteration 204 (max 500)
   eps = 0.001332 >= 0.0001
Iteration 205 (max 500)
   eps = 0.001308 >= 0.0001
Iteration 206 (max 500)
   eps = 0.001283 >= 0.0001
Iteration 207 (max 500)
   eps = 0.001258 >= 0.0001
Iteration 208 (max 500)
   eps = 0.001241 >= 0.0001
Iteration 209 (max 500)
   eps = 0.00122 >= 0.0001
Iteration 210 (max 500)
   eps = 0.001194 >= 0.0001
Iteration 211 (max 500)
   eps = 0.001174 >= 0.0001
Iteration 212 (max 500)
   eps = 0.001148 >= 0.0001
Iteration 213 (max 500)
   eps = 0.001129 >= 0.0001
Iteration 214 (max 500)
   eps = 0.001107 >= 0.0001
Iteration 215 (max 500)
   eps = 0.001086 >= 0.0001
Iteration 216 (max 500)
   eps = 0.001061 >= 0.0001
Iteration 217 (max 500)
   eps = 0.001042 >= 0.0001
Iteration 218 (max 500)
   eps = 0.001018 >= 0.0001
Iteration 219 (max 500)
   eps = 0.001001 >= 0.0001
Iteration 220 (max 500)
   eps = 0.000981 >= 0.0001
Iteration 221 (max 500)
   eps = 0.000961 >= 0.0001
Iteration 222 (max 500)
   eps = 0.00094 >= 0.0001
Iteration 223 (max 500)
   eps = 0.000922 >= 0.0001
Iteration 224 (max 500)
   eps = 0.000904 >= 0.0001
Iteration 225 (max 500)
   eps = 0.000886 >= 0.0001
Iteration 226 (max 500)
   eps = 0.00087 >= 0.0001
Iteration 227 (max 500)
   eps = 0.000851 >= 0.0001
Iteration 228 (max 500)
   eps = 0.000835 >= 0.0001
Iteration 229 (max 500)
   eps = 0.000816 >= 0.0001
Iteration 230 (max 500)
   eps = 0.000799 >= 0.0001
Iteration 231 (max 500)
   eps = 0.000783 >= 0.0001
Iteration 232 (max 500)
   eps = 0.000766 >= 0.0001
Iteration 233 (max 500)
   eps = 0.00075 >= 0.0001
Iteration 234 (max 500)
   eps = 0.000735 >= 0.0001
Iteration 235 (max 500)
   eps = 0.000722 >= 0.0001
Iteration 236 (max 500)
   eps = 0.000708 >= 0.0001
Iteration 237 (max 500)
   eps = 0.000695 >= 0.0001
Iteration 238 (max 500)
   eps = 0.000681 >= 0.0001
Iteration 239 (max 500)
   eps = 0.000668 >= 0.0001
Iteration 240 (max 500)
   eps = 0.000657 >= 0.0001
Iteration 241 (max 500)
   eps = 0.000644 >= 0.0001
Iteration 242 (max 500)
   eps = 0.00063 >= 0.0001
Iteration 243 (max 500)
   eps = 0.000618 >= 0.0001
Iteration 244 (max 500)
   eps = 0.000607 >= 0.0001
Iteration 245 (max 500)
   eps = 0.000594 >= 0.0001
Iteration 246 (max 500)
   eps = 0.000584 >= 0.0001
Iteration 247 (max 500)
   eps = 0.000572 >= 0.0001
Iteration 248 (max 500)
   eps = 0.00056 >= 0.0001
Iteration 249 (max 500)
   eps = 0.000549 >= 0.0001
Iteration 250 (max 500)
   eps = 0.000537 >= 0.0001
Iteration 251 (max 500)
   eps = 0.000526 >= 0.0001
Iteration 252 (max 500)
   eps = 0.000515 >= 0.0001
Iteration 253 (max 500)
   eps = 0.000506 >= 0.0001
Iteration 254 (max 500)
   eps = 0.000497 >= 0.0001
Iteration 255 (max 500)
   eps = 0.000488 >= 0.0001
Iteration 256 (max 500)
   eps = 0.000479 >= 0.0001
Iteration 257 (max 500)
   eps = 0.000471 >= 0.0001
Iteration 258 (max 500)
   eps = 0.000462 >= 0.0001
Iteration 259 (max 500)
   eps = 0.000453 >= 0.0001
Iteration 260 (max 500)
   eps = 0.000443 >= 0.0001
Iteration 261 (max 500)
   eps = 0.000435 >= 0.0001
Iteration 262 (max 500)
   eps = 0.000425 >= 0.0001
Iteration 263 (max 500)
   eps = 0.000417 >= 0.0001
Iteration 264 (max 500)
   eps = 0.000409 >= 0.0001
Iteration 265 (max 500)
   eps = 0.000402 >= 0.0001
Iteration 266 (max 500)
   eps = 0.000395 >= 0.0001
Iteration 267 (max 500)
   eps = 0.000387 >= 0.0001
Iteration 268 (max 500)
   eps = 0.000379 >= 0.0001
Iteration 269 (max 500)
   eps = 0.000372 >= 0.0001
Iteration 270 (max 500)
   eps = 0.000365 >= 0.0001
Iteration 271 (max 500)
   eps = 0.000358 >= 0.0001
Iteration 272 (max 500)
   eps = 0.000351 >= 0.0001
Iteration 273 (max 500)
   eps = 0.000344 >= 0.0001
Iteration 274 (max 500)
   eps = 0.000337 >= 0.0001
Iteration 275 (max 500)
   eps = 0.000331 >= 0.0001
Iteration 276 (max 500)
   eps = 0.000324 >= 0.0001
Iteration 277 (max 500)
   eps = 0.000318 >= 0.0001
Iteration 278 (max 500)
   eps = 0.000312 >= 0.0001
Iteration 279 (max 500)
   eps = 0.000305 >= 0.0001
Iteration 280 (max 500)
   eps = 0.000299 >= 0.0001
Iteration 281 (max 500)
   eps = 0.000293 >= 0.0001
Iteration 282 (max 500)
   eps = 0.000287 >= 0.0001
Iteration 283 (max 500)
   eps = 0.000281 >= 0.0001
Iteration 284 (max 500)
   eps = 0.000276 >= 0.0001
Iteration 285 (max 500)
   eps = 0.000272 >= 0.0001
Iteration 286 (max 500)
   eps = 0.000267 >= 0.0001
Iteration 287 (max 500)
   eps = 0.000262 >= 0.0001
Iteration 288 (max 500)
   eps = 0.000257 >= 0.0001
Iteration 289 (max 500)
   eps = 0.000253 >= 0.0001
Iteration 290 (max 500)
   eps = 0.000248 >= 0.0001
Iteration 291 (max 500)
   eps = 0.000243 >= 0.0001
Iteration 292 (max 500)
   eps = 0.000238 >= 0.0001
Iteration 293 (max 500)
   eps = 0.000233 >= 0.0001
Iteration 294 (max 500)
   eps = 0.000229 >= 0.0001
Iteration 295 (max 500)
   eps = 0.000224 >= 0.0001
Iteration 296 (max 500)
   eps = 0.000219 >= 0.0001
Iteration 297 (max 500)
   eps = 0.000214 >= 0.0001
Iteration 298 (max 500)
   eps = 0.000209 >= 0.0001
Iteration 299 (max 500)
   eps = 0.000205 >= 0.0001
Iteration 300 (max 500)
   eps = 0.0002 >= 0.0001
Iteration 301 (max 500)
   eps = 0.000196 >= 0.0001
Iteration 302 (max 500)
   eps = 0.000193 >= 0.0001
Iteration 303 (max 500)
   eps = 0.000189 >= 0.0001
Iteration 304 (max 500)
   eps = 0.000185 >= 0.0001
Iteration 305 (max 500)
   eps = 0.000182 >= 0.0001
Iteration 306 (max 500)
   eps = 0.000178 >= 0.0001
Iteration 307 (max 500)
   eps = 0.000174 >= 0.0001
Iteration 308 (max 500)
   eps = 0.000171 >= 0.0001
Iteration 309 (max 500)
   eps = 0.000168 >= 0.0001
Iteration 310 (max 500)
   eps = 0.000165 >= 0.0001
Iteration 311 (max 500)
   eps = 0.000162 >= 0.0001
Iteration 312 (max 500)
   eps = 0.000159 >= 0.0001
Iteration 313 (max 500)
   eps = 0.000156 >= 0.0001
Iteration 314 (max 500)
   eps = 0.000153 >= 0.0001
Iteration 315 (max 500)
   eps = 0.00015 >= 0.0001
Iteration 316 (max 500)
   eps = 0.000147 >= 0.0001
Iteration 317 (max 500)
   eps = 0.000144 >= 0.0001
Iteration 318 (max 500)
   eps = 0.000141 >= 0.0001
Iteration 319 (max 500)
   eps = 0.000138 >= 0.0001
Iteration 320 (max 500)
   eps = 0.000134 >= 0.0001
Iteration 321 (max 500)
   eps = 0.000132 >= 0.0001
Iteration 322 (max 500)
   eps = 0.000129 >= 0.0001
Iteration 323 (max 500)
   eps = 0.000126 >= 0.0001
Iteration 324 (max 500)
   eps = 0.000123 >= 0.0001
Iteration 325 (max 500)
   eps = 0.000121 >= 0.0001
Iteration 326 (max 500)
   eps = 0.000118 >= 0.0001
Iteration 327 (max 500)
   eps = 0.000116 >= 0.0001
Iteration 328 (max 500)
   eps = 0.000113 >= 0.0001
Iteration 329 (max 500)
   eps = 0.000111 >= 0.0001
Iteration 330 (max 500)
   eps = 0.000109 >= 0.0001
Iteration 331 (max 500)
   eps = 0.000107 >= 0.0001
Iteration 332 (max 500)
   eps = 0.000105 >= 0.0001
Iteration 333 (max 500)
   eps = 0.000103 >= 0.0001
Iteration 334 (max 500)
   eps = 0.000101 >= 0.0001
Iteration 335 (max 500)
Time spent by the wind speed solver: 84.78879427909851 s
Rotates geometries from -45.0 degrees
Interp succeeded!!! for tmp_file
Interp succeeded!!! for tmp_file
Interp succeeded!!! for tmp_file
Interp succeeded!!! for tmp_file
Interp succeeded!!! for tmp_file
Interp succeeded!!! for tmp_file
Process 3995979: Successfully ran URock for tile output 'wind_field_raw_tile_23'.
Process 3995979: Elapsed time for URock ('wind_field_raw_tile_23'): 372.46 seconds.
[Master] Process 3995979 - Tile 23: Finished processing.
Info: Debuffered '/storage/project/r-rbasu31-0/hyu483/Test_UMEP/UROCK_output_35_spawn/temp_intermediate_files/tile_23_urock_raw_outputs/z1_5/wind_field_raw_tile_23WS.tif' to '/storage/project/r-rbasu31-0/hyu483/Test_UMEP/UROCK_output_35_spawn/urock_tiled_output/urock_wind_field_tile_23WS.tif' (original extent: (234182.59099838723, 902732.4833440109, 234382.59099838723, 902792.4786978494)).
(34, (234582.59099838723, 902532.4833440109, 234642.58635222574, 902732.4833440109), (234382.59099838723, 902332.4833440109, 234642.58635222574, 902792.4786978494), {'buildings': '/storage/project/r-rbasu31-0/hyu483/Test_UMEP/UROCK/input/building_26986.shp', 'veg': '/storage/project/r-rbasu31-0/hyu483/Test_UMEP/UROCK/input/veg_26986.shp', 'template_rast': '/storage/project/r-rbasu31-0/hyu483/Test_UMEP/UROCK/input/../DSM_26986_2.tif', 'base_output_dir': '/storage/project/r-rbasu31-0/hyu483/Test_UMEP/UROCK_output_35_spawn/urock_tiled_output'})
Info: Sliced and clipped '/storage/project/r-rbasu31-0/hyu483/Test_UMEP/UROCK/input/building_26986.shp' to '/storage/project/r-rbasu31-0/hyu483/Test_UMEP/UROCK_output_35_spawn/temp_intermediate_files/tile_34_sliced_inputs/buildings_tile_34.shp'. Copied 124 features.
Info: Sliced and clipped '/storage/project/r-rbasu31-0/hyu483/Test_UMEP/UROCK/input/veg_26986.shp' to '/storage/project/r-rbasu31-0/hyu483/Test_UMEP/UROCK_output_35_spawn/temp_intermediate_files/tile_34_sliced_inputs/veg_tile_34.shp'. Copied 75 features.
Info: Sliced '/storage/project/r-rbasu31-0/hyu483/Test_UMEP/UROCK/input/../DSM_26986_2.tif' to '/storage/project/r-rbasu31-0/hyu483/Test_UMEP/UROCK_output_35_spawn/temp_intermediate_files/tile_34_sliced_inputs/template_tile_34.tif' (Extent: (234382.59099838723, 902332.4833440109, 234642.58635222574, 902792.4786978494)).
Tile 34: Running URock...
Process 3995979: Running URock for tile output 'wind_field_raw_tile_34'...
Connecting to database
	->/tmp/URock_2025-12-21T180844b2163afb-9f82-48f0-954b-15230f2da495/myDbH2
/storage/home/hcoda1/4/hyu483/qgis_332/profiles/default/python/plugins/processing_umep/functions/URock/h2gis-standalone/h2gis-dist-2.2.3.jar
Connected!

Spatial functions added!

Load input data
Load table 'build_pre_srid_20251221180910'
Load table 'veg_pre_srid_20251221180910'
Creates blocks and stacked blocks
Rotates geometries from 45.0 degrees
Identify block base height and block cavity base
Calculates obstacle properties
Calculates zone properties
Initializes upwind facades
Update upwind facades base height
Initializes downwind facades
Calculates study area properties
Roughness zone properties are:

                                 - z0: 1.3360641105482491
                                 - d: 6.013593718999879
                                 - Hr: 10.678071112123924
                                 - H_ob_max: 56
                                 - lambda_f: 0.12512223383034757
Rotates geometries from -45.0 degrees
Rotates geometries from -45.0 degrees
Rotates geometries from -45.0 degrees
Creates displacement zones
Rotates geometries from -45.0 degrees
Rotates geometries from -45.0 degrees
Creates cavity and wake zones
Rotates geometries from -45.0 degrees
Rotates geometries from -45.0 degrees
Creates street canyon zones
Rotates geometries from -45.0 degrees
Creates rooftop zones (perpendicular and corner)
Rotates geometries from -45.0 degrees
Rotates geometries from -45.0 degrees
Creates built-up and open vegetation zones
Rotates geometries from -45.0 degrees
Rotates geometries from -45.0 degrees
Identify the buildings concerned by the impacted zone chosen by the user
Creates the grid of points
Affects each grid point to a building Rockle zone and calculates needed 
          variables for 3D wind speed
Affects each grid point to a vegetation Rockle zone and calculates 
          needed variables for 3D wind speed
Remove some of the Röckle zone points
Creates backward zones
Calculates the 3D wind speed factor value for each point of each BUILDING zone
Rotates geometries from -45.0 degrees
Rotates geometries from -45.0 degrees
Rotates geometries from -45.0 degrees
Rotates geometries from -45.0 degrees
Rotates geometries from -45.0 degrees
Rotates geometries from -45.0 degrees
Rotates geometries from -45.0 degrees
Rotates geometries from -45.0 degrees
Rotates geometries from -45.0 degrees
Calculates the 3D wind speed factor value for each point of each VEGETATION zone
Rotates geometries from -45.0 degrees
Deals with superimposition (keeps only 1 value per 3D point)
Deals with superimposition (keeps only 1 value per 3D point)
Identify upstreamer points in TEMPO_WEIGHTING table
Identify upstreamer points in TEMPO_PRIORITIES table
Identify upstreamer points in TEMPO_PRIORITIES_WEIGHT table
Deals with superimposition (keeps only 1 value per 3D point)
Identify upstreamer points in TEMPO_WEIGHTING table
Identify upstreamer points in TEMPO_PRIORITIES table
Identify upstreamer points in TEMPO_PRIORITIES_WEIGHT table
Rotates geometries from -45.0 degrees
Identify grid points intersecting buildings
Set the initial 3D wind speed field
Time spent for wind speed initialization: 179.82317543029785 s
Shape: (212, 260, 28) - Nb cells: 1543360
Start to apply the wind solver
Iteration 1 (max 500)
   eps = 0.536674 >= 0.0001
Iteration 2 (max 500)
   eps = 0.377728 >= 0.0001
Iteration 3 (max 500)
   eps = 0.309908 >= 0.0001
Iteration 4 (max 500)
   eps = 0.259317 >= 0.0001
Iteration 5 (max 500)
   eps = 0.220282 >= 0.0001
Iteration 6 (max 500)
   eps = 0.191835 >= 0.0001
Iteration 7 (max 500)
   eps = 0.167299 >= 0.0001
Iteration 8 (max 500)
   eps = 0.148235 >= 0.0001
Iteration 9 (max 500)
   eps = 0.132234 >= 0.0001
Iteration 10 (max 500)
   eps = 0.119761 >= 0.0001
Iteration 11 (max 500)
   eps = 0.109701 >= 0.0001
Iteration 12 (max 500)
   eps = 0.101398 >= 0.0001
Iteration 13 (max 500)
   eps = 0.094236 >= 0.0001
Iteration 14 (max 500)
   eps = 0.087965 >= 0.0001
Iteration 15 (max 500)
   eps = 0.082669 >= 0.0001
Iteration 16 (max 500)
   eps = 0.077995 >= 0.0001
Iteration 17 (max 500)
   eps = 0.073766 >= 0.0001
Iteration 18 (max 500)
   eps = 0.070017 >= 0.0001
Iteration 19 (max 500)
   eps = 0.066759 >= 0.0001
Iteration 20 (max 500)
   eps = 0.06388 >= 0.0001
Iteration 21 (max 500)
   eps = 0.061356 >= 0.0001
Iteration 22 (max 500)
   eps = 0.058971 >= 0.0001
Iteration 23 (max 500)
   eps = 0.05672 >= 0.0001
Iteration 24 (max 500)
   eps = 0.055016 >= 0.0001
Iteration 25 (max 500)
   eps = 0.052797 >= 0.0001
Iteration 26 (max 500)
   eps = 0.061495 >= 0.0001
Iteration 27 (max 500)
   eps = 0.052598 >= 0.0001
Iteration 28 (max 500)
   eps = 0.048822 >= 0.0001
Iteration 29 (max 500)
   eps = 0.046994 >= 0.0001
Iteration 30 (max 500)
   eps = 0.045702 >= 0.0001
Iteration 31 (max 500)
   eps = 0.044589 >= 0.0001
Iteration 32 (max 500)
   eps = 0.043541 >= 0.0001
Iteration 33 (max 500)
   eps = 0.042398 >= 0.0001
Iteration 34 (max 500)
   eps = 0.041297 >= 0.0001
Iteration 35 (max 500)
   eps = 0.040236 >= 0.0001
Iteration 36 (max 500)
   eps = 0.039239 >= 0.0001
Iteration 37 (max 500)
   eps = 0.038297 >= 0.0001
Iteration 38 (max 500)
   eps = 0.037405 >= 0.0001
Iteration 39 (max 500)
   eps = 0.036497 >= 0.0001
Iteration 40 (max 500)
   eps = 0.035676 >= 0.0001
Iteration 41 (max 500)
   eps = 0.034898 >= 0.0001
Iteration 42 (max 500)
   eps = 0.034166 >= 0.0001
Iteration 43 (max 500)
   eps = 0.033511 >= 0.0001
Iteration 44 (max 500)
   eps = 0.032929 >= 0.0001
Iteration 45 (max 500)
   eps = 0.032403 >= 0.0001
Iteration 46 (max 500)
   eps = 0.031842 >= 0.0001
Iteration 47 (max 500)
   eps = 0.031262 >= 0.0001
Iteration 48 (max 500)
   eps = 0.030594 >= 0.0001
Iteration 49 (max 500)
   eps = 0.029954 >= 0.0001
Iteration 50 (max 500)
   eps = 0.029351 >= 0.0001
Iteration 51 (max 500)
   eps = 0.028799 >= 0.0001
Iteration 52 (max 500)
   eps = 0.028314 >= 0.0001
Iteration 53 (max 500)
   eps = 0.027822 >= 0.0001
Iteration 54 (max 500)
   eps = 0.027267 >= 0.0001
Iteration 55 (max 500)
   eps = 0.026837 >= 0.0001
Iteration 56 (max 500)
   eps = 0.026361 >= 0.0001
Iteration 57 (max 500)
   eps = 0.025895 >= 0.0001
Iteration 58 (max 500)
   eps = 0.025378 >= 0.0001
Iteration 59 (max 500)
   eps = 0.024842 >= 0.0001
Iteration 60 (max 500)
   eps = 0.024319 >= 0.0001
Iteration 61 (max 500)
   eps = 0.023846 >= 0.0001
Iteration 62 (max 500)
   eps = 0.023377 >= 0.0001
Iteration 63 (max 500)
   eps = 0.022892 >= 0.0001
Iteration 64 (max 500)
   eps = 0.022406 >= 0.0001
Iteration 65 (max 500)
   eps = 0.021974 >= 0.0001
Iteration 66 (max 500)
   eps = 0.021566 >= 0.0001
Iteration 67 (max 500)
   eps = 0.021149 >= 0.0001
Iteration 68 (max 500)
   eps = 0.020743 >= 0.0001
Iteration 69 (max 500)
   eps = 0.020337 >= 0.0001
Iteration 70 (max 500)
   eps = 0.019922 >= 0.0001
Iteration 71 (max 500)
   eps = 0.019527 >= 0.0001
Iteration 72 (max 500)
   eps = 0.019134 >= 0.0001
Iteration 73 (max 500)
   eps = 0.018802 >= 0.0001
Iteration 74 (max 500)
   eps = 0.018446 >= 0.0001
Iteration 75 (max 500)
   eps = 0.018085 >= 0.0001
Iteration 76 (max 500)
   eps = 0.017746 >= 0.0001
Iteration 77 (max 500)
   eps = 0.017351 >= 0.0001
Iteration 78 (max 500)
   eps = 0.017009 >= 0.0001
Iteration 79 (max 500)
   eps = 0.016662 >= 0.0001
Iteration 80 (max 500)
   eps = 0.016335 >= 0.0001
Iteration 81 (max 500)
   eps = 0.016017 >= 0.0001
Iteration 82 (max 500)
   eps = 0.015696 >= 0.0001
Iteration 83 (max 500)
   eps = 0.01539 >= 0.0001
Iteration 84 (max 500)
   eps = 0.015119 >= 0.0001
Iteration 85 (max 500)
   eps = 0.014831 >= 0.0001
Iteration 86 (max 500)
   eps = 0.014549 >= 0.0001
Iteration 87 (max 500)
   eps = 0.014298 >= 0.0001
Iteration 88 (max 500)
   eps = 0.014034 >= 0.0001
Iteration 89 (max 500)
   eps = 0.013772 >= 0.0001
Iteration 90 (max 500)
   eps = 0.013474 >= 0.0001
Iteration 91 (max 500)
   eps = 0.013205 >= 0.0001
Iteration 92 (max 500)
   eps = 0.012932 >= 0.0001
Iteration 93 (max 500)
   eps = 0.012662 >= 0.0001
Iteration 94 (max 500)
   eps = 0.012421 >= 0.0001
Iteration 95 (max 500)
   eps = 0.012195 >= 0.0001
Iteration 96 (max 500)
   eps = 0.011959 >= 0.0001
Iteration 97 (max 500)
   eps = 0.011707 >= 0.0001
Iteration 98 (max 500)
   eps = 0.01148 >= 0.0001
Iteration 99 (max 500)
   eps = 0.01127 >= 0.0001
Iteration 100 (max 500)
   eps = 0.011023 >= 0.0001
Iteration 101 (max 500)
   eps = 0.010808 >= 0.0001
Iteration 102 (max 500)
   eps = 0.01057 >= 0.0001
Iteration 103 (max 500)
   eps = 0.010337 >= 0.0001
Iteration 104 (max 500)
   eps = 0.010112 >= 0.0001
Iteration 105 (max 500)
   eps = 0.009903 >= 0.0001
Iteration 106 (max 500)
   eps = 0.009689 >= 0.0001
Iteration 107 (max 500)
   eps = 0.0095 >= 0.0001
Iteration 108 (max 500)
   eps = 0.009279 >= 0.0001
Iteration 109 (max 500)
   eps = 0.009069 >= 0.0001
Iteration 110 (max 500)
   eps = 0.008885 >= 0.0001
Iteration 111 (max 500)
   eps = 0.008715 >= 0.0001
Iteration 112 (max 500)
   eps = 0.008565 >= 0.0001
Iteration 113 (max 500)
   eps = 0.008424 >= 0.0001
Iteration 114 (max 500)
   eps = 0.008266 >= 0.0001
Iteration 115 (max 500)
   eps = 0.008144 >= 0.0001
Iteration 116 (max 500)
   eps = 0.00802 >= 0.0001
Iteration 117 (max 500)
   eps = 0.007905 >= 0.0001
Iteration 118 (max 500)
   eps = 0.007778 >= 0.0001
Iteration 119 (max 500)
   eps = 0.00762 >= 0.0001
Iteration 120 (max 500)
   eps = 0.007497 >= 0.0001
Iteration 121 (max 500)
   eps = 0.00741 >= 0.0001
Iteration 122 (max 500)
   eps = 0.007235 >= 0.0001
Iteration 123 (max 500)
   eps = 0.007045 >= 0.0001
Iteration 124 (max 500)
   eps = 0.006867 >= 0.0001
Iteration 125 (max 500)
   eps = 0.006703 >= 0.0001
Iteration 126 (max 500)
   eps = 0.006559 >= 0.0001
Iteration 127 (max 500)
   eps = 0.006424 >= 0.0001
Iteration 128 (max 500)
   eps = 0.006289 >= 0.0001
Iteration 129 (max 500)
   eps = 0.006157 >= 0.0001
Iteration 130 (max 500)
   eps = 0.006032 >= 0.0001
Iteration 131 (max 500)
   eps = 0.005906 >= 0.0001
Iteration 132 (max 500)
   eps = 0.005806 >= 0.0001
Iteration 133 (max 500)
   eps = 0.005674 >= 0.0001
Iteration 134 (max 500)
   eps = 0.005559 >= 0.0001
Iteration 135 (max 500)
   eps = 0.005462 >= 0.0001
Iteration 136 (max 500)
   eps = 0.005371 >= 0.0001
Iteration 137 (max 500)
   eps = 0.00527 >= 0.0001
Iteration 138 (max 500)
   eps = 0.005159 >= 0.0001
Iteration 139 (max 500)
   eps = 0.005043 >= 0.0001
Iteration 140 (max 500)
   eps = 0.004938 >= 0.0001
Iteration 141 (max 500)
   eps = 0.004842 >= 0.0001
Iteration 142 (max 500)
   eps = 0.004746 >= 0.0001
Iteration 143 (max 500)
   eps = 0.004664 >= 0.0001
Iteration 144 (max 500)
   eps = 0.004571 >= 0.0001
Iteration 145 (max 500)
   eps = 0.004477 >= 0.0001
Iteration 146 (max 500)
   eps = 0.004379 >= 0.0001
Iteration 147 (max 500)
   eps = 0.004285 >= 0.0001
Iteration 148 (max 500)
   eps = 0.004196 >= 0.0001
Iteration 149 (max 500)
   eps = 0.004103 >= 0.0001
Iteration 150 (max 500)
   eps = 0.004015 >= 0.0001
Iteration 151 (max 500)
   eps = 0.00392 >= 0.0001
Iteration 152 (max 500)
   eps = 0.003844 >= 0.0001
Iteration 153 (max 500)
   eps = 0.003771 >= 0.0001
Iteration 154 (max 500)
   eps = 0.003699 >= 0.0001
Iteration 155 (max 500)
   eps = 0.00363 >= 0.0001
Iteration 156 (max 500)
   eps = 0.003557 >= 0.0001
Iteration 157 (max 500)
   eps = 0.003498 >= 0.0001
Iteration 158 (max 500)
   eps = 0.003433 >= 0.0001
Iteration 159 (max 500)
   eps = 0.003361 >= 0.0001
Iteration 160 (max 500)
   eps = 0.003292 >= 0.0001
Iteration 161 (max 500)
   eps = 0.00322 >= 0.0001
Iteration 162 (max 500)
   eps = 0.003154 >= 0.0001
Iteration 163 (max 500)
   eps = 0.003088 >= 0.0001
Iteration 164 (max 500)
   eps = 0.003027 >= 0.0001
Iteration 165 (max 500)
   eps = 0.002978 >= 0.0001
Iteration 166 (max 500)
   eps = 0.002929 >= 0.0001
Iteration 167 (max 500)
   eps = 0.002874 >= 0.0001
Iteration 168 (max 500)
   eps = 0.002817 >= 0.0001
Iteration 169 (max 500)
   eps = 0.002753 >= 0.0001
Iteration 170 (max 500)
   eps = 0.002689 >= 0.0001
Iteration 171 (max 500)
   eps = 0.002637 >= 0.0001
Iteration 172 (max 500)
   eps = 0.002585 >= 0.0001
Iteration 173 (max 500)
   eps = 0.002529 >= 0.0001
Iteration 174 (max 500)
   eps = 0.002484 >= 0.0001
Iteration 175 (max 500)
   eps = 0.002435 >= 0.0001
Iteration 176 (max 500)
   eps = 0.002393 >= 0.0001
Iteration 177 (max 500)
   eps = 0.002346 >= 0.0001
Iteration 178 (max 500)
   eps = 0.002303 >= 0.0001
Iteration 179 (max 500)
   eps = 0.002257 >= 0.0001
Iteration 180 (max 500)
   eps = 0.002212 >= 0.0001
Iteration 181 (max 500)
   eps = 0.00217 >= 0.0001
Iteration 182 (max 500)
   eps = 0.002124 >= 0.0001
Iteration 183 (max 500)
   eps = 0.002079 >= 0.0001
Iteration 184 (max 500)
   eps = 0.002035 >= 0.0001
Iteration 185 (max 500)
   eps = 0.001993 >= 0.0001
Iteration 186 (max 500)
   eps = 0.001959 >= 0.0001
Iteration 187 (max 500)
   eps = 0.001922 >= 0.0001
Iteration 188 (max 500)
   eps = 0.001887 >= 0.0001
Iteration 189 (max 500)
   eps = 0.001848 >= 0.0001
Iteration 190 (max 500)
   eps = 0.001814 >= 0.0001
Iteration 191 (max 500)
   eps = 0.00178 >= 0.0001
Iteration 192 (max 500)
   eps = 0.001745 >= 0.0001
Iteration 193 (max 500)
   eps = 0.00171 >= 0.0001
Iteration 194 (max 500)
   eps = 0.00168 >= 0.0001
Iteration 195 (max 500)
   eps = 0.001649 >= 0.0001
Iteration 196 (max 500)
   eps = 0.001616 >= 0.0001
Iteration 197 (max 500)
   eps = 0.001582 >= 0.0001
Iteration 198 (max 500)
   eps = 0.001548 >= 0.0001
Iteration 199 (max 500)
   eps = 0.001519 >= 0.0001
Iteration 200 (max 500)
   eps = 0.001492 >= 0.0001
Iteration 201 (max 500)
   eps = 0.00146 >= 0.0001
Iteration 202 (max 500)
   eps = 0.001431 >= 0.0001
Iteration 203 (max 500)
   eps = 0.001402 >= 0.0001
Iteration 204 (max 500)
   eps = 0.001373 >= 0.0001
Iteration 205 (max 500)
   eps = 0.001349 >= 0.0001
Iteration 206 (max 500)
   eps = 0.001319 >= 0.0001
Iteration 207 (max 500)
   eps = 0.001292 >= 0.0001
Iteration 208 (max 500)
   eps = 0.001267 >= 0.0001
Iteration 209 (max 500)
   eps = 0.001244 >= 0.0001
Iteration 210 (max 500)
   eps = 0.00122 >= 0.0001
Iteration 211 (max 500)
   eps = 0.001196 >= 0.0001
Iteration 212 (max 500)
   eps = 0.00117 >= 0.0001
Iteration 213 (max 500)
   eps = 0.001148 >= 0.0001
Iteration 214 (max 500)
   eps = 0.001129 >= 0.0001
Iteration 215 (max 500)
   eps = 0.001108 >= 0.0001
Iteration 216 (max 500)
   eps = 0.001087 >= 0.0001
Iteration 217 (max 500)
   eps = 0.001063 >= 0.0001
Iteration 218 (max 500)
   eps = 0.001041 >= 0.0001
Iteration 219 (max 500)
   eps = 0.001022 >= 0.0001
Iteration 220 (max 500)
   eps = 0.001002 >= 0.0001
Iteration 221 (max 500)
   eps = 0.000985 >= 0.0001
Iteration 222 (max 500)
   eps = 0.000965 >= 0.0001
Iteration 223 (max 500)
   eps = 0.000948 >= 0.0001
Iteration 224 (max 500)
   eps = 0.000927 >= 0.0001
Iteration 225 (max 500)
   eps = 0.000908 >= 0.0001
Iteration 226 (max 500)
   eps = 0.000889 >= 0.0001
Iteration 227 (max 500)
   eps = 0.00087 >= 0.0001
Iteration 228 (max 500)
   eps = 0.000851 >= 0.0001
Iteration 229 (max 500)
   eps = 0.000833 >= 0.0001
Iteration 230 (max 500)
   eps = 0.000815 >= 0.0001
Iteration 231 (max 500)
   eps = 0.000798 >= 0.0001
Iteration 232 (max 500)
   eps = 0.000781 >= 0.0001
Iteration 233 (max 500)
   eps = 0.000765 >= 0.0001
Iteration 234 (max 500)
   eps = 0.000749 >= 0.0001
Iteration 235 (max 500)
   eps = 0.000733 >= 0.0001
Iteration 236 (max 500)
   eps = 0.000718 >= 0.0001
Iteration 237 (max 500)
   eps = 0.000704 >= 0.0001
Iteration 238 (max 500)
   eps = 0.00069 >= 0.0001
Iteration 239 (max 500)
   eps = 0.000676 >= 0.0001
Iteration 240 (max 500)
   eps = 0.000661 >= 0.0001
Iteration 241 (max 500)
   eps = 0.000647 >= 0.0001
Iteration 242 (max 500)
   eps = 0.000634 >= 0.0001
Iteration 243 (max 500)
   eps = 0.000621 >= 0.0001
Iteration 244 (max 500)
   eps = 0.000609 >= 0.0001
Iteration 245 (max 500)
   eps = 0.000596 >= 0.0001
Iteration 246 (max 500)
   eps = 0.000582 >= 0.0001
Iteration 247 (max 500)
   eps = 0.000569 >= 0.0001
Iteration 248 (max 500)
   eps = 0.000557 >= 0.0001
Iteration 249 (max 500)
   eps = 0.000544 >= 0.0001
Iteration 250 (max 500)
   eps = 0.000532 >= 0.0001
Iteration 251 (max 500)
   eps = 0.00052 >= 0.0001
Iteration 252 (max 500)
   eps = 0.000508 >= 0.0001
Iteration 253 (max 500)
   eps = 0.000497 >= 0.0001
Iteration 254 (max 500)
   eps = 0.000486 >= 0.0001
Iteration 255 (max 500)
   eps = 0.000475 >= 0.0001
Iteration 256 (max 500)
   eps = 0.000466 >= 0.0001
Iteration 257 (max 500)
   eps = 0.000455 >= 0.0001
Iteration 258 (max 500)
   eps = 0.000446 >= 0.0001
Iteration 259 (max 500)
   eps = 0.000437 >= 0.0001
Iteration 260 (max 500)
   eps = 0.000427 >= 0.0001
Iteration 261 (max 500)
   eps = 0.000418 >= 0.0001
Iteration 262 (max 500)
   eps = 0.000408 >= 0.0001
Iteration 263 (max 500)
   eps = 0.000399 >= 0.0001
Iteration 264 (max 500)
   eps = 0.000392 >= 0.0001
Iteration 265 (max 500)
   eps = 0.000383 >= 0.0001
Iteration 266 (max 500)
   eps = 0.000375 >= 0.0001
Iteration 267 (max 500)
   eps = 0.000367 >= 0.0001
Iteration 268 (max 500)
   eps = 0.000358 >= 0.0001
Iteration 269 (max 500)
   eps = 0.00035 >= 0.0001
Iteration 270 (max 500)
   eps = 0.000342 >= 0.0001
Iteration 271 (max 500)
   eps = 0.000335 >= 0.0001
Iteration 272 (max 500)
   eps = 0.000328 >= 0.0001
Iteration 273 (max 500)
   eps = 0.000321 >= 0.0001
Iteration 274 (max 500)
   eps = 0.000314 >= 0.0001
Iteration 275 (max 500)
   eps = 0.000307 >= 0.0001
Iteration 276 (max 500)
   eps = 0.000301 >= 0.0001
Iteration 277 (max 500)
   eps = 0.000295 >= 0.0001
Iteration 278 (max 500)
   eps = 0.000288 >= 0.0001
Iteration 279 (max 500)
   eps = 0.000282 >= 0.0001
Iteration 280 (max 500)
   eps = 0.000277 >= 0.0001
Iteration 281 (max 500)
   eps = 0.00027 >= 0.0001
Iteration 282 (max 500)
   eps = 0.000264 >= 0.0001
Iteration 283 (max 500)
   eps = 0.000259 >= 0.0001
Iteration 284 (max 500)
   eps = 0.000253 >= 0.0001
Iteration 285 (max 500)
   eps = 0.000248 >= 0.0001
Iteration 286 (max 500)
   eps = 0.000244 >= 0.0001
Iteration 287 (max 500)
   eps = 0.000238 >= 0.0001
Iteration 288 (max 500)
   eps = 0.000233 >= 0.0001
Iteration 289 (max 500)
   eps = 0.000228 >= 0.0001
Iteration 290 (max 500)
   eps = 0.000223 >= 0.0001
Iteration 291 (max 500)
   eps = 0.000219 >= 0.0001
Iteration 292 (max 500)
   eps = 0.000214 >= 0.0001
Iteration 293 (max 500)
   eps = 0.000209 >= 0.0001
Iteration 294 (max 500)
   eps = 0.000205 >= 0.0001
Iteration 295 (max 500)
   eps = 0.000201 >= 0.0001
Iteration 296 (max 500)
   eps = 0.000196 >= 0.0001
Iteration 297 (max 500)
   eps = 0.000192 >= 0.0001
Iteration 298 (max 500)
   eps = 0.000187 >= 0.0001
Iteration 299 (max 500)
   eps = 0.000183 >= 0.0001
Iteration 300 (max 500)
   eps = 0.000179 >= 0.0001
Iteration 301 (max 500)
   eps = 0.000175 >= 0.0001
Iteration 302 (max 500)
   eps = 0.000171 >= 0.0001
Iteration 303 (max 500)
   eps = 0.000167 >= 0.0001
Iteration 304 (max 500)
   eps = 0.000164 >= 0.0001
Iteration 305 (max 500)
   eps = 0.00016 >= 0.0001
Iteration 306 (max 500)
   eps = 0.000157 >= 0.0001
Iteration 307 (max 500)
   eps = 0.000153 >= 0.0001
Iteration 308 (max 500)
   eps = 0.00015 >= 0.0001
Iteration 309 (max 500)
   eps = 0.000147 >= 0.0001
Iteration 310 (max 500)
   eps = 0.000143 >= 0.0001
Iteration 311 (max 500)
   eps = 0.00014 >= 0.0001
Iteration 312 (max 500)
   eps = 0.000137 >= 0.0001
Iteration 313 (max 500)
   eps = 0.000135 >= 0.0001
Iteration 314 (max 500)
   eps = 0.000132 >= 0.0001
Iteration 315 (max 500)
   eps = 0.000129 >= 0.0001
Iteration 316 (max 500)
   eps = 0.000126 >= 0.0001
Iteration 317 (max 500)
   eps = 0.000124 >= 0.0001
Iteration 318 (max 500)
   eps = 0.000121 >= 0.0001
Iteration 319 (max 500)
   eps = 0.000118 >= 0.0001
Iteration 320 (max 500)
   eps = 0.000115 >= 0.0001
Iteration 321 (max 500)
   eps = 0.000112 >= 0.0001
Iteration 322 (max 500)
   eps = 0.00011 >= 0.0001
Iteration 323 (max 500)
   eps = 0.000107 >= 0.0001
Iteration 324 (max 500)
   eps = 0.000105 >= 0.0001
Iteration 325 (max 500)
   eps = 0.000103 >= 0.0001
Iteration 326 (max 500)
   eps = 0.000101 >= 0.0001
Iteration 327 (max 500)
Time spent by the wind speed solver: 82.78371953964233 s
Rotates geometries from -45.0 degrees
Interp succeeded!!! for tmp_file
Interp succeeded!!! for tmp_file
Interp succeeded!!! for tmp_file
Interp succeeded!!! for tmp_file
Interp succeeded!!! for tmp_file
Interp succeeded!!! for tmp_file
Process 3995980: Successfully ran URock for tile output 'wind_field_raw_tile_11'.
Process 3995980: Elapsed time for URock ('wind_field_raw_tile_11'): 373.60 seconds.
[Master] Process 3995980 - Tile 11: Finished processing.
Info: Debuffered '/storage/project/r-rbasu31-0/hyu483/Test_UMEP/UROCK_output_35_spawn/temp_intermediate_files/tile_11_urock_raw_outputs/z1_5/wind_field_raw_tile_11WS.tif' to '/storage/project/r-rbasu31-0/hyu483/Test_UMEP/UROCK_output_35_spawn/urock_tiled_output/urock_wind_field_tile_11WS.tif' (original extent: (233782.59099838723, 902732.4833440109, 233982.59099838723, 902792.4786978494)).
(35, (234582.59099838723, 902732.4833440109, 234642.58635222574, 902792.4786978494), (234382.59099838723, 902532.4833440109, 234642.58635222574, 902792.4786978494), {'buildings': '/storage/project/r-rbasu31-0/hyu483/Test_UMEP/UROCK/input/building_26986.shp', 'veg': '/storage/project/r-rbasu31-0/hyu483/Test_UMEP/UROCK/input/veg_26986.shp', 'template_rast': '/storage/project/r-rbasu31-0/hyu483/Test_UMEP/UROCK/input/../DSM_26986_2.tif', 'base_output_dir': '/storage/project/r-rbasu31-0/hyu483/Test_UMEP/UROCK_output_35_spawn/urock_tiled_output'})
Info: Sliced and clipped '/storage/project/r-rbasu31-0/hyu483/Test_UMEP/UROCK/input/building_26986.shp' to '/storage/project/r-rbasu31-0/hyu483/Test_UMEP/UROCK_output_35_spawn/temp_intermediate_files/tile_35_sliced_inputs/buildings_tile_35.shp'. Copied 41 features.
Info: Sliced and clipped '/storage/project/r-rbasu31-0/hyu483/Test_UMEP/UROCK/input/veg_26986.shp' to '/storage/project/r-rbasu31-0/hyu483/Test_UMEP/UROCK_output_35_spawn/temp_intermediate_files/tile_35_sliced_inputs/veg_tile_35.shp'. Copied 32 features.
Info: Sliced '/storage/project/r-rbasu31-0/hyu483/Test_UMEP/UROCK/input/../DSM_26986_2.tif' to '/storage/project/r-rbasu31-0/hyu483/Test_UMEP/UROCK_output_35_spawn/temp_intermediate_files/tile_35_sliced_inputs/template_tile_35.tif' (Extent: (234382.59099838723, 902532.4833440109, 234642.58635222574, 902792.4786978494)).
Tile 35: Running URock...
Process 3995980: Running URock for tile output 'wind_field_raw_tile_35'...
Connecting to database
	->/tmp/URock_2025-12-21T180841192ad571-9962-4ee1-94db-86523d2ae169/myDbH2
/storage/home/hcoda1/4/hyu483/qgis_332/profiles/default/python/plugins/processing_umep/functions/URock/h2gis-standalone/h2gis-dist-2.2.3.jar
Connected!

Spatial functions added!

Load input data
Load table 'build_pre_srid_20251221180904'
Load table 'veg_pre_srid_20251221180904'
Creates blocks and stacked blocks
Rotates geometries from 45.0 degrees
Identify block base height and block cavity base
Calculates obstacle properties
Calculates zone properties
Initializes upwind facades
Update upwind facades base height
Initializes downwind facades
Calculates study area properties
Roughness zone properties are:

                                 - z0: 1.6193077371761253
                                 - d: 7.628504214517035
                                 - Hr: 10.795384914507503
                                 - H_ob_max: 56
                                 - lambda_f: 0.16898556649898513
Rotates geometries from -45.0 degrees
Rotates geometries from -45.0 degrees
Rotates geometries from -45.0 degrees
Creates displacement zones
Rotates geometries from -45.0 degrees
Rotates geometries from -45.0 degrees
Creates cavity and wake zones
Rotates geometries from -45.0 degrees
Rotates geometries from -45.0 degrees
Creates street canyon zones
Rotates geometries from -45.0 degrees
Creates rooftop zones (perpendicular and corner)
Rotates geometries from -45.0 degrees
Rotates geometries from -45.0 degrees
Creates built-up and open vegetation zones
Rotates geometries from -45.0 degrees
Rotates geometries from -45.0 degrees
Identify the buildings concerned by the impacted zone chosen by the user
Creates the grid of points
Affects each grid point to a building Rockle zone and calculates needed 
          variables for 3D wind speed
Affects each grid point to a vegetation Rockle zone and calculates 
          needed variables for 3D wind speed
Remove some of the Röckle zone points
Creates backward zones
Calculates the 3D wind speed factor value for each point of each BUILDING zone
Rotates geometries from -45.0 degrees
Rotates geometries from -45.0 degrees
Rotates geometries from -45.0 degrees
Rotates geometries from -45.0 degrees
Rotates geometries from -45.0 degrees
Rotates geometries from -45.0 degrees
Rotates geometries from -45.0 degrees
Rotates geometries from -45.0 degrees
Rotates geometries from -45.0 degrees
Calculates the 3D wind speed factor value for each point of each VEGETATION zone
Rotates geometries from -45.0 degrees
Deals with superimposition (keeps only 1 value per 3D point)
Deals with superimposition (keeps only 1 value per 3D point)
Identify upstreamer points in TEMPO_WEIGHTING table
Identify upstreamer points in TEMPO_PRIORITIES table
Identify upstreamer points in TEMPO_PRIORITIES_WEIGHT table
Deals with superimposition (keeps only 1 value per 3D point)
Identify upstreamer points in TEMPO_WEIGHTING table
Identify upstreamer points in TEMPO_PRIORITIES table
Identify upstreamer points in TEMPO_PRIORITIES_WEIGHT table
Rotates geometries from -45.0 degrees
Identify grid points intersecting buildings
Set the initial 3D wind speed field
Time spent for wind speed initialization: 200.49575567245483 s
Shape: (212, 257, 29) - Nb cells: 1580036
Start to apply the wind solver
Iteration 1 (max 500)
   eps = 0.591522 >= 0.0001
Iteration 2 (max 500)
   eps = 0.41431 >= 0.0001
Iteration 3 (max 500)
   eps = 0.337017 >= 0.0001
Iteration 4 (max 500)
   eps = 0.281716 >= 0.0001
Iteration 5 (max 500)
   eps = 0.237491 >= 0.0001
Iteration 6 (max 500)
   eps = 0.202713 >= 0.0001
Iteration 7 (max 500)
   eps = 0.175584 >= 0.0001
Iteration 8 (max 500)
   eps = 0.154344 >= 0.0001
Iteration 9 (max 500)
   eps = 0.137068 >= 0.0001
Iteration 10 (max 500)
   eps = 0.123197 >= 0.0001
Iteration 11 (max 500)
   eps = 0.112503 >= 0.0001
Iteration 12 (max 500)
   eps = 0.104193 >= 0.0001
Iteration 13 (max 500)
   eps = 0.096976 >= 0.0001
Iteration 14 (max 500)
   eps = 0.09067 >= 0.0001
Iteration 15 (max 500)
   eps = 0.085436 >= 0.0001
Iteration 16 (max 500)
   eps = 0.080888 >= 0.0001
Iteration 17 (max 500)
   eps = 0.076893 >= 0.0001
Iteration 18 (max 500)
   eps = 0.07321 >= 0.0001
Iteration 19 (max 500)
   eps = 0.070175 >= 0.0001
Iteration 20 (max 500)
   eps = 0.067324 >= 0.0001
Iteration 21 (max 500)
   eps = 0.064477 >= 0.0001
Iteration 22 (max 500)
   eps = 0.062231 >= 0.0001
Iteration 23 (max 500)
   eps = 0.059731 >= 0.0001
Iteration 24 (max 500)
   eps = 0.057626 >= 0.0001
Iteration 25 (max 500)
   eps = 0.055546 >= 0.0001
Iteration 26 (max 500)
   eps = 0.053659 >= 0.0001
Iteration 27 (max 500)
   eps = 0.057277 >= 0.0001
Iteration 28 (max 500)
   eps = 0.053771 >= 0.0001
Iteration 29 (max 500)
   eps = 0.050288 >= 0.0001
Iteration 30 (max 500)
   eps = 0.048382 >= 0.0001
Iteration 31 (max 500)
   eps = 0.047131 >= 0.0001
Iteration 32 (max 500)
   eps = 0.045901 >= 0.0001
Iteration 33 (max 500)
   eps = 0.044731 >= 0.0001
Iteration 34 (max 500)
   eps = 0.043567 >= 0.0001
Iteration 35 (max 500)
   eps = 0.042459 >= 0.0001
Iteration 36 (max 500)
   eps = 0.041453 >= 0.0001
Iteration 37 (max 500)
   eps = 0.040431 >= 0.0001
Iteration 38 (max 500)
   eps = 0.039413 >= 0.0001
Iteration 39 (max 500)
   eps = 0.038505 >= 0.0001
Iteration 40 (max 500)
   eps = 0.03761 >= 0.0001
Iteration 41 (max 500)
   eps = 0.036782 >= 0.0001
Iteration 42 (max 500)
   eps = 0.035999 >= 0.0001
Iteration 43 (max 500)
   eps = 0.03524 >= 0.0001
Iteration 44 (max 500)
   eps = 0.034586 >= 0.0001
Iteration 45 (max 500)
   eps = 0.03393 >= 0.0001
Iteration 46 (max 500)
   eps = 0.033326 >= 0.0001
Iteration 47 (max 500)
   eps = 0.03272 >= 0.0001
Iteration 48 (max 500)
   eps = 0.032124 >= 0.0001
Iteration 49 (max 500)
   eps = 0.031588 >= 0.0001
Iteration 50 (max 500)
   eps = 0.031105 >= 0.0001
Iteration 51 (max 500)
   eps = 0.030629 >= 0.0001
Iteration 52 (max 500)
   eps = 0.030143 >= 0.0001
Iteration 53 (max 500)
   eps = 0.029646 >= 0.0001
Iteration 54 (max 500)
   eps = 0.029244 >= 0.0001
Iteration 55 (max 500)
   eps = 0.028664 >= 0.0001
Iteration 56 (max 500)
   eps = 0.028022 >= 0.0001
Iteration 57 (max 500)
   eps = 0.027424 >= 0.0001
Iteration 58 (max 500)
   eps = 0.026863 >= 0.0001
Iteration 59 (max 500)
   eps = 0.026329 >= 0.0001
Iteration 60 (max 500)
   eps = 0.025854 >= 0.0001
Iteration 61 (max 500)
   eps = 0.02543 >= 0.0001
Iteration 62 (max 500)
   eps = 0.025021 >= 0.0001
Iteration 63 (max 500)
   eps = 0.02455 >= 0.0001
Iteration 64 (max 500)
   eps = 0.024044 >= 0.0001
Iteration 65 (max 500)
   eps = 0.023574 >= 0.0001
Iteration 66 (max 500)
   eps = 0.023147 >= 0.0001
Iteration 67 (max 500)
   eps = 0.022773 >= 0.0001
Iteration 68 (max 500)
   eps = 0.022398 >= 0.0001
Iteration 69 (max 500)
   eps = 0.021983 >= 0.0001
Iteration 70 (max 500)
   eps = 0.021529 >= 0.0001
Iteration 71 (max 500)
   eps = 0.021097 >= 0.0001
Iteration 72 (max 500)
   eps = 0.020693 >= 0.0001
Iteration 73 (max 500)
   eps = 0.020281 >= 0.0001
Iteration 74 (max 500)
   eps = 0.019906 >= 0.0001
Iteration 75 (max 500)
   eps = 0.019547 >= 0.0001
Iteration 76 (max 500)
   eps = 0.019199 >= 0.0001
Iteration 77 (max 500)
   eps = 0.018842 >= 0.0001
Iteration 78 (max 500)
   eps = 0.018493 >= 0.0001
Iteration 79 (max 500)
   eps = 0.018175 >= 0.0001
Iteration 80 (max 500)
   eps = 0.017854 >= 0.0001
Iteration 81 (max 500)
   eps = 0.0175 >= 0.0001
Iteration 82 (max 500)
   eps = 0.017143 >= 0.0001
Iteration 83 (max 500)
   eps = 0.016816 >= 0.0001
Iteration 84 (max 500)
   eps = 0.01649 >= 0.0001
Iteration 85 (max 500)
   eps = 0.01619 >= 0.0001
Iteration 86 (max 500)
   eps = 0.015903 >= 0.0001
Iteration 87 (max 500)
   eps = 0.015556 >= 0.0001
Iteration 88 (max 500)
   eps = 0.015224 >= 0.0001
Iteration 89 (max 500)
   eps = 0.01489 >= 0.0001
Iteration 90 (max 500)
   eps = 0.01459 >= 0.0001
Iteration 91 (max 500)
   eps = 0.014299 >= 0.0001
Iteration 92 (max 500)
   eps = 0.014039 >= 0.0001
Iteration 93 (max 500)
   eps = 0.013781 >= 0.0001
Iteration 94 (max 500)
   eps = 0.013572 >= 0.0001
Iteration 95 (max 500)
   eps = 0.013335 >= 0.0001
Iteration 96 (max 500)
   eps = 0.013082 >= 0.0001
Iteration 97 (max 500)
   eps = 0.01279 >= 0.0001
Iteration 98 (max 500)
   eps = 0.012542 >= 0.0001
Iteration 99 (max 500)
   eps = 0.012306 >= 0.0001
Iteration 100 (max 500)
   eps = 0.012061 >= 0.0001
Iteration 101 (max 500)
   eps = 0.011798 >= 0.0001
Iteration 102 (max 500)
   eps = 0.011559 >= 0.0001
Iteration 103 (max 500)
   eps = 0.011291 >= 0.0001
Iteration 104 (max 500)
   eps = 0.011077 >= 0.0001
Iteration 105 (max 500)
   eps = 0.010845 >= 0.0001
Iteration 106 (max 500)
   eps = 0.010626 >= 0.0001
Iteration 107 (max 500)
   eps = 0.010383 >= 0.0001
Iteration 108 (max 500)
   eps = 0.01019 >= 0.0001
Iteration 109 (max 500)
   eps = 0.009984 >= 0.0001
Iteration 110 (max 500)
   eps = 0.009782 >= 0.0001
Iteration 111 (max 500)
   eps = 0.009584 >= 0.0001
Iteration 112 (max 500)
   eps = 0.009386 >= 0.0001
Iteration 113 (max 500)
   eps = 0.009221 >= 0.0001
Iteration 114 (max 500)
   eps = 0.009033 >= 0.0001
Iteration 115 (max 500)
   eps = 0.008838 >= 0.0001
Iteration 116 (max 500)
   eps = 0.008659 >= 0.0001
Iteration 117 (max 500)
   eps = 0.008497 >= 0.0001
Iteration 118 (max 500)
   eps = 0.008322 >= 0.0001
Iteration 119 (max 500)
   eps = 0.008135 >= 0.0001
Iteration 120 (max 500)
   eps = 0.007979 >= 0.0001
Iteration 121 (max 500)
   eps = 0.007848 >= 0.0001
Iteration 122 (max 500)
   eps = 0.007695 >= 0.0001
Iteration 123 (max 500)
   eps = 0.007546 >= 0.0001
Iteration 124 (max 500)
   eps = 0.0074 >= 0.0001
Iteration 125 (max 500)
   eps = 0.007272 >= 0.0001
Iteration 126 (max 500)
   eps = 0.007147 >= 0.0001
Iteration 127 (max 500)
   eps = 0.007011 >= 0.0001
Iteration 128 (max 500)
   eps = 0.006875 >= 0.0001
Iteration 129 (max 500)
   eps = 0.006724 >= 0.0001
Iteration 130 (max 500)
   eps = 0.006602 >= 0.0001
Iteration 131 (max 500)
   eps = 0.006472 >= 0.0001
Iteration 132 (max 500)
   eps = 0.006347 >= 0.0001
Iteration 133 (max 500)
   eps = 0.006224 >= 0.0001
Iteration 134 (max 500)
   eps = 0.006097 >= 0.0001
Iteration 135 (max 500)
   eps = 0.005974 >= 0.0001
Iteration 136 (max 500)
   eps = 0.005858 >= 0.0001
Iteration 137 (max 500)
   eps = 0.005733 >= 0.0001
Iteration 138 (max 500)
   eps = 0.005611 >= 0.0001
Iteration 139 (max 500)
   eps = 0.005496 >= 0.0001
Iteration 140 (max 500)
   eps = 0.005374 >= 0.0001
Iteration 141 (max 500)
   eps = 0.005261 >= 0.0001
Iteration 142 (max 500)
   eps = 0.005163 >= 0.0001
Iteration 143 (max 500)
   eps = 0.005073 >= 0.0001
Iteration 144 (max 500)
   eps = 0.004979 >= 0.0001
Iteration 145 (max 500)
   eps = 0.004878 >= 0.0001
Iteration 146 (max 500)
   eps = 0.004781 >= 0.0001
Iteration 147 (max 500)
   eps = 0.00469 >= 0.0001
Iteration 148 (max 500)
   eps = 0.004604 >= 0.0001
Iteration 149 (max 500)
   eps = 0.00452 >= 0.0001
Iteration 150 (max 500)
   eps = 0.004442 >= 0.0001
Iteration 151 (max 500)
   eps = 0.004351 >= 0.0001
Iteration 152 (max 500)
   eps = 0.004266 >= 0.0001
Iteration 153 (max 500)
   eps = 0.004186 >= 0.0001
Iteration 154 (max 500)
   eps = 0.004109 >= 0.0001
Iteration 155 (max 500)
   eps = 0.004027 >= 0.0001
Iteration 156 (max 500)
   eps = 0.003941 >= 0.0001
Iteration 157 (max 500)
   eps = 0.003857 >= 0.0001
Iteration 158 (max 500)
   eps = 0.003773 >= 0.0001
Iteration 159 (max 500)
   eps = 0.00369 >= 0.0001
Iteration 160 (max 500)
   eps = 0.003604 >= 0.0001
Iteration 161 (max 500)
   eps = 0.003521 >= 0.0001
Iteration 162 (max 500)
   eps = 0.003435 >= 0.0001
Iteration 163 (max 500)
   eps = 0.003354 >= 0.0001
Iteration 164 (max 500)
   eps = 0.003284 >= 0.0001
Iteration 165 (max 500)
   eps = 0.003225 >= 0.0001
Iteration 166 (max 500)
   eps = 0.003179 >= 0.0001
Iteration 167 (max 500)
   eps = 0.003137 >= 0.0001
Iteration 168 (max 500)
   eps = 0.003092 >= 0.0001
Iteration 169 (max 500)
   eps = 0.003051 >= 0.0001
Iteration 170 (max 500)
   eps = 0.003003 >= 0.0001
Iteration 171 (max 500)
   eps = 0.002943 >= 0.0001
Iteration 172 (max 500)
   eps = 0.00288 >= 0.0001
Iteration 173 (max 500)
   eps = 0.002807 >= 0.0001
Iteration 174 (max 500)
   eps = 0.002738 >= 0.0001
Iteration 175 (max 500)
   eps = 0.00267 >= 0.0001
Iteration 176 (max 500)
   eps = 0.002603 >= 0.0001
Iteration 177 (max 500)
   eps = 0.002542 >= 0.0001
Iteration 178 (max 500)
   eps = 0.002487 >= 0.0001
Iteration 179 (max 500)
   eps = 0.002438 >= 0.0001
Iteration 180 (max 500)
   eps = 0.002391 >= 0.0001
Iteration 181 (max 500)
   eps = 0.002343 >= 0.0001
Iteration 182 (max 500)
   eps = 0.002294 >= 0.0001
Iteration 183 (max 500)
   eps = 0.002245 >= 0.0001
Iteration 184 (max 500)
   eps = 0.002193 >= 0.0001
Iteration 185 (max 500)
   eps = 0.002145 >= 0.0001
Iteration 186 (max 500)
   eps = 0.002099 >= 0.0001
Iteration 187 (max 500)
   eps = 0.002058 >= 0.0001
Iteration 188 (max 500)
   eps = 0.002013 >= 0.0001
Iteration 189 (max 500)
   eps = 0.001965 >= 0.0001
Iteration 190 (max 500)
   eps = 0.001919 >= 0.0001
Iteration 191 (max 500)
   eps = 0.001877 >= 0.0001
Iteration 192 (max 500)
   eps = 0.001841 >= 0.0001
Iteration 193 (max 500)
   eps = 0.001807 >= 0.0001
Iteration 194 (max 500)
   eps = 0.001767 >= 0.0001
Iteration 195 (max 500)
   eps = 0.001729 >= 0.0001
Iteration 196 (max 500)
   eps = 0.001728 >= 0.0001
Iteration 197 (max 500)
   eps = 0.001685 >= 0.0001
Iteration 198 (max 500)
   eps = 0.001643 >= 0.0001
Iteration 199 (max 500)
   eps = 0.001606 >= 0.0001
Iteration 200 (max 500)
   eps = 0.001574 >= 0.0001
Iteration 201 (max 500)
   eps = 0.001535 >= 0.0001
Iteration 202 (max 500)
   eps = 0.001502 >= 0.0001
Iteration 203 (max 500)
   eps = 0.001468 >= 0.0001
Iteration 204 (max 500)
   eps = 0.001435 >= 0.0001
Iteration 205 (max 500)
   eps = 0.001401 >= 0.0001
Iteration 206 (max 500)
   eps = 0.001368 >= 0.0001
Iteration 207 (max 500)
   eps = 0.001338 >= 0.0001
Iteration 208 (max 500)
   eps = 0.001313 >= 0.0001
Iteration 209 (max 500)
   eps = 0.001293 >= 0.0001
Iteration 210 (max 500)
   eps = 0.001272 >= 0.0001
Iteration 211 (max 500)
   eps = 0.00125 >= 0.0001
Iteration 212 (max 500)
   eps = 0.001218 >= 0.0001
Iteration 213 (max 500)
   eps = 0.001192 >= 0.0001
Iteration 214 (max 500)
   eps = 0.001167 >= 0.0001
Iteration 215 (max 500)
   eps = 0.001138 >= 0.0001
Iteration 216 (max 500)
   eps = 0.001112 >= 0.0001
Iteration 217 (max 500)
   eps = 0.001095 >= 0.0001
Iteration 218 (max 500)
   eps = 0.001076 >= 0.0001
Iteration 219 (max 500)
   eps = 0.001054 >= 0.0001
Iteration 220 (max 500)
   eps = 0.00103 >= 0.0001
Iteration 221 (max 500)
   eps = 0.001005 >= 0.0001
Iteration 222 (max 500)
   eps = 0.000984 >= 0.0001
Iteration 223 (max 500)
   eps = 0.000965 >= 0.0001
Iteration 224 (max 500)
   eps = 0.000945 >= 0.0001
Iteration 225 (max 500)
   eps = 0.000924 >= 0.0001
Iteration 226 (max 500)
   eps = 0.000901 >= 0.0001
Iteration 227 (max 500)
   eps = 0.000882 >= 0.0001
Iteration 228 (max 500)
   eps = 0.000862 >= 0.0001
Iteration 229 (max 500)
   eps = 0.000845 >= 0.0001
Iteration 230 (max 500)
   eps = 0.000825 >= 0.0001
Iteration 231 (max 500)
   eps = 0.000806 >= 0.0001
Iteration 232 (max 500)
   eps = 0.000789 >= 0.0001
Iteration 233 (max 500)
   eps = 0.000772 >= 0.0001
Iteration 234 (max 500)
   eps = 0.000755 >= 0.0001
Iteration 235 (max 500)
   eps = 0.000739 >= 0.0001
Iteration 236 (max 500)
   eps = 0.000724 >= 0.0001
Iteration 237 (max 500)
   eps = 0.000707 >= 0.0001
Iteration 238 (max 500)
   eps = 0.000693 >= 0.0001
Iteration 239 (max 500)
   eps = 0.00068 >= 0.0001
Iteration 240 (max 500)
   eps = 0.000668 >= 0.0001
Iteration 241 (max 500)
   eps = 0.000652 >= 0.0001
Iteration 242 (max 500)
   eps = 0.000639 >= 0.0001
Iteration 243 (max 500)
   eps = 0.000625 >= 0.0001
Iteration 244 (max 500)
   eps = 0.000612 >= 0.0001
Iteration 245 (max 500)
   eps = 0.000597 >= 0.0001
Iteration 246 (max 500)
   eps = 0.000584 >= 0.0001
Iteration 247 (max 500)
   eps = 0.000571 >= 0.0001
Iteration 248 (max 500)
   eps = 0.000558 >= 0.0001
Iteration 249 (max 500)
   eps = 0.000544 >= 0.0001
Iteration 250 (max 500)
   eps = 0.000532 >= 0.0001
Iteration 251 (max 500)
   eps = 0.000521 >= 0.0001
Iteration 252 (max 500)
   eps = 0.000509 >= 0.0001
Iteration 253 (max 500)
   eps = 0.000498 >= 0.0001
Iteration 254 (max 500)
   eps = 0.000486 >= 0.0001
Iteration 255 (max 500)
   eps = 0.000475 >= 0.0001
Iteration 256 (max 500)
   eps = 0.000463 >= 0.0001
Iteration 257 (max 500)
   eps = 0.000453 >= 0.0001
Iteration 258 (max 500)
   eps = 0.000443 >= 0.0001
Iteration 259 (max 500)
   eps = 0.000434 >= 0.0001
Iteration 260 (max 500)
   eps = 0.000426 >= 0.0001
Iteration 261 (max 500)
   eps = 0.000418 >= 0.0001
Iteration 262 (max 500)
   eps = 0.00041 >= 0.0001
Iteration 263 (max 500)
   eps = 0.000402 >= 0.0001
Iteration 264 (max 500)
   eps = 0.000394 >= 0.0001
Iteration 265 (max 500)
   eps = 0.000386 >= 0.0001
Iteration 266 (max 500)
   eps = 0.000377 >= 0.0001
Iteration 267 (max 500)
   eps = 0.000368 >= 0.0001
Iteration 268 (max 500)
   eps = 0.00036 >= 0.0001
Iteration 269 (max 500)
   eps = 0.000352 >= 0.0001
Iteration 270 (max 500)
   eps = 0.000344 >= 0.0001
Iteration 271 (max 500)
   eps = 0.000336 >= 0.0001
Iteration 272 (max 500)
   eps = 0.000329 >= 0.0001
Iteration 273 (max 500)
   eps = 0.000322 >= 0.0001
Iteration 274 (max 500)
   eps = 0.000316 >= 0.0001
Iteration 275 (max 500)
   eps = 0.00031 >= 0.0001
Iteration 276 (max 500)
   eps = 0.000302 >= 0.0001
Iteration 277 (max 500)
   eps = 0.000295 >= 0.0001
Iteration 278 (max 500)
   eps = 0.000288 >= 0.0001
Iteration 279 (max 500)
   eps = 0.000281 >= 0.0001
Iteration 280 (max 500)
   eps = 0.000275 >= 0.0001
Iteration 281 (max 500)
   eps = 0.000269 >= 0.0001
Iteration 282 (max 500)
   eps = 0.000263 >= 0.0001
Iteration 283 (max 500)
   eps = 0.000258 >= 0.0001
Iteration 284 (max 500)
   eps = 0.000253 >= 0.0001
Iteration 285 (max 500)
   eps = 0.000247 >= 0.0001
Iteration 286 (max 500)
   eps = 0.000242 >= 0.0001
Iteration 287 (max 500)
   eps = 0.000237 >= 0.0001
Iteration 288 (max 500)
   eps = 0.000232 >= 0.0001
Iteration 289 (max 500)
   eps = 0.000227 >= 0.0001
Iteration 290 (max 500)
   eps = 0.000223 >= 0.0001
Iteration 291 (max 500)
   eps = 0.000217 >= 0.0001
Iteration 292 (max 500)
   eps = 0.000212 >= 0.0001
Iteration 293 (max 500)
   eps = 0.000207 >= 0.0001
Iteration 294 (max 500)
   eps = 0.000202 >= 0.0001
Iteration 295 (max 500)
   eps = 0.000198 >= 0.0001
Iteration 296 (max 500)
   eps = 0.000193 >= 0.0001
Iteration 297 (max 500)
   eps = 0.000188 >= 0.0001
Iteration 298 (max 500)
   eps = 0.000183 >= 0.0001
Iteration 299 (max 500)
   eps = 0.000179 >= 0.0001
Iteration 300 (max 500)
   eps = 0.000175 >= 0.0001
Iteration 301 (max 500)
   eps = 0.000172 >= 0.0001
Iteration 302 (max 500)
   eps = 0.000168 >= 0.0001
Iteration 303 (max 500)
   eps = 0.000164 >= 0.0001
Iteration 304 (max 500)
   eps = 0.00016 >= 0.0001
Iteration 305 (max 500)
   eps = 0.000157 >= 0.0001
Iteration 306 (max 500)
   eps = 0.000153 >= 0.0001
Iteration 307 (max 500)
   eps = 0.00015 >= 0.0001
Iteration 308 (max 500)
   eps = 0.000146 >= 0.0001
Iteration 309 (max 500)
   eps = 0.000143 >= 0.0001
Iteration 310 (max 500)
   eps = 0.00014 >= 0.0001
Iteration 311 (max 500)
   eps = 0.000137 >= 0.0001
Iteration 312 (max 500)
   eps = 0.000133 >= 0.0001
Iteration 313 (max 500)
   eps = 0.00013 >= 0.0001
Iteration 314 (max 500)
   eps = 0.000127 >= 0.0001
Iteration 315 (max 500)
   eps = 0.000124 >= 0.0001
Iteration 316 (max 500)
   eps = 0.000121 >= 0.0001
Iteration 317 (max 500)
   eps = 0.000118 >= 0.0001
Iteration 318 (max 500)
   eps = 0.000115 >= 0.0001
Iteration 319 (max 500)
   eps = 0.000112 >= 0.0001
Iteration 320 (max 500)
   eps = 0.00011 >= 0.0001
Iteration 321 (max 500)
   eps = 0.000107 >= 0.0001
Iteration 322 (max 500)
   eps = 0.000105 >= 0.0001
Iteration 323 (max 500)
   eps = 0.000103 >= 0.0001
Iteration 324 (max 500)
   eps = 0.000101 >= 0.0001
Iteration 325 (max 500)
Time spent by the wind speed solver: 72.00307822227478 s
Rotates geometries from -45.0 degrees
Interp succeeded!!! for tmp_file
Interp succeeded!!! for tmp_file
Interp succeeded!!! for tmp_file
Interp succeeded!!! for tmp_file
Interp succeeded!!! for tmp_file
Interp succeeded!!! for tmp_file
Process 3995971: Successfully ran URock for tile output 'wind_field_raw_tile_4'.
Process 3995971: Elapsed time for URock ('wind_field_raw_tile_4'): 387.57 seconds.
[Master] Process 3995971 - Tile 4: Finished processing.
[Master] 3995971: exit signal
Info: Debuffered '/storage/project/r-rbasu31-0/hyu483/Test_UMEP/UROCK_output_35_spawn/temp_intermediate_files/tile_4_urock_raw_outputs/z1_5/wind_field_raw_tile_4WS.tif' to '/storage/project/r-rbasu31-0/hyu483/Test_UMEP/UROCK_output_35_spawn/urock_tiled_output/urock_wind_field_tile_4WS.tif' (original extent: (233582.59099838723, 902532.4833440109, 233782.59099838723, 902732.4833440109)).
Connecting to database
	->/tmp/URock_2025-12-21T1813202544f373-3e0b-47cd-a310-5c36c18d4aff/myDbH2
/storage/home/hcoda1/4/hyu483/qgis_332/profiles/default/python/plugins/processing_umep/functions/URock/h2gis-standalone/h2gis-dist-2.2.3.jar
Connected!

Spatial functions added!

Load input data
Load table 'build_pre_srid_20251221181321'
Load table 'veg_pre_srid_20251221181321'
Creates blocks and stacked blocks
Rotates geometries from 45.0 degrees
Identify block base height and block cavity base
Calculates obstacle properties
Calculates zone properties
Initializes upwind facades
Update upwind facades base height
Initializes downwind facades
Calculates study area properties
Roughness zone properties are:

                                 - z0: 2.01531576459697
                                 - d: 9.491895987667816
                                 - Hr: 13.435438430646467
                                 - H_ob_max: 33
                                 - lambda_f: 0.16852012213070303
Rotates geometries from -45.0 degrees
Rotates geometries from -45.0 degrees
Rotates geometries from -45.0 degrees
Creates displacement zones
Rotates geometries from -45.0 degrees
Rotates geometries from -45.0 degrees
Creates cavity and wake zones
Rotates geometries from -45.0 degrees
Rotates geometries from -45.0 degrees
Creates street canyon zones
Rotates geometries from -45.0 degrees
Creates rooftop zones (perpendicular and corner)
Rotates geometries from -45.0 degrees
Rotates geometries from -45.0 degrees
Creates built-up and open vegetation zones
Rotates geometries from -45.0 degrees
Rotates geometries from -45.0 degrees
Identify the buildings concerned by the impacted zone chosen by the user
Creates the grid of points
Affects each grid point to a building Rockle zone and calculates needed 
          variables for 3D wind speed
Affects each grid point to a vegetation Rockle zone and calculates 
          needed variables for 3D wind speed
Remove some of the Röckle zone points
Creates backward zones
Calculates the 3D wind speed factor value for each point of each BUILDING zone
Rotates geometries from -45.0 degrees
Rotates geometries from -45.0 degrees
Rotates geometries from -45.0 degrees
Rotates geometries from -45.0 degrees
Rotates geometries from -45.0 degrees
Rotates geometries from -45.0 degrees
Rotates geometries from -45.0 degrees
Rotates geometries from -45.0 degrees
Rotates geometries from -45.0 degrees
Calculates the 3D wind speed factor value for each point of each VEGETATION zone
Rotates geometries from -45.0 degrees
Deals with superimposition (keeps only 1 value per 3D point)
Deals with superimposition (keeps only 1 value per 3D point)
Identify upstreamer points in TEMPO_WEIGHTING table
Identify upstreamer points in TEMPO_PRIORITIES table
Identify upstreamer points in TEMPO_PRIORITIES_WEIGHT table
Deals with superimposition (keeps only 1 value per 3D point)
Identify upstreamer points in TEMPO_WEIGHTING table
Identify upstreamer points in TEMPO_PRIORITIES table
Identify upstreamer points in TEMPO_PRIORITIES_WEIGHT table
Rotates geometries from -45.0 degrees
Identify grid points intersecting buildings
Set the initial 3D wind speed field
Time spent for wind speed initialization: 37.691566705703735 s
Shape: (176, 213, 24) - Nb cells: 899712
Start to apply the wind solver
Iteration 1 (max 500)
   eps = 0.656753 >= 0.0001
Iteration 2 (max 500)
   eps = 0.435831 >= 0.0001
Iteration 3 (max 500)
   eps = 0.336155 >= 0.0001
Iteration 4 (max 500)
   eps = 0.271225 >= 0.0001
Iteration 5 (max 500)
   eps = 0.223974 >= 0.0001
Iteration 6 (max 500)
   eps = 0.190196 >= 0.0001
Iteration 7 (max 500)
   eps = 0.164193 >= 0.0001
Iteration 8 (max 500)
   eps = 0.143206 >= 0.0001
Iteration 9 (max 500)
   eps = 0.126193 >= 0.0001
Iteration 10 (max 500)
   eps = 0.112029 >= 0.0001
Iteration 11 (max 500)
   eps = 0.100533 >= 0.0001
Iteration 12 (max 500)
   eps = 0.089978 >= 0.0001
Iteration 13 (max 500)
   eps = 0.081443 >= 0.0001
Iteration 14 (max 500)
   eps = 0.074723 >= 0.0001
Iteration 15 (max 500)
   eps = 0.069073 >= 0.0001
Iteration 16 (max 500)
   eps = 0.064531 >= 0.0001
Iteration 17 (max 500)
   eps = 0.060263 >= 0.0001
Iteration 18 (max 500)
   eps = 0.056888 >= 0.0001
Iteration 19 (max 500)
   eps = 0.053833 >= 0.0001
Iteration 20 (max 500)
   eps = 0.051071 >= 0.0001
Iteration 21 (max 500)
   eps = 0.048514 >= 0.0001
Iteration 22 (max 500)
   eps = 0.049291 >= 0.0001
Iteration 23 (max 500)
   eps = 0.048088 >= 0.0001
Iteration 24 (max 500)
   eps = 0.044072 >= 0.0001
Iteration 25 (max 500)
   eps = 0.042263 >= 0.0001
Iteration 26 (max 500)
   eps = 0.040766 >= 0.0001
Iteration 27 (max 500)
   eps = 0.039166 >= 0.0001
Iteration 28 (max 500)
   eps = 0.037844 >= 0.0001
Iteration 29 (max 500)
   eps = 0.036663 >= 0.0001
Iteration 30 (max 500)
   eps = 0.03538 >= 0.0001
Iteration 31 (max 500)
   eps = 0.034181 >= 0.0001
Iteration 32 (max 500)
   eps = 0.033361 >= 0.0001
Iteration 33 (max 500)
   eps = 0.0327 >= 0.0001
Iteration 34 (max 500)
   eps = 0.031888 >= 0.0001
Iteration 35 (max 500)
   eps = 0.031007 >= 0.0001
Iteration 36 (max 500)
   eps = 0.030108 >= 0.0001
Iteration 37 (max 500)
   eps = 0.029333 >= 0.0001
Iteration 38 (max 500)
   eps = 0.028655 >= 0.0001
Iteration 39 (max 500)
   eps = 0.027794 >= 0.0001
Iteration 40 (max 500)
   eps = 0.027066 >= 0.0001
Iteration 41 (max 500)
   eps = 0.026374 >= 0.0001
Iteration 42 (max 500)
   eps = 0.025734 >= 0.0001
Iteration 43 (max 500)
   eps = 0.02506 >= 0.0001
Iteration 44 (max 500)
   eps = 0.024511 >= 0.0001
Iteration 45 (max 500)
   eps = 0.023818 >= 0.0001
Iteration 46 (max 500)
   eps = 0.023134 >= 0.0001
Iteration 47 (max 500)
   eps = 0.022503 >= 0.0001
Iteration 48 (max 500)
   eps = 0.021956 >= 0.0001
Iteration 49 (max 500)
   eps = 0.02142 >= 0.0001
Iteration 50 (max 500)
   eps = 0.020919 >= 0.0001
Iteration 51 (max 500)
   eps = 0.020402 >= 0.0001
Iteration 52 (max 500)
   eps = 0.019938 >= 0.0001
Iteration 53 (max 500)
   eps = 0.019479 >= 0.0001
Iteration 54 (max 500)
   eps = 0.019049 >= 0.0001
Iteration 55 (max 500)
   eps = 0.018633 >= 0.0001
Iteration 56 (max 500)
   eps = 0.018218 >= 0.0001
Iteration 57 (max 500)
   eps = 0.017776 >= 0.0001
Iteration 58 (max 500)
   eps = 0.017323 >= 0.0001
Iteration 59 (max 500)
   eps = 0.01688 >= 0.0001
Iteration 60 (max 500)
   eps = 0.016519 >= 0.0001
Iteration 61 (max 500)
   eps = 0.016161 >= 0.0001
Iteration 62 (max 500)
   eps = 0.015781 >= 0.0001
Iteration 63 (max 500)
   eps = 0.015372 >= 0.0001
Iteration 64 (max 500)
   eps = 0.014986 >= 0.0001
Iteration 65 (max 500)
   eps = 0.014586 >= 0.0001
Iteration 66 (max 500)
   eps = 0.014225 >= 0.0001
Iteration 67 (max 500)
   eps = 0.013888 >= 0.0001
Iteration 68 (max 500)
   eps = 0.013588 >= 0.0001
Iteration 69 (max 500)
   eps = 0.013296 >= 0.0001
Iteration 70 (max 500)
   eps = 0.013018 >= 0.0001
Iteration 71 (max 500)
   eps = 0.012722 >= 0.0001
Iteration 72 (max 500)
   eps = 0.012443 >= 0.0001
Iteration 73 (max 500)
   eps = 0.012129 >= 0.0001
Iteration 74 (max 500)
   eps = 0.011825 >= 0.0001
Iteration 75 (max 500)
   eps = 0.011567 >= 0.0001
Iteration 76 (max 500)
   eps = 0.011267 >= 0.0001
Iteration 77 (max 500)
   eps = 0.010993 >= 0.0001
Iteration 78 (max 500)
   eps = 0.010701 >= 0.0001
Iteration 79 (max 500)
   eps = 0.010411 >= 0.0001
Iteration 80 (max 500)
   eps = 0.010157 >= 0.0001
Iteration 81 (max 500)
   eps = 0.00992 >= 0.0001
Iteration 82 (max 500)
   eps = 0.009697 >= 0.0001
Iteration 83 (max 500)
   eps = 0.009461 >= 0.0001
Iteration 84 (max 500)
   eps = 0.009246 >= 0.0001
Iteration 85 (max 500)
   eps = 0.009044 >= 0.0001
Iteration 86 (max 500)
   eps = 0.008845 >= 0.0001
Iteration 87 (max 500)
   eps = 0.008682 >= 0.0001
Iteration 88 (max 500)
   eps = 0.008479 >= 0.0001
Iteration 89 (max 500)
   eps = 0.008317 >= 0.0001
Iteration 90 (max 500)
   eps = 0.008153 >= 0.0001
Iteration 91 (max 500)
   eps = 0.007997 >= 0.0001
Iteration 92 (max 500)
   eps = 0.007832 >= 0.0001
Iteration 93 (max 500)
   eps = 0.007658 >= 0.0001
Iteration 94 (max 500)
   eps = 0.007473 >= 0.0001
Iteration 95 (max 500)
   eps = 0.007282 >= 0.0001
Iteration 96 (max 500)
   eps = 0.007118 >= 0.0001
Iteration 97 (max 500)
   eps = 0.006943 >= 0.0001
Iteration 98 (max 500)
   eps = 0.006785 >= 0.0001
Iteration 99 (max 500)
   eps = 0.006608 >= 0.0001
Iteration 100 (max 500)
   eps = 0.006465 >= 0.0001
Iteration 101 (max 500)
   eps = 0.006323 >= 0.0001
Iteration 102 (max 500)
   eps = 0.006182 >= 0.0001
Iteration 103 (max 500)
   eps = 0.006047 >= 0.0001
Iteration 104 (max 500)
   eps = 0.005903 >= 0.0001
Iteration 105 (max 500)
   eps = 0.005779 >= 0.0001
Iteration 106 (max 500)
   eps = 0.005661 >= 0.0001
Iteration 107 (max 500)
   eps = 0.005537 >= 0.0001
Iteration 108 (max 500)
   eps = 0.005408 >= 0.0001
Iteration 109 (max 500)
   eps = 0.005271 >= 0.0001
Iteration 110 (max 500)
   eps = 0.005143 >= 0.0001
Iteration 111 (max 500)
   eps = 0.005026 >= 0.0001
Iteration 112 (max 500)
   eps = 0.004907 >= 0.0001
Iteration 113 (max 500)
   eps = 0.004795 >= 0.0001
Iteration 114 (max 500)
   eps = 0.004694 >= 0.0001
Iteration 115 (max 500)
   eps = 0.004585 >= 0.0001
Iteration 116 (max 500)
   eps = 0.004479 >= 0.0001
Iteration 117 (max 500)
   eps = 0.004374 >= 0.0001
Iteration 118 (max 500)
   eps = 0.004275 >= 0.0001
Iteration 119 (max 500)
   eps = 0.004184 >= 0.0001
Iteration 120 (max 500)
   eps = 0.004092 >= 0.0001
Iteration 121 (max 500)
   eps = 0.004005 >= 0.0001
Iteration 122 (max 500)
   eps = 0.003918 >= 0.0001
Iteration 123 (max 500)
   eps = 0.003836 >= 0.0001
Iteration 124 (max 500)
   eps = 0.003742 >= 0.0001
Iteration 125 (max 500)
   eps = 0.003654 >= 0.0001
Iteration 126 (max 500)
   eps = 0.003566 >= 0.0001
Iteration 127 (max 500)
   eps = 0.00347 >= 0.0001
Iteration 128 (max 500)
   eps = 0.003374 >= 0.0001
Iteration 129 (max 500)
   eps = 0.003289 >= 0.0001
Iteration 130 (max 500)
   eps = 0.00322 >= 0.0001
Iteration 131 (max 500)
   eps = 0.003146 >= 0.0001
Iteration 132 (max 500)
   eps = 0.003074 >= 0.0001
Iteration 133 (max 500)
   eps = 0.003003 >= 0.0001
Iteration 134 (max 500)
   eps = 0.002931 >= 0.0001
Iteration 135 (max 500)
   eps = 0.00286 >= 0.0001
Iteration 136 (max 500)
   eps = 0.002789 >= 0.0001
Iteration 137 (max 500)
   eps = 0.002719 >= 0.0001
Iteration 138 (max 500)
   eps = 0.002649 >= 0.0001
Iteration 139 (max 500)
   eps = 0.002586 >= 0.0001
Iteration 140 (max 500)
   eps = 0.002522 >= 0.0001
Iteration 141 (max 500)
   eps = 0.002458 >= 0.0001
Iteration 142 (max 500)
   eps = 0.0024 >= 0.0001
Iteration 143 (max 500)
   eps = 0.002347 >= 0.0001
Iteration 144 (max 500)
   eps = 0.002292 >= 0.0001
Iteration 145 (max 500)
   eps = 0.002234 >= 0.0001
Iteration 146 (max 500)
   eps = 0.002175 >= 0.0001
Iteration 147 (max 500)
   eps = 0.002118 >= 0.0001
Iteration 148 (max 500)
   eps = 0.002064 >= 0.0001
Iteration 149 (max 500)
   eps = 0.002012 >= 0.0001
Iteration 150 (max 500)
   eps = 0.001962 >= 0.0001
Iteration 151 (max 500)
   eps = 0.001914 >= 0.0001
Iteration 152 (max 500)
   eps = 0.001868 >= 0.0001
Iteration 153 (max 500)
   eps = 0.001823 >= 0.0001
Iteration 154 (max 500)
   eps = 0.001777 >= 0.0001
Iteration 155 (max 500)
   eps = 0.001733 >= 0.0001
Iteration 156 (max 500)
   eps = 0.001692 >= 0.0001
Iteration 157 (max 500)
   eps = 0.00165 >= 0.0001
Iteration 158 (max 500)
   eps = 0.001609 >= 0.0001
Iteration 159 (max 500)
   eps = 0.001569 >= 0.0001
Iteration 160 (max 500)
   eps = 0.00153 >= 0.0001
Iteration 161 (max 500)
   eps = 0.001496 >= 0.0001
Iteration 162 (max 500)
   eps = 0.001463 >= 0.0001
Iteration 163 (max 500)
   eps = 0.001428 >= 0.0001
Iteration 164 (max 500)
   eps = 0.001393 >= 0.0001
Iteration 165 (max 500)
   eps = 0.001357 >= 0.0001
Iteration 166 (max 500)
   eps = 0.001318 >= 0.0001
Iteration 167 (max 500)
   eps = 0.00128 >= 0.0001
Iteration 168 (max 500)
   eps = 0.001246 >= 0.0001
Iteration 169 (max 500)
   eps = 0.001217 >= 0.0001
Iteration 170 (max 500)
   eps = 0.001193 >= 0.0001
Iteration 171 (max 500)
   eps = 0.00117 >= 0.0001
Iteration 172 (max 500)
   eps = 0.001149 >= 0.0001
Iteration 173 (max 500)
   eps = 0.00112 >= 0.0001
Iteration 174 (max 500)
   eps = 0.001091 >= 0.0001
Iteration 175 (max 500)
   eps = 0.001064 >= 0.0001
Iteration 176 (max 500)
   eps = 0.001038 >= 0.0001
Iteration 177 (max 500)
   eps = 0.001006 >= 0.0001
Iteration 178 (max 500)
   eps = 0.000978 >= 0.0001
Iteration 179 (max 500)
   eps = 0.000949 >= 0.0001
Iteration 180 (max 500)
   eps = 0.000924 >= 0.0001
Iteration 181 (max 500)
   eps = 0.000895 >= 0.0001
Iteration 182 (max 500)
   eps = 0.000871 >= 0.0001
Iteration 183 (max 500)
   eps = 0.000847 >= 0.0001
Iteration 184 (max 500)
   eps = 0.000824 >= 0.0001
Iteration 185 (max 500)
   eps = 0.000801 >= 0.0001
Iteration 186 (max 500)
   eps = 0.00078 >= 0.0001
Iteration 187 (max 500)
   eps = 0.000761 >= 0.0001
Iteration 188 (max 500)
   eps = 0.00074 >= 0.0001
Iteration 189 (max 500)
   eps = 0.00072 >= 0.0001
Iteration 190 (max 500)
   eps = 0.000701 >= 0.0001
Iteration 191 (max 500)
   eps = 0.000684 >= 0.0001
Iteration 192 (max 500)
   eps = 0.000672 >= 0.0001
Iteration 193 (max 500)
   eps = 0.00065 >= 0.0001
Iteration 194 (max 500)
   eps = 0.000637 >= 0.0001
Iteration 195 (max 500)
   eps = 0.000617 >= 0.0001
Iteration 196 (max 500)
   eps = 0.000602 >= 0.0001
Iteration 197 (max 500)
   eps = 0.000587 >= 0.0001
Iteration 198 (max 500)
   eps = 0.000572 >= 0.0001
Iteration 199 (max 500)
   eps = 0.000559 >= 0.0001
Iteration 200 (max 500)
   eps = 0.000543 >= 0.0001
Iteration 201 (max 500)
   eps = 0.000528 >= 0.0001
Iteration 202 (max 500)
   eps = 0.000517 >= 0.0001
Iteration 203 (max 500)
   eps = 0.000502 >= 0.0001
Iteration 204 (max 500)
   eps = 0.000492 >= 0.0001
Iteration 205 (max 500)
   eps = 0.000476 >= 0.0001
Iteration 206 (max 500)
   eps = 0.000464 >= 0.0001
Iteration 207 (max 500)
   eps = 0.000448 >= 0.0001
Iteration 208 (max 500)
   eps = 0.000437 >= 0.0001
Iteration 209 (max 500)
   eps = 0.000423 >= 0.0001
Iteration 210 (max 500)
   eps = 0.000413 >= 0.0001
Iteration 211 (max 500)
   eps = 0.000401 >= 0.0001
Iteration 212 (max 500)
   eps = 0.000391 >= 0.0001
Iteration 213 (max 500)
   eps = 0.00038 >= 0.0001
Iteration 214 (max 500)
   eps = 0.000373 >= 0.0001
Iteration 215 (max 500)
   eps = 0.000362 >= 0.0001
Iteration 216 (max 500)
   eps = 0.000354 >= 0.0001
Iteration 217 (max 500)
   eps = 0.000345 >= 0.0001
Iteration 218 (max 500)
   eps = 0.000335 >= 0.0001
Iteration 219 (max 500)
   eps = 0.000326 >= 0.0001
Iteration 220 (max 500)
   eps = 0.000318 >= 0.0001
Iteration 221 (max 500)
   eps = 0.000309 >= 0.0001
Iteration 222 (max 500)
   eps = 0.000301 >= 0.0001
Iteration 223 (max 500)
   eps = 0.000293 >= 0.0001
Iteration 224 (max 500)
   eps = 0.000285 >= 0.0001
Iteration 225 (max 500)
   eps = 0.000278 >= 0.0001
Iteration 226 (max 500)
   eps = 0.00027 >= 0.0001
Iteration 227 (max 500)
   eps = 0.000264 >= 0.0001
Iteration 228 (max 500)
   eps = 0.000257 >= 0.0001
Iteration 229 (max 500)
   eps = 0.00025 >= 0.0001
Iteration 230 (max 500)
   eps = 0.000243 >= 0.0001
Iteration 231 (max 500)
   eps = 0.000236 >= 0.0001
Iteration 232 (max 500)
   eps = 0.000229 >= 0.0001
Iteration 233 (max 500)
   eps = 0.000223 >= 0.0001
Iteration 234 (max 500)
   eps = 0.000217 >= 0.0001
Iteration 235 (max 500)
   eps = 0.000212 >= 0.0001
Iteration 236 (max 500)
   eps = 0.000206 >= 0.0001
Iteration 237 (max 500)
   eps = 0.0002 >= 0.0001
Iteration 238 (max 500)
   eps = 0.000194 >= 0.0001
Iteration 239 (max 500)
   eps = 0.000189 >= 0.0001
Iteration 240 (max 500)
   eps = 0.000184 >= 0.0001
Iteration 241 (max 500)
   eps = 0.000179 >= 0.0001
Iteration 242 (max 500)
   eps = 0.000174 >= 0.0001
Iteration 243 (max 500)
   eps = 0.00017 >= 0.0001
Iteration 244 (max 500)
   eps = 0.000165 >= 0.0001
Iteration 245 (max 500)
   eps = 0.000161 >= 0.0001
Iteration 246 (max 500)
   eps = 0.000156 >= 0.0001
Iteration 247 (max 500)
   eps = 0.000152 >= 0.0001
Iteration 248 (max 500)
   eps = 0.000148 >= 0.0001
Iteration 249 (max 500)
   eps = 0.000144 >= 0.0001
Iteration 250 (max 500)
   eps = 0.000141 >= 0.0001
Iteration 251 (max 500)
   eps = 0.000136 >= 0.0001
Iteration 252 (max 500)
   eps = 0.000132 >= 0.0001
Iteration 253 (max 500)
   eps = 0.000128 >= 0.0001
Iteration 254 (max 500)
   eps = 0.000125 >= 0.0001
Iteration 255 (max 500)
   eps = 0.000122 >= 0.0001
Iteration 256 (max 500)
   eps = 0.000119 >= 0.0001
Iteration 257 (max 500)
   eps = 0.000116 >= 0.0001
Iteration 258 (max 500)
   eps = 0.000113 >= 0.0001
Iteration 259 (max 500)
   eps = 0.00011 >= 0.0001
Iteration 260 (max 500)
   eps = 0.000106 >= 0.0001
Iteration 261 (max 500)
   eps = 0.000104 >= 0.0001
Iteration 262 (max 500)
   eps = 0.0001 >= 0.0001
Iteration 263 (max 500)
Time spent by the wind speed solver: 32.42791152000427 s
Rotates geometries from -45.0 degrees
Interp succeeded!!! for tmp_file
Interp succeeded!!! for tmp_file
Interp succeeded!!! for tmp_file
Interp succeeded!!! for tmp_file
Interp succeeded!!! for tmp_file
Interp succeeded!!! for tmp_file
Process 3995993: Successfully ran URock for tile output 'wind_field_raw_tile_30'.
Process 3995993: Elapsed time for URock ('wind_field_raw_tile_30'): 111.34 seconds.
[Master] Process 3995993 - Tile 30: Finished processing.
[Master] 3995993: exit signal
Info: Debuffered '/storage/project/r-rbasu31-0/hyu483/Test_UMEP/UROCK_output_35_spawn/temp_intermediate_files/tile_30_urock_raw_outputs/z1_5/wind_field_raw_tile_30WS.tif' to '/storage/project/r-rbasu31-0/hyu483/Test_UMEP/UROCK_output_35_spawn/urock_tiled_output/urock_wind_field_tile_30WS.tif' (original extent: (234582.59099838723, 901732.4833440109, 234642.58635222574, 901932.4833440109)).
Connecting to database
	->/tmp/URock_2025-12-21T1808402824e4c6-d113-42a3-8f6f-4b232e6fbcf4/myDbH2
/storage/home/hcoda1/4/hyu483/qgis_332/profiles/default/python/plugins/processing_umep/functions/URock/h2gis-standalone/h2gis-dist-2.2.3.jar
Connected!

Spatial functions added!

Load input data
Load table 'build_pre_srid_20251221180854'
Load table 'veg_pre_srid_20251221180854'
Creates blocks and stacked blocks
Rotates geometries from 45.0 degrees
Identify block base height and block cavity base
Calculates obstacle properties
Calculates zone properties
Initializes upwind facades
Update upwind facades base height
Initializes downwind facades
Calculates study area properties
Roughness zone properties are:

                                 - z0: 3.101066284167168
                                 - d: 14.615855328737508
                                 - Hr: 20.67377522778112
                                 - H_ob_max: 47
                                 - lambda_f: 0.16993038007977404
Rotates geometries from -45.0 degrees
Rotates geometries from -45.0 degrees
Rotates geometries from -45.0 degrees
Creates displacement zones
Rotates geometries from -45.0 degrees
Rotates geometries from -45.0 degrees
Creates cavity and wake zones
Rotates geometries from -45.0 degrees
Rotates geometries from -45.0 degrees
Creates street canyon zones
Rotates geometries from -45.0 degrees
Creates rooftop zones (perpendicular and corner)
Rotates geometries from -45.0 degrees
Rotates geometries from -45.0 degrees
Creates built-up and open vegetation zones
Rotates geometries from -45.0 degrees
Rotates geometries from -45.0 degrees
Identify the buildings concerned by the impacted zone chosen by the user
Creates the grid of points
Affects each grid point to a building Rockle zone and calculates needed 
          variables for 3D wind speed
Affects each grid point to a vegetation Rockle zone and calculates 
          needed variables for 3D wind speed
Remove some of the Röckle zone points
Creates backward zones
Calculates the 3D wind speed factor value for each point of each BUILDING zone
Rotates geometries from -45.0 degrees
Rotates geometries from -45.0 degrees
Rotates geometries from -45.0 degrees
Rotates geometries from -45.0 degrees
Rotates geometries from -45.0 degrees
Rotates geometries from -45.0 degrees
Rotates geometries from -45.0 degrees
Rotates geometries from -45.0 degrees
Rotates geometries from -45.0 degrees
Calculates the 3D wind speed factor value for each point of each VEGETATION zone
Rotates geometries from -45.0 degrees
Deals with superimposition (keeps only 1 value per 3D point)
Deals with superimposition (keeps only 1 value per 3D point)
Identify upstreamer points in TEMPO_WEIGHTING table
Identify upstreamer points in TEMPO_PRIORITIES table
Identify upstreamer points in TEMPO_PRIORITIES_WEIGHT table
Deals with superimposition (keeps only 1 value per 3D point)
Identify upstreamer points in TEMPO_WEIGHTING table
Identify upstreamer points in TEMPO_PRIORITIES table
Identify upstreamer points in TEMPO_PRIORITIES_WEIGHT table
Rotates geometries from -45.0 degrees
Identify grid points intersecting buildings
Set the initial 3D wind speed field
Time spent for wind speed initialization: 256.8977379798889 s
Shape: (197, 255, 28) - Nb cells: 1406580
Start to apply the wind solver
Iteration 1 (max 500)
   eps = 0.726986 >= 0.0001
Iteration 2 (max 500)
   eps = 0.439806 >= 0.0001
Iteration 3 (max 500)
   eps = 0.327758 >= 0.0001
Iteration 4 (max 500)
   eps = 0.260573 >= 0.0001
Iteration 5 (max 500)
   eps = 0.216237 >= 0.0001
Iteration 6 (max 500)
   eps = 0.183609 >= 0.0001
Iteration 7 (max 500)
   eps = 0.161108 >= 0.0001
Iteration 8 (max 500)
   eps = 0.142736 >= 0.0001
Iteration 9 (max 500)
   eps = 0.127737 >= 0.0001
Iteration 10 (max 500)
   eps = 0.115428 >= 0.0001
Iteration 11 (max 500)
   eps = 0.104174 >= 0.0001
Iteration 12 (max 500)
   eps = 0.093236 >= 0.0001
Iteration 13 (max 500)
   eps = 0.08405 >= 0.0001
Iteration 14 (max 500)
   eps = 0.076519 >= 0.0001
Iteration 15 (max 500)
   eps = 0.070182 >= 0.0001
Iteration 16 (max 500)
   eps = 0.064201 >= 0.0001
Iteration 17 (max 500)
   eps = 0.058886 >= 0.0001
Iteration 18 (max 500)
   eps = 0.054716 >= 0.0001
Iteration 19 (max 500)
   eps = 0.051125 >= 0.0001
Iteration 20 (max 500)
   eps = 0.048034 >= 0.0001
Iteration 21 (max 500)
   eps = 0.045344 >= 0.0001
Iteration 22 (max 500)
   eps = 0.043023 >= 0.0001
Iteration 23 (max 500)
   eps = 0.04104 >= 0.0001
Iteration 24 (max 500)
   eps = 0.039201 >= 0.0001
Iteration 25 (max 500)
   eps = 0.037586 >= 0.0001
Iteration 26 (max 500)
   eps = 0.036561 >= 0.0001
Iteration 27 (max 500)
   eps = 0.037207 >= 0.0001
Iteration 28 (max 500)
   eps = 0.03471 >= 0.0001
Iteration 29 (max 500)
   eps = 0.033589 >= 0.0001
Iteration 30 (max 500)
   eps = 0.032877 >= 0.0001
Iteration 31 (max 500)
   eps = 0.032235 >= 0.0001
Iteration 32 (max 500)
   eps = 0.031635 >= 0.0001
Iteration 33 (max 500)
   eps = 0.031065 >= 0.0001
Iteration 34 (max 500)
   eps = 0.030476 >= 0.0001
Iteration 35 (max 500)
   eps = 0.029958 >= 0.0001
Iteration 36 (max 500)
   eps = 0.02954 >= 0.0001
Iteration 37 (max 500)
   eps = 0.029122 >= 0.0001
Iteration 38 (max 500)
   eps = 0.028767 >= 0.0001
Iteration 39 (max 500)
   eps = 0.028486 >= 0.0001
Iteration 40 (max 500)
   eps = 0.028169 >= 0.0001
Iteration 41 (max 500)
   eps = 0.027933 >= 0.0001
Iteration 42 (max 500)
   eps = 0.02762 >= 0.0001
Iteration 43 (max 500)
   eps = 0.027289 >= 0.0001
Iteration 44 (max 500)
   eps = 0.026811 >= 0.0001
Iteration 45 (max 500)
   eps = 0.026257 >= 0.0001
Iteration 46 (max 500)
   eps = 0.025574 >= 0.0001
Iteration 47 (max 500)
   eps = 0.024902 >= 0.0001
Iteration 48 (max 500)
   eps = 0.024253 >= 0.0001
Iteration 49 (max 500)
   eps = 0.023679 >= 0.0001
Iteration 50 (max 500)
   eps = 0.023144 >= 0.0001
Iteration 51 (max 500)
   eps = 0.022628 >= 0.0001
Iteration 52 (max 500)
   eps = 0.022146 >= 0.0001
Iteration 53 (max 500)
   eps = 0.021651 >= 0.0001
Iteration 54 (max 500)
   eps = 0.021156 >= 0.0001
Iteration 55 (max 500)
   eps = 0.020712 >= 0.0001
Iteration 56 (max 500)
   eps = 0.020297 >= 0.0001
Iteration 57 (max 500)
   eps = 0.019917 >= 0.0001
Iteration 58 (max 500)
   eps = 0.019562 >= 0.0001
Iteration 59 (max 500)
   eps = 0.019191 >= 0.0001
Iteration 60 (max 500)
   eps = 0.018867 >= 0.0001
Iteration 61 (max 500)
   eps = 0.018615 >= 0.0001
Iteration 62 (max 500)
   eps = 0.018367 >= 0.0001
Iteration 63 (max 500)
   eps = 0.0181 >= 0.0001
Iteration 64 (max 500)
   eps = 0.017804 >= 0.0001
Iteration 65 (max 500)
   eps = 0.017502 >= 0.0001
Iteration 66 (max 500)
   eps = 0.017187 >= 0.0001
Iteration 67 (max 500)
   eps = 0.016871 >= 0.0001
Iteration 68 (max 500)
   eps = 0.016541 >= 0.0001
Iteration 69 (max 500)
   eps = 0.016248 >= 0.0001
Iteration 70 (max 500)
   eps = 0.015972 >= 0.0001
Iteration 71 (max 500)
   eps = 0.015688 >= 0.0001
Iteration 72 (max 500)
   eps = 0.01537 >= 0.0001
Iteration 73 (max 500)
   eps = 0.015032 >= 0.0001
Iteration 74 (max 500)
   eps = 0.014707 >= 0.0001
Iteration 75 (max 500)
   eps = 0.01437 >= 0.0001
Iteration 76 (max 500)
   eps = 0.014004 >= 0.0001
Iteration 77 (max 500)
   eps = 0.013653 >= 0.0001
Iteration 78 (max 500)
   eps = 0.013339 >= 0.0001
Iteration 79 (max 500)
   eps = 0.012995 >= 0.0001
Iteration 80 (max 500)
   eps = 0.012656 >= 0.0001
Iteration 81 (max 500)
   eps = 0.012367 >= 0.0001
Iteration 82 (max 500)
   eps = 0.012078 >= 0.0001
Iteration 83 (max 500)
   eps = 0.011804 >= 0.0001
Iteration 84 (max 500)
   eps = 0.011525 >= 0.0001
Iteration 85 (max 500)
   eps = 0.011271 >= 0.0001
Iteration 86 (max 500)
   eps = 0.011071 >= 0.0001
Iteration 87 (max 500)
   eps = 0.010865 >= 0.0001
Iteration 88 (max 500)
   eps = 0.010648 >= 0.0001
Iteration 89 (max 500)
   eps = 0.010444 >= 0.0001
Iteration 90 (max 500)
   eps = 0.010211 >= 0.0001
Iteration 91 (max 500)
   eps = 0.009989 >= 0.0001
Iteration 92 (max 500)
   eps = 0.009783 >= 0.0001
Iteration 93 (max 500)
   eps = 0.009608 >= 0.0001
Iteration 94 (max 500)
   eps = 0.009415 >= 0.0001
Iteration 95 (max 500)
   eps = 0.009225 >= 0.0001
Iteration 96 (max 500)
   eps = 0.009058 >= 0.0001
Iteration 97 (max 500)
   eps = 0.008926 >= 0.0001
Iteration 98 (max 500)
   eps = 0.008744 >= 0.0001
Iteration 99 (max 500)
   eps = 0.008599 >= 0.0001
Iteration 100 (max 500)
   eps = 0.008444 >= 0.0001
Iteration 101 (max 500)
   eps = 0.00827 >= 0.0001
Iteration 102 (max 500)
   eps = 0.008101 >= 0.0001
Iteration 103 (max 500)
   eps = 0.007939 >= 0.0001
Iteration 104 (max 500)
   eps = 0.007825 >= 0.0001
Iteration 105 (max 500)
   eps = 0.007674 >= 0.0001
Iteration 106 (max 500)
   eps = 0.007551 >= 0.0001
Iteration 107 (max 500)
   eps = 0.007435 >= 0.0001
Iteration 108 (max 500)
   eps = 0.00735 >= 0.0001
Iteration 109 (max 500)
   eps = 0.007201 >= 0.0001
Iteration 110 (max 500)
   eps = 0.007081 >= 0.0001
Iteration 111 (max 500)
   eps = 0.006932 >= 0.0001
Iteration 112 (max 500)
   eps = 0.00681 >= 0.0001
Iteration 113 (max 500)
   eps = 0.006676 >= 0.0001
Iteration 114 (max 500)
   eps = 0.006508 >= 0.0001
Iteration 115 (max 500)
   eps = 0.006356 >= 0.0001
Iteration 116 (max 500)
   eps = 0.006212 >= 0.0001
Iteration 117 (max 500)
   eps = 0.006111 >= 0.0001
Iteration 118 (max 500)
   eps = 0.005965 >= 0.0001
Iteration 119 (max 500)
   eps = 0.005822 >= 0.0001
Iteration 120 (max 500)
   eps = 0.005678 >= 0.0001
Iteration 121 (max 500)
   eps = 0.005557 >= 0.0001
Iteration 122 (max 500)
   eps = 0.005435 >= 0.0001
Iteration 123 (max 500)
   eps = 0.005321 >= 0.0001
Iteration 124 (max 500)
   eps = 0.005217 >= 0.0001
Iteration 125 (max 500)
   eps = 0.0051 >= 0.0001
Iteration 126 (max 500)
   eps = 0.004991 >= 0.0001
Iteration 127 (max 500)
   eps = 0.004888 >= 0.0001
Iteration 128 (max 500)
   eps = 0.004758 >= 0.0001
Iteration 129 (max 500)
   eps = 0.004654 >= 0.0001
Iteration 130 (max 500)
   eps = 0.004555 >= 0.0001
Iteration 131 (max 500)
   eps = 0.004467 >= 0.0001
Iteration 132 (max 500)
   eps = 0.004382 >= 0.0001
Iteration 133 (max 500)
   eps = 0.004294 >= 0.0001
Iteration 134 (max 500)
   eps = 0.004223 >= 0.0001
Iteration 135 (max 500)
   eps = 0.004148 >= 0.0001
Iteration 136 (max 500)
   eps = 0.004075 >= 0.0001
Iteration 137 (max 500)
   eps = 0.003997 >= 0.0001
Iteration 138 (max 500)
   eps = 0.003905 >= 0.0001
Iteration 139 (max 500)
   eps = 0.00383 >= 0.0001
Iteration 140 (max 500)
   eps = 0.003752 >= 0.0001
Iteration 141 (max 500)
   eps = 0.003682 >= 0.0001
Iteration 142 (max 500)
   eps = 0.003605 >= 0.0001
Iteration 143 (max 500)
   eps = 0.003524 >= 0.0001
Iteration 144 (max 500)
   eps = 0.003446 >= 0.0001
Iteration 145 (max 500)
   eps = 0.003374 >= 0.0001
Iteration 146 (max 500)
   eps = 0.003296 >= 0.0001
Iteration 147 (max 500)
   eps = 0.003216 >= 0.0001
Iteration 148 (max 500)
   eps = 0.003137 >= 0.0001
Iteration 149 (max 500)
   eps = 0.003068 >= 0.0001
Iteration 150 (max 500)
   eps = 0.003004 >= 0.0001
Iteration 151 (max 500)
   eps = 0.002948 >= 0.0001
Iteration 152 (max 500)
   eps = 0.002891 >= 0.0001
Iteration 153 (max 500)
   eps = 0.002832 >= 0.0001
Iteration 154 (max 500)
   eps = 0.002774 >= 0.0001
Iteration 155 (max 500)
   eps = 0.002711 >= 0.0001
Iteration 156 (max 500)
   eps = 0.00266 >= 0.0001
Iteration 157 (max 500)
   eps = 0.002612 >= 0.0001
Iteration 158 (max 500)
   eps = 0.002565 >= 0.0001
Iteration 159 (max 500)
   eps = 0.002513 >= 0.0001
Iteration 160 (max 500)
   eps = 0.002459 >= 0.0001
Iteration 161 (max 500)
   eps = 0.002404 >= 0.0001
Iteration 162 (max 500)
   eps = 0.002352 >= 0.0001
Iteration 163 (max 500)
   eps = 0.002302 >= 0.0001
Iteration 164 (max 500)
   eps = 0.00226 >= 0.0001
Iteration 165 (max 500)
   eps = 0.002232 >= 0.0001
Iteration 166 (max 500)
   eps = 0.002207 >= 0.0001
Iteration 167 (max 500)
   eps = 0.002145 >= 0.0001
Iteration 168 (max 500)
   eps = 0.002091 >= 0.0001
Iteration 169 (max 500)
   eps = 0.002044 >= 0.0001
Iteration 170 (max 500)
   eps = 0.001997 >= 0.0001
Iteration 171 (max 500)
   eps = 0.001951 >= 0.0001
Iteration 172 (max 500)
   eps = 0.001904 >= 0.0001
Iteration 173 (max 500)
   eps = 0.00186 >= 0.0001
Iteration 174 (max 500)
   eps = 0.001819 >= 0.0001
Iteration 175 (max 500)
   eps = 0.001773 >= 0.0001
Iteration 176 (max 500)
   eps = 0.001732 >= 0.0001
Iteration 177 (max 500)
   eps = 0.001695 >= 0.0001
Iteration 178 (max 500)
   eps = 0.001659 >= 0.0001
Iteration 179 (max 500)
   eps = 0.001623 >= 0.0001
Iteration 180 (max 500)
   eps = 0.001587 >= 0.0001
Iteration 181 (max 500)
   eps = 0.001556 >= 0.0001
Iteration 182 (max 500)
   eps = 0.001524 >= 0.0001
Iteration 183 (max 500)
   eps = 0.001491 >= 0.0001
Iteration 184 (max 500)
   eps = 0.00146 >= 0.0001
Iteration 185 (max 500)
   eps = 0.001432 >= 0.0001
Iteration 186 (max 500)
   eps = 0.001406 >= 0.0001
Iteration 187 (max 500)
   eps = 0.00138 >= 0.0001
Iteration 188 (max 500)
   eps = 0.001352 >= 0.0001
Iteration 189 (max 500)
   eps = 0.001322 >= 0.0001
Iteration 190 (max 500)
   eps = 0.001293 >= 0.0001
Iteration 191 (max 500)
   eps = 0.001264 >= 0.0001
Iteration 192 (max 500)
   eps = 0.00124 >= 0.0001
Iteration 193 (max 500)
   eps = 0.001209 >= 0.0001
Iteration 194 (max 500)
   eps = 0.001182 >= 0.0001
Iteration 195 (max 500)
   eps = 0.001157 >= 0.0001
Iteration 196 (max 500)
   eps = 0.00113 >= 0.0001
Iteration 197 (max 500)
   eps = 0.001103 >= 0.0001
Iteration 198 (max 500)
   eps = 0.00108 >= 0.0001
Iteration 199 (max 500)
   eps = 0.001057 >= 0.0001
Iteration 200 (max 500)
   eps = 0.001035 >= 0.0001
Iteration 201 (max 500)
   eps = 0.001013 >= 0.0001
Iteration 202 (max 500)
   eps = 0.000991 >= 0.0001
Iteration 203 (max 500)
   eps = 0.000968 >= 0.0001
Iteration 204 (max 500)
   eps = 0.000946 >= 0.0001
Iteration 205 (max 500)
   eps = 0.000925 >= 0.0001
Iteration 206 (max 500)
   eps = 0.000907 >= 0.0001
Iteration 207 (max 500)
   eps = 0.000889 >= 0.0001
Iteration 208 (max 500)
   eps = 0.00087 >= 0.0001
Iteration 209 (max 500)
   eps = 0.00085 >= 0.0001
Iteration 210 (max 500)
   eps = 0.000832 >= 0.0001
Iteration 211 (max 500)
   eps = 0.000815 >= 0.0001
Iteration 212 (max 500)
   eps = 0.000799 >= 0.0001
Iteration 213 (max 500)
   eps = 0.000782 >= 0.0001
Iteration 214 (max 500)
   eps = 0.000765 >= 0.0001
Iteration 215 (max 500)
   eps = 0.000747 >= 0.0001
Iteration 216 (max 500)
   eps = 0.000729 >= 0.0001
Iteration 217 (max 500)
   eps = 0.000712 >= 0.0001
Iteration 218 (max 500)
   eps = 0.000694 >= 0.0001
Iteration 219 (max 500)
   eps = 0.000678 >= 0.0001
Iteration 220 (max 500)
   eps = 0.000663 >= 0.0001
Iteration 221 (max 500)
   eps = 0.000649 >= 0.0001
Iteration 222 (max 500)
   eps = 0.000637 >= 0.0001
Iteration 223 (max 500)
   eps = 0.000625 >= 0.0001
Iteration 224 (max 500)
   eps = 0.000612 >= 0.0001
Iteration 225 (max 500)
   eps = 0.000599 >= 0.0001
Iteration 226 (max 500)
   eps = 0.000586 >= 0.0001
Iteration 227 (max 500)
   eps = 0.000572 >= 0.0001
Iteration 228 (max 500)
   eps = 0.000559 >= 0.0001
Iteration 229 (max 500)
   eps = 0.000545 >= 0.0001
Iteration 230 (max 500)
   eps = 0.000531 >= 0.0001
Iteration 231 (max 500)
   eps = 0.000518 >= 0.0001
Iteration 232 (max 500)
   eps = 0.000506 >= 0.0001
Iteration 233 (max 500)
   eps = 0.000495 >= 0.0001
Iteration 234 (max 500)
   eps = 0.000484 >= 0.0001
Iteration 235 (max 500)
   eps = 0.000474 >= 0.0001
Iteration 236 (max 500)
   eps = 0.000464 >= 0.0001
Iteration 237 (max 500)
   eps = 0.000455 >= 0.0001
Iteration 238 (max 500)
   eps = 0.000444 >= 0.0001
Iteration 239 (max 500)
   eps = 0.000433 >= 0.0001
Iteration 240 (max 500)
   eps = 0.000421 >= 0.0001
Iteration 241 (max 500)
   eps = 0.000411 >= 0.0001
Iteration 242 (max 500)
   eps = 0.000401 >= 0.0001
Iteration 243 (max 500)
   eps = 0.000392 >= 0.0001
Iteration 244 (max 500)
   eps = 0.000383 >= 0.0001
Iteration 245 (max 500)
   eps = 0.000374 >= 0.0001
Iteration 246 (max 500)
   eps = 0.000366 >= 0.0001
Iteration 247 (max 500)
   eps = 0.000358 >= 0.0001
Iteration 248 (max 500)
   eps = 0.000349 >= 0.0001
Iteration 249 (max 500)
   eps = 0.000341 >= 0.0001
Iteration 250 (max 500)
   eps = 0.000333 >= 0.0001
Iteration 251 (max 500)
   eps = 0.000325 >= 0.0001
Iteration 252 (max 500)
   eps = 0.000317 >= 0.0001
Iteration 253 (max 500)
   eps = 0.00031 >= 0.0001
Iteration 254 (max 500)
   eps = 0.000303 >= 0.0001
Iteration 255 (max 500)
   eps = 0.000297 >= 0.0001
Iteration 256 (max 500)
   eps = 0.000291 >= 0.0001
Iteration 257 (max 500)
   eps = 0.000284 >= 0.0001
Iteration 258 (max 500)
   eps = 0.000278 >= 0.0001
Iteration 259 (max 500)
   eps = 0.000272 >= 0.0001
Iteration 260 (max 500)
   eps = 0.000265 >= 0.0001
Iteration 261 (max 500)
   eps = 0.000258 >= 0.0001
Iteration 262 (max 500)
   eps = 0.000252 >= 0.0001
Iteration 263 (max 500)
   eps = 0.000245 >= 0.0001
Iteration 264 (max 500)
   eps = 0.000239 >= 0.0001
Iteration 265 (max 500)
   eps = 0.000234 >= 0.0001
Iteration 266 (max 500)
   eps = 0.000229 >= 0.0001
Iteration 267 (max 500)
   eps = 0.000224 >= 0.0001
Iteration 268 (max 500)
   eps = 0.00022 >= 0.0001
Iteration 269 (max 500)
   eps = 0.000215 >= 0.0001
Iteration 270 (max 500)
   eps = 0.00021 >= 0.0001
Iteration 271 (max 500)
   eps = 0.000204 >= 0.0001
Iteration 272 (max 500)
   eps = 0.000199 >= 0.0001
Iteration 273 (max 500)
   eps = 0.000194 >= 0.0001
Iteration 274 (max 500)
   eps = 0.000189 >= 0.0001
Iteration 275 (max 500)
   eps = 0.000184 >= 0.0001
Iteration 276 (max 500)
   eps = 0.00018 >= 0.0001
Iteration 277 (max 500)
   eps = 0.000175 >= 0.0001
Iteration 278 (max 500)
   eps = 0.000171 >= 0.0001
Iteration 279 (max 500)
   eps = 0.000167 >= 0.0001
Iteration 280 (max 500)
   eps = 0.000163 >= 0.0001
Iteration 281 (max 500)
   eps = 0.000158 >= 0.0001
Iteration 282 (max 500)
   eps = 0.000154 >= 0.0001
Iteration 283 (max 500)
   eps = 0.000151 >= 0.0001
Iteration 284 (max 500)
   eps = 0.000148 >= 0.0001
Iteration 285 (max 500)
   eps = 0.000145 >= 0.0001
Iteration 286 (max 500)
   eps = 0.000141 >= 0.0001
Iteration 287 (max 500)
   eps = 0.000138 >= 0.0001
Iteration 288 (max 500)
   eps = 0.000135 >= 0.0001
Iteration 289 (max 500)
   eps = 0.000131 >= 0.0001
Iteration 290 (max 500)
   eps = 0.000127 >= 0.0001
Iteration 291 (max 500)
   eps = 0.000124 >= 0.0001
Iteration 292 (max 500)
   eps = 0.000121 >= 0.0001
Iteration 293 (max 500)
   eps = 0.000119 >= 0.0001
Iteration 294 (max 500)
   eps = 0.000117 >= 0.0001
Iteration 295 (max 500)
   eps = 0.000114 >= 0.0001
Iteration 296 (max 500)
   eps = 0.000111 >= 0.0001
Iteration 297 (max 500)
   eps = 0.000108 >= 0.0001
Iteration 298 (max 500)
   eps = 0.000105 >= 0.0001
Iteration 299 (max 500)
   eps = 0.000102 >= 0.0001
Iteration 300 (max 500)
Time spent by the wind speed solver: 62.187313079833984 s
Rotates geometries from -45.0 degrees
Interp succeeded!!! for tmp_file
Interp succeeded!!! for tmp_file
Interp succeeded!!! for tmp_file
Interp succeeded!!! for tmp_file
Interp succeeded!!! for tmp_file
Interp succeeded!!! for tmp_file
Process 3995992: Successfully ran URock for tile output 'wind_field_raw_tile_0'.
Process 3995992: Elapsed time for URock ('wind_field_raw_tile_0'): 403.37 seconds.
[Master] Process 3995992 - Tile 0: Finished processing.
[Master] 3995992: exit signal
Info: Debuffered '/storage/project/r-rbasu31-0/hyu483/Test_UMEP/UROCK_output_35_spawn/temp_intermediate_files/tile_0_urock_raw_outputs/z1_5/wind_field_raw_tile_0WS.tif' to '/storage/project/r-rbasu31-0/hyu483/Test_UMEP/UROCK_output_35_spawn/urock_tiled_output/urock_wind_field_tile_0WS.tif' (original extent: (233582.59099838723, 901732.4833440109, 233782.59099838723, 901932.4833440109)).
Connecting to database
	->/tmp/URock_2025-12-21T1814527b3dde68-2aba-4b5e-9e6d-2f3961a57a54/myDbH2
/storage/home/hcoda1/4/hyu483/qgis_332/profiles/default/python/plugins/processing_umep/functions/URock/h2gis-standalone/h2gis-dist-2.2.3.jar
Connected!

Spatial functions added!

Load input data
Load table 'build_pre_srid_20251221181453'
Load table 'veg_pre_srid_20251221181453'
Creates blocks and stacked blocks
Rotates geometries from 45.0 degrees
Identify block base height and block cavity base
Calculates obstacle properties
Calculates zone properties
Initializes upwind facades
Update upwind facades base height
Initializes downwind facades
Calculates study area properties
Roughness zone properties are:

                                 - z0: 1.37410382388339
                                 - d: 6.148174789498044
                                 - Hr: 11.275169934884811
                                 - H_ob_max: 26
                                 - lambda_f: 0.12186989924045238
Rotates geometries from -45.0 degrees
Rotates geometries from -45.0 degrees
Rotates geometries from -45.0 degrees
Creates displacement zones
Rotates geometries from -45.0 degrees
Rotates geometries from -45.0 degrees
Creates cavity and wake zones
Rotates geometries from -45.0 degrees
Rotates geometries from -45.0 degrees
Creates street canyon zones
Rotates geometries from -45.0 degrees
Creates rooftop zones (perpendicular and corner)
Rotates geometries from -45.0 degrees
Rotates geometries from -45.0 degrees
Creates built-up and open vegetation zones
Rotates geometries from -45.0 degrees
Rotates geometries from -45.0 degrees
Identify the buildings concerned by the impacted zone chosen by the user
Creates the grid of points
Affects each grid point to a building Rockle zone and calculates needed 
          variables for 3D wind speed
Affects each grid point to a vegetation Rockle zone and calculates 
          needed variables for 3D wind speed
Remove some of the Röckle zone points
Creates backward zones
Calculates the 3D wind speed factor value for each point of each BUILDING zone
Rotates geometries from -45.0 degrees
Rotates geometries from -45.0 degrees
Rotates geometries from -45.0 degrees
Rotates geometries from -45.0 degrees
Rotates geometries from -45.0 degrees
Rotates geometries from -45.0 degrees
Rotates geometries from -45.0 degrees
Rotates geometries from -45.0 degrees
Rotates geometries from -45.0 degrees
Calculates the 3D wind speed factor value for each point of each VEGETATION zone
Rotates geometries from -45.0 degrees
Deals with superimposition (keeps only 1 value per 3D point)
Deals with superimposition (keeps only 1 value per 3D point)
Identify upstreamer points in TEMPO_WEIGHTING table
Identify upstreamer points in TEMPO_PRIORITIES table
Identify upstreamer points in TEMPO_PRIORITIES_WEIGHT table
Deals with superimposition (keeps only 1 value per 3D point)
Identify upstreamer points in TEMPO_WEIGHTING table
Identify upstreamer points in TEMPO_PRIORITIES table
Identify upstreamer points in TEMPO_PRIORITIES_WEIGHT table
Rotates geometries from -45.0 degrees
Identify grid points intersecting buildings
Set the initial 3D wind speed field
Time spent for wind speed initialization: 10.302744150161743 s
Shape: (137, 132, 19) - Nb cells: 343596
Start to apply the wind solver
Iteration 1 (max 500)
   eps = 0.569461 >= 0.0001
Iteration 2 (max 500)
   eps = 0.389257 >= 0.0001
Iteration 3 (max 500)
   eps = 0.309586 >= 0.0001
Iteration 4 (max 500)
   eps = 0.251561 >= 0.0001
Iteration 5 (max 500)
   eps = 0.211169 >= 0.0001
Iteration 6 (max 500)
   eps = 0.179074 >= 0.0001
Iteration 7 (max 500)
   eps = 0.151953 >= 0.0001
Iteration 8 (max 500)
   eps = 0.12791 >= 0.0001
Iteration 9 (max 500)
   eps = 0.108976 >= 0.0001
Iteration 10 (max 500)
   eps = 0.095035 >= 0.0001
Iteration 11 (max 500)
   eps = 0.083525 >= 0.0001
Iteration 12 (max 500)
   eps = 0.075717 >= 0.0001
Iteration 13 (max 500)
   eps = 0.069021 >= 0.0001
Iteration 14 (max 500)
   eps = 0.063503 >= 0.0001
Iteration 15 (max 500)
   eps = 0.059035 >= 0.0001
Iteration 16 (max 500)
   eps = 0.055343 >= 0.0001
Iteration 17 (max 500)
   eps = 0.058748 >= 0.0001
Iteration 18 (max 500)
   eps = 0.051437 >= 0.0001
Iteration 19 (max 500)
   eps = 0.047392 >= 0.0001
Iteration 20 (max 500)
   eps = 0.045285 >= 0.0001
Iteration 21 (max 500)
   eps = 0.043784 >= 0.0001
Iteration 22 (max 500)
   eps = 0.042564 >= 0.0001
Iteration 23 (max 500)
   eps = 0.041301 >= 0.0001
Iteration 24 (max 500)
   eps = 0.040152 >= 0.0001
Iteration 25 (max 500)
   eps = 0.039019 >= 0.0001
Iteration 26 (max 500)
   eps = 0.037821 >= 0.0001
Iteration 27 (max 500)
   eps = 0.036526 >= 0.0001
Iteration 28 (max 500)
   eps = 0.035302 >= 0.0001
Iteration 29 (max 500)
   eps = 0.034061 >= 0.0001
Iteration 30 (max 500)
   eps = 0.03296 >= 0.0001
Iteration 31 (max 500)
   eps = 0.031915 >= 0.0001
Iteration 32 (max 500)
   eps = 0.030844 >= 0.0001
Iteration 33 (max 500)
   eps = 0.029868 >= 0.0001
Iteration 34 (max 500)
   eps = 0.028993 >= 0.0001
Iteration 35 (max 500)
   eps = 0.027965 >= 0.0001
Iteration 36 (max 500)
   eps = 0.027135 >= 0.0001
Iteration 37 (max 500)
   eps = 0.026359 >= 0.0001
Iteration 38 (max 500)
   eps = 0.02555 >= 0.0001
Iteration 39 (max 500)
   eps = 0.024677 >= 0.0001
Iteration 40 (max 500)
   eps = 0.023822 >= 0.0001
Iteration 41 (max 500)
   eps = 0.022969 >= 0.0001
Iteration 42 (max 500)
   eps = 0.022083 >= 0.0001
Iteration 43 (max 500)
   eps = 0.021241 >= 0.0001
Iteration 44 (max 500)
   eps = 0.020525 >= 0.0001
Iteration 45 (max 500)
   eps = 0.019829 >= 0.0001
Iteration 46 (max 500)
   eps = 0.019146 >= 0.0001
Iteration 47 (max 500)
   eps = 0.018502 >= 0.0001
Iteration 48 (max 500)
   eps = 0.017916 >= 0.0001
Iteration 49 (max 500)
   eps = 0.017307 >= 0.0001
Iteration 50 (max 500)
   eps = 0.016698 >= 0.0001
Iteration 51 (max 500)
   eps = 0.016142 >= 0.0001
Iteration 52 (max 500)
   eps = 0.015594 >= 0.0001
Iteration 53 (max 500)
   eps = 0.015089 >= 0.0001
Iteration 54 (max 500)
   eps = 0.014626 >= 0.0001
Iteration 55 (max 500)
   eps = 0.01419 >= 0.0001
Iteration 56 (max 500)
   eps = 0.0138 >= 0.0001
Iteration 57 (max 500)
   eps = 0.013399 >= 0.0001
Iteration 58 (max 500)
   eps = 0.012973 >= 0.0001
Iteration 59 (max 500)
   eps = 0.012557 >= 0.0001
Iteration 60 (max 500)
   eps = 0.012133 >= 0.0001
Iteration 61 (max 500)
   eps = 0.011719 >= 0.0001
Iteration 62 (max 500)
   eps = 0.011316 >= 0.0001
Iteration 63 (max 500)
   eps = 0.01097 >= 0.0001
Iteration 64 (max 500)
   eps = 0.010576 >= 0.0001
Iteration 65 (max 500)
   eps = 0.010271 >= 0.0001
Iteration 66 (max 500)
   eps = 0.010025 >= 0.0001
Iteration 67 (max 500)
   eps = 0.009731 >= 0.0001
Iteration 68 (max 500)
   eps = 0.009438 >= 0.0001
Iteration 69 (max 500)
   eps = 0.009145 >= 0.0001
Iteration 70 (max 500)
   eps = 0.008817 >= 0.0001
Iteration 71 (max 500)
   eps = 0.008534 >= 0.0001
Iteration 72 (max 500)
   eps = 0.00827 >= 0.0001
Iteration 73 (max 500)
   eps = 0.008019 >= 0.0001
Iteration 74 (max 500)
   eps = 0.007779 >= 0.0001
Iteration 75 (max 500)
   eps = 0.007578 >= 0.0001
Iteration 76 (max 500)
   eps = 0.007345 >= 0.0001
Iteration 77 (max 500)
   eps = 0.00715 >= 0.0001
Iteration 78 (max 500)
   eps = 0.006902 >= 0.0001
Iteration 79 (max 500)
   eps = 0.006742 >= 0.0001
Iteration 80 (max 500)
   eps = 0.006512 >= 0.0001
Iteration 81 (max 500)
   eps = 0.006312 >= 0.0001
Iteration 82 (max 500)
   eps = 0.006096 >= 0.0001
Iteration 83 (max 500)
   eps = 0.005894 >= 0.0001
Iteration 84 (max 500)
   eps = 0.005741 >= 0.0001
Iteration 85 (max 500)
   eps = 0.005573 >= 0.0001
Iteration 86 (max 500)
   eps = 0.005422 >= 0.0001
Iteration 87 (max 500)
   eps = 0.005279 >= 0.0001
Iteration 88 (max 500)
   eps = 0.00513 >= 0.0001
Iteration 89 (max 500)
   eps = 0.004978 >= 0.0001
Iteration 90 (max 500)
   eps = 0.004816 >= 0.0001
Iteration 91 (max 500)
   eps = 0.004655 >= 0.0001
Iteration 92 (max 500)
   eps = 0.004517 >= 0.0001
Iteration 93 (max 500)
   eps = 0.004366 >= 0.0001
Iteration 94 (max 500)
   eps = 0.004238 >= 0.0001
Iteration 95 (max 500)
   eps = 0.004082 >= 0.0001
Iteration 96 (max 500)
   eps = 0.003991 >= 0.0001
Iteration 97 (max 500)
   eps = 0.003842 >= 0.0001
Iteration 98 (max 500)
   eps = 0.003716 >= 0.0001
Iteration 99 (max 500)
   eps = 0.003604 >= 0.0001
Iteration 100 (max 500)
   eps = 0.003482 >= 0.0001
Iteration 101 (max 500)
   eps = 0.003375 >= 0.0001
Iteration 102 (max 500)
   eps = 0.003271 >= 0.0001
Iteration 103 (max 500)
   eps = 0.003168 >= 0.0001
Iteration 104 (max 500)
   eps = 0.003068 >= 0.0001
Iteration 105 (max 500)
   eps = 0.002965 >= 0.0001
Iteration 106 (max 500)
   eps = 0.002868 >= 0.0001
Iteration 107 (max 500)
   eps = 0.002772 >= 0.0001
Iteration 108 (max 500)
   eps = 0.002679 >= 0.0001
Iteration 109 (max 500)
   eps = 0.002595 >= 0.0001
Iteration 110 (max 500)
   eps = 0.00251 >= 0.0001
Iteration 111 (max 500)
   eps = 0.002424 >= 0.0001
Iteration 112 (max 500)
   eps = 0.002341 >= 0.0001
Iteration 113 (max 500)
   eps = 0.00227 >= 0.0001
Iteration 114 (max 500)
   eps = 0.002199 >= 0.0001
Iteration 115 (max 500)
   eps = 0.002132 >= 0.0001
Iteration 116 (max 500)
   eps = 0.002066 >= 0.0001
Iteration 117 (max 500)
   eps = 0.002002 >= 0.0001
Iteration 118 (max 500)
   eps = 0.001938 >= 0.0001
Iteration 119 (max 500)
   eps = 0.001874 >= 0.0001
Iteration 120 (max 500)
   eps = 0.00181 >= 0.0001
Iteration 121 (max 500)
   eps = 0.001748 >= 0.0001
Iteration 122 (max 500)
   eps = 0.001688 >= 0.0001
Iteration 123 (max 500)
   eps = 0.001634 >= 0.0001
Iteration 124 (max 500)
   eps = 0.001586 >= 0.0001
Iteration 125 (max 500)
   eps = 0.001536 >= 0.0001
Iteration 126 (max 500)
   eps = 0.001484 >= 0.0001
Iteration 127 (max 500)
   eps = 0.001434 >= 0.0001
Iteration 128 (max 500)
   eps = 0.001389 >= 0.0001
Iteration 129 (max 500)
   eps = 0.001344 >= 0.0001
Iteration 130 (max 500)
   eps = 0.001301 >= 0.0001
Iteration 131 (max 500)
   eps = 0.001263 >= 0.0001
Iteration 132 (max 500)
   eps = 0.00122 >= 0.0001
Iteration 133 (max 500)
   eps = 0.001181 >= 0.0001
Iteration 134 (max 500)
   eps = 0.001143 >= 0.0001
Iteration 135 (max 500)
   eps = 0.001107 >= 0.0001
Iteration 136 (max 500)
   eps = 0.001076 >= 0.0001
Iteration 137 (max 500)
   eps = 0.001042 >= 0.0001
Iteration 138 (max 500)
   eps = 0.001009 >= 0.0001
Iteration 139 (max 500)
   eps = 0.00098 >= 0.0001
Iteration 140 (max 500)
   eps = 0.000951 >= 0.0001
Iteration 141 (max 500)
   eps = 0.000921 >= 0.0001
Iteration 142 (max 500)
   eps = 0.000889 >= 0.0001
Iteration 143 (max 500)
   eps = 0.000858 >= 0.0001
Iteration 144 (max 500)
   eps = 0.000826 >= 0.0001
Iteration 145 (max 500)
   eps = 0.000796 >= 0.0001
Iteration 146 (max 500)
   eps = 0.000767 >= 0.0001
Iteration 147 (max 500)
   eps = 0.000736 >= 0.0001
Iteration 148 (max 500)
   eps = 0.000706 >= 0.0001
Iteration 149 (max 500)
   eps = 0.00068 >= 0.0001
Iteration 150 (max 500)
   eps = 0.000654 >= 0.0001
Iteration 151 (max 500)
   eps = 0.000634 >= 0.0001
Iteration 152 (max 500)
   eps = 0.000617 >= 0.0001
Iteration 153 (max 500)
   eps = 0.000595 >= 0.0001
Iteration 154 (max 500)
   eps = 0.000573 >= 0.0001
Iteration 155 (max 500)
   eps = 0.000555 >= 0.0001
Iteration 156 (max 500)
   eps = 0.000537 >= 0.0001
Iteration 157 (max 500)
   eps = 0.000518 >= 0.0001
Iteration 158 (max 500)
   eps = 0.000498 >= 0.0001
Iteration 159 (max 500)
   eps = 0.000478 >= 0.0001
Iteration 160 (max 500)
   eps = 0.000463 >= 0.0001
Iteration 161 (max 500)
   eps = 0.000452 >= 0.0001
Iteration 162 (max 500)
   eps = 0.000433 >= 0.0001
Iteration 163 (max 500)
   eps = 0.000417 >= 0.0001
Iteration 164 (max 500)
   eps = 0.000406 >= 0.0001
Iteration 165 (max 500)
   eps = 0.00039 >= 0.0001
Iteration 166 (max 500)
   eps = 0.000376 >= 0.0001
Iteration 167 (max 500)
   eps = 0.000362 >= 0.0001
Iteration 168 (max 500)
   eps = 0.00035 >= 0.0001
Iteration 169 (max 500)
   eps = 0.000338 >= 0.0001
Iteration 170 (max 500)
   eps = 0.000326 >= 0.0001
Iteration 171 (max 500)
   eps = 0.000315 >= 0.0001
Iteration 172 (max 500)
   eps = 0.000302 >= 0.0001
Iteration 173 (max 500)
   eps = 0.000291 >= 0.0001
Iteration 174 (max 500)
   eps = 0.000281 >= 0.0001
Iteration 175 (max 500)
   eps = 0.000271 >= 0.0001
Iteration 176 (max 500)
   eps = 0.000263 >= 0.0001
Iteration 177 (max 500)
   eps = 0.000254 >= 0.0001
Iteration 178 (max 500)
   eps = 0.000246 >= 0.0001
Iteration 179 (max 500)
   eps = 0.000239 >= 0.0001
Iteration 180 (max 500)
   eps = 0.000229 >= 0.0001
Iteration 181 (max 500)
   eps = 0.000221 >= 0.0001
Iteration 182 (max 500)
   eps = 0.000213 >= 0.0001
Iteration 183 (max 500)
   eps = 0.000204 >= 0.0001
Iteration 184 (max 500)
   eps = 0.000196 >= 0.0001
Iteration 185 (max 500)
   eps = 0.000189 >= 0.0001
Iteration 186 (max 500)
   eps = 0.000183 >= 0.0001
Iteration 187 (max 500)
   eps = 0.000175 >= 0.0001
Iteration 188 (max 500)
   eps = 0.000169 >= 0.0001
Iteration 189 (max 500)
   eps = 0.000162 >= 0.0001
Iteration 190 (max 500)
   eps = 0.000156 >= 0.0001
Iteration 191 (max 500)
   eps = 0.00015 >= 0.0001
Iteration 192 (max 500)
   eps = 0.000144 >= 0.0001
Iteration 193 (max 500)
   eps = 0.000139 >= 0.0001
Iteration 194 (max 500)
   eps = 0.000133 >= 0.0001
Iteration 195 (max 500)
   eps = 0.000128 >= 0.0001
Iteration 196 (max 500)
   eps = 0.000124 >= 0.0001
Iteration 197 (max 500)
   eps = 0.000121 >= 0.0001
Iteration 198 (max 500)
   eps = 0.000116 >= 0.0001
Iteration 199 (max 500)
   eps = 0.000112 >= 0.0001
Iteration 200 (max 500)
   eps = 0.000108 >= 0.0001
Iteration 201 (max 500)
   eps = 0.000104 >= 0.0001
Iteration 202 (max 500)
   eps = 0.000101 >= 0.0001
Iteration 203 (max 500)
Time spent by the wind speed solver: 6.808037996292114 s
Rotates geometries from -45.0 degrees
Interp succeeded!!! for tmp_file
Interp succeeded!!! for tmp_file
Interp succeeded!!! for tmp_file
Interp succeeded!!! for tmp_file
Interp succeeded!!! for tmp_file
Interp succeeded!!! for tmp_file
Process 3995980: Successfully ran URock for tile output 'wind_field_raw_tile_35'.
Process 3995980: Elapsed time for URock ('wind_field_raw_tile_35'): 42.65 seconds.
[Master] Process 3995980 - Tile 35: Finished processing.
[Master] 3995980: exit signal
Info: Debuffered '/storage/project/r-rbasu31-0/hyu483/Test_UMEP/UROCK_output_35_spawn/temp_intermediate_files/tile_35_urock_raw_outputs/z1_5/wind_field_raw_tile_35WS.tif' to '/storage/project/r-rbasu31-0/hyu483/Test_UMEP/UROCK_output_35_spawn/urock_tiled_output/urock_wind_field_tile_35WS.tif' (original extent: (234582.59099838723, 902732.4833440109, 234642.58635222574, 902792.4786978494)).
Connecting to database
	->/tmp/URock_2025-12-21T180840c23fc302-3586-4310-8f77-924a2515cf08/myDbH2
/storage/home/hcoda1/4/hyu483/qgis_332/profiles/default/python/plugins/processing_umep/functions/URock/h2gis-standalone/h2gis-dist-2.2.3.jar
Connected!

Spatial functions added!

Load input data
Load table 'build_pre_srid_20251221180853'
Load table 'veg_pre_srid_20251221180853'
Creates blocks and stacked blocks
Rotates geometries from 45.0 degrees
Identify block base height and block cavity base
Calculates obstacle properties
Calculates zone properties
Initializes upwind facades
Update upwind facades base height
Initializes downwind facades
Calculates study area properties
Roughness zone properties are:

                                 - z0: 2.3196785723913576
                                 - d: 10.943991204211
                                 - Hr: 15.464523815942384
                                 - H_ob_max: 47
                                 - lambda_f: 0.17195338633776497
Rotates geometries from -45.0 degrees
Rotates geometries from -45.0 degrees
Rotates geometries from -45.0 degrees
Creates displacement zones
Rotates geometries from -45.0 degrees
Rotates geometries from -45.0 degrees
Creates cavity and wake zones
Rotates geometries from -45.0 degrees
Rotates geometries from -45.0 degrees
Creates street canyon zones
Rotates geometries from -45.0 degrees
Creates rooftop zones (perpendicular and corner)
Rotates geometries from -45.0 degrees
Rotates geometries from -45.0 degrees
Creates built-up and open vegetation zones
Rotates geometries from -45.0 degrees
Rotates geometries from -45.0 degrees
Identify the buildings concerned by the impacted zone chosen by the user
Creates the grid of points
Affects each grid point to a building Rockle zone and calculates needed 
          variables for 3D wind speed
Affects each grid point to a vegetation Rockle zone and calculates 
          needed variables for 3D wind speed
Remove some of the Röckle zone points
Creates backward zones
Calculates the 3D wind speed factor value for each point of each BUILDING zone
Rotates geometries from -45.0 degrees
Rotates geometries from -45.0 degrees
Rotates geometries from -45.0 degrees
Rotates geometries from -45.0 degrees
Rotates geometries from -45.0 degrees
Rotates geometries from -45.0 degrees
Rotates geometries from -45.0 degrees
Rotates geometries from -45.0 degrees
Rotates geometries from -45.0 degrees
Calculates the 3D wind speed factor value for each point of each VEGETATION zone
Rotates geometries from -45.0 degrees
Deals with superimposition (keeps only 1 value per 3D point)
Deals with superimposition (keeps only 1 value per 3D point)
Identify upstreamer points in TEMPO_WEIGHTING table
Identify upstreamer points in TEMPO_PRIORITIES table
Identify upstreamer points in TEMPO_PRIORITIES_WEIGHT table
Deals with superimposition (keeps only 1 value per 3D point)
Identify upstreamer points in TEMPO_WEIGHTING table
Identify upstreamer points in TEMPO_PRIORITIES table
Identify upstreamer points in TEMPO_PRIORITIES_WEIGHT table
Rotates geometries from -45.0 degrees
Identify grid points intersecting buildings
Set the initial 3D wind speed field
Time spent for wind speed initialization: 259.86575293540955 s
Shape: (217, 305, 28) - Nb cells: 1853180
Start to apply the wind solver
Iteration 1 (max 500)
   eps = 0.692821 >= 0.0001
Iteration 2 (max 500)
   eps = 0.442528 >= 0.0001
Iteration 3 (max 500)
   eps = 0.33777 >= 0.0001
Iteration 4 (max 500)
   eps = 0.27251 >= 0.0001
Iteration 5 (max 500)
   eps = 0.225832 >= 0.0001
Iteration 6 (max 500)
   eps = 0.191728 >= 0.0001
Iteration 7 (max 500)
   eps = 0.167897 >= 0.0001
Iteration 8 (max 500)
   eps = 0.149019 >= 0.0001
Iteration 9 (max 500)
   eps = 0.133774 >= 0.0001
Iteration 10 (max 500)
   eps = 0.121063 >= 0.0001
Iteration 11 (max 500)
   eps = 0.109422 >= 0.0001
Iteration 12 (max 500)
   eps = 0.098401 >= 0.0001
Iteration 13 (max 500)
   eps = 0.089052 >= 0.0001
Iteration 14 (max 500)
   eps = 0.081272 >= 0.0001
Iteration 15 (max 500)
   eps = 0.074785 >= 0.0001
Iteration 16 (max 500)
   eps = 0.069023 >= 0.0001
Iteration 17 (max 500)
   eps = 0.063873 >= 0.0001
Iteration 18 (max 500)
   eps = 0.059756 >= 0.0001
Iteration 19 (max 500)
   eps = 0.056196 >= 0.0001
Iteration 20 (max 500)
   eps = 0.053047 >= 0.0001
Iteration 21 (max 500)
   eps = 0.050333 >= 0.0001
Iteration 22 (max 500)
   eps = 0.048097 >= 0.0001
Iteration 23 (max 500)
   eps = 0.045961 >= 0.0001
Iteration 24 (max 500)
   eps = 0.044025 >= 0.0001
Iteration 25 (max 500)
   eps = 0.042343 >= 0.0001
Iteration 26 (max 500)
   eps = 0.043478 >= 0.0001
Iteration 27 (max 500)
   eps = 0.043026 >= 0.0001
Iteration 28 (max 500)
   eps = 0.040046 >= 0.0001
Iteration 29 (max 500)
   eps = 0.038918 >= 0.0001
Iteration 30 (max 500)
   eps = 0.038336 >= 0.0001
Iteration 31 (max 500)
   eps = 0.037731 >= 0.0001
Iteration 32 (max 500)
   eps = 0.037162 >= 0.0001
Iteration 33 (max 500)
   eps = 0.036561 >= 0.0001
Iteration 34 (max 500)
   eps = 0.035962 >= 0.0001
Iteration 35 (max 500)
   eps = 0.035479 >= 0.0001
Iteration 36 (max 500)
   eps = 0.035054 >= 0.0001
Iteration 37 (max 500)
   eps = 0.034615 >= 0.0001
Iteration 38 (max 500)
   eps = 0.034258 >= 0.0001
Iteration 39 (max 500)
   eps = 0.033974 >= 0.0001
Iteration 40 (max 500)
   eps = 0.033705 >= 0.0001
Iteration 41 (max 500)
   eps = 0.033472 >= 0.0001
Iteration 42 (max 500)
   eps = 0.033241 >= 0.0001
Iteration 43 (max 500)
   eps = 0.032997 >= 0.0001
Iteration 44 (max 500)
   eps = 0.03255 >= 0.0001
Iteration 45 (max 500)
   eps = 0.031975 >= 0.0001
Iteration 46 (max 500)
   eps = 0.031288 >= 0.0001
Iteration 47 (max 500)
   eps = 0.030618 >= 0.0001
Iteration 48 (max 500)
   eps = 0.029984 >= 0.0001
Iteration 49 (max 500)
   eps = 0.029329 >= 0.0001
Iteration 50 (max 500)
   eps = 0.028717 >= 0.0001
Iteration 51 (max 500)
   eps = 0.028149 >= 0.0001
Iteration 52 (max 500)
   eps = 0.027655 >= 0.0001
Iteration 53 (max 500)
   eps = 0.027048 >= 0.0001
Iteration 54 (max 500)
   eps = 0.026466 >= 0.0001
Iteration 55 (max 500)
   eps = 0.025984 >= 0.0001
Iteration 56 (max 500)
   eps = 0.025515 >= 0.0001
Iteration 57 (max 500)
   eps = 0.025137 >= 0.0001
Iteration 58 (max 500)
   eps = 0.024751 >= 0.0001
Iteration 59 (max 500)
   eps = 0.024374 >= 0.0001
Iteration 60 (max 500)
   eps = 0.024041 >= 0.0001
Iteration 61 (max 500)
   eps = 0.02373 >= 0.0001
Iteration 62 (max 500)
   eps = 0.023452 >= 0.0001
Iteration 63 (max 500)
   eps = 0.023222 >= 0.0001
Iteration 64 (max 500)
   eps = 0.022946 >= 0.0001
Iteration 65 (max 500)
   eps = 0.022585 >= 0.0001
Iteration 66 (max 500)
   eps = 0.022182 >= 0.0001
Iteration 67 (max 500)
   eps = 0.02178 >= 0.0001
Iteration 68 (max 500)
   eps = 0.02139 >= 0.0001
Iteration 69 (max 500)
   eps = 0.021021 >= 0.0001
Iteration 70 (max 500)
   eps = 0.020662 >= 0.0001
Iteration 71 (max 500)
   eps = 0.020289 >= 0.0001
Iteration 72 (max 500)
   eps = 0.019898 >= 0.0001
Iteration 73 (max 500)
   eps = 0.019484 >= 0.0001
Iteration 74 (max 500)
   eps = 0.019039 >= 0.0001
Iteration 75 (max 500)
   eps = 0.018594 >= 0.0001
Iteration 76 (max 500)
   eps = 0.018148 >= 0.0001
Iteration 77 (max 500)
   eps = 0.017733 >= 0.0001
Iteration 78 (max 500)
   eps = 0.01731 >= 0.0001
Iteration 79 (max 500)
   eps = 0.016888 >= 0.0001
Iteration 80 (max 500)
   eps = 0.016463 >= 0.0001
Iteration 81 (max 500)
   eps = 0.016116 >= 0.0001
Iteration 82 (max 500)
   eps = 0.015776 >= 0.0001
Iteration 83 (max 500)
   eps = 0.015434 >= 0.0001
Iteration 84 (max 500)
   eps = 0.015081 >= 0.0001
Iteration 85 (max 500)
   eps = 0.014747 >= 0.0001
Iteration 86 (max 500)
   eps = 0.014478 >= 0.0001
Iteration 87 (max 500)
   eps = 0.014206 >= 0.0001
Iteration 88 (max 500)
   eps = 0.013926 >= 0.0001
Iteration 89 (max 500)
   eps = 0.013665 >= 0.0001
Iteration 90 (max 500)
   eps = 0.013409 >= 0.0001
Iteration 91 (max 500)
   eps = 0.01314 >= 0.0001
Iteration 92 (max 500)
   eps = 0.012912 >= 0.0001
Iteration 93 (max 500)
   eps = 0.012705 >= 0.0001
Iteration 94 (max 500)
   eps = 0.012481 >= 0.0001
Iteration 95 (max 500)
   eps = 0.012265 >= 0.0001
Iteration 96 (max 500)
   eps = 0.012066 >= 0.0001
Iteration 97 (max 500)
   eps = 0.011867 >= 0.0001
Iteration 98 (max 500)
   eps = 0.011619 >= 0.0001
Iteration 99 (max 500)
   eps = 0.011453 >= 0.0001
Iteration 100 (max 500)
   eps = 0.011297 >= 0.0001
Iteration 101 (max 500)
   eps = 0.011081 >= 0.0001
Iteration 102 (max 500)
   eps = 0.01084 >= 0.0001
Iteration 103 (max 500)
   eps = 0.010666 >= 0.0001
Iteration 104 (max 500)
   eps = 0.010518 >= 0.0001
Iteration 105 (max 500)
   eps = 0.010384 >= 0.0001
Iteration 106 (max 500)
   eps = 0.010233 >= 0.0001
Iteration 107 (max 500)
   eps = 0.01012 >= 0.0001
Iteration 108 (max 500)
   eps = 0.010021 >= 0.0001
Iteration 109 (max 500)
   eps = 0.009831 >= 0.0001
Iteration 110 (max 500)
   eps = 0.009713 >= 0.0001
Iteration 111 (max 500)
   eps = 0.009518 >= 0.0001
Iteration 112 (max 500)
   eps = 0.009344 >= 0.0001
Iteration 113 (max 500)
   eps = 0.009141 >= 0.0001
Iteration 114 (max 500)
   eps = 0.008949 >= 0.0001
Iteration 115 (max 500)
   eps = 0.008767 >= 0.0001
Iteration 116 (max 500)
   eps = 0.0086 >= 0.0001
Iteration 117 (max 500)
   eps = 0.008447 >= 0.0001
Iteration 118 (max 500)
   eps = 0.008301 >= 0.0001
Iteration 119 (max 500)
   eps = 0.008124 >= 0.0001
Iteration 120 (max 500)
   eps = 0.007946 >= 0.0001
Iteration 121 (max 500)
   eps = 0.007784 >= 0.0001
Iteration 122 (max 500)
   eps = 0.007646 >= 0.0001
Iteration 123 (max 500)
   eps = 0.007498 >= 0.0001
Iteration 124 (max 500)
   eps = 0.007342 >= 0.0001
Iteration 125 (max 500)
   eps = 0.007205 >= 0.0001
Iteration 126 (max 500)
   eps = 0.007079 >= 0.0001
Iteration 127 (max 500)
   eps = 0.006938 >= 0.0001
Iteration 128 (max 500)
   eps = 0.006792 >= 0.0001
Iteration 129 (max 500)
   eps = 0.00667 >= 0.0001
Iteration 130 (max 500)
   eps = 0.006534 >= 0.0001
Iteration 131 (max 500)
   eps = 0.006419 >= 0.0001
Iteration 132 (max 500)
   eps = 0.006313 >= 0.0001
Iteration 133 (max 500)
   eps = 0.006211 >= 0.0001
Iteration 134 (max 500)
   eps = 0.006119 >= 0.0001
Iteration 135 (max 500)
   eps = 0.006019 >= 0.0001
Iteration 136 (max 500)
   eps = 0.005928 >= 0.0001
Iteration 137 (max 500)
   eps = 0.005816 >= 0.0001
Iteration 138 (max 500)
   eps = 0.00571 >= 0.0001
Iteration 139 (max 500)
   eps = 0.005616 >= 0.0001
Iteration 140 (max 500)
   eps = 0.005522 >= 0.0001
Iteration 141 (max 500)
   eps = 0.005434 >= 0.0001
Iteration 142 (max 500)
   eps = 0.005337 >= 0.0001
Iteration 143 (max 500)
   eps = 0.005222 >= 0.0001
Iteration 144 (max 500)
   eps = 0.005115 >= 0.0001
Iteration 145 (max 500)
   eps = 0.00502 >= 0.0001
Iteration 146 (max 500)
   eps = 0.004923 >= 0.0001
Iteration 147 (max 500)
   eps = 0.004822 >= 0.0001
Iteration 148 (max 500)
   eps = 0.004726 >= 0.0001
Iteration 149 (max 500)
   eps = 0.00463 >= 0.0001
Iteration 150 (max 500)
   eps = 0.004548 >= 0.0001
Iteration 151 (max 500)
   eps = 0.004462 >= 0.0001
Iteration 152 (max 500)
   eps = 0.00438 >= 0.0001
Iteration 153 (max 500)
   eps = 0.0043 >= 0.0001
Iteration 154 (max 500)
   eps = 0.004221 >= 0.0001
Iteration 155 (max 500)
   eps = 0.004155 >= 0.0001
Iteration 156 (max 500)
   eps = 0.004091 >= 0.0001
Iteration 157 (max 500)
   eps = 0.004031 >= 0.0001
Iteration 158 (max 500)
   eps = 0.003969 >= 0.0001
Iteration 159 (max 500)
   eps = 0.003899 >= 0.0001
Iteration 160 (max 500)
   eps = 0.003813 >= 0.0001
Iteration 161 (max 500)
   eps = 0.003737 >= 0.0001
Iteration 162 (max 500)
   eps = 0.003671 >= 0.0001
Iteration 163 (max 500)
   eps = 0.003604 >= 0.0001
Iteration 164 (max 500)
   eps = 0.003539 >= 0.0001
Iteration 165 (max 500)
   eps = 0.003478 >= 0.0001
Iteration 166 (max 500)
   eps = 0.003413 >= 0.0001
Iteration 167 (max 500)
   eps = 0.003346 >= 0.0001
Iteration 168 (max 500)
   eps = 0.003273 >= 0.0001
Iteration 169 (max 500)
   eps = 0.003205 >= 0.0001
Iteration 170 (max 500)
   eps = 0.00314 >= 0.0001
Iteration 171 (max 500)
   eps = 0.003078 >= 0.0001
Iteration 172 (max 500)
   eps = 0.003017 >= 0.0001
Iteration 173 (max 500)
   eps = 0.00296 >= 0.0001
Iteration 174 (max 500)
   eps = 0.002902 >= 0.0001
Iteration 175 (max 500)
   eps = 0.002845 >= 0.0001
Iteration 176 (max 500)
   eps = 0.002791 >= 0.0001
Iteration 177 (max 500)
   eps = 0.002737 >= 0.0001
Iteration 178 (max 500)
   eps = 0.002685 >= 0.0001
Iteration 179 (max 500)
   eps = 0.002633 >= 0.0001
Iteration 180 (max 500)
   eps = 0.002582 >= 0.0001
Iteration 181 (max 500)
   eps = 0.002534 >= 0.0001
Iteration 182 (max 500)
   eps = 0.002487 >= 0.0001
Iteration 183 (max 500)
   eps = 0.002445 >= 0.0001
Iteration 184 (max 500)
   eps = 0.002402 >= 0.0001
Iteration 185 (max 500)
   eps = 0.002361 >= 0.0001
Iteration 186 (max 500)
   eps = 0.002323 >= 0.0001
Iteration 187 (max 500)
   eps = 0.00228 >= 0.0001
Iteration 188 (max 500)
   eps = 0.002233 >= 0.0001
Iteration 189 (max 500)
   eps = 0.00219 >= 0.0001
Iteration 190 (max 500)
   eps = 0.002148 >= 0.0001
Iteration 191 (max 500)
   eps = 0.002109 >= 0.0001
Iteration 192 (max 500)
   eps = 0.002068 >= 0.0001
Iteration 193 (max 500)
   eps = 0.002025 >= 0.0001
Iteration 194 (max 500)
   eps = 0.001984 >= 0.0001
Iteration 195 (max 500)
   eps = 0.001946 >= 0.0001
Iteration 196 (max 500)
   eps = 0.001908 >= 0.0001
Iteration 197 (max 500)
   eps = 0.001872 >= 0.0001
Iteration 198 (max 500)
   eps = 0.001834 >= 0.0001
Iteration 199 (max 500)
   eps = 0.001799 >= 0.0001
Iteration 200 (max 500)
   eps = 0.001765 >= 0.0001
Iteration 201 (max 500)
   eps = 0.001729 >= 0.0001
Iteration 202 (max 500)
   eps = 0.001695 >= 0.0001
Iteration 203 (max 500)
   eps = 0.001663 >= 0.0001
Iteration 204 (max 500)
   eps = 0.001632 >= 0.0001
Iteration 205 (max 500)
   eps = 0.001604 >= 0.0001
Iteration 206 (max 500)
   eps = 0.001577 >= 0.0001
Iteration 207 (max 500)
   eps = 0.001549 >= 0.0001
Iteration 208 (max 500)
   eps = 0.001519 >= 0.0001
Iteration 209 (max 500)
   eps = 0.001489 >= 0.0001
Iteration 210 (max 500)
   eps = 0.001463 >= 0.0001
Iteration 211 (max 500)
   eps = 0.001439 >= 0.0001
Iteration 212 (max 500)
   eps = 0.001416 >= 0.0001
Iteration 213 (max 500)
   eps = 0.001391 >= 0.0001
Iteration 214 (max 500)
   eps = 0.001372 >= 0.0001
Iteration 215 (max 500)
   eps = 0.001343 >= 0.0001
Iteration 216 (max 500)
   eps = 0.001313 >= 0.0001
Iteration 217 (max 500)
   eps = 0.001285 >= 0.0001
Iteration 218 (max 500)
   eps = 0.00126 >= 0.0001
Iteration 219 (max 500)
   eps = 0.001236 >= 0.0001
Iteration 220 (max 500)
   eps = 0.001213 >= 0.0001
Iteration 221 (max 500)
   eps = 0.001188 >= 0.0001
Iteration 222 (max 500)
   eps = 0.001167 >= 0.0001
Iteration 223 (max 500)
   eps = 0.001148 >= 0.0001
Iteration 224 (max 500)
   eps = 0.001127 >= 0.0001
Iteration 225 (max 500)
   eps = 0.001105 >= 0.0001
Iteration 226 (max 500)
   eps = 0.001082 >= 0.0001
Iteration 227 (max 500)
   eps = 0.001059 >= 0.0001
Iteration 228 (max 500)
   eps = 0.001036 >= 0.0001
Iteration 229 (max 500)
   eps = 0.001014 >= 0.0001
Iteration 230 (max 500)
   eps = 0.000993 >= 0.0001
Iteration 231 (max 500)
   eps = 0.000971 >= 0.0001
Iteration 232 (max 500)
   eps = 0.000951 >= 0.0001
Iteration 233 (max 500)
   eps = 0.000931 >= 0.0001
Iteration 234 (max 500)
   eps = 0.000912 >= 0.0001
Iteration 235 (max 500)
   eps = 0.000894 >= 0.0001
Iteration 236 (max 500)
   eps = 0.000877 >= 0.0001
Iteration 237 (max 500)
   eps = 0.00086 >= 0.0001
Iteration 238 (max 500)
   eps = 0.000843 >= 0.0001
Iteration 239 (max 500)
   eps = 0.000824 >= 0.0001
Iteration 240 (max 500)
   eps = 0.000808 >= 0.0001
Iteration 241 (max 500)
   eps = 0.000794 >= 0.0001
Iteration 242 (max 500)
   eps = 0.000777 >= 0.0001
Iteration 243 (max 500)
   eps = 0.000762 >= 0.0001
Iteration 244 (max 500)
   eps = 0.000747 >= 0.0001
Iteration 245 (max 500)
   eps = 0.000732 >= 0.0001
Iteration 246 (max 500)
   eps = 0.000717 >= 0.0001
Iteration 247 (max 500)
   eps = 0.000703 >= 0.0001
Iteration 248 (max 500)
   eps = 0.000689 >= 0.0001
Iteration 249 (max 500)
   eps = 0.000675 >= 0.0001
Iteration 250 (max 500)
   eps = 0.00066 >= 0.0001
Iteration 251 (max 500)
   eps = 0.000645 >= 0.0001
Iteration 252 (max 500)
   eps = 0.000631 >= 0.0001
Iteration 253 (max 500)
   eps = 0.000618 >= 0.0001
Iteration 254 (max 500)
   eps = 0.000606 >= 0.0001
Iteration 255 (max 500)
   eps = 0.000596 >= 0.0001
Iteration 256 (max 500)
   eps = 0.000586 >= 0.0001
Iteration 257 (max 500)
   eps = 0.000574 >= 0.0001
Iteration 258 (max 500)
   eps = 0.000562 >= 0.0001
Iteration 259 (max 500)
   eps = 0.00055 >= 0.0001
Iteration 260 (max 500)
   eps = 0.000537 >= 0.0001
Iteration 261 (max 500)
   eps = 0.000524 >= 0.0001
Iteration 262 (max 500)
   eps = 0.000514 >= 0.0001
Iteration 263 (max 500)
   eps = 0.000504 >= 0.0001
Iteration 264 (max 500)
   eps = 0.000494 >= 0.0001
Iteration 265 (max 500)
   eps = 0.000485 >= 0.0001
Iteration 266 (max 500)
   eps = 0.000475 >= 0.0001
Iteration 267 (max 500)
   eps = 0.000465 >= 0.0001
Iteration 268 (max 500)
   eps = 0.000454 >= 0.0001
Iteration 269 (max 500)
   eps = 0.000445 >= 0.0001
Iteration 270 (max 500)
   eps = 0.000435 >= 0.0001
Iteration 271 (max 500)
   eps = 0.000426 >= 0.0001
Iteration 272 (max 500)
   eps = 0.000418 >= 0.0001
Iteration 273 (max 500)
   eps = 0.000408 >= 0.0001
Iteration 274 (max 500)
   eps = 0.000399 >= 0.0001
Iteration 275 (max 500)
   eps = 0.000391 >= 0.0001
Iteration 276 (max 500)
   eps = 0.000383 >= 0.0001
Iteration 277 (max 500)
   eps = 0.000376 >= 0.0001
Iteration 278 (max 500)
   eps = 0.00037 >= 0.0001
Iteration 279 (max 500)
   eps = 0.000363 >= 0.0001
Iteration 280 (max 500)
   eps = 0.000356 >= 0.0001
Iteration 281 (max 500)
   eps = 0.000348 >= 0.0001
Iteration 282 (max 500)
   eps = 0.000341 >= 0.0001
Iteration 283 (max 500)
   eps = 0.000334 >= 0.0001
Iteration 284 (max 500)
   eps = 0.000326 >= 0.0001
Iteration 285 (max 500)
   eps = 0.000319 >= 0.0001
Iteration 286 (max 500)
   eps = 0.000312 >= 0.0001
Iteration 287 (max 500)
   eps = 0.000305 >= 0.0001
Iteration 288 (max 500)
   eps = 0.000299 >= 0.0001
Iteration 289 (max 500)
   eps = 0.000292 >= 0.0001
Iteration 290 (max 500)
   eps = 0.000286 >= 0.0001
Iteration 291 (max 500)
   eps = 0.000279 >= 0.0001
Iteration 292 (max 500)
   eps = 0.000273 >= 0.0001
Iteration 293 (max 500)
   eps = 0.000267 >= 0.0001
Iteration 294 (max 500)
   eps = 0.000262 >= 0.0001
Iteration 295 (max 500)
   eps = 0.000256 >= 0.0001
Iteration 296 (max 500)
   eps = 0.000251 >= 0.0001
Iteration 297 (max 500)
   eps = 0.000245 >= 0.0001
Iteration 298 (max 500)
   eps = 0.00024 >= 0.0001
Iteration 299 (max 500)
   eps = 0.000234 >= 0.0001
Iteration 300 (max 500)
   eps = 0.000229 >= 0.0001
Iteration 301 (max 500)
   eps = 0.000225 >= 0.0001
Iteration 302 (max 500)
   eps = 0.000219 >= 0.0001
Iteration 303 (max 500)
   eps = 0.000215 >= 0.0001
Iteration 304 (max 500)
   eps = 0.000211 >= 0.0001
Iteration 305 (max 500)
   eps = 0.000207 >= 0.0001
Iteration 306 (max 500)
   eps = 0.000203 >= 0.0001
Iteration 307 (max 500)
   eps = 0.000199 >= 0.0001
Iteration 308 (max 500)
   eps = 0.000195 >= 0.0001
Iteration 309 (max 500)
   eps = 0.000191 >= 0.0001
Iteration 310 (max 500)
   eps = 0.000187 >= 0.0001
Iteration 311 (max 500)
   eps = 0.000182 >= 0.0001
Iteration 312 (max 500)
   eps = 0.000179 >= 0.0001
Iteration 313 (max 500)
   eps = 0.000175 >= 0.0001
Iteration 314 (max 500)
   eps = 0.000171 >= 0.0001
Iteration 315 (max 500)
   eps = 0.000167 >= 0.0001
Iteration 316 (max 500)
   eps = 0.000163 >= 0.0001
Iteration 317 (max 500)
   eps = 0.00016 >= 0.0001
Iteration 318 (max 500)
   eps = 0.000157 >= 0.0001
Iteration 319 (max 500)
   eps = 0.000153 >= 0.0001
Iteration 320 (max 500)
   eps = 0.00015 >= 0.0001
Iteration 321 (max 500)
   eps = 0.000147 >= 0.0001
Iteration 322 (max 500)
   eps = 0.000144 >= 0.0001
Iteration 323 (max 500)
   eps = 0.000141 >= 0.0001
Iteration 324 (max 500)
   eps = 0.000138 >= 0.0001
Iteration 325 (max 500)
   eps = 0.000135 >= 0.0001
Iteration 326 (max 500)
   eps = 0.000132 >= 0.0001
Iteration 327 (max 500)
   eps = 0.00013 >= 0.0001
Iteration 328 (max 500)
   eps = 0.000126 >= 0.0001
Iteration 329 (max 500)
   eps = 0.000124 >= 0.0001
Iteration 330 (max 500)
   eps = 0.000121 >= 0.0001
Iteration 331 (max 500)
   eps = 0.000118 >= 0.0001
Iteration 332 (max 500)
   eps = 0.000116 >= 0.0001
Iteration 333 (max 500)
   eps = 0.000114 >= 0.0001
Iteration 334 (max 500)
   eps = 0.000111 >= 0.0001
Iteration 335 (max 500)
   eps = 0.000108 >= 0.0001
Iteration 336 (max 500)
   eps = 0.000106 >= 0.0001
Iteration 337 (max 500)
   eps = 0.000103 >= 0.0001
Iteration 338 (max 500)
Time spent by the wind speed solver: 87.7718071937561 s
Rotates geometries from -45.0 degrees
Interp succeeded!!! for tmp_file
Interp succeeded!!! for tmp_file
Interp succeeded!!! for tmp_file
Interp succeeded!!! for tmp_file
Interp succeeded!!! for tmp_file
Interp succeeded!!! for tmp_file
Process 3995974: Successfully ran URock for tile output 'wind_field_raw_tile_1'.
Process 3995974: Elapsed time for URock ('wind_field_raw_tile_1'): 442.33 seconds.
[Master] Process 3995974 - Tile 1: Finished processing.
[Master] 3995974: exit signal
Info: Debuffered '/storage/project/r-rbasu31-0/hyu483/Test_UMEP/UROCK_output_35_spawn/temp_intermediate_files/tile_1_urock_raw_outputs/z1_5/wind_field_raw_tile_1WS.tif' to '/storage/project/r-rbasu31-0/hyu483/Test_UMEP/UROCK_output_35_spawn/urock_tiled_output/urock_wind_field_tile_1WS.tif' (original extent: (233582.59099838723, 901932.4833440109, 233782.59099838723, 902132.4833440109)).
Connecting to database
	->/tmp/URock_2025-12-21T180841d3654050-e36a-4b5f-80fa-49a737942d30/myDbH2
/storage/home/hcoda1/4/hyu483/qgis_332/profiles/default/python/plugins/processing_umep/functions/URock/h2gis-standalone/h2gis-dist-2.2.3.jar
Connected!

Spatial functions added!

Load input data
Load table 'build_pre_srid_20251221180902'
Load table 'veg_pre_srid_20251221180902'
Creates blocks and stacked blocks
Rotates geometries from 45.0 degrees
Identify block base height and block cavity base
Calculates obstacle properties
Calculates zone properties
Initializes upwind facades
Update upwind facades base height
Initializes downwind facades
Calculates study area properties
Roughness zone properties are:

                                 - z0: 1.6785251000611485
                                 - d: 7.86134712597415
                                 - Hr: 11.190167333740991
                                 - H_ob_max: 56
                                 - lambda_f: 0.15720785655924804
Rotates geometries from -45.0 degrees
Rotates geometries from -45.0 degrees
Rotates geometries from -45.0 degrees
Creates displacement zones
Rotates geometries from -45.0 degrees
Rotates geometries from -45.0 degrees
Creates cavity and wake zones
Rotates geometries from -45.0 degrees
Rotates geometries from -45.0 degrees
Creates street canyon zones
Rotates geometries from -45.0 degrees
Creates rooftop zones (perpendicular and corner)
Rotates geometries from -45.0 degrees
Rotates geometries from -45.0 degrees
Creates built-up and open vegetation zones
Rotates geometries from -45.0 degrees
Rotates geometries from -45.0 degrees
Identify the buildings concerned by the impacted zone chosen by the user
Creates the grid of points
Affects each grid point to a building Rockle zone and calculates needed 
          variables for 3D wind speed
Affects each grid point to a vegetation Rockle zone and calculates 
          needed variables for 3D wind speed
Remove some of the Röckle zone points
Creates backward zones
Calculates the 3D wind speed factor value for each point of each BUILDING zone
Rotates geometries from -45.0 degrees
Rotates geometries from -45.0 degrees
Rotates geometries from -45.0 degrees
Rotates geometries from -45.0 degrees
Rotates geometries from -45.0 degrees
Rotates geometries from -45.0 degrees
Rotates geometries from -45.0 degrees
Rotates geometries from -45.0 degrees
Rotates geometries from -45.0 degrees
Calculates the 3D wind speed factor value for each point of each VEGETATION zone
Rotates geometries from -45.0 degrees
Deals with superimposition (keeps only 1 value per 3D point)
Deals with superimposition (keeps only 1 value per 3D point)
Identify upstreamer points in TEMPO_WEIGHTING table
Identify upstreamer points in TEMPO_PRIORITIES table
Identify upstreamer points in TEMPO_PRIORITIES_WEIGHT table
Deals with superimposition (keeps only 1 value per 3D point)
Identify upstreamer points in TEMPO_WEIGHTING table
Identify upstreamer points in TEMPO_PRIORITIES table
Identify upstreamer points in TEMPO_PRIORITIES_WEIGHT table
Rotates geometries from -45.0 degrees
Identify grid points intersecting buildings
Set the initial 3D wind speed field
Time spent for wind speed initialization: 213.3968493938446 s
Shape: (270, 267, 28) - Nb cells: 2018520
Start to apply the wind solver
Iteration 1 (max 500)
   eps = 0.618629 >= 0.0001
Iteration 2 (max 500)
   eps = 0.422321 >= 0.0001
Iteration 3 (max 500)
   eps = 0.336094 >= 0.0001
Iteration 4 (max 500)
   eps = 0.277319 >= 0.0001
Iteration 5 (max 500)
   eps = 0.23251 >= 0.0001
Iteration 6 (max 500)
   eps = 0.19891 >= 0.0001
Iteration 7 (max 500)
   eps = 0.172421 >= 0.0001
Iteration 8 (max 500)
   eps = 0.150568 >= 0.0001
Iteration 9 (max 500)
   eps = 0.132759 >= 0.0001
Iteration 10 (max 500)
   eps = 0.119044 >= 0.0001
Iteration 11 (max 500)
   eps = 0.108664 >= 0.0001
Iteration 12 (max 500)
   eps = 0.100251 >= 0.0001
Iteration 13 (max 500)
   eps = 0.093217 >= 0.0001
Iteration 14 (max 500)
   eps = 0.087063 >= 0.0001
Iteration 15 (max 500)
   eps = 0.082007 >= 0.0001
Iteration 16 (max 500)
   eps = 0.077868 >= 0.0001
Iteration 17 (max 500)
   eps = 0.074176 >= 0.0001
Iteration 18 (max 500)
   eps = 0.070815 >= 0.0001
Iteration 19 (max 500)
   eps = 0.06792 >= 0.0001
Iteration 20 (max 500)
   eps = 0.065338 >= 0.0001
Iteration 21 (max 500)
   eps = 0.063399 >= 0.0001
Iteration 22 (max 500)
   eps = 0.061338 >= 0.0001
Iteration 23 (max 500)
   eps = 0.059515 >= 0.0001
Iteration 24 (max 500)
   eps = 0.057866 >= 0.0001
Iteration 25 (max 500)
   eps = 0.055919 >= 0.0001
Iteration 26 (max 500)
   eps = 0.061893 >= 0.0001
Iteration 27 (max 500)
   eps = 0.056533 >= 0.0001
Iteration 28 (max 500)
   eps = 0.052612 >= 0.0001
Iteration 29 (max 500)
   eps = 0.050824 >= 0.0001
Iteration 30 (max 500)
   eps = 0.04959 >= 0.0001
Iteration 31 (max 500)
   eps = 0.048562 >= 0.0001
Iteration 32 (max 500)
   eps = 0.047557 >= 0.0001
Iteration 33 (max 500)
   eps = 0.046601 >= 0.0001
Iteration 34 (max 500)
   eps = 0.045565 >= 0.0001
Iteration 35 (max 500)
   eps = 0.04463 >= 0.0001
Iteration 36 (max 500)
   eps = 0.043813 >= 0.0001
Iteration 37 (max 500)
   eps = 0.042927 >= 0.0001
Iteration 38 (max 500)
   eps = 0.042125 >= 0.0001
Iteration 39 (max 500)
   eps = 0.04122 >= 0.0001
Iteration 40 (max 500)
   eps = 0.040339 >= 0.0001
Iteration 41 (max 500)
   eps = 0.03962 >= 0.0001
Iteration 42 (max 500)
   eps = 0.039001 >= 0.0001
Iteration 43 (max 500)
   eps = 0.038412 >= 0.0001
Iteration 44 (max 500)
   eps = 0.037846 >= 0.0001
Iteration 45 (max 500)
   eps = 0.037251 >= 0.0001
Iteration 46 (max 500)
   eps = 0.036756 >= 0.0001
Iteration 47 (max 500)
   eps = 0.036261 >= 0.0001
Iteration 48 (max 500)
   eps = 0.035716 >= 0.0001
Iteration 49 (max 500)
   eps = 0.035256 >= 0.0001
Iteration 50 (max 500)
   eps = 0.034746 >= 0.0001
Iteration 51 (max 500)
   eps = 0.034178 >= 0.0001
Iteration 52 (max 500)
   eps = 0.033788 >= 0.0001
Iteration 53 (max 500)
   eps = 0.033179 >= 0.0001
Iteration 54 (max 500)
   eps = 0.032559 >= 0.0001
Iteration 55 (max 500)
   eps = 0.03205 >= 0.0001
Iteration 56 (max 500)
   eps = 0.031597 >= 0.0001
Iteration 57 (max 500)
   eps = 0.031145 >= 0.0001
Iteration 58 (max 500)
   eps = 0.030598 >= 0.0001
Iteration 59 (max 500)
   eps = 0.030062 >= 0.0001
Iteration 60 (max 500)
   eps = 0.029528 >= 0.0001
Iteration 61 (max 500)
   eps = 0.028998 >= 0.0001
Iteration 62 (max 500)
   eps = 0.02854 >= 0.0001
Iteration 63 (max 500)
   eps = 0.028089 >= 0.0001
Iteration 64 (max 500)
   eps = 0.0275 >= 0.0001
Iteration 65 (max 500)
   eps = 0.027031 >= 0.0001
Iteration 66 (max 500)
   eps = 0.026578 >= 0.0001
Iteration 67 (max 500)
   eps = 0.026099 >= 0.0001
Iteration 68 (max 500)
   eps = 0.025646 >= 0.0001
Iteration 69 (max 500)
   eps = 0.025231 >= 0.0001
Iteration 70 (max 500)
   eps = 0.024771 >= 0.0001
Iteration 71 (max 500)
   eps = 0.024266 >= 0.0001
Iteration 72 (max 500)
   eps = 0.023742 >= 0.0001
Iteration 73 (max 500)
   eps = 0.023282 >= 0.0001
Iteration 74 (max 500)
   eps = 0.022848 >= 0.0001
Iteration 75 (max 500)
   eps = 0.022412 >= 0.0001
Iteration 76 (max 500)
   eps = 0.022028 >= 0.0001
Iteration 77 (max 500)
   eps = 0.021666 >= 0.0001
Iteration 78 (max 500)
   eps = 0.021285 >= 0.0001
Iteration 79 (max 500)
   eps = 0.020888 >= 0.0001
Iteration 80 (max 500)
   eps = 0.020447 >= 0.0001
Iteration 81 (max 500)
   eps = 0.020032 >= 0.0001
Iteration 82 (max 500)
   eps = 0.019676 >= 0.0001
Iteration 83 (max 500)
   eps = 0.019346 >= 0.0001
Iteration 84 (max 500)
   eps = 0.019005 >= 0.0001
Iteration 85 (max 500)
   eps = 0.0187 >= 0.0001
Iteration 86 (max 500)
   eps = 0.018373 >= 0.0001
Iteration 87 (max 500)
   eps = 0.018059 >= 0.0001
Iteration 88 (max 500)
   eps = 0.017754 >= 0.0001
Iteration 89 (max 500)
   eps = 0.017426 >= 0.0001
Iteration 90 (max 500)
   eps = 0.017119 >= 0.0001
Iteration 91 (max 500)
   eps = 0.016845 >= 0.0001
Iteration 92 (max 500)
   eps = 0.016546 >= 0.0001
Iteration 93 (max 500)
   eps = 0.016238 >= 0.0001
Iteration 94 (max 500)
   eps = 0.015979 >= 0.0001
Iteration 95 (max 500)
   eps = 0.015728 >= 0.0001
Iteration 96 (max 500)
   eps = 0.015484 >= 0.0001
Iteration 97 (max 500)
   eps = 0.015223 >= 0.0001
Iteration 98 (max 500)
   eps = 0.014945 >= 0.0001
Iteration 99 (max 500)
   eps = 0.01465 >= 0.0001
Iteration 100 (max 500)
   eps = 0.01432 >= 0.0001
Iteration 101 (max 500)
   eps = 0.014004 >= 0.0001
Iteration 102 (max 500)
   eps = 0.01369 >= 0.0001
Iteration 103 (max 500)
   eps = 0.013405 >= 0.0001
Iteration 104 (max 500)
   eps = 0.013136 >= 0.0001
Iteration 105 (max 500)
   eps = 0.012862 >= 0.0001
Iteration 106 (max 500)
   eps = 0.012598 >= 0.0001
Iteration 107 (max 500)
   eps = 0.012341 >= 0.0001
Iteration 108 (max 500)
   eps = 0.012123 >= 0.0001
Iteration 109 (max 500)
   eps = 0.011907 >= 0.0001
Iteration 110 (max 500)
   eps = 0.011699 >= 0.0001
Iteration 111 (max 500)
   eps = 0.011487 >= 0.0001
Iteration 112 (max 500)
   eps = 0.011273 >= 0.0001
Iteration 113 (max 500)
   eps = 0.011085 >= 0.0001
Iteration 114 (max 500)
   eps = 0.010887 >= 0.0001
Iteration 115 (max 500)
   eps = 0.010694 >= 0.0001
Iteration 116 (max 500)
   eps = 0.010474 >= 0.0001
Iteration 117 (max 500)
   eps = 0.010302 >= 0.0001
Iteration 118 (max 500)
   eps = 0.010131 >= 0.0001
Iteration 119 (max 500)
   eps = 0.009953 >= 0.0001
Iteration 120 (max 500)
   eps = 0.009767 >= 0.0001
Iteration 121 (max 500)
   eps = 0.009594 >= 0.0001
Iteration 122 (max 500)
   eps = 0.009433 >= 0.0001
Iteration 123 (max 500)
   eps = 0.009285 >= 0.0001
Iteration 124 (max 500)
   eps = 0.009128 >= 0.0001
Iteration 125 (max 500)
   eps = 0.008973 >= 0.0001
Iteration 126 (max 500)
   eps = 0.008822 >= 0.0001
Iteration 127 (max 500)
   eps = 0.00867 >= 0.0001
Iteration 128 (max 500)
   eps = 0.008506 >= 0.0001
Iteration 129 (max 500)
   eps = 0.008361 >= 0.0001
Iteration 130 (max 500)
   eps = 0.008194 >= 0.0001
Iteration 131 (max 500)
   eps = 0.008038 >= 0.0001
Iteration 132 (max 500)
   eps = 0.007898 >= 0.0001
Iteration 133 (max 500)
   eps = 0.007764 >= 0.0001
Iteration 134 (max 500)
   eps = 0.007636 >= 0.0001
Iteration 135 (max 500)
   eps = 0.007517 >= 0.0001
Iteration 136 (max 500)
   eps = 0.007408 >= 0.0001
Iteration 137 (max 500)
   eps = 0.007282 >= 0.0001
Iteration 138 (max 500)
   eps = 0.007154 >= 0.0001
Iteration 139 (max 500)
   eps = 0.007048 >= 0.0001
Iteration 140 (max 500)
   eps = 0.006938 >= 0.0001
Iteration 141 (max 500)
   eps = 0.006806 >= 0.0001
Iteration 142 (max 500)
   eps = 0.006682 >= 0.0001
Iteration 143 (max 500)
   eps = 0.006556 >= 0.0001
Iteration 144 (max 500)
   eps = 0.006421 >= 0.0001
Iteration 145 (max 500)
   eps = 0.006311 >= 0.0001
Iteration 146 (max 500)
   eps = 0.006184 >= 0.0001
Iteration 147 (max 500)
   eps = 0.006076 >= 0.0001
Iteration 148 (max 500)
   eps = 0.005963 >= 0.0001
Iteration 149 (max 500)
   eps = 0.005853 >= 0.0001
Iteration 150 (max 500)
   eps = 0.005746 >= 0.0001
Iteration 151 (max 500)
   eps = 0.005633 >= 0.0001
Iteration 152 (max 500)
   eps = 0.005535 >= 0.0001
Iteration 153 (max 500)
   eps = 0.005442 >= 0.0001
Iteration 154 (max 500)
   eps = 0.005345 >= 0.0001
Iteration 155 (max 500)
   eps = 0.005254 >= 0.0001
Iteration 156 (max 500)
   eps = 0.005154 >= 0.0001
Iteration 157 (max 500)
   eps = 0.005062 >= 0.0001
Iteration 158 (max 500)
   eps = 0.004975 >= 0.0001
Iteration 159 (max 500)
   eps = 0.004895 >= 0.0001
Iteration 160 (max 500)
   eps = 0.004784 >= 0.0001
Iteration 161 (max 500)
   eps = 0.004695 >= 0.0001
Iteration 162 (max 500)
   eps = 0.004597 >= 0.0001
Iteration 163 (max 500)
   eps = 0.004505 >= 0.0001
Iteration 164 (max 500)
   eps = 0.004421 >= 0.0001
Iteration 165 (max 500)
   eps = 0.004346 >= 0.0001
Iteration 166 (max 500)
   eps = 0.004261 >= 0.0001
Iteration 167 (max 500)
   eps = 0.004172 >= 0.0001
Iteration 168 (max 500)
   eps = 0.004092 >= 0.0001
Iteration 169 (max 500)
   eps = 0.004017 >= 0.0001
Iteration 170 (max 500)
   eps = 0.003951 >= 0.0001
Iteration 171 (max 500)
   eps = 0.003893 >= 0.0001
Iteration 172 (max 500)
   eps = 0.003836 >= 0.0001
Iteration 173 (max 500)
   eps = 0.003776 >= 0.0001
Iteration 174 (max 500)
   eps = 0.003695 >= 0.0001
Iteration 175 (max 500)
   eps = 0.00362 >= 0.0001
Iteration 176 (max 500)
   eps = 0.00355 >= 0.0001
Iteration 177 (max 500)
   eps = 0.003478 >= 0.0001
Iteration 178 (max 500)
   eps = 0.003407 >= 0.0001
Iteration 179 (max 500)
   eps = 0.003341 >= 0.0001
Iteration 180 (max 500)
   eps = 0.003279 >= 0.0001
Iteration 181 (max 500)
   eps = 0.003222 >= 0.0001
Iteration 182 (max 500)
   eps = 0.003163 >= 0.0001
Iteration 183 (max 500)
   eps = 0.003109 >= 0.0001
Iteration 184 (max 500)
   eps = 0.003055 >= 0.0001
Iteration 185 (max 500)
   eps = 0.003001 >= 0.0001
Iteration 186 (max 500)
   eps = 0.002946 >= 0.0001
Iteration 187 (max 500)
   eps = 0.002894 >= 0.0001
Iteration 188 (max 500)
   eps = 0.002838 >= 0.0001
Iteration 189 (max 500)
   eps = 0.002787 >= 0.0001
Iteration 190 (max 500)
   eps = 0.002742 >= 0.0001
Iteration 191 (max 500)
   eps = 0.002696 >= 0.0001
Iteration 192 (max 500)
   eps = 0.002648 >= 0.0001
Iteration 193 (max 500)
   eps = 0.002605 >= 0.0001
Iteration 194 (max 500)
   eps = 0.002564 >= 0.0001
Iteration 195 (max 500)
   eps = 0.002522 >= 0.0001
Iteration 196 (max 500)
   eps = 0.002483 >= 0.0001
Iteration 197 (max 500)
   eps = 0.002454 >= 0.0001
Iteration 198 (max 500)
   eps = 0.002423 >= 0.0001
Iteration 199 (max 500)
   eps = 0.002382 >= 0.0001
Iteration 200 (max 500)
   eps = 0.002323 >= 0.0001
Iteration 201 (max 500)
   eps = 0.002262 >= 0.0001
Iteration 202 (max 500)
   eps = 0.002207 >= 0.0001
Iteration 203 (max 500)
   eps = 0.002159 >= 0.0001
Iteration 204 (max 500)
   eps = 0.002115 >= 0.0001
Iteration 205 (max 500)
   eps = 0.002076 >= 0.0001
Iteration 206 (max 500)
   eps = 0.002043 >= 0.0001
Iteration 207 (max 500)
   eps = 0.002011 >= 0.0001
Iteration 208 (max 500)
   eps = 0.001976 >= 0.0001
Iteration 209 (max 500)
   eps = 0.001948 >= 0.0001
Iteration 210 (max 500)
   eps = 0.00192 >= 0.0001
Iteration 211 (max 500)
   eps = 0.001886 >= 0.0001
Iteration 212 (max 500)
   eps = 0.001854 >= 0.0001
Iteration 213 (max 500)
   eps = 0.001821 >= 0.0001
Iteration 214 (max 500)
   eps = 0.001782 >= 0.0001
Iteration 215 (max 500)
   eps = 0.001749 >= 0.0001
Iteration 216 (max 500)
   eps = 0.001721 >= 0.0001
Iteration 217 (max 500)
   eps = 0.001695 >= 0.0001
Iteration 218 (max 500)
   eps = 0.001665 >= 0.0001
Iteration 219 (max 500)
   eps = 0.001631 >= 0.0001
Iteration 220 (max 500)
   eps = 0.001596 >= 0.0001
Iteration 221 (max 500)
   eps = 0.001563 >= 0.0001
Iteration 222 (max 500)
   eps = 0.001538 >= 0.0001
Iteration 223 (max 500)
   eps = 0.001502 >= 0.0001
Iteration 224 (max 500)
   eps = 0.001473 >= 0.0001
Iteration 225 (max 500)
   eps = 0.001445 >= 0.0001
Iteration 226 (max 500)
   eps = 0.001418 >= 0.0001
Iteration 227 (max 500)
   eps = 0.001399 >= 0.0001
Iteration 228 (max 500)
   eps = 0.001382 >= 0.0001
Iteration 229 (max 500)
   eps = 0.00136 >= 0.0001
Iteration 230 (max 500)
   eps = 0.001339 >= 0.0001
Iteration 231 (max 500)
   eps = 0.001313 >= 0.0001
Iteration 232 (max 500)
   eps = 0.00129 >= 0.0001
Iteration 233 (max 500)
   eps = 0.001262 >= 0.0001
Iteration 234 (max 500)
   eps = 0.001239 >= 0.0001
Iteration 235 (max 500)
   eps = 0.001215 >= 0.0001
Iteration 236 (max 500)
   eps = 0.001193 >= 0.0001
Iteration 237 (max 500)
   eps = 0.001174 >= 0.0001
Iteration 238 (max 500)
   eps = 0.00115 >= 0.0001
Iteration 239 (max 500)
   eps = 0.00113 >= 0.0001
Iteration 240 (max 500)
   eps = 0.001107 >= 0.0001
Iteration 241 (max 500)
   eps = 0.001084 >= 0.0001
Iteration 242 (max 500)
   eps = 0.001064 >= 0.0001
Iteration 243 (max 500)
   eps = 0.001047 >= 0.0001
Iteration 244 (max 500)
   eps = 0.001032 >= 0.0001
Iteration 245 (max 500)
   eps = 0.001014 >= 0.0001
Iteration 246 (max 500)
   eps = 0.000995 >= 0.0001
Iteration 247 (max 500)
   eps = 0.000979 >= 0.0001
Iteration 248 (max 500)
   eps = 0.000964 >= 0.0001
Iteration 249 (max 500)
   eps = 0.00095 >= 0.0001
Iteration 250 (max 500)
   eps = 0.000933 >= 0.0001
Iteration 251 (max 500)
   eps = 0.000917 >= 0.0001
Iteration 252 (max 500)
   eps = 0.000894 >= 0.0001
Iteration 253 (max 500)
   eps = 0.000874 >= 0.0001
Iteration 254 (max 500)
   eps = 0.00086 >= 0.0001
Iteration 255 (max 500)
   eps = 0.000846 >= 0.0001
Iteration 256 (max 500)
   eps = 0.000831 >= 0.0001
Iteration 257 (max 500)
   eps = 0.000819 >= 0.0001
Iteration 258 (max 500)
   eps = 0.000804 >= 0.0001
Iteration 259 (max 500)
   eps = 0.000787 >= 0.0001
Iteration 260 (max 500)
   eps = 0.000771 >= 0.0001
Iteration 261 (max 500)
   eps = 0.000755 >= 0.0001
Iteration 262 (max 500)
   eps = 0.000737 >= 0.0001
Iteration 263 (max 500)
   eps = 0.000722 >= 0.0001
Iteration 264 (max 500)
   eps = 0.000707 >= 0.0001
Iteration 265 (max 500)
   eps = 0.000693 >= 0.0001
Iteration 266 (max 500)
   eps = 0.00068 >= 0.0001
Iteration 267 (max 500)
   eps = 0.000668 >= 0.0001
Iteration 268 (max 500)
   eps = 0.000656 >= 0.0001
Iteration 269 (max 500)
   eps = 0.000644 >= 0.0001
Iteration 270 (max 500)
   eps = 0.000633 >= 0.0001
Iteration 271 (max 500)
   eps = 0.000621 >= 0.0001
Iteration 272 (max 500)
   eps = 0.00061 >= 0.0001
Iteration 273 (max 500)
   eps = 0.000599 >= 0.0001
Iteration 274 (max 500)
   eps = 0.000588 >= 0.0001
Iteration 275 (max 500)
   eps = 0.000579 >= 0.0001
Iteration 276 (max 500)
   eps = 0.000571 >= 0.0001
Iteration 277 (max 500)
   eps = 0.000561 >= 0.0001
Iteration 278 (max 500)
   eps = 0.000549 >= 0.0001
Iteration 279 (max 500)
   eps = 0.000537 >= 0.0001
Iteration 280 (max 500)
   eps = 0.000528 >= 0.0001
Iteration 281 (max 500)
   eps = 0.000518 >= 0.0001
Iteration 282 (max 500)
   eps = 0.000509 >= 0.0001
Iteration 283 (max 500)
   eps = 0.0005 >= 0.0001
Iteration 284 (max 500)
   eps = 0.000491 >= 0.0001
Iteration 285 (max 500)
   eps = 0.000483 >= 0.0001
Iteration 286 (max 500)
   eps = 0.000474 >= 0.0001
Iteration 287 (max 500)
   eps = 0.000466 >= 0.0001
Iteration 288 (max 500)
   eps = 0.000458 >= 0.0001
Iteration 289 (max 500)
   eps = 0.00045 >= 0.0001
Iteration 290 (max 500)
   eps = 0.000441 >= 0.0001
Iteration 291 (max 500)
   eps = 0.000431 >= 0.0001
Iteration 292 (max 500)
   eps = 0.000421 >= 0.0001
Iteration 293 (max 500)
   eps = 0.000412 >= 0.0001
Iteration 294 (max 500)
   eps = 0.000405 >= 0.0001
Iteration 295 (max 500)
   eps = 0.000397 >= 0.0001
Iteration 296 (max 500)
   eps = 0.000389 >= 0.0001
Iteration 297 (max 500)
   eps = 0.000382 >= 0.0001
Iteration 298 (max 500)
   eps = 0.000375 >= 0.0001
Iteration 299 (max 500)
   eps = 0.000369 >= 0.0001
Iteration 300 (max 500)
   eps = 0.000363 >= 0.0001
Iteration 301 (max 500)
   eps = 0.000355 >= 0.0001
Iteration 302 (max 500)
   eps = 0.000349 >= 0.0001
Iteration 303 (max 500)
   eps = 0.000343 >= 0.0001
Iteration 304 (max 500)
   eps = 0.000336 >= 0.0001
Iteration 305 (max 500)
   eps = 0.000329 >= 0.0001
Iteration 306 (max 500)
   eps = 0.000323 >= 0.0001
Iteration 307 (max 500)
   eps = 0.000318 >= 0.0001
Iteration 308 (max 500)
   eps = 0.000312 >= 0.0001
Iteration 309 (max 500)
   eps = 0.000307 >= 0.0001
Iteration 310 (max 500)
   eps = 0.000301 >= 0.0001
Iteration 311 (max 500)
   eps = 0.000295 >= 0.0001
Iteration 312 (max 500)
   eps = 0.00029 >= 0.0001
Iteration 313 (max 500)
   eps = 0.000284 >= 0.0001
Iteration 314 (max 500)
   eps = 0.00028 >= 0.0001
Iteration 315 (max 500)
   eps = 0.000275 >= 0.0001
Iteration 316 (max 500)
   eps = 0.00027 >= 0.0001
Iteration 317 (max 500)
   eps = 0.000265 >= 0.0001
Iteration 318 (max 500)
   eps = 0.000259 >= 0.0001
Iteration 319 (max 500)
   eps = 0.000254 >= 0.0001
Iteration 320 (max 500)
   eps = 0.000249 >= 0.0001
Iteration 321 (max 500)
   eps = 0.000245 >= 0.0001
Iteration 322 (max 500)
   eps = 0.00024 >= 0.0001
Iteration 323 (max 500)
   eps = 0.000236 >= 0.0001
Iteration 324 (max 500)
   eps = 0.000231 >= 0.0001
Iteration 325 (max 500)
   eps = 0.000227 >= 0.0001
Iteration 326 (max 500)
   eps = 0.000223 >= 0.0001
Iteration 327 (max 500)
   eps = 0.000219 >= 0.0001
Iteration 328 (max 500)
   eps = 0.000215 >= 0.0001
Iteration 329 (max 500)
   eps = 0.000211 >= 0.0001
Iteration 330 (max 500)
   eps = 0.000207 >= 0.0001
Iteration 331 (max 500)
   eps = 0.000203 >= 0.0001
Iteration 332 (max 500)
   eps = 0.0002 >= 0.0001
Iteration 333 (max 500)
   eps = 0.000197 >= 0.0001
Iteration 334 (max 500)
   eps = 0.000193 >= 0.0001
Iteration 335 (max 500)
   eps = 0.000189 >= 0.0001
Iteration 336 (max 500)
   eps = 0.000185 >= 0.0001
Iteration 337 (max 500)
   eps = 0.000181 >= 0.0001
Iteration 338 (max 500)
   eps = 0.000178 >= 0.0001
Iteration 339 (max 500)
   eps = 0.000175 >= 0.0001
Iteration 340 (max 500)
   eps = 0.000172 >= 0.0001
Iteration 341 (max 500)
   eps = 0.000168 >= 0.0001
Iteration 342 (max 500)
   eps = 0.000165 >= 0.0001
Iteration 343 (max 500)
   eps = 0.000161 >= 0.0001
Iteration 344 (max 500)
   eps = 0.000158 >= 0.0001
Iteration 345 (max 500)
   eps = 0.000155 >= 0.0001
Iteration 346 (max 500)
   eps = 0.000152 >= 0.0001
Iteration 347 (max 500)
   eps = 0.000149 >= 0.0001
Iteration 348 (max 500)
   eps = 0.000146 >= 0.0001
Iteration 349 (max 500)
   eps = 0.000143 >= 0.0001
Iteration 350 (max 500)
   eps = 0.00014 >= 0.0001
Iteration 351 (max 500)
   eps = 0.000138 >= 0.0001
Iteration 352 (max 500)
   eps = 0.000136 >= 0.0001
Iteration 353 (max 500)
   eps = 0.000134 >= 0.0001
Iteration 354 (max 500)
   eps = 0.000131 >= 0.0001
Iteration 355 (max 500)
   eps = 0.000129 >= 0.0001
Iteration 356 (max 500)
   eps = 0.000127 >= 0.0001
Iteration 357 (max 500)
   eps = 0.000124 >= 0.0001
Iteration 358 (max 500)
   eps = 0.000122 >= 0.0001
Iteration 359 (max 500)
   eps = 0.00012 >= 0.0001
Iteration 360 (max 500)
   eps = 0.000117 >= 0.0001
Iteration 361 (max 500)
   eps = 0.000115 >= 0.0001
Iteration 362 (max 500)
   eps = 0.000113 >= 0.0001
Iteration 363 (max 500)
   eps = 0.00011 >= 0.0001
Iteration 364 (max 500)
   eps = 0.000108 >= 0.0001
Iteration 365 (max 500)
   eps = 0.000106 >= 0.0001
Iteration 366 (max 500)
   eps = 0.000104 >= 0.0001
Iteration 367 (max 500)
   eps = 0.000102 >= 0.0001
Iteration 368 (max 500)
   eps = 0.0001 >= 0.0001
Iteration 369 (max 500)
Time spent by the wind speed solver: 106.78910899162292 s
Rotates geometries from -45.0 degrees
Interp succeeded!!! for tmp_file
Interp succeeded!!! for tmp_file
Interp succeeded!!! for tmp_file
Interp succeeded!!! for tmp_file
Interp succeeded!!! for tmp_file
Interp succeeded!!! for tmp_file
Process 3995995: Successfully ran URock for tile output 'wind_field_raw_tile_22'.
Process 3995995: Elapsed time for URock ('wind_field_raw_tile_22'): 444.84 seconds.
[Master] Process 3995995 - Tile 22: Finished processing.
[Master] 3995995: exit signal
Info: Debuffered '/storage/project/r-rbasu31-0/hyu483/Test_UMEP/UROCK_output_35_spawn/temp_intermediate_files/tile_22_urock_raw_outputs/z1_5/wind_field_raw_tile_22WS.tif' to '/storage/project/r-rbasu31-0/hyu483/Test_UMEP/UROCK_output_35_spawn/urock_tiled_output/urock_wind_field_tile_22WS.tif' (original extent: (234182.59099838723, 902532.4833440109, 234382.59099838723, 902732.4833440109)).
Connecting to database
	->/tmp/URock_2025-12-21T180841c5233777-6d5d-4b53-9220-73b7f62b2f97/myDbH2
/storage/home/hcoda1/4/hyu483/qgis_332/profiles/default/python/plugins/processing_umep/functions/URock/h2gis-standalone/h2gis-dist-2.2.3.jar
Connected!

Spatial functions added!

Load input data
Load table 'build_pre_srid_20251221180903'
Load table 'veg_pre_srid_20251221180903'
Creates blocks and stacked blocks
Rotates geometries from 45.0 degrees
Identify block base height and block cavity base
Calculates obstacle properties
Calculates zone properties
Initializes upwind facades
Update upwind facades base height
Initializes downwind facades
Calculates study area properties
Roughness zone properties are:

                                 - z0: 1.4845342422020746
                                 - d: 6.9605926421229185
                                 - Hr: 9.89689494801383
                                 - H_ob_max: 56
                                 - lambda_f: 0.15945929540393391
Rotates geometries from -45.0 degrees
Rotates geometries from -45.0 degrees
Rotates geometries from -45.0 degrees
Creates displacement zones
Rotates geometries from -45.0 degrees
Rotates geometries from -45.0 degrees
Creates cavity and wake zones
Rotates geometries from -45.0 degrees
Rotates geometries from -45.0 degrees
Creates street canyon zones
Rotates geometries from -45.0 degrees
Creates rooftop zones (perpendicular and corner)
Rotates geometries from -45.0 degrees
Rotates geometries from -45.0 degrees
Creates built-up and open vegetation zones
Rotates geometries from -45.0 degrees
Rotates geometries from -45.0 degrees
Identify the buildings concerned by the impacted zone chosen by the user
Creates the grid of points
Affects each grid point to a building Rockle zone and calculates needed 
          variables for 3D wind speed
Affects each grid point to a vegetation Rockle zone and calculates 
          needed variables for 3D wind speed
Remove some of the Röckle zone points
Creates backward zones
Calculates the 3D wind speed factor value for each point of each BUILDING zone
Rotates geometries from -45.0 degrees
Rotates geometries from -45.0 degrees
Rotates geometries from -45.0 degrees
Rotates geometries from -45.0 degrees
Rotates geometries from -45.0 degrees
Rotates geometries from -45.0 degrees
Rotates geometries from -45.0 degrees
Rotates geometries from -45.0 degrees
Rotates geometries from -45.0 degrees
Calculates the 3D wind speed factor value for each point of each VEGETATION zone
Rotates geometries from -45.0 degrees
Deals with superimposition (keeps only 1 value per 3D point)
Deals with superimposition (keeps only 1 value per 3D point)
Identify upstreamer points in TEMPO_WEIGHTING table
Identify upstreamer points in TEMPO_PRIORITIES table
Identify upstreamer points in TEMPO_PRIORITIES_WEIGHT table
Deals with superimposition (keeps only 1 value per 3D point)
Identify upstreamer points in TEMPO_WEIGHTING table
Identify upstreamer points in TEMPO_PRIORITIES table
Identify upstreamer points in TEMPO_PRIORITIES_WEIGHT table
Rotates geometries from -45.0 degrees
Identify grid points intersecting buildings
Set the initial 3D wind speed field
Time spent for wind speed initialization: 206.13482999801636 s
Shape: (251, 291, 29) - Nb cells: 2118189
Start to apply the wind solver
Iteration 1 (max 500)
   eps = 0.565239 >= 0.0001
Iteration 2 (max 500)
   eps = 0.412489 >= 0.0001
Iteration 3 (max 500)
   eps = 0.340707 >= 0.0001
Iteration 4 (max 500)
   eps = 0.286255 >= 0.0001
Iteration 5 (max 500)
   eps = 0.241113 >= 0.0001
Iteration 6 (max 500)
   eps = 0.206355 >= 0.0001
Iteration 7 (max 500)
   eps = 0.180311 >= 0.0001
Iteration 8 (max 500)
   eps = 0.159934 >= 0.0001
Iteration 9 (max 500)
   eps = 0.143566 >= 0.0001
Iteration 10 (max 500)
   eps = 0.13017 >= 0.0001
Iteration 11 (max 500)
   eps = 0.119591 >= 0.0001
Iteration 12 (max 500)
   eps = 0.110851 >= 0.0001
Iteration 13 (max 500)
   eps = 0.10344 >= 0.0001
Iteration 14 (max 500)
   eps = 0.097098 >= 0.0001
Iteration 15 (max 500)
   eps = 0.091583 >= 0.0001
Iteration 16 (max 500)
   eps = 0.086874 >= 0.0001
Iteration 17 (max 500)
   eps = 0.082785 >= 0.0001
Iteration 18 (max 500)
   eps = 0.079126 >= 0.0001
Iteration 19 (max 500)
   eps = 0.076174 >= 0.0001
Iteration 20 (max 500)
   eps = 0.073451 >= 0.0001
Iteration 21 (max 500)
   eps = 0.070605 >= 0.0001
Iteration 22 (max 500)
   eps = 0.068356 >= 0.0001
Iteration 23 (max 500)
   eps = 0.066294 >= 0.0001
Iteration 24 (max 500)
   eps = 0.064118 >= 0.0001
Iteration 25 (max 500)
   eps = 0.062076 >= 0.0001
Iteration 26 (max 500)
   eps = 0.060259 >= 0.0001
Iteration 27 (max 500)
   eps = 0.070741 >= 0.0001
Iteration 28 (max 500)
   eps = 0.063076 >= 0.0001
Iteration 29 (max 500)
   eps = 0.058862 >= 0.0001
Iteration 30 (max 500)
   eps = 0.056792 >= 0.0001
Iteration 31 (max 500)
   eps = 0.055549 >= 0.0001
Iteration 32 (max 500)
   eps = 0.054134 >= 0.0001
Iteration 33 (max 500)
   eps = 0.052925 >= 0.0001
Iteration 34 (max 500)
   eps = 0.051714 >= 0.0001
Iteration 35 (max 500)
   eps = 0.05051 >= 0.0001
Iteration 36 (max 500)
   eps = 0.049387 >= 0.0001
Iteration 37 (max 500)
   eps = 0.048327 >= 0.0001
Iteration 38 (max 500)
   eps = 0.047305 >= 0.0001
Iteration 39 (max 500)
   eps = 0.046318 >= 0.0001
Iteration 40 (max 500)
   eps = 0.045321 >= 0.0001
Iteration 41 (max 500)
   eps = 0.04442 >= 0.0001
Iteration 42 (max 500)
   eps = 0.04357 >= 0.0001
Iteration 43 (max 500)
   eps = 0.042813 >= 0.0001
Iteration 44 (max 500)
   eps = 0.042133 >= 0.0001
Iteration 45 (max 500)
   eps = 0.041433 >= 0.0001
Iteration 46 (max 500)
   eps = 0.040784 >= 0.0001
Iteration 47 (max 500)
   eps = 0.040178 >= 0.0001
Iteration 48 (max 500)
   eps = 0.039689 >= 0.0001
Iteration 49 (max 500)
   eps = 0.039124 >= 0.0001
Iteration 50 (max 500)
   eps = 0.038608 >= 0.0001
Iteration 51 (max 500)
   eps = 0.037952 >= 0.0001
Iteration 52 (max 500)
   eps = 0.03749 >= 0.0001
Iteration 53 (max 500)
   eps = 0.036978 >= 0.0001
Iteration 54 (max 500)
   eps = 0.036546 >= 0.0001
Iteration 55 (max 500)
   eps = 0.035941 >= 0.0001
Iteration 56 (max 500)
   eps = 0.035296 >= 0.0001
Iteration 57 (max 500)
   eps = 0.034727 >= 0.0001
Iteration 58 (max 500)
   eps = 0.034136 >= 0.0001
Iteration 59 (max 500)
   eps = 0.033523 >= 0.0001
Iteration 60 (max 500)
   eps = 0.032965 >= 0.0001
Iteration 61 (max 500)
   eps = 0.032468 >= 0.0001
Iteration 62 (max 500)
   eps = 0.032009 >= 0.0001
Iteration 63 (max 500)
   eps = 0.031487 >= 0.0001
Iteration 64 (max 500)
   eps = 0.030937 >= 0.0001
Iteration 65 (max 500)
   eps = 0.030425 >= 0.0001
Iteration 66 (max 500)
   eps = 0.029908 >= 0.0001
Iteration 67 (max 500)
   eps = 0.029455 >= 0.0001
Iteration 68 (max 500)
   eps = 0.029019 >= 0.0001
Iteration 69 (max 500)
   eps = 0.028507 >= 0.0001
Iteration 70 (max 500)
   eps = 0.027956 >= 0.0001
Iteration 71 (max 500)
   eps = 0.027452 >= 0.0001
Iteration 72 (max 500)
   eps = 0.026991 >= 0.0001
Iteration 73 (max 500)
   eps = 0.026514 >= 0.0001
Iteration 74 (max 500)
   eps = 0.026051 >= 0.0001
Iteration 75 (max 500)
   eps = 0.025588 >= 0.0001
Iteration 76 (max 500)
   eps = 0.02514 >= 0.0001
Iteration 77 (max 500)
   eps = 0.024705 >= 0.0001
Iteration 78 (max 500)
   eps = 0.024294 >= 0.0001
Iteration 79 (max 500)
   eps = 0.023892 >= 0.0001
Iteration 80 (max 500)
   eps = 0.023464 >= 0.0001
Iteration 81 (max 500)
   eps = 0.023038 >= 0.0001
Iteration 82 (max 500)
   eps = 0.022636 >= 0.0001
Iteration 83 (max 500)
   eps = 0.02227 >= 0.0001
Iteration 84 (max 500)
   eps = 0.021896 >= 0.0001
Iteration 85 (max 500)
   eps = 0.021536 >= 0.0001
Iteration 86 (max 500)
   eps = 0.02115 >= 0.0001
Iteration 87 (max 500)
   eps = 0.020763 >= 0.0001
Iteration 88 (max 500)
   eps = 0.020373 >= 0.0001
Iteration 89 (max 500)
   eps = 0.019992 >= 0.0001
Iteration 90 (max 500)
   eps = 0.019639 >= 0.0001
Iteration 91 (max 500)
   eps = 0.019311 >= 0.0001
Iteration 92 (max 500)
   eps = 0.019024 >= 0.0001
Iteration 93 (max 500)
   eps = 0.018712 >= 0.0001
Iteration 94 (max 500)
   eps = 0.018375 >= 0.0001
Iteration 95 (max 500)
   eps = 0.018089 >= 0.0001
Iteration 96 (max 500)
   eps = 0.017793 >= 0.0001
Iteration 97 (max 500)
   eps = 0.017426 >= 0.0001
Iteration 98 (max 500)
   eps = 0.017117 >= 0.0001
Iteration 99 (max 500)
   eps = 0.016809 >= 0.0001
Iteration 100 (max 500)
   eps = 0.016486 >= 0.0001
Iteration 101 (max 500)
   eps = 0.016189 >= 0.0001
Iteration 102 (max 500)
   eps = 0.015881 >= 0.0001
Iteration 103 (max 500)
   eps = 0.015572 >= 0.0001
Iteration 104 (max 500)
   eps = 0.015321 >= 0.0001
Iteration 105 (max 500)
   eps = 0.015041 >= 0.0001
Iteration 106 (max 500)
   eps = 0.014785 >= 0.0001
Iteration 107 (max 500)
   eps = 0.014519 >= 0.0001
Iteration 108 (max 500)
   eps = 0.01427 >= 0.0001
Iteration 109 (max 500)
   eps = 0.01404 >= 0.0001
Iteration 110 (max 500)
   eps = 0.013815 >= 0.0001
Iteration 111 (max 500)
   eps = 0.013598 >= 0.0001
Iteration 112 (max 500)
   eps = 0.013354 >= 0.0001
Iteration 113 (max 500)
   eps = 0.013132 >= 0.0001
Iteration 114 (max 500)
   eps = 0.012917 >= 0.0001
Iteration 115 (max 500)
   eps = 0.012714 >= 0.0001
Iteration 116 (max 500)
   eps = 0.012509 >= 0.0001
Iteration 117 (max 500)
   eps = 0.01229 >= 0.0001
Iteration 118 (max 500)
   eps = 0.012075 >= 0.0001
Iteration 119 (max 500)
   eps = 0.011842 >= 0.0001
Iteration 120 (max 500)
   eps = 0.011615 >= 0.0001
Iteration 121 (max 500)
   eps = 0.011417 >= 0.0001
Iteration 122 (max 500)
   eps = 0.011224 >= 0.0001
Iteration 123 (max 500)
   eps = 0.011048 >= 0.0001
Iteration 124 (max 500)
   eps = 0.010885 >= 0.0001
Iteration 125 (max 500)
   eps = 0.010706 >= 0.0001
Iteration 126 (max 500)
   eps = 0.010541 >= 0.0001
Iteration 127 (max 500)
   eps = 0.010367 >= 0.0001
Iteration 128 (max 500)
   eps = 0.010194 >= 0.0001
Iteration 129 (max 500)
   eps = 0.010033 >= 0.0001
Iteration 130 (max 500)
   eps = 0.009865 >= 0.0001
Iteration 131 (max 500)
   eps = 0.009696 >= 0.0001
Iteration 132 (max 500)
   eps = 0.009541 >= 0.0001
Iteration 133 (max 500)
   eps = 0.009392 >= 0.0001
Iteration 134 (max 500)
   eps = 0.009235 >= 0.0001
Iteration 135 (max 500)
   eps = 0.009091 >= 0.0001
Iteration 136 (max 500)
   eps = 0.00894 >= 0.0001
Iteration 137 (max 500)
   eps = 0.008798 >= 0.0001
Iteration 138 (max 500)
   eps = 0.008646 >= 0.0001
Iteration 139 (max 500)
   eps = 0.008504 >= 0.0001
Iteration 140 (max 500)
   eps = 0.008368 >= 0.0001
Iteration 141 (max 500)
   eps = 0.008243 >= 0.0001
Iteration 142 (max 500)
   eps = 0.00812 >= 0.0001
Iteration 143 (max 500)
   eps = 0.007991 >= 0.0001
Iteration 144 (max 500)
   eps = 0.007849 >= 0.0001
Iteration 145 (max 500)
   eps = 0.007706 >= 0.0001
Iteration 146 (max 500)
   eps = 0.007574 >= 0.0001
Iteration 147 (max 500)
   eps = 0.007444 >= 0.0001
Iteration 148 (max 500)
   eps = 0.00732 >= 0.0001
Iteration 149 (max 500)
   eps = 0.0072 >= 0.0001
Iteration 150 (max 500)
   eps = 0.007094 >= 0.0001
Iteration 151 (max 500)
   eps = 0.006977 >= 0.0001
Iteration 152 (max 500)
   eps = 0.006852 >= 0.0001
Iteration 153 (max 500)
   eps = 0.006751 >= 0.0001
Iteration 154 (max 500)
   eps = 0.006641 >= 0.0001
Iteration 155 (max 500)
   eps = 0.006532 >= 0.0001
Iteration 156 (max 500)
   eps = 0.00643 >= 0.0001
Iteration 157 (max 500)
   eps = 0.006328 >= 0.0001
Iteration 158 (max 500)
   eps = 0.006211 >= 0.0001
Iteration 159 (max 500)
   eps = 0.006102 >= 0.0001
Iteration 160 (max 500)
   eps = 0.005992 >= 0.0001
Iteration 161 (max 500)
   eps = 0.005883 >= 0.0001
Iteration 162 (max 500)
   eps = 0.005779 >= 0.0001
Iteration 163 (max 500)
   eps = 0.005679 >= 0.0001
Iteration 164 (max 500)
   eps = 0.005577 >= 0.0001
Iteration 165 (max 500)
   eps = 0.005481 >= 0.0001
Iteration 166 (max 500)
   eps = 0.005392 >= 0.0001
Iteration 167 (max 500)
   eps = 0.0053 >= 0.0001
Iteration 168 (max 500)
   eps = 0.005208 >= 0.0001
Iteration 169 (max 500)
   eps = 0.005126 >= 0.0001
Iteration 170 (max 500)
   eps = 0.005048 >= 0.0001
Iteration 171 (max 500)
   eps = 0.004969 >= 0.0001
Iteration 172 (max 500)
   eps = 0.004875 >= 0.0001
Iteration 173 (max 500)
   eps = 0.004783 >= 0.0001
Iteration 174 (max 500)
   eps = 0.0047 >= 0.0001
Iteration 175 (max 500)
   eps = 0.004616 >= 0.0001
Iteration 176 (max 500)
   eps = 0.004537 >= 0.0001
Iteration 177 (max 500)
   eps = 0.004463 >= 0.0001
Iteration 178 (max 500)
   eps = 0.004387 >= 0.0001
Iteration 179 (max 500)
   eps = 0.004315 >= 0.0001
Iteration 180 (max 500)
   eps = 0.004243 >= 0.0001
Iteration 181 (max 500)
   eps = 0.004178 >= 0.0001
Iteration 182 (max 500)
   eps = 0.004112 >= 0.0001
Iteration 183 (max 500)
   eps = 0.004033 >= 0.0001
Iteration 184 (max 500)
   eps = 0.003953 >= 0.0001
Iteration 185 (max 500)
   eps = 0.003875 >= 0.0001
Iteration 186 (max 500)
   eps = 0.003804 >= 0.0001
Iteration 187 (max 500)
   eps = 0.003741 >= 0.0001
Iteration 188 (max 500)
   eps = 0.003679 >= 0.0001
Iteration 189 (max 500)
   eps = 0.003614 >= 0.0001
Iteration 190 (max 500)
   eps = 0.003548 >= 0.0001
Iteration 191 (max 500)
   eps = 0.003486 >= 0.0001
Iteration 192 (max 500)
   eps = 0.003426 >= 0.0001
Iteration 193 (max 500)
   eps = 0.003368 >= 0.0001
Iteration 194 (max 500)
   eps = 0.003309 >= 0.0001
Iteration 195 (max 500)
   eps = 0.00325 >= 0.0001
Iteration 196 (max 500)
   eps = 0.003194 >= 0.0001
Iteration 197 (max 500)
   eps = 0.003149 >= 0.0001
Iteration 198 (max 500)
   eps = 0.003106 >= 0.0001
Iteration 199 (max 500)
   eps = 0.003063 >= 0.0001
Iteration 200 (max 500)
   eps = 0.003014 >= 0.0001
Iteration 201 (max 500)
   eps = 0.00296 >= 0.0001
Iteration 202 (max 500)
   eps = 0.002905 >= 0.0001
Iteration 203 (max 500)
   eps = 0.002847 >= 0.0001
Iteration 204 (max 500)
   eps = 0.002794 >= 0.0001
Iteration 205 (max 500)
   eps = 0.002737 >= 0.0001
Iteration 206 (max 500)
   eps = 0.002683 >= 0.0001
Iteration 207 (max 500)
   eps = 0.002636 >= 0.0001
Iteration 208 (max 500)
   eps = 0.002591 >= 0.0001
Iteration 209 (max 500)
   eps = 0.002548 >= 0.0001
Iteration 210 (max 500)
   eps = 0.002499 >= 0.0001
Iteration 211 (max 500)
   eps = 0.002456 >= 0.0001
Iteration 212 (max 500)
   eps = 0.002413 >= 0.0001
Iteration 213 (max 500)
   eps = 0.002373 >= 0.0001
Iteration 214 (max 500)
   eps = 0.002335 >= 0.0001
Iteration 215 (max 500)
   eps = 0.002297 >= 0.0001
Iteration 216 (max 500)
   eps = 0.002264 >= 0.0001
Iteration 217 (max 500)
   eps = 0.00223 >= 0.0001
Iteration 218 (max 500)
   eps = 0.002192 >= 0.0001
Iteration 219 (max 500)
   eps = 0.002156 >= 0.0001
Iteration 220 (max 500)
   eps = 0.002121 >= 0.0001
Iteration 221 (max 500)
   eps = 0.002085 >= 0.0001
Iteration 222 (max 500)
   eps = 0.002075 >= 0.0001
Iteration 223 (max 500)
   eps = 0.002026 >= 0.0001
Iteration 224 (max 500)
   eps = 0.001984 >= 0.0001
Iteration 225 (max 500)
   eps = 0.001944 >= 0.0001
Iteration 226 (max 500)
   eps = 0.001903 >= 0.0001
Iteration 227 (max 500)
   eps = 0.001863 >= 0.0001
Iteration 228 (max 500)
   eps = 0.001826 >= 0.0001
Iteration 229 (max 500)
   eps = 0.001791 >= 0.0001
Iteration 230 (max 500)
   eps = 0.001756 >= 0.0001
Iteration 231 (max 500)
   eps = 0.001721 >= 0.0001
Iteration 232 (max 500)
   eps = 0.001689 >= 0.0001
Iteration 233 (max 500)
   eps = 0.001657 >= 0.0001
Iteration 234 (max 500)
   eps = 0.001627 >= 0.0001
Iteration 235 (max 500)
   eps = 0.001598 >= 0.0001
Iteration 236 (max 500)
   eps = 0.001571 >= 0.0001
Iteration 237 (max 500)
   eps = 0.001543 >= 0.0001
Iteration 238 (max 500)
   eps = 0.001515 >= 0.0001
Iteration 239 (max 500)
   eps = 0.00149 >= 0.0001
Iteration 240 (max 500)
   eps = 0.001463 >= 0.0001
Iteration 241 (max 500)
   eps = 0.001439 >= 0.0001
Iteration 242 (max 500)
   eps = 0.001411 >= 0.0001
Iteration 243 (max 500)
   eps = 0.001383 >= 0.0001
Iteration 244 (max 500)
   eps = 0.001362 >= 0.0001
Iteration 245 (max 500)
   eps = 0.001339 >= 0.0001
Iteration 246 (max 500)
   eps = 0.001314 >= 0.0001
Iteration 247 (max 500)
   eps = 0.00129 >= 0.0001
Iteration 248 (max 500)
   eps = 0.001269 >= 0.0001
Iteration 249 (max 500)
   eps = 0.001254 >= 0.0001
Iteration 250 (max 500)
   eps = 0.001232 >= 0.0001
Iteration 251 (max 500)
   eps = 0.001207 >= 0.0001
Iteration 252 (max 500)
   eps = 0.001184 >= 0.0001
Iteration 253 (max 500)
   eps = 0.001162 >= 0.0001
Iteration 254 (max 500)
   eps = 0.00114 >= 0.0001
Iteration 255 (max 500)
   eps = 0.001118 >= 0.0001
Iteration 256 (max 500)
   eps = 0.001094 >= 0.0001
Iteration 257 (max 500)
   eps = 0.001072 >= 0.0001
Iteration 258 (max 500)
   eps = 0.001056 >= 0.0001
Iteration 259 (max 500)
   eps = 0.001034 >= 0.0001
Iteration 260 (max 500)
   eps = 0.00101 >= 0.0001
Iteration 261 (max 500)
   eps = 0.000991 >= 0.0001
Iteration 262 (max 500)
   eps = 0.000968 >= 0.0001
Iteration 263 (max 500)
   eps = 0.000945 >= 0.0001
Iteration 264 (max 500)
   eps = 0.000923 >= 0.0001
Iteration 265 (max 500)
   eps = 0.000903 >= 0.0001
Iteration 266 (max 500)
   eps = 0.000885 >= 0.0001
Iteration 267 (max 500)
   eps = 0.000868 >= 0.0001
Iteration 268 (max 500)
   eps = 0.000852 >= 0.0001
Iteration 269 (max 500)
   eps = 0.000837 >= 0.0001
Iteration 270 (max 500)
   eps = 0.000821 >= 0.0001
Iteration 271 (max 500)
   eps = 0.000806 >= 0.0001
Iteration 272 (max 500)
   eps = 0.00079 >= 0.0001
Iteration 273 (max 500)
   eps = 0.000773 >= 0.0001
Iteration 274 (max 500)
   eps = 0.000759 >= 0.0001
Iteration 275 (max 500)
   eps = 0.000746 >= 0.0001
Iteration 276 (max 500)
   eps = 0.000733 >= 0.0001
Iteration 277 (max 500)
   eps = 0.00072 >= 0.0001
Iteration 278 (max 500)
   eps = 0.000709 >= 0.0001
Iteration 279 (max 500)
   eps = 0.000697 >= 0.0001
Iteration 280 (max 500)
   eps = 0.000683 >= 0.0001
Iteration 281 (max 500)
   eps = 0.00067 >= 0.0001
Iteration 282 (max 500)
   eps = 0.000655 >= 0.0001
Iteration 283 (max 500)
   eps = 0.000643 >= 0.0001
Iteration 284 (max 500)
   eps = 0.00063 >= 0.0001
Iteration 285 (max 500)
   eps = 0.000617 >= 0.0001
Iteration 286 (max 500)
   eps = 0.000605 >= 0.0001
Iteration 287 (max 500)
   eps = 0.000593 >= 0.0001
Iteration 288 (max 500)
   eps = 0.000582 >= 0.0001
Iteration 289 (max 500)
   eps = 0.000573 >= 0.0001
Iteration 290 (max 500)
   eps = 0.000563 >= 0.0001
Iteration 291 (max 500)
   eps = 0.000552 >= 0.0001
Iteration 292 (max 500)
   eps = 0.000542 >= 0.0001
Iteration 293 (max 500)
   eps = 0.000532 >= 0.0001
Iteration 294 (max 500)
   eps = 0.000522 >= 0.0001
Iteration 295 (max 500)
   eps = 0.000511 >= 0.0001
Iteration 296 (max 500)
   eps = 0.0005 >= 0.0001
Iteration 297 (max 500)
   eps = 0.00049 >= 0.0001
Iteration 298 (max 500)
   eps = 0.000479 >= 0.0001
Iteration 299 (max 500)
   eps = 0.000469 >= 0.0001
Iteration 300 (max 500)
   eps = 0.000459 >= 0.0001
Iteration 301 (max 500)
   eps = 0.000449 >= 0.0001
Iteration 302 (max 500)
   eps = 0.00044 >= 0.0001
Iteration 303 (max 500)
   eps = 0.000432 >= 0.0001
Iteration 304 (max 500)
   eps = 0.000424 >= 0.0001
Iteration 305 (max 500)
   eps = 0.000417 >= 0.0001
Iteration 306 (max 500)
   eps = 0.00041 >= 0.0001
Iteration 307 (max 500)
   eps = 0.000404 >= 0.0001
Iteration 308 (max 500)
   eps = 0.000398 >= 0.0001
Iteration 309 (max 500)
   eps = 0.00039 >= 0.0001
Iteration 310 (max 500)
   eps = 0.000383 >= 0.0001
Iteration 311 (max 500)
   eps = 0.000376 >= 0.0001
Iteration 312 (max 500)
   eps = 0.000368 >= 0.0001
Iteration 313 (max 500)
   eps = 0.00036 >= 0.0001
Iteration 314 (max 500)
   eps = 0.000353 >= 0.0001
Iteration 315 (max 500)
   eps = 0.000346 >= 0.0001
Iteration 316 (max 500)
   eps = 0.000339 >= 0.0001
Iteration 317 (max 500)
   eps = 0.000332 >= 0.0001
Iteration 318 (max 500)
   eps = 0.000325 >= 0.0001
Iteration 319 (max 500)
   eps = 0.000318 >= 0.0001
Iteration 320 (max 500)
   eps = 0.000312 >= 0.0001
Iteration 321 (max 500)
   eps = 0.000306 >= 0.0001
Iteration 322 (max 500)
   eps = 0.000299 >= 0.0001
Iteration 323 (max 500)
   eps = 0.000293 >= 0.0001
Iteration 324 (max 500)
   eps = 0.000288 >= 0.0001
Iteration 325 (max 500)
   eps = 0.000283 >= 0.0001
Iteration 326 (max 500)
   eps = 0.000277 >= 0.0001
Iteration 327 (max 500)
   eps = 0.000272 >= 0.0001
Iteration 328 (max 500)
   eps = 0.000267 >= 0.0001
Iteration 329 (max 500)
   eps = 0.000261 >= 0.0001
Iteration 330 (max 500)
   eps = 0.000257 >= 0.0001
Iteration 331 (max 500)
   eps = 0.000251 >= 0.0001
Iteration 332 (max 500)
   eps = 0.000247 >= 0.0001
Iteration 333 (max 500)
   eps = 0.000242 >= 0.0001
Iteration 334 (max 500)
   eps = 0.000238 >= 0.0001
Iteration 335 (max 500)
   eps = 0.000233 >= 0.0001
Iteration 336 (max 500)
   eps = 0.000228 >= 0.0001
Iteration 337 (max 500)
   eps = 0.000224 >= 0.0001
Iteration 338 (max 500)
   eps = 0.000219 >= 0.0001
Iteration 339 (max 500)
   eps = 0.000216 >= 0.0001
Iteration 340 (max 500)
   eps = 0.000212 >= 0.0001
Iteration 341 (max 500)
   eps = 0.000208 >= 0.0001
Iteration 342 (max 500)
   eps = 0.000204 >= 0.0001
Iteration 343 (max 500)
   eps = 0.0002 >= 0.0001
Iteration 344 (max 500)
   eps = 0.000196 >= 0.0001
Iteration 345 (max 500)
   eps = 0.000193 >= 0.0001
Iteration 346 (max 500)
   eps = 0.000189 >= 0.0001
Iteration 347 (max 500)
   eps = 0.000185 >= 0.0001
Iteration 348 (max 500)
   eps = 0.000181 >= 0.0001
Iteration 349 (max 500)
   eps = 0.000178 >= 0.0001
Iteration 350 (max 500)
   eps = 0.000174 >= 0.0001
Iteration 351 (max 500)
   eps = 0.000171 >= 0.0001
Iteration 352 (max 500)
   eps = 0.000168 >= 0.0001
Iteration 353 (max 500)
   eps = 0.000165 >= 0.0001
Iteration 354 (max 500)
   eps = 0.000161 >= 0.0001
Iteration 355 (max 500)
   eps = 0.000158 >= 0.0001
Iteration 356 (max 500)
   eps = 0.000156 >= 0.0001
Iteration 357 (max 500)
   eps = 0.000153 >= 0.0001
Iteration 358 (max 500)
   eps = 0.00015 >= 0.0001
Iteration 359 (max 500)
   eps = 0.000147 >= 0.0001
Iteration 360 (max 500)
   eps = 0.000145 >= 0.0001
Iteration 361 (max 500)
   eps = 0.000141 >= 0.0001
Iteration 362 (max 500)
   eps = 0.000138 >= 0.0001
Iteration 363 (max 500)
   eps = 0.000135 >= 0.0001
Iteration 364 (max 500)
   eps = 0.000133 >= 0.0001
Iteration 365 (max 500)
   eps = 0.000131 >= 0.0001
Iteration 366 (max 500)
   eps = 0.000128 >= 0.0001
Iteration 367 (max 500)
   eps = 0.000125 >= 0.0001
Iteration 368 (max 500)
   eps = 0.000123 >= 0.0001
Iteration 369 (max 500)
   eps = 0.00012 >= 0.0001
Iteration 370 (max 500)
   eps = 0.000118 >= 0.0001
Iteration 371 (max 500)
   eps = 0.000116 >= 0.0001
Iteration 372 (max 500)
   eps = 0.000114 >= 0.0001
Iteration 373 (max 500)
   eps = 0.000112 >= 0.0001
Iteration 374 (max 500)
   eps = 0.000109 >= 0.0001
Iteration 375 (max 500)
   eps = 0.000107 >= 0.0001
Iteration 376 (max 500)
   eps = 0.000105 >= 0.0001
Iteration 377 (max 500)
   eps = 0.000102 >= 0.0001
Iteration 378 (max 500)
Time spent by the wind speed solver: 98.23525047302246 s
Rotates geometries from -45.0 degrees
Interp succeeded!!! for tmp_file
Interp succeeded!!! for tmp_file
Interp succeeded!!! for tmp_file
Interp succeeded!!! for tmp_file
Interp succeeded!!! for tmp_file
Interp succeeded!!! for tmp_file
Process 3995988: Successfully ran URock for tile output 'wind_field_raw_tile_3'.
Process 3995988: Elapsed time for URock ('wind_field_raw_tile_3'): 446.48 seconds.
[Master] Process 3995988 - Tile 3: Finished processing.
[Master] 3995988: exit signal
Info: Debuffered '/storage/project/r-rbasu31-0/hyu483/Test_UMEP/UROCK_output_35_spawn/temp_intermediate_files/tile_3_urock_raw_outputs/z1_5/wind_field_raw_tile_3WS.tif' to '/storage/project/r-rbasu31-0/hyu483/Test_UMEP/UROCK_output_35_spawn/urock_tiled_output/urock_wind_field_tile_3WS.tif' (original extent: (233582.59099838723, 902332.4833440109, 233782.59099838723, 902532.4833440109)).
Connecting to database
	->/tmp/URock_2025-12-21T1808408b0a723b-eb59-4471-9e37-42a4a45514cd/myDbH2
/storage/home/hcoda1/4/hyu483/qgis_332/profiles/default/python/plugins/processing_umep/functions/URock/h2gis-standalone/h2gis-dist-2.2.3.jar
Connected!

Spatial functions added!

Load input data
Load table 'build_pre_srid_20251221180900'
Load table 'veg_pre_srid_20251221180900'
Creates blocks and stacked blocks
Rotates geometries from 45.0 degrees
Identify block base height and block cavity base
Calculates obstacle properties
Calculates zone properties
Initializes upwind facades
Update upwind facades base height
Initializes downwind facades
Calculates study area properties
Roughness zone properties are:

                                 - z0: 1.7095398245407702
                                 - d: 7.871399499691658
                                 - Hr: 12.248556282260635
                                 - H_ob_max: 56
                                 - lambda_f: 0.13957072042985721
Rotates geometries from -45.0 degrees
Rotates geometries from -45.0 degrees
Rotates geometries from -45.0 degrees
Creates displacement zones
Rotates geometries from -45.0 degrees
Rotates geometries from -45.0 degrees
Creates cavity and wake zones
Rotates geometries from -45.0 degrees
Rotates geometries from -45.0 degrees
Creates street canyon zones
Rotates geometries from -45.0 degrees
Creates rooftop zones (perpendicular and corner)
Rotates geometries from -45.0 degrees
Rotates geometries from -45.0 degrees
Creates built-up and open vegetation zones
Rotates geometries from -45.0 degrees
Rotates geometries from -45.0 degrees
Identify the buildings concerned by the impacted zone chosen by the user
Creates the grid of points
Affects each grid point to a building Rockle zone and calculates needed 
          variables for 3D wind speed
Affects each grid point to a vegetation Rockle zone and calculates 
          needed variables for 3D wind speed
Remove some of the Röckle zone points
Creates backward zones
Calculates the 3D wind speed factor value for each point of each BUILDING zone
Rotates geometries from -45.0 degrees
Rotates geometries from -45.0 degrees
Rotates geometries from -45.0 degrees
Rotates geometries from -45.0 degrees
Rotates geometries from -45.0 degrees
Rotates geometries from -45.0 degrees
Rotates geometries from -45.0 degrees
Rotates geometries from -45.0 degrees
Rotates geometries from -45.0 degrees
Calculates the 3D wind speed factor value for each point of each VEGETATION zone
Rotates geometries from -45.0 degrees
Deals with superimposition (keeps only 1 value per 3D point)
Deals with superimposition (keeps only 1 value per 3D point)
Identify upstreamer points in TEMPO_WEIGHTING table
Identify upstreamer points in TEMPO_PRIORITIES table
Identify upstreamer points in TEMPO_PRIORITIES_WEIGHT table
Deals with superimposition (keeps only 1 value per 3D point)
Identify upstreamer points in TEMPO_WEIGHTING table
Identify upstreamer points in TEMPO_PRIORITIES table
Identify upstreamer points in TEMPO_PRIORITIES_WEIGHT table
Rotates geometries from -45.0 degrees
Identify grid points intersecting buildings
Set the initial 3D wind speed field
Time spent for wind speed initialization: 217.33366990089417 s
Shape: (259, 299, 27) - Nb cells: 2090907
Start to apply the wind solver
Iteration 1 (max 500)
   eps = 0.595356 >= 0.0001
Iteration 2 (max 500)
   eps = 0.416731 >= 0.0001
Iteration 3 (max 500)
   eps = 0.332802 >= 0.0001
Iteration 4 (max 500)
   eps = 0.278339 >= 0.0001
Iteration 5 (max 500)
   eps = 0.234364 >= 0.0001
Iteration 6 (max 500)
   eps = 0.199361 >= 0.0001
Iteration 7 (max 500)
   eps = 0.173409 >= 0.0001
Iteration 8 (max 500)
   eps = 0.152237 >= 0.0001
Iteration 9 (max 500)
   eps = 0.135509 >= 0.0001
Iteration 10 (max 500)
   eps = 0.121598 >= 0.0001
Iteration 11 (max 500)
   eps = 0.109704 >= 0.0001
Iteration 12 (max 500)
   eps = 0.099623 >= 0.0001
Iteration 13 (max 500)
   eps = 0.091135 >= 0.0001
Iteration 14 (max 500)
   eps = 0.084547 >= 0.0001
Iteration 15 (max 500)
   eps = 0.079392 >= 0.0001
Iteration 16 (max 500)
   eps = 0.07537 >= 0.0001
Iteration 17 (max 500)
   eps = 0.07151 >= 0.0001
Iteration 18 (max 500)
   eps = 0.068342 >= 0.0001
Iteration 19 (max 500)
   eps = 0.065393 >= 0.0001
Iteration 20 (max 500)
   eps = 0.062864 >= 0.0001
Iteration 21 (max 500)
   eps = 0.060737 >= 0.0001
Iteration 22 (max 500)
   eps = 0.058706 >= 0.0001
Iteration 23 (max 500)
   eps = 0.056558 >= 0.0001
Iteration 24 (max 500)
   eps = 0.054698 >= 0.0001
Iteration 25 (max 500)
   eps = 0.063862 >= 0.0001
Iteration 26 (max 500)
   eps = 0.058533 >= 0.0001
Iteration 27 (max 500)
   eps = 0.053783 >= 0.0001
Iteration 28 (max 500)
   eps = 0.052523 >= 0.0001
Iteration 29 (max 500)
   eps = 0.051952 >= 0.0001
Iteration 30 (max 500)
   eps = 0.051134 >= 0.0001
Iteration 31 (max 500)
   eps = 0.050139 >= 0.0001
Iteration 32 (max 500)
   eps = 0.049249 >= 0.0001
Iteration 33 (max 500)
   eps = 0.048441 >= 0.0001
Iteration 34 (max 500)
   eps = 0.047731 >= 0.0001
Iteration 35 (max 500)
   eps = 0.047066 >= 0.0001
Iteration 36 (max 500)
   eps = 0.046367 >= 0.0001
Iteration 37 (max 500)
   eps = 0.045675 >= 0.0001
Iteration 38 (max 500)
   eps = 0.045129 >= 0.0001
Iteration 39 (max 500)
   eps = 0.044632 >= 0.0001
Iteration 40 (max 500)
   eps = 0.044168 >= 0.0001
Iteration 41 (max 500)
   eps = 0.043771 >= 0.0001
Iteration 42 (max 500)
   eps = 0.043331 >= 0.0001
Iteration 43 (max 500)
   eps = 0.042876 >= 0.0001
Iteration 44 (max 500)
   eps = 0.042335 >= 0.0001
Iteration 45 (max 500)
   eps = 0.041732 >= 0.0001
Iteration 46 (max 500)
   eps = 0.041227 >= 0.0001
Iteration 47 (max 500)
   eps = 0.040663 >= 0.0001
Iteration 48 (max 500)
   eps = 0.04001 >= 0.0001
Iteration 49 (max 500)
   eps = 0.039494 >= 0.0001
Iteration 50 (max 500)
   eps = 0.039327 >= 0.0001
Iteration 51 (max 500)
   eps = 0.038477 >= 0.0001
Iteration 52 (max 500)
   eps = 0.037922 >= 0.0001
Iteration 53 (max 500)
   eps = 0.037401 >= 0.0001
Iteration 54 (max 500)
   eps = 0.036939 >= 0.0001
Iteration 55 (max 500)
   eps = 0.036391 >= 0.0001
Iteration 56 (max 500)
   eps = 0.035874 >= 0.0001
Iteration 57 (max 500)
   eps = 0.035359 >= 0.0001
Iteration 58 (max 500)
   eps = 0.034838 >= 0.0001
Iteration 59 (max 500)
   eps = 0.034317 >= 0.0001
Iteration 60 (max 500)
   eps = 0.033846 >= 0.0001
Iteration 61 (max 500)
   eps = 0.03339 >= 0.0001
Iteration 62 (max 500)
   eps = 0.032955 >= 0.0001
Iteration 63 (max 500)
   eps = 0.03252 >= 0.0001
Iteration 64 (max 500)
   eps = 0.032027 >= 0.0001
Iteration 65 (max 500)
   eps = 0.031537 >= 0.0001
Iteration 66 (max 500)
   eps = 0.031014 >= 0.0001
Iteration 67 (max 500)
   eps = 0.030393 >= 0.0001
Iteration 68 (max 500)
   eps = 0.029764 >= 0.0001
Iteration 69 (max 500)
   eps = 0.02912 >= 0.0001
Iteration 70 (max 500)
   eps = 0.028526 >= 0.0001
Iteration 71 (max 500)
   eps = 0.027957 >= 0.0001
Iteration 72 (max 500)
   eps = 0.02741 >= 0.0001
Iteration 73 (max 500)
   eps = 0.026876 >= 0.0001
Iteration 74 (max 500)
   eps = 0.02638 >= 0.0001
Iteration 75 (max 500)
   eps = 0.025904 >= 0.0001
Iteration 76 (max 500)
   eps = 0.025419 >= 0.0001
Iteration 77 (max 500)
   eps = 0.02497 >= 0.0001
Iteration 78 (max 500)
   eps = 0.024469 >= 0.0001
Iteration 79 (max 500)
   eps = 0.023971 >= 0.0001
Iteration 80 (max 500)
   eps = 0.023529 >= 0.0001
Iteration 81 (max 500)
   eps = 0.023143 >= 0.0001
Iteration 82 (max 500)
   eps = 0.022729 >= 0.0001
Iteration 83 (max 500)
   eps = 0.022364 >= 0.0001
Iteration 84 (max 500)
   eps = 0.021992 >= 0.0001
Iteration 85 (max 500)
   eps = 0.021585 >= 0.0001
Iteration 86 (max 500)
   eps = 0.021175 >= 0.0001
Iteration 87 (max 500)
   eps = 0.020764 >= 0.0001
Iteration 88 (max 500)
   eps = 0.020356 >= 0.0001
Iteration 89 (max 500)
   eps = 0.019964 >= 0.0001
Iteration 90 (max 500)
   eps = 0.01961 >= 0.0001
Iteration 91 (max 500)
   eps = 0.019286 >= 0.0001
Iteration 92 (max 500)
   eps = 0.018977 >= 0.0001
Iteration 93 (max 500)
   eps = 0.018653 >= 0.0001
Iteration 94 (max 500)
   eps = 0.018341 >= 0.0001
Iteration 95 (max 500)
   eps = 0.018156 >= 0.0001
Iteration 96 (max 500)
   eps = 0.01796 >= 0.0001
Iteration 97 (max 500)
   eps = 0.017721 >= 0.0001
Iteration 98 (max 500)
   eps = 0.017489 >= 0.0001
Iteration 99 (max 500)
   eps = 0.0172 >= 0.0001
Iteration 100 (max 500)
   eps = 0.016888 >= 0.0001
Iteration 101 (max 500)
   eps = 0.016566 >= 0.0001
Iteration 102 (max 500)
   eps = 0.01631 >= 0.0001
Iteration 103 (max 500)
   eps = 0.016036 >= 0.0001
Iteration 104 (max 500)
   eps = 0.015791 >= 0.0001
Iteration 105 (max 500)
   eps = 0.015553 >= 0.0001
Iteration 106 (max 500)
   eps = 0.015326 >= 0.0001
Iteration 107 (max 500)
   eps = 0.015128 >= 0.0001
Iteration 108 (max 500)
   eps = 0.01491 >= 0.0001
Iteration 109 (max 500)
   eps = 0.014658 >= 0.0001
Iteration 110 (max 500)
   eps = 0.014371 >= 0.0001
Iteration 111 (max 500)
   eps = 0.014097 >= 0.0001
Iteration 112 (max 500)
   eps = 0.013849 >= 0.0001
Iteration 113 (max 500)
   eps = 0.013597 >= 0.0001
Iteration 114 (max 500)
   eps = 0.013333 >= 0.0001
Iteration 115 (max 500)
   eps = 0.013111 >= 0.0001
Iteration 116 (max 500)
   eps = 0.01291 >= 0.0001
Iteration 117 (max 500)
   eps = 0.012718 >= 0.0001
Iteration 118 (max 500)
   eps = 0.012513 >= 0.0001
Iteration 119 (max 500)
   eps = 0.012361 >= 0.0001
Iteration 120 (max 500)
   eps = 0.012236 >= 0.0001
Iteration 121 (max 500)
   eps = 0.012088 >= 0.0001
Iteration 122 (max 500)
   eps = 0.011922 >= 0.0001
Iteration 123 (max 500)
   eps = 0.011732 >= 0.0001
Iteration 124 (max 500)
   eps = 0.011543 >= 0.0001
Iteration 125 (max 500)
   eps = 0.011344 >= 0.0001
Iteration 126 (max 500)
   eps = 0.01114 >= 0.0001
Iteration 127 (max 500)
   eps = 0.010949 >= 0.0001
Iteration 128 (max 500)
   eps = 0.010781 >= 0.0001
Iteration 129 (max 500)
   eps = 0.010616 >= 0.0001
Iteration 130 (max 500)
   eps = 0.010458 >= 0.0001
Iteration 131 (max 500)
   eps = 0.010301 >= 0.0001
Iteration 132 (max 500)
   eps = 0.010117 >= 0.0001
Iteration 133 (max 500)
   eps = 0.00992 >= 0.0001
Iteration 134 (max 500)
   eps = 0.00973 >= 0.0001
Iteration 135 (max 500)
   eps = 0.009578 >= 0.0001
Iteration 136 (max 500)
   eps = 0.009422 >= 0.0001
Iteration 137 (max 500)
   eps = 0.009243 >= 0.0001
Iteration 138 (max 500)
   eps = 0.009097 >= 0.0001
Iteration 139 (max 500)
   eps = 0.008965 >= 0.0001
Iteration 140 (max 500)
   eps = 0.008827 >= 0.0001
Iteration 141 (max 500)
   eps = 0.008675 >= 0.0001
Iteration 142 (max 500)
   eps = 0.008525 >= 0.0001
Iteration 143 (max 500)
   eps = 0.008383 >= 0.0001
Iteration 144 (max 500)
   eps = 0.008235 >= 0.0001
Iteration 145 (max 500)
   eps = 0.008083 >= 0.0001
Iteration 146 (max 500)
   eps = 0.007946 >= 0.0001
Iteration 147 (max 500)
   eps = 0.007816 >= 0.0001
Iteration 148 (max 500)
   eps = 0.007686 >= 0.0001
Iteration 149 (max 500)
   eps = 0.007555 >= 0.0001
Iteration 150 (max 500)
   eps = 0.00743 >= 0.0001
Iteration 151 (max 500)
   eps = 0.007299 >= 0.0001
Iteration 152 (max 500)
   eps = 0.007178 >= 0.0001
Iteration 153 (max 500)
   eps = 0.007055 >= 0.0001
Iteration 154 (max 500)
   eps = 0.006926 >= 0.0001
Iteration 155 (max 500)
   eps = 0.006805 >= 0.0001
Iteration 156 (max 500)
   eps = 0.006687 >= 0.0001
Iteration 157 (max 500)
   eps = 0.006569 >= 0.0001
Iteration 158 (max 500)
   eps = 0.006456 >= 0.0001
Iteration 159 (max 500)
   eps = 0.006346 >= 0.0001
Iteration 160 (max 500)
   eps = 0.006241 >= 0.0001
Iteration 161 (max 500)
   eps = 0.006132 >= 0.0001
Iteration 162 (max 500)
   eps = 0.006035 >= 0.0001
Iteration 163 (max 500)
   eps = 0.005942 >= 0.0001
Iteration 164 (max 500)
   eps = 0.005845 >= 0.0001
Iteration 165 (max 500)
   eps = 0.005747 >= 0.0001
Iteration 166 (max 500)
   eps = 0.005647 >= 0.0001
Iteration 167 (max 500)
   eps = 0.005553 >= 0.0001
Iteration 168 (max 500)
   eps = 0.005458 >= 0.0001
Iteration 169 (max 500)
   eps = 0.00537 >= 0.0001
Iteration 170 (max 500)
   eps = 0.005271 >= 0.0001
Iteration 171 (max 500)
   eps = 0.005175 >= 0.0001
Iteration 172 (max 500)
   eps = 0.005082 >= 0.0001
Iteration 173 (max 500)
   eps = 0.004993 >= 0.0001
Iteration 174 (max 500)
   eps = 0.004912 >= 0.0001
Iteration 175 (max 500)
   eps = 0.004834 >= 0.0001
Iteration 176 (max 500)
   eps = 0.00476 >= 0.0001
Iteration 177 (max 500)
   eps = 0.004684 >= 0.0001
Iteration 178 (max 500)
   eps = 0.004611 >= 0.0001
Iteration 179 (max 500)
   eps = 0.004535 >= 0.0001
Iteration 180 (max 500)
   eps = 0.004455 >= 0.0001
Iteration 181 (max 500)
   eps = 0.004376 >= 0.0001
Iteration 182 (max 500)
   eps = 0.0043 >= 0.0001
Iteration 183 (max 500)
   eps = 0.004227 >= 0.0001
Iteration 184 (max 500)
   eps = 0.004157 >= 0.0001
Iteration 185 (max 500)
   eps = 0.004091 >= 0.0001
Iteration 186 (max 500)
   eps = 0.004027 >= 0.0001
Iteration 187 (max 500)
   eps = 0.003968 >= 0.0001
Iteration 188 (max 500)
   eps = 0.00391 >= 0.0001
Iteration 189 (max 500)
   eps = 0.003851 >= 0.0001
Iteration 190 (max 500)
   eps = 0.003788 >= 0.0001
Iteration 191 (max 500)
   eps = 0.003719 >= 0.0001
Iteration 192 (max 500)
   eps = 0.003652 >= 0.0001
Iteration 193 (max 500)
   eps = 0.003584 >= 0.0001
Iteration 194 (max 500)
   eps = 0.00352 >= 0.0001
Iteration 195 (max 500)
   eps = 0.003462 >= 0.0001
Iteration 196 (max 500)
   eps = 0.003408 >= 0.0001
Iteration 197 (max 500)
   eps = 0.003355 >= 0.0001
Iteration 198 (max 500)
   eps = 0.0033 >= 0.0001
Iteration 199 (max 500)
   eps = 0.003251 >= 0.0001
Iteration 200 (max 500)
   eps = 0.003199 >= 0.0001
Iteration 201 (max 500)
   eps = 0.00314 >= 0.0001
Iteration 202 (max 500)
   eps = 0.003082 >= 0.0001
Iteration 203 (max 500)
   eps = 0.003021 >= 0.0001
Iteration 204 (max 500)
   eps = 0.002966 >= 0.0001
Iteration 205 (max 500)
   eps = 0.002918 >= 0.0001
Iteration 206 (max 500)
   eps = 0.002871 >= 0.0001
Iteration 207 (max 500)
   eps = 0.002823 >= 0.0001
Iteration 208 (max 500)
   eps = 0.002778 >= 0.0001
Iteration 209 (max 500)
   eps = 0.002736 >= 0.0001
Iteration 210 (max 500)
   eps = 0.002696 >= 0.0001
Iteration 211 (max 500)
   eps = 0.00265 >= 0.0001
Iteration 212 (max 500)
   eps = 0.0026 >= 0.0001
Iteration 213 (max 500)
   eps = 0.002553 >= 0.0001
Iteration 214 (max 500)
   eps = 0.002508 >= 0.0001
Iteration 215 (max 500)
   eps = 0.002463 >= 0.0001
Iteration 216 (max 500)
   eps = 0.002416 >= 0.0001
Iteration 217 (max 500)
   eps = 0.002371 >= 0.0001
Iteration 218 (max 500)
   eps = 0.002329 >= 0.0001
Iteration 219 (max 500)
   eps = 0.002291 >= 0.0001
Iteration 220 (max 500)
   eps = 0.002252 >= 0.0001
Iteration 221 (max 500)
   eps = 0.002213 >= 0.0001
Iteration 222 (max 500)
   eps = 0.002175 >= 0.0001
Iteration 223 (max 500)
   eps = 0.002139 >= 0.0001
Iteration 224 (max 500)
   eps = 0.002101 >= 0.0001
Iteration 225 (max 500)
   eps = 0.002065 >= 0.0001
Iteration 226 (max 500)
   eps = 0.002029 >= 0.0001
Iteration 227 (max 500)
   eps = 0.001997 >= 0.0001
Iteration 228 (max 500)
   eps = 0.001968 >= 0.0001
Iteration 229 (max 500)
   eps = 0.001937 >= 0.0001
Iteration 230 (max 500)
   eps = 0.001907 >= 0.0001
Iteration 231 (max 500)
   eps = 0.001879 >= 0.0001
Iteration 232 (max 500)
   eps = 0.001846 >= 0.0001
Iteration 233 (max 500)
   eps = 0.001813 >= 0.0001
Iteration 234 (max 500)
   eps = 0.001781 >= 0.0001
Iteration 235 (max 500)
   eps = 0.001747 >= 0.0001
Iteration 236 (max 500)
   eps = 0.001714 >= 0.0001
Iteration 237 (max 500)
   eps = 0.001683 >= 0.0001
Iteration 238 (max 500)
   eps = 0.001651 >= 0.0001
Iteration 239 (max 500)
   eps = 0.001621 >= 0.0001
Iteration 240 (max 500)
   eps = 0.001591 >= 0.0001
Iteration 241 (max 500)
   eps = 0.001563 >= 0.0001
Iteration 242 (max 500)
   eps = 0.001537 >= 0.0001
Iteration 243 (max 500)
   eps = 0.001511 >= 0.0001
Iteration 244 (max 500)
   eps = 0.001484 >= 0.0001
Iteration 245 (max 500)
   eps = 0.001456 >= 0.0001
Iteration 246 (max 500)
   eps = 0.001429 >= 0.0001
Iteration 247 (max 500)
   eps = 0.001402 >= 0.0001
Iteration 248 (max 500)
   eps = 0.001375 >= 0.0001
Iteration 249 (max 500)
   eps = 0.001352 >= 0.0001
Iteration 250 (max 500)
   eps = 0.001331 >= 0.0001
Iteration 251 (max 500)
   eps = 0.001307 >= 0.0001
Iteration 252 (max 500)
   eps = 0.001289 >= 0.0001
Iteration 253 (max 500)
   eps = 0.001267 >= 0.0001
Iteration 254 (max 500)
   eps = 0.001243 >= 0.0001
Iteration 255 (max 500)
   eps = 0.00122 >= 0.0001
Iteration 256 (max 500)
   eps = 0.001201 >= 0.0001
Iteration 257 (max 500)
   eps = 0.001182 >= 0.0001
Iteration 258 (max 500)
   eps = 0.001159 >= 0.0001
Iteration 259 (max 500)
   eps = 0.001138 >= 0.0001
Iteration 260 (max 500)
   eps = 0.001118 >= 0.0001
Iteration 261 (max 500)
   eps = 0.001095 >= 0.0001
Iteration 262 (max 500)
   eps = 0.001075 >= 0.0001
Iteration 263 (max 500)
   eps = 0.001059 >= 0.0001
Iteration 264 (max 500)
   eps = 0.001042 >= 0.0001
Iteration 265 (max 500)
   eps = 0.001024 >= 0.0001
Iteration 266 (max 500)
   eps = 0.001007 >= 0.0001
Iteration 267 (max 500)
   eps = 0.000989 >= 0.0001
Iteration 268 (max 500)
   eps = 0.00097 >= 0.0001
Iteration 269 (max 500)
   eps = 0.000951 >= 0.0001
Iteration 270 (max 500)
   eps = 0.000933 >= 0.0001
Iteration 271 (max 500)
   eps = 0.000917 >= 0.0001
Iteration 272 (max 500)
   eps = 0.000901 >= 0.0001
Iteration 273 (max 500)
   eps = 0.000884 >= 0.0001
Iteration 274 (max 500)
   eps = 0.000868 >= 0.0001
Iteration 275 (max 500)
   eps = 0.000853 >= 0.0001
Iteration 276 (max 500)
   eps = 0.000838 >= 0.0001
Iteration 277 (max 500)
   eps = 0.000822 >= 0.0001
Iteration 278 (max 500)
   eps = 0.000808 >= 0.0001
Iteration 279 (max 500)
   eps = 0.000794 >= 0.0001
Iteration 280 (max 500)
   eps = 0.000781 >= 0.0001
Iteration 281 (max 500)
   eps = 0.000767 >= 0.0001
Iteration 282 (max 500)
   eps = 0.000754 >= 0.0001
Iteration 283 (max 500)
   eps = 0.00074 >= 0.0001
Iteration 284 (max 500)
   eps = 0.000726 >= 0.0001
Iteration 285 (max 500)
   eps = 0.000712 >= 0.0001
Iteration 286 (max 500)
   eps = 0.000698 >= 0.0001
Iteration 287 (max 500)
   eps = 0.000684 >= 0.0001
Iteration 288 (max 500)
   eps = 0.00067 >= 0.0001
Iteration 289 (max 500)
   eps = 0.000656 >= 0.0001
Iteration 290 (max 500)
   eps = 0.000644 >= 0.0001
Iteration 291 (max 500)
   eps = 0.000632 >= 0.0001
Iteration 292 (max 500)
   eps = 0.000619 >= 0.0001
Iteration 293 (max 500)
   eps = 0.000607 >= 0.0001
Iteration 294 (max 500)
   eps = 0.000596 >= 0.0001
Iteration 295 (max 500)
   eps = 0.000586 >= 0.0001
Iteration 296 (max 500)
   eps = 0.000574 >= 0.0001
Iteration 297 (max 500)
   eps = 0.000564 >= 0.0001
Iteration 298 (max 500)
   eps = 0.000553 >= 0.0001
Iteration 299 (max 500)
   eps = 0.000543 >= 0.0001
Iteration 300 (max 500)
   eps = 0.000533 >= 0.0001
Iteration 301 (max 500)
   eps = 0.000524 >= 0.0001
Iteration 302 (max 500)
   eps = 0.000515 >= 0.0001
Iteration 303 (max 500)
   eps = 0.000505 >= 0.0001
Iteration 304 (max 500)
   eps = 0.000495 >= 0.0001
Iteration 305 (max 500)
   eps = 0.000485 >= 0.0001
Iteration 306 (max 500)
   eps = 0.000476 >= 0.0001
Iteration 307 (max 500)
   eps = 0.000467 >= 0.0001
Iteration 308 (max 500)
   eps = 0.000459 >= 0.0001
Iteration 309 (max 500)
   eps = 0.000451 >= 0.0001
Iteration 310 (max 500)
   eps = 0.000442 >= 0.0001
Iteration 311 (max 500)
   eps = 0.000434 >= 0.0001
Iteration 312 (max 500)
   eps = 0.000427 >= 0.0001
Iteration 313 (max 500)
   eps = 0.00042 >= 0.0001
Iteration 314 (max 500)
   eps = 0.000412 >= 0.0001
Iteration 315 (max 500)
   eps = 0.000405 >= 0.0001
Iteration 316 (max 500)
   eps = 0.000397 >= 0.0001
Iteration 317 (max 500)
   eps = 0.000389 >= 0.0001
Iteration 318 (max 500)
   eps = 0.000382 >= 0.0001
Iteration 319 (max 500)
   eps = 0.000374 >= 0.0001
Iteration 320 (max 500)
   eps = 0.000367 >= 0.0001
Iteration 321 (max 500)
   eps = 0.00036 >= 0.0001
Iteration 322 (max 500)
   eps = 0.000353 >= 0.0001
Iteration 323 (max 500)
   eps = 0.000346 >= 0.0001
Iteration 324 (max 500)
   eps = 0.000339 >= 0.0001
Iteration 325 (max 500)
   eps = 0.000333 >= 0.0001
Iteration 326 (max 500)
   eps = 0.000327 >= 0.0001
Iteration 327 (max 500)
   eps = 0.000321 >= 0.0001
Iteration 328 (max 500)
   eps = 0.000315 >= 0.0001
Iteration 329 (max 500)
   eps = 0.000309 >= 0.0001
Iteration 330 (max 500)
   eps = 0.000303 >= 0.0001
Iteration 331 (max 500)
   eps = 0.000297 >= 0.0001
Iteration 332 (max 500)
   eps = 0.000292 >= 0.0001
Iteration 333 (max 500)
   eps = 0.000286 >= 0.0001
Iteration 334 (max 500)
   eps = 0.00028 >= 0.0001
Iteration 335 (max 500)
   eps = 0.000275 >= 0.0001
Iteration 336 (max 500)
   eps = 0.000269 >= 0.0001
Iteration 337 (max 500)
   eps = 0.000264 >= 0.0001
Iteration 338 (max 500)
   eps = 0.000259 >= 0.0001
Iteration 339 (max 500)
   eps = 0.000254 >= 0.0001
Iteration 340 (max 500)
   eps = 0.000249 >= 0.0001
Iteration 341 (max 500)
   eps = 0.000244 >= 0.0001
Iteration 342 (max 500)
   eps = 0.000239 >= 0.0001
Iteration 343 (max 500)
   eps = 0.000234 >= 0.0001
Iteration 344 (max 500)
   eps = 0.000229 >= 0.0001
Iteration 345 (max 500)
   eps = 0.000225 >= 0.0001
Iteration 346 (max 500)
   eps = 0.000221 >= 0.0001
Iteration 347 (max 500)
   eps = 0.000217 >= 0.0001
Iteration 348 (max 500)
   eps = 0.000213 >= 0.0001
Iteration 349 (max 500)
   eps = 0.000209 >= 0.0001
Iteration 350 (max 500)
   eps = 0.000205 >= 0.0001
Iteration 351 (max 500)
   eps = 0.000202 >= 0.0001
Iteration 352 (max 500)
   eps = 0.000198 >= 0.0001
Iteration 353 (max 500)
   eps = 0.000195 >= 0.0001
Iteration 354 (max 500)
   eps = 0.000191 >= 0.0001
Iteration 355 (max 500)
   eps = 0.000188 >= 0.0001
Iteration 356 (max 500)
   eps = 0.000184 >= 0.0001
Iteration 357 (max 500)
   eps = 0.000181 >= 0.0001
Iteration 358 (max 500)
   eps = 0.000178 >= 0.0001
Iteration 359 (max 500)
   eps = 0.000174 >= 0.0001
Iteration 360 (max 500)
   eps = 0.000171 >= 0.0001
Iteration 361 (max 500)
   eps = 0.000168 >= 0.0001
Iteration 362 (max 500)
   eps = 0.000164 >= 0.0001
Iteration 363 (max 500)
   eps = 0.00016 >= 0.0001
Iteration 364 (max 500)
   eps = 0.000156 >= 0.0001
Iteration 365 (max 500)
   eps = 0.000153 >= 0.0001
Iteration 366 (max 500)
   eps = 0.000149 >= 0.0001
Iteration 367 (max 500)
   eps = 0.000147 >= 0.0001
Iteration 368 (max 500)
   eps = 0.000144 >= 0.0001
Iteration 369 (max 500)
   eps = 0.000142 >= 0.0001
Iteration 370 (max 500)
   eps = 0.000139 >= 0.0001
Iteration 371 (max 500)
   eps = 0.000136 >= 0.0001
Iteration 372 (max 500)
   eps = 0.000133 >= 0.0001
Iteration 373 (max 500)
   eps = 0.00013 >= 0.0001
Iteration 374 (max 500)
   eps = 0.000127 >= 0.0001
Iteration 375 (max 500)
   eps = 0.000123 >= 0.0001
Iteration 376 (max 500)
   eps = 0.00012 >= 0.0001
Iteration 377 (max 500)
   eps = 0.000118 >= 0.0001
Iteration 378 (max 500)
   eps = 0.000115 >= 0.0001
Iteration 379 (max 500)
   eps = 0.000113 >= 0.0001
Iteration 380 (max 500)
   eps = 0.000112 >= 0.0001
Iteration 381 (max 500)
   eps = 0.000109 >= 0.0001
Iteration 382 (max 500)
   eps = 0.000107 >= 0.0001
Iteration 383 (max 500)
   eps = 0.000105 >= 0.0001
Iteration 384 (max 500)
   eps = 0.000102 >= 0.0001
Iteration 385 (max 500)
Time spent by the wind speed solver: 92.06603360176086 s
Rotates geometries from -45.0 degrees
Interp succeeded!!! for tmp_file
Interp succeeded!!! for tmp_file
Interp succeeded!!! for tmp_file
Interp succeeded!!! for tmp_file
Interp succeeded!!! for tmp_file
Interp succeeded!!! for tmp_file
Process 3995987: Successfully ran URock for tile output 'wind_field_raw_tile_2'.
Process 3995987: Elapsed time for URock ('wind_field_raw_tile_2'): 450.74 seconds.
[Master] Process 3995987 - Tile 2: Finished processing.
[Master] 3995987: exit signal
Info: Debuffered '/storage/project/r-rbasu31-0/hyu483/Test_UMEP/UROCK_output_35_spawn/temp_intermediate_files/tile_2_urock_raw_outputs/z1_5/wind_field_raw_tile_2WS.tif' to '/storage/project/r-rbasu31-0/hyu483/Test_UMEP/UROCK_output_35_spawn/urock_tiled_output/urock_wind_field_tile_2WS.tif' (original extent: (233582.59099838723, 902132.4833440109, 233782.59099838723, 902332.4833440109)).
Connecting to database
	->/tmp/URock_2025-12-21T18145164e76c6c-d6f4-4661-8692-65a0689a2c04/myDbH2
/storage/home/hcoda1/4/hyu483/qgis_332/profiles/default/python/plugins/processing_umep/functions/URock/h2gis-standalone/h2gis-dist-2.2.3.jar
Connected!

Spatial functions added!

Load input data
Load table 'build_pre_srid_20251221181452'
Load table 'veg_pre_srid_20251221181452'
Creates blocks and stacked blocks
Rotates geometries from 45.0 degrees
Identify block base height and block cavity base
Calculates obstacle properties
Calculates zone properties
Initializes upwind facades
Update upwind facades base height
Initializes downwind facades
Calculates study area properties
Roughness zone properties are:

                                 - z0: 1.603720629311512
                                 - d: 7.514637273061655
                                 - Hr: 10.691470862076747
                                 - H_ob_max: 29
                                 - lambda_f: 0.15817946246332545
Rotates geometries from -45.0 degrees
Rotates geometries from -45.0 degrees
Rotates geometries from -45.0 degrees
Creates displacement zones
Rotates geometries from -45.0 degrees
Rotates geometries from -45.0 degrees
Creates cavity and wake zones
Rotates geometries from -45.0 degrees
Rotates geometries from -45.0 degrees
Creates street canyon zones
Rotates geometries from -45.0 degrees
Creates rooftop zones (perpendicular and corner)
Rotates geometries from -45.0 degrees
Rotates geometries from -45.0 degrees
Creates built-up and open vegetation zones
Rotates geometries from -45.0 degrees
Rotates geometries from -45.0 degrees
Identify the buildings concerned by the impacted zone chosen by the user
Creates the grid of points
Affects each grid point to a building Rockle zone and calculates needed 
          variables for 3D wind speed
Affects each grid point to a vegetation Rockle zone and calculates 
          needed variables for 3D wind speed
Remove some of the Röckle zone points
Creates backward zones
Calculates the 3D wind speed factor value for each point of each BUILDING zone
Rotates geometries from -45.0 degrees
Rotates geometries from -45.0 degrees
Rotates geometries from -45.0 degrees
Rotates geometries from -45.0 degrees
Rotates geometries from -45.0 degrees
Rotates geometries from -45.0 degrees
Rotates geometries from -45.0 degrees
Rotates geometries from -45.0 degrees
Rotates geometries from -45.0 degrees
Calculates the 3D wind speed factor value for each point of each VEGETATION zone
Rotates geometries from -45.0 degrees
Deals with superimposition (keeps only 1 value per 3D point)
Deals with superimposition (keeps only 1 value per 3D point)
Identify upstreamer points in TEMPO_WEIGHTING table
Identify upstreamer points in TEMPO_PRIORITIES table
Identify upstreamer points in TEMPO_PRIORITIES_WEIGHT table
Deals with superimposition (keeps only 1 value per 3D point)
Identify upstreamer points in TEMPO_WEIGHTING table
Identify upstreamer points in TEMPO_PRIORITIES table
Identify upstreamer points in TEMPO_PRIORITIES_WEIGHT table
Rotates geometries from -45.0 degrees
Identify grid points intersecting buildings
Set the initial 3D wind speed field
Time spent for wind speed initialization: 20.447174549102783 s
Shape: (191, 179, 19) - Nb cells: 649591
Start to apply the wind solver
Iteration 1 (max 500)
   eps = 0.584579 >= 0.0001
Iteration 2 (max 500)
   eps = 0.41235 >= 0.0001
Iteration 3 (max 500)
   eps = 0.334004 >= 0.0001
Iteration 4 (max 500)
   eps = 0.277909 >= 0.0001
Iteration 5 (max 500)
   eps = 0.235742 >= 0.0001
Iteration 6 (max 500)
   eps = 0.203002 >= 0.0001
Iteration 7 (max 500)
   eps = 0.176222 >= 0.0001
Iteration 8 (max 500)
   eps = 0.151928 >= 0.0001
Iteration 9 (max 500)
   eps = 0.131847 >= 0.0001
Iteration 10 (max 500)
   eps = 0.116487 >= 0.0001
Iteration 11 (max 500)
   eps = 0.104802 >= 0.0001
Iteration 12 (max 500)
   eps = 0.09609 >= 0.0001
Iteration 13 (max 500)
   eps = 0.088836 >= 0.0001
Iteration 14 (max 500)
   eps = 0.082683 >= 0.0001
Iteration 15 (max 500)
   eps = 0.077917 >= 0.0001
Iteration 16 (max 500)
   eps = 0.074431 >= 0.0001
Iteration 17 (max 500)
   eps = 0.086862 >= 0.0001
Iteration 18 (max 500)
   eps = 0.075661 >= 0.0001
Iteration 19 (max 500)
   eps = 0.071619 >= 0.0001
Iteration 20 (max 500)
   eps = 0.06842 >= 0.0001
Iteration 21 (max 500)
   eps = 0.066541 >= 0.0001
Iteration 22 (max 500)
   eps = 0.064534 >= 0.0001
Iteration 23 (max 500)
   eps = 0.063004 >= 0.0001
Iteration 24 (max 500)
   eps = 0.061558 >= 0.0001
Iteration 25 (max 500)
   eps = 0.060077 >= 0.0001
Iteration 26 (max 500)
   eps = 0.058684 >= 0.0001
Iteration 27 (max 500)
   eps = 0.057295 >= 0.0001
Iteration 28 (max 500)
   eps = 0.056139 >= 0.0001
Iteration 29 (max 500)
   eps = 0.054734 >= 0.0001
Iteration 30 (max 500)
   eps = 0.053625 >= 0.0001
Iteration 31 (max 500)
   eps = 0.052358 >= 0.0001
Iteration 32 (max 500)
   eps = 0.051146 >= 0.0001
Iteration 33 (max 500)
   eps = 0.049938 >= 0.0001
Iteration 34 (max 500)
   eps = 0.048778 >= 0.0001
Iteration 35 (max 500)
   eps = 0.047846 >= 0.0001
Iteration 36 (max 500)
   eps = 0.046712 >= 0.0001
Iteration 37 (max 500)
   eps = 0.045815 >= 0.0001
Iteration 38 (max 500)
   eps = 0.0447 >= 0.0001
Iteration 39 (max 500)
   eps = 0.043461 >= 0.0001
Iteration 40 (max 500)
   eps = 0.042217 >= 0.0001
Iteration 41 (max 500)
   eps = 0.041059 >= 0.0001
Iteration 42 (max 500)
   eps = 0.039839 >= 0.0001
Iteration 43 (max 500)
   eps = 0.038759 >= 0.0001
Iteration 44 (max 500)
   eps = 0.037666 >= 0.0001
Iteration 45 (max 500)
   eps = 0.036566 >= 0.0001
Iteration 46 (max 500)
   eps = 0.035615 >= 0.0001
Iteration 47 (max 500)
   eps = 0.034619 >= 0.0001
Iteration 48 (max 500)
   eps = 0.033588 >= 0.0001
Iteration 49 (max 500)
   eps = 0.032599 >= 0.0001
Iteration 50 (max 500)
   eps = 0.031714 >= 0.0001
Iteration 51 (max 500)
   eps = 0.03098 >= 0.0001
Iteration 52 (max 500)
   eps = 0.030158 >= 0.0001
Iteration 53 (max 500)
   eps = 0.029392 >= 0.0001
Iteration 54 (max 500)
   eps = 0.0286 >= 0.0001
Iteration 55 (max 500)
   eps = 0.027797 >= 0.0001
Iteration 56 (max 500)
   eps = 0.027072 >= 0.0001
Iteration 57 (max 500)
   eps = 0.026364 >= 0.0001
Iteration 58 (max 500)
   eps = 0.02581 >= 0.0001
Iteration 59 (max 500)
   eps = 0.025198 >= 0.0001
Iteration 60 (max 500)
   eps = 0.024511 >= 0.0001
Iteration 61 (max 500)
   eps = 0.023841 >= 0.0001
Iteration 62 (max 500)
   eps = 0.023191 >= 0.0001
Iteration 63 (max 500)
   eps = 0.022445 >= 0.0001
Iteration 64 (max 500)
   eps = 0.021771 >= 0.0001
Iteration 65 (max 500)
   eps = 0.021179 >= 0.0001
Iteration 66 (max 500)
   eps = 0.020672 >= 0.0001
Iteration 67 (max 500)
   eps = 0.02021 >= 0.0001
Iteration 68 (max 500)
   eps = 0.019743 >= 0.0001
Iteration 69 (max 500)
   eps = 0.019295 >= 0.0001
Iteration 70 (max 500)
   eps = 0.018834 >= 0.0001
Iteration 71 (max 500)
   eps = 0.018421 >= 0.0001
Iteration 72 (max 500)
   eps = 0.017999 >= 0.0001
Iteration 73 (max 500)
   eps = 0.017543 >= 0.0001
Iteration 74 (max 500)
   eps = 0.017191 >= 0.0001
Iteration 75 (max 500)
   eps = 0.016753 >= 0.0001
Iteration 76 (max 500)
   eps = 0.016372 >= 0.0001
Iteration 77 (max 500)
   eps = 0.015982 >= 0.0001
Iteration 78 (max 500)
   eps = 0.015563 >= 0.0001
Iteration 79 (max 500)
   eps = 0.015183 >= 0.0001
Iteration 80 (max 500)
   eps = 0.014782 >= 0.0001
Iteration 81 (max 500)
   eps = 0.014427 >= 0.0001
Iteration 82 (max 500)
   eps = 0.014131 >= 0.0001
Iteration 83 (max 500)
   eps = 0.013846 >= 0.0001
Iteration 84 (max 500)
   eps = 0.013542 >= 0.0001
Iteration 85 (max 500)
   eps = 0.013203 >= 0.0001
Iteration 86 (max 500)
   eps = 0.012876 >= 0.0001
Iteration 87 (max 500)
   eps = 0.012551 >= 0.0001
Iteration 88 (max 500)
   eps = 0.012259 >= 0.0001
Iteration 89 (max 500)
   eps = 0.011961 >= 0.0001
Iteration 90 (max 500)
   eps = 0.01168 >= 0.0001
Iteration 91 (max 500)
   eps = 0.011402 >= 0.0001
Iteration 92 (max 500)
   eps = 0.011132 >= 0.0001
Iteration 93 (max 500)
   eps = 0.010889 >= 0.0001
Iteration 94 (max 500)
   eps = 0.010631 >= 0.0001
Iteration 95 (max 500)
   eps = 0.010399 >= 0.0001
Iteration 96 (max 500)
   eps = 0.010156 >= 0.0001
Iteration 97 (max 500)
   eps = 0.009911 >= 0.0001
Iteration 98 (max 500)
   eps = 0.009662 >= 0.0001
Iteration 99 (max 500)
   eps = 0.009432 >= 0.0001
Iteration 100 (max 500)
   eps = 0.009182 >= 0.0001
Iteration 101 (max 500)
   eps = 0.008967 >= 0.0001
Iteration 102 (max 500)
   eps = 0.008757 >= 0.0001
Iteration 103 (max 500)
   eps = 0.008551 >= 0.0001
Iteration 104 (max 500)
   eps = 0.008347 >= 0.0001
Iteration 105 (max 500)
   eps = 0.008164 >= 0.0001
Iteration 106 (max 500)
   eps = 0.007967 >= 0.0001
Iteration 107 (max 500)
   eps = 0.007743 >= 0.0001
Iteration 108 (max 500)
   eps = 0.007538 >= 0.0001
Iteration 109 (max 500)
   eps = 0.007338 >= 0.0001
Iteration 110 (max 500)
   eps = 0.007153 >= 0.0001
Iteration 111 (max 500)
   eps = 0.006954 >= 0.0001
Iteration 112 (max 500)
   eps = 0.006778 >= 0.0001
Iteration 113 (max 500)
   eps = 0.00662 >= 0.0001
Iteration 114 (max 500)
   eps = 0.006476 >= 0.0001
Iteration 115 (max 500)
   eps = 0.006345 >= 0.0001
Iteration 116 (max 500)
   eps = 0.006196 >= 0.0001
Iteration 117 (max 500)
   eps = 0.006034 >= 0.0001
Iteration 118 (max 500)
   eps = 0.005864 >= 0.0001
Iteration 119 (max 500)
   eps = 0.005706 >= 0.0001
Iteration 120 (max 500)
   eps = 0.005569 >= 0.0001
Iteration 121 (max 500)
   eps = 0.005413 >= 0.0001
Iteration 122 (max 500)
   eps = 0.005268 >= 0.0001
Iteration 123 (max 500)
   eps = 0.00512 >= 0.0001
Iteration 124 (max 500)
   eps = 0.004987 >= 0.0001
Iteration 125 (max 500)
   eps = 0.004867 >= 0.0001
Iteration 126 (max 500)
   eps = 0.004746 >= 0.0001
Iteration 127 (max 500)
   eps = 0.004637 >= 0.0001
Iteration 128 (max 500)
   eps = 0.004534 >= 0.0001
Iteration 129 (max 500)
   eps = 0.004436 >= 0.0001
Iteration 130 (max 500)
   eps = 0.004328 >= 0.0001
Iteration 131 (max 500)
   eps = 0.004221 >= 0.0001
Iteration 132 (max 500)
   eps = 0.004117 >= 0.0001
Iteration 133 (max 500)
   eps = 0.004014 >= 0.0001
Iteration 134 (max 500)
   eps = 0.003908 >= 0.0001
Iteration 135 (max 500)
   eps = 0.003807 >= 0.0001
Iteration 136 (max 500)
   eps = 0.00372 >= 0.0001
Iteration 137 (max 500)
   eps = 0.003636 >= 0.0001
Iteration 138 (max 500)
   eps = 0.003547 >= 0.0001
Iteration 139 (max 500)
   eps = 0.00347 >= 0.0001
Iteration 140 (max 500)
   eps = 0.003383 >= 0.0001
Iteration 141 (max 500)
   eps = 0.003297 >= 0.0001
Iteration 142 (max 500)
   eps = 0.003216 >= 0.0001
Iteration 143 (max 500)
   eps = 0.003132 >= 0.0001
Iteration 144 (max 500)
   eps = 0.003055 >= 0.0001
Iteration 145 (max 500)
   eps = 0.002978 >= 0.0001
Iteration 146 (max 500)
   eps = 0.002901 >= 0.0001
Iteration 147 (max 500)
   eps = 0.002828 >= 0.0001
Iteration 148 (max 500)
   eps = 0.002758 >= 0.0001
Iteration 149 (max 500)
   eps = 0.002686 >= 0.0001
Iteration 150 (max 500)
   eps = 0.002617 >= 0.0001
Iteration 151 (max 500)
   eps = 0.002552 >= 0.0001
Iteration 152 (max 500)
   eps = 0.002487 >= 0.0001
Iteration 153 (max 500)
   eps = 0.00242 >= 0.0001
Iteration 154 (max 500)
   eps = 0.002358 >= 0.0001
Iteration 155 (max 500)
   eps = 0.00229 >= 0.0001
Iteration 156 (max 500)
   eps = 0.002231 >= 0.0001
Iteration 157 (max 500)
   eps = 0.002177 >= 0.0001
Iteration 158 (max 500)
   eps = 0.002125 >= 0.0001
Iteration 159 (max 500)
   eps = 0.002076 >= 0.0001
Iteration 160 (max 500)
   eps = 0.00203 >= 0.0001
Iteration 161 (max 500)
   eps = 0.001979 >= 0.0001
Iteration 162 (max 500)
   eps = 0.001927 >= 0.0001
Iteration 163 (max 500)
   eps = 0.001876 >= 0.0001
Iteration 164 (max 500)
   eps = 0.001827 >= 0.0001
Iteration 165 (max 500)
   eps = 0.001778 >= 0.0001
Iteration 166 (max 500)
   eps = 0.00173 >= 0.0001
Iteration 167 (max 500)
   eps = 0.00169 >= 0.0001
Iteration 168 (max 500)
   eps = 0.001647 >= 0.0001
Iteration 169 (max 500)
   eps = 0.0016 >= 0.0001
Iteration 170 (max 500)
   eps = 0.001558 >= 0.0001
Iteration 171 (max 500)
   eps = 0.001516 >= 0.0001
Iteration 172 (max 500)
   eps = 0.001476 >= 0.0001
Iteration 173 (max 500)
   eps = 0.00144 >= 0.0001
Iteration 174 (max 500)
   eps = 0.001404 >= 0.0001
Iteration 175 (max 500)
   eps = 0.001368 >= 0.0001
Iteration 176 (max 500)
   eps = 0.001337 >= 0.0001
Iteration 177 (max 500)
   eps = 0.001305 >= 0.0001
Iteration 178 (max 500)
   eps = 0.001271 >= 0.0001
Iteration 179 (max 500)
   eps = 0.001237 >= 0.0001
Iteration 180 (max 500)
   eps = 0.001201 >= 0.0001
Iteration 181 (max 500)
   eps = 0.001167 >= 0.0001
Iteration 182 (max 500)
   eps = 0.001134 >= 0.0001
Iteration 183 (max 500)
   eps = 0.001101 >= 0.0001
Iteration 184 (max 500)
   eps = 0.001072 >= 0.0001
Iteration 185 (max 500)
   eps = 0.001047 >= 0.0001
Iteration 186 (max 500)
   eps = 0.001018 >= 0.0001
Iteration 187 (max 500)
   eps = 0.00099 >= 0.0001
Iteration 188 (max 500)
   eps = 0.000966 >= 0.0001
Iteration 189 (max 500)
   eps = 0.000942 >= 0.0001
Iteration 190 (max 500)
   eps = 0.000918 >= 0.0001
Iteration 191 (max 500)
   eps = 0.000893 >= 0.0001
Iteration 192 (max 500)
   eps = 0.000868 >= 0.0001
Iteration 193 (max 500)
   eps = 0.000842 >= 0.0001
Iteration 194 (max 500)
   eps = 0.000817 >= 0.0001
Iteration 195 (max 500)
   eps = 0.000793 >= 0.0001
Iteration 196 (max 500)
   eps = 0.000771 >= 0.0001
Iteration 197 (max 500)
   eps = 0.000753 >= 0.0001
Iteration 198 (max 500)
   eps = 0.000734 >= 0.0001
Iteration 199 (max 500)
   eps = 0.000718 >= 0.0001
Iteration 200 (max 500)
   eps = 0.000699 >= 0.0001
Iteration 201 (max 500)
   eps = 0.00068 >= 0.0001
Iteration 202 (max 500)
   eps = 0.000661 >= 0.0001
Iteration 203 (max 500)
   eps = 0.000641 >= 0.0001
Iteration 204 (max 500)
   eps = 0.000625 >= 0.0001
Iteration 205 (max 500)
   eps = 0.000605 >= 0.0001
Iteration 206 (max 500)
   eps = 0.000589 >= 0.0001
Iteration 207 (max 500)
   eps = 0.000572 >= 0.0001
Iteration 208 (max 500)
   eps = 0.000557 >= 0.0001
Iteration 209 (max 500)
   eps = 0.00054 >= 0.0001
Iteration 210 (max 500)
   eps = 0.000525 >= 0.0001
Iteration 211 (max 500)
   eps = 0.00051 >= 0.0001
Iteration 212 (max 500)
   eps = 0.000497 >= 0.0001
Iteration 213 (max 500)
   eps = 0.000484 >= 0.0001
Iteration 214 (max 500)
   eps = 0.00047 >= 0.0001
Iteration 215 (max 500)
   eps = 0.000456 >= 0.0001
Iteration 216 (max 500)
   eps = 0.000442 >= 0.0001
Iteration 217 (max 500)
   eps = 0.000431 >= 0.0001
Iteration 218 (max 500)
   eps = 0.000419 >= 0.0001
Iteration 219 (max 500)
   eps = 0.000409 >= 0.0001
Iteration 220 (max 500)
   eps = 0.000396 >= 0.0001
Iteration 221 (max 500)
   eps = 0.000385 >= 0.0001
Iteration 222 (max 500)
   eps = 0.000376 >= 0.0001
Iteration 223 (max 500)
   eps = 0.000369 >= 0.0001
Iteration 224 (max 500)
   eps = 0.00036 >= 0.0001
Iteration 225 (max 500)
   eps = 0.000348 >= 0.0001
Iteration 226 (max 500)
   eps = 0.000338 >= 0.0001
Iteration 227 (max 500)
   eps = 0.000329 >= 0.0001
Iteration 228 (max 500)
   eps = 0.000319 >= 0.0001
Iteration 229 (max 500)
   eps = 0.000309 >= 0.0001
Iteration 230 (max 500)
   eps = 0.0003 >= 0.0001
Iteration 231 (max 500)
   eps = 0.000292 >= 0.0001
Iteration 232 (max 500)
   eps = 0.000284 >= 0.0001
Iteration 233 (max 500)
   eps = 0.000277 >= 0.0001
Iteration 234 (max 500)
   eps = 0.000269 >= 0.0001
Iteration 235 (max 500)
   eps = 0.000261 >= 0.0001
Iteration 236 (max 500)
   eps = 0.000253 >= 0.0001
Iteration 237 (max 500)
   eps = 0.000245 >= 0.0001
Iteration 238 (max 500)
   eps = 0.000238 >= 0.0001
Iteration 239 (max 500)
   eps = 0.000231 >= 0.0001
Iteration 240 (max 500)
   eps = 0.000226 >= 0.0001
Iteration 241 (max 500)
   eps = 0.000219 >= 0.0001
Iteration 242 (max 500)
   eps = 0.000213 >= 0.0001
Iteration 243 (max 500)
   eps = 0.000208 >= 0.0001
Iteration 244 (max 500)
   eps = 0.000202 >= 0.0001
Iteration 245 (max 500)
   eps = 0.000197 >= 0.0001
Iteration 246 (max 500)
   eps = 0.000191 >= 0.0001
Iteration 247 (max 500)
   eps = 0.000186 >= 0.0001
Iteration 248 (max 500)
   eps = 0.00018 >= 0.0001
Iteration 249 (max 500)
   eps = 0.000175 >= 0.0001
Iteration 250 (max 500)
   eps = 0.000169 >= 0.0001
Iteration 251 (max 500)
   eps = 0.000164 >= 0.0001
Iteration 252 (max 500)
   eps = 0.000159 >= 0.0001
Iteration 253 (max 500)
   eps = 0.000154 >= 0.0001
Iteration 254 (max 500)
   eps = 0.00015 >= 0.0001
Iteration 255 (max 500)
   eps = 0.000146 >= 0.0001
Iteration 256 (max 500)
   eps = 0.000142 >= 0.0001
Iteration 257 (max 500)
   eps = 0.000139 >= 0.0001
Iteration 258 (max 500)
   eps = 0.000135 >= 0.0001
Iteration 259 (max 500)
   eps = 0.000132 >= 0.0001
Iteration 260 (max 500)
   eps = 0.000128 >= 0.0001
Iteration 261 (max 500)
   eps = 0.000124 >= 0.0001
Iteration 262 (max 500)
   eps = 0.000121 >= 0.0001
Iteration 263 (max 500)
   eps = 0.000117 >= 0.0001
Iteration 264 (max 500)
   eps = 0.000114 >= 0.0001
Iteration 265 (max 500)
   eps = 0.00011 >= 0.0001
Iteration 266 (max 500)
   eps = 0.000107 >= 0.0001
Iteration 267 (max 500)
   eps = 0.000104 >= 0.0001
Iteration 268 (max 500)
   eps = 0.000101 >= 0.0001
Iteration 269 (max 500)
Time spent by the wind speed solver: 21.351600646972656 s
Rotates geometries from -45.0 degrees
Interp succeeded!!! for tmp_file
Interp succeeded!!! for tmp_file
Interp succeeded!!! for tmp_file
Interp succeeded!!! for tmp_file
Interp succeeded!!! for tmp_file
Interp succeeded!!! for tmp_file
Process 3995979: Successfully ran URock for tile output 'wind_field_raw_tile_34'.
Process 3995979: Elapsed time for URock ('wind_field_raw_tile_34'): 81.14 seconds.
[Master] Process 3995979 - Tile 34: Finished processing.
[Master] 3995979: exit signal
Info: Debuffered '/storage/project/r-rbasu31-0/hyu483/Test_UMEP/UROCK_output_35_spawn/temp_intermediate_files/tile_34_urock_raw_outputs/z1_5/wind_field_raw_tile_34WS.tif' to '/storage/project/r-rbasu31-0/hyu483/Test_UMEP/UROCK_output_35_spawn/urock_tiled_output/urock_wind_field_tile_34WS.tif' (original extent: (234582.59099838723, 902532.4833440109, 234642.58635222574, 902732.4833440109)).
Connecting to database
	->/tmp/URock_2025-12-21T180844e6c45270-de52-4117-98df-25d79551e341/myDbH2
/storage/home/hcoda1/4/hyu483/qgis_332/profiles/default/python/plugins/processing_umep/functions/URock/h2gis-standalone/h2gis-dist-2.2.3.jar
Connected!

Spatial functions added!

Load input data
Load table 'build_pre_srid_20251221180912'
Load table 'veg_pre_srid_20251221180912'
Creates blocks and stacked blocks
Rotates geometries from 45.0 degrees
Identify block base height and block cavity base
Calculates obstacle properties
Calculates zone properties
Initializes upwind facades
Update upwind facades base height
Initializes downwind facades
Calculates study area properties
Roughness zone properties are:

                                 - z0: 1.7258415259345148
                                 - d: 8.097877953012608
                                 - Hr: 11.505610172896766
                                 - H_ob_max: 56
                                 - lambda_f: 0.1609141369978687
Rotates geometries from -45.0 degrees
Rotates geometries from -45.0 degrees
Rotates geometries from -45.0 degrees
Creates displacement zones
Rotates geometries from -45.0 degrees
Rotates geometries from -45.0 degrees
Creates cavity and wake zones
Rotates geometries from -45.0 degrees
Rotates geometries from -45.0 degrees
Creates street canyon zones
Rotates geometries from -45.0 degrees
Creates rooftop zones (perpendicular and corner)
Rotates geometries from -45.0 degrees
Rotates geometries from -45.0 degrees
Creates built-up and open vegetation zones
Rotates geometries from -45.0 degrees
Rotates geometries from -45.0 degrees
Identify the buildings concerned by the impacted zone chosen by the user
Creates the grid of points
Affects each grid point to a building Rockle zone and calculates needed 
          variables for 3D wind speed
Affects each grid point to a vegetation Rockle zone and calculates 
          needed variables for 3D wind speed
Remove some of the Röckle zone points
Creates backward zones
Calculates the 3D wind speed factor value for each point of each BUILDING zone
Rotates geometries from -45.0 degrees
Rotates geometries from -45.0 degrees
Rotates geometries from -45.0 degrees
Rotates geometries from -45.0 degrees
Rotates geometries from -45.0 degrees
Rotates geometries from -45.0 degrees
Rotates geometries from -45.0 degrees
Rotates geometries from -45.0 degrees
Rotates geometries from -45.0 degrees
Calculates the 3D wind speed factor value for each point of each VEGETATION zone
Rotates geometries from -45.0 degrees
Deals with superimposition (keeps only 1 value per 3D point)
Deals with superimposition (keeps only 1 value per 3D point)
Identify upstreamer points in TEMPO_WEIGHTING table
Identify upstreamer points in TEMPO_PRIORITIES table
Identify upstreamer points in TEMPO_PRIORITIES_WEIGHT table
Deals with superimposition (keeps only 1 value per 3D point)
Identify upstreamer points in TEMPO_WEIGHTING table
Identify upstreamer points in TEMPO_PRIORITIES table
Identify upstreamer points in TEMPO_PRIORITIES_WEIGHT table
Rotates geometries from -45.0 degrees
Identify grid points intersecting buildings
Set the initial 3D wind speed field
Time spent for wind speed initialization: 214.56917262077332 s
Shape: (256, 306, 28) - Nb cells: 2193408
Start to apply the wind solver
Iteration 1 (max 500)
   eps = 0.605524 >= 0.0001
Iteration 2 (max 500)
   eps = 0.418515 >= 0.0001
Iteration 3 (max 500)
   eps = 0.334931 >= 0.0001
Iteration 4 (max 500)
   eps = 0.276596 >= 0.0001
Iteration 5 (max 500)
   eps = 0.233341 >= 0.0001
Iteration 6 (max 500)
   eps = 0.200257 >= 0.0001
Iteration 7 (max 500)
   eps = 0.17389 >= 0.0001
Iteration 8 (max 500)
   eps = 0.153159 >= 0.0001
Iteration 9 (max 500)
   eps = 0.135917 >= 0.0001
Iteration 10 (max 500)
   eps = 0.12285 >= 0.0001
Iteration 11 (max 500)
   eps = 0.113026 >= 0.0001
Iteration 12 (max 500)
   eps = 0.105281 >= 0.0001
Iteration 13 (max 500)
   eps = 0.098552 >= 0.0001
Iteration 14 (max 500)
   eps = 0.092604 >= 0.0001
Iteration 15 (max 500)
   eps = 0.087661 >= 0.0001
Iteration 16 (max 500)
   eps = 0.083535 >= 0.0001
Iteration 17 (max 500)
   eps = 0.07985 >= 0.0001
Iteration 18 (max 500)
   eps = 0.076451 >= 0.0001
Iteration 19 (max 500)
   eps = 0.073204 >= 0.0001
Iteration 20 (max 500)
   eps = 0.07009 >= 0.0001
Iteration 21 (max 500)
   eps = 0.067499 >= 0.0001
Iteration 22 (max 500)
   eps = 0.064935 >= 0.0001
Iteration 23 (max 500)
   eps = 0.062687 >= 0.0001
Iteration 24 (max 500)
   eps = 0.060946 >= 0.0001
Iteration 25 (max 500)
   eps = 0.058801 >= 0.0001
Iteration 26 (max 500)
   eps = 0.066869 >= 0.0001
Iteration 27 (max 500)
   eps = 0.060461 >= 0.0001
Iteration 28 (max 500)
   eps = 0.055738 >= 0.0001
Iteration 29 (max 500)
   eps = 0.053906 >= 0.0001
Iteration 30 (max 500)
   eps = 0.052679 >= 0.0001
Iteration 31 (max 500)
   eps = 0.051727 >= 0.0001
Iteration 32 (max 500)
   eps = 0.050941 >= 0.0001
Iteration 33 (max 500)
   eps = 0.050063 >= 0.0001
Iteration 34 (max 500)
   eps = 0.048889 >= 0.0001
Iteration 35 (max 500)
   eps = 0.047888 >= 0.0001
Iteration 36 (max 500)
   eps = 0.047008 >= 0.0001
Iteration 37 (max 500)
   eps = 0.046143 >= 0.0001
Iteration 38 (max 500)
   eps = 0.045428 >= 0.0001
Iteration 39 (max 500)
   eps = 0.04465 >= 0.0001
Iteration 40 (max 500)
   eps = 0.043867 >= 0.0001
Iteration 41 (max 500)
   eps = 0.043107 >= 0.0001
Iteration 42 (max 500)
   eps = 0.042434 >= 0.0001
Iteration 43 (max 500)
   eps = 0.041877 >= 0.0001
Iteration 44 (max 500)
   eps = 0.041294 >= 0.0001
Iteration 45 (max 500)
   eps = 0.04075 >= 0.0001
Iteration 46 (max 500)
   eps = 0.040255 >= 0.0001
Iteration 47 (max 500)
   eps = 0.039732 >= 0.0001
Iteration 48 (max 500)
   eps = 0.039164 >= 0.0001
Iteration 49 (max 500)
   eps = 0.038586 >= 0.0001
Iteration 50 (max 500)
   eps = 0.038005 >= 0.0001
Iteration 51 (max 500)
   eps = 0.037425 >= 0.0001
Iteration 52 (max 500)
   eps = 0.037143 >= 0.0001
Iteration 53 (max 500)
   eps = 0.036422 >= 0.0001
Iteration 54 (max 500)
   eps = 0.035864 >= 0.0001
Iteration 55 (max 500)
   eps = 0.03538 >= 0.0001
Iteration 56 (max 500)
   eps = 0.034928 >= 0.0001
Iteration 57 (max 500)
   eps = 0.034457 >= 0.0001
Iteration 58 (max 500)
   eps = 0.033891 >= 0.0001
Iteration 59 (max 500)
   eps = 0.033287 >= 0.0001
Iteration 60 (max 500)
   eps = 0.032742 >= 0.0001
Iteration 61 (max 500)
   eps = 0.032271 >= 0.0001
Iteration 62 (max 500)
   eps = 0.031822 >= 0.0001
Iteration 63 (max 500)
   eps = 0.031323 >= 0.0001
Iteration 64 (max 500)
   eps = 0.0308 >= 0.0001
Iteration 65 (max 500)
   eps = 0.030324 >= 0.0001
Iteration 66 (max 500)
   eps = 0.029875 >= 0.0001
Iteration 67 (max 500)
   eps = 0.02941 >= 0.0001
Iteration 68 (max 500)
   eps = 0.028978 >= 0.0001
Iteration 69 (max 500)
   eps = 0.028519 >= 0.0001
Iteration 70 (max 500)
   eps = 0.028002 >= 0.0001
Iteration 71 (max 500)
   eps = 0.027475 >= 0.0001
Iteration 72 (max 500)
   eps = 0.026966 >= 0.0001
Iteration 73 (max 500)
   eps = 0.026514 >= 0.0001
Iteration 74 (max 500)
   eps = 0.026075 >= 0.0001
Iteration 75 (max 500)
   eps = 0.025623 >= 0.0001
Iteration 76 (max 500)
   eps = 0.025203 >= 0.0001
Iteration 77 (max 500)
   eps = 0.024806 >= 0.0001
Iteration 78 (max 500)
   eps = 0.024369 >= 0.0001
Iteration 79 (max 500)
   eps = 0.023953 >= 0.0001
Iteration 80 (max 500)
   eps = 0.023513 >= 0.0001
Iteration 81 (max 500)
   eps = 0.023102 >= 0.0001
Iteration 82 (max 500)
   eps = 0.022688 >= 0.0001
Iteration 83 (max 500)
   eps = 0.022301 >= 0.0001
Iteration 84 (max 500)
   eps = 0.02191 >= 0.0001
Iteration 85 (max 500)
   eps = 0.021519 >= 0.0001
Iteration 86 (max 500)
   eps = 0.021159 >= 0.0001
Iteration 87 (max 500)
   eps = 0.020799 >= 0.0001
Iteration 88 (max 500)
   eps = 0.020448 >= 0.0001
Iteration 89 (max 500)
   eps = 0.020115 >= 0.0001
Iteration 90 (max 500)
   eps = 0.019767 >= 0.0001
Iteration 91 (max 500)
   eps = 0.019379 >= 0.0001
Iteration 92 (max 500)
   eps = 0.018991 >= 0.0001
Iteration 93 (max 500)
   eps = 0.018665 >= 0.0001
Iteration 94 (max 500)
   eps = 0.018334 >= 0.0001
Iteration 95 (max 500)
   eps = 0.017984 >= 0.0001
Iteration 96 (max 500)
   eps = 0.017672 >= 0.0001
Iteration 97 (max 500)
   eps = 0.017378 >= 0.0001
Iteration 98 (max 500)
   eps = 0.017084 >= 0.0001
Iteration 99 (max 500)
   eps = 0.016806 >= 0.0001
Iteration 100 (max 500)
   eps = 0.016533 >= 0.0001
Iteration 101 (max 500)
   eps = 0.016272 >= 0.0001
Iteration 102 (max 500)
   eps = 0.015982 >= 0.0001
Iteration 103 (max 500)
   eps = 0.015707 >= 0.0001
Iteration 104 (max 500)
   eps = 0.015435 >= 0.0001
Iteration 105 (max 500)
   eps = 0.015168 >= 0.0001
Iteration 106 (max 500)
   eps = 0.014914 >= 0.0001
Iteration 107 (max 500)
   eps = 0.014644 >= 0.0001
Iteration 108 (max 500)
   eps = 0.014389 >= 0.0001
Iteration 109 (max 500)
   eps = 0.014136 >= 0.0001
Iteration 110 (max 500)
   eps = 0.013889 >= 0.0001
Iteration 111 (max 500)
   eps = 0.013637 >= 0.0001
Iteration 112 (max 500)
   eps = 0.01342 >= 0.0001
Iteration 113 (max 500)
   eps = 0.013196 >= 0.0001
Iteration 114 (max 500)
   eps = 0.012966 >= 0.0001
Iteration 115 (max 500)
   eps = 0.012756 >= 0.0001
Iteration 116 (max 500)
   eps = 0.01253 >= 0.0001
Iteration 117 (max 500)
   eps = 0.012289 >= 0.0001
Iteration 118 (max 500)
   eps = 0.012093 >= 0.0001
Iteration 119 (max 500)
   eps = 0.011876 >= 0.0001
Iteration 120 (max 500)
   eps = 0.011698 >= 0.0001
Iteration 121 (max 500)
   eps = 0.011499 >= 0.0001
Iteration 122 (max 500)
   eps = 0.011304 >= 0.0001
Iteration 123 (max 500)
   eps = 0.011136 >= 0.0001
Iteration 124 (max 500)
   eps = 0.010956 >= 0.0001
Iteration 125 (max 500)
   eps = 0.010808 >= 0.0001
Iteration 126 (max 500)
   eps = 0.010648 >= 0.0001
Iteration 127 (max 500)
   eps = 0.010487 >= 0.0001
Iteration 128 (max 500)
   eps = 0.010314 >= 0.0001
Iteration 129 (max 500)
   eps = 0.010173 >= 0.0001
Iteration 130 (max 500)
   eps = 0.009989 >= 0.0001
Iteration 131 (max 500)
   eps = 0.009833 >= 0.0001
Iteration 132 (max 500)
   eps = 0.009658 >= 0.0001
Iteration 133 (max 500)
   eps = 0.009494 >= 0.0001
Iteration 134 (max 500)
   eps = 0.009334 >= 0.0001
Iteration 135 (max 500)
   eps = 0.009196 >= 0.0001
Iteration 136 (max 500)
   eps = 0.009053 >= 0.0001
Iteration 137 (max 500)
   eps = 0.008909 >= 0.0001
Iteration 138 (max 500)
   eps = 0.008737 >= 0.0001
Iteration 139 (max 500)
   eps = 0.008573 >= 0.0001
Iteration 140 (max 500)
   eps = 0.008448 >= 0.0001
Iteration 141 (max 500)
   eps = 0.008305 >= 0.0001
Iteration 142 (max 500)
   eps = 0.008172 >= 0.0001
Iteration 143 (max 500)
   eps = 0.008031 >= 0.0001
Iteration 144 (max 500)
   eps = 0.007886 >= 0.0001
Iteration 145 (max 500)
   eps = 0.007744 >= 0.0001
Iteration 146 (max 500)
   eps = 0.00762 >= 0.0001
Iteration 147 (max 500)
   eps = 0.007499 >= 0.0001
Iteration 148 (max 500)
   eps = 0.007381 >= 0.0001
Iteration 149 (max 500)
   eps = 0.007282 >= 0.0001
Iteration 150 (max 500)
   eps = 0.00718 >= 0.0001
Iteration 151 (max 500)
   eps = 0.007058 >= 0.0001
Iteration 152 (max 500)
   eps = 0.006943 >= 0.0001
Iteration 153 (max 500)
   eps = 0.006826 >= 0.0001
Iteration 154 (max 500)
   eps = 0.006706 >= 0.0001
Iteration 155 (max 500)
   eps = 0.006598 >= 0.0001
Iteration 156 (max 500)
   eps = 0.00649 >= 0.0001
Iteration 157 (max 500)
   eps = 0.006378 >= 0.0001
Iteration 158 (max 500)
   eps = 0.00626 >= 0.0001
Iteration 159 (max 500)
   eps = 0.006138 >= 0.0001
Iteration 160 (max 500)
   eps = 0.00602 >= 0.0001
Iteration 161 (max 500)
   eps = 0.005906 >= 0.0001
Iteration 162 (max 500)
   eps = 0.005799 >= 0.0001
Iteration 163 (max 500)
   eps = 0.005705 >= 0.0001
Iteration 164 (max 500)
   eps = 0.005614 >= 0.0001
Iteration 165 (max 500)
   eps = 0.005541 >= 0.0001
Iteration 166 (max 500)
   eps = 0.005475 >= 0.0001
Iteration 167 (max 500)
   eps = 0.005405 >= 0.0001
Iteration 168 (max 500)
   eps = 0.005329 >= 0.0001
Iteration 169 (max 500)
   eps = 0.005249 >= 0.0001
Iteration 170 (max 500)
   eps = 0.005158 >= 0.0001
Iteration 171 (max 500)
   eps = 0.005062 >= 0.0001
Iteration 172 (max 500)
   eps = 0.004965 >= 0.0001
Iteration 173 (max 500)
   eps = 0.004869 >= 0.0001
Iteration 174 (max 500)
   eps = 0.004773 >= 0.0001
Iteration 175 (max 500)
   eps = 0.004681 >= 0.0001
Iteration 176 (max 500)
   eps = 0.004591 >= 0.0001
Iteration 177 (max 500)
   eps = 0.004508 >= 0.0001
Iteration 178 (max 500)
   eps = 0.004434 >= 0.0001
Iteration 179 (max 500)
   eps = 0.004361 >= 0.0001
Iteration 180 (max 500)
   eps = 0.004286 >= 0.0001
Iteration 181 (max 500)
   eps = 0.004203 >= 0.0001
Iteration 182 (max 500)
   eps = 0.004131 >= 0.0001
Iteration 183 (max 500)
   eps = 0.004051 >= 0.0001
Iteration 184 (max 500)
   eps = 0.003979 >= 0.0001
Iteration 185 (max 500)
   eps = 0.003918 >= 0.0001
Iteration 186 (max 500)
   eps = 0.003848 >= 0.0001
Iteration 187 (max 500)
   eps = 0.003776 >= 0.0001
Iteration 188 (max 500)
   eps = 0.003711 >= 0.0001
Iteration 189 (max 500)
   eps = 0.003651 >= 0.0001
Iteration 190 (max 500)
   eps = 0.003592 >= 0.0001
Iteration 191 (max 500)
   eps = 0.003537 >= 0.0001
Iteration 192 (max 500)
   eps = 0.00349 >= 0.0001
Iteration 193 (max 500)
   eps = 0.003429 >= 0.0001
Iteration 194 (max 500)
   eps = 0.00338 >= 0.0001
Iteration 195 (max 500)
   eps = 0.003317 >= 0.0001
Iteration 196 (max 500)
   eps = 0.003248 >= 0.0001
Iteration 197 (max 500)
   eps = 0.003181 >= 0.0001
Iteration 198 (max 500)
   eps = 0.003125 >= 0.0001
Iteration 199 (max 500)
   eps = 0.003066 >= 0.0001
Iteration 200 (max 500)
   eps = 0.003015 >= 0.0001
Iteration 201 (max 500)
   eps = 0.002955 >= 0.0001
Iteration 202 (max 500)
   eps = 0.002897 >= 0.0001
Iteration 203 (max 500)
   eps = 0.002841 >= 0.0001
Iteration 204 (max 500)
   eps = 0.002786 >= 0.0001
Iteration 205 (max 500)
   eps = 0.002731 >= 0.0001
Iteration 206 (max 500)
   eps = 0.002683 >= 0.0001
Iteration 207 (max 500)
   eps = 0.002633 >= 0.0001
Iteration 208 (max 500)
   eps = 0.002592 >= 0.0001
Iteration 209 (max 500)
   eps = 0.002554 >= 0.0001
Iteration 210 (max 500)
   eps = 0.002504 >= 0.0001
Iteration 211 (max 500)
   eps = 0.00246 >= 0.0001
Iteration 212 (max 500)
   eps = 0.002418 >= 0.0001
Iteration 213 (max 500)
   eps = 0.002368 >= 0.0001
Iteration 214 (max 500)
   eps = 0.002318 >= 0.0001
Iteration 215 (max 500)
   eps = 0.002281 >= 0.0001
Iteration 216 (max 500)
   eps = 0.002243 >= 0.0001
Iteration 217 (max 500)
   eps = 0.002205 >= 0.0001
Iteration 218 (max 500)
   eps = 0.002166 >= 0.0001
Iteration 219 (max 500)
   eps = 0.002134 >= 0.0001
Iteration 220 (max 500)
   eps = 0.002104 >= 0.0001
Iteration 221 (max 500)
   eps = 0.002065 >= 0.0001
Iteration 222 (max 500)
   eps = 0.002028 >= 0.0001
Iteration 223 (max 500)
   eps = 0.001996 >= 0.0001
Iteration 224 (max 500)
   eps = 0.001957 >= 0.0001
Iteration 225 (max 500)
   eps = 0.001923 >= 0.0001
Iteration 226 (max 500)
   eps = 0.001889 >= 0.0001
Iteration 227 (max 500)
   eps = 0.001858 >= 0.0001
Iteration 228 (max 500)
   eps = 0.001827 >= 0.0001
Iteration 229 (max 500)
   eps = 0.001791 >= 0.0001
Iteration 230 (max 500)
   eps = 0.001755 >= 0.0001
Iteration 231 (max 500)
   eps = 0.001722 >= 0.0001
Iteration 232 (max 500)
   eps = 0.00169 >= 0.0001
Iteration 233 (max 500)
   eps = 0.00166 >= 0.0001
Iteration 234 (max 500)
   eps = 0.00163 >= 0.0001
Iteration 235 (max 500)
   eps = 0.001602 >= 0.0001
Iteration 236 (max 500)
   eps = 0.001574 >= 0.0001
Iteration 237 (max 500)
   eps = 0.001549 >= 0.0001
Iteration 238 (max 500)
   eps = 0.001526 >= 0.0001
Iteration 239 (max 500)
   eps = 0.001496 >= 0.0001
Iteration 240 (max 500)
   eps = 0.001468 >= 0.0001
Iteration 241 (max 500)
   eps = 0.001444 >= 0.0001
Iteration 242 (max 500)
   eps = 0.00142 >= 0.0001
Iteration 243 (max 500)
   eps = 0.001393 >= 0.0001
Iteration 244 (max 500)
   eps = 0.001367 >= 0.0001
Iteration 245 (max 500)
   eps = 0.001341 >= 0.0001
Iteration 246 (max 500)
   eps = 0.001316 >= 0.0001
Iteration 247 (max 500)
   eps = 0.001289 >= 0.0001
Iteration 248 (max 500)
   eps = 0.001262 >= 0.0001
Iteration 249 (max 500)
   eps = 0.001238 >= 0.0001
Iteration 250 (max 500)
   eps = 0.001212 >= 0.0001
Iteration 251 (max 500)
   eps = 0.001191 >= 0.0001
Iteration 252 (max 500)
   eps = 0.001167 >= 0.0001
Iteration 253 (max 500)
   eps = 0.001144 >= 0.0001
Iteration 254 (max 500)
   eps = 0.001127 >= 0.0001
Iteration 255 (max 500)
   eps = 0.00111 >= 0.0001
Iteration 256 (max 500)
   eps = 0.001092 >= 0.0001
Iteration 257 (max 500)
   eps = 0.001072 >= 0.0001
Iteration 258 (max 500)
   eps = 0.001052 >= 0.0001
Iteration 259 (max 500)
   eps = 0.001034 >= 0.0001
Iteration 260 (max 500)
   eps = 0.001016 >= 0.0001
Iteration 261 (max 500)
   eps = 0.000998 >= 0.0001
Iteration 262 (max 500)
   eps = 0.000979 >= 0.0001
Iteration 263 (max 500)
   eps = 0.000961 >= 0.0001
Iteration 264 (max 500)
   eps = 0.000944 >= 0.0001
Iteration 265 (max 500)
   eps = 0.000927 >= 0.0001
Iteration 266 (max 500)
   eps = 0.000909 >= 0.0001
Iteration 267 (max 500)
   eps = 0.000892 >= 0.0001
Iteration 268 (max 500)
   eps = 0.000877 >= 0.0001
Iteration 269 (max 500)
   eps = 0.000862 >= 0.0001
Iteration 270 (max 500)
   eps = 0.000848 >= 0.0001
Iteration 271 (max 500)
   eps = 0.000833 >= 0.0001
Iteration 272 (max 500)
   eps = 0.00082 >= 0.0001
Iteration 273 (max 500)
   eps = 0.000805 >= 0.0001
Iteration 274 (max 500)
   eps = 0.00079 >= 0.0001
Iteration 275 (max 500)
   eps = 0.000775 >= 0.0001
Iteration 276 (max 500)
   eps = 0.00076 >= 0.0001
Iteration 277 (max 500)
   eps = 0.000747 >= 0.0001
Iteration 278 (max 500)
   eps = 0.000733 >= 0.0001
Iteration 279 (max 500)
   eps = 0.000719 >= 0.0001
Iteration 280 (max 500)
   eps = 0.000705 >= 0.0001
Iteration 281 (max 500)
   eps = 0.000692 >= 0.0001
Iteration 282 (max 500)
   eps = 0.000679 >= 0.0001
Iteration 283 (max 500)
   eps = 0.000667 >= 0.0001
Iteration 284 (max 500)
   eps = 0.000655 >= 0.0001
Iteration 285 (max 500)
   eps = 0.000643 >= 0.0001
Iteration 286 (max 500)
   eps = 0.000632 >= 0.0001
Iteration 287 (max 500)
   eps = 0.000621 >= 0.0001
Iteration 288 (max 500)
   eps = 0.000611 >= 0.0001
Iteration 289 (max 500)
   eps = 0.0006 >= 0.0001
Iteration 290 (max 500)
   eps = 0.000589 >= 0.0001
Iteration 291 (max 500)
   eps = 0.000577 >= 0.0001
Iteration 292 (max 500)
   eps = 0.000566 >= 0.0001
Iteration 293 (max 500)
   eps = 0.000555 >= 0.0001
Iteration 294 (max 500)
   eps = 0.000545 >= 0.0001
Iteration 295 (max 500)
   eps = 0.000535 >= 0.0001
Iteration 296 (max 500)
   eps = 0.000525 >= 0.0001
Iteration 297 (max 500)
   eps = 0.000515 >= 0.0001
Iteration 298 (max 500)
   eps = 0.000507 >= 0.0001
Iteration 299 (max 500)
   eps = 0.000498 >= 0.0001
Iteration 300 (max 500)
   eps = 0.00049 >= 0.0001
Iteration 301 (max 500)
   eps = 0.000481 >= 0.0001
Iteration 302 (max 500)
   eps = 0.000472 >= 0.0001
Iteration 303 (max 500)
   eps = 0.000464 >= 0.0001
Iteration 304 (max 500)
   eps = 0.000455 >= 0.0001
Iteration 305 (max 500)
   eps = 0.000446 >= 0.0001
Iteration 306 (max 500)
   eps = 0.000438 >= 0.0001
Iteration 307 (max 500)
   eps = 0.00043 >= 0.0001
Iteration 308 (max 500)
   eps = 0.000423 >= 0.0001
Iteration 309 (max 500)
   eps = 0.000415 >= 0.0001
Iteration 310 (max 500)
   eps = 0.000408 >= 0.0001
Iteration 311 (max 500)
   eps = 0.0004 >= 0.0001
Iteration 312 (max 500)
   eps = 0.000393 >= 0.0001
Iteration 313 (max 500)
   eps = 0.000385 >= 0.0001
Iteration 314 (max 500)
   eps = 0.000377 >= 0.0001
Iteration 315 (max 500)
   eps = 0.00037 >= 0.0001
Iteration 316 (max 500)
   eps = 0.000363 >= 0.0001
Iteration 317 (max 500)
   eps = 0.000356 >= 0.0001
Iteration 318 (max 500)
   eps = 0.00035 >= 0.0001
Iteration 319 (max 500)
   eps = 0.000344 >= 0.0001
Iteration 320 (max 500)
   eps = 0.000338 >= 0.0001
Iteration 321 (max 500)
   eps = 0.000332 >= 0.0001
Iteration 322 (max 500)
   eps = 0.000326 >= 0.0001
Iteration 323 (max 500)
   eps = 0.00032 >= 0.0001
Iteration 324 (max 500)
   eps = 0.000315 >= 0.0001
Iteration 325 (max 500)
   eps = 0.00031 >= 0.0001
Iteration 326 (max 500)
   eps = 0.000305 >= 0.0001
Iteration 327 (max 500)
   eps = 0.000299 >= 0.0001
Iteration 328 (max 500)
   eps = 0.000293 >= 0.0001
Iteration 329 (max 500)
   eps = 0.000287 >= 0.0001
Iteration 330 (max 500)
   eps = 0.000281 >= 0.0001
Iteration 331 (max 500)
   eps = 0.000276 >= 0.0001
Iteration 332 (max 500)
   eps = 0.00027 >= 0.0001
Iteration 333 (max 500)
   eps = 0.000266 >= 0.0001
Iteration 334 (max 500)
   eps = 0.000261 >= 0.0001
Iteration 335 (max 500)
   eps = 0.000256 >= 0.0001
Iteration 336 (max 500)
   eps = 0.000252 >= 0.0001
Iteration 337 (max 500)
   eps = 0.000247 >= 0.0001
Iteration 338 (max 500)
   eps = 0.000243 >= 0.0001
Iteration 339 (max 500)
   eps = 0.000238 >= 0.0001
Iteration 340 (max 500)
   eps = 0.000234 >= 0.0001
Iteration 341 (max 500)
   eps = 0.00023 >= 0.0001
Iteration 342 (max 500)
   eps = 0.000226 >= 0.0001
Iteration 343 (max 500)
   eps = 0.000221 >= 0.0001
Iteration 344 (max 500)
   eps = 0.000217 >= 0.0001
Iteration 345 (max 500)
   eps = 0.000213 >= 0.0001
Iteration 346 (max 500)
   eps = 0.000209 >= 0.0001
Iteration 347 (max 500)
   eps = 0.000205 >= 0.0001
Iteration 348 (max 500)
   eps = 0.000201 >= 0.0001
Iteration 349 (max 500)
   eps = 0.000197 >= 0.0001
Iteration 350 (max 500)
   eps = 0.000193 >= 0.0001
Iteration 351 (max 500)
   eps = 0.00019 >= 0.0001
Iteration 352 (max 500)
   eps = 0.000187 >= 0.0001
Iteration 353 (max 500)
   eps = 0.000183 >= 0.0001
Iteration 354 (max 500)
   eps = 0.00018 >= 0.0001
Iteration 355 (max 500)
   eps = 0.000176 >= 0.0001
Iteration 356 (max 500)
   eps = 0.000173 >= 0.0001
Iteration 357 (max 500)
   eps = 0.00017 >= 0.0001
Iteration 358 (max 500)
   eps = 0.000167 >= 0.0001
Iteration 359 (max 500)
   eps = 0.000165 >= 0.0001
Iteration 360 (max 500)
   eps = 0.000162 >= 0.0001
Iteration 361 (max 500)
   eps = 0.000158 >= 0.0001
Iteration 362 (max 500)
   eps = 0.000155 >= 0.0001
Iteration 363 (max 500)
   eps = 0.000152 >= 0.0001
Iteration 364 (max 500)
   eps = 0.000149 >= 0.0001
Iteration 365 (max 500)
   eps = 0.000145 >= 0.0001
Iteration 366 (max 500)
   eps = 0.000142 >= 0.0001
Iteration 367 (max 500)
   eps = 0.00014 >= 0.0001
Iteration 368 (max 500)
   eps = 0.000137 >= 0.0001
Iteration 369 (max 500)
   eps = 0.000134 >= 0.0001
Iteration 370 (max 500)
   eps = 0.000132 >= 0.0001
Iteration 371 (max 500)
   eps = 0.000129 >= 0.0001
Iteration 372 (max 500)
   eps = 0.000127 >= 0.0001
Iteration 373 (max 500)
   eps = 0.000124 >= 0.0001
Iteration 374 (max 500)
   eps = 0.000122 >= 0.0001
Iteration 375 (max 500)
   eps = 0.00012 >= 0.0001
Iteration 376 (max 500)
   eps = 0.000117 >= 0.0001
Iteration 377 (max 500)
   eps = 0.000115 >= 0.0001
Iteration 378 (max 500)
   eps = 0.000114 >= 0.0001
Iteration 379 (max 500)
   eps = 0.000112 >= 0.0001
Iteration 380 (max 500)
   eps = 0.00011 >= 0.0001
Iteration 381 (max 500)
   eps = 0.000108 >= 0.0001
Iteration 382 (max 500)
   eps = 0.000106 >= 0.0001
Iteration 383 (max 500)
   eps = 0.000103 >= 0.0001
Iteration 384 (max 500)
   eps = 0.000101 >= 0.0001
Iteration 385 (max 500)
Time spent by the wind speed solver: 105.61049628257751 s
Rotates geometries from -45.0 degrees
Interp succeeded!!! for tmp_file
Interp succeeded!!! for tmp_file
Interp succeeded!!! for tmp_file
Interp succeeded!!! for tmp_file
Interp succeeded!!! for tmp_file
Interp succeeded!!! for tmp_file
Process 3995996: Successfully ran URock for tile output 'wind_field_raw_tile_10'.
Process 3995996: Elapsed time for URock ('wind_field_raw_tile_10'): 464.05 seconds.
[Master] Process 3995996 - Tile 10: Finished processing.
[Master] 3995996: exit signal
Info: Debuffered '/storage/project/r-rbasu31-0/hyu483/Test_UMEP/UROCK_output_35_spawn/temp_intermediate_files/tile_10_urock_raw_outputs/z1_5/wind_field_raw_tile_10WS.tif' to '/storage/project/r-rbasu31-0/hyu483/Test_UMEP/UROCK_output_35_spawn/urock_tiled_output/urock_wind_field_tile_10WS.tif' (original extent: (233782.59099838723, 902532.4833440109, 233982.59099838723, 902732.4833440109)).
Connecting to database
	->/tmp/URock_2025-12-21T180840d431f19b-4e2c-4bb9-a95a-a6199b4e44a1/myDbH2
/storage/home/hcoda1/4/hyu483/qgis_332/profiles/default/python/plugins/processing_umep/functions/URock/h2gis-standalone/h2gis-dist-2.2.3.jar
Connected!

Spatial functions added!

Load input data
Load table 'build_pre_srid_20251221180853'
Load table 'veg_pre_srid_20251221180853'
Creates blocks and stacked blocks
Rotates geometries from 45.0 degrees
Identify block base height and block cavity base
Calculates obstacle properties
Calculates zone properties
Initializes upwind facades
Update upwind facades base height
Initializes downwind facades
Calculates study area properties
Roughness zone properties are:

                                 - z0: 1.5561653759632463
                                 - d: 7.188402269785733
                                 - Hr: 10.96405838409697
                                 - H_ob_max: 56
                                 - lambda_f: 0.14193333539890815
Rotates geometries from -45.0 degrees
Rotates geometries from -45.0 degrees
Rotates geometries from -45.0 degrees
Creates displacement zones
Rotates geometries from -45.0 degrees
Rotates geometries from -45.0 degrees
Creates cavity and wake zones
Rotates geometries from -45.0 degrees
Rotates geometries from -45.0 degrees
Creates street canyon zones
Rotates geometries from -45.0 degrees
Creates rooftop zones (perpendicular and corner)
Rotates geometries from -45.0 degrees
Rotates geometries from -45.0 degrees
Creates built-up and open vegetation zones
Rotates geometries from -45.0 degrees
Rotates geometries from -45.0 degrees
Identify the buildings concerned by the impacted zone chosen by the user
Creates the grid of points
Affects each grid point to a building Rockle zone and calculates needed 
          variables for 3D wind speed
Affects each grid point to a vegetation Rockle zone and calculates 
          needed variables for 3D wind speed
Remove some of the Röckle zone points
Creates backward zones
Calculates the 3D wind speed factor value for each point of each BUILDING zone
Rotates geometries from -45.0 degrees
Rotates geometries from -45.0 degrees
Rotates geometries from -45.0 degrees
Rotates geometries from -45.0 degrees
Rotates geometries from -45.0 degrees
Rotates geometries from -45.0 degrees
Rotates geometries from -45.0 degrees
Rotates geometries from -45.0 degrees
Rotates geometries from -45.0 degrees
Calculates the 3D wind speed factor value for each point of each VEGETATION zone
Rotates geometries from -45.0 degrees
Deals with superimposition (keeps only 1 value per 3D point)
Deals with superimposition (keeps only 1 value per 3D point)
Identify upstreamer points in TEMPO_WEIGHTING table
Identify upstreamer points in TEMPO_PRIORITIES table
Identify upstreamer points in TEMPO_PRIORITIES_WEIGHT table
Deals with superimposition (keeps only 1 value per 3D point)
Identify upstreamer points in TEMPO_WEIGHTING table
Identify upstreamer points in TEMPO_PRIORITIES table
Identify upstreamer points in TEMPO_PRIORITIES_WEIGHT table
Rotates geometries from -45.0 degrees
Identify grid points intersecting buildings
Set the initial 3D wind speed field
Time spent for wind speed initialization: 229.49611926078796 s
Shape: (271, 308, 28) - Nb cells: 2337104
Start to apply the wind solver
Iteration 1 (max 500)
   eps = 0.589527 >= 0.0001
Iteration 2 (max 500)
   eps = 0.409318 >= 0.0001
Iteration 3 (max 500)
   eps = 0.327736 >= 0.0001
Iteration 4 (max 500)
   eps = 0.272915 >= 0.0001
Iteration 5 (max 500)
   eps = 0.231301 >= 0.0001
Iteration 6 (max 500)
   eps = 0.19936 >= 0.0001
Iteration 7 (max 500)
   eps = 0.174226 >= 0.0001
Iteration 8 (max 500)
   eps = 0.153493 >= 0.0001
Iteration 9 (max 500)
   eps = 0.136318 >= 0.0001
Iteration 10 (max 500)
   eps = 0.123354 >= 0.0001
Iteration 11 (max 500)
   eps = 0.11344 >= 0.0001
Iteration 12 (max 500)
   eps = 0.105267 >= 0.0001
Iteration 13 (max 500)
   eps = 0.098539 >= 0.0001
Iteration 14 (max 500)
   eps = 0.092815 >= 0.0001
Iteration 15 (max 500)
   eps = 0.087826 >= 0.0001
Iteration 16 (max 500)
   eps = 0.083748 >= 0.0001
Iteration 17 (max 500)
   eps = 0.080075 >= 0.0001
Iteration 18 (max 500)
   eps = 0.076702 >= 0.0001
Iteration 19 (max 500)
   eps = 0.073839 >= 0.0001
Iteration 20 (max 500)
   eps = 0.071142 >= 0.0001
Iteration 21 (max 500)
   eps = 0.068959 >= 0.0001
Iteration 22 (max 500)
   eps = 0.066894 >= 0.0001
Iteration 23 (max 500)
   eps = 0.065027 >= 0.0001
Iteration 24 (max 500)
   eps = 0.063261 >= 0.0001
Iteration 25 (max 500)
   eps = 0.060922 >= 0.0001
Iteration 26 (max 500)
   eps = 0.073245 >= 0.0001
Iteration 27 (max 500)
   eps = 0.062995 >= 0.0001
Iteration 28 (max 500)
   eps = 0.058423 >= 0.0001
Iteration 29 (max 500)
   eps = 0.056693 >= 0.0001
Iteration 30 (max 500)
   eps = 0.055496 >= 0.0001
Iteration 31 (max 500)
   eps = 0.054635 >= 0.0001
Iteration 32 (max 500)
   eps = 0.053917 >= 0.0001
Iteration 33 (max 500)
   eps = 0.053246 >= 0.0001
Iteration 34 (max 500)
   eps = 0.052343 >= 0.0001
Iteration 35 (max 500)
   eps = 0.05132 >= 0.0001
Iteration 36 (max 500)
   eps = 0.050339 >= 0.0001
Iteration 37 (max 500)
   eps = 0.049301 >= 0.0001
Iteration 38 (max 500)
   eps = 0.04834 >= 0.0001
Iteration 39 (max 500)
   eps = 0.047463 >= 0.0001
Iteration 40 (max 500)
   eps = 0.046559 >= 0.0001
Iteration 41 (max 500)
   eps = 0.045837 >= 0.0001
Iteration 42 (max 500)
   eps = 0.045138 >= 0.0001
Iteration 43 (max 500)
   eps = 0.044423 >= 0.0001
Iteration 44 (max 500)
   eps = 0.043841 >= 0.0001
Iteration 45 (max 500)
   eps = 0.043277 >= 0.0001
Iteration 46 (max 500)
   eps = 0.042818 >= 0.0001
Iteration 47 (max 500)
   eps = 0.042372 >= 0.0001
Iteration 48 (max 500)
   eps = 0.041714 >= 0.0001
Iteration 49 (max 500)
   eps = 0.041116 >= 0.0001
Iteration 50 (max 500)
   eps = 0.040528 >= 0.0001
Iteration 51 (max 500)
   eps = 0.03998 >= 0.0001
Iteration 52 (max 500)
   eps = 0.039816 >= 0.0001
Iteration 53 (max 500)
   eps = 0.039136 >= 0.0001
Iteration 54 (max 500)
   eps = 0.038378 >= 0.0001
Iteration 55 (max 500)
   eps = 0.037694 >= 0.0001
Iteration 56 (max 500)
   eps = 0.03719 >= 0.0001
Iteration 57 (max 500)
   eps = 0.036675 >= 0.0001
Iteration 58 (max 500)
   eps = 0.036 >= 0.0001
Iteration 59 (max 500)
   eps = 0.035341 >= 0.0001
Iteration 60 (max 500)
   eps = 0.034714 >= 0.0001
Iteration 61 (max 500)
   eps = 0.034101 >= 0.0001
Iteration 62 (max 500)
   eps = 0.033546 >= 0.0001
Iteration 63 (max 500)
   eps = 0.032961 >= 0.0001
Iteration 64 (max 500)
   eps = 0.032335 >= 0.0001
Iteration 65 (max 500)
   eps = 0.03173 >= 0.0001
Iteration 66 (max 500)
   eps = 0.031137 >= 0.0001
Iteration 67 (max 500)
   eps = 0.030639 >= 0.0001
Iteration 68 (max 500)
   eps = 0.030121 >= 0.0001
Iteration 69 (max 500)
   eps = 0.029617 >= 0.0001
Iteration 70 (max 500)
   eps = 0.029152 >= 0.0001
Iteration 71 (max 500)
   eps = 0.028644 >= 0.0001
Iteration 72 (max 500)
   eps = 0.028204 >= 0.0001
Iteration 73 (max 500)
   eps = 0.027728 >= 0.0001
Iteration 74 (max 500)
   eps = 0.027276 >= 0.0001
Iteration 75 (max 500)
   eps = 0.026831 >= 0.0001
Iteration 76 (max 500)
   eps = 0.026394 >= 0.0001
Iteration 77 (max 500)
   eps = 0.025993 >= 0.0001
Iteration 78 (max 500)
   eps = 0.025513 >= 0.0001
Iteration 79 (max 500)
   eps = 0.025033 >= 0.0001
Iteration 80 (max 500)
   eps = 0.024558 >= 0.0001
Iteration 81 (max 500)
   eps = 0.024083 >= 0.0001
Iteration 82 (max 500)
   eps = 0.023664 >= 0.0001
Iteration 83 (max 500)
   eps = 0.023247 >= 0.0001
Iteration 84 (max 500)
   eps = 0.022908 >= 0.0001
Iteration 85 (max 500)
   eps = 0.022515 >= 0.0001
Iteration 86 (max 500)
   eps = 0.02217 >= 0.0001
Iteration 87 (max 500)
   eps = 0.021751 >= 0.0001
Iteration 88 (max 500)
   eps = 0.021377 >= 0.0001
Iteration 89 (max 500)
   eps = 0.021011 >= 0.0001
Iteration 90 (max 500)
   eps = 0.020659 >= 0.0001
Iteration 91 (max 500)
   eps = 0.020296 >= 0.0001
Iteration 92 (max 500)
   eps = 0.019938 >= 0.0001
Iteration 93 (max 500)
   eps = 0.019619 >= 0.0001
Iteration 94 (max 500)
   eps = 0.019299 >= 0.0001
Iteration 95 (max 500)
   eps = 0.018948 >= 0.0001
Iteration 96 (max 500)
   eps = 0.018662 >= 0.0001
Iteration 97 (max 500)
   eps = 0.018378 >= 0.0001
Iteration 98 (max 500)
   eps = 0.018061 >= 0.0001
Iteration 99 (max 500)
   eps = 0.017775 >= 0.0001
Iteration 100 (max 500)
   eps = 0.017508 >= 0.0001
Iteration 101 (max 500)
   eps = 0.017177 >= 0.0001
Iteration 102 (max 500)
   eps = 0.016895 >= 0.0001
Iteration 103 (max 500)
   eps = 0.016571 >= 0.0001
Iteration 104 (max 500)
   eps = 0.016264 >= 0.0001
Iteration 105 (max 500)
   eps = 0.015969 >= 0.0001
Iteration 106 (max 500)
   eps = 0.015713 >= 0.0001
Iteration 107 (max 500)
   eps = 0.015452 >= 0.0001
Iteration 108 (max 500)
   eps = 0.015197 >= 0.0001
Iteration 109 (max 500)
   eps = 0.014933 >= 0.0001
Iteration 110 (max 500)
   eps = 0.014683 >= 0.0001
Iteration 111 (max 500)
   eps = 0.014444 >= 0.0001
Iteration 112 (max 500)
   eps = 0.01421 >= 0.0001
Iteration 113 (max 500)
   eps = 0.013995 >= 0.0001
Iteration 114 (max 500)
   eps = 0.013762 >= 0.0001
Iteration 115 (max 500)
   eps = 0.013553 >= 0.0001
Iteration 116 (max 500)
   eps = 0.013338 >= 0.0001
Iteration 117 (max 500)
   eps = 0.013097 >= 0.0001
Iteration 118 (max 500)
   eps = 0.0129 >= 0.0001
Iteration 119 (max 500)
   eps = 0.012697 >= 0.0001
Iteration 120 (max 500)
   eps = 0.012503 >= 0.0001
Iteration 121 (max 500)
   eps = 0.012294 >= 0.0001
Iteration 122 (max 500)
   eps = 0.012097 >= 0.0001
Iteration 123 (max 500)
   eps = 0.011937 >= 0.0001
Iteration 124 (max 500)
   eps = 0.011732 >= 0.0001
Iteration 125 (max 500)
   eps = 0.01155 >= 0.0001
Iteration 126 (max 500)
   eps = 0.011373 >= 0.0001
Iteration 127 (max 500)
   eps = 0.011175 >= 0.0001
Iteration 128 (max 500)
   eps = 0.010994 >= 0.0001
Iteration 129 (max 500)
   eps = 0.010825 >= 0.0001
Iteration 130 (max 500)
   eps = 0.01065 >= 0.0001
Iteration 131 (max 500)
   eps = 0.010488 >= 0.0001
Iteration 132 (max 500)
   eps = 0.010296 >= 0.0001
Iteration 133 (max 500)
   eps = 0.010135 >= 0.0001
Iteration 134 (max 500)
   eps = 0.009969 >= 0.0001
Iteration 135 (max 500)
   eps = 0.009826 >= 0.0001
Iteration 136 (max 500)
   eps = 0.009676 >= 0.0001
Iteration 137 (max 500)
   eps = 0.009515 >= 0.0001
Iteration 138 (max 500)
   eps = 0.009341 >= 0.0001
Iteration 139 (max 500)
   eps = 0.009167 >= 0.0001
Iteration 140 (max 500)
   eps = 0.009009 >= 0.0001
Iteration 141 (max 500)
   eps = 0.008865 >= 0.0001
Iteration 142 (max 500)
   eps = 0.00871 >= 0.0001
Iteration 143 (max 500)
   eps = 0.008575 >= 0.0001
Iteration 144 (max 500)
   eps = 0.008424 >= 0.0001
Iteration 145 (max 500)
   eps = 0.008277 >= 0.0001
Iteration 146 (max 500)
   eps = 0.008131 >= 0.0001
Iteration 147 (max 500)
   eps = 0.008004 >= 0.0001
Iteration 148 (max 500)
   eps = 0.007875 >= 0.0001
Iteration 149 (max 500)
   eps = 0.007759 >= 0.0001
Iteration 150 (max 500)
   eps = 0.007633 >= 0.0001
Iteration 151 (max 500)
   eps = 0.007506 >= 0.0001
Iteration 152 (max 500)
   eps = 0.007385 >= 0.0001
Iteration 153 (max 500)
   eps = 0.007271 >= 0.0001
Iteration 154 (max 500)
   eps = 0.007149 >= 0.0001
Iteration 155 (max 500)
   eps = 0.007023 >= 0.0001
Iteration 156 (max 500)
   eps = 0.00689 >= 0.0001
Iteration 157 (max 500)
   eps = 0.006766 >= 0.0001
Iteration 158 (max 500)
   eps = 0.006643 >= 0.0001
Iteration 159 (max 500)
   eps = 0.006526 >= 0.0001
Iteration 160 (max 500)
   eps = 0.006418 >= 0.0001
Iteration 161 (max 500)
   eps = 0.00632 >= 0.0001
Iteration 162 (max 500)
   eps = 0.006218 >= 0.0001
Iteration 163 (max 500)
   eps = 0.006125 >= 0.0001
Iteration 164 (max 500)
   eps = 0.006031 >= 0.0001
Iteration 165 (max 500)
   eps = 0.005922 >= 0.0001
Iteration 166 (max 500)
   eps = 0.005813 >= 0.0001
Iteration 167 (max 500)
   eps = 0.005703 >= 0.0001
Iteration 168 (max 500)
   eps = 0.005594 >= 0.0001
Iteration 169 (max 500)
   eps = 0.005495 >= 0.0001
Iteration 170 (max 500)
   eps = 0.005392 >= 0.0001
Iteration 171 (max 500)
   eps = 0.005303 >= 0.0001
Iteration 172 (max 500)
   eps = 0.005222 >= 0.0001
Iteration 173 (max 500)
   eps = 0.005137 >= 0.0001
Iteration 174 (max 500)
   eps = 0.005058 >= 0.0001
Iteration 175 (max 500)
   eps = 0.004975 >= 0.0001
Iteration 176 (max 500)
   eps = 0.004892 >= 0.0001
Iteration 177 (max 500)
   eps = 0.004807 >= 0.0001
Iteration 178 (max 500)
   eps = 0.004728 >= 0.0001
Iteration 179 (max 500)
   eps = 0.004648 >= 0.0001
Iteration 180 (max 500)
   eps = 0.004569 >= 0.0001
Iteration 181 (max 500)
   eps = 0.004491 >= 0.0001
Iteration 182 (max 500)
   eps = 0.004416 >= 0.0001
Iteration 183 (max 500)
   eps = 0.004334 >= 0.0001
Iteration 184 (max 500)
   eps = 0.004251 >= 0.0001
Iteration 185 (max 500)
   eps = 0.004172 >= 0.0001
Iteration 186 (max 500)
   eps = 0.00409 >= 0.0001
Iteration 187 (max 500)
   eps = 0.004015 >= 0.0001
Iteration 188 (max 500)
   eps = 0.003939 >= 0.0001
Iteration 189 (max 500)
   eps = 0.003873 >= 0.0001
Iteration 190 (max 500)
   eps = 0.003806 >= 0.0001
Iteration 191 (max 500)
   eps = 0.003745 >= 0.0001
Iteration 192 (max 500)
   eps = 0.003681 >= 0.0001
Iteration 193 (max 500)
   eps = 0.00362 >= 0.0001
Iteration 194 (max 500)
   eps = 0.003559 >= 0.0001
Iteration 195 (max 500)
   eps = 0.003497 >= 0.0001
Iteration 196 (max 500)
   eps = 0.003457 >= 0.0001
Iteration 197 (max 500)
   eps = 0.003398 >= 0.0001
Iteration 198 (max 500)
   eps = 0.003339 >= 0.0001
Iteration 199 (max 500)
   eps = 0.003279 >= 0.0001
Iteration 200 (max 500)
   eps = 0.003222 >= 0.0001
Iteration 201 (max 500)
   eps = 0.003168 >= 0.0001
Iteration 202 (max 500)
   eps = 0.003118 >= 0.0001
Iteration 203 (max 500)
   eps = 0.00305 >= 0.0001
Iteration 204 (max 500)
   eps = 0.002996 >= 0.0001
Iteration 205 (max 500)
   eps = 0.002943 >= 0.0001
Iteration 206 (max 500)
   eps = 0.002889 >= 0.0001
Iteration 207 (max 500)
   eps = 0.002841 >= 0.0001
Iteration 208 (max 500)
   eps = 0.002798 >= 0.0001
Iteration 209 (max 500)
   eps = 0.002749 >= 0.0001
Iteration 210 (max 500)
   eps = 0.002693 >= 0.0001
Iteration 211 (max 500)
   eps = 0.002642 >= 0.0001
Iteration 212 (max 500)
   eps = 0.00259 >= 0.0001
Iteration 213 (max 500)
   eps = 0.002543 >= 0.0001
Iteration 214 (max 500)
   eps = 0.002501 >= 0.0001
Iteration 215 (max 500)
   eps = 0.002461 >= 0.0001
Iteration 216 (max 500)
   eps = 0.002419 >= 0.0001
Iteration 217 (max 500)
   eps = 0.00238 >= 0.0001
Iteration 218 (max 500)
   eps = 0.002336 >= 0.0001
Iteration 219 (max 500)
   eps = 0.002296 >= 0.0001
Iteration 220 (max 500)
   eps = 0.002255 >= 0.0001
Iteration 221 (max 500)
   eps = 0.002215 >= 0.0001
Iteration 222 (max 500)
   eps = 0.002181 >= 0.0001
Iteration 223 (max 500)
   eps = 0.002145 >= 0.0001
Iteration 224 (max 500)
   eps = 0.002102 >= 0.0001
Iteration 225 (max 500)
   eps = 0.002065 >= 0.0001
Iteration 226 (max 500)
   eps = 0.002028 >= 0.0001
Iteration 227 (max 500)
   eps = 0.001991 >= 0.0001
Iteration 228 (max 500)
   eps = 0.001957 >= 0.0001
Iteration 229 (max 500)
   eps = 0.001924 >= 0.0001
Iteration 230 (max 500)
   eps = 0.001889 >= 0.0001
Iteration 231 (max 500)
   eps = 0.001853 >= 0.0001
Iteration 232 (max 500)
   eps = 0.00182 >= 0.0001
Iteration 233 (max 500)
   eps = 0.001789 >= 0.0001
Iteration 234 (max 500)
   eps = 0.001756 >= 0.0001
Iteration 235 (max 500)
   eps = 0.001726 >= 0.0001
Iteration 236 (max 500)
   eps = 0.001695 >= 0.0001
Iteration 237 (max 500)
   eps = 0.001665 >= 0.0001
Iteration 238 (max 500)
   eps = 0.001634 >= 0.0001
Iteration 239 (max 500)
   eps = 0.001606 >= 0.0001
Iteration 240 (max 500)
   eps = 0.001578 >= 0.0001
Iteration 241 (max 500)
   eps = 0.001552 >= 0.0001
Iteration 242 (max 500)
   eps = 0.001525 >= 0.0001
Iteration 243 (max 500)
   eps = 0.001501 >= 0.0001
Iteration 244 (max 500)
   eps = 0.001476 >= 0.0001
Iteration 245 (max 500)
   eps = 0.001449 >= 0.0001
Iteration 246 (max 500)
   eps = 0.00142 >= 0.0001
Iteration 247 (max 500)
   eps = 0.001392 >= 0.0001
Iteration 248 (max 500)
   eps = 0.001365 >= 0.0001
Iteration 249 (max 500)
   eps = 0.001338 >= 0.0001
Iteration 250 (max 500)
   eps = 0.001314 >= 0.0001
Iteration 251 (max 500)
   eps = 0.001293 >= 0.0001
Iteration 252 (max 500)
   eps = 0.00127 >= 0.0001
Iteration 253 (max 500)
   eps = 0.001246 >= 0.0001
Iteration 254 (max 500)
   eps = 0.001225 >= 0.0001
Iteration 255 (max 500)
   eps = 0.001206 >= 0.0001
Iteration 256 (max 500)
   eps = 0.001186 >= 0.0001
Iteration 257 (max 500)
   eps = 0.001166 >= 0.0001
Iteration 258 (max 500)
   eps = 0.001146 >= 0.0001
Iteration 259 (max 500)
   eps = 0.001125 >= 0.0001
Iteration 260 (max 500)
   eps = 0.001105 >= 0.0001
Iteration 261 (max 500)
   eps = 0.001085 >= 0.0001
Iteration 262 (max 500)
   eps = 0.001064 >= 0.0001
Iteration 263 (max 500)
   eps = 0.001045 >= 0.0001
Iteration 264 (max 500)
   eps = 0.001027 >= 0.0001
Iteration 265 (max 500)
   eps = 0.001008 >= 0.0001
Iteration 266 (max 500)
   eps = 0.000988 >= 0.0001
Iteration 267 (max 500)
   eps = 0.000968 >= 0.0001
Iteration 268 (max 500)
   eps = 0.000952 >= 0.0001
Iteration 269 (max 500)
   eps = 0.000933 >= 0.0001
Iteration 270 (max 500)
   eps = 0.000917 >= 0.0001
Iteration 271 (max 500)
   eps = 0.000899 >= 0.0001
Iteration 272 (max 500)
   eps = 0.00088 >= 0.0001
Iteration 273 (max 500)
   eps = 0.000865 >= 0.0001
Iteration 274 (max 500)
   eps = 0.000851 >= 0.0001
Iteration 275 (max 500)
   eps = 0.000838 >= 0.0001
Iteration 276 (max 500)
   eps = 0.000824 >= 0.0001
Iteration 277 (max 500)
   eps = 0.000808 >= 0.0001
Iteration 278 (max 500)
   eps = 0.000794 >= 0.0001
Iteration 279 (max 500)
   eps = 0.000779 >= 0.0001
Iteration 280 (max 500)
   eps = 0.000764 >= 0.0001
Iteration 281 (max 500)
   eps = 0.000749 >= 0.0001
Iteration 282 (max 500)
   eps = 0.000734 >= 0.0001
Iteration 283 (max 500)
   eps = 0.000721 >= 0.0001
Iteration 284 (max 500)
   eps = 0.000708 >= 0.0001
Iteration 285 (max 500)
   eps = 0.000695 >= 0.0001
Iteration 286 (max 500)
   eps = 0.000682 >= 0.0001
Iteration 287 (max 500)
   eps = 0.00067 >= 0.0001
Iteration 288 (max 500)
   eps = 0.000657 >= 0.0001
Iteration 289 (max 500)
   eps = 0.000646 >= 0.0001
Iteration 290 (max 500)
   eps = 0.000635 >= 0.0001
Iteration 291 (max 500)
   eps = 0.000627 >= 0.0001
Iteration 292 (max 500)
   eps = 0.000617 >= 0.0001
Iteration 293 (max 500)
   eps = 0.000607 >= 0.0001
Iteration 294 (max 500)
   eps = 0.000597 >= 0.0001
Iteration 295 (max 500)
   eps = 0.000585 >= 0.0001
Iteration 296 (max 500)
   eps = 0.000575 >= 0.0001
Iteration 297 (max 500)
   eps = 0.000564 >= 0.0001
Iteration 298 (max 500)
   eps = 0.000551 >= 0.0001
Iteration 299 (max 500)
   eps = 0.000539 >= 0.0001
Iteration 300 (max 500)
   eps = 0.00053 >= 0.0001
Iteration 301 (max 500)
   eps = 0.00052 >= 0.0001
Iteration 302 (max 500)
   eps = 0.00051 >= 0.0001
Iteration 303 (max 500)
   eps = 0.0005 >= 0.0001
Iteration 304 (max 500)
   eps = 0.00049 >= 0.0001
Iteration 305 (max 500)
   eps = 0.000481 >= 0.0001
Iteration 306 (max 500)
   eps = 0.000472 >= 0.0001
Iteration 307 (max 500)
   eps = 0.000463 >= 0.0001
Iteration 308 (max 500)
   eps = 0.000456 >= 0.0001
Iteration 309 (max 500)
   eps = 0.000448 >= 0.0001
Iteration 310 (max 500)
   eps = 0.000441 >= 0.0001
Iteration 311 (max 500)
   eps = 0.000435 >= 0.0001
Iteration 312 (max 500)
   eps = 0.000427 >= 0.0001
Iteration 313 (max 500)
   eps = 0.000419 >= 0.0001
Iteration 314 (max 500)
   eps = 0.000411 >= 0.0001
Iteration 315 (max 500)
   eps = 0.000403 >= 0.0001
Iteration 316 (max 500)
   eps = 0.000395 >= 0.0001
Iteration 317 (max 500)
   eps = 0.000387 >= 0.0001
Iteration 318 (max 500)
   eps = 0.000379 >= 0.0001
Iteration 319 (max 500)
   eps = 0.000374 >= 0.0001
Iteration 320 (max 500)
   eps = 0.000368 >= 0.0001
Iteration 321 (max 500)
   eps = 0.000359 >= 0.0001
Iteration 322 (max 500)
   eps = 0.000354 >= 0.0001
Iteration 323 (max 500)
   eps = 0.000347 >= 0.0001
Iteration 324 (max 500)
   eps = 0.000341 >= 0.0001
Iteration 325 (max 500)
   eps = 0.000335 >= 0.0001
Iteration 326 (max 500)
   eps = 0.000329 >= 0.0001
Iteration 327 (max 500)
   eps = 0.000322 >= 0.0001
Iteration 328 (max 500)
   eps = 0.000315 >= 0.0001
Iteration 329 (max 500)
   eps = 0.00031 >= 0.0001
Iteration 330 (max 500)
   eps = 0.000304 >= 0.0001
Iteration 331 (max 500)
   eps = 0.000298 >= 0.0001
Iteration 332 (max 500)
   eps = 0.000293 >= 0.0001
Iteration 333 (max 500)
   eps = 0.000288 >= 0.0001
Iteration 334 (max 500)
   eps = 0.000282 >= 0.0001
Iteration 335 (max 500)
   eps = 0.000278 >= 0.0001
Iteration 336 (max 500)
   eps = 0.000273 >= 0.0001
Iteration 337 (max 500)
   eps = 0.000269 >= 0.0001
Iteration 338 (max 500)
   eps = 0.000263 >= 0.0001
Iteration 339 (max 500)
   eps = 0.000258 >= 0.0001
Iteration 340 (max 500)
   eps = 0.000254 >= 0.0001
Iteration 341 (max 500)
   eps = 0.000249 >= 0.0001
Iteration 342 (max 500)
   eps = 0.000244 >= 0.0001
Iteration 343 (max 500)
   eps = 0.00024 >= 0.0001
Iteration 344 (max 500)
   eps = 0.000236 >= 0.0001
Iteration 345 (max 500)
   eps = 0.000231 >= 0.0001
Iteration 346 (max 500)
   eps = 0.000226 >= 0.0001
Iteration 347 (max 500)
   eps = 0.000223 >= 0.0001
Iteration 348 (max 500)
   eps = 0.00022 >= 0.0001
Iteration 349 (max 500)
   eps = 0.000215 >= 0.0001
Iteration 350 (max 500)
   eps = 0.000212 >= 0.0001
Iteration 351 (max 500)
   eps = 0.000208 >= 0.0001
Iteration 352 (max 500)
   eps = 0.000204 >= 0.0001
Iteration 353 (max 500)
   eps = 0.000201 >= 0.0001
Iteration 354 (max 500)
   eps = 0.000196 >= 0.0001
Iteration 355 (max 500)
   eps = 0.000192 >= 0.0001
Iteration 356 (max 500)
   eps = 0.000188 >= 0.0001
Iteration 357 (max 500)
   eps = 0.000184 >= 0.0001
Iteration 358 (max 500)
   eps = 0.000181 >= 0.0001
Iteration 359 (max 500)
   eps = 0.000178 >= 0.0001
Iteration 360 (max 500)
   eps = 0.000174 >= 0.0001
Iteration 361 (max 500)
   eps = 0.000171 >= 0.0001
Iteration 362 (max 500)
   eps = 0.000168 >= 0.0001
Iteration 363 (max 500)
   eps = 0.000166 >= 0.0001
Iteration 364 (max 500)
   eps = 0.000163 >= 0.0001
Iteration 365 (max 500)
   eps = 0.00016 >= 0.0001
Iteration 366 (max 500)
   eps = 0.000158 >= 0.0001
Iteration 367 (max 500)
   eps = 0.000154 >= 0.0001
Iteration 368 (max 500)
   eps = 0.000151 >= 0.0001
Iteration 369 (max 500)
   eps = 0.000148 >= 0.0001
Iteration 370 (max 500)
   eps = 0.000145 >= 0.0001
Iteration 371 (max 500)
   eps = 0.000142 >= 0.0001
Iteration 372 (max 500)
   eps = 0.000139 >= 0.0001
Iteration 373 (max 500)
   eps = 0.000136 >= 0.0001
Iteration 374 (max 500)
   eps = 0.000134 >= 0.0001
Iteration 375 (max 500)
   eps = 0.000132 >= 0.0001
Iteration 376 (max 500)
   eps = 0.00013 >= 0.0001
Iteration 377 (max 500)
   eps = 0.000128 >= 0.0001
Iteration 378 (max 500)
   eps = 0.000125 >= 0.0001
Iteration 379 (max 500)
   eps = 0.000123 >= 0.0001
Iteration 380 (max 500)
   eps = 0.000121 >= 0.0001
Iteration 381 (max 500)
   eps = 0.000119 >= 0.0001
Iteration 382 (max 500)
   eps = 0.000117 >= 0.0001
Iteration 383 (max 500)
   eps = 0.000114 >= 0.0001
Iteration 384 (max 500)
   eps = 0.000112 >= 0.0001
Iteration 385 (max 500)
   eps = 0.00011 >= 0.0001
Iteration 386 (max 500)
   eps = 0.000108 >= 0.0001
Iteration 387 (max 500)
   eps = 0.000106 >= 0.0001
Iteration 388 (max 500)
   eps = 0.000103 >= 0.0001
Iteration 389 (max 500)
   eps = 0.000101 >= 0.0001
Iteration 390 (max 500)
Time spent by the wind speed solver: 121.67164063453674 s
Rotates geometries from -45.0 degrees
Interp succeeded!!! for tmp_file
Interp succeeded!!! for tmp_file
Interp succeeded!!! for tmp_file
Interp succeeded!!! for tmp_file
Interp succeeded!!! for tmp_file
Interp succeeded!!! for tmp_file
Process 3995986: Successfully ran URock for tile output 'wind_field_raw_tile_16'.
Process 3995986: Elapsed time for URock ('wind_field_raw_tile_16'): 474.55 seconds.
[Master] Process 3995986 - Tile 16: Finished processing.
[Master] 3995986: exit signal
Info: Debuffered '/storage/project/r-rbasu31-0/hyu483/Test_UMEP/UROCK_output_35_spawn/temp_intermediate_files/tile_16_urock_raw_outputs/z1_5/wind_field_raw_tile_16WS.tif' to '/storage/project/r-rbasu31-0/hyu483/Test_UMEP/UROCK_output_35_spawn/urock_tiled_output/urock_wind_field_tile_16WS.tif' (original extent: (233982.59099838723, 902532.4833440109, 234182.59099838723, 902732.4833440109)).
Connecting to database
	->/tmp/URock_2025-12-21T180839e2badb67-5607-4d96-b5e1-19a8a5f9d0bb/myDbH2
/storage/home/hcoda1/4/hyu483/qgis_332/profiles/default/python/plugins/processing_umep/functions/URock/h2gis-standalone/h2gis-dist-2.2.3.jar
Connected!

Spatial functions added!

Load input data
Load table 'build_pre_srid_20251221180846'
Load table 'veg_pre_srid_20251221180846'
Creates blocks and stacked blocks
Rotates geometries from 45.0 degrees
Identify block base height and block cavity base
Calculates obstacle properties
Calculates zone properties
Initializes upwind facades
Update upwind facades base height
Initializes downwind facades
Calculates study area properties
Roughness zone properties are:

                                 - z0: 1.5513456858470602
                                 - d: 7.420622150848983
                                 - Hr: 10.342304572313735
                                 - H_ob_max: 95
                                 - lambda_f: 0.2000051439803101
Rotates geometries from -45.0 degrees
Rotates geometries from -45.0 degrees
Rotates geometries from -45.0 degrees
Creates displacement zones
Rotates geometries from -45.0 degrees
Rotates geometries from -45.0 degrees
Creates cavity and wake zones
Rotates geometries from -45.0 degrees
Rotates geometries from -45.0 degrees
Creates street canyon zones
Rotates geometries from -45.0 degrees
Creates rooftop zones (perpendicular and corner)
Rotates geometries from -45.0 degrees
Rotates geometries from -45.0 degrees
Creates built-up and open vegetation zones
Rotates geometries from -45.0 degrees
Rotates geometries from -45.0 degrees
Identify the buildings concerned by the impacted zone chosen by the user
Creates the grid of points
Affects each grid point to a building Rockle zone and calculates needed 
          variables for 3D wind speed
Affects each grid point to a vegetation Rockle zone and calculates 
          needed variables for 3D wind speed
Remove some of the Röckle zone points
Creates backward zones
Calculates the 3D wind speed factor value for each point of each BUILDING zone
Rotates geometries from -45.0 degrees
Rotates geometries from -45.0 degrees
Rotates geometries from -45.0 degrees
Rotates geometries from -45.0 degrees
Rotates geometries from -45.0 degrees
Rotates geometries from -45.0 degrees
Rotates geometries from -45.0 degrees
Rotates geometries from -45.0 degrees
Rotates geometries from -45.0 degrees
Calculates the 3D wind speed factor value for each point of each VEGETATION zone
Rotates geometries from -45.0 degrees
Deals with superimposition (keeps only 1 value per 3D point)
Deals with superimposition (keeps only 1 value per 3D point)
Identify upstreamer points in TEMPO_WEIGHTING table
Identify upstreamer points in TEMPO_PRIORITIES table
Identify upstreamer points in TEMPO_PRIORITIES_WEIGHT table
Deals with superimposition (keeps only 1 value per 3D point)
Identify upstreamer points in TEMPO_WEIGHTING table
Identify upstreamer points in TEMPO_PRIORITIES table
Identify upstreamer points in TEMPO_PRIORITIES_WEIGHT table
Rotates geometries from -45.0 degrees
Identify grid points intersecting buildings
Set the initial 3D wind speed field
Time spent for wind speed initialization: 247.24414825439453 s
Shape: (270, 268, 43) - Nb cells: 3111480
Start to apply the wind solver
Iteration 1 (max 500)
   eps = 0.603611 >= 0.0001
Iteration 2 (max 500)
   eps = 0.404178 >= 0.0001
Iteration 3 (max 500)
   eps = 0.320263 >= 0.0001
Iteration 4 (max 500)
   eps = 0.264333 >= 0.0001
Iteration 5 (max 500)
   eps = 0.223469 >= 0.0001
Iteration 6 (max 500)
   eps = 0.192273 >= 0.0001
Iteration 7 (max 500)
   eps = 0.167408 >= 0.0001
Iteration 8 (max 500)
   eps = 0.146366 >= 0.0001
Iteration 9 (max 500)
   eps = 0.128751 >= 0.0001
Iteration 10 (max 500)
   eps = 0.114549 >= 0.0001
Iteration 11 (max 500)
   eps = 0.103499 >= 0.0001
Iteration 12 (max 500)
   eps = 0.094209 >= 0.0001
Iteration 13 (max 500)
   eps = 0.086703 >= 0.0001
Iteration 14 (max 500)
   eps = 0.080031 >= 0.0001
Iteration 15 (max 500)
   eps = 0.074245 >= 0.0001
Iteration 16 (max 500)
   eps = 0.069603 >= 0.0001
Iteration 17 (max 500)
   eps = 0.065574 >= 0.0001
Iteration 18 (max 500)
   eps = 0.0619 >= 0.0001
Iteration 19 (max 500)
   eps = 0.058823 >= 0.0001
Iteration 20 (max 500)
   eps = 0.056128 >= 0.0001
Iteration 21 (max 500)
   eps = 0.053697 >= 0.0001
Iteration 22 (max 500)
   eps = 0.051498 >= 0.0001
Iteration 23 (max 500)
   eps = 0.049485 >= 0.0001
Iteration 24 (max 500)
   eps = 0.047612 >= 0.0001
Iteration 25 (max 500)
   eps = 0.045855 >= 0.0001
Iteration 26 (max 500)
   eps = 0.04421 >= 0.0001
Iteration 27 (max 500)
   eps = 0.042721 >= 0.0001
Iteration 28 (max 500)
   eps = 0.041341 >= 0.0001
Iteration 29 (max 500)
   eps = 0.040037 >= 0.0001
Iteration 30 (max 500)
   eps = 0.038842 >= 0.0001
Iteration 31 (max 500)
   eps = 0.037707 >= 0.0001
Iteration 32 (max 500)
   eps = 0.036669 >= 0.0001
Iteration 33 (max 500)
   eps = 0.035671 >= 0.0001
Iteration 34 (max 500)
   eps = 0.03472 >= 0.0001
Iteration 35 (max 500)
   eps = 0.033778 >= 0.0001
Iteration 36 (max 500)
   eps = 0.032963 >= 0.0001
Iteration 37 (max 500)
   eps = 0.032146 >= 0.0001
Iteration 38 (max 500)
   eps = 0.031436 >= 0.0001
Iteration 39 (max 500)
   eps = 0.0307 >= 0.0001
Iteration 40 (max 500)
   eps = 0.029974 >= 0.0001
Iteration 41 (max 500)
   eps = 0.030793 >= 0.0001
Iteration 42 (max 500)
   eps = 0.029331 >= 0.0001
Iteration 43 (max 500)
   eps = 0.028019 >= 0.0001
Iteration 44 (max 500)
   eps = 0.027366 >= 0.0001
Iteration 45 (max 500)
   eps = 0.026793 >= 0.0001
Iteration 46 (max 500)
   eps = 0.026224 >= 0.0001
Iteration 47 (max 500)
   eps = 0.025713 >= 0.0001
Iteration 48 (max 500)
   eps = 0.025216 >= 0.0001
Iteration 49 (max 500)
   eps = 0.024786 >= 0.0001
Iteration 50 (max 500)
   eps = 0.024367 >= 0.0001
Iteration 51 (max 500)
   eps = 0.023964 >= 0.0001
Iteration 52 (max 500)
   eps = 0.023554 >= 0.0001
Iteration 53 (max 500)
   eps = 0.023114 >= 0.0001
Iteration 54 (max 500)
   eps = 0.022679 >= 0.0001
Iteration 55 (max 500)
   eps = 0.022271 >= 0.0001
Iteration 56 (max 500)
   eps = 0.021875 >= 0.0001
Iteration 57 (max 500)
   eps = 0.021467 >= 0.0001
Iteration 58 (max 500)
   eps = 0.021086 >= 0.0001
Iteration 59 (max 500)
   eps = 0.020722 >= 0.0001
Iteration 60 (max 500)
   eps = 0.020338 >= 0.0001
Iteration 61 (max 500)
   eps = 0.019978 >= 0.0001
Iteration 62 (max 500)
   eps = 0.019631 >= 0.0001
Iteration 63 (max 500)
   eps = 0.019311 >= 0.0001
Iteration 64 (max 500)
   eps = 0.018993 >= 0.0001
Iteration 65 (max 500)
   eps = 0.018687 >= 0.0001
Iteration 66 (max 500)
   eps = 0.018397 >= 0.0001
Iteration 67 (max 500)
   eps = 0.018116 >= 0.0001
Iteration 68 (max 500)
   eps = 0.017847 >= 0.0001
Iteration 69 (max 500)
   eps = 0.017577 >= 0.0001
Iteration 70 (max 500)
   eps = 0.017305 >= 0.0001
Iteration 71 (max 500)
   eps = 0.017053 >= 0.0001
Iteration 72 (max 500)
   eps = 0.016811 >= 0.0001
Iteration 73 (max 500)
   eps = 0.016567 >= 0.0001
Iteration 74 (max 500)
   eps = 0.016322 >= 0.0001
Iteration 75 (max 500)
   eps = 0.016089 >= 0.0001
Iteration 76 (max 500)
   eps = 0.015859 >= 0.0001
Iteration 77 (max 500)
   eps = 0.015637 >= 0.0001
Iteration 78 (max 500)
   eps = 0.015442 >= 0.0001
Iteration 79 (max 500)
   eps = 0.015248 >= 0.0001
Iteration 80 (max 500)
   eps = 0.015043 >= 0.0001
Iteration 81 (max 500)
   eps = 0.014831 >= 0.0001
Iteration 82 (max 500)
   eps = 0.014628 >= 0.0001
Iteration 83 (max 500)
   eps = 0.014425 >= 0.0001
Iteration 84 (max 500)
   eps = 0.014195 >= 0.0001
Iteration 85 (max 500)
   eps = 0.013955 >= 0.0001
Iteration 86 (max 500)
   eps = 0.013712 >= 0.0001
Iteration 87 (max 500)
   eps = 0.013486 >= 0.0001
Iteration 88 (max 500)
   eps = 0.013263 >= 0.0001
Iteration 89 (max 500)
   eps = 0.013034 >= 0.0001
Iteration 90 (max 500)
   eps = 0.012801 >= 0.0001
Iteration 91 (max 500)
   eps = 0.012584 >= 0.0001
Iteration 92 (max 500)
   eps = 0.012378 >= 0.0001
Iteration 93 (max 500)
   eps = 0.012187 >= 0.0001
Iteration 94 (max 500)
   eps = 0.012008 >= 0.0001
Iteration 95 (max 500)
   eps = 0.011842 >= 0.0001
Iteration 96 (max 500)
   eps = 0.011682 >= 0.0001
Iteration 97 (max 500)
   eps = 0.011538 >= 0.0001
Iteration 98 (max 500)
   eps = 0.011388 >= 0.0001
Iteration 99 (max 500)
   eps = 0.011246 >= 0.0001
Iteration 100 (max 500)
   eps = 0.011094 >= 0.0001
Iteration 101 (max 500)
   eps = 0.010934 >= 0.0001
Iteration 102 (max 500)
   eps = 0.010772 >= 0.0001
Iteration 103 (max 500)
   eps = 0.0106 >= 0.0001
Iteration 104 (max 500)
   eps = 0.010425 >= 0.0001
Iteration 105 (max 500)
   eps = 0.010262 >= 0.0001
Iteration 106 (max 500)
   eps = 0.010093 >= 0.0001
Iteration 107 (max 500)
   eps = 0.009923 >= 0.0001
Iteration 108 (max 500)
   eps = 0.00976 >= 0.0001
Iteration 109 (max 500)
   eps = 0.009608 >= 0.0001
Iteration 110 (max 500)
   eps = 0.00946 >= 0.0001
Iteration 111 (max 500)
   eps = 0.009328 >= 0.0001
Iteration 112 (max 500)
   eps = 0.009208 >= 0.0001
Iteration 113 (max 500)
   eps = 0.009091 >= 0.0001
Iteration 114 (max 500)
   eps = 0.008962 >= 0.0001
Iteration 115 (max 500)
   eps = 0.008828 >= 0.0001
Iteration 116 (max 500)
   eps = 0.008695 >= 0.0001
Iteration 117 (max 500)
   eps = 0.008569 >= 0.0001
Iteration 118 (max 500)
   eps = 0.008439 >= 0.0001
Iteration 119 (max 500)
   eps = 0.008301 >= 0.0001
Iteration 120 (max 500)
   eps = 0.008174 >= 0.0001
Iteration 121 (max 500)
   eps = 0.008055 >= 0.0001
Iteration 122 (max 500)
   eps = 0.007931 >= 0.0001
Iteration 123 (max 500)
   eps = 0.007801 >= 0.0001
Iteration 124 (max 500)
   eps = 0.007693 >= 0.0001
Iteration 125 (max 500)
   eps = 0.007586 >= 0.0001
Iteration 126 (max 500)
   eps = 0.007477 >= 0.0001
Iteration 127 (max 500)
   eps = 0.007365 >= 0.0001
Iteration 128 (max 500)
   eps = 0.007261 >= 0.0001
Iteration 129 (max 500)
   eps = 0.007148 >= 0.0001
Iteration 130 (max 500)
   eps = 0.007029 >= 0.0001
Iteration 131 (max 500)
   eps = 0.006917 >= 0.0001
Iteration 132 (max 500)
   eps = 0.00681 >= 0.0001
Iteration 133 (max 500)
   eps = 0.006706 >= 0.0001
Iteration 134 (max 500)
   eps = 0.006598 >= 0.0001
Iteration 135 (max 500)
   eps = 0.006495 >= 0.0001
Iteration 136 (max 500)
   eps = 0.006406 >= 0.0001
Iteration 137 (max 500)
   eps = 0.006327 >= 0.0001
Iteration 138 (max 500)
   eps = 0.006243 >= 0.0001
Iteration 139 (max 500)
   eps = 0.006157 >= 0.0001
Iteration 140 (max 500)
   eps = 0.00608 >= 0.0001
Iteration 141 (max 500)
   eps = 0.005995 >= 0.0001
Iteration 142 (max 500)
   eps = 0.005905 >= 0.0001
Iteration 143 (max 500)
   eps = 0.00582 >= 0.0001
Iteration 144 (max 500)
   eps = 0.005733 >= 0.0001
Iteration 145 (max 500)
   eps = 0.005642 >= 0.0001
Iteration 146 (max 500)
   eps = 0.005554 >= 0.0001
Iteration 147 (max 500)
   eps = 0.005467 >= 0.0001
Iteration 148 (max 500)
   eps = 0.005381 >= 0.0001
Iteration 149 (max 500)
   eps = 0.005296 >= 0.0001
Iteration 150 (max 500)
   eps = 0.005213 >= 0.0001
Iteration 151 (max 500)
   eps = 0.005139 >= 0.0001
Iteration 152 (max 500)
   eps = 0.005062 >= 0.0001
Iteration 153 (max 500)
   eps = 0.004985 >= 0.0001
Iteration 154 (max 500)
   eps = 0.004905 >= 0.0001
Iteration 155 (max 500)
   eps = 0.004844 >= 0.0001
Iteration 156 (max 500)
   eps = 0.004774 >= 0.0001
Iteration 157 (max 500)
   eps = 0.004704 >= 0.0001
Iteration 158 (max 500)
   eps = 0.004635 >= 0.0001
Iteration 159 (max 500)
   eps = 0.004571 >= 0.0001
Iteration 160 (max 500)
   eps = 0.004506 >= 0.0001
Iteration 161 (max 500)
   eps = 0.004427 >= 0.0001
Iteration 162 (max 500)
   eps = 0.004358 >= 0.0001
Iteration 163 (max 500)
   eps = 0.0043 >= 0.0001
Iteration 164 (max 500)
   eps = 0.004232 >= 0.0001
Iteration 165 (max 500)
   eps = 0.004179 >= 0.0001
Iteration 166 (max 500)
   eps = 0.00412 >= 0.0001
Iteration 167 (max 500)
   eps = 0.004063 >= 0.0001
Iteration 168 (max 500)
   eps = 0.004011 >= 0.0001
Iteration 169 (max 500)
   eps = 0.003959 >= 0.0001
Iteration 170 (max 500)
   eps = 0.003905 >= 0.0001
Iteration 171 (max 500)
   eps = 0.003842 >= 0.0001
Iteration 172 (max 500)
   eps = 0.003782 >= 0.0001
Iteration 173 (max 500)
   eps = 0.003724 >= 0.0001
Iteration 174 (max 500)
   eps = 0.003663 >= 0.0001
Iteration 175 (max 500)
   eps = 0.003597 >= 0.0001
Iteration 176 (max 500)
   eps = 0.003541 >= 0.0001
Iteration 177 (max 500)
   eps = 0.003484 >= 0.0001
Iteration 178 (max 500)
   eps = 0.003434 >= 0.0001
Iteration 179 (max 500)
   eps = 0.003388 >= 0.0001
Iteration 180 (max 500)
   eps = 0.003338 >= 0.0001
Iteration 181 (max 500)
   eps = 0.003286 >= 0.0001
Iteration 182 (max 500)
   eps = 0.003236 >= 0.0001
Iteration 183 (max 500)
   eps = 0.003189 >= 0.0001
Iteration 184 (max 500)
   eps = 0.003141 >= 0.0001
Iteration 185 (max 500)
   eps = 0.003091 >= 0.0001
Iteration 186 (max 500)
   eps = 0.003047 >= 0.0001
Iteration 187 (max 500)
   eps = 0.003003 >= 0.0001
Iteration 188 (max 500)
   eps = 0.002958 >= 0.0001
Iteration 189 (max 500)
   eps = 0.002911 >= 0.0001
Iteration 190 (max 500)
   eps = 0.002864 >= 0.0001
Iteration 191 (max 500)
   eps = 0.002816 >= 0.0001
Iteration 192 (max 500)
   eps = 0.002772 >= 0.0001
Iteration 193 (max 500)
   eps = 0.002727 >= 0.0001
Iteration 194 (max 500)
   eps = 0.002686 >= 0.0001
Iteration 195 (max 500)
   eps = 0.002649 >= 0.0001
Iteration 196 (max 500)
   eps = 0.002607 >= 0.0001
Iteration 197 (max 500)
   eps = 0.002564 >= 0.0001
Iteration 198 (max 500)
   eps = 0.002521 >= 0.0001
Iteration 199 (max 500)
   eps = 0.002484 >= 0.0001
Iteration 200 (max 500)
   eps = 0.002449 >= 0.0001
Iteration 201 (max 500)
   eps = 0.002411 >= 0.0001
Iteration 202 (max 500)
   eps = 0.002376 >= 0.0001
Iteration 203 (max 500)
   eps = 0.002342 >= 0.0001
Iteration 204 (max 500)
   eps = 0.002309 >= 0.0001
Iteration 205 (max 500)
   eps = 0.002275 >= 0.0001
Iteration 206 (max 500)
   eps = 0.002241 >= 0.0001
Iteration 207 (max 500)
   eps = 0.002207 >= 0.0001
Iteration 208 (max 500)
   eps = 0.002171 >= 0.0001
Iteration 209 (max 500)
   eps = 0.002139 >= 0.0001
Iteration 210 (max 500)
   eps = 0.002109 >= 0.0001
Iteration 211 (max 500)
   eps = 0.002077 >= 0.0001
Iteration 212 (max 500)
   eps = 0.002046 >= 0.0001
Iteration 213 (max 500)
   eps = 0.002011 >= 0.0001
Iteration 214 (max 500)
   eps = 0.001978 >= 0.0001
Iteration 215 (max 500)
   eps = 0.001943 >= 0.0001
Iteration 216 (max 500)
   eps = 0.001912 >= 0.0001
Iteration 217 (max 500)
   eps = 0.001881 >= 0.0001
Iteration 218 (max 500)
   eps = 0.001853 >= 0.0001
Iteration 219 (max 500)
   eps = 0.001824 >= 0.0001
Iteration 220 (max 500)
   eps = 0.001794 >= 0.0001
Iteration 221 (max 500)
   eps = 0.001765 >= 0.0001
Iteration 222 (max 500)
   eps = 0.001735 >= 0.0001
Iteration 223 (max 500)
   eps = 0.001708 >= 0.0001
Iteration 224 (max 500)
   eps = 0.00168 >= 0.0001
Iteration 225 (max 500)
   eps = 0.001654 >= 0.0001
Iteration 226 (max 500)
   eps = 0.001628 >= 0.0001
Iteration 227 (max 500)
   eps = 0.0016 >= 0.0001
Iteration 228 (max 500)
   eps = 0.001575 >= 0.0001
Iteration 229 (max 500)
   eps = 0.001552 >= 0.0001
Iteration 230 (max 500)
   eps = 0.001527 >= 0.0001
Iteration 231 (max 500)
   eps = 0.001505 >= 0.0001
Iteration 232 (max 500)
   eps = 0.001481 >= 0.0001
Iteration 233 (max 500)
   eps = 0.001456 >= 0.0001
Iteration 234 (max 500)
   eps = 0.001431 >= 0.0001
Iteration 235 (max 500)
   eps = 0.001406 >= 0.0001
Iteration 236 (max 500)
   eps = 0.001382 >= 0.0001
Iteration 237 (max 500)
   eps = 0.00136 >= 0.0001
Iteration 238 (max 500)
   eps = 0.001338 >= 0.0001
Iteration 239 (max 500)
   eps = 0.001316 >= 0.0001
Iteration 240 (max 500)
   eps = 0.001295 >= 0.0001
Iteration 241 (max 500)
   eps = 0.001274 >= 0.0001
Iteration 242 (max 500)
   eps = 0.001256 >= 0.0001
Iteration 243 (max 500)
   eps = 0.001238 >= 0.0001
Iteration 244 (max 500)
   eps = 0.001219 >= 0.0001
Iteration 245 (max 500)
   eps = 0.001197 >= 0.0001
Iteration 246 (max 500)
   eps = 0.001177 >= 0.0001
Iteration 247 (max 500)
   eps = 0.001158 >= 0.0001
Iteration 248 (max 500)
   eps = 0.00114 >= 0.0001
Iteration 249 (max 500)
   eps = 0.001121 >= 0.0001
Iteration 250 (max 500)
   eps = 0.001104 >= 0.0001
Iteration 251 (max 500)
   eps = 0.001086 >= 0.0001
Iteration 252 (max 500)
   eps = 0.001068 >= 0.0001
Iteration 253 (max 500)
   eps = 0.001049 >= 0.0001
Iteration 254 (max 500)
   eps = 0.001031 >= 0.0001
Iteration 255 (max 500)
   eps = 0.001013 >= 0.0001
Iteration 256 (max 500)
   eps = 0.000997 >= 0.0001
Iteration 257 (max 500)
   eps = 0.00098 >= 0.0001
Iteration 258 (max 500)
   eps = 0.000964 >= 0.0001
Iteration 259 (max 500)
   eps = 0.000948 >= 0.0001
Iteration 260 (max 500)
   eps = 0.000934 >= 0.0001
Iteration 261 (max 500)
   eps = 0.000919 >= 0.0001
Iteration 262 (max 500)
   eps = 0.000904 >= 0.0001
Iteration 263 (max 500)
   eps = 0.00089 >= 0.0001
Iteration 264 (max 500)
   eps = 0.000877 >= 0.0001
Iteration 265 (max 500)
   eps = 0.000863 >= 0.0001
Iteration 266 (max 500)
   eps = 0.000849 >= 0.0001
Iteration 267 (max 500)
   eps = 0.000834 >= 0.0001
Iteration 268 (max 500)
   eps = 0.00082 >= 0.0001
Iteration 269 (max 500)
   eps = 0.000807 >= 0.0001
Iteration 270 (max 500)
   eps = 0.000794 >= 0.0001
Iteration 271 (max 500)
   eps = 0.000784 >= 0.0001
Iteration 272 (max 500)
   eps = 0.000772 >= 0.0001
Iteration 273 (max 500)
   eps = 0.000761 >= 0.0001
Iteration 274 (max 500)
   eps = 0.000749 >= 0.0001
Iteration 275 (max 500)
   eps = 0.000736 >= 0.0001
Iteration 276 (max 500)
   eps = 0.000722 >= 0.0001
Iteration 277 (max 500)
   eps = 0.000709 >= 0.0001
Iteration 278 (max 500)
   eps = 0.000697 >= 0.0001
Iteration 279 (max 500)
   eps = 0.000685 >= 0.0001
Iteration 280 (max 500)
   eps = 0.000673 >= 0.0001
Iteration 281 (max 500)
   eps = 0.000662 >= 0.0001
Iteration 282 (max 500)
   eps = 0.000651 >= 0.0001
Iteration 283 (max 500)
   eps = 0.00064 >= 0.0001
Iteration 284 (max 500)
   eps = 0.00063 >= 0.0001
Iteration 285 (max 500)
   eps = 0.00062 >= 0.0001
Iteration 286 (max 500)
   eps = 0.00061 >= 0.0001
Iteration 287 (max 500)
   eps = 0.000599 >= 0.0001
Iteration 288 (max 500)
   eps = 0.000589 >= 0.0001
Iteration 289 (max 500)
   eps = 0.000579 >= 0.0001
Iteration 290 (max 500)
   eps = 0.000569 >= 0.0001
Iteration 291 (max 500)
   eps = 0.000559 >= 0.0001
Iteration 292 (max 500)
   eps = 0.000549 >= 0.0001
Iteration 293 (max 500)
   eps = 0.000539 >= 0.0001
Iteration 294 (max 500)
   eps = 0.00053 >= 0.0001
Iteration 295 (max 500)
   eps = 0.000521 >= 0.0001
Iteration 296 (max 500)
   eps = 0.000513 >= 0.0001
Iteration 297 (max 500)
   eps = 0.000504 >= 0.0001
Iteration 298 (max 500)
   eps = 0.000496 >= 0.0001
Iteration 299 (max 500)
   eps = 0.000488 >= 0.0001
Iteration 300 (max 500)
   eps = 0.00048 >= 0.0001
Iteration 301 (max 500)
   eps = 0.000473 >= 0.0001
Iteration 302 (max 500)
   eps = 0.000466 >= 0.0001
Iteration 303 (max 500)
   eps = 0.000458 >= 0.0001
Iteration 304 (max 500)
   eps = 0.000451 >= 0.0001
Iteration 305 (max 500)
   eps = 0.000444 >= 0.0001
Iteration 306 (max 500)
   eps = 0.000436 >= 0.0001
Iteration 307 (max 500)
   eps = 0.000429 >= 0.0001
Iteration 308 (max 500)
   eps = 0.000423 >= 0.0001
Iteration 309 (max 500)
   eps = 0.000417 >= 0.0001
Iteration 310 (max 500)
   eps = 0.00041 >= 0.0001
Iteration 311 (max 500)
   eps = 0.000403 >= 0.0001
Iteration 312 (max 500)
   eps = 0.000397 >= 0.0001
Iteration 313 (max 500)
   eps = 0.000391 >= 0.0001
Iteration 314 (max 500)
   eps = 0.000384 >= 0.0001
Iteration 315 (max 500)
   eps = 0.000377 >= 0.0001
Iteration 316 (max 500)
   eps = 0.000371 >= 0.0001
Iteration 317 (max 500)
   eps = 0.000365 >= 0.0001
Iteration 318 (max 500)
   eps = 0.000359 >= 0.0001
Iteration 319 (max 500)
   eps = 0.000353 >= 0.0001
Iteration 320 (max 500)
   eps = 0.000347 >= 0.0001
Iteration 321 (max 500)
   eps = 0.000341 >= 0.0001
Iteration 322 (max 500)
   eps = 0.000335 >= 0.0001
Iteration 323 (max 500)
   eps = 0.000329 >= 0.0001
Iteration 324 (max 500)
   eps = 0.000324 >= 0.0001
Iteration 325 (max 500)
   eps = 0.000318 >= 0.0001
Iteration 326 (max 500)
   eps = 0.000312 >= 0.0001
Iteration 327 (max 500)
   eps = 0.000308 >= 0.0001
Iteration 328 (max 500)
   eps = 0.000302 >= 0.0001
Iteration 329 (max 500)
   eps = 0.000297 >= 0.0001
Iteration 330 (max 500)
   eps = 0.000292 >= 0.0001
Iteration 331 (max 500)
   eps = 0.000287 >= 0.0001
Iteration 332 (max 500)
   eps = 0.000282 >= 0.0001
Iteration 333 (max 500)
   eps = 0.000277 >= 0.0001
Iteration 334 (max 500)
   eps = 0.000271 >= 0.0001
Iteration 335 (max 500)
   eps = 0.000266 >= 0.0001
Iteration 336 (max 500)
   eps = 0.000262 >= 0.0001
Iteration 337 (max 500)
   eps = 0.000257 >= 0.0001
Iteration 338 (max 500)
   eps = 0.000252 >= 0.0001
Iteration 339 (max 500)
   eps = 0.000248 >= 0.0001
Iteration 340 (max 500)
   eps = 0.000244 >= 0.0001
Iteration 341 (max 500)
   eps = 0.000239 >= 0.0001
Iteration 342 (max 500)
   eps = 0.000235 >= 0.0001
Iteration 343 (max 500)
   eps = 0.000231 >= 0.0001
Iteration 344 (max 500)
   eps = 0.000227 >= 0.0001
Iteration 345 (max 500)
   eps = 0.000223 >= 0.0001
Iteration 346 (max 500)
   eps = 0.000219 >= 0.0001
Iteration 347 (max 500)
   eps = 0.000215 >= 0.0001
Iteration 348 (max 500)
   eps = 0.000211 >= 0.0001
Iteration 349 (max 500)
   eps = 0.000207 >= 0.0001
Iteration 350 (max 500)
   eps = 0.000203 >= 0.0001
Iteration 351 (max 500)
   eps = 0.0002 >= 0.0001
Iteration 352 (max 500)
   eps = 0.000196 >= 0.0001
Iteration 353 (max 500)
   eps = 0.000192 >= 0.0001
Iteration 354 (max 500)
   eps = 0.000189 >= 0.0001
Iteration 355 (max 500)
   eps = 0.000186 >= 0.0001
Iteration 356 (max 500)
   eps = 0.000182 >= 0.0001
Iteration 357 (max 500)
   eps = 0.000179 >= 0.0001
Iteration 358 (max 500)
   eps = 0.000175 >= 0.0001
Iteration 359 (max 500)
   eps = 0.000172 >= 0.0001
Iteration 360 (max 500)
   eps = 0.000169 >= 0.0001
Iteration 361 (max 500)
   eps = 0.000166 >= 0.0001
Iteration 362 (max 500)
   eps = 0.000163 >= 0.0001
Iteration 363 (max 500)
   eps = 0.00016 >= 0.0001
Iteration 364 (max 500)
   eps = 0.000157 >= 0.0001
Iteration 365 (max 500)
   eps = 0.000154 >= 0.0001
Iteration 366 (max 500)
   eps = 0.000151 >= 0.0001
Iteration 367 (max 500)
   eps = 0.000149 >= 0.0001
Iteration 368 (max 500)
   eps = 0.000146 >= 0.0001
Iteration 369 (max 500)
   eps = 0.000143 >= 0.0001
Iteration 370 (max 500)
   eps = 0.000141 >= 0.0001
Iteration 371 (max 500)
   eps = 0.000138 >= 0.0001
Iteration 372 (max 500)
   eps = 0.000136 >= 0.0001
Iteration 373 (max 500)
   eps = 0.000133 >= 0.0001
Iteration 374 (max 500)
   eps = 0.000131 >= 0.0001
Iteration 375 (max 500)
   eps = 0.000128 >= 0.0001
Iteration 376 (max 500)
   eps = 0.000126 >= 0.0001
Iteration 377 (max 500)
   eps = 0.000124 >= 0.0001
Iteration 378 (max 500)
   eps = 0.000122 >= 0.0001
Iteration 379 (max 500)
   eps = 0.00012 >= 0.0001
Iteration 380 (max 500)
   eps = 0.000118 >= 0.0001
Iteration 381 (max 500)
   eps = 0.000116 >= 0.0001
Iteration 382 (max 500)
   eps = 0.000114 >= 0.0001
Iteration 383 (max 500)
   eps = 0.000112 >= 0.0001
Iteration 384 (max 500)
   eps = 0.000109 >= 0.0001
Iteration 385 (max 500)
   eps = 0.000107 >= 0.0001
Iteration 386 (max 500)
   eps = 0.000105 >= 0.0001
Iteration 387 (max 500)
   eps = 0.000103 >= 0.0001
Iteration 388 (max 500)
   eps = 0.000102 >= 0.0001
Iteration 389 (max 500)
Time spent by the wind speed solver: 150.93910789489746 s
Rotates geometries from -45.0 degrees
Interp succeeded!!! for tmp_file
Interp succeeded!!! for tmp_file
Interp succeeded!!! for tmp_file
Interp succeeded!!! for tmp_file
Interp succeeded!!! for tmp_file
Interp succeeded!!! for tmp_file
Process 3995970: Successfully ran URock for tile output 'wind_field_raw_tile_27'.
Process 3995970: Elapsed time for URock ('wind_field_raw_tile_27'): 482.22 seconds.
[Master] Process 3995970 - Tile 27: Finished processing.
[Master] 3995970: exit signal
Info: Debuffered '/storage/project/r-rbasu31-0/hyu483/Test_UMEP/UROCK_output_35_spawn/temp_intermediate_files/tile_27_urock_raw_outputs/z1_5/wind_field_raw_tile_27WS.tif' to '/storage/project/r-rbasu31-0/hyu483/Test_UMEP/UROCK_output_35_spawn/urock_tiled_output/urock_wind_field_tile_27WS.tif' (original extent: (234382.59099838723, 902332.4833440109, 234582.59099838723, 902532.4833440109)).
Connecting to database
	->/tmp/URock_2025-12-21T1813250516e263-0476-4b82-814b-b6d2d8432574/myDbH2
/storage/home/hcoda1/4/hyu483/qgis_332/profiles/default/python/plugins/processing_umep/functions/URock/h2gis-standalone/h2gis-dist-2.2.3.jar
Connected!

Spatial functions added!

Load input data
Load table 'build_pre_srid_20251221181327'
Load table 'veg_pre_srid_20251221181327'
Creates blocks and stacked blocks
Rotates geometries from 45.0 degrees
Identify block base height and block cavity base
Calculates obstacle properties
Calculates zone properties
Initializes upwind facades
Update upwind facades base height
Initializes downwind facades
Calculates study area properties
Roughness zone properties are:

                                 - z0: 1.9999507143603106
                                 - d: 9.452328113153861
                                 - Hr: 13.333004762402071
                                 - H_ob_max: 95
                                 - lambda_f: 0.17554879662419498
Rotates geometries from -45.0 degrees
Rotates geometries from -45.0 degrees
Rotates geometries from -45.0 degrees
Creates displacement zones
Rotates geometries from -45.0 degrees
Rotates geometries from -45.0 degrees
Creates cavity and wake zones
Rotates geometries from -45.0 degrees
Rotates geometries from -45.0 degrees
Creates street canyon zones
Rotates geometries from -45.0 degrees
Creates rooftop zones (perpendicular and corner)
Rotates geometries from -45.0 degrees
Rotates geometries from -45.0 degrees
Creates built-up and open vegetation zones
Rotates geometries from -45.0 degrees
Rotates geometries from -45.0 degrees
Identify the buildings concerned by the impacted zone chosen by the user
Creates the grid of points
Affects each grid point to a building Rockle zone and calculates needed 
          variables for 3D wind speed
Affects each grid point to a vegetation Rockle zone and calculates 
          needed variables for 3D wind speed
Remove some of the Röckle zone points
Creates backward zones
Calculates the 3D wind speed factor value for each point of each BUILDING zone
Rotates geometries from -45.0 degrees
Rotates geometries from -45.0 degrees
Rotates geometries from -45.0 degrees
Rotates geometries from -45.0 degrees
Rotates geometries from -45.0 degrees
Rotates geometries from -45.0 degrees
Rotates geometries from -45.0 degrees
Rotates geometries from -45.0 degrees
Rotates geometries from -45.0 degrees
Calculates the 3D wind speed factor value for each point of each VEGETATION zone
Rotates geometries from -45.0 degrees
Deals with superimposition (keeps only 1 value per 3D point)
Deals with superimposition (keeps only 1 value per 3D point)
Identify upstreamer points in TEMPO_WEIGHTING table
Identify upstreamer points in TEMPO_PRIORITIES table
Identify upstreamer points in TEMPO_PRIORITIES_WEIGHT table
Deals with superimposition (keeps only 1 value per 3D point)
Identify upstreamer points in TEMPO_WEIGHTING table
Identify upstreamer points in TEMPO_PRIORITIES table
Identify upstreamer points in TEMPO_PRIORITIES_WEIGHT table
Rotates geometries from -45.0 degrees
Identify grid points intersecting buildings
Set the initial 3D wind speed field
Time spent for wind speed initialization: 53.89162087440491 s
Shape: (223, 266, 43) - Nb cells: 2550674
Start to apply the wind solver
Iteration 1 (max 500)
   eps = 0.638463 >= 0.0001
Iteration 2 (max 500)
   eps = 0.401397 >= 0.0001
Iteration 3 (max 500)
   eps = 0.306375 >= 0.0001
Iteration 4 (max 500)
   eps = 0.249267 >= 0.0001
Iteration 5 (max 500)
   eps = 0.208984 >= 0.0001
Iteration 6 (max 500)
   eps = 0.179868 >= 0.0001
Iteration 7 (max 500)
   eps = 0.156775 >= 0.0001
Iteration 8 (max 500)
   eps = 0.137897 >= 0.0001
Iteration 9 (max 500)
   eps = 0.122146 >= 0.0001
Iteration 10 (max 500)
   eps = 0.108941 >= 0.0001
Iteration 11 (max 500)
   eps = 0.098099 >= 0.0001
Iteration 12 (max 500)
   eps = 0.088668 >= 0.0001
Iteration 13 (max 500)
   eps = 0.080944 >= 0.0001
Iteration 14 (max 500)
   eps = 0.074341 >= 0.0001
Iteration 15 (max 500)
   eps = 0.068534 >= 0.0001
Iteration 16 (max 500)
   eps = 0.063767 >= 0.0001
Iteration 17 (max 500)
   eps = 0.059711 >= 0.0001
Iteration 18 (max 500)
   eps = 0.056361 >= 0.0001
Iteration 19 (max 500)
   eps = 0.053404 >= 0.0001
Iteration 20 (max 500)
   eps = 0.050813 >= 0.0001
Iteration 21 (max 500)
   eps = 0.048472 >= 0.0001
Iteration 22 (max 500)
   eps = 0.046296 >= 0.0001
Iteration 23 (max 500)
   eps = 0.044196 >= 0.0001
Iteration 24 (max 500)
   eps = 0.042191 >= 0.0001
Iteration 25 (max 500)
   eps = 0.040317 >= 0.0001
Iteration 26 (max 500)
   eps = 0.038531 >= 0.0001
Iteration 27 (max 500)
   eps = 0.036825 >= 0.0001
Iteration 28 (max 500)
   eps = 0.035237 >= 0.0001
Iteration 29 (max 500)
   eps = 0.033782 >= 0.0001
Iteration 30 (max 500)
   eps = 0.032556 >= 0.0001
Iteration 31 (max 500)
   eps = 0.031362 >= 0.0001
Iteration 32 (max 500)
   eps = 0.030545 >= 0.0001
Iteration 33 (max 500)
   eps = 0.02965 >= 0.0001
Iteration 34 (max 500)
   eps = 0.028686 >= 0.0001
Iteration 35 (max 500)
   eps = 0.027822 >= 0.0001
Iteration 36 (max 500)
   eps = 0.027003 >= 0.0001
Iteration 37 (max 500)
   eps = 0.026258 >= 0.0001
Iteration 38 (max 500)
   eps = 0.02557 >= 0.0001
Iteration 39 (max 500)
   eps = 0.024968 >= 0.0001
Iteration 40 (max 500)
   eps = 0.024304 >= 0.0001
Iteration 41 (max 500)
   eps = 0.024062 >= 0.0001
Iteration 42 (max 500)
   eps = 0.023539 >= 0.0001
Iteration 43 (max 500)
   eps = 0.02272 >= 0.0001
Iteration 44 (max 500)
   eps = 0.022151 >= 0.0001
Iteration 45 (max 500)
   eps = 0.021643 >= 0.0001
Iteration 46 (max 500)
   eps = 0.021148 >= 0.0001
Iteration 47 (max 500)
   eps = 0.020662 >= 0.0001
Iteration 48 (max 500)
   eps = 0.020197 >= 0.0001
Iteration 49 (max 500)
   eps = 0.019736 >= 0.0001
Iteration 50 (max 500)
   eps = 0.019294 >= 0.0001
Iteration 51 (max 500)
   eps = 0.018876 >= 0.0001
Iteration 52 (max 500)
   eps = 0.018489 >= 0.0001
Iteration 53 (max 500)
   eps = 0.018097 >= 0.0001
Iteration 54 (max 500)
   eps = 0.017684 >= 0.0001
Iteration 55 (max 500)
   eps = 0.017306 >= 0.0001
Iteration 56 (max 500)
   eps = 0.016944 >= 0.0001
Iteration 57 (max 500)
   eps = 0.016593 >= 0.0001
Iteration 58 (max 500)
   eps = 0.016269 >= 0.0001
Iteration 59 (max 500)
   eps = 0.015962 >= 0.0001
Iteration 60 (max 500)
   eps = 0.015676 >= 0.0001
Iteration 61 (max 500)
   eps = 0.015398 >= 0.0001
Iteration 62 (max 500)
   eps = 0.015117 >= 0.0001
Iteration 63 (max 500)
   eps = 0.014827 >= 0.0001
Iteration 64 (max 500)
   eps = 0.014527 >= 0.0001
Iteration 65 (max 500)
   eps = 0.014243 >= 0.0001
Iteration 66 (max 500)
   eps = 0.013973 >= 0.0001
Iteration 67 (max 500)
   eps = 0.013702 >= 0.0001
Iteration 68 (max 500)
   eps = 0.013447 >= 0.0001
Iteration 69 (max 500)
   eps = 0.01322 >= 0.0001
Iteration 70 (max 500)
   eps = 0.013006 >= 0.0001
Iteration 71 (max 500)
   eps = 0.012798 >= 0.0001
Iteration 72 (max 500)
   eps = 0.012603 >= 0.0001
Iteration 73 (max 500)
   eps = 0.012402 >= 0.0001
Iteration 74 (max 500)
   eps = 0.012196 >= 0.0001
Iteration 75 (max 500)
   eps = 0.011984 >= 0.0001
Iteration 76 (max 500)
   eps = 0.011772 >= 0.0001
Iteration 77 (max 500)
   eps = 0.011562 >= 0.0001
Iteration 78 (max 500)
   eps = 0.011374 >= 0.0001
Iteration 79 (max 500)
   eps = 0.011183 >= 0.0001
Iteration 80 (max 500)
   eps = 0.010989 >= 0.0001
Iteration 81 (max 500)
   eps = 0.010804 >= 0.0001
Iteration 82 (max 500)
   eps = 0.010636 >= 0.0001
Iteration 83 (max 500)
   eps = 0.010469 >= 0.0001
Iteration 84 (max 500)
   eps = 0.010303 >= 0.0001
Iteration 85 (max 500)
   eps = 0.010131 >= 0.0001
Iteration 86 (max 500)
   eps = 0.009948 >= 0.0001
Iteration 87 (max 500)
   eps = 0.009772 >= 0.0001
Iteration 88 (max 500)
   eps = 0.009593 >= 0.0001
Iteration 89 (max 500)
   eps = 0.00942 >= 0.0001
Iteration 90 (max 500)
   eps = 0.009239 >= 0.0001
Iteration 91 (max 500)
   eps = 0.009071 >= 0.0001
Iteration 92 (max 500)
   eps = 0.008907 >= 0.0001
Iteration 93 (max 500)
   eps = 0.008758 >= 0.0001
Iteration 94 (max 500)
   eps = 0.008611 >= 0.0001
Iteration 95 (max 500)
   eps = 0.008472 >= 0.0001
Iteration 96 (max 500)
   eps = 0.008338 >= 0.0001
Iteration 97 (max 500)
   eps = 0.008201 >= 0.0001
Iteration 98 (max 500)
   eps = 0.008072 >= 0.0001
Iteration 99 (max 500)
   eps = 0.007937 >= 0.0001
Iteration 100 (max 500)
   eps = 0.007812 >= 0.0001
Iteration 101 (max 500)
   eps = 0.00769 >= 0.0001
Iteration 102 (max 500)
   eps = 0.007567 >= 0.0001
Iteration 103 (max 500)
   eps = 0.007448 >= 0.0001
Iteration 104 (max 500)
   eps = 0.007324 >= 0.0001
Iteration 105 (max 500)
   eps = 0.007198 >= 0.0001
Iteration 106 (max 500)
   eps = 0.007067 >= 0.0001
Iteration 107 (max 500)
   eps = 0.006934 >= 0.0001
Iteration 108 (max 500)
   eps = 0.006801 >= 0.0001
Iteration 109 (max 500)
   eps = 0.006674 >= 0.0001
Iteration 110 (max 500)
   eps = 0.006552 >= 0.0001
Iteration 111 (max 500)
   eps = 0.006431 >= 0.0001
Iteration 112 (max 500)
   eps = 0.00632 >= 0.0001
Iteration 113 (max 500)
   eps = 0.006218 >= 0.0001
Iteration 114 (max 500)
   eps = 0.006114 >= 0.0001
Iteration 115 (max 500)
   eps = 0.006014 >= 0.0001
Iteration 116 (max 500)
   eps = 0.005918 >= 0.0001
Iteration 117 (max 500)
   eps = 0.005822 >= 0.0001
Iteration 118 (max 500)
   eps = 0.005733 >= 0.0001
Iteration 119 (max 500)
   eps = 0.005631 >= 0.0001
Iteration 120 (max 500)
   eps = 0.005537 >= 0.0001
Iteration 121 (max 500)
   eps = 0.00545 >= 0.0001
Iteration 122 (max 500)
   eps = 0.005358 >= 0.0001
Iteration 123 (max 500)
   eps = 0.005266 >= 0.0001
Iteration 124 (max 500)
   eps = 0.005177 >= 0.0001
Iteration 125 (max 500)
   eps = 0.005078 >= 0.0001
Iteration 126 (max 500)
   eps = 0.00498 >= 0.0001
Iteration 127 (max 500)
   eps = 0.004869 >= 0.0001
Iteration 128 (max 500)
   eps = 0.004777 >= 0.0001
Iteration 129 (max 500)
   eps = 0.004671 >= 0.0001
Iteration 130 (max 500)
   eps = 0.004573 >= 0.0001
Iteration 131 (max 500)
   eps = 0.004478 >= 0.0001
Iteration 132 (max 500)
   eps = 0.004381 >= 0.0001
Iteration 133 (max 500)
   eps = 0.004297 >= 0.0001
Iteration 134 (max 500)
   eps = 0.004205 >= 0.0001
Iteration 135 (max 500)
   eps = 0.004121 >= 0.0001
Iteration 136 (max 500)
   eps = 0.004054 >= 0.0001
Iteration 137 (max 500)
   eps = 0.003982 >= 0.0001
Iteration 138 (max 500)
   eps = 0.003907 >= 0.0001
Iteration 139 (max 500)
   eps = 0.003844 >= 0.0001
Iteration 140 (max 500)
   eps = 0.003778 >= 0.0001
Iteration 141 (max 500)
   eps = 0.003722 >= 0.0001
Iteration 142 (max 500)
   eps = 0.003656 >= 0.0001
Iteration 143 (max 500)
   eps = 0.003596 >= 0.0001
Iteration 144 (max 500)
   eps = 0.003519 >= 0.0001
Iteration 145 (max 500)
   eps = 0.003463 >= 0.0001
Iteration 146 (max 500)
   eps = 0.003396 >= 0.0001
Iteration 147 (max 500)
   eps = 0.003334 >= 0.0001
Iteration 148 (max 500)
   eps = 0.003289 >= 0.0001
Iteration 149 (max 500)
   eps = 0.003227 >= 0.0001
Iteration 150 (max 500)
   eps = 0.003172 >= 0.0001
Iteration 151 (max 500)
   eps = 0.003111 >= 0.0001
Iteration 152 (max 500)
   eps = 0.00306 >= 0.0001
Iteration 153 (max 500)
   eps = 0.002995 >= 0.0001
Iteration 154 (max 500)
   eps = 0.002942 >= 0.0001
Iteration 155 (max 500)
   eps = 0.002893 >= 0.0001
Iteration 156 (max 500)
   eps = 0.002841 >= 0.0001
Iteration 157 (max 500)
   eps = 0.002799 >= 0.0001
Iteration 158 (max 500)
   eps = 0.002747 >= 0.0001
Iteration 159 (max 500)
   eps = 0.002696 >= 0.0001
Iteration 160 (max 500)
   eps = 0.002641 >= 0.0001
Iteration 161 (max 500)
   eps = 0.002588 >= 0.0001
Iteration 162 (max 500)
   eps = 0.002536 >= 0.0001
Iteration 163 (max 500)
   eps = 0.00249 >= 0.0001
Iteration 164 (max 500)
   eps = 0.002442 >= 0.0001
Iteration 165 (max 500)
   eps = 0.002392 >= 0.0001
Iteration 166 (max 500)
   eps = 0.002347 >= 0.0001
Iteration 167 (max 500)
   eps = 0.002302 >= 0.0001
Iteration 168 (max 500)
   eps = 0.002262 >= 0.0001
Iteration 169 (max 500)
   eps = 0.002223 >= 0.0001
Iteration 170 (max 500)
   eps = 0.002183 >= 0.0001
Iteration 171 (max 500)
   eps = 0.002143 >= 0.0001
Iteration 172 (max 500)
   eps = 0.002105 >= 0.0001
Iteration 173 (max 500)
   eps = 0.002071 >= 0.0001
Iteration 174 (max 500)
   eps = 0.002035 >= 0.0001
Iteration 175 (max 500)
   eps = 0.002001 >= 0.0001
Iteration 176 (max 500)
   eps = 0.001968 >= 0.0001
Iteration 177 (max 500)
   eps = 0.001933 >= 0.0001
Iteration 178 (max 500)
   eps = 0.001895 >= 0.0001
Iteration 179 (max 500)
   eps = 0.001857 >= 0.0001
Iteration 180 (max 500)
   eps = 0.001821 >= 0.0001
Iteration 181 (max 500)
   eps = 0.001786 >= 0.0001
Iteration 182 (max 500)
   eps = 0.001752 >= 0.0001
Iteration 183 (max 500)
   eps = 0.001719 >= 0.0001
Iteration 184 (max 500)
   eps = 0.001687 >= 0.0001
Iteration 185 (max 500)
   eps = 0.001656 >= 0.0001
Iteration 186 (max 500)
   eps = 0.001626 >= 0.0001
Iteration 187 (max 500)
   eps = 0.001598 >= 0.0001
Iteration 188 (max 500)
   eps = 0.001569 >= 0.0001
Iteration 189 (max 500)
   eps = 0.00154 >= 0.0001
Iteration 190 (max 500)
   eps = 0.001511 >= 0.0001
Iteration 191 (max 500)
   eps = 0.001482 >= 0.0001
Iteration 192 (max 500)
   eps = 0.001454 >= 0.0001
Iteration 193 (max 500)
   eps = 0.001428 >= 0.0001
Iteration 194 (max 500)
   eps = 0.001401 >= 0.0001
Iteration 195 (max 500)
   eps = 0.001375 >= 0.0001
Iteration 196 (max 500)
   eps = 0.001348 >= 0.0001
Iteration 197 (max 500)
   eps = 0.001322 >= 0.0001
Iteration 198 (max 500)
   eps = 0.001296 >= 0.0001
Iteration 199 (max 500)
   eps = 0.001271 >= 0.0001
Iteration 200 (max 500)
   eps = 0.001246 >= 0.0001
Iteration 201 (max 500)
   eps = 0.001221 >= 0.0001
Iteration 202 (max 500)
   eps = 0.001198 >= 0.0001
Iteration 203 (max 500)
   eps = 0.001176 >= 0.0001
Iteration 204 (max 500)
   eps = 0.001153 >= 0.0001
Iteration 205 (max 500)
   eps = 0.001131 >= 0.0001
Iteration 206 (max 500)
   eps = 0.001108 >= 0.0001
Iteration 207 (max 500)
   eps = 0.001087 >= 0.0001
Iteration 208 (max 500)
   eps = 0.001066 >= 0.0001
Iteration 209 (max 500)
   eps = 0.001045 >= 0.0001
Iteration 210 (max 500)
   eps = 0.001024 >= 0.0001
Iteration 211 (max 500)
   eps = 0.001003 >= 0.0001
Iteration 212 (max 500)
   eps = 0.000983 >= 0.0001
Iteration 213 (max 500)
   eps = 0.000963 >= 0.0001
Iteration 214 (max 500)
   eps = 0.000945 >= 0.0001
Iteration 215 (max 500)
   eps = 0.000927 >= 0.0001
Iteration 216 (max 500)
   eps = 0.000908 >= 0.0001
Iteration 217 (max 500)
   eps = 0.000889 >= 0.0001
Iteration 218 (max 500)
   eps = 0.000871 >= 0.0001
Iteration 219 (max 500)
   eps = 0.000853 >= 0.0001
Iteration 220 (max 500)
   eps = 0.000836 >= 0.0001
Iteration 221 (max 500)
   eps = 0.000819 >= 0.0001
Iteration 222 (max 500)
   eps = 0.000802 >= 0.0001
Iteration 223 (max 500)
   eps = 0.000785 >= 0.0001
Iteration 224 (max 500)
   eps = 0.000769 >= 0.0001
Iteration 225 (max 500)
   eps = 0.000753 >= 0.0001
Iteration 226 (max 500)
   eps = 0.000737 >= 0.0001
Iteration 227 (max 500)
   eps = 0.000721 >= 0.0001
Iteration 228 (max 500)
   eps = 0.000706 >= 0.0001
Iteration 229 (max 500)
   eps = 0.000691 >= 0.0001
Iteration 230 (max 500)
   eps = 0.000677 >= 0.0001
Iteration 231 (max 500)
   eps = 0.000663 >= 0.0001
Iteration 232 (max 500)
   eps = 0.000649 >= 0.0001
Iteration 233 (max 500)
   eps = 0.000636 >= 0.0001
Iteration 234 (max 500)
   eps = 0.000623 >= 0.0001
Iteration 235 (max 500)
   eps = 0.00061 >= 0.0001
Iteration 236 (max 500)
   eps = 0.0006 >= 0.0001
Iteration 237 (max 500)
   eps = 0.000588 >= 0.0001
Iteration 238 (max 500)
   eps = 0.000577 >= 0.0001
Iteration 239 (max 500)
   eps = 0.000565 >= 0.0001
Iteration 240 (max 500)
   eps = 0.000555 >= 0.0001
Iteration 241 (max 500)
   eps = 0.000544 >= 0.0001
Iteration 242 (max 500)
   eps = 0.000532 >= 0.0001
Iteration 243 (max 500)
   eps = 0.000521 >= 0.0001
Iteration 244 (max 500)
   eps = 0.000511 >= 0.0001
Iteration 245 (max 500)
   eps = 0.0005 >= 0.0001
Iteration 246 (max 500)
   eps = 0.000489 >= 0.0001
Iteration 247 (max 500)
   eps = 0.000479 >= 0.0001
Iteration 248 (max 500)
   eps = 0.00047 >= 0.0001
Iteration 249 (max 500)
   eps = 0.000462 >= 0.0001
Iteration 250 (max 500)
   eps = 0.000453 >= 0.0001
Iteration 251 (max 500)
   eps = 0.000443 >= 0.0001
Iteration 252 (max 500)
   eps = 0.000434 >= 0.0001
Iteration 253 (max 500)
   eps = 0.000425 >= 0.0001
Iteration 254 (max 500)
   eps = 0.000416 >= 0.0001
Iteration 255 (max 500)
   eps = 0.000408 >= 0.0001
Iteration 256 (max 500)
   eps = 0.000403 >= 0.0001
Iteration 257 (max 500)
   eps = 0.000393 >= 0.0001
Iteration 258 (max 500)
   eps = 0.000383 >= 0.0001
Iteration 259 (max 500)
   eps = 0.000374 >= 0.0001
Iteration 260 (max 500)
   eps = 0.000366 >= 0.0001
Iteration 261 (max 500)
   eps = 0.000358 >= 0.0001
Iteration 262 (max 500)
   eps = 0.000351 >= 0.0001
Iteration 263 (max 500)
   eps = 0.000344 >= 0.0001
Iteration 264 (max 500)
   eps = 0.000336 >= 0.0001
Iteration 265 (max 500)
   eps = 0.000329 >= 0.0001
Iteration 266 (max 500)
   eps = 0.000322 >= 0.0001
Iteration 267 (max 500)
   eps = 0.000315 >= 0.0001
Iteration 268 (max 500)
   eps = 0.000308 >= 0.0001
Iteration 269 (max 500)
   eps = 0.000302 >= 0.0001
Iteration 270 (max 500)
   eps = 0.000295 >= 0.0001
Iteration 271 (max 500)
   eps = 0.000289 >= 0.0001
Iteration 272 (max 500)
   eps = 0.000283 >= 0.0001
Iteration 273 (max 500)
   eps = 0.000277 >= 0.0001
Iteration 274 (max 500)
   eps = 0.000271 >= 0.0001
Iteration 275 (max 500)
   eps = 0.000266 >= 0.0001
Iteration 276 (max 500)
   eps = 0.00026 >= 0.0001
Iteration 277 (max 500)
   eps = 0.000255 >= 0.0001
Iteration 278 (max 500)
   eps = 0.000251 >= 0.0001
Iteration 279 (max 500)
   eps = 0.000246 >= 0.0001
Iteration 280 (max 500)
   eps = 0.000241 >= 0.0001
Iteration 281 (max 500)
   eps = 0.000236 >= 0.0001
Iteration 282 (max 500)
   eps = 0.00023 >= 0.0001
Iteration 283 (max 500)
   eps = 0.000226 >= 0.0001
Iteration 284 (max 500)
   eps = 0.000221 >= 0.0001
Iteration 285 (max 500)
   eps = 0.000217 >= 0.0001
Iteration 286 (max 500)
   eps = 0.000212 >= 0.0001
Iteration 287 (max 500)
   eps = 0.000207 >= 0.0001
Iteration 288 (max 500)
   eps = 0.000203 >= 0.0001
Iteration 289 (max 500)
   eps = 0.000199 >= 0.0001
Iteration 290 (max 500)
   eps = 0.000194 >= 0.0001
Iteration 291 (max 500)
   eps = 0.00019 >= 0.0001
Iteration 292 (max 500)
   eps = 0.000187 >= 0.0001
Iteration 293 (max 500)
   eps = 0.000183 >= 0.0001
Iteration 294 (max 500)
   eps = 0.000179 >= 0.0001
Iteration 295 (max 500)
   eps = 0.000175 >= 0.0001
Iteration 296 (max 500)
   eps = 0.000172 >= 0.0001
Iteration 297 (max 500)
   eps = 0.000168 >= 0.0001
Iteration 298 (max 500)
   eps = 0.000165 >= 0.0001
Iteration 299 (max 500)
   eps = 0.000161 >= 0.0001
Iteration 300 (max 500)
   eps = 0.000158 >= 0.0001
Iteration 301 (max 500)
   eps = 0.000154 >= 0.0001
Iteration 302 (max 500)
   eps = 0.000151 >= 0.0001
Iteration 303 (max 500)
   eps = 0.000147 >= 0.0001
Iteration 304 (max 500)
   eps = 0.000144 >= 0.0001
Iteration 305 (max 500)
   eps = 0.000141 >= 0.0001
Iteration 306 (max 500)
   eps = 0.000138 >= 0.0001
Iteration 307 (max 500)
   eps = 0.000135 >= 0.0001
Iteration 308 (max 500)
   eps = 0.000132 >= 0.0001
Iteration 309 (max 500)
   eps = 0.000129 >= 0.0001
Iteration 310 (max 500)
   eps = 0.000126 >= 0.0001
Iteration 311 (max 500)
   eps = 0.000124 >= 0.0001
Iteration 312 (max 500)
   eps = 0.000121 >= 0.0001
Iteration 313 (max 500)
   eps = 0.000119 >= 0.0001
Iteration 314 (max 500)
   eps = 0.000117 >= 0.0001
Iteration 315 (max 500)
   eps = 0.000114 >= 0.0001
Iteration 316 (max 500)
   eps = 0.000112 >= 0.0001
Iteration 317 (max 500)
   eps = 0.00011 >= 0.0001
Iteration 318 (max 500)
   eps = 0.000107 >= 0.0001
Iteration 319 (max 500)
   eps = 0.000105 >= 0.0001
Iteration 320 (max 500)
   eps = 0.000103 >= 0.0001
Iteration 321 (max 500)
   eps = 0.000101 >= 0.0001
Iteration 322 (max 500)
Time spent by the wind speed solver: 90.15868020057678 s
Rotates geometries from -45.0 degrees
Interp succeeded!!! for tmp_file
Interp succeeded!!! for tmp_file
Interp succeeded!!! for tmp_file
Interp succeeded!!! for tmp_file
Interp succeeded!!! for tmp_file
Interp succeeded!!! for tmp_file
Process 3995997: Successfully ran URock for tile output 'wind_field_raw_tile_31'.
Process 3995997: Elapsed time for URock ('wind_field_raw_tile_31'): 196.11 seconds.
[Master] Process 3995997 - Tile 31: Finished processing.
[Master] 3995997: exit signal
Info: Debuffered '/storage/project/r-rbasu31-0/hyu483/Test_UMEP/UROCK_output_35_spawn/temp_intermediate_files/tile_31_urock_raw_outputs/z1_5/wind_field_raw_tile_31WS.tif' to '/storage/project/r-rbasu31-0/hyu483/Test_UMEP/UROCK_output_35_spawn/urock_tiled_output/urock_wind_field_tile_31WS.tif' (original extent: (234582.59099838723, 901932.4833440109, 234642.58635222574, 902132.4833440109)).
Connecting to database
	->/tmp/URock_2025-12-21T181445bf6faabf-4284-4699-b156-d4b12055e0f6/myDbH2
/storage/home/hcoda1/4/hyu483/qgis_332/profiles/default/python/plugins/processing_umep/functions/URock/h2gis-standalone/h2gis-dist-2.2.3.jar
Connected!

Spatial functions added!

Load input data
Load table 'build_pre_srid_20251221181446'
Load table 'veg_pre_srid_20251221181446'
Creates blocks and stacked blocks
Rotates geometries from 45.0 degrees
Identify block base height and block cavity base
Calculates obstacle properties
Calculates zone properties
Initializes upwind facades
Update upwind facades base height
Initializes downwind facades
Calculates study area properties
Roughness zone properties are:

                                 - z0: 1.7577215754358821
                                 - d: 8.388018361731776
                                 - Hr: 11.718143836239214
                                 - H_ob_max: 95
                                 - lambda_f: 0.19518455164282877
Rotates geometries from -45.0 degrees
Rotates geometries from -45.0 degrees
Rotates geometries from -45.0 degrees
Creates displacement zones
Rotates geometries from -45.0 degrees
Rotates geometries from -45.0 degrees
Creates cavity and wake zones
Rotates geometries from -45.0 degrees
Rotates geometries from -45.0 degrees
Creates street canyon zones
Rotates geometries from -45.0 degrees
Creates rooftop zones (perpendicular and corner)
Rotates geometries from -45.0 degrees
Rotates geometries from -45.0 degrees
Creates built-up and open vegetation zones
Rotates geometries from -45.0 degrees
Rotates geometries from -45.0 degrees
Identify the buildings concerned by the impacted zone chosen by the user
Creates the grid of points
Affects each grid point to a building Rockle zone and calculates needed 
          variables for 3D wind speed
Affects each grid point to a vegetation Rockle zone and calculates 
          needed variables for 3D wind speed
Remove some of the Röckle zone points
Creates backward zones
Calculates the 3D wind speed factor value for each point of each BUILDING zone
Rotates geometries from -45.0 degrees
Rotates geometries from -45.0 degrees
Rotates geometries from -45.0 degrees
Rotates geometries from -45.0 degrees
Rotates geometries from -45.0 degrees
Rotates geometries from -45.0 degrees
Rotates geometries from -45.0 degrees
Rotates geometries from -45.0 degrees
Rotates geometries from -45.0 degrees
Calculates the 3D wind speed factor value for each point of each VEGETATION zone
Rotates geometries from -45.0 degrees
Deals with superimposition (keeps only 1 value per 3D point)
Deals with superimposition (keeps only 1 value per 3D point)
Identify upstreamer points in TEMPO_WEIGHTING table
Identify upstreamer points in TEMPO_PRIORITIES table
Identify upstreamer points in TEMPO_PRIORITIES_WEIGHT table
Deals with superimposition (keeps only 1 value per 3D point)
Identify upstreamer points in TEMPO_WEIGHTING table
Identify upstreamer points in TEMPO_PRIORITIES table
Identify upstreamer points in TEMPO_PRIORITIES_WEIGHT table
Rotates geometries from -45.0 degrees
Identify grid points intersecting buildings
Set the initial 3D wind speed field
Time spent for wind speed initialization: 43.79185628890991 s
Shape: (209, 234, 43) - Nb cells: 2102958
Start to apply the wind solver
Iteration 1 (max 500)
   eps = 0.61466 >= 0.0001
Iteration 2 (max 500)
   eps = 0.390656 >= 0.0001
Iteration 3 (max 500)
   eps = 0.302021 >= 0.0001
Iteration 4 (max 500)
   eps = 0.247022 >= 0.0001
Iteration 5 (max 500)
   eps = 0.206929 >= 0.0001
Iteration 6 (max 500)
   eps = 0.1772 >= 0.0001
Iteration 7 (max 500)
   eps = 0.154093 >= 0.0001
Iteration 8 (max 500)
   eps = 0.134618 >= 0.0001
Iteration 9 (max 500)
   eps = 0.118396 >= 0.0001
Iteration 10 (max 500)
   eps = 0.10499 >= 0.0001
Iteration 11 (max 500)
   eps = 0.094588 >= 0.0001
Iteration 12 (max 500)
   eps = 0.085928 >= 0.0001
Iteration 13 (max 500)
   eps = 0.078862 >= 0.0001
Iteration 14 (max 500)
   eps = 0.072601 >= 0.0001
Iteration 15 (max 500)
   eps = 0.067148 >= 0.0001
Iteration 16 (max 500)
   eps = 0.062681 >= 0.0001
Iteration 17 (max 500)
   eps = 0.058934 >= 0.0001
Iteration 18 (max 500)
   eps = 0.055474 >= 0.0001
Iteration 19 (max 500)
   eps = 0.052417 >= 0.0001
Iteration 20 (max 500)
   eps = 0.049885 >= 0.0001
Iteration 21 (max 500)
   eps = 0.047626 >= 0.0001
Iteration 22 (max 500)
   eps = 0.045593 >= 0.0001
Iteration 23 (max 500)
   eps = 0.043687 >= 0.0001
Iteration 24 (max 500)
   eps = 0.041895 >= 0.0001
Iteration 25 (max 500)
   eps = 0.040241 >= 0.0001
Iteration 26 (max 500)
   eps = 0.038677 >= 0.0001
Iteration 27 (max 500)
   eps = 0.037229 >= 0.0001
Iteration 28 (max 500)
   eps = 0.035877 >= 0.0001
Iteration 29 (max 500)
   eps = 0.034578 >= 0.0001
Iteration 30 (max 500)
   eps = 0.03341 >= 0.0001
Iteration 31 (max 500)
   eps = 0.032336 >= 0.0001
Iteration 32 (max 500)
   eps = 0.031377 >= 0.0001
Iteration 33 (max 500)
   eps = 0.030403 >= 0.0001
Iteration 34 (max 500)
   eps = 0.029556 >= 0.0001
Iteration 35 (max 500)
   eps = 0.02868 >= 0.0001
Iteration 36 (max 500)
   eps = 0.027859 >= 0.0001
Iteration 37 (max 500)
   eps = 0.027093 >= 0.0001
Iteration 38 (max 500)
   eps = 0.026439 >= 0.0001
Iteration 39 (max 500)
   eps = 0.025755 >= 0.0001
Iteration 40 (max 500)
   eps = 0.025069 >= 0.0001
Iteration 41 (max 500)
   eps = 0.025093 >= 0.0001
Iteration 42 (max 500)
   eps = 0.024092 >= 0.0001
Iteration 43 (max 500)
   eps = 0.023127 >= 0.0001
Iteration 44 (max 500)
   eps = 0.022532 >= 0.0001
Iteration 45 (max 500)
   eps = 0.021979 >= 0.0001
Iteration 46 (max 500)
   eps = 0.021416 >= 0.0001
Iteration 47 (max 500)
   eps = 0.0209 >= 0.0001
Iteration 48 (max 500)
   eps = 0.020436 >= 0.0001
Iteration 49 (max 500)
   eps = 0.020031 >= 0.0001
Iteration 50 (max 500)
   eps = 0.019631 >= 0.0001
Iteration 51 (max 500)
   eps = 0.019234 >= 0.0001
Iteration 52 (max 500)
   eps = 0.01885 >= 0.0001
Iteration 53 (max 500)
   eps = 0.018461 >= 0.0001
Iteration 54 (max 500)
   eps = 0.018072 >= 0.0001
Iteration 55 (max 500)
   eps = 0.017689 >= 0.0001
Iteration 56 (max 500)
   eps = 0.017289 >= 0.0001
Iteration 57 (max 500)
   eps = 0.016872 >= 0.0001
Iteration 58 (max 500)
   eps = 0.016473 >= 0.0001
Iteration 59 (max 500)
   eps = 0.016094 >= 0.0001
Iteration 60 (max 500)
   eps = 0.015725 >= 0.0001
Iteration 61 (max 500)
   eps = 0.015376 >= 0.0001
Iteration 62 (max 500)
   eps = 0.015043 >= 0.0001
Iteration 63 (max 500)
   eps = 0.014727 >= 0.0001
Iteration 64 (max 500)
   eps = 0.014407 >= 0.0001
Iteration 65 (max 500)
   eps = 0.014102 >= 0.0001
Iteration 66 (max 500)
   eps = 0.013807 >= 0.0001
Iteration 67 (max 500)
   eps = 0.013515 >= 0.0001
Iteration 68 (max 500)
   eps = 0.013242 >= 0.0001
Iteration 69 (max 500)
   eps = 0.012978 >= 0.0001
Iteration 70 (max 500)
   eps = 0.012724 >= 0.0001
Iteration 71 (max 500)
   eps = 0.012474 >= 0.0001
Iteration 72 (max 500)
   eps = 0.012231 >= 0.0001
Iteration 73 (max 500)
   eps = 0.011986 >= 0.0001
Iteration 74 (max 500)
   eps = 0.011748 >= 0.0001
Iteration 75 (max 500)
   eps = 0.011527 >= 0.0001
Iteration 76 (max 500)
   eps = 0.011322 >= 0.0001
Iteration 77 (max 500)
   eps = 0.011126 >= 0.0001
Iteration 78 (max 500)
   eps = 0.010939 >= 0.0001
Iteration 79 (max 500)
   eps = 0.01076 >= 0.0001
Iteration 80 (max 500)
   eps = 0.010578 >= 0.0001
Iteration 81 (max 500)
   eps = 0.010397 >= 0.0001
Iteration 82 (max 500)
   eps = 0.010224 >= 0.0001
Iteration 83 (max 500)
   eps = 0.01005 >= 0.0001
Iteration 84 (max 500)
   eps = 0.009873 >= 0.0001
Iteration 85 (max 500)
   eps = 0.009676 >= 0.0001
Iteration 86 (max 500)
   eps = 0.009469 >= 0.0001
Iteration 87 (max 500)
   eps = 0.009279 >= 0.0001
Iteration 88 (max 500)
   eps = 0.009093 >= 0.0001
Iteration 89 (max 500)
   eps = 0.008905 >= 0.0001
Iteration 90 (max 500)
   eps = 0.008718 >= 0.0001
Iteration 91 (max 500)
   eps = 0.008541 >= 0.0001
Iteration 92 (max 500)
   eps = 0.008366 >= 0.0001
Iteration 93 (max 500)
   eps = 0.0082 >= 0.0001
Iteration 94 (max 500)
   eps = 0.00804 >= 0.0001
Iteration 95 (max 500)
   eps = 0.007894 >= 0.0001
Iteration 96 (max 500)
   eps = 0.007759 >= 0.0001
Iteration 97 (max 500)
   eps = 0.00764 >= 0.0001
Iteration 98 (max 500)
   eps = 0.007513 >= 0.0001
Iteration 99 (max 500)
   eps = 0.007395 >= 0.0001
Iteration 100 (max 500)
   eps = 0.00727 >= 0.0001
Iteration 101 (max 500)
   eps = 0.007143 >= 0.0001
Iteration 102 (max 500)
   eps = 0.007021 >= 0.0001
Iteration 103 (max 500)
   eps = 0.006888 >= 0.0001
Iteration 104 (max 500)
   eps = 0.006761 >= 0.0001
Iteration 105 (max 500)
   eps = 0.006632 >= 0.0001
Iteration 106 (max 500)
   eps = 0.006506 >= 0.0001
Iteration 107 (max 500)
   eps = 0.006382 >= 0.0001
Iteration 108 (max 500)
   eps = 0.006259 >= 0.0001
Iteration 109 (max 500)
   eps = 0.006146 >= 0.0001
Iteration 110 (max 500)
   eps = 0.006032 >= 0.0001
Iteration 111 (max 500)
   eps = 0.005924 >= 0.0001
Iteration 112 (max 500)
   eps = 0.005822 >= 0.0001
Iteration 113 (max 500)
   eps = 0.005725 >= 0.0001
Iteration 114 (max 500)
   eps = 0.005629 >= 0.0001
Iteration 115 (max 500)
   eps = 0.005529 >= 0.0001
Iteration 116 (max 500)
   eps = 0.005437 >= 0.0001
Iteration 117 (max 500)
   eps = 0.00534 >= 0.0001
Iteration 118 (max 500)
   eps = 0.005251 >= 0.0001
Iteration 119 (max 500)
   eps = 0.005151 >= 0.0001
Iteration 120 (max 500)
   eps = 0.005049 >= 0.0001
Iteration 121 (max 500)
   eps = 0.00496 >= 0.0001
Iteration 122 (max 500)
   eps = 0.004868 >= 0.0001
Iteration 123 (max 500)
   eps = 0.004785 >= 0.0001
Iteration 124 (max 500)
   eps = 0.004707 >= 0.0001
Iteration 125 (max 500)
   eps = 0.004624 >= 0.0001
Iteration 126 (max 500)
   eps = 0.004541 >= 0.0001
Iteration 127 (max 500)
   eps = 0.004461 >= 0.0001
Iteration 128 (max 500)
   eps = 0.004382 >= 0.0001
Iteration 129 (max 500)
   eps = 0.004303 >= 0.0001
Iteration 130 (max 500)
   eps = 0.004223 >= 0.0001
Iteration 131 (max 500)
   eps = 0.004145 >= 0.0001
Iteration 132 (max 500)
   eps = 0.004067 >= 0.0001
Iteration 133 (max 500)
   eps = 0.003987 >= 0.0001
Iteration 134 (max 500)
   eps = 0.003905 >= 0.0001
Iteration 135 (max 500)
   eps = 0.00383 >= 0.0001
Iteration 136 (max 500)
   eps = 0.003763 >= 0.0001
Iteration 137 (max 500)
   eps = 0.003704 >= 0.0001
Iteration 138 (max 500)
   eps = 0.00364 >= 0.0001
Iteration 139 (max 500)
   eps = 0.003578 >= 0.0001
Iteration 140 (max 500)
   eps = 0.003519 >= 0.0001
Iteration 141 (max 500)
   eps = 0.003466 >= 0.0001
Iteration 142 (max 500)
   eps = 0.003405 >= 0.0001
Iteration 143 (max 500)
   eps = 0.003348 >= 0.0001
Iteration 144 (max 500)
   eps = 0.003289 >= 0.0001
Iteration 145 (max 500)
   eps = 0.003225 >= 0.0001
Iteration 146 (max 500)
   eps = 0.003166 >= 0.0001
Iteration 147 (max 500)
   eps = 0.003096 >= 0.0001
Iteration 148 (max 500)
   eps = 0.003037 >= 0.0001
Iteration 149 (max 500)
   eps = 0.002977 >= 0.0001
Iteration 150 (max 500)
   eps = 0.002921 >= 0.0001
Iteration 151 (max 500)
   eps = 0.002865 >= 0.0001
Iteration 152 (max 500)
   eps = 0.002809 >= 0.0001
Iteration 153 (max 500)
   eps = 0.00276 >= 0.0001
Iteration 154 (max 500)
   eps = 0.002702 >= 0.0001
Iteration 155 (max 500)
   eps = 0.002656 >= 0.0001
Iteration 156 (max 500)
   eps = 0.002604 >= 0.0001
Iteration 157 (max 500)
   eps = 0.002555 >= 0.0001
Iteration 158 (max 500)
   eps = 0.002506 >= 0.0001
Iteration 159 (max 500)
   eps = 0.00246 >= 0.0001
Iteration 160 (max 500)
   eps = 0.002413 >= 0.0001
Iteration 161 (max 500)
   eps = 0.002364 >= 0.0001
Iteration 162 (max 500)
   eps = 0.002317 >= 0.0001
Iteration 163 (max 500)
   eps = 0.002271 >= 0.0001
Iteration 164 (max 500)
   eps = 0.002224 >= 0.0001
Iteration 165 (max 500)
   eps = 0.002183 >= 0.0001
Iteration 166 (max 500)
   eps = 0.002143 >= 0.0001
Iteration 167 (max 500)
   eps = 0.002103 >= 0.0001
Iteration 168 (max 500)
   eps = 0.002065 >= 0.0001
Iteration 169 (max 500)
   eps = 0.00203 >= 0.0001
Iteration 170 (max 500)
   eps = 0.001996 >= 0.0001
Iteration 171 (max 500)
   eps = 0.001957 >= 0.0001
Iteration 172 (max 500)
   eps = 0.001918 >= 0.0001
Iteration 173 (max 500)
   eps = 0.001882 >= 0.0001
Iteration 174 (max 500)
   eps = 0.001846 >= 0.0001
Iteration 175 (max 500)
   eps = 0.001811 >= 0.0001
Iteration 176 (max 500)
   eps = 0.001776 >= 0.0001
Iteration 177 (max 500)
   eps = 0.001743 >= 0.0001
Iteration 178 (max 500)
   eps = 0.001709 >= 0.0001
Iteration 179 (max 500)
   eps = 0.001676 >= 0.0001
Iteration 180 (max 500)
   eps = 0.001645 >= 0.0001
Iteration 181 (max 500)
   eps = 0.001612 >= 0.0001
Iteration 182 (max 500)
   eps = 0.001582 >= 0.0001
Iteration 183 (max 500)
   eps = 0.001552 >= 0.0001
Iteration 184 (max 500)
   eps = 0.001525 >= 0.0001
Iteration 185 (max 500)
   eps = 0.001495 >= 0.0001
Iteration 186 (max 500)
   eps = 0.001465 >= 0.0001
Iteration 187 (max 500)
   eps = 0.001436 >= 0.0001
Iteration 188 (max 500)
   eps = 0.001408 >= 0.0001
Iteration 189 (max 500)
   eps = 0.001381 >= 0.0001
Iteration 190 (max 500)
   eps = 0.001354 >= 0.0001
Iteration 191 (max 500)
   eps = 0.001328 >= 0.0001
Iteration 192 (max 500)
   eps = 0.001301 >= 0.0001
Iteration 193 (max 500)
   eps = 0.001276 >= 0.0001
Iteration 194 (max 500)
   eps = 0.001251 >= 0.0001
Iteration 195 (max 500)
   eps = 0.001227 >= 0.0001
Iteration 196 (max 500)
   eps = 0.001202 >= 0.0001
Iteration 197 (max 500)
   eps = 0.001178 >= 0.0001
Iteration 198 (max 500)
   eps = 0.001154 >= 0.0001
Iteration 199 (max 500)
   eps = 0.001131 >= 0.0001
Iteration 200 (max 500)
   eps = 0.001109 >= 0.0001
Iteration 201 (max 500)
   eps = 0.001087 >= 0.0001
Iteration 202 (max 500)
   eps = 0.001065 >= 0.0001
Iteration 203 (max 500)
   eps = 0.001046 >= 0.0001
Iteration 204 (max 500)
   eps = 0.001027 >= 0.0001
Iteration 205 (max 500)
   eps = 0.001008 >= 0.0001
Iteration 206 (max 500)
   eps = 0.00099 >= 0.0001
Iteration 207 (max 500)
   eps = 0.00097 >= 0.0001
Iteration 208 (max 500)
   eps = 0.000951 >= 0.0001
Iteration 209 (max 500)
   eps = 0.000932 >= 0.0001
Iteration 210 (max 500)
   eps = 0.000913 >= 0.0001
Iteration 211 (max 500)
   eps = 0.000895 >= 0.0001
Iteration 212 (max 500)
   eps = 0.000877 >= 0.0001
Iteration 213 (max 500)
   eps = 0.000858 >= 0.0001
Iteration 214 (max 500)
   eps = 0.000841 >= 0.0001
Iteration 215 (max 500)
   eps = 0.000824 >= 0.0001
Iteration 216 (max 500)
   eps = 0.000807 >= 0.0001
Iteration 217 (max 500)
   eps = 0.000792 >= 0.0001
Iteration 218 (max 500)
   eps = 0.000776 >= 0.0001
Iteration 219 (max 500)
   eps = 0.00076 >= 0.0001
Iteration 220 (max 500)
   eps = 0.000744 >= 0.0001
Iteration 221 (max 500)
   eps = 0.000728 >= 0.0001
Iteration 222 (max 500)
   eps = 0.000712 >= 0.0001
Iteration 223 (max 500)
   eps = 0.000698 >= 0.0001
Iteration 224 (max 500)
   eps = 0.000686 >= 0.0001
Iteration 225 (max 500)
   eps = 0.000672 >= 0.0001
Iteration 226 (max 500)
   eps = 0.000658 >= 0.0001
Iteration 227 (max 500)
   eps = 0.000645 >= 0.0001
Iteration 228 (max 500)
   eps = 0.000632 >= 0.0001
Iteration 229 (max 500)
   eps = 0.00062 >= 0.0001
Iteration 230 (max 500)
   eps = 0.000607 >= 0.0001
Iteration 231 (max 500)
   eps = 0.000595 >= 0.0001
Iteration 232 (max 500)
   eps = 0.000583 >= 0.0001
Iteration 233 (max 500)
   eps = 0.000571 >= 0.0001
Iteration 234 (max 500)
   eps = 0.00056 >= 0.0001
Iteration 235 (max 500)
   eps = 0.000549 >= 0.0001
Iteration 236 (max 500)
   eps = 0.000538 >= 0.0001
Iteration 237 (max 500)
   eps = 0.000527 >= 0.0001
Iteration 238 (max 500)
   eps = 0.000516 >= 0.0001
Iteration 239 (max 500)
   eps = 0.000505 >= 0.0001
Iteration 240 (max 500)
   eps = 0.000494 >= 0.0001
Iteration 241 (max 500)
   eps = 0.000484 >= 0.0001
Iteration 242 (max 500)
   eps = 0.000474 >= 0.0001
Iteration 243 (max 500)
   eps = 0.000463 >= 0.0001
Iteration 244 (max 500)
   eps = 0.000454 >= 0.0001
Iteration 245 (max 500)
   eps = 0.000444 >= 0.0001
Iteration 246 (max 500)
   eps = 0.000435 >= 0.0001
Iteration 247 (max 500)
   eps = 0.000425 >= 0.0001
Iteration 248 (max 500)
   eps = 0.000416 >= 0.0001
Iteration 249 (max 500)
   eps = 0.000407 >= 0.0001
Iteration 250 (max 500)
   eps = 0.000399 >= 0.0001
Iteration 251 (max 500)
   eps = 0.000391 >= 0.0001
Iteration 252 (max 500)
   eps = 0.000382 >= 0.0001
Iteration 253 (max 500)
   eps = 0.000374 >= 0.0001
Iteration 254 (max 500)
   eps = 0.000366 >= 0.0001
Iteration 255 (max 500)
   eps = 0.000358 >= 0.0001
Iteration 256 (max 500)
   eps = 0.000351 >= 0.0001
Iteration 257 (max 500)
   eps = 0.000343 >= 0.0001
Iteration 258 (max 500)
   eps = 0.000336 >= 0.0001
Iteration 259 (max 500)
   eps = 0.000328 >= 0.0001
Iteration 260 (max 500)
   eps = 0.000321 >= 0.0001
Iteration 261 (max 500)
   eps = 0.000314 >= 0.0001
Iteration 262 (max 500)
   eps = 0.000307 >= 0.0001
Iteration 263 (max 500)
   eps = 0.0003 >= 0.0001
Iteration 264 (max 500)
   eps = 0.000294 >= 0.0001
Iteration 265 (max 500)
   eps = 0.000288 >= 0.0001
Iteration 266 (max 500)
   eps = 0.000282 >= 0.0001
Iteration 267 (max 500)
   eps = 0.000275 >= 0.0001
Iteration 268 (max 500)
   eps = 0.000269 >= 0.0001
Iteration 269 (max 500)
   eps = 0.000263 >= 0.0001
Iteration 270 (max 500)
   eps = 0.000258 >= 0.0001
Iteration 271 (max 500)
   eps = 0.000252 >= 0.0001
Iteration 272 (max 500)
   eps = 0.000247 >= 0.0001
Iteration 273 (max 500)
   eps = 0.000241 >= 0.0001
Iteration 274 (max 500)
   eps = 0.000236 >= 0.0001
Iteration 275 (max 500)
   eps = 0.00023 >= 0.0001
Iteration 276 (max 500)
   eps = 0.000225 >= 0.0001
Iteration 277 (max 500)
   eps = 0.00022 >= 0.0001
Iteration 278 (max 500)
   eps = 0.000216 >= 0.0001
Iteration 279 (max 500)
   eps = 0.000211 >= 0.0001
Iteration 280 (max 500)
   eps = 0.000206 >= 0.0001
Iteration 281 (max 500)
   eps = 0.000201 >= 0.0001
Iteration 282 (max 500)
   eps = 0.000196 >= 0.0001
Iteration 283 (max 500)
   eps = 0.000191 >= 0.0001
Iteration 284 (max 500)
   eps = 0.000187 >= 0.0001
Iteration 285 (max 500)
   eps = 0.000182 >= 0.0001
Iteration 286 (max 500)
   eps = 0.000178 >= 0.0001
Iteration 287 (max 500)
   eps = 0.000174 >= 0.0001
Iteration 288 (max 500)
   eps = 0.00017 >= 0.0001
Iteration 289 (max 500)
   eps = 0.000166 >= 0.0001
Iteration 290 (max 500)
   eps = 0.000162 >= 0.0001
Iteration 291 (max 500)
   eps = 0.000158 >= 0.0001
Iteration 292 (max 500)
   eps = 0.000155 >= 0.0001
Iteration 293 (max 500)
   eps = 0.000151 >= 0.0001
Iteration 294 (max 500)
   eps = 0.000148 >= 0.0001
Iteration 295 (max 500)
   eps = 0.000144 >= 0.0001
Iteration 296 (max 500)
   eps = 0.00014 >= 0.0001
Iteration 297 (max 500)
   eps = 0.000137 >= 0.0001
Iteration 298 (max 500)
   eps = 0.000134 >= 0.0001
Iteration 299 (max 500)
   eps = 0.000131 >= 0.0001
Iteration 300 (max 500)
   eps = 0.000128 >= 0.0001
Iteration 301 (max 500)
   eps = 0.000125 >= 0.0001
Iteration 302 (max 500)
   eps = 0.000123 >= 0.0001
Iteration 303 (max 500)
   eps = 0.00012 >= 0.0001
Iteration 304 (max 500)
   eps = 0.000117 >= 0.0001
Iteration 305 (max 500)
   eps = 0.000114 >= 0.0001
Iteration 306 (max 500)
   eps = 0.000112 >= 0.0001
Iteration 307 (max 500)
   eps = 0.000109 >= 0.0001
Iteration 308 (max 500)
   eps = 0.000107 >= 0.0001
Iteration 309 (max 500)
   eps = 0.000104 >= 0.0001
Iteration 310 (max 500)
   eps = 0.000102 >= 0.0001
Iteration 311 (max 500)
Time spent by the wind speed solver: 48.46553683280945 s
Rotates geometries from -45.0 degrees
Interp succeeded!!! for tmp_file
Interp succeeded!!! for tmp_file
Interp succeeded!!! for tmp_file
Interp succeeded!!! for tmp_file
Interp succeeded!!! for tmp_file
Interp succeeded!!! for tmp_file
Process 3995984: Successfully ran URock for tile output 'wind_field_raw_tile_33'.
Process 3995984: Elapsed time for URock ('wind_field_raw_tile_33'): 124.54 seconds.
[Master] Process 3995984 - Tile 33: Finished processing.
[Master] 3995984: exit signal
Info: Debuffered '/storage/project/r-rbasu31-0/hyu483/Test_UMEP/UROCK_output_35_spawn/temp_intermediate_files/tile_33_urock_raw_outputs/z1_5/wind_field_raw_tile_33WS.tif' to '/storage/project/r-rbasu31-0/hyu483/Test_UMEP/UROCK_output_35_spawn/urock_tiled_output/urock_wind_field_tile_33WS.tif' (original extent: (234582.59099838723, 902332.4833440109, 234642.58635222574, 902532.4833440109)).
Connecting to database
	->/tmp/URock_2025-12-21T1814375a2f5926-862f-4171-ac5a-0c9c661cca64/myDbH2
/storage/home/hcoda1/4/hyu483/qgis_332/profiles/default/python/plugins/processing_umep/functions/URock/h2gis-standalone/h2gis-dist-2.2.3.jar
Connected!

Spatial functions added!

Load input data
Load table 'build_pre_srid_20251221181437'
Load table 'veg_pre_srid_20251221181437'
Creates blocks and stacked blocks
Rotates geometries from 45.0 degrees
Identify block base height and block cavity base
Calculates obstacle properties
Calculates zone properties
Initializes upwind facades
Update upwind facades base height
Initializes downwind facades
Calculates study area properties
Roughness zone properties are:

                                 - z0: 1.6308543003569378
                                 - d: 7.760532318416354
                                 - Hr: 10.872362002379585
                                 - H_ob_max: 95
                                 - lambda_f: 0.18938660949080688
Rotates geometries from -45.0 degrees
Rotates geometries from -45.0 degrees
Rotates geometries from -45.0 degrees
Creates displacement zones
Rotates geometries from -45.0 degrees
Rotates geometries from -45.0 degrees
Creates cavity and wake zones
Rotates geometries from -45.0 degrees
Rotates geometries from -45.0 degrees
Creates street canyon zones
Rotates geometries from -45.0 degrees
Creates rooftop zones (perpendicular and corner)
Rotates geometries from -45.0 degrees
Rotates geometries from -45.0 degrees
Creates built-up and open vegetation zones
Rotates geometries from -45.0 degrees
Rotates geometries from -45.0 degrees
Identify the buildings concerned by the impacted zone chosen by the user
Creates the grid of points
Affects each grid point to a building Rockle zone and calculates needed 
          variables for 3D wind speed
Affects each grid point to a vegetation Rockle zone and calculates 
          needed variables for 3D wind speed
Remove some of the Röckle zone points
Creates backward zones
Calculates the 3D wind speed factor value for each point of each BUILDING zone
Rotates geometries from -45.0 degrees
Rotates geometries from -45.0 degrees
Rotates geometries from -45.0 degrees
Rotates geometries from -45.0 degrees
Rotates geometries from -45.0 degrees
Rotates geometries from -45.0 degrees
Rotates geometries from -45.0 degrees
Rotates geometries from -45.0 degrees
Rotates geometries from -45.0 degrees
Calculates the 3D wind speed factor value for each point of each VEGETATION zone
Rotates geometries from -45.0 degrees
Deals with superimposition (keeps only 1 value per 3D point)
Deals with superimposition (keeps only 1 value per 3D point)
Identify upstreamer points in TEMPO_WEIGHTING table
Identify upstreamer points in TEMPO_PRIORITIES table
Identify upstreamer points in TEMPO_PRIORITIES_WEIGHT table
Deals with superimposition (keeps only 1 value per 3D point)
Identify upstreamer points in TEMPO_WEIGHTING table
Identify upstreamer points in TEMPO_PRIORITIES table
Identify upstreamer points in TEMPO_PRIORITIES_WEIGHT table
Rotates geometries from -45.0 degrees
Identify grid points intersecting buildings
Set the initial 3D wind speed field
Time spent for wind speed initialization: 54.72289562225342 s
Shape: (226, 248, 43) - Nb cells: 2410064
Start to apply the wind solver
Iteration 1 (max 500)
   eps = 0.606387 >= 0.0001
Iteration 2 (max 500)
   eps = 0.399051 >= 0.0001
Iteration 3 (max 500)
   eps = 0.313701 >= 0.0001
Iteration 4 (max 500)
   eps = 0.257746 >= 0.0001
Iteration 5 (max 500)
   eps = 0.21562 >= 0.0001
Iteration 6 (max 500)
   eps = 0.184671 >= 0.0001
Iteration 7 (max 500)
   eps = 0.160568 >= 0.0001
Iteration 8 (max 500)
   eps = 0.141291 >= 0.0001
Iteration 9 (max 500)
   eps = 0.125519 >= 0.0001
Iteration 10 (max 500)
   eps = 0.112177 >= 0.0001
Iteration 11 (max 500)
   eps = 0.101573 >= 0.0001
Iteration 12 (max 500)
   eps = 0.09257 >= 0.0001
Iteration 13 (max 500)
   eps = 0.08494 >= 0.0001
Iteration 14 (max 500)
   eps = 0.078072 >= 0.0001
Iteration 15 (max 500)
   eps = 0.071825 >= 0.0001
Iteration 16 (max 500)
   eps = 0.066584 >= 0.0001
Iteration 17 (max 500)
   eps = 0.062173 >= 0.0001
Iteration 18 (max 500)
   eps = 0.058434 >= 0.0001
Iteration 19 (max 500)
   eps = 0.055091 >= 0.0001
Iteration 20 (max 500)
   eps = 0.052251 >= 0.0001
Iteration 21 (max 500)
   eps = 0.049684 >= 0.0001
Iteration 22 (max 500)
   eps = 0.047271 >= 0.0001
Iteration 23 (max 500)
   eps = 0.045064 >= 0.0001
Iteration 24 (max 500)
   eps = 0.042901 >= 0.0001
Iteration 25 (max 500)
   eps = 0.040851 >= 0.0001
Iteration 26 (max 500)
   eps = 0.038947 >= 0.0001
Iteration 27 (max 500)
   eps = 0.037157 >= 0.0001
Iteration 28 (max 500)
   eps = 0.035497 >= 0.0001
Iteration 29 (max 500)
   eps = 0.033949 >= 0.0001
Iteration 30 (max 500)
   eps = 0.032569 >= 0.0001
Iteration 31 (max 500)
   eps = 0.031325 >= 0.0001
Iteration 32 (max 500)
   eps = 0.030275 >= 0.0001
Iteration 33 (max 500)
   eps = 0.029169 >= 0.0001
Iteration 34 (max 500)
   eps = 0.028106 >= 0.0001
Iteration 35 (max 500)
   eps = 0.027127 >= 0.0001
Iteration 36 (max 500)
   eps = 0.02625 >= 0.0001
Iteration 37 (max 500)
   eps = 0.025394 >= 0.0001
Iteration 38 (max 500)
   eps = 0.024682 >= 0.0001
Iteration 39 (max 500)
   eps = 0.024032 >= 0.0001
Iteration 40 (max 500)
   eps = 0.023375 >= 0.0001
Iteration 41 (max 500)
   eps = 0.023062 >= 0.0001
Iteration 42 (max 500)
   eps = 0.02309 >= 0.0001
Iteration 43 (max 500)
   eps = 0.021959 >= 0.0001
Iteration 44 (max 500)
   eps = 0.021267 >= 0.0001
Iteration 45 (max 500)
   eps = 0.020692 >= 0.0001
Iteration 46 (max 500)
   eps = 0.020168 >= 0.0001
Iteration 47 (max 500)
   eps = 0.019643 >= 0.0001
Iteration 48 (max 500)
   eps = 0.019154 >= 0.0001
Iteration 49 (max 500)
   eps = 0.018719 >= 0.0001
Iteration 50 (max 500)
   eps = 0.018312 >= 0.0001
Iteration 51 (max 500)
   eps = 0.017923 >= 0.0001
Iteration 52 (max 500)
   eps = 0.017517 >= 0.0001
Iteration 53 (max 500)
   eps = 0.017118 >= 0.0001
Iteration 54 (max 500)
   eps = 0.016688 >= 0.0001
Iteration 55 (max 500)
   eps = 0.016297 >= 0.0001
Iteration 56 (max 500)
   eps = 0.01593 >= 0.0001
Iteration 57 (max 500)
   eps = 0.015573 >= 0.0001
Iteration 58 (max 500)
   eps = 0.015225 >= 0.0001
Iteration 59 (max 500)
   eps = 0.014898 >= 0.0001
Iteration 60 (max 500)
   eps = 0.014601 >= 0.0001
Iteration 61 (max 500)
   eps = 0.014305 >= 0.0001
Iteration 62 (max 500)
   eps = 0.014017 >= 0.0001
Iteration 63 (max 500)
   eps = 0.013739 >= 0.0001
Iteration 64 (max 500)
   eps = 0.013466 >= 0.0001
Iteration 65 (max 500)
   eps = 0.01319 >= 0.0001
Iteration 66 (max 500)
   eps = 0.01294 >= 0.0001
Iteration 67 (max 500)
   eps = 0.012693 >= 0.0001
Iteration 68 (max 500)
   eps = 0.01245 >= 0.0001
Iteration 69 (max 500)
   eps = 0.012221 >= 0.0001
Iteration 70 (max 500)
   eps = 0.012014 >= 0.0001
Iteration 71 (max 500)
   eps = 0.011811 >= 0.0001
Iteration 72 (max 500)
   eps = 0.011601 >= 0.0001
Iteration 73 (max 500)
   eps = 0.011379 >= 0.0001
Iteration 74 (max 500)
   eps = 0.011142 >= 0.0001
Iteration 75 (max 500)
   eps = 0.010922 >= 0.0001
Iteration 76 (max 500)
   eps = 0.010709 >= 0.0001
Iteration 77 (max 500)
   eps = 0.01051 >= 0.0001
Iteration 78 (max 500)
   eps = 0.010342 >= 0.0001
Iteration 79 (max 500)
   eps = 0.010171 >= 0.0001
Iteration 80 (max 500)
   eps = 0.010012 >= 0.0001
Iteration 81 (max 500)
   eps = 0.009861 >= 0.0001
Iteration 82 (max 500)
   eps = 0.009737 >= 0.0001
Iteration 83 (max 500)
   eps = 0.009591 >= 0.0001
Iteration 84 (max 500)
   eps = 0.009449 >= 0.0001
Iteration 85 (max 500)
   eps = 0.009289 >= 0.0001
Iteration 86 (max 500)
   eps = 0.009113 >= 0.0001
Iteration 87 (max 500)
   eps = 0.008944 >= 0.0001
Iteration 88 (max 500)
   eps = 0.008778 >= 0.0001
Iteration 89 (max 500)
   eps = 0.008613 >= 0.0001
Iteration 90 (max 500)
   eps = 0.008442 >= 0.0001
Iteration 91 (max 500)
   eps = 0.008279 >= 0.0001
Iteration 92 (max 500)
   eps = 0.008122 >= 0.0001
Iteration 93 (max 500)
   eps = 0.00798 >= 0.0001
Iteration 94 (max 500)
   eps = 0.007857 >= 0.0001
Iteration 95 (max 500)
   eps = 0.007749 >= 0.0001
Iteration 96 (max 500)
   eps = 0.00765 >= 0.0001
Iteration 97 (max 500)
   eps = 0.007553 >= 0.0001
Iteration 98 (max 500)
   eps = 0.007455 >= 0.0001
Iteration 99 (max 500)
   eps = 0.007348 >= 0.0001
Iteration 100 (max 500)
   eps = 0.007232 >= 0.0001
Iteration 101 (max 500)
   eps = 0.007116 >= 0.0001
Iteration 102 (max 500)
   eps = 0.007009 >= 0.0001
Iteration 103 (max 500)
   eps = 0.006905 >= 0.0001
Iteration 104 (max 500)
   eps = 0.006784 >= 0.0001
Iteration 105 (max 500)
   eps = 0.006657 >= 0.0001
Iteration 106 (max 500)
   eps = 0.006532 >= 0.0001
Iteration 107 (max 500)
   eps = 0.006399 >= 0.0001
Iteration 108 (max 500)
   eps = 0.006271 >= 0.0001
Iteration 109 (max 500)
   eps = 0.006157 >= 0.0001
Iteration 110 (max 500)
   eps = 0.006051 >= 0.0001
Iteration 111 (max 500)
   eps = 0.005943 >= 0.0001
Iteration 112 (max 500)
   eps = 0.005846 >= 0.0001
Iteration 113 (max 500)
   eps = 0.005753 >= 0.0001
Iteration 114 (max 500)
   eps = 0.00565 >= 0.0001
Iteration 115 (max 500)
   eps = 0.005557 >= 0.0001
Iteration 116 (max 500)
   eps = 0.005474 >= 0.0001
Iteration 117 (max 500)
   eps = 0.005385 >= 0.0001
Iteration 118 (max 500)
   eps = 0.005308 >= 0.0001
Iteration 119 (max 500)
   eps = 0.005214 >= 0.0001
Iteration 120 (max 500)
   eps = 0.005111 >= 0.0001
Iteration 121 (max 500)
   eps = 0.005025 >= 0.0001
Iteration 122 (max 500)
   eps = 0.004932 >= 0.0001
Iteration 123 (max 500)
   eps = 0.004845 >= 0.0001
Iteration 124 (max 500)
   eps = 0.004777 >= 0.0001
Iteration 125 (max 500)
   eps = 0.004692 >= 0.0001
Iteration 126 (max 500)
   eps = 0.004624 >= 0.0001
Iteration 127 (max 500)
   eps = 0.004539 >= 0.0001
Iteration 128 (max 500)
   eps = 0.004466 >= 0.0001
Iteration 129 (max 500)
   eps = 0.004377 >= 0.0001
Iteration 130 (max 500)
   eps = 0.004292 >= 0.0001
Iteration 131 (max 500)
   eps = 0.004204 >= 0.0001
Iteration 132 (max 500)
   eps = 0.004129 >= 0.0001
Iteration 133 (max 500)
   eps = 0.004042 >= 0.0001
Iteration 134 (max 500)
   eps = 0.003956 >= 0.0001
Iteration 135 (max 500)
   eps = 0.003883 >= 0.0001
Iteration 136 (max 500)
   eps = 0.003818 >= 0.0001
Iteration 137 (max 500)
   eps = 0.003749 >= 0.0001
Iteration 138 (max 500)
   eps = 0.003684 >= 0.0001
Iteration 139 (max 500)
   eps = 0.00362 >= 0.0001
Iteration 140 (max 500)
   eps = 0.003569 >= 0.0001
Iteration 141 (max 500)
   eps = 0.003508 >= 0.0001
Iteration 142 (max 500)
   eps = 0.00346 >= 0.0001
Iteration 143 (max 500)
   eps = 0.003404 >= 0.0001
Iteration 144 (max 500)
   eps = 0.003346 >= 0.0001
Iteration 145 (max 500)
   eps = 0.003283 >= 0.0001
Iteration 146 (max 500)
   eps = 0.003223 >= 0.0001
Iteration 147 (max 500)
   eps = 0.003153 >= 0.0001
Iteration 148 (max 500)
   eps = 0.003077 >= 0.0001
Iteration 149 (max 500)
   eps = 0.003024 >= 0.0001
Iteration 150 (max 500)
   eps = 0.002968 >= 0.0001
Iteration 151 (max 500)
   eps = 0.002925 >= 0.0001
Iteration 152 (max 500)
   eps = 0.002874 >= 0.0001
Iteration 153 (max 500)
   eps = 0.002828 >= 0.0001
Iteration 154 (max 500)
   eps = 0.002765 >= 0.0001
Iteration 155 (max 500)
   eps = 0.002728 >= 0.0001
Iteration 156 (max 500)
   eps = 0.002682 >= 0.0001
Iteration 157 (max 500)
   eps = 0.002636 >= 0.0001
Iteration 158 (max 500)
   eps = 0.002605 >= 0.0001
Iteration 159 (max 500)
   eps = 0.002547 >= 0.0001
Iteration 160 (max 500)
   eps = 0.002497 >= 0.0001
Iteration 161 (max 500)
   eps = 0.002448 >= 0.0001
Iteration 162 (max 500)
   eps = 0.002398 >= 0.0001
Iteration 163 (max 500)
   eps = 0.002352 >= 0.0001
Iteration 164 (max 500)
   eps = 0.00231 >= 0.0001
Iteration 165 (max 500)
   eps = 0.002267 >= 0.0001
Iteration 166 (max 500)
   eps = 0.002227 >= 0.0001
Iteration 167 (max 500)
   eps = 0.002183 >= 0.0001
Iteration 168 (max 500)
   eps = 0.002142 >= 0.0001
Iteration 169 (max 500)
   eps = 0.002105 >= 0.0001
Iteration 170 (max 500)
   eps = 0.002071 >= 0.0001
Iteration 171 (max 500)
   eps = 0.002033 >= 0.0001
Iteration 172 (max 500)
   eps = 0.002001 >= 0.0001
Iteration 173 (max 500)
   eps = 0.001969 >= 0.0001
Iteration 174 (max 500)
   eps = 0.001936 >= 0.0001
Iteration 175 (max 500)
   eps = 0.001903 >= 0.0001
Iteration 176 (max 500)
   eps = 0.001868 >= 0.0001
Iteration 177 (max 500)
   eps = 0.001834 >= 0.0001
Iteration 178 (max 500)
   eps = 0.001801 >= 0.0001
Iteration 179 (max 500)
   eps = 0.001766 >= 0.0001
Iteration 180 (max 500)
   eps = 0.001734 >= 0.0001
Iteration 181 (max 500)
   eps = 0.0017 >= 0.0001
Iteration 182 (max 500)
   eps = 0.001667 >= 0.0001
Iteration 183 (max 500)
   eps = 0.001634 >= 0.0001
Iteration 184 (max 500)
   eps = 0.001604 >= 0.0001
Iteration 185 (max 500)
   eps = 0.001575 >= 0.0001
Iteration 186 (max 500)
   eps = 0.001546 >= 0.0001
Iteration 187 (max 500)
   eps = 0.001518 >= 0.0001
Iteration 188 (max 500)
   eps = 0.00149 >= 0.0001
Iteration 189 (max 500)
   eps = 0.001463 >= 0.0001
Iteration 190 (max 500)
   eps = 0.001439 >= 0.0001
Iteration 191 (max 500)
   eps = 0.001414 >= 0.0001
Iteration 192 (max 500)
   eps = 0.001389 >= 0.0001
Iteration 193 (max 500)
   eps = 0.001365 >= 0.0001
Iteration 194 (max 500)
   eps = 0.001341 >= 0.0001
Iteration 195 (max 500)
   eps = 0.001318 >= 0.0001
Iteration 196 (max 500)
   eps = 0.001295 >= 0.0001
Iteration 197 (max 500)
   eps = 0.001273 >= 0.0001
Iteration 198 (max 500)
   eps = 0.001251 >= 0.0001
Iteration 199 (max 500)
   eps = 0.001228 >= 0.0001
Iteration 200 (max 500)
   eps = 0.001206 >= 0.0001
Iteration 201 (max 500)
   eps = 0.001183 >= 0.0001
Iteration 202 (max 500)
   eps = 0.001159 >= 0.0001
Iteration 203 (max 500)
   eps = 0.001137 >= 0.0001
Iteration 204 (max 500)
   eps = 0.001116 >= 0.0001
Iteration 205 (max 500)
   eps = 0.001096 >= 0.0001
Iteration 206 (max 500)
   eps = 0.001077 >= 0.0001
Iteration 207 (max 500)
   eps = 0.001057 >= 0.0001
Iteration 208 (max 500)
   eps = 0.001037 >= 0.0001
Iteration 209 (max 500)
   eps = 0.001018 >= 0.0001
Iteration 210 (max 500)
   eps = 0.000999 >= 0.0001
Iteration 211 (max 500)
   eps = 0.000979 >= 0.0001
Iteration 212 (max 500)
   eps = 0.000961 >= 0.0001
Iteration 213 (max 500)
   eps = 0.000943 >= 0.0001
Iteration 214 (max 500)
   eps = 0.000925 >= 0.0001
Iteration 215 (max 500)
   eps = 0.000908 >= 0.0001
Iteration 216 (max 500)
   eps = 0.000891 >= 0.0001
Iteration 217 (max 500)
   eps = 0.000874 >= 0.0001
Iteration 218 (max 500)
   eps = 0.000857 >= 0.0001
Iteration 219 (max 500)
   eps = 0.000842 >= 0.0001
Iteration 220 (max 500)
   eps = 0.000826 >= 0.0001
Iteration 221 (max 500)
   eps = 0.000812 >= 0.0001
Iteration 222 (max 500)
   eps = 0.000799 >= 0.0001
Iteration 223 (max 500)
   eps = 0.000784 >= 0.0001
Iteration 224 (max 500)
   eps = 0.000769 >= 0.0001
Iteration 225 (max 500)
   eps = 0.000754 >= 0.0001
Iteration 226 (max 500)
   eps = 0.000739 >= 0.0001
Iteration 227 (max 500)
   eps = 0.000725 >= 0.0001
Iteration 228 (max 500)
   eps = 0.00071 >= 0.0001
Iteration 229 (max 500)
   eps = 0.000696 >= 0.0001
Iteration 230 (max 500)
   eps = 0.000681 >= 0.0001
Iteration 231 (max 500)
   eps = 0.000667 >= 0.0001
Iteration 232 (max 500)
   eps = 0.000654 >= 0.0001
Iteration 233 (max 500)
   eps = 0.000641 >= 0.0001
Iteration 234 (max 500)
   eps = 0.000628 >= 0.0001
Iteration 235 (max 500)
   eps = 0.000616 >= 0.0001
Iteration 236 (max 500)
   eps = 0.000603 >= 0.0001
Iteration 237 (max 500)
   eps = 0.000591 >= 0.0001
Iteration 238 (max 500)
   eps = 0.000579 >= 0.0001
Iteration 239 (max 500)
   eps = 0.000566 >= 0.0001
Iteration 240 (max 500)
   eps = 0.000554 >= 0.0001
Iteration 241 (max 500)
   eps = 0.000542 >= 0.0001
Iteration 242 (max 500)
   eps = 0.00053 >= 0.0001
Iteration 243 (max 500)
   eps = 0.000518 >= 0.0001
Iteration 244 (max 500)
   eps = 0.000506 >= 0.0001
Iteration 245 (max 500)
   eps = 0.000495 >= 0.0001
Iteration 246 (max 500)
   eps = 0.000484 >= 0.0001
Iteration 247 (max 500)
   eps = 0.000474 >= 0.0001
Iteration 248 (max 500)
   eps = 0.000464 >= 0.0001
Iteration 249 (max 500)
   eps = 0.000455 >= 0.0001
Iteration 250 (max 500)
   eps = 0.000446 >= 0.0001
Iteration 251 (max 500)
   eps = 0.000437 >= 0.0001
Iteration 252 (max 500)
   eps = 0.000431 >= 0.0001
Iteration 253 (max 500)
   eps = 0.000424 >= 0.0001
Iteration 254 (max 500)
   eps = 0.000418 >= 0.0001
Iteration 255 (max 500)
   eps = 0.000409 >= 0.0001
Iteration 256 (max 500)
   eps = 0.0004 >= 0.0001
Iteration 257 (max 500)
   eps = 0.000389 >= 0.0001
Iteration 258 (max 500)
   eps = 0.000379 >= 0.0001
Iteration 259 (max 500)
   eps = 0.000369 >= 0.0001
Iteration 260 (max 500)
   eps = 0.00036 >= 0.0001
Iteration 261 (max 500)
   eps = 0.000352 >= 0.0001
Iteration 262 (max 500)
   eps = 0.000344 >= 0.0001
Iteration 263 (max 500)
   eps = 0.000336 >= 0.0001
Iteration 264 (max 500)
   eps = 0.000329 >= 0.0001
Iteration 265 (max 500)
   eps = 0.000321 >= 0.0001
Iteration 266 (max 500)
   eps = 0.000314 >= 0.0001
Iteration 267 (max 500)
   eps = 0.000308 >= 0.0001
Iteration 268 (max 500)
   eps = 0.000301 >= 0.0001
Iteration 269 (max 500)
   eps = 0.000296 >= 0.0001
Iteration 270 (max 500)
   eps = 0.00029 >= 0.0001
Iteration 271 (max 500)
   eps = 0.000284 >= 0.0001
Iteration 272 (max 500)
   eps = 0.000278 >= 0.0001
Iteration 273 (max 500)
   eps = 0.000272 >= 0.0001
Iteration 274 (max 500)
   eps = 0.000267 >= 0.0001
Iteration 275 (max 500)
   eps = 0.000261 >= 0.0001
Iteration 276 (max 500)
   eps = 0.000255 >= 0.0001
Iteration 277 (max 500)
   eps = 0.00025 >= 0.0001
Iteration 278 (max 500)
   eps = 0.000245 >= 0.0001
Iteration 279 (max 500)
   eps = 0.000239 >= 0.0001
Iteration 280 (max 500)
   eps = 0.000234 >= 0.0001
Iteration 281 (max 500)
   eps = 0.000229 >= 0.0001
Iteration 282 (max 500)
   eps = 0.000224 >= 0.0001
Iteration 283 (max 500)
   eps = 0.000219 >= 0.0001
Iteration 284 (max 500)
   eps = 0.000214 >= 0.0001
Iteration 285 (max 500)
   eps = 0.000209 >= 0.0001
Iteration 286 (max 500)
   eps = 0.000204 >= 0.0001
Iteration 287 (max 500)
   eps = 0.0002 >= 0.0001
Iteration 288 (max 500)
   eps = 0.000195 >= 0.0001
Iteration 289 (max 500)
   eps = 0.000191 >= 0.0001
Iteration 290 (max 500)
   eps = 0.000187 >= 0.0001
Iteration 291 (max 500)
   eps = 0.000182 >= 0.0001
Iteration 292 (max 500)
   eps = 0.000178 >= 0.0001
Iteration 293 (max 500)
   eps = 0.000174 >= 0.0001
Iteration 294 (max 500)
   eps = 0.00017 >= 0.0001
Iteration 295 (max 500)
   eps = 0.000167 >= 0.0001
Iteration 296 (max 500)
   eps = 0.000163 >= 0.0001
Iteration 297 (max 500)
   eps = 0.000159 >= 0.0001
Iteration 298 (max 500)
   eps = 0.000155 >= 0.0001
Iteration 299 (max 500)
   eps = 0.000152 >= 0.0001
Iteration 300 (max 500)
   eps = 0.000149 >= 0.0001
Iteration 301 (max 500)
   eps = 0.000145 >= 0.0001
Iteration 302 (max 500)
   eps = 0.000142 >= 0.0001
Iteration 303 (max 500)
   eps = 0.000139 >= 0.0001
Iteration 304 (max 500)
   eps = 0.000135 >= 0.0001
Iteration 305 (max 500)
   eps = 0.000132 >= 0.0001
Iteration 306 (max 500)
   eps = 0.000129 >= 0.0001
Iteration 307 (max 500)
   eps = 0.000126 >= 0.0001
Iteration 308 (max 500)
   eps = 0.000123 >= 0.0001
Iteration 309 (max 500)
   eps = 0.000121 >= 0.0001
Iteration 310 (max 500)
   eps = 0.000118 >= 0.0001
Iteration 311 (max 500)
   eps = 0.000115 >= 0.0001
Iteration 312 (max 500)
   eps = 0.000112 >= 0.0001
Iteration 313 (max 500)
   eps = 0.000109 >= 0.0001
Iteration 314 (max 500)
   eps = 0.000106 >= 0.0001
Iteration 315 (max 500)
   eps = 0.000104 >= 0.0001
Iteration 316 (max 500)
   eps = 0.000101 >= 0.0001
Iteration 317 (max 500)
Time spent by the wind speed solver: 62.73063588142395 s
Rotates geometries from -45.0 degrees
Interp succeeded!!! for tmp_file
Interp succeeded!!! for tmp_file
Interp succeeded!!! for tmp_file
Interp succeeded!!! for tmp_file
Interp succeeded!!! for tmp_file
Interp succeeded!!! for tmp_file
Process 3995968: Successfully ran URock for tile output 'wind_field_raw_tile_32'.
Process 3995968: Elapsed time for URock ('wind_field_raw_tile_32'): 148.97 seconds.
[Master] Process 3995968 - Tile 32: Finished processing.
[Master] 3995968: exit signal
Info: Debuffered '/storage/project/r-rbasu31-0/hyu483/Test_UMEP/UROCK_output_35_spawn/temp_intermediate_files/tile_32_urock_raw_outputs/z1_5/wind_field_raw_tile_32WS.tif' to '/storage/project/r-rbasu31-0/hyu483/Test_UMEP/UROCK_output_35_spawn/urock_tiled_output/urock_wind_field_tile_32WS.tif' (original extent: (234582.59099838723, 902132.4833440109, 234642.58635222574, 902332.4833440109)).
Connecting to database
	->/tmp/URock_2025-12-21T18084066748547-273b-4f76-9182-eb52254760e4/myDbH2
/storage/home/hcoda1/4/hyu483/qgis_332/profiles/default/python/plugins/processing_umep/functions/URock/h2gis-standalone/h2gis-dist-2.2.3.jar
Connected!

Spatial functions added!

Load input data
Load table 'build_pre_srid_20251221180853'
Load table 'veg_pre_srid_20251221180853'
Creates blocks and stacked blocks
Rotates geometries from 45.0 degrees
Identify block base height and block cavity base
Calculates obstacle properties
Calculates zone properties
Initializes upwind facades
Update upwind facades base height
Initializes downwind facades
Calculates study area properties
Roughness zone properties are:

                                 - z0: 1.538234402422599
                                 - d: 7.367396872758661
                                 - Hr: 10.25489601615066
                                 - H_ob_max: 56
                                 - lambda_f: 0.2026493216106131
Rotates geometries from -45.0 degrees
Rotates geometries from -45.0 degrees
Rotates geometries from -45.0 degrees
Creates displacement zones
Rotates geometries from -45.0 degrees
Rotates geometries from -45.0 degrees
Creates cavity and wake zones
Rotates geometries from -45.0 degrees
Rotates geometries from -45.0 degrees
Creates street canyon zones
Rotates geometries from -45.0 degrees
Creates rooftop zones (perpendicular and corner)
Rotates geometries from -45.0 degrees
Rotates geometries from -45.0 degrees
Creates built-up and open vegetation zones
Rotates geometries from -45.0 degrees
Rotates geometries from -45.0 degrees
Identify the buildings concerned by the impacted zone chosen by the user
Creates the grid of points
Affects each grid point to a building Rockle zone and calculates needed 
          variables for 3D wind speed
Affects each grid point to a vegetation Rockle zone and calculates 
          needed variables for 3D wind speed
Remove some of the Röckle zone points
Creates backward zones
Calculates the 3D wind speed factor value for each point of each BUILDING zone
Rotates geometries from -45.0 degrees
Rotates geometries from -45.0 degrees
Rotates geometries from -45.0 degrees
Rotates geometries from -45.0 degrees
Rotates geometries from -45.0 degrees
Rotates geometries from -45.0 degrees
Rotates geometries from -45.0 degrees
Rotates geometries from -45.0 degrees
Rotates geometries from -45.0 degrees
Calculates the 3D wind speed factor value for each point of each VEGETATION zone
Rotates geometries from -45.0 degrees
Deals with superimposition (keeps only 1 value per 3D point)
Deals with superimposition (keeps only 1 value per 3D point)
Identify upstreamer points in TEMPO_WEIGHTING table
Identify upstreamer points in TEMPO_PRIORITIES table
Identify upstreamer points in TEMPO_PRIORITIES_WEIGHT table
Deals with superimposition (keeps only 1 value per 3D point)
Identify upstreamer points in TEMPO_WEIGHTING table
Identify upstreamer points in TEMPO_PRIORITIES table
Identify upstreamer points in TEMPO_PRIORITIES_WEIGHT table
Rotates geometries from -45.0 degrees
Identify grid points intersecting buildings
Set the initial 3D wind speed field
Time spent for wind speed initialization: 259.8530328273773 s
Shape: (293, 324, 28) - Nb cells: 2658096
Start to apply the wind solver
Iteration 1 (max 500)
   eps = 0.61618 >= 0.0001
Iteration 2 (max 500)
   eps = 0.43754 >= 0.0001
Iteration 3 (max 500)
   eps = 0.349389 >= 0.0001
Iteration 4 (max 500)
   eps = 0.290229 >= 0.0001
Iteration 5 (max 500)
   eps = 0.244522 >= 0.0001
Iteration 6 (max 500)
   eps = 0.209945 >= 0.0001
Iteration 7 (max 500)
   eps = 0.182714 >= 0.0001
Iteration 8 (max 500)
   eps = 0.160425 >= 0.0001
Iteration 9 (max 500)
   eps = 0.142488 >= 0.0001
Iteration 10 (max 500)
   eps = 0.128971 >= 0.0001
Iteration 11 (max 500)
   eps = 0.1183 >= 0.0001
Iteration 12 (max 500)
   eps = 0.109772 >= 0.0001
Iteration 13 (max 500)
   eps = 0.102735 >= 0.0001
Iteration 14 (max 500)
   eps = 0.096897 >= 0.0001
Iteration 15 (max 500)
   eps = 0.091929 >= 0.0001
Iteration 16 (max 500)
   eps = 0.08763 >= 0.0001
Iteration 17 (max 500)
   eps = 0.08374 >= 0.0001
Iteration 18 (max 500)
   eps = 0.080356 >= 0.0001
Iteration 19 (max 500)
   eps = 0.077471 >= 0.0001
Iteration 20 (max 500)
   eps = 0.074933 >= 0.0001
Iteration 21 (max 500)
   eps = 0.072809 >= 0.0001
Iteration 22 (max 500)
   eps = 0.07075 >= 0.0001
Iteration 23 (max 500)
   eps = 0.069129 >= 0.0001
Iteration 24 (max 500)
   eps = 0.067378 >= 0.0001
Iteration 25 (max 500)
   eps = 0.065268 >= 0.0001
Iteration 26 (max 500)
   eps = 0.075442 >= 0.0001
Iteration 27 (max 500)
   eps = 0.068453 >= 0.0001
Iteration 28 (max 500)
   eps = 0.063628 >= 0.0001
Iteration 29 (max 500)
   eps = 0.061738 >= 0.0001
Iteration 30 (max 500)
   eps = 0.060305 >= 0.0001
Iteration 31 (max 500)
   eps = 0.059185 >= 0.0001
Iteration 32 (max 500)
   eps = 0.057973 >= 0.0001
Iteration 33 (max 500)
   eps = 0.056925 >= 0.0001
Iteration 34 (max 500)
   eps = 0.055898 >= 0.0001
Iteration 35 (max 500)
   eps = 0.054969 >= 0.0001
Iteration 36 (max 500)
   eps = 0.054285 >= 0.0001
Iteration 37 (max 500)
   eps = 0.05341 >= 0.0001
Iteration 38 (max 500)
   eps = 0.052521 >= 0.0001
Iteration 39 (max 500)
   eps = 0.051647 >= 0.0001
Iteration 40 (max 500)
   eps = 0.050796 >= 0.0001
Iteration 41 (max 500)
   eps = 0.050058 >= 0.0001
Iteration 42 (max 500)
   eps = 0.049363 >= 0.0001
Iteration 43 (max 500)
   eps = 0.048702 >= 0.0001
Iteration 44 (max 500)
   eps = 0.048138 >= 0.0001
Iteration 45 (max 500)
   eps = 0.047479 >= 0.0001
Iteration 46 (max 500)
   eps = 0.046842 >= 0.0001
Iteration 47 (max 500)
   eps = 0.046174 >= 0.0001
Iteration 48 (max 500)
   eps = 0.045491 >= 0.0001
Iteration 49 (max 500)
   eps = 0.044831 >= 0.0001
Iteration 50 (max 500)
   eps = 0.044155 >= 0.0001
Iteration 51 (max 500)
   eps = 0.04352 >= 0.0001
Iteration 52 (max 500)
   eps = 0.043181 >= 0.0001
Iteration 53 (max 500)
   eps = 0.04234 >= 0.0001
Iteration 54 (max 500)
   eps = 0.041634 >= 0.0001
Iteration 55 (max 500)
   eps = 0.040999 >= 0.0001
Iteration 56 (max 500)
   eps = 0.040441 >= 0.0001
Iteration 57 (max 500)
   eps = 0.039884 >= 0.0001
Iteration 58 (max 500)
   eps = 0.039269 >= 0.0001
Iteration 59 (max 500)
   eps = 0.038684 >= 0.0001
Iteration 60 (max 500)
   eps = 0.038049 >= 0.0001
Iteration 61 (max 500)
   eps = 0.037458 >= 0.0001
Iteration 62 (max 500)
   eps = 0.036898 >= 0.0001
Iteration 63 (max 500)
   eps = 0.036392 >= 0.0001
Iteration 64 (max 500)
   eps = 0.035907 >= 0.0001
Iteration 65 (max 500)
   eps = 0.035481 >= 0.0001
Iteration 66 (max 500)
   eps = 0.035107 >= 0.0001
Iteration 67 (max 500)
   eps = 0.034707 >= 0.0001
Iteration 68 (max 500)
   eps = 0.034267 >= 0.0001
Iteration 69 (max 500)
   eps = 0.033779 >= 0.0001
Iteration 70 (max 500)
   eps = 0.033187 >= 0.0001
Iteration 71 (max 500)
   eps = 0.032551 >= 0.0001
Iteration 72 (max 500)
   eps = 0.032001 >= 0.0001
Iteration 73 (max 500)
   eps = 0.031481 >= 0.0001
Iteration 74 (max 500)
   eps = 0.031069 >= 0.0001
Iteration 75 (max 500)
   eps = 0.03056 >= 0.0001
Iteration 76 (max 500)
   eps = 0.030038 >= 0.0001
Iteration 77 (max 500)
   eps = 0.029602 >= 0.0001
Iteration 78 (max 500)
   eps = 0.028994 >= 0.0001
Iteration 79 (max 500)
   eps = 0.028376 >= 0.0001
Iteration 80 (max 500)
   eps = 0.027768 >= 0.0001
Iteration 81 (max 500)
   eps = 0.027196 >= 0.0001
Iteration 82 (max 500)
   eps = 0.026726 >= 0.0001
Iteration 83 (max 500)
   eps = 0.026291 >= 0.0001
Iteration 84 (max 500)
   eps = 0.025925 >= 0.0001
Iteration 85 (max 500)
   eps = 0.02557 >= 0.0001
Iteration 86 (max 500)
   eps = 0.025175 >= 0.0001
Iteration 87 (max 500)
   eps = 0.024779 >= 0.0001
Iteration 88 (max 500)
   eps = 0.024364 >= 0.0001
Iteration 89 (max 500)
   eps = 0.02395 >= 0.0001
Iteration 90 (max 500)
   eps = 0.023512 >= 0.0001
Iteration 91 (max 500)
   eps = 0.023122 >= 0.0001
Iteration 92 (max 500)
   eps = 0.022724 >= 0.0001
Iteration 93 (max 500)
   eps = 0.022254 >= 0.0001
Iteration 94 (max 500)
   eps = 0.021798 >= 0.0001
Iteration 95 (max 500)
   eps = 0.021392 >= 0.0001
Iteration 96 (max 500)
   eps = 0.021004 >= 0.0001
Iteration 97 (max 500)
   eps = 0.02063 >= 0.0001
Iteration 98 (max 500)
   eps = 0.020304 >= 0.0001
Iteration 99 (max 500)
   eps = 0.019966 >= 0.0001
Iteration 100 (max 500)
   eps = 0.019667 >= 0.0001
Iteration 101 (max 500)
   eps = 0.01936 >= 0.0001
Iteration 102 (max 500)
   eps = 0.019021 >= 0.0001
Iteration 103 (max 500)
   eps = 0.018703 >= 0.0001
Iteration 104 (max 500)
   eps = 0.018377 >= 0.0001
Iteration 105 (max 500)
   eps = 0.018116 >= 0.0001
Iteration 106 (max 500)
   eps = 0.017854 >= 0.0001
Iteration 107 (max 500)
   eps = 0.017567 >= 0.0001
Iteration 108 (max 500)
   eps = 0.017284 >= 0.0001
Iteration 109 (max 500)
   eps = 0.016995 >= 0.0001
Iteration 110 (max 500)
   eps = 0.016722 >= 0.0001
Iteration 111 (max 500)
   eps = 0.016464 >= 0.0001
Iteration 112 (max 500)
   eps = 0.016209 >= 0.0001
Iteration 113 (max 500)
   eps = 0.015954 >= 0.0001
Iteration 114 (max 500)
   eps = 0.015673 >= 0.0001
Iteration 115 (max 500)
   eps = 0.015431 >= 0.0001
Iteration 116 (max 500)
   eps = 0.015205 >= 0.0001
Iteration 117 (max 500)
   eps = 0.01496 >= 0.0001
Iteration 118 (max 500)
   eps = 0.01477 >= 0.0001
Iteration 119 (max 500)
   eps = 0.014556 >= 0.0001
Iteration 120 (max 500)
   eps = 0.014327 >= 0.0001
Iteration 121 (max 500)
   eps = 0.014109 >= 0.0001
Iteration 122 (max 500)
   eps = 0.013907 >= 0.0001
Iteration 123 (max 500)
   eps = 0.013707 >= 0.0001
Iteration 124 (max 500)
   eps = 0.013523 >= 0.0001
Iteration 125 (max 500)
   eps = 0.013304 >= 0.0001
Iteration 126 (max 500)
   eps = 0.013123 >= 0.0001
Iteration 127 (max 500)
   eps = 0.012926 >= 0.0001
Iteration 128 (max 500)
   eps = 0.012746 >= 0.0001
Iteration 129 (max 500)
   eps = 0.012555 >= 0.0001
Iteration 130 (max 500)
   eps = 0.012366 >= 0.0001
Iteration 131 (max 500)
   eps = 0.012193 >= 0.0001
Iteration 132 (max 500)
   eps = 0.011998 >= 0.0001
Iteration 133 (max 500)
   eps = 0.011822 >= 0.0001
Iteration 134 (max 500)
   eps = 0.011617 >= 0.0001
Iteration 135 (max 500)
   eps = 0.011437 >= 0.0001
Iteration 136 (max 500)
   eps = 0.011277 >= 0.0001
Iteration 137 (max 500)
   eps = 0.011109 >= 0.0001
Iteration 138 (max 500)
   eps = 0.010939 >= 0.0001
Iteration 139 (max 500)
   eps = 0.010765 >= 0.0001
Iteration 140 (max 500)
   eps = 0.010601 >= 0.0001
Iteration 141 (max 500)
   eps = 0.010434 >= 0.0001
Iteration 142 (max 500)
   eps = 0.010269 >= 0.0001
Iteration 143 (max 500)
   eps = 0.010108 >= 0.0001
Iteration 144 (max 500)
   eps = 0.009961 >= 0.0001
Iteration 145 (max 500)
   eps = 0.009818 >= 0.0001
Iteration 146 (max 500)
   eps = 0.009665 >= 0.0001
Iteration 147 (max 500)
   eps = 0.009505 >= 0.0001
Iteration 148 (max 500)
   eps = 0.009363 >= 0.0001
Iteration 149 (max 500)
   eps = 0.00923 >= 0.0001
Iteration 150 (max 500)
   eps = 0.00911 >= 0.0001
Iteration 151 (max 500)
   eps = 0.008983 >= 0.0001
Iteration 152 (max 500)
   eps = 0.008848 >= 0.0001
Iteration 153 (max 500)
   eps = 0.008707 >= 0.0001
Iteration 154 (max 500)
   eps = 0.00856 >= 0.0001
Iteration 155 (max 500)
   eps = 0.008428 >= 0.0001
Iteration 156 (max 500)
   eps = 0.008284 >= 0.0001
Iteration 157 (max 500)
   eps = 0.008149 >= 0.0001
Iteration 158 (max 500)
   eps = 0.008023 >= 0.0001
Iteration 159 (max 500)
   eps = 0.007903 >= 0.0001
Iteration 160 (max 500)
   eps = 0.007791 >= 0.0001
Iteration 161 (max 500)
   eps = 0.007685 >= 0.0001
Iteration 162 (max 500)
   eps = 0.00757 >= 0.0001
Iteration 163 (max 500)
   eps = 0.007441 >= 0.0001
Iteration 164 (max 500)
   eps = 0.007316 >= 0.0001
Iteration 165 (max 500)
   eps = 0.007204 >= 0.0001
Iteration 166 (max 500)
   eps = 0.007097 >= 0.0001
Iteration 167 (max 500)
   eps = 0.006987 >= 0.0001
Iteration 168 (max 500)
   eps = 0.006881 >= 0.0001
Iteration 169 (max 500)
   eps = 0.006771 >= 0.0001
Iteration 170 (max 500)
   eps = 0.006653 >= 0.0001
Iteration 171 (max 500)
   eps = 0.006546 >= 0.0001
Iteration 172 (max 500)
   eps = 0.006434 >= 0.0001
Iteration 173 (max 500)
   eps = 0.006331 >= 0.0001
Iteration 174 (max 500)
   eps = 0.006232 >= 0.0001
Iteration 175 (max 500)
   eps = 0.006142 >= 0.0001
Iteration 176 (max 500)
   eps = 0.006056 >= 0.0001
Iteration 177 (max 500)
   eps = 0.005963 >= 0.0001
Iteration 178 (max 500)
   eps = 0.005869 >= 0.0001
Iteration 179 (max 500)
   eps = 0.005781 >= 0.0001
Iteration 180 (max 500)
   eps = 0.00569 >= 0.0001
Iteration 181 (max 500)
   eps = 0.005605 >= 0.0001
Iteration 182 (max 500)
   eps = 0.005522 >= 0.0001
Iteration 183 (max 500)
   eps = 0.005435 >= 0.0001
Iteration 184 (max 500)
   eps = 0.005354 >= 0.0001
Iteration 185 (max 500)
   eps = 0.00527 >= 0.0001
Iteration 186 (max 500)
   eps = 0.005196 >= 0.0001
Iteration 187 (max 500)
   eps = 0.005121 >= 0.0001
Iteration 188 (max 500)
   eps = 0.00504 >= 0.0001
Iteration 189 (max 500)
   eps = 0.004961 >= 0.0001
Iteration 190 (max 500)
   eps = 0.004881 >= 0.0001
Iteration 191 (max 500)
   eps = 0.004805 >= 0.0001
Iteration 192 (max 500)
   eps = 0.004725 >= 0.0001
Iteration 193 (max 500)
   eps = 0.004651 >= 0.0001
Iteration 194 (max 500)
   eps = 0.004577 >= 0.0001
Iteration 195 (max 500)
   eps = 0.004513 >= 0.0001
Iteration 196 (max 500)
   eps = 0.004447 >= 0.0001
Iteration 197 (max 500)
   eps = 0.00438 >= 0.0001
Iteration 198 (max 500)
   eps = 0.004314 >= 0.0001
Iteration 199 (max 500)
   eps = 0.004247 >= 0.0001
Iteration 200 (max 500)
   eps = 0.004194 >= 0.0001
Iteration 201 (max 500)
   eps = 0.004136 >= 0.0001
Iteration 202 (max 500)
   eps = 0.004072 >= 0.0001
Iteration 203 (max 500)
   eps = 0.004006 >= 0.0001
Iteration 204 (max 500)
   eps = 0.003937 >= 0.0001
Iteration 205 (max 500)
   eps = 0.003864 >= 0.0001
Iteration 206 (max 500)
   eps = 0.003793 >= 0.0001
Iteration 207 (max 500)
   eps = 0.003727 >= 0.0001
Iteration 208 (max 500)
   eps = 0.003667 >= 0.0001
Iteration 209 (max 500)
   eps = 0.003618 >= 0.0001
Iteration 210 (max 500)
   eps = 0.003564 >= 0.0001
Iteration 211 (max 500)
   eps = 0.003506 >= 0.0001
Iteration 212 (max 500)
   eps = 0.003455 >= 0.0001
Iteration 213 (max 500)
   eps = 0.003409 >= 0.0001
Iteration 214 (max 500)
   eps = 0.003366 >= 0.0001
Iteration 215 (max 500)
   eps = 0.003323 >= 0.0001
Iteration 216 (max 500)
   eps = 0.003278 >= 0.0001
Iteration 217 (max 500)
   eps = 0.003222 >= 0.0001
Iteration 218 (max 500)
   eps = 0.003166 >= 0.0001
Iteration 219 (max 500)
   eps = 0.003107 >= 0.0001
Iteration 220 (max 500)
   eps = 0.003053 >= 0.0001
Iteration 221 (max 500)
   eps = 0.003003 >= 0.0001
Iteration 222 (max 500)
   eps = 0.002955 >= 0.0001
Iteration 223 (max 500)
   eps = 0.002912 >= 0.0001
Iteration 224 (max 500)
   eps = 0.002864 >= 0.0001
Iteration 225 (max 500)
   eps = 0.002817 >= 0.0001
Iteration 226 (max 500)
   eps = 0.002773 >= 0.0001
Iteration 227 (max 500)
   eps = 0.002733 >= 0.0001
Iteration 228 (max 500)
   eps = 0.002679 >= 0.0001
Iteration 229 (max 500)
   eps = 0.002625 >= 0.0001
Iteration 230 (max 500)
   eps = 0.002581 >= 0.0001
Iteration 231 (max 500)
   eps = 0.002535 >= 0.0001
Iteration 232 (max 500)
   eps = 0.002494 >= 0.0001
Iteration 233 (max 500)
   eps = 0.002458 >= 0.0001
Iteration 234 (max 500)
   eps = 0.002429 >= 0.0001
Iteration 235 (max 500)
   eps = 0.0024 >= 0.0001
Iteration 236 (max 500)
   eps = 0.002372 >= 0.0001
Iteration 237 (max 500)
   eps = 0.002332 >= 0.0001
Iteration 238 (max 500)
   eps = 0.002288 >= 0.0001
Iteration 239 (max 500)
   eps = 0.002244 >= 0.0001
Iteration 240 (max 500)
   eps = 0.002204 >= 0.0001
Iteration 241 (max 500)
   eps = 0.00217 >= 0.0001
Iteration 242 (max 500)
   eps = 0.002132 >= 0.0001
Iteration 243 (max 500)
   eps = 0.002091 >= 0.0001
Iteration 244 (max 500)
   eps = 0.002057 >= 0.0001
Iteration 245 (max 500)
   eps = 0.002024 >= 0.0001
Iteration 246 (max 500)
   eps = 0.001991 >= 0.0001
Iteration 247 (max 500)
   eps = 0.001959 >= 0.0001
Iteration 248 (max 500)
   eps = 0.001926 >= 0.0001
Iteration 249 (max 500)
   eps = 0.001896 >= 0.0001
Iteration 250 (max 500)
   eps = 0.001865 >= 0.0001
Iteration 251 (max 500)
   eps = 0.001834 >= 0.0001
Iteration 252 (max 500)
   eps = 0.001802 >= 0.0001
Iteration 253 (max 500)
   eps = 0.001771 >= 0.0001
Iteration 254 (max 500)
   eps = 0.001742 >= 0.0001
Iteration 255 (max 500)
   eps = 0.001715 >= 0.0001
Iteration 256 (max 500)
   eps = 0.001688 >= 0.0001
Iteration 257 (max 500)
   eps = 0.001662 >= 0.0001
Iteration 258 (max 500)
   eps = 0.001637 >= 0.0001
Iteration 259 (max 500)
   eps = 0.00161 >= 0.0001
Iteration 260 (max 500)
   eps = 0.001586 >= 0.0001
Iteration 261 (max 500)
   eps = 0.001562 >= 0.0001
Iteration 262 (max 500)
   eps = 0.001534 >= 0.0001
Iteration 263 (max 500)
   eps = 0.001516 >= 0.0001
Iteration 264 (max 500)
   eps = 0.001489 >= 0.0001
Iteration 265 (max 500)
   eps = 0.001455 >= 0.0001
Iteration 266 (max 500)
   eps = 0.001439 >= 0.0001
Iteration 267 (max 500)
   eps = 0.001415 >= 0.0001
Iteration 268 (max 500)
   eps = 0.001389 >= 0.0001
Iteration 269 (max 500)
   eps = 0.001366 >= 0.0001
Iteration 270 (max 500)
   eps = 0.001337 >= 0.0001
Iteration 271 (max 500)
   eps = 0.001317 >= 0.0001
Iteration 272 (max 500)
   eps = 0.001297 >= 0.0001
Iteration 273 (max 500)
   eps = 0.001279 >= 0.0001
Iteration 274 (max 500)
   eps = 0.001259 >= 0.0001
Iteration 275 (max 500)
   eps = 0.001238 >= 0.0001
Iteration 276 (max 500)
   eps = 0.001218 >= 0.0001
Iteration 277 (max 500)
   eps = 0.001198 >= 0.0001
Iteration 278 (max 500)
   eps = 0.001178 >= 0.0001
Iteration 279 (max 500)
   eps = 0.001157 >= 0.0001
Iteration 280 (max 500)
   eps = 0.001139 >= 0.0001
Iteration 281 (max 500)
   eps = 0.001121 >= 0.0001
Iteration 282 (max 500)
   eps = 0.001105 >= 0.0001
Iteration 283 (max 500)
   eps = 0.00109 >= 0.0001
Iteration 284 (max 500)
   eps = 0.001073 >= 0.0001
Iteration 285 (max 500)
   eps = 0.001054 >= 0.0001
Iteration 286 (max 500)
   eps = 0.001033 >= 0.0001
Iteration 287 (max 500)
   eps = 0.001017 >= 0.0001
Iteration 288 (max 500)
   eps = 0.001001 >= 0.0001
Iteration 289 (max 500)
   eps = 0.000987 >= 0.0001
Iteration 290 (max 500)
   eps = 0.000971 >= 0.0001
Iteration 291 (max 500)
   eps = 0.000955 >= 0.0001
Iteration 292 (max 500)
   eps = 0.000941 >= 0.0001
Iteration 293 (max 500)
   eps = 0.000925 >= 0.0001
Iteration 294 (max 500)
   eps = 0.000911 >= 0.0001
Iteration 295 (max 500)
   eps = 0.000894 >= 0.0001
Iteration 296 (max 500)
   eps = 0.000879 >= 0.0001
Iteration 297 (max 500)
   eps = 0.000863 >= 0.0001
Iteration 298 (max 500)
   eps = 0.000849 >= 0.0001
Iteration 299 (max 500)
   eps = 0.000835 >= 0.0001
Iteration 300 (max 500)
   eps = 0.000822 >= 0.0001
Iteration 301 (max 500)
   eps = 0.000806 >= 0.0001
Iteration 302 (max 500)
   eps = 0.000792 >= 0.0001
Iteration 303 (max 500)
   eps = 0.000776 >= 0.0001
Iteration 304 (max 500)
   eps = 0.000761 >= 0.0001
Iteration 305 (max 500)
   eps = 0.000751 >= 0.0001
Iteration 306 (max 500)
   eps = 0.000741 >= 0.0001
Iteration 307 (max 500)
   eps = 0.000731 >= 0.0001
Iteration 308 (max 500)
   eps = 0.000718 >= 0.0001
Iteration 309 (max 500)
   eps = 0.000704 >= 0.0001
Iteration 310 (max 500)
   eps = 0.000693 >= 0.0001
Iteration 311 (max 500)
   eps = 0.000681 >= 0.0001
Iteration 312 (max 500)
   eps = 0.000669 >= 0.0001
Iteration 313 (max 500)
   eps = 0.000659 >= 0.0001
Iteration 314 (max 500)
   eps = 0.000648 >= 0.0001
Iteration 315 (max 500)
   eps = 0.000635 >= 0.0001
Iteration 316 (max 500)
   eps = 0.000622 >= 0.0001
Iteration 317 (max 500)
   eps = 0.00061 >= 0.0001
Iteration 318 (max 500)
   eps = 0.000599 >= 0.0001
Iteration 319 (max 500)
   eps = 0.00059 >= 0.0001
Iteration 320 (max 500)
   eps = 0.00058 >= 0.0001
Iteration 321 (max 500)
   eps = 0.00057 >= 0.0001
Iteration 322 (max 500)
   eps = 0.000559 >= 0.0001
Iteration 323 (max 500)
   eps = 0.00055 >= 0.0001
Iteration 324 (max 500)
   eps = 0.000541 >= 0.0001
Iteration 325 (max 500)
   eps = 0.000533 >= 0.0001
Iteration 326 (max 500)
   eps = 0.000525 >= 0.0001
Iteration 327 (max 500)
   eps = 0.000517 >= 0.0001
Iteration 328 (max 500)
   eps = 0.000509 >= 0.0001
Iteration 329 (max 500)
   eps = 0.000502 >= 0.0001
Iteration 330 (max 500)
   eps = 0.000493 >= 0.0001
Iteration 331 (max 500)
   eps = 0.000485 >= 0.0001
Iteration 332 (max 500)
   eps = 0.000477 >= 0.0001
Iteration 333 (max 500)
   eps = 0.00047 >= 0.0001
Iteration 334 (max 500)
   eps = 0.000464 >= 0.0001
Iteration 335 (max 500)
   eps = 0.000456 >= 0.0001
Iteration 336 (max 500)
   eps = 0.000447 >= 0.0001
Iteration 337 (max 500)
   eps = 0.000439 >= 0.0001
Iteration 338 (max 500)
   eps = 0.000432 >= 0.0001
Iteration 339 (max 500)
   eps = 0.000425 >= 0.0001
Iteration 340 (max 500)
   eps = 0.000417 >= 0.0001
Iteration 341 (max 500)
   eps = 0.000411 >= 0.0001
Iteration 342 (max 500)
   eps = 0.000404 >= 0.0001
Iteration 343 (max 500)
   eps = 0.000397 >= 0.0001
Iteration 344 (max 500)
   eps = 0.00039 >= 0.0001
Iteration 345 (max 500)
   eps = 0.000382 >= 0.0001
Iteration 346 (max 500)
   eps = 0.000376 >= 0.0001
Iteration 347 (max 500)
   eps = 0.000369 >= 0.0001
Iteration 348 (max 500)
   eps = 0.000362 >= 0.0001
Iteration 349 (max 500)
   eps = 0.000356 >= 0.0001
Iteration 350 (max 500)
   eps = 0.000351 >= 0.0001
Iteration 351 (max 500)
   eps = 0.000345 >= 0.0001
Iteration 352 (max 500)
   eps = 0.000339 >= 0.0001
Iteration 353 (max 500)
   eps = 0.000333 >= 0.0001
Iteration 354 (max 500)
   eps = 0.000328 >= 0.0001
Iteration 355 (max 500)
   eps = 0.000323 >= 0.0001
Iteration 356 (max 500)
   eps = 0.000317 >= 0.0001
Iteration 357 (max 500)
   eps = 0.000313 >= 0.0001
Iteration 358 (max 500)
   eps = 0.000307 >= 0.0001
Iteration 359 (max 500)
   eps = 0.000302 >= 0.0001
Iteration 360 (max 500)
   eps = 0.000296 >= 0.0001
Iteration 361 (max 500)
   eps = 0.000291 >= 0.0001
Iteration 362 (max 500)
   eps = 0.000285 >= 0.0001
Iteration 363 (max 500)
   eps = 0.00028 >= 0.0001
Iteration 364 (max 500)
   eps = 0.000275 >= 0.0001
Iteration 365 (max 500)
   eps = 0.00027 >= 0.0001
Iteration 366 (max 500)
   eps = 0.000265 >= 0.0001
Iteration 367 (max 500)
   eps = 0.000261 >= 0.0001
Iteration 368 (max 500)
   eps = 0.000257 >= 0.0001
Iteration 369 (max 500)
   eps = 0.000253 >= 0.0001
Iteration 370 (max 500)
   eps = 0.000249 >= 0.0001
Iteration 371 (max 500)
   eps = 0.000246 >= 0.0001
Iteration 372 (max 500)
   eps = 0.000242 >= 0.0001
Iteration 373 (max 500)
   eps = 0.000238 >= 0.0001
Iteration 374 (max 500)
   eps = 0.000233 >= 0.0001
Iteration 375 (max 500)
   eps = 0.000229 >= 0.0001
Iteration 376 (max 500)
   eps = 0.000225 >= 0.0001
Iteration 377 (max 500)
   eps = 0.000221 >= 0.0001
Iteration 378 (max 500)
   eps = 0.000218 >= 0.0001
Iteration 379 (max 500)
   eps = 0.000214 >= 0.0001
Iteration 380 (max 500)
   eps = 0.000211 >= 0.0001
Iteration 381 (max 500)
   eps = 0.000207 >= 0.0001
Iteration 382 (max 500)
   eps = 0.000203 >= 0.0001
Iteration 383 (max 500)
   eps = 0.000199 >= 0.0001
Iteration 384 (max 500)
   eps = 0.000196 >= 0.0001
Iteration 385 (max 500)
   eps = 0.000192 >= 0.0001
Iteration 386 (max 500)
   eps = 0.000189 >= 0.0001
Iteration 387 (max 500)
   eps = 0.000186 >= 0.0001
Iteration 388 (max 500)
   eps = 0.000183 >= 0.0001
Iteration 389 (max 500)
   eps = 0.00018 >= 0.0001
Iteration 390 (max 500)
   eps = 0.000178 >= 0.0001
Iteration 391 (max 500)
   eps = 0.000175 >= 0.0001
Iteration 392 (max 500)
   eps = 0.000172 >= 0.0001
Iteration 393 (max 500)
   eps = 0.000169 >= 0.0001
Iteration 394 (max 500)
   eps = 0.000166 >= 0.0001
Iteration 395 (max 500)
   eps = 0.000163 >= 0.0001
Iteration 396 (max 500)
   eps = 0.00016 >= 0.0001
Iteration 397 (max 500)
   eps = 0.000157 >= 0.0001
Iteration 398 (max 500)
   eps = 0.000154 >= 0.0001
Iteration 399 (max 500)
   eps = 0.000152 >= 0.0001
Iteration 400 (max 500)
   eps = 0.00015 >= 0.0001
Iteration 401 (max 500)
   eps = 0.000148 >= 0.0001
Iteration 402 (max 500)
   eps = 0.000146 >= 0.0001
Iteration 403 (max 500)
   eps = 0.000143 >= 0.0001
Iteration 404 (max 500)
   eps = 0.000141 >= 0.0001
Iteration 405 (max 500)
   eps = 0.000139 >= 0.0001
Iteration 406 (max 500)
   eps = 0.000136 >= 0.0001
Iteration 407 (max 500)
   eps = 0.000134 >= 0.0001
Iteration 408 (max 500)
   eps = 0.000131 >= 0.0001
Iteration 409 (max 500)
   eps = 0.000128 >= 0.0001
Iteration 410 (max 500)
   eps = 0.000126 >= 0.0001
Iteration 411 (max 500)
   eps = 0.000123 >= 0.0001
Iteration 412 (max 500)
   eps = 0.000121 >= 0.0001
Iteration 413 (max 500)
   eps = 0.000119 >= 0.0001
Iteration 414 (max 500)
   eps = 0.000117 >= 0.0001
Iteration 415 (max 500)
   eps = 0.000115 >= 0.0001
Iteration 416 (max 500)
   eps = 0.000113 >= 0.0001
Iteration 417 (max 500)
   eps = 0.000112 >= 0.0001
Iteration 418 (max 500)
   eps = 0.00011 >= 0.0001
Iteration 419 (max 500)
   eps = 0.000108 >= 0.0001
Iteration 420 (max 500)
   eps = 0.000106 >= 0.0001
Iteration 421 (max 500)
   eps = 0.000103 >= 0.0001
Iteration 422 (max 500)
   eps = 0.000102 >= 0.0001
Iteration 423 (max 500)
   eps = 0.0001 >= 0.0001
Iteration 424 (max 500)
Time spent by the wind speed solver: 137.45449566841125 s
Rotates geometries from -45.0 degrees
Interp succeeded!!! for tmp_file
Interp succeeded!!! for tmp_file
Interp succeeded!!! for tmp_file
Interp succeeded!!! for tmp_file
Interp succeeded!!! for tmp_file
Interp succeeded!!! for tmp_file
Process 3995985: Successfully ran URock for tile output 'wind_field_raw_tile_21'.
Process 3995985: Elapsed time for URock ('wind_field_raw_tile_21'): 507.96 seconds.
[Master] Process 3995985 - Tile 21: Finished processing.
[Master] 3995985: exit signal
Info: Debuffered '/storage/project/r-rbasu31-0/hyu483/Test_UMEP/UROCK_output_35_spawn/temp_intermediate_files/tile_21_urock_raw_outputs/z1_5/wind_field_raw_tile_21WS.tif' to '/storage/project/r-rbasu31-0/hyu483/Test_UMEP/UROCK_output_35_spawn/urock_tiled_output/urock_wind_field_tile_21WS.tif' (original extent: (234182.59099838723, 902332.4833440109, 234382.59099838723, 902532.4833440109)).
Connecting to database
	->/tmp/URock_2025-12-21T180841413de221-e72b-4483-937a-14edf62a0f57/myDbH2
/storage/home/hcoda1/4/hyu483/qgis_332/profiles/default/python/plugins/processing_umep/functions/URock/h2gis-standalone/h2gis-dist-2.2.3.jar
Connected!

Spatial functions added!

Load input data
Load table 'build_pre_srid_20251221180902'
Load table 'veg_pre_srid_20251221180902'
Creates blocks and stacked blocks
Rotates geometries from 45.0 degrees
Identify block base height and block cavity base
Calculates obstacle properties
Calculates zone properties
Initializes upwind facades
Update upwind facades base height
Initializes downwind facades
Calculates study area properties
Roughness zone properties are:

                                 - z0: 1.4623579750197269
                                 - d: 6.896520947700095
                                 - Hr: 9.749053166798179
                                 - H_ob_max: 56
                                 - lambda_f: 0.17115479603326358
Rotates geometries from -45.0 degrees
Rotates geometries from -45.0 degrees
Rotates geometries from -45.0 degrees
Creates displacement zones
Rotates geometries from -45.0 degrees
Rotates geometries from -45.0 degrees
Creates cavity and wake zones
Rotates geometries from -45.0 degrees
Rotates geometries from -45.0 degrees
Creates street canyon zones
Rotates geometries from -45.0 degrees
Creates rooftop zones (perpendicular and corner)
Rotates geometries from -45.0 degrees
Rotates geometries from -45.0 degrees
Creates built-up and open vegetation zones
Rotates geometries from -45.0 degrees
Rotates geometries from -45.0 degrees
Identify the buildings concerned by the impacted zone chosen by the user
Creates the grid of points
Affects each grid point to a building Rockle zone and calculates needed 
          variables for 3D wind speed
Affects each grid point to a vegetation Rockle zone and calculates 
          needed variables for 3D wind speed
Remove some of the Röckle zone points
Creates backward zones
Calculates the 3D wind speed factor value for each point of each BUILDING zone
Rotates geometries from -45.0 degrees
Rotates geometries from -45.0 degrees
Rotates geometries from -45.0 degrees
Rotates geometries from -45.0 degrees
Rotates geometries from -45.0 degrees
Rotates geometries from -45.0 degrees
Rotates geometries from -45.0 degrees
Rotates geometries from -45.0 degrees
Rotates geometries from -45.0 degrees
Calculates the 3D wind speed factor value for each point of each VEGETATION zone
Rotates geometries from -45.0 degrees
Deals with superimposition (keeps only 1 value per 3D point)
Deals with superimposition (keeps only 1 value per 3D point)
Identify upstreamer points in TEMPO_WEIGHTING table
Identify upstreamer points in TEMPO_PRIORITIES table
Identify upstreamer points in TEMPO_PRIORITIES_WEIGHT table
Deals with superimposition (keeps only 1 value per 3D point)
Identify upstreamer points in TEMPO_WEIGHTING table
Identify upstreamer points in TEMPO_PRIORITIES table
Identify upstreamer points in TEMPO_PRIORITIES_WEIGHT table
Rotates geometries from -45.0 degrees
Identify grid points intersecting buildings
Set the initial 3D wind speed field
Time spent for wind speed initialization: 246.0492126941681 s
Shape: (310, 321, 28) - Nb cells: 2786280
Start to apply the wind solver
Iteration 1 (max 500)
   eps = 0.599951 >= 0.0001
Iteration 2 (max 500)
   eps = 0.435098 >= 0.0001
Iteration 3 (max 500)
   eps = 0.349464 >= 0.0001
Iteration 4 (max 500)
   eps = 0.290719 >= 0.0001
Iteration 5 (max 500)
   eps = 0.244726 >= 0.0001
Iteration 6 (max 500)
   eps = 0.210062 >= 0.0001
Iteration 7 (max 500)
   eps = 0.184662 >= 0.0001
Iteration 8 (max 500)
   eps = 0.164078 >= 0.0001
Iteration 9 (max 500)
   eps = 0.147667 >= 0.0001
Iteration 10 (max 500)
   eps = 0.134653 >= 0.0001
Iteration 11 (max 500)
   eps = 0.124324 >= 0.0001
Iteration 12 (max 500)
   eps = 0.115906 >= 0.0001
Iteration 13 (max 500)
   eps = 0.108874 >= 0.0001
Iteration 14 (max 500)
   eps = 0.10296 >= 0.0001
Iteration 15 (max 500)
   eps = 0.097937 >= 0.0001
Iteration 16 (max 500)
   eps = 0.093516 >= 0.0001
Iteration 17 (max 500)
   eps = 0.089504 >= 0.0001
Iteration 18 (max 500)
   eps = 0.085801 >= 0.0001
Iteration 19 (max 500)
   eps = 0.082512 >= 0.0001
Iteration 20 (max 500)
   eps = 0.079529 >= 0.0001
Iteration 21 (max 500)
   eps = 0.07702 >= 0.0001
Iteration 22 (max 500)
   eps = 0.074563 >= 0.0001
Iteration 23 (max 500)
   eps = 0.072737 >= 0.0001
Iteration 24 (max 500)
   eps = 0.070969 >= 0.0001
Iteration 25 (max 500)
   eps = 0.068633 >= 0.0001
Iteration 26 (max 500)
   eps = 0.084321 >= 0.0001
Iteration 27 (max 500)
   eps = 0.071949 >= 0.0001
Iteration 28 (max 500)
   eps = 0.066918 >= 0.0001
Iteration 29 (max 500)
   eps = 0.065179 >= 0.0001
Iteration 30 (max 500)
   eps = 0.064045 >= 0.0001
Iteration 31 (max 500)
   eps = 0.062872 >= 0.0001
Iteration 32 (max 500)
   eps = 0.061662 >= 0.0001
Iteration 33 (max 500)
   eps = 0.060932 >= 0.0001
Iteration 34 (max 500)
   eps = 0.060057 >= 0.0001
Iteration 35 (max 500)
   eps = 0.059269 >= 0.0001
Iteration 36 (max 500)
   eps = 0.058554 >= 0.0001
Iteration 37 (max 500)
   eps = 0.057614 >= 0.0001
Iteration 38 (max 500)
   eps = 0.056762 >= 0.0001
Iteration 39 (max 500)
   eps = 0.055943 >= 0.0001
Iteration 40 (max 500)
   eps = 0.055086 >= 0.0001
Iteration 41 (max 500)
   eps = 0.05431 >= 0.0001
Iteration 42 (max 500)
   eps = 0.053646 >= 0.0001
Iteration 43 (max 500)
   eps = 0.053024 >= 0.0001
Iteration 44 (max 500)
   eps = 0.052535 >= 0.0001
Iteration 45 (max 500)
   eps = 0.051971 >= 0.0001
Iteration 46 (max 500)
   eps = 0.051471 >= 0.0001
Iteration 47 (max 500)
   eps = 0.050846 >= 0.0001
Iteration 48 (max 500)
   eps = 0.050153 >= 0.0001
Iteration 49 (max 500)
   eps = 0.049596 >= 0.0001
Iteration 50 (max 500)
   eps = 0.048939 >= 0.0001
Iteration 51 (max 500)
   eps = 0.048275 >= 0.0001
Iteration 52 (max 500)
   eps = 0.047941 >= 0.0001
Iteration 53 (max 500)
   eps = 0.047185 >= 0.0001
Iteration 54 (max 500)
   eps = 0.046596 >= 0.0001
Iteration 55 (max 500)
   eps = 0.045919 >= 0.0001
Iteration 56 (max 500)
   eps = 0.045259 >= 0.0001
Iteration 57 (max 500)
   eps = 0.04463 >= 0.0001
Iteration 58 (max 500)
   eps = 0.043963 >= 0.0001
Iteration 59 (max 500)
   eps = 0.043244 >= 0.0001
Iteration 60 (max 500)
   eps = 0.042457 >= 0.0001
Iteration 61 (max 500)
   eps = 0.041743 >= 0.0001
Iteration 62 (max 500)
   eps = 0.04106 >= 0.0001
Iteration 63 (max 500)
   eps = 0.040334 >= 0.0001
Iteration 64 (max 500)
   eps = 0.039636 >= 0.0001
Iteration 65 (max 500)
   eps = 0.039034 >= 0.0001
Iteration 66 (max 500)
   eps = 0.038532 >= 0.0001
Iteration 67 (max 500)
   eps = 0.038011 >= 0.0001
Iteration 68 (max 500)
   eps = 0.037541 >= 0.0001
Iteration 69 (max 500)
   eps = 0.036996 >= 0.0001
Iteration 70 (max 500)
   eps = 0.036351 >= 0.0001
Iteration 71 (max 500)
   eps = 0.035663 >= 0.0001
Iteration 72 (max 500)
   eps = 0.035019 >= 0.0001
Iteration 73 (max 500)
   eps = 0.034454 >= 0.0001
Iteration 74 (max 500)
   eps = 0.033914 >= 0.0001
Iteration 75 (max 500)
   eps = 0.033372 >= 0.0001
Iteration 76 (max 500)
   eps = 0.032909 >= 0.0001
Iteration 77 (max 500)
   eps = 0.0324 >= 0.0001
Iteration 78 (max 500)
   eps = 0.031801 >= 0.0001
Iteration 79 (max 500)
   eps = 0.031227 >= 0.0001
Iteration 80 (max 500)
   eps = 0.030614 >= 0.0001
Iteration 81 (max 500)
   eps = 0.030077 >= 0.0001
Iteration 82 (max 500)
   eps = 0.029586 >= 0.0001
Iteration 83 (max 500)
   eps = 0.02912 >= 0.0001
Iteration 84 (max 500)
   eps = 0.028677 >= 0.0001
Iteration 85 (max 500)
   eps = 0.028216 >= 0.0001
Iteration 86 (max 500)
   eps = 0.027783 >= 0.0001
Iteration 87 (max 500)
   eps = 0.027304 >= 0.0001
Iteration 88 (max 500)
   eps = 0.026836 >= 0.0001
Iteration 89 (max 500)
   eps = 0.026444 >= 0.0001
Iteration 90 (max 500)
   eps = 0.026018 >= 0.0001
Iteration 91 (max 500)
   eps = 0.025647 >= 0.0001
Iteration 92 (max 500)
   eps = 0.025235 >= 0.0001
Iteration 93 (max 500)
   eps = 0.024799 >= 0.0001
Iteration 94 (max 500)
   eps = 0.024396 >= 0.0001
Iteration 95 (max 500)
   eps = 0.024027 >= 0.0001
Iteration 96 (max 500)
   eps = 0.023728 >= 0.0001
Iteration 97 (max 500)
   eps = 0.023303 >= 0.0001
Iteration 98 (max 500)
   eps = 0.022964 >= 0.0001
Iteration 99 (max 500)
   eps = 0.022593 >= 0.0001
Iteration 100 (max 500)
   eps = 0.022231 >= 0.0001
Iteration 101 (max 500)
   eps = 0.021879 >= 0.0001
Iteration 102 (max 500)
   eps = 0.021576 >= 0.0001
Iteration 103 (max 500)
   eps = 0.021273 >= 0.0001
Iteration 104 (max 500)
   eps = 0.020938 >= 0.0001
Iteration 105 (max 500)
   eps = 0.020681 >= 0.0001
Iteration 106 (max 500)
   eps = 0.020427 >= 0.0001
Iteration 107 (max 500)
   eps = 0.020141 >= 0.0001
Iteration 108 (max 500)
   eps = 0.019848 >= 0.0001
Iteration 109 (max 500)
   eps = 0.019547 >= 0.0001
Iteration 110 (max 500)
   eps = 0.019312 >= 0.0001
Iteration 111 (max 500)
   eps = 0.019037 >= 0.0001
Iteration 112 (max 500)
   eps = 0.018799 >= 0.0001
Iteration 113 (max 500)
   eps = 0.018501 >= 0.0001
Iteration 114 (max 500)
   eps = 0.018222 >= 0.0001
Iteration 115 (max 500)
   eps = 0.017945 >= 0.0001
Iteration 116 (max 500)
   eps = 0.017681 >= 0.0001
Iteration 117 (max 500)
   eps = 0.017442 >= 0.0001
Iteration 118 (max 500)
   eps = 0.017195 >= 0.0001
Iteration 119 (max 500)
   eps = 0.016956 >= 0.0001
Iteration 120 (max 500)
   eps = 0.016736 >= 0.0001
Iteration 121 (max 500)
   eps = 0.01651 >= 0.0001
Iteration 122 (max 500)
   eps = 0.016263 >= 0.0001
Iteration 123 (max 500)
   eps = 0.016035 >= 0.0001
Iteration 124 (max 500)
   eps = 0.0158 >= 0.0001
Iteration 125 (max 500)
   eps = 0.015576 >= 0.0001
Iteration 126 (max 500)
   eps = 0.015367 >= 0.0001
Iteration 127 (max 500)
   eps = 0.0152 >= 0.0001
Iteration 128 (max 500)
   eps = 0.01494 >= 0.0001
Iteration 129 (max 500)
   eps = 0.014746 >= 0.0001
Iteration 130 (max 500)
   eps = 0.014568 >= 0.0001
Iteration 131 (max 500)
   eps = 0.014371 >= 0.0001
Iteration 132 (max 500)
   eps = 0.014146 >= 0.0001
Iteration 133 (max 500)
   eps = 0.013961 >= 0.0001
Iteration 134 (max 500)
   eps = 0.013734 >= 0.0001
Iteration 135 (max 500)
   eps = 0.013494 >= 0.0001
Iteration 136 (max 500)
   eps = 0.013293 >= 0.0001
Iteration 137 (max 500)
   eps = 0.013101 >= 0.0001
Iteration 138 (max 500)
   eps = 0.012905 >= 0.0001
Iteration 139 (max 500)
   eps = 0.012716 >= 0.0001
Iteration 140 (max 500)
   eps = 0.012534 >= 0.0001
Iteration 141 (max 500)
   eps = 0.012349 >= 0.0001
Iteration 142 (max 500)
   eps = 0.012172 >= 0.0001
Iteration 143 (max 500)
   eps = 0.011989 >= 0.0001
Iteration 144 (max 500)
   eps = 0.011809 >= 0.0001
Iteration 145 (max 500)
   eps = 0.011605 >= 0.0001
Iteration 146 (max 500)
   eps = 0.011439 >= 0.0001
Iteration 147 (max 500)
   eps = 0.011258 >= 0.0001
Iteration 148 (max 500)
   eps = 0.011075 >= 0.0001
Iteration 149 (max 500)
   eps = 0.010913 >= 0.0001
Iteration 150 (max 500)
   eps = 0.010758 >= 0.0001
Iteration 151 (max 500)
   eps = 0.01063 >= 0.0001
Iteration 152 (max 500)
   eps = 0.010472 >= 0.0001
Iteration 153 (max 500)
   eps = 0.010333 >= 0.0001
Iteration 154 (max 500)
   eps = 0.010176 >= 0.0001
Iteration 155 (max 500)
   eps = 0.010014 >= 0.0001
Iteration 156 (max 500)
   eps = 0.009849 >= 0.0001
Iteration 157 (max 500)
   eps = 0.009694 >= 0.0001
Iteration 158 (max 500)
   eps = 0.009562 >= 0.0001
Iteration 159 (max 500)
   eps = 0.00941 >= 0.0001
Iteration 160 (max 500)
   eps = 0.009254 >= 0.0001
Iteration 161 (max 500)
   eps = 0.009125 >= 0.0001
Iteration 162 (max 500)
   eps = 0.008986 >= 0.0001
Iteration 163 (max 500)
   eps = 0.008851 >= 0.0001
Iteration 164 (max 500)
   eps = 0.008735 >= 0.0001
Iteration 165 (max 500)
   eps = 0.008596 >= 0.0001
Iteration 166 (max 500)
   eps = 0.008452 >= 0.0001
Iteration 167 (max 500)
   eps = 0.008319 >= 0.0001
Iteration 168 (max 500)
   eps = 0.008194 >= 0.0001
Iteration 169 (max 500)
   eps = 0.008065 >= 0.0001
Iteration 170 (max 500)
   eps = 0.007935 >= 0.0001
Iteration 171 (max 500)
   eps = 0.007819 >= 0.0001
Iteration 172 (max 500)
   eps = 0.007705 >= 0.0001
Iteration 173 (max 500)
   eps = 0.007589 >= 0.0001
Iteration 174 (max 500)
   eps = 0.007474 >= 0.0001
Iteration 175 (max 500)
   eps = 0.007343 >= 0.0001
Iteration 176 (max 500)
   eps = 0.00723 >= 0.0001
Iteration 177 (max 500)
   eps = 0.007122 >= 0.0001
Iteration 178 (max 500)
   eps = 0.00702 >= 0.0001
Iteration 179 (max 500)
   eps = 0.006915 >= 0.0001
Iteration 180 (max 500)
   eps = 0.006799 >= 0.0001
Iteration 181 (max 500)
   eps = 0.006697 >= 0.0001
Iteration 182 (max 500)
   eps = 0.006588 >= 0.0001
Iteration 183 (max 500)
   eps = 0.006484 >= 0.0001
Iteration 184 (max 500)
   eps = 0.006396 >= 0.0001
Iteration 185 (max 500)
   eps = 0.006316 >= 0.0001
Iteration 186 (max 500)
   eps = 0.006221 >= 0.0001
Iteration 187 (max 500)
   eps = 0.006127 >= 0.0001
Iteration 188 (max 500)
   eps = 0.006033 >= 0.0001
Iteration 189 (max 500)
   eps = 0.005933 >= 0.0001
Iteration 190 (max 500)
   eps = 0.005836 >= 0.0001
Iteration 191 (max 500)
   eps = 0.005738 >= 0.0001
Iteration 192 (max 500)
   eps = 0.005644 >= 0.0001
Iteration 193 (max 500)
   eps = 0.005553 >= 0.0001
Iteration 194 (max 500)
   eps = 0.005463 >= 0.0001
Iteration 195 (max 500)
   eps = 0.005377 >= 0.0001
Iteration 196 (max 500)
   eps = 0.005291 >= 0.0001
Iteration 197 (max 500)
   eps = 0.005204 >= 0.0001
Iteration 198 (max 500)
   eps = 0.005123 >= 0.0001
Iteration 199 (max 500)
   eps = 0.005048 >= 0.0001
Iteration 200 (max 500)
   eps = 0.004977 >= 0.0001
Iteration 201 (max 500)
   eps = 0.0049 >= 0.0001
Iteration 202 (max 500)
   eps = 0.004824 >= 0.0001
Iteration 203 (max 500)
   eps = 0.004736 >= 0.0001
Iteration 204 (max 500)
   eps = 0.004655 >= 0.0001
Iteration 205 (max 500)
   eps = 0.004583 >= 0.0001
Iteration 206 (max 500)
   eps = 0.004516 >= 0.0001
Iteration 207 (max 500)
   eps = 0.00445 >= 0.0001
Iteration 208 (max 500)
   eps = 0.004379 >= 0.0001
Iteration 209 (max 500)
   eps = 0.004309 >= 0.0001
Iteration 210 (max 500)
   eps = 0.004244 >= 0.0001
Iteration 211 (max 500)
   eps = 0.004201 >= 0.0001
Iteration 212 (max 500)
   eps = 0.004124 >= 0.0001
Iteration 213 (max 500)
   eps = 0.004053 >= 0.0001
Iteration 214 (max 500)
   eps = 0.003994 >= 0.0001
Iteration 215 (max 500)
   eps = 0.00394 >= 0.0001
Iteration 216 (max 500)
   eps = 0.003889 >= 0.0001
Iteration 217 (max 500)
   eps = 0.003839 >= 0.0001
Iteration 218 (max 500)
   eps = 0.003783 >= 0.0001
Iteration 219 (max 500)
   eps = 0.003722 >= 0.0001
Iteration 220 (max 500)
   eps = 0.003655 >= 0.0001
Iteration 221 (max 500)
   eps = 0.003599 >= 0.0001
Iteration 222 (max 500)
   eps = 0.003532 >= 0.0001
Iteration 223 (max 500)
   eps = 0.003466 >= 0.0001
Iteration 224 (max 500)
   eps = 0.003405 >= 0.0001
Iteration 225 (max 500)
   eps = 0.00335 >= 0.0001
Iteration 226 (max 500)
   eps = 0.003297 >= 0.0001
Iteration 227 (max 500)
   eps = 0.003247 >= 0.0001
Iteration 228 (max 500)
   eps = 0.003197 >= 0.0001
Iteration 229 (max 500)
   eps = 0.003144 >= 0.0001
Iteration 230 (max 500)
   eps = 0.003093 >= 0.0001
Iteration 231 (max 500)
   eps = 0.003039 >= 0.0001
Iteration 232 (max 500)
   eps = 0.002994 >= 0.0001
Iteration 233 (max 500)
   eps = 0.002948 >= 0.0001
Iteration 234 (max 500)
   eps = 0.002905 >= 0.0001
Iteration 235 (max 500)
   eps = 0.00286 >= 0.0001
Iteration 236 (max 500)
   eps = 0.002816 >= 0.0001
Iteration 237 (max 500)
   eps = 0.002788 >= 0.0001
Iteration 238 (max 500)
   eps = 0.002751 >= 0.0001
Iteration 239 (max 500)
   eps = 0.002721 >= 0.0001
Iteration 240 (max 500)
   eps = 0.002659 >= 0.0001
Iteration 241 (max 500)
   eps = 0.002618 >= 0.0001
Iteration 242 (max 500)
   eps = 0.002573 >= 0.0001
Iteration 243 (max 500)
   eps = 0.002526 >= 0.0001
Iteration 244 (max 500)
   eps = 0.002478 >= 0.0001
Iteration 245 (max 500)
   eps = 0.002431 >= 0.0001
Iteration 246 (max 500)
   eps = 0.002392 >= 0.0001
Iteration 247 (max 500)
   eps = 0.002353 >= 0.0001
Iteration 248 (max 500)
   eps = 0.002324 >= 0.0001
Iteration 249 (max 500)
   eps = 0.00228 >= 0.0001
Iteration 250 (max 500)
   eps = 0.002241 >= 0.0001
Iteration 251 (max 500)
   eps = 0.00221 >= 0.0001
Iteration 252 (max 500)
   eps = 0.002179 >= 0.0001
Iteration 253 (max 500)
   eps = 0.002141 >= 0.0001
Iteration 254 (max 500)
   eps = 0.002105 >= 0.0001
Iteration 255 (max 500)
   eps = 0.002072 >= 0.0001
Iteration 256 (max 500)
   eps = 0.002037 >= 0.0001
Iteration 257 (max 500)
   eps = 0.002002 >= 0.0001
Iteration 258 (max 500)
   eps = 0.001969 >= 0.0001
Iteration 259 (max 500)
   eps = 0.001937 >= 0.0001
Iteration 260 (max 500)
   eps = 0.001906 >= 0.0001
Iteration 261 (max 500)
   eps = 0.001874 >= 0.0001
Iteration 262 (max 500)
   eps = 0.001845 >= 0.0001
Iteration 263 (max 500)
   eps = 0.001816 >= 0.0001
Iteration 264 (max 500)
   eps = 0.001789 >= 0.0001
Iteration 265 (max 500)
   eps = 0.001764 >= 0.0001
Iteration 266 (max 500)
   eps = 0.001739 >= 0.0001
Iteration 267 (max 500)
   eps = 0.001714 >= 0.0001
Iteration 268 (max 500)
   eps = 0.001685 >= 0.0001
Iteration 269 (max 500)
   eps = 0.001661 >= 0.0001
Iteration 270 (max 500)
   eps = 0.001634 >= 0.0001
Iteration 271 (max 500)
   eps = 0.001603 >= 0.0001
Iteration 272 (max 500)
   eps = 0.001575 >= 0.0001
Iteration 273 (max 500)
   eps = 0.001547 >= 0.0001
Iteration 274 (max 500)
   eps = 0.001519 >= 0.0001
Iteration 275 (max 500)
   eps = 0.001492 >= 0.0001
Iteration 276 (max 500)
   eps = 0.001468 >= 0.0001
Iteration 277 (max 500)
   eps = 0.001443 >= 0.0001
Iteration 278 (max 500)
   eps = 0.001417 >= 0.0001
Iteration 279 (max 500)
   eps = 0.001392 >= 0.0001
Iteration 280 (max 500)
   eps = 0.001369 >= 0.0001
Iteration 281 (max 500)
   eps = 0.001348 >= 0.0001
Iteration 282 (max 500)
   eps = 0.001328 >= 0.0001
Iteration 283 (max 500)
   eps = 0.001307 >= 0.0001
Iteration 284 (max 500)
   eps = 0.001286 >= 0.0001
Iteration 285 (max 500)
   eps = 0.001266 >= 0.0001
Iteration 286 (max 500)
   eps = 0.001247 >= 0.0001
Iteration 287 (max 500)
   eps = 0.001228 >= 0.0001
Iteration 288 (max 500)
   eps = 0.001208 >= 0.0001
Iteration 289 (max 500)
   eps = 0.001188 >= 0.0001
Iteration 290 (max 500)
   eps = 0.001167 >= 0.0001
Iteration 291 (max 500)
   eps = 0.001145 >= 0.0001
Iteration 292 (max 500)
   eps = 0.001123 >= 0.0001
Iteration 293 (max 500)
   eps = 0.001105 >= 0.0001
Iteration 294 (max 500)
   eps = 0.001086 >= 0.0001
Iteration 295 (max 500)
   eps = 0.001067 >= 0.0001
Iteration 296 (max 500)
   eps = 0.00105 >= 0.0001
Iteration 297 (max 500)
   eps = 0.001032 >= 0.0001
Iteration 298 (max 500)
   eps = 0.001015 >= 0.0001
Iteration 299 (max 500)
   eps = 0.000999 >= 0.0001
Iteration 300 (max 500)
   eps = 0.000985 >= 0.0001
Iteration 301 (max 500)
   eps = 0.000971 >= 0.0001
Iteration 302 (max 500)
   eps = 0.000955 >= 0.0001
Iteration 303 (max 500)
   eps = 0.000939 >= 0.0001
Iteration 304 (max 500)
   eps = 0.000925 >= 0.0001
Iteration 305 (max 500)
   eps = 0.00091 >= 0.0001
Iteration 306 (max 500)
   eps = 0.000897 >= 0.0001
Iteration 307 (max 500)
   eps = 0.000884 >= 0.0001
Iteration 308 (max 500)
   eps = 0.000869 >= 0.0001
Iteration 309 (max 500)
   eps = 0.000851 >= 0.0001
Iteration 310 (max 500)
   eps = 0.000835 >= 0.0001
Iteration 311 (max 500)
   eps = 0.000821 >= 0.0001
Iteration 312 (max 500)
   eps = 0.000807 >= 0.0001
Iteration 313 (max 500)
   eps = 0.000794 >= 0.0001
Iteration 314 (max 500)
   eps = 0.000781 >= 0.0001
Iteration 315 (max 500)
   eps = 0.000768 >= 0.0001
Iteration 316 (max 500)
   eps = 0.000757 >= 0.0001
Iteration 317 (max 500)
   eps = 0.000745 >= 0.0001
Iteration 318 (max 500)
   eps = 0.000733 >= 0.0001
Iteration 319 (max 500)
   eps = 0.000722 >= 0.0001
Iteration 320 (max 500)
   eps = 0.000707 >= 0.0001
Iteration 321 (max 500)
   eps = 0.000695 >= 0.0001
Iteration 322 (max 500)
   eps = 0.000683 >= 0.0001
Iteration 323 (max 500)
   eps = 0.000674 >= 0.0001
Iteration 324 (max 500)
   eps = 0.000665 >= 0.0001
Iteration 325 (max 500)
   eps = 0.00065 >= 0.0001
Iteration 326 (max 500)
   eps = 0.000639 >= 0.0001
Iteration 327 (max 500)
   eps = 0.000631 >= 0.0001
Iteration 328 (max 500)
   eps = 0.00062 >= 0.0001
Iteration 329 (max 500)
   eps = 0.000609 >= 0.0001
Iteration 330 (max 500)
   eps = 0.000599 >= 0.0001
Iteration 331 (max 500)
   eps = 0.00059 >= 0.0001
Iteration 332 (max 500)
   eps = 0.00058 >= 0.0001
Iteration 333 (max 500)
   eps = 0.00057 >= 0.0001
Iteration 334 (max 500)
   eps = 0.000559 >= 0.0001
Iteration 335 (max 500)
   eps = 0.000548 >= 0.0001
Iteration 336 (max 500)
   eps = 0.000539 >= 0.0001
Iteration 337 (max 500)
   eps = 0.000529 >= 0.0001
Iteration 338 (max 500)
   eps = 0.00052 >= 0.0001
Iteration 339 (max 500)
   eps = 0.000513 >= 0.0001
Iteration 340 (max 500)
   eps = 0.000505 >= 0.0001
Iteration 341 (max 500)
   eps = 0.000497 >= 0.0001
Iteration 342 (max 500)
   eps = 0.00049 >= 0.0001
Iteration 343 (max 500)
   eps = 0.000482 >= 0.0001
Iteration 344 (max 500)
   eps = 0.000474 >= 0.0001
Iteration 345 (max 500)
   eps = 0.000466 >= 0.0001
Iteration 346 (max 500)
   eps = 0.000458 >= 0.0001
Iteration 347 (max 500)
   eps = 0.00045 >= 0.0001
Iteration 348 (max 500)
   eps = 0.000443 >= 0.0001
Iteration 349 (max 500)
   eps = 0.000434 >= 0.0001
Iteration 350 (max 500)
   eps = 0.000428 >= 0.0001
Iteration 351 (max 500)
   eps = 0.000422 >= 0.0001
Iteration 352 (max 500)
   eps = 0.000415 >= 0.0001
Iteration 353 (max 500)
   eps = 0.000407 >= 0.0001
Iteration 354 (max 500)
   eps = 0.000399 >= 0.0001
Iteration 355 (max 500)
   eps = 0.000391 >= 0.0001
Iteration 356 (max 500)
   eps = 0.000383 >= 0.0001
Iteration 357 (max 500)
   eps = 0.000377 >= 0.0001
Iteration 358 (max 500)
   eps = 0.00037 >= 0.0001
Iteration 359 (max 500)
   eps = 0.000363 >= 0.0001
Iteration 360 (max 500)
   eps = 0.000358 >= 0.0001
Iteration 361 (max 500)
   eps = 0.000351 >= 0.0001
Iteration 362 (max 500)
   eps = 0.000344 >= 0.0001
Iteration 363 (max 500)
   eps = 0.000339 >= 0.0001
Iteration 364 (max 500)
   eps = 0.000333 >= 0.0001
Iteration 365 (max 500)
   eps = 0.000327 >= 0.0001
Iteration 366 (max 500)
   eps = 0.000321 >= 0.0001
Iteration 367 (max 500)
   eps = 0.000315 >= 0.0001
Iteration 368 (max 500)
   eps = 0.00031 >= 0.0001
Iteration 369 (max 500)
   eps = 0.000304 >= 0.0001
Iteration 370 (max 500)
   eps = 0.000299 >= 0.0001
Iteration 371 (max 500)
   eps = 0.000293 >= 0.0001
Iteration 372 (max 500)
   eps = 0.000288 >= 0.0001
Iteration 373 (max 500)
   eps = 0.000283 >= 0.0001
Iteration 374 (max 500)
   eps = 0.000277 >= 0.0001
Iteration 375 (max 500)
   eps = 0.000273 >= 0.0001
Iteration 376 (max 500)
   eps = 0.000268 >= 0.0001
Iteration 377 (max 500)
   eps = 0.000263 >= 0.0001
Iteration 378 (max 500)
   eps = 0.000258 >= 0.0001
Iteration 379 (max 500)
   eps = 0.000253 >= 0.0001
Iteration 380 (max 500)
   eps = 0.000248 >= 0.0001
Iteration 381 (max 500)
   eps = 0.000244 >= 0.0001
Iteration 382 (max 500)
   eps = 0.00024 >= 0.0001
Iteration 383 (max 500)
   eps = 0.000236 >= 0.0001
Iteration 384 (max 500)
   eps = 0.000232 >= 0.0001
Iteration 385 (max 500)
   eps = 0.000229 >= 0.0001
Iteration 386 (max 500)
   eps = 0.000226 >= 0.0001
Iteration 387 (max 500)
   eps = 0.000222 >= 0.0001
Iteration 388 (max 500)
   eps = 0.000218 >= 0.0001
Iteration 389 (max 500)
   eps = 0.000214 >= 0.0001
Iteration 390 (max 500)
   eps = 0.00021 >= 0.0001
Iteration 391 (max 500)
   eps = 0.000207 >= 0.0001
Iteration 392 (max 500)
   eps = 0.000203 >= 0.0001
Iteration 393 (max 500)
   eps = 0.000199 >= 0.0001
Iteration 394 (max 500)
   eps = 0.000196 >= 0.0001
Iteration 395 (max 500)
   eps = 0.000193 >= 0.0001
Iteration 396 (max 500)
   eps = 0.00019 >= 0.0001
Iteration 397 (max 500)
   eps = 0.000186 >= 0.0001
Iteration 398 (max 500)
   eps = 0.000183 >= 0.0001
Iteration 399 (max 500)
   eps = 0.00018 >= 0.0001
Iteration 400 (max 500)
   eps = 0.000177 >= 0.0001
Iteration 401 (max 500)
   eps = 0.000173 >= 0.0001
Iteration 402 (max 500)
   eps = 0.00017 >= 0.0001
Iteration 403 (max 500)
   eps = 0.000167 >= 0.0001
Iteration 404 (max 500)
   eps = 0.000165 >= 0.0001
Iteration 405 (max 500)
   eps = 0.000161 >= 0.0001
Iteration 406 (max 500)
   eps = 0.000158 >= 0.0001
Iteration 407 (max 500)
   eps = 0.000156 >= 0.0001
Iteration 408 (max 500)
   eps = 0.000153 >= 0.0001
Iteration 409 (max 500)
   eps = 0.00015 >= 0.0001
Iteration 410 (max 500)
   eps = 0.000148 >= 0.0001
Iteration 411 (max 500)
   eps = 0.000145 >= 0.0001
Iteration 412 (max 500)
   eps = 0.000142 >= 0.0001
Iteration 413 (max 500)
   eps = 0.00014 >= 0.0001
Iteration 414 (max 500)
   eps = 0.000137 >= 0.0001
Iteration 415 (max 500)
   eps = 0.000134 >= 0.0001
Iteration 416 (max 500)
   eps = 0.000132 >= 0.0001
Iteration 417 (max 500)
   eps = 0.00013 >= 0.0001
Iteration 418 (max 500)
   eps = 0.000128 >= 0.0001
Iteration 419 (max 500)
   eps = 0.000126 >= 0.0001
Iteration 420 (max 500)
   eps = 0.000124 >= 0.0001
Iteration 421 (max 500)
   eps = 0.000121 >= 0.0001
Iteration 422 (max 500)
   eps = 0.000119 >= 0.0001
Iteration 423 (max 500)
   eps = 0.000117 >= 0.0001
Iteration 424 (max 500)
   eps = 0.000115 >= 0.0001
Iteration 425 (max 500)
   eps = 0.000113 >= 0.0001
Iteration 426 (max 500)
   eps = 0.000111 >= 0.0001
Iteration 427 (max 500)
   eps = 0.00011 >= 0.0001
Iteration 428 (max 500)
   eps = 0.000108 >= 0.0001
Iteration 429 (max 500)
   eps = 0.000106 >= 0.0001
Iteration 430 (max 500)
   eps = 0.000104 >= 0.0001
Iteration 431 (max 500)
   eps = 0.000102 >= 0.0001
Iteration 432 (max 500)
Time spent by the wind speed solver: 140.96444177627563 s
Rotates geometries from -45.0 degrees
Interp succeeded!!! for tmp_file
Interp succeeded!!! for tmp_file
Interp succeeded!!! for tmp_file
Interp succeeded!!! for tmp_file
Interp succeeded!!! for tmp_file
Interp succeeded!!! for tmp_file
Process 3995978: Successfully ran URock for tile output 'wind_field_raw_tile_15'.
Process 3995978: Elapsed time for URock ('wind_field_raw_tile_15'): 517.19 seconds.
[Master] Process 3995978 - Tile 15: Finished processing.
[Master] 3995978: exit signal
Info: Debuffered '/storage/project/r-rbasu31-0/hyu483/Test_UMEP/UROCK_output_35_spawn/temp_intermediate_files/tile_15_urock_raw_outputs/z1_5/wind_field_raw_tile_15WS.tif' to '/storage/project/r-rbasu31-0/hyu483/Test_UMEP/UROCK_output_35_spawn/urock_tiled_output/urock_wind_field_tile_15WS.tif' (original extent: (233982.59099838723, 902332.4833440109, 234182.59099838723, 902532.4833440109)).
Connecting to database
	->/tmp/URock_2025-12-21T18083954953970-6bb6-407a-8cd2-9a3f0024f18f/myDbH2
/storage/home/hcoda1/4/hyu483/qgis_332/profiles/default/python/plugins/processing_umep/functions/URock/h2gis-standalone/h2gis-dist-2.2.3.jar
Connected!

Spatial functions added!

Load input data
Load table 'build_pre_srid_20251221180847'
Load table 'veg_pre_srid_20251221180847'
Creates blocks and stacked blocks
Rotates geometries from 45.0 degrees
Identify block base height and block cavity base
Calculates obstacle properties
Calculates zone properties
Initializes upwind facades
Update upwind facades base height
Initializes downwind facades
Calculates study area properties
Roughness zone properties are:

                                 - z0: 1.5021088001350678
                                 - d: 7.2676696619186005
                                 - Hr: 10.014058667567118
                                 - H_ob_max: 95
                                 - lambda_f: 0.22356189452695774
Rotates geometries from -45.0 degrees
Rotates geometries from -45.0 degrees
Rotates geometries from -45.0 degrees
Creates displacement zones
Rotates geometries from -45.0 degrees
Rotates geometries from -45.0 degrees
Creates cavity and wake zones
Rotates geometries from -45.0 degrees
Rotates geometries from -45.0 degrees
Creates street canyon zones
Rotates geometries from -45.0 degrees
Creates rooftop zones (perpendicular and corner)
Rotates geometries from -45.0 degrees
Rotates geometries from -45.0 degrees
Creates built-up and open vegetation zones
Rotates geometries from -45.0 degrees
Rotates geometries from -45.0 degrees
Identify the buildings concerned by the impacted zone chosen by the user
Creates the grid of points
Affects each grid point to a building Rockle zone and calculates needed 
          variables for 3D wind speed
Affects each grid point to a vegetation Rockle zone and calculates 
          needed variables for 3D wind speed
Remove some of the Röckle zone points
Creates backward zones
Calculates the 3D wind speed factor value for each point of each BUILDING zone
Rotates geometries from -45.0 degrees
Rotates geometries from -45.0 degrees
Rotates geometries from -45.0 degrees
Rotates geometries from -45.0 degrees
Rotates geometries from -45.0 degrees
Rotates geometries from -45.0 degrees
Rotates geometries from -45.0 degrees
Rotates geometries from -45.0 degrees
Rotates geometries from -45.0 degrees
Calculates the 3D wind speed factor value for each point of each VEGETATION zone
Rotates geometries from -45.0 degrees
Deals with superimposition (keeps only 1 value per 3D point)
Deals with superimposition (keeps only 1 value per 3D point)
Identify upstreamer points in TEMPO_WEIGHTING table
Identify upstreamer points in TEMPO_PRIORITIES table
Identify upstreamer points in TEMPO_PRIORITIES_WEIGHT table
Deals with superimposition (keeps only 1 value per 3D point)
Identify upstreamer points in TEMPO_WEIGHTING table
Identify upstreamer points in TEMPO_PRIORITIES table
Identify upstreamer points in TEMPO_PRIORITIES_WEIGHT table
Rotates geometries from -45.0 degrees
Identify grid points intersecting buildings
Set the initial 3D wind speed field
Time spent for wind speed initialization: 270.6315619945526 s
Shape: (273, 319, 43) - Nb cells: 3744741
Start to apply the wind solver
Iteration 1 (max 500)
   eps = 0.609955 >= 0.0001
Iteration 2 (max 500)
   eps = 0.41632 >= 0.0001
Iteration 3 (max 500)
   eps = 0.327952 >= 0.0001
Iteration 4 (max 500)
   eps = 0.269667 >= 0.0001
Iteration 5 (max 500)
   eps = 0.227007 >= 0.0001
Iteration 6 (max 500)
   eps = 0.196525 >= 0.0001
Iteration 7 (max 500)
   eps = 0.173383 >= 0.0001
Iteration 8 (max 500)
   eps = 0.153684 >= 0.0001
Iteration 9 (max 500)
   eps = 0.137197 >= 0.0001
Iteration 10 (max 500)
   eps = 0.12358 >= 0.0001
Iteration 11 (max 500)
   eps = 0.112527 >= 0.0001
Iteration 12 (max 500)
   eps = 0.103146 >= 0.0001
Iteration 13 (max 500)
   eps = 0.095201 >= 0.0001
Iteration 14 (max 500)
   eps = 0.088149 >= 0.0001
Iteration 15 (max 500)
   eps = 0.081857 >= 0.0001
Iteration 16 (max 500)
   eps = 0.076591 >= 0.0001
Iteration 17 (max 500)
   eps = 0.072042 >= 0.0001
Iteration 18 (max 500)
   eps = 0.068054 >= 0.0001
Iteration 19 (max 500)
   eps = 0.064467 >= 0.0001
Iteration 20 (max 500)
   eps = 0.061395 >= 0.0001
Iteration 21 (max 500)
   eps = 0.058546 >= 0.0001
Iteration 22 (max 500)
   eps = 0.05596 >= 0.0001
Iteration 23 (max 500)
   eps = 0.053557 >= 0.0001
Iteration 24 (max 500)
   eps = 0.051333 >= 0.0001
Iteration 25 (max 500)
   eps = 0.049297 >= 0.0001
Iteration 26 (max 500)
   eps = 0.047351 >= 0.0001
Iteration 27 (max 500)
   eps = 0.045508 >= 0.0001
Iteration 28 (max 500)
   eps = 0.043724 >= 0.0001
Iteration 29 (max 500)
   eps = 0.04212 >= 0.0001
Iteration 30 (max 500)
   eps = 0.040725 >= 0.0001
Iteration 31 (max 500)
   eps = 0.03942 >= 0.0001
Iteration 32 (max 500)
   eps = 0.038451 >= 0.0001
Iteration 33 (max 500)
   eps = 0.037358 >= 0.0001
Iteration 34 (max 500)
   eps = 0.036298 >= 0.0001
Iteration 35 (max 500)
   eps = 0.035355 >= 0.0001
Iteration 36 (max 500)
   eps = 0.034528 >= 0.0001
Iteration 37 (max 500)
   eps = 0.033666 >= 0.0001
Iteration 38 (max 500)
   eps = 0.032937 >= 0.0001
Iteration 39 (max 500)
   eps = 0.032139 >= 0.0001
Iteration 40 (max 500)
   eps = 0.031359 >= 0.0001
Iteration 41 (max 500)
   eps = 0.032298 >= 0.0001
Iteration 42 (max 500)
   eps = 0.031338 >= 0.0001
Iteration 43 (max 500)
   eps = 0.030017 >= 0.0001
Iteration 44 (max 500)
   eps = 0.029102 >= 0.0001
Iteration 45 (max 500)
   eps = 0.028449 >= 0.0001
Iteration 46 (max 500)
   eps = 0.027766 >= 0.0001
Iteration 47 (max 500)
   eps = 0.027157 >= 0.0001
Iteration 48 (max 500)
   eps = 0.026593 >= 0.0001
Iteration 49 (max 500)
   eps = 0.026088 >= 0.0001
Iteration 50 (max 500)
   eps = 0.025595 >= 0.0001
Iteration 51 (max 500)
   eps = 0.025112 >= 0.0001
Iteration 52 (max 500)
   eps = 0.024633 >= 0.0001
Iteration 53 (max 500)
   eps = 0.024129 >= 0.0001
Iteration 54 (max 500)
   eps = 0.023641 >= 0.0001
Iteration 55 (max 500)
   eps = 0.023209 >= 0.0001
Iteration 56 (max 500)
   eps = 0.022808 >= 0.0001
Iteration 57 (max 500)
   eps = 0.022419 >= 0.0001
Iteration 58 (max 500)
   eps = 0.022053 >= 0.0001
Iteration 59 (max 500)
   eps = 0.021701 >= 0.0001
Iteration 60 (max 500)
   eps = 0.021359 >= 0.0001
Iteration 61 (max 500)
   eps = 0.021036 >= 0.0001
Iteration 62 (max 500)
   eps = 0.020698 >= 0.0001
Iteration 63 (max 500)
   eps = 0.020385 >= 0.0001
Iteration 64 (max 500)
   eps = 0.02004 >= 0.0001
Iteration 65 (max 500)
   eps = 0.019699 >= 0.0001
Iteration 66 (max 500)
   eps = 0.019401 >= 0.0001
Iteration 67 (max 500)
   eps = 0.019116 >= 0.0001
Iteration 68 (max 500)
   eps = 0.018862 >= 0.0001
Iteration 69 (max 500)
   eps = 0.01864 >= 0.0001
Iteration 70 (max 500)
   eps = 0.018404 >= 0.0001
Iteration 71 (max 500)
   eps = 0.018164 >= 0.0001
Iteration 72 (max 500)
   eps = 0.017921 >= 0.0001
Iteration 73 (max 500)
   eps = 0.017654 >= 0.0001
Iteration 74 (max 500)
   eps = 0.017374 >= 0.0001
Iteration 75 (max 500)
   eps = 0.0171 >= 0.0001
Iteration 76 (max 500)
   eps = 0.016829 >= 0.0001
Iteration 77 (max 500)
   eps = 0.016583 >= 0.0001
Iteration 78 (max 500)
   eps = 0.016379 >= 0.0001
Iteration 79 (max 500)
   eps = 0.016181 >= 0.0001
Iteration 80 (max 500)
   eps = 0.015998 >= 0.0001
Iteration 81 (max 500)
   eps = 0.015816 >= 0.0001
Iteration 82 (max 500)
   eps = 0.015683 >= 0.0001
Iteration 83 (max 500)
   eps = 0.015527 >= 0.0001
Iteration 84 (max 500)
   eps = 0.01533 >= 0.0001
Iteration 85 (max 500)
   eps = 0.015121 >= 0.0001
Iteration 86 (max 500)
   eps = 0.014905 >= 0.0001
Iteration 87 (max 500)
   eps = 0.014694 >= 0.0001
Iteration 88 (max 500)
   eps = 0.014494 >= 0.0001
Iteration 89 (max 500)
   eps = 0.014297 >= 0.0001
Iteration 90 (max 500)
   eps = 0.014092 >= 0.0001
Iteration 91 (max 500)
   eps = 0.013885 >= 0.0001
Iteration 92 (max 500)
   eps = 0.013699 >= 0.0001
Iteration 93 (max 500)
   eps = 0.013534 >= 0.0001
Iteration 94 (max 500)
   eps = 0.013391 >= 0.0001
Iteration 95 (max 500)
   eps = 0.013247 >= 0.0001
Iteration 96 (max 500)
   eps = 0.013116 >= 0.0001
Iteration 97 (max 500)
   eps = 0.012968 >= 0.0001
Iteration 98 (max 500)
   eps = 0.012825 >= 0.0001
Iteration 99 (max 500)
   eps = 0.012661 >= 0.0001
Iteration 100 (max 500)
   eps = 0.012516 >= 0.0001
Iteration 101 (max 500)
   eps = 0.012358 >= 0.0001
Iteration 102 (max 500)
   eps = 0.012206 >= 0.0001
Iteration 103 (max 500)
   eps = 0.012038 >= 0.0001
Iteration 104 (max 500)
   eps = 0.011869 >= 0.0001
Iteration 105 (max 500)
   eps = 0.011689 >= 0.0001
Iteration 106 (max 500)
   eps = 0.011519 >= 0.0001
Iteration 107 (max 500)
   eps = 0.011347 >= 0.0001
Iteration 108 (max 500)
   eps = 0.011189 >= 0.0001
Iteration 109 (max 500)
   eps = 0.011045 >= 0.0001
Iteration 110 (max 500)
   eps = 0.010902 >= 0.0001
Iteration 111 (max 500)
   eps = 0.010749 >= 0.0001
Iteration 112 (max 500)
   eps = 0.010617 >= 0.0001
Iteration 113 (max 500)
   eps = 0.010476 >= 0.0001
Iteration 114 (max 500)
   eps = 0.010336 >= 0.0001
Iteration 115 (max 500)
   eps = 0.010197 >= 0.0001
Iteration 116 (max 500)
   eps = 0.010082 >= 0.0001
Iteration 117 (max 500)
   eps = 0.009973 >= 0.0001
Iteration 118 (max 500)
   eps = 0.009883 >= 0.0001
Iteration 119 (max 500)
   eps = 0.009769 >= 0.0001
Iteration 120 (max 500)
   eps = 0.009639 >= 0.0001
Iteration 121 (max 500)
   eps = 0.009531 >= 0.0001
Iteration 122 (max 500)
   eps = 0.009427 >= 0.0001
Iteration 123 (max 500)
   eps = 0.009305 >= 0.0001
Iteration 124 (max 500)
   eps = 0.009177 >= 0.0001
Iteration 125 (max 500)
   eps = 0.009038 >= 0.0001
Iteration 126 (max 500)
   eps = 0.008925 >= 0.0001
Iteration 127 (max 500)
   eps = 0.008801 >= 0.0001
Iteration 128 (max 500)
   eps = 0.00868 >= 0.0001
Iteration 129 (max 500)
   eps = 0.008545 >= 0.0001
Iteration 130 (max 500)
   eps = 0.008415 >= 0.0001
Iteration 131 (max 500)
   eps = 0.008271 >= 0.0001
Iteration 132 (max 500)
   eps = 0.008127 >= 0.0001
Iteration 133 (max 500)
   eps = 0.007978 >= 0.0001
Iteration 134 (max 500)
   eps = 0.007851 >= 0.0001
Iteration 135 (max 500)
   eps = 0.00773 >= 0.0001
Iteration 136 (max 500)
   eps = 0.007605 >= 0.0001
Iteration 137 (max 500)
   eps = 0.007493 >= 0.0001
Iteration 138 (max 500)
   eps = 0.007389 >= 0.0001
Iteration 139 (max 500)
   eps = 0.007272 >= 0.0001
Iteration 140 (max 500)
   eps = 0.007169 >= 0.0001
Iteration 141 (max 500)
   eps = 0.007081 >= 0.0001
Iteration 142 (max 500)
   eps = 0.006963 >= 0.0001
Iteration 143 (max 500)
   eps = 0.006866 >= 0.0001
Iteration 144 (max 500)
   eps = 0.006738 >= 0.0001
Iteration 145 (max 500)
   eps = 0.006648 >= 0.0001
Iteration 146 (max 500)
   eps = 0.006541 >= 0.0001
Iteration 147 (max 500)
   eps = 0.006417 >= 0.0001
Iteration 148 (max 500)
   eps = 0.006316 >= 0.0001
Iteration 149 (max 500)
   eps = 0.006198 >= 0.0001
Iteration 150 (max 500)
   eps = 0.006103 >= 0.0001
Iteration 151 (max 500)
   eps = 0.006005 >= 0.0001
Iteration 152 (max 500)
   eps = 0.005917 >= 0.0001
Iteration 153 (max 500)
   eps = 0.005815 >= 0.0001
Iteration 154 (max 500)
   eps = 0.005737 >= 0.0001
Iteration 155 (max 500)
   eps = 0.005664 >= 0.0001
Iteration 156 (max 500)
   eps = 0.005582 >= 0.0001
Iteration 157 (max 500)
   eps = 0.005509 >= 0.0001
Iteration 158 (max 500)
   eps = 0.005434 >= 0.0001
Iteration 159 (max 500)
   eps = 0.005353 >= 0.0001
Iteration 160 (max 500)
   eps = 0.005257 >= 0.0001
Iteration 161 (max 500)
   eps = 0.005154 >= 0.0001
Iteration 162 (max 500)
   eps = 0.005059 >= 0.0001
Iteration 163 (max 500)
   eps = 0.004992 >= 0.0001
Iteration 164 (max 500)
   eps = 0.004927 >= 0.0001
Iteration 165 (max 500)
   eps = 0.004848 >= 0.0001
Iteration 166 (max 500)
   eps = 0.004789 >= 0.0001
Iteration 167 (max 500)
   eps = 0.004721 >= 0.0001
Iteration 168 (max 500)
   eps = 0.004647 >= 0.0001
Iteration 169 (max 500)
   eps = 0.00458 >= 0.0001
Iteration 170 (max 500)
   eps = 0.004509 >= 0.0001
Iteration 171 (max 500)
   eps = 0.004433 >= 0.0001
Iteration 172 (max 500)
   eps = 0.004367 >= 0.0001
Iteration 173 (max 500)
   eps = 0.004301 >= 0.0001
Iteration 174 (max 500)
   eps = 0.004239 >= 0.0001
Iteration 175 (max 500)
   eps = 0.004181 >= 0.0001
Iteration 176 (max 500)
   eps = 0.004108 >= 0.0001
Iteration 177 (max 500)
   eps = 0.004046 >= 0.0001
Iteration 178 (max 500)
   eps = 0.003985 >= 0.0001
Iteration 179 (max 500)
   eps = 0.003927 >= 0.0001
Iteration 180 (max 500)
   eps = 0.003874 >= 0.0001
Iteration 181 (max 500)
   eps = 0.003812 >= 0.0001
Iteration 182 (max 500)
   eps = 0.003745 >= 0.0001
Iteration 183 (max 500)
   eps = 0.003692 >= 0.0001
Iteration 184 (max 500)
   eps = 0.003648 >= 0.0001
Iteration 185 (max 500)
   eps = 0.003587 >= 0.0001
Iteration 186 (max 500)
   eps = 0.003541 >= 0.0001
Iteration 187 (max 500)
   eps = 0.003482 >= 0.0001
Iteration 188 (max 500)
   eps = 0.003426 >= 0.0001
Iteration 189 (max 500)
   eps = 0.003377 >= 0.0001
Iteration 190 (max 500)
   eps = 0.003327 >= 0.0001
Iteration 191 (max 500)
   eps = 0.00328 >= 0.0001
Iteration 192 (max 500)
   eps = 0.003232 >= 0.0001
Iteration 193 (max 500)
   eps = 0.003191 >= 0.0001
Iteration 194 (max 500)
   eps = 0.003147 >= 0.0001
Iteration 195 (max 500)
   eps = 0.003102 >= 0.0001
Iteration 196 (max 500)
   eps = 0.003052 >= 0.0001
Iteration 197 (max 500)
   eps = 0.003001 >= 0.0001
Iteration 198 (max 500)
   eps = 0.002954 >= 0.0001
Iteration 199 (max 500)
   eps = 0.002907 >= 0.0001
Iteration 200 (max 500)
   eps = 0.002863 >= 0.0001
Iteration 201 (max 500)
   eps = 0.002824 >= 0.0001
Iteration 202 (max 500)
   eps = 0.002784 >= 0.0001
Iteration 203 (max 500)
   eps = 0.002745 >= 0.0001
Iteration 204 (max 500)
   eps = 0.002704 >= 0.0001
Iteration 205 (max 500)
   eps = 0.002663 >= 0.0001
Iteration 206 (max 500)
   eps = 0.002621 >= 0.0001
Iteration 207 (max 500)
   eps = 0.002582 >= 0.0001
Iteration 208 (max 500)
   eps = 0.002543 >= 0.0001
Iteration 209 (max 500)
   eps = 0.002504 >= 0.0001
Iteration 210 (max 500)
   eps = 0.002464 >= 0.0001
Iteration 211 (max 500)
   eps = 0.002428 >= 0.0001
Iteration 212 (max 500)
   eps = 0.002396 >= 0.0001
Iteration 213 (max 500)
   eps = 0.002363 >= 0.0001
Iteration 214 (max 500)
   eps = 0.002326 >= 0.0001
Iteration 215 (max 500)
   eps = 0.002292 >= 0.0001
Iteration 216 (max 500)
   eps = 0.002261 >= 0.0001
Iteration 217 (max 500)
   eps = 0.002228 >= 0.0001
Iteration 218 (max 500)
   eps = 0.002198 >= 0.0001
Iteration 219 (max 500)
   eps = 0.00217 >= 0.0001
Iteration 220 (max 500)
   eps = 0.00214 >= 0.0001
Iteration 221 (max 500)
   eps = 0.00211 >= 0.0001
Iteration 222 (max 500)
   eps = 0.002079 >= 0.0001
Iteration 223 (max 500)
   eps = 0.002048 >= 0.0001
Iteration 224 (max 500)
   eps = 0.002014 >= 0.0001
Iteration 225 (max 500)
   eps = 0.001981 >= 0.0001
Iteration 226 (max 500)
   eps = 0.001948 >= 0.0001
Iteration 227 (max 500)
   eps = 0.001914 >= 0.0001
Iteration 228 (max 500)
   eps = 0.001885 >= 0.0001
Iteration 229 (max 500)
   eps = 0.001857 >= 0.0001
Iteration 230 (max 500)
   eps = 0.00183 >= 0.0001
Iteration 231 (max 500)
   eps = 0.001805 >= 0.0001
Iteration 232 (max 500)
   eps = 0.001779 >= 0.0001
Iteration 233 (max 500)
   eps = 0.001753 >= 0.0001
Iteration 234 (max 500)
   eps = 0.001727 >= 0.0001
Iteration 235 (max 500)
   eps = 0.001698 >= 0.0001
Iteration 236 (max 500)
   eps = 0.001673 >= 0.0001
Iteration 237 (max 500)
   eps = 0.001649 >= 0.0001
Iteration 238 (max 500)
   eps = 0.001625 >= 0.0001
Iteration 239 (max 500)
   eps = 0.0016 >= 0.0001
Iteration 240 (max 500)
   eps = 0.001575 >= 0.0001
Iteration 241 (max 500)
   eps = 0.00155 >= 0.0001
Iteration 242 (max 500)
   eps = 0.001527 >= 0.0001
Iteration 243 (max 500)
   eps = 0.001504 >= 0.0001
Iteration 244 (max 500)
   eps = 0.00148 >= 0.0001
Iteration 245 (max 500)
   eps = 0.001457 >= 0.0001
Iteration 246 (max 500)
   eps = 0.001434 >= 0.0001
Iteration 247 (max 500)
   eps = 0.00141 >= 0.0001
Iteration 248 (max 500)
   eps = 0.001387 >= 0.0001
Iteration 249 (max 500)
   eps = 0.001365 >= 0.0001
Iteration 250 (max 500)
   eps = 0.001343 >= 0.0001
Iteration 251 (max 500)
   eps = 0.001321 >= 0.0001
Iteration 252 (max 500)
   eps = 0.001306 >= 0.0001
Iteration 253 (max 500)
   eps = 0.001296 >= 0.0001
Iteration 254 (max 500)
   eps = 0.001286 >= 0.0001
Iteration 255 (max 500)
   eps = 0.001269 >= 0.0001
Iteration 256 (max 500)
   eps = 0.001249 >= 0.0001
Iteration 257 (max 500)
   eps = 0.001226 >= 0.0001
Iteration 258 (max 500)
   eps = 0.001203 >= 0.0001
Iteration 259 (max 500)
   eps = 0.001182 >= 0.0001
Iteration 260 (max 500)
   eps = 0.00116 >= 0.0001
Iteration 261 (max 500)
   eps = 0.00114 >= 0.0001
Iteration 262 (max 500)
   eps = 0.001122 >= 0.0001
Iteration 263 (max 500)
   eps = 0.001105 >= 0.0001
Iteration 264 (max 500)
   eps = 0.001088 >= 0.0001
Iteration 265 (max 500)
   eps = 0.00107 >= 0.0001
Iteration 266 (max 500)
   eps = 0.001053 >= 0.0001
Iteration 267 (max 500)
   eps = 0.001037 >= 0.0001
Iteration 268 (max 500)
   eps = 0.001021 >= 0.0001
Iteration 269 (max 500)
   eps = 0.001005 >= 0.0001
Iteration 270 (max 500)
   eps = 0.000991 >= 0.0001
Iteration 271 (max 500)
   eps = 0.000976 >= 0.0001
Iteration 272 (max 500)
   eps = 0.00096 >= 0.0001
Iteration 273 (max 500)
   eps = 0.000944 >= 0.0001
Iteration 274 (max 500)
   eps = 0.000929 >= 0.0001
Iteration 275 (max 500)
   eps = 0.000913 >= 0.0001
Iteration 276 (max 500)
   eps = 0.000898 >= 0.0001
Iteration 277 (max 500)
   eps = 0.000883 >= 0.0001
Iteration 278 (max 500)
   eps = 0.000869 >= 0.0001
Iteration 279 (max 500)
   eps = 0.000854 >= 0.0001
Iteration 280 (max 500)
   eps = 0.000839 >= 0.0001
Iteration 281 (max 500)
   eps = 0.000826 >= 0.0001
Iteration 282 (max 500)
   eps = 0.000814 >= 0.0001
Iteration 283 (max 500)
   eps = 0.000801 >= 0.0001
Iteration 284 (max 500)
   eps = 0.000789 >= 0.0001
Iteration 285 (max 500)
   eps = 0.000776 >= 0.0001
Iteration 286 (max 500)
   eps = 0.000764 >= 0.0001
Iteration 287 (max 500)
   eps = 0.000752 >= 0.0001
Iteration 288 (max 500)
   eps = 0.00074 >= 0.0001
Iteration 289 (max 500)
   eps = 0.000728 >= 0.0001
Iteration 290 (max 500)
   eps = 0.000716 >= 0.0001
Iteration 291 (max 500)
   eps = 0.000705 >= 0.0001
Iteration 292 (max 500)
   eps = 0.000694 >= 0.0001
Iteration 293 (max 500)
   eps = 0.000684 >= 0.0001
Iteration 294 (max 500)
   eps = 0.000674 >= 0.0001
Iteration 295 (max 500)
   eps = 0.000663 >= 0.0001
Iteration 296 (max 500)
   eps = 0.000652 >= 0.0001
Iteration 297 (max 500)
   eps = 0.000641 >= 0.0001
Iteration 298 (max 500)
   eps = 0.00063 >= 0.0001
Iteration 299 (max 500)
   eps = 0.000621 >= 0.0001
Iteration 300 (max 500)
   eps = 0.000612 >= 0.0001
Iteration 301 (max 500)
   eps = 0.000603 >= 0.0001
Iteration 302 (max 500)
   eps = 0.000592 >= 0.0001
Iteration 303 (max 500)
   eps = 0.000583 >= 0.0001
Iteration 304 (max 500)
   eps = 0.000574 >= 0.0001
Iteration 305 (max 500)
   eps = 0.000565 >= 0.0001
Iteration 306 (max 500)
   eps = 0.000557 >= 0.0001
Iteration 307 (max 500)
   eps = 0.000548 >= 0.0001
Iteration 308 (max 500)
   eps = 0.00054 >= 0.0001
Iteration 309 (max 500)
   eps = 0.000531 >= 0.0001
Iteration 310 (max 500)
   eps = 0.000524 >= 0.0001
Iteration 311 (max 500)
   eps = 0.000515 >= 0.0001
Iteration 312 (max 500)
   eps = 0.000507 >= 0.0001
Iteration 313 (max 500)
   eps = 0.000499 >= 0.0001
Iteration 314 (max 500)
   eps = 0.00049 >= 0.0001
Iteration 315 (max 500)
   eps = 0.000481 >= 0.0001
Iteration 316 (max 500)
   eps = 0.000473 >= 0.0001
Iteration 317 (max 500)
   eps = 0.000465 >= 0.0001
Iteration 318 (max 500)
   eps = 0.000457 >= 0.0001
Iteration 319 (max 500)
   eps = 0.000449 >= 0.0001
Iteration 320 (max 500)
   eps = 0.000442 >= 0.0001
Iteration 321 (max 500)
   eps = 0.000435 >= 0.0001
Iteration 322 (max 500)
   eps = 0.000428 >= 0.0001
Iteration 323 (max 500)
   eps = 0.000421 >= 0.0001
Iteration 324 (max 500)
   eps = 0.000414 >= 0.0001
Iteration 325 (max 500)
   eps = 0.000406 >= 0.0001
Iteration 326 (max 500)
   eps = 0.000399 >= 0.0001
Iteration 327 (max 500)
   eps = 0.000393 >= 0.0001
Iteration 328 (max 500)
   eps = 0.000387 >= 0.0001
Iteration 329 (max 500)
   eps = 0.000381 >= 0.0001
Iteration 330 (max 500)
   eps = 0.000375 >= 0.0001
Iteration 331 (max 500)
   eps = 0.000369 >= 0.0001
Iteration 332 (max 500)
   eps = 0.000363 >= 0.0001
Iteration 333 (max 500)
   eps = 0.000357 >= 0.0001
Iteration 334 (max 500)
   eps = 0.000351 >= 0.0001
Iteration 335 (max 500)
   eps = 0.000345 >= 0.0001
Iteration 336 (max 500)
   eps = 0.00034 >= 0.0001
Iteration 337 (max 500)
   eps = 0.000335 >= 0.0001
Iteration 338 (max 500)
   eps = 0.000329 >= 0.0001
Iteration 339 (max 500)
   eps = 0.000323 >= 0.0001
Iteration 340 (max 500)
   eps = 0.000318 >= 0.0001
Iteration 341 (max 500)
   eps = 0.000313 >= 0.0001
Iteration 342 (max 500)
   eps = 0.000308 >= 0.0001
Iteration 343 (max 500)
   eps = 0.000303 >= 0.0001
Iteration 344 (max 500)
   eps = 0.000298 >= 0.0001
Iteration 345 (max 500)
   eps = 0.000293 >= 0.0001
Iteration 346 (max 500)
   eps = 0.000288 >= 0.0001
Iteration 347 (max 500)
   eps = 0.000283 >= 0.0001
Iteration 348 (max 500)
   eps = 0.000278 >= 0.0001
Iteration 349 (max 500)
   eps = 0.000274 >= 0.0001
Iteration 350 (max 500)
   eps = 0.000269 >= 0.0001
Iteration 351 (max 500)
   eps = 0.000265 >= 0.0001
Iteration 352 (max 500)
   eps = 0.000261 >= 0.0001
Iteration 353 (max 500)
   eps = 0.000257 >= 0.0001
Iteration 354 (max 500)
   eps = 0.000253 >= 0.0001
Iteration 355 (max 500)
   eps = 0.000249 >= 0.0001
Iteration 356 (max 500)
   eps = 0.000245 >= 0.0001
Iteration 357 (max 500)
   eps = 0.000241 >= 0.0001
Iteration 358 (max 500)
   eps = 0.000237 >= 0.0001
Iteration 359 (max 500)
   eps = 0.000233 >= 0.0001
Iteration 360 (max 500)
   eps = 0.000229 >= 0.0001
Iteration 361 (max 500)
   eps = 0.000225 >= 0.0001
Iteration 362 (max 500)
   eps = 0.000221 >= 0.0001
Iteration 363 (max 500)
   eps = 0.000218 >= 0.0001
Iteration 364 (max 500)
   eps = 0.000214 >= 0.0001
Iteration 365 (max 500)
   eps = 0.000211 >= 0.0001
Iteration 366 (max 500)
   eps = 0.000207 >= 0.0001
Iteration 367 (max 500)
   eps = 0.000204 >= 0.0001
Iteration 368 (max 500)
   eps = 0.0002 >= 0.0001
Iteration 369 (max 500)
   eps = 0.000197 >= 0.0001
Iteration 370 (max 500)
   eps = 0.000194 >= 0.0001
Iteration 371 (max 500)
   eps = 0.000191 >= 0.0001
Iteration 372 (max 500)
   eps = 0.000187 >= 0.0001
Iteration 373 (max 500)
   eps = 0.000184 >= 0.0001
Iteration 374 (max 500)
   eps = 0.000182 >= 0.0001
Iteration 375 (max 500)
   eps = 0.000179 >= 0.0001
Iteration 376 (max 500)
   eps = 0.000176 >= 0.0001
Iteration 377 (max 500)
   eps = 0.000173 >= 0.0001
Iteration 378 (max 500)
   eps = 0.00017 >= 0.0001
Iteration 379 (max 500)
   eps = 0.000167 >= 0.0001
Iteration 380 (max 500)
   eps = 0.000164 >= 0.0001
Iteration 381 (max 500)
   eps = 0.000161 >= 0.0001
Iteration 382 (max 500)
   eps = 0.000158 >= 0.0001
Iteration 383 (max 500)
   eps = 0.000156 >= 0.0001
Iteration 384 (max 500)
   eps = 0.000153 >= 0.0001
Iteration 385 (max 500)
   eps = 0.000151 >= 0.0001
Iteration 386 (max 500)
   eps = 0.000148 >= 0.0001
Iteration 387 (max 500)
   eps = 0.000145 >= 0.0001
Iteration 388 (max 500)
   eps = 0.000142 >= 0.0001
Iteration 389 (max 500)
   eps = 0.00014 >= 0.0001
Iteration 390 (max 500)
   eps = 0.000137 >= 0.0001
Iteration 391 (max 500)
   eps = 0.000135 >= 0.0001
Iteration 392 (max 500)
   eps = 0.000133 >= 0.0001
Iteration 393 (max 500)
   eps = 0.00013 >= 0.0001
Iteration 394 (max 500)
   eps = 0.000128 >= 0.0001
Iteration 395 (max 500)
   eps = 0.000126 >= 0.0001
Iteration 396 (max 500)
   eps = 0.000124 >= 0.0001
Iteration 397 (max 500)
   eps = 0.000122 >= 0.0001
Iteration 398 (max 500)
   eps = 0.00012 >= 0.0001
Iteration 399 (max 500)
   eps = 0.000118 >= 0.0001
Iteration 400 (max 500)
   eps = 0.000116 >= 0.0001
Iteration 401 (max 500)
   eps = 0.000115 >= 0.0001
Iteration 402 (max 500)
   eps = 0.000113 >= 0.0001
Iteration 403 (max 500)
   eps = 0.000111 >= 0.0001
Iteration 404 (max 500)
   eps = 0.000109 >= 0.0001
Iteration 405 (max 500)
   eps = 0.000107 >= 0.0001
Iteration 406 (max 500)
   eps = 0.000105 >= 0.0001
Iteration 407 (max 500)
   eps = 0.000103 >= 0.0001
Iteration 408 (max 500)
   eps = 0.000101 >= 0.0001
Iteration 409 (max 500)
Time spent by the wind speed solver: 179.38879299163818 s
Rotates geometries from -45.0 degrees
Interp succeeded!!! for tmp_file
Interp succeeded!!! for tmp_file
Interp succeeded!!! for tmp_file
Interp succeeded!!! for tmp_file
Interp succeeded!!! for tmp_file
Interp succeeded!!! for tmp_file
Process 3995994: Successfully ran URock for tile output 'wind_field_raw_tile_26'.
Process 3995994: Elapsed time for URock ('wind_field_raw_tile_26'): 526.51 seconds.
[Master] Process 3995994 - Tile 26: Finished processing.
[Master] 3995994: exit signal
Info: Debuffered '/storage/project/r-rbasu31-0/hyu483/Test_UMEP/UROCK_output_35_spawn/temp_intermediate_files/tile_26_urock_raw_outputs/z1_5/wind_field_raw_tile_26WS.tif' to '/storage/project/r-rbasu31-0/hyu483/Test_UMEP/UROCK_output_35_spawn/urock_tiled_output/urock_wind_field_tile_26WS.tif' (original extent: (234382.59099838723, 902132.4833440109, 234582.59099838723, 902332.4833440109)).
Connecting to database
	->/tmp/URock_2025-12-21T18084100417000-106d-4c2d-bbb6-5d0146e935c4/myDbH2
/storage/home/hcoda1/4/hyu483/qgis_332/profiles/default/python/plugins/processing_umep/functions/URock/h2gis-standalone/h2gis-dist-2.2.3.jar
Connected!

Spatial functions added!

Load input data
Load table 'build_pre_srid_20251221180901'
Load table 'veg_pre_srid_20251221180901'
Creates blocks and stacked blocks
Rotates geometries from 45.0 degrees
Identify block base height and block cavity base
Calculates obstacle properties
Calculates zone properties
Initializes upwind facades
Update upwind facades base height
Initializes downwind facades
Calculates study area properties
Roughness zone properties are:

                                 - z0: 1.5650972660491809
                                 - d: 7.342696438842035
                                 - Hr: 10.433981773661205
                                 - H_ob_max: 56
                                 - lambda_f: 0.16065452647847567
Rotates geometries from -45.0 degrees
Rotates geometries from -45.0 degrees
Rotates geometries from -45.0 degrees
Creates displacement zones
Rotates geometries from -45.0 degrees
Rotates geometries from -45.0 degrees
Creates cavity and wake zones
Rotates geometries from -45.0 degrees
Rotates geometries from -45.0 degrees
Creates street canyon zones
Rotates geometries from -45.0 degrees
Creates rooftop zones (perpendicular and corner)
Rotates geometries from -45.0 degrees
Rotates geometries from -45.0 degrees
Creates built-up and open vegetation zones
Rotates geometries from -45.0 degrees
Rotates geometries from -45.0 degrees
Identify the buildings concerned by the impacted zone chosen by the user
Creates the grid of points
Affects each grid point to a building Rockle zone and calculates needed 
          variables for 3D wind speed
Affects each grid point to a vegetation Rockle zone and calculates 
          needed variables for 3D wind speed
Remove some of the Röckle zone points
Creates backward zones
Calculates the 3D wind speed factor value for each point of each BUILDING zone
Rotates geometries from -45.0 degrees
Rotates geometries from -45.0 degrees
Rotates geometries from -45.0 degrees
Rotates geometries from -45.0 degrees
Rotates geometries from -45.0 degrees
Rotates geometries from -45.0 degrees
Rotates geometries from -45.0 degrees
Rotates geometries from -45.0 degrees
Rotates geometries from -45.0 degrees
Calculates the 3D wind speed factor value for each point of each VEGETATION zone
Rotates geometries from -45.0 degrees
Deals with superimposition (keeps only 1 value per 3D point)
Deals with superimposition (keeps only 1 value per 3D point)
Identify upstreamer points in TEMPO_WEIGHTING table
Identify upstreamer points in TEMPO_PRIORITIES table
Identify upstreamer points in TEMPO_PRIORITIES_WEIGHT table
Deals with superimposition (keeps only 1 value per 3D point)
Identify upstreamer points in TEMPO_WEIGHTING table
Identify upstreamer points in TEMPO_PRIORITIES table
Identify upstreamer points in TEMPO_PRIORITIES_WEIGHT table
Rotates geometries from -45.0 degrees
Identify grid points intersecting buildings
Set the initial 3D wind speed field
Time spent for wind speed initialization: 249.31920552253723 s
Shape: (304, 341, 28) - Nb cells: 2902592
Start to apply the wind solver
Iteration 1 (max 500)
   eps = 0.585798 >= 0.0001
Iteration 2 (max 500)
   eps = 0.422105 >= 0.0001
Iteration 3 (max 500)
   eps = 0.340775 >= 0.0001
Iteration 4 (max 500)
   eps = 0.283579 >= 0.0001
Iteration 5 (max 500)
   eps = 0.239775 >= 0.0001
Iteration 6 (max 500)
   eps = 0.20702 >= 0.0001
Iteration 7 (max 500)
   eps = 0.181827 >= 0.0001
Iteration 8 (max 500)
   eps = 0.161702 >= 0.0001
Iteration 9 (max 500)
   eps = 0.145256 >= 0.0001
Iteration 10 (max 500)
   eps = 0.132104 >= 0.0001
Iteration 11 (max 500)
   eps = 0.121963 >= 0.0001
Iteration 12 (max 500)
   eps = 0.113608 >= 0.0001
Iteration 13 (max 500)
   eps = 0.106842 >= 0.0001
Iteration 14 (max 500)
   eps = 0.10083 >= 0.0001
Iteration 15 (max 500)
   eps = 0.09559 >= 0.0001
Iteration 16 (max 500)
   eps = 0.091135 >= 0.0001
Iteration 17 (max 500)
   eps = 0.087026 >= 0.0001
Iteration 18 (max 500)
   eps = 0.083334 >= 0.0001
Iteration 19 (max 500)
   eps = 0.079913 >= 0.0001
Iteration 20 (max 500)
   eps = 0.076785 >= 0.0001
Iteration 21 (max 500)
   eps = 0.074136 >= 0.0001
Iteration 22 (max 500)
   eps = 0.071525 >= 0.0001
Iteration 23 (max 500)
   eps = 0.069381 >= 0.0001
Iteration 24 (max 500)
   eps = 0.067725 >= 0.0001
Iteration 25 (max 500)
   eps = 0.065587 >= 0.0001
Iteration 26 (max 500)
   eps = 0.080748 >= 0.0001
Iteration 27 (max 500)
   eps = 0.070437 >= 0.0001
Iteration 28 (max 500)
   eps = 0.064982 >= 0.0001
Iteration 29 (max 500)
   eps = 0.06333 >= 0.0001
Iteration 30 (max 500)
   eps = 0.06216 >= 0.0001
Iteration 31 (max 500)
   eps = 0.061099 >= 0.0001
Iteration 32 (max 500)
   eps = 0.060074 >= 0.0001
Iteration 33 (max 500)
   eps = 0.059293 >= 0.0001
Iteration 34 (max 500)
   eps = 0.058397 >= 0.0001
Iteration 35 (max 500)
   eps = 0.057664 >= 0.0001
Iteration 36 (max 500)
   eps = 0.056865 >= 0.0001
Iteration 37 (max 500)
   eps = 0.055973 >= 0.0001
Iteration 38 (max 500)
   eps = 0.055096 >= 0.0001
Iteration 39 (max 500)
   eps = 0.054168 >= 0.0001
Iteration 40 (max 500)
   eps = 0.053223 >= 0.0001
Iteration 41 (max 500)
   eps = 0.052399 >= 0.0001
Iteration 42 (max 500)
   eps = 0.051814 >= 0.0001
Iteration 43 (max 500)
   eps = 0.051339 >= 0.0001
Iteration 44 (max 500)
   eps = 0.050759 >= 0.0001
Iteration 45 (max 500)
   eps = 0.050056 >= 0.0001
Iteration 46 (max 500)
   eps = 0.049445 >= 0.0001
Iteration 47 (max 500)
   eps = 0.048933 >= 0.0001
Iteration 48 (max 500)
   eps = 0.048265 >= 0.0001
Iteration 49 (max 500)
   eps = 0.047557 >= 0.0001
Iteration 50 (max 500)
   eps = 0.046905 >= 0.0001
Iteration 51 (max 500)
   eps = 0.046345 >= 0.0001
Iteration 52 (max 500)
   eps = 0.046003 >= 0.0001
Iteration 53 (max 500)
   eps = 0.045383 >= 0.0001
Iteration 54 (max 500)
   eps = 0.044614 >= 0.0001
Iteration 55 (max 500)
   eps = 0.044021 >= 0.0001
Iteration 56 (max 500)
   eps = 0.043431 >= 0.0001
Iteration 57 (max 500)
   eps = 0.042865 >= 0.0001
Iteration 58 (max 500)
   eps = 0.042203 >= 0.0001
Iteration 59 (max 500)
   eps = 0.041559 >= 0.0001
Iteration 60 (max 500)
   eps = 0.04095 >= 0.0001
Iteration 61 (max 500)
   eps = 0.040418 >= 0.0001
Iteration 62 (max 500)
   eps = 0.03988 >= 0.0001
Iteration 63 (max 500)
   eps = 0.039396 >= 0.0001
Iteration 64 (max 500)
   eps = 0.03884 >= 0.0001
Iteration 65 (max 500)
   eps = 0.038315 >= 0.0001
Iteration 66 (max 500)
   eps = 0.037859 >= 0.0001
Iteration 67 (max 500)
   eps = 0.037424 >= 0.0001
Iteration 68 (max 500)
   eps = 0.03689 >= 0.0001
Iteration 69 (max 500)
   eps = 0.036255 >= 0.0001
Iteration 70 (max 500)
   eps = 0.035654 >= 0.0001
Iteration 71 (max 500)
   eps = 0.035052 >= 0.0001
Iteration 72 (max 500)
   eps = 0.034493 >= 0.0001
Iteration 73 (max 500)
   eps = 0.033953 >= 0.0001
Iteration 74 (max 500)
   eps = 0.033526 >= 0.0001
Iteration 75 (max 500)
   eps = 0.033029 >= 0.0001
Iteration 76 (max 500)
   eps = 0.032523 >= 0.0001
Iteration 77 (max 500)
   eps = 0.032095 >= 0.0001
Iteration 78 (max 500)
   eps = 0.031517 >= 0.0001
Iteration 79 (max 500)
   eps = 0.030989 >= 0.0001
Iteration 80 (max 500)
   eps = 0.030405 >= 0.0001
Iteration 81 (max 500)
   eps = 0.029865 >= 0.0001
Iteration 82 (max 500)
   eps = 0.029412 >= 0.0001
Iteration 83 (max 500)
   eps = 0.028947 >= 0.0001
Iteration 84 (max 500)
   eps = 0.028464 >= 0.0001
Iteration 85 (max 500)
   eps = 0.028039 >= 0.0001
Iteration 86 (max 500)
   eps = 0.02759 >= 0.0001
Iteration 87 (max 500)
   eps = 0.027195 >= 0.0001
Iteration 88 (max 500)
   eps = 0.026781 >= 0.0001
Iteration 89 (max 500)
   eps = 0.026376 >= 0.0001
Iteration 90 (max 500)
   eps = 0.025964 >= 0.0001
Iteration 91 (max 500)
   eps = 0.025556 >= 0.0001
Iteration 92 (max 500)
   eps = 0.025149 >= 0.0001
Iteration 93 (max 500)
   eps = 0.024716 >= 0.0001
Iteration 94 (max 500)
   eps = 0.024281 >= 0.0001
Iteration 95 (max 500)
   eps = 0.023885 >= 0.0001
Iteration 96 (max 500)
   eps = 0.02354 >= 0.0001
Iteration 97 (max 500)
   eps = 0.023197 >= 0.0001
Iteration 98 (max 500)
   eps = 0.022804 >= 0.0001
Iteration 99 (max 500)
   eps = 0.022392 >= 0.0001
Iteration 100 (max 500)
   eps = 0.022011 >= 0.0001
Iteration 101 (max 500)
   eps = 0.021626 >= 0.0001
Iteration 102 (max 500)
   eps = 0.021294 >= 0.0001
Iteration 103 (max 500)
   eps = 0.020964 >= 0.0001
Iteration 104 (max 500)
   eps = 0.020676 >= 0.0001
Iteration 105 (max 500)
   eps = 0.02039 >= 0.0001
Iteration 106 (max 500)
   eps = 0.020147 >= 0.0001
Iteration 107 (max 500)
   eps = 0.019842 >= 0.0001
Iteration 108 (max 500)
   eps = 0.019573 >= 0.0001
Iteration 109 (max 500)
   eps = 0.019271 >= 0.0001
Iteration 110 (max 500)
   eps = 0.019012 >= 0.0001
Iteration 111 (max 500)
   eps = 0.018692 >= 0.0001
Iteration 112 (max 500)
   eps = 0.018415 >= 0.0001
Iteration 113 (max 500)
   eps = 0.018144 >= 0.0001
Iteration 114 (max 500)
   eps = 0.017879 >= 0.0001
Iteration 115 (max 500)
   eps = 0.017635 >= 0.0001
Iteration 116 (max 500)
   eps = 0.017386 >= 0.0001
Iteration 117 (max 500)
   eps = 0.017143 >= 0.0001
Iteration 118 (max 500)
   eps = 0.016907 >= 0.0001
Iteration 119 (max 500)
   eps = 0.016685 >= 0.0001
Iteration 120 (max 500)
   eps = 0.016455 >= 0.0001
Iteration 121 (max 500)
   eps = 0.016227 >= 0.0001
Iteration 122 (max 500)
   eps = 0.015984 >= 0.0001
Iteration 123 (max 500)
   eps = 0.015803 >= 0.0001
Iteration 124 (max 500)
   eps = 0.015581 >= 0.0001
Iteration 125 (max 500)
   eps = 0.015381 >= 0.0001
Iteration 126 (max 500)
   eps = 0.015186 >= 0.0001
Iteration 127 (max 500)
   eps = 0.01502 >= 0.0001
Iteration 128 (max 500)
   eps = 0.014832 >= 0.0001
Iteration 129 (max 500)
   eps = 0.014618 >= 0.0001
Iteration 130 (max 500)
   eps = 0.014415 >= 0.0001
Iteration 131 (max 500)
   eps = 0.014215 >= 0.0001
Iteration 132 (max 500)
   eps = 0.014013 >= 0.0001
Iteration 133 (max 500)
   eps = 0.013774 >= 0.0001
Iteration 134 (max 500)
   eps = 0.013561 >= 0.0001
Iteration 135 (max 500)
   eps = 0.013395 >= 0.0001
Iteration 136 (max 500)
   eps = 0.013246 >= 0.0001
Iteration 137 (max 500)
   eps = 0.013086 >= 0.0001
Iteration 138 (max 500)
   eps = 0.012898 >= 0.0001
Iteration 139 (max 500)
   eps = 0.01269 >= 0.0001
Iteration 140 (max 500)
   eps = 0.012513 >= 0.0001
Iteration 141 (max 500)
   eps = 0.012365 >= 0.0001
Iteration 142 (max 500)
   eps = 0.012184 >= 0.0001
Iteration 143 (max 500)
   eps = 0.012001 >= 0.0001
Iteration 144 (max 500)
   eps = 0.011833 >= 0.0001
Iteration 145 (max 500)
   eps = 0.011658 >= 0.0001
Iteration 146 (max 500)
   eps = 0.011487 >= 0.0001
Iteration 147 (max 500)
   eps = 0.011306 >= 0.0001
Iteration 148 (max 500)
   eps = 0.011143 >= 0.0001
Iteration 149 (max 500)
   eps = 0.010992 >= 0.0001
Iteration 150 (max 500)
   eps = 0.010853 >= 0.0001
Iteration 151 (max 500)
   eps = 0.010706 >= 0.0001
Iteration 152 (max 500)
   eps = 0.010565 >= 0.0001
Iteration 153 (max 500)
   eps = 0.010435 >= 0.0001
Iteration 154 (max 500)
   eps = 0.010306 >= 0.0001
Iteration 155 (max 500)
   eps = 0.010158 >= 0.0001
Iteration 156 (max 500)
   eps = 0.01002 >= 0.0001
Iteration 157 (max 500)
   eps = 0.009874 >= 0.0001
Iteration 158 (max 500)
   eps = 0.009737 >= 0.0001
Iteration 159 (max 500)
   eps = 0.009585 >= 0.0001
Iteration 160 (max 500)
   eps = 0.00943 >= 0.0001
Iteration 161 (max 500)
   eps = 0.009291 >= 0.0001
Iteration 162 (max 500)
   eps = 0.009158 >= 0.0001
Iteration 163 (max 500)
   eps = 0.009024 >= 0.0001
Iteration 164 (max 500)
   eps = 0.008883 >= 0.0001
Iteration 165 (max 500)
   eps = 0.008745 >= 0.0001
Iteration 166 (max 500)
   eps = 0.008625 >= 0.0001
Iteration 167 (max 500)
   eps = 0.008509 >= 0.0001
Iteration 168 (max 500)
   eps = 0.008382 >= 0.0001
Iteration 169 (max 500)
   eps = 0.008255 >= 0.0001
Iteration 170 (max 500)
   eps = 0.008136 >= 0.0001
Iteration 171 (max 500)
   eps = 0.008012 >= 0.0001
Iteration 172 (max 500)
   eps = 0.007901 >= 0.0001
Iteration 173 (max 500)
   eps = 0.007787 >= 0.0001
Iteration 174 (max 500)
   eps = 0.007666 >= 0.0001
Iteration 175 (max 500)
   eps = 0.007556 >= 0.0001
Iteration 176 (max 500)
   eps = 0.007438 >= 0.0001
Iteration 177 (max 500)
   eps = 0.007331 >= 0.0001
Iteration 178 (max 500)
   eps = 0.007216 >= 0.0001
Iteration 179 (max 500)
   eps = 0.007115 >= 0.0001
Iteration 180 (max 500)
   eps = 0.007005 >= 0.0001
Iteration 181 (max 500)
   eps = 0.006887 >= 0.0001
Iteration 182 (max 500)
   eps = 0.006786 >= 0.0001
Iteration 183 (max 500)
   eps = 0.006678 >= 0.0001
Iteration 184 (max 500)
   eps = 0.006576 >= 0.0001
Iteration 185 (max 500)
   eps = 0.006481 >= 0.0001
Iteration 186 (max 500)
   eps = 0.006387 >= 0.0001
Iteration 187 (max 500)
   eps = 0.00629 >= 0.0001
Iteration 188 (max 500)
   eps = 0.006199 >= 0.0001
Iteration 189 (max 500)
   eps = 0.006107 >= 0.0001
Iteration 190 (max 500)
   eps = 0.006023 >= 0.0001
Iteration 191 (max 500)
   eps = 0.00594 >= 0.0001
Iteration 192 (max 500)
   eps = 0.005853 >= 0.0001
Iteration 193 (max 500)
   eps = 0.005772 >= 0.0001
Iteration 194 (max 500)
   eps = 0.005687 >= 0.0001
Iteration 195 (max 500)
   eps = 0.005604 >= 0.0001
Iteration 196 (max 500)
   eps = 0.005522 >= 0.0001
Iteration 197 (max 500)
   eps = 0.005452 >= 0.0001
Iteration 198 (max 500)
   eps = 0.005389 >= 0.0001
Iteration 199 (max 500)
   eps = 0.005313 >= 0.0001
Iteration 200 (max 500)
   eps = 0.005244 >= 0.0001
Iteration 201 (max 500)
   eps = 0.005173 >= 0.0001
Iteration 202 (max 500)
   eps = 0.005098 >= 0.0001
Iteration 203 (max 500)
   eps = 0.005018 >= 0.0001
Iteration 204 (max 500)
   eps = 0.004935 >= 0.0001
Iteration 205 (max 500)
   eps = 0.004848 >= 0.0001
Iteration 206 (max 500)
   eps = 0.004769 >= 0.0001
Iteration 207 (max 500)
   eps = 0.004702 >= 0.0001
Iteration 208 (max 500)
   eps = 0.00464 >= 0.0001
Iteration 209 (max 500)
   eps = 0.00458 >= 0.0001
Iteration 210 (max 500)
   eps = 0.004517 >= 0.0001
Iteration 211 (max 500)
   eps = 0.004452 >= 0.0001
Iteration 212 (max 500)
   eps = 0.004383 >= 0.0001
Iteration 213 (max 500)
   eps = 0.00432 >= 0.0001
Iteration 214 (max 500)
   eps = 0.004259 >= 0.0001
Iteration 215 (max 500)
   eps = 0.004197 >= 0.0001
Iteration 216 (max 500)
   eps = 0.004132 >= 0.0001
Iteration 217 (max 500)
   eps = 0.004072 >= 0.0001
Iteration 218 (max 500)
   eps = 0.004016 >= 0.0001
Iteration 219 (max 500)
   eps = 0.003958 >= 0.0001
Iteration 220 (max 500)
   eps = 0.003909 >= 0.0001
Iteration 221 (max 500)
   eps = 0.003859 >= 0.0001
Iteration 222 (max 500)
   eps = 0.003801 >= 0.0001
Iteration 223 (max 500)
   eps = 0.003737 >= 0.0001
Iteration 224 (max 500)
   eps = 0.003683 >= 0.0001
Iteration 225 (max 500)
   eps = 0.003626 >= 0.0001
Iteration 226 (max 500)
   eps = 0.003568 >= 0.0001
Iteration 227 (max 500)
   eps = 0.003513 >= 0.0001
Iteration 228 (max 500)
   eps = 0.003464 >= 0.0001
Iteration 229 (max 500)
   eps = 0.003412 >= 0.0001
Iteration 230 (max 500)
   eps = 0.00336 >= 0.0001
Iteration 231 (max 500)
   eps = 0.003311 >= 0.0001
Iteration 232 (max 500)
   eps = 0.003262 >= 0.0001
Iteration 233 (max 500)
   eps = 0.003217 >= 0.0001
Iteration 234 (max 500)
   eps = 0.00317 >= 0.0001
Iteration 235 (max 500)
   eps = 0.00312 >= 0.0001
Iteration 236 (max 500)
   eps = 0.003071 >= 0.0001
Iteration 237 (max 500)
   eps = 0.003018 >= 0.0001
Iteration 238 (max 500)
   eps = 0.002976 >= 0.0001
Iteration 239 (max 500)
   eps = 0.002929 >= 0.0001
Iteration 240 (max 500)
   eps = 0.002879 >= 0.0001
Iteration 241 (max 500)
   eps = 0.002831 >= 0.0001
Iteration 242 (max 500)
   eps = 0.002795 >= 0.0001
Iteration 243 (max 500)
   eps = 0.002756 >= 0.0001
Iteration 244 (max 500)
   eps = 0.002712 >= 0.0001
Iteration 245 (max 500)
   eps = 0.002669 >= 0.0001
Iteration 246 (max 500)
   eps = 0.002623 >= 0.0001
Iteration 247 (max 500)
   eps = 0.002573 >= 0.0001
Iteration 248 (max 500)
   eps = 0.00253 >= 0.0001
Iteration 249 (max 500)
   eps = 0.002493 >= 0.0001
Iteration 250 (max 500)
   eps = 0.002452 >= 0.0001
Iteration 251 (max 500)
   eps = 0.002412 >= 0.0001
Iteration 252 (max 500)
   eps = 0.00238 >= 0.0001
Iteration 253 (max 500)
   eps = 0.002348 >= 0.0001
Iteration 254 (max 500)
   eps = 0.002317 >= 0.0001
Iteration 255 (max 500)
   eps = 0.002276 >= 0.0001
Iteration 256 (max 500)
   eps = 0.002244 >= 0.0001
Iteration 257 (max 500)
   eps = 0.002205 >= 0.0001
Iteration 258 (max 500)
   eps = 0.002163 >= 0.0001
Iteration 259 (max 500)
   eps = 0.002126 >= 0.0001
Iteration 260 (max 500)
   eps = 0.002091 >= 0.0001
Iteration 261 (max 500)
   eps = 0.002057 >= 0.0001
Iteration 262 (max 500)
   eps = 0.002026 >= 0.0001
Iteration 263 (max 500)
   eps = 0.001997 >= 0.0001
Iteration 264 (max 500)
   eps = 0.001968 >= 0.0001
Iteration 265 (max 500)
   eps = 0.001935 >= 0.0001
Iteration 266 (max 500)
   eps = 0.001904 >= 0.0001
Iteration 267 (max 500)
   eps = 0.001875 >= 0.0001
Iteration 268 (max 500)
   eps = 0.001842 >= 0.0001
Iteration 269 (max 500)
   eps = 0.001814 >= 0.0001
Iteration 270 (max 500)
   eps = 0.001786 >= 0.0001
Iteration 271 (max 500)
   eps = 0.001756 >= 0.0001
Iteration 272 (max 500)
   eps = 0.001728 >= 0.0001
Iteration 273 (max 500)
   eps = 0.001704 >= 0.0001
Iteration 274 (max 500)
   eps = 0.001684 >= 0.0001
Iteration 275 (max 500)
   eps = 0.001659 >= 0.0001
Iteration 276 (max 500)
   eps = 0.001634 >= 0.0001
Iteration 277 (max 500)
   eps = 0.001607 >= 0.0001
Iteration 278 (max 500)
   eps = 0.001581 >= 0.0001
Iteration 279 (max 500)
   eps = 0.001556 >= 0.0001
Iteration 280 (max 500)
   eps = 0.001533 >= 0.0001
Iteration 281 (max 500)
   eps = 0.001511 >= 0.0001
Iteration 282 (max 500)
   eps = 0.001488 >= 0.0001
Iteration 283 (max 500)
   eps = 0.001463 >= 0.0001
Iteration 284 (max 500)
   eps = 0.001436 >= 0.0001
Iteration 285 (max 500)
   eps = 0.001412 >= 0.0001
Iteration 286 (max 500)
   eps = 0.00139 >= 0.0001
Iteration 287 (max 500)
   eps = 0.001371 >= 0.0001
Iteration 288 (max 500)
   eps = 0.001351 >= 0.0001
Iteration 289 (max 500)
   eps = 0.00133 >= 0.0001
Iteration 290 (max 500)
   eps = 0.001307 >= 0.0001
Iteration 291 (max 500)
   eps = 0.001288 >= 0.0001
Iteration 292 (max 500)
   eps = 0.001266 >= 0.0001
Iteration 293 (max 500)
   eps = 0.001246 >= 0.0001
Iteration 294 (max 500)
   eps = 0.001227 >= 0.0001
Iteration 295 (max 500)
   eps = 0.001208 >= 0.0001
Iteration 296 (max 500)
   eps = 0.001186 >= 0.0001
Iteration 297 (max 500)
   eps = 0.001165 >= 0.0001
Iteration 298 (max 500)
   eps = 0.001147 >= 0.0001
Iteration 299 (max 500)
   eps = 0.001129 >= 0.0001
Iteration 300 (max 500)
   eps = 0.001112 >= 0.0001
Iteration 301 (max 500)
   eps = 0.001098 >= 0.0001
Iteration 302 (max 500)
   eps = 0.001083 >= 0.0001
Iteration 303 (max 500)
   eps = 0.001066 >= 0.0001
Iteration 304 (max 500)
   eps = 0.001051 >= 0.0001
Iteration 305 (max 500)
   eps = 0.001034 >= 0.0001
Iteration 306 (max 500)
   eps = 0.001018 >= 0.0001
Iteration 307 (max 500)
   eps = 0.001001 >= 0.0001
Iteration 308 (max 500)
   eps = 0.000983 >= 0.0001
Iteration 309 (max 500)
   eps = 0.000965 >= 0.0001
Iteration 310 (max 500)
   eps = 0.000948 >= 0.0001
Iteration 311 (max 500)
   eps = 0.000931 >= 0.0001
Iteration 312 (max 500)
   eps = 0.000914 >= 0.0001
Iteration 313 (max 500)
   eps = 0.000898 >= 0.0001
Iteration 314 (max 500)
   eps = 0.000884 >= 0.0001
Iteration 315 (max 500)
   eps = 0.00087 >= 0.0001
Iteration 316 (max 500)
   eps = 0.000855 >= 0.0001
Iteration 317 (max 500)
   eps = 0.00084 >= 0.0001
Iteration 318 (max 500)
   eps = 0.000827 >= 0.0001
Iteration 319 (max 500)
   eps = 0.000814 >= 0.0001
Iteration 320 (max 500)
   eps = 0.000801 >= 0.0001
Iteration 321 (max 500)
   eps = 0.00079 >= 0.0001
Iteration 322 (max 500)
   eps = 0.000778 >= 0.0001
Iteration 323 (max 500)
   eps = 0.000766 >= 0.0001
Iteration 324 (max 500)
   eps = 0.000754 >= 0.0001
Iteration 325 (max 500)
   eps = 0.000742 >= 0.0001
Iteration 326 (max 500)
   eps = 0.000729 >= 0.0001
Iteration 327 (max 500)
   eps = 0.000718 >= 0.0001
Iteration 328 (max 500)
   eps = 0.000706 >= 0.0001
Iteration 329 (max 500)
   eps = 0.000694 >= 0.0001
Iteration 330 (max 500)
   eps = 0.000684 >= 0.0001
Iteration 331 (max 500)
   eps = 0.000674 >= 0.0001
Iteration 332 (max 500)
   eps = 0.000662 >= 0.0001
Iteration 333 (max 500)
   eps = 0.000652 >= 0.0001
Iteration 334 (max 500)
   eps = 0.000641 >= 0.0001
Iteration 335 (max 500)
   eps = 0.000631 >= 0.0001
Iteration 336 (max 500)
   eps = 0.000621 >= 0.0001
Iteration 337 (max 500)
   eps = 0.000611 >= 0.0001
Iteration 338 (max 500)
   eps = 0.000602 >= 0.0001
Iteration 339 (max 500)
   eps = 0.000592 >= 0.0001
Iteration 340 (max 500)
   eps = 0.000582 >= 0.0001
Iteration 341 (max 500)
   eps = 0.000573 >= 0.0001
Iteration 342 (max 500)
   eps = 0.000564 >= 0.0001
Iteration 343 (max 500)
   eps = 0.000557 >= 0.0001
Iteration 344 (max 500)
   eps = 0.000547 >= 0.0001
Iteration 345 (max 500)
   eps = 0.000538 >= 0.0001
Iteration 346 (max 500)
   eps = 0.000531 >= 0.0001
Iteration 347 (max 500)
   eps = 0.000523 >= 0.0001
Iteration 348 (max 500)
   eps = 0.000514 >= 0.0001
Iteration 349 (max 500)
   eps = 0.000506 >= 0.0001
Iteration 350 (max 500)
   eps = 0.000498 >= 0.0001
Iteration 351 (max 500)
   eps = 0.00049 >= 0.0001
Iteration 352 (max 500)
   eps = 0.000482 >= 0.0001
Iteration 353 (max 500)
   eps = 0.000475 >= 0.0001
Iteration 354 (max 500)
   eps = 0.000468 >= 0.0001
Iteration 355 (max 500)
   eps = 0.00046 >= 0.0001
Iteration 356 (max 500)
   eps = 0.000453 >= 0.0001
Iteration 357 (max 500)
   eps = 0.000445 >= 0.0001
Iteration 358 (max 500)
   eps = 0.000439 >= 0.0001
Iteration 359 (max 500)
   eps = 0.000431 >= 0.0001
Iteration 360 (max 500)
   eps = 0.000424 >= 0.0001
Iteration 361 (max 500)
   eps = 0.000417 >= 0.0001
Iteration 362 (max 500)
   eps = 0.000411 >= 0.0001
Iteration 363 (max 500)
   eps = 0.000404 >= 0.0001
Iteration 364 (max 500)
   eps = 0.000397 >= 0.0001
Iteration 365 (max 500)
   eps = 0.00039 >= 0.0001
Iteration 366 (max 500)
   eps = 0.000384 >= 0.0001
Iteration 367 (max 500)
   eps = 0.000377 >= 0.0001
Iteration 368 (max 500)
   eps = 0.000371 >= 0.0001
Iteration 369 (max 500)
   eps = 0.000365 >= 0.0001
Iteration 370 (max 500)
   eps = 0.00036 >= 0.0001
Iteration 371 (max 500)
   eps = 0.000354 >= 0.0001
Iteration 372 (max 500)
   eps = 0.000348 >= 0.0001
Iteration 373 (max 500)
   eps = 0.000342 >= 0.0001
Iteration 374 (max 500)
   eps = 0.000336 >= 0.0001
Iteration 375 (max 500)
   eps = 0.00033 >= 0.0001
Iteration 376 (max 500)
   eps = 0.000325 >= 0.0001
Iteration 377 (max 500)
   eps = 0.000321 >= 0.0001
Iteration 378 (max 500)
   eps = 0.000316 >= 0.0001
Iteration 379 (max 500)
   eps = 0.000311 >= 0.0001
Iteration 380 (max 500)
   eps = 0.000305 >= 0.0001
Iteration 381 (max 500)
   eps = 0.0003 >= 0.0001
Iteration 382 (max 500)
   eps = 0.000295 >= 0.0001
Iteration 383 (max 500)
   eps = 0.00029 >= 0.0001
Iteration 384 (max 500)
   eps = 0.000285 >= 0.0001
Iteration 385 (max 500)
   eps = 0.000281 >= 0.0001
Iteration 386 (max 500)
   eps = 0.000276 >= 0.0001
Iteration 387 (max 500)
   eps = 0.000271 >= 0.0001
Iteration 388 (max 500)
   eps = 0.000267 >= 0.0001
Iteration 389 (max 500)
   eps = 0.000263 >= 0.0001
Iteration 390 (max 500)
   eps = 0.000258 >= 0.0001
Iteration 391 (max 500)
   eps = 0.000254 >= 0.0001
Iteration 392 (max 500)
   eps = 0.00025 >= 0.0001
Iteration 393 (max 500)
   eps = 0.000246 >= 0.0001
Iteration 394 (max 500)
   eps = 0.000242 >= 0.0001
Iteration 395 (max 500)
   eps = 0.000239 >= 0.0001
Iteration 396 (max 500)
   eps = 0.000235 >= 0.0001
Iteration 397 (max 500)
   eps = 0.000231 >= 0.0001
Iteration 398 (max 500)
   eps = 0.000227 >= 0.0001
Iteration 399 (max 500)
   eps = 0.000224 >= 0.0001
Iteration 400 (max 500)
   eps = 0.00022 >= 0.0001
Iteration 401 (max 500)
   eps = 0.000217 >= 0.0001
Iteration 402 (max 500)
   eps = 0.000213 >= 0.0001
Iteration 403 (max 500)
   eps = 0.000209 >= 0.0001
Iteration 404 (max 500)
   eps = 0.000206 >= 0.0001
Iteration 405 (max 500)
   eps = 0.000203 >= 0.0001
Iteration 406 (max 500)
   eps = 0.0002 >= 0.0001
Iteration 407 (max 500)
   eps = 0.000197 >= 0.0001
Iteration 408 (max 500)
   eps = 0.000194 >= 0.0001
Iteration 409 (max 500)
   eps = 0.000191 >= 0.0001
Iteration 410 (max 500)
   eps = 0.000188 >= 0.0001
Iteration 411 (max 500)
   eps = 0.000185 >= 0.0001
Iteration 412 (max 500)
   eps = 0.000182 >= 0.0001
Iteration 413 (max 500)
   eps = 0.000178 >= 0.0001
Iteration 414 (max 500)
   eps = 0.000175 >= 0.0001
Iteration 415 (max 500)
   eps = 0.000172 >= 0.0001
Iteration 416 (max 500)
   eps = 0.000169 >= 0.0001
Iteration 417 (max 500)
   eps = 0.000166 >= 0.0001
Iteration 418 (max 500)
   eps = 0.000163 >= 0.0001
Iteration 419 (max 500)
   eps = 0.000161 >= 0.0001
Iteration 420 (max 500)
   eps = 0.000158 >= 0.0001
Iteration 421 (max 500)
   eps = 0.000156 >= 0.0001
Iteration 422 (max 500)
   eps = 0.000153 >= 0.0001
Iteration 423 (max 500)
   eps = 0.00015 >= 0.0001
Iteration 424 (max 500)
   eps = 0.000148 >= 0.0001
Iteration 425 (max 500)
   eps = 0.000145 >= 0.0001
Iteration 426 (max 500)
   eps = 0.000142 >= 0.0001
Iteration 427 (max 500)
   eps = 0.00014 >= 0.0001
Iteration 428 (max 500)
   eps = 0.000137 >= 0.0001
Iteration 429 (max 500)
   eps = 0.000135 >= 0.0001
Iteration 430 (max 500)
   eps = 0.000133 >= 0.0001
Iteration 431 (max 500)
   eps = 0.000131 >= 0.0001
Iteration 432 (max 500)
   eps = 0.000129 >= 0.0001
Iteration 433 (max 500)
   eps = 0.000128 >= 0.0001
Iteration 434 (max 500)
   eps = 0.000126 >= 0.0001
Iteration 435 (max 500)
   eps = 0.000124 >= 0.0001
Iteration 436 (max 500)
   eps = 0.000121 >= 0.0001
Iteration 437 (max 500)
   eps = 0.000119 >= 0.0001
Iteration 438 (max 500)
   eps = 0.000117 >= 0.0001
Iteration 439 (max 500)
   eps = 0.000115 >= 0.0001
Iteration 440 (max 500)
   eps = 0.000113 >= 0.0001
Iteration 441 (max 500)
   eps = 0.00011 >= 0.0001
Iteration 442 (max 500)
   eps = 0.000108 >= 0.0001
Iteration 443 (max 500)
   eps = 0.000106 >= 0.0001
Iteration 444 (max 500)
   eps = 0.000105 >= 0.0001
Iteration 445 (max 500)
   eps = 0.000103 >= 0.0001
Iteration 446 (max 500)
   eps = 0.000101 >= 0.0001
Iteration 447 (max 500)
Time spent by the wind speed solver: 150.73920154571533 s
Rotates geometries from -45.0 degrees
Interp succeeded!!! for tmp_file
Interp succeeded!!! for tmp_file
Interp succeeded!!! for tmp_file
Interp succeeded!!! for tmp_file
Interp succeeded!!! for tmp_file
Interp succeeded!!! for tmp_file
Process 3995982: Successfully ran URock for tile output 'wind_field_raw_tile_9'.
Process 3995982: Elapsed time for URock ('wind_field_raw_tile_9'): 529.39 seconds.
[Master] Process 3995982 - Tile 9: Finished processing.
[Master] 3995982: exit signal
Info: Debuffered '/storage/project/r-rbasu31-0/hyu483/Test_UMEP/UROCK_output_35_spawn/temp_intermediate_files/tile_9_urock_raw_outputs/z1_5/wind_field_raw_tile_9WS.tif' to '/storage/project/r-rbasu31-0/hyu483/Test_UMEP/UROCK_output_35_spawn/urock_tiled_output/urock_wind_field_tile_9WS.tif' (original extent: (233782.59099838723, 902332.4833440109, 233982.59099838723, 902532.4833440109)).
Connecting to database
	->/tmp/URock_2025-12-21T1808411b99c89c-b32e-4836-99e1-3b6b624d95bb/myDbH2
/storage/home/hcoda1/4/hyu483/qgis_332/profiles/default/python/plugins/processing_umep/functions/URock/h2gis-standalone/h2gis-dist-2.2.3.jar
Connected!

Spatial functions added!

Load input data
Load table 'build_pre_srid_20251221180901'
Load table 'veg_pre_srid_20251221180901'
Creates blocks and stacked blocks
Rotates geometries from 45.0 degrees
Identify block base height and block cavity base
Calculates obstacle properties
Calculates zone properties
Initializes upwind facades
Update upwind facades base height
Initializes downwind facades
Calculates study area properties
Roughness zone properties are:

                                 - z0: 2.4799863512035336
                                 - d: 11.809697759056842
                                 - Hr: 16.533242341356893
                                 - H_ob_max: 136
                                 - lambda_f: 0.19085761888953484
Rotates geometries from -45.0 degrees
Rotates geometries from -45.0 degrees
Rotates geometries from -45.0 degrees
Creates displacement zones
Rotates geometries from -45.0 degrees
Rotates geometries from -45.0 degrees
Creates cavity and wake zones
Rotates geometries from -45.0 degrees
Rotates geometries from -45.0 degrees
Creates street canyon zones
Rotates geometries from -45.0 degrees
Creates rooftop zones (perpendicular and corner)
Rotates geometries from -45.0 degrees
Rotates geometries from -45.0 degrees
Creates built-up and open vegetation zones
Rotates geometries from -45.0 degrees
Rotates geometries from -45.0 degrees
Identify the buildings concerned by the impacted zone chosen by the user
Creates the grid of points
Affects each grid point to a building Rockle zone and calculates needed 
          variables for 3D wind speed
Affects each grid point to a vegetation Rockle zone and calculates 
          needed variables for 3D wind speed
Remove some of the Röckle zone points
Creates backward zones
Calculates the 3D wind speed factor value for each point of each BUILDING zone
Rotates geometries from -45.0 degrees
Rotates geometries from -45.0 degrees
Rotates geometries from -45.0 degrees
Rotates geometries from -45.0 degrees
Rotates geometries from -45.0 degrees
Rotates geometries from -45.0 degrees
Rotates geometries from -45.0 degrees
Rotates geometries from -45.0 degrees
Rotates geometries from -45.0 degrees
Calculates the 3D wind speed factor value for each point of each VEGETATION zone
Rotates geometries from -45.0 degrees
Deals with superimposition (keeps only 1 value per 3D point)
Deals with superimposition (keeps only 1 value per 3D point)
Identify upstreamer points in TEMPO_WEIGHTING table
Identify upstreamer points in TEMPO_PRIORITIES table
Identify upstreamer points in TEMPO_PRIORITIES_WEIGHT table
Deals with superimposition (keeps only 1 value per 3D point)
Identify upstreamer points in TEMPO_WEIGHTING table
Identify upstreamer points in TEMPO_PRIORITIES table
Identify upstreamer points in TEMPO_PRIORITIES_WEIGHT table
Rotates geometries from -45.0 degrees
Identify grid points intersecting buildings
Set the initial 3D wind speed field
Time spent for wind speed initialization: 270.21925377845764 s
Shape: (242, 308, 60) - Nb cells: 4472160
Start to apply the wind solver
Iteration 1 (max 500)
   eps = 0.737633 >= 0.0001
Iteration 2 (max 500)
   eps = 0.437183 >= 0.0001
Iteration 3 (max 500)
   eps = 0.322047 >= 0.0001
Iteration 4 (max 500)
   eps = 0.256787 >= 0.0001
Iteration 5 (max 500)
   eps = 0.212423 >= 0.0001
Iteration 6 (max 500)
   eps = 0.18168 >= 0.0001
Iteration 7 (max 500)
   eps = 0.158347 >= 0.0001
Iteration 8 (max 500)
   eps = 0.13947 >= 0.0001
Iteration 9 (max 500)
   eps = 0.124355 >= 0.0001
Iteration 10 (max 500)
   eps = 0.111713 >= 0.0001
Iteration 11 (max 500)
   eps = 0.101183 >= 0.0001
Iteration 12 (max 500)
   eps = 0.09222 >= 0.0001
Iteration 13 (max 500)
   eps = 0.084661 >= 0.0001
Iteration 14 (max 500)
   eps = 0.07819 >= 0.0001
Iteration 15 (max 500)
   eps = 0.072454 >= 0.0001
Iteration 16 (max 500)
   eps = 0.067465 >= 0.0001
Iteration 17 (max 500)
   eps = 0.063046 >= 0.0001
Iteration 18 (max 500)
   eps = 0.05924 >= 0.0001
Iteration 19 (max 500)
   eps = 0.055777 >= 0.0001
Iteration 20 (max 500)
   eps = 0.052513 >= 0.0001
Iteration 21 (max 500)
   eps = 0.049583 >= 0.0001
Iteration 22 (max 500)
   eps = 0.047051 >= 0.0001
Iteration 23 (max 500)
   eps = 0.044706 >= 0.0001
Iteration 24 (max 500)
   eps = 0.042547 >= 0.0001
Iteration 25 (max 500)
   eps = 0.04056 >= 0.0001
Iteration 26 (max 500)
   eps = 0.038805 >= 0.0001
Iteration 27 (max 500)
   eps = 0.037146 >= 0.0001
Iteration 28 (max 500)
   eps = 0.035597 >= 0.0001
Iteration 29 (max 500)
   eps = 0.034138 >= 0.0001
Iteration 30 (max 500)
   eps = 0.032746 >= 0.0001
Iteration 31 (max 500)
   eps = 0.031384 >= 0.0001
Iteration 32 (max 500)
   eps = 0.030133 >= 0.0001
Iteration 33 (max 500)
   eps = 0.028986 >= 0.0001
Iteration 34 (max 500)
   eps = 0.027949 >= 0.0001
Iteration 35 (max 500)
   eps = 0.027013 >= 0.0001
Iteration 36 (max 500)
   eps = 0.026129 >= 0.0001
Iteration 37 (max 500)
   eps = 0.025282 >= 0.0001
Iteration 38 (max 500)
   eps = 0.024479 >= 0.0001
Iteration 39 (max 500)
   eps = 0.023734 >= 0.0001
Iteration 40 (max 500)
   eps = 0.02302 >= 0.0001
Iteration 41 (max 500)
   eps = 0.022351 >= 0.0001
Iteration 42 (max 500)
   eps = 0.02171 >= 0.0001
Iteration 43 (max 500)
   eps = 0.021089 >= 0.0001
Iteration 44 (max 500)
   eps = 0.020494 >= 0.0001
Iteration 45 (max 500)
   eps = 0.019933 >= 0.0001
Iteration 46 (max 500)
   eps = 0.019367 >= 0.0001
Iteration 47 (max 500)
   eps = 0.018809 >= 0.0001
Iteration 48 (max 500)
   eps = 0.018356 >= 0.0001
Iteration 49 (max 500)
   eps = 0.017809 >= 0.0001
Iteration 50 (max 500)
   eps = 0.017401 >= 0.0001
Iteration 51 (max 500)
   eps = 0.016883 >= 0.0001
Iteration 52 (max 500)
   eps = 0.016406 >= 0.0001
Iteration 53 (max 500)
   eps = 0.015964 >= 0.0001
Iteration 54 (max 500)
   eps = 0.01555 >= 0.0001
Iteration 55 (max 500)
   eps = 0.015148 >= 0.0001
Iteration 56 (max 500)
   eps = 0.014758 >= 0.0001
Iteration 57 (max 500)
   eps = 0.014372 >= 0.0001
Iteration 58 (max 500)
   eps = 0.014237 >= 0.0001
Iteration 59 (max 500)
   eps = 0.013929 >= 0.0001
Iteration 60 (max 500)
   eps = 0.013556 >= 0.0001
Iteration 61 (max 500)
   eps = 0.013192 >= 0.0001
Iteration 62 (max 500)
   eps = 0.012859 >= 0.0001
Iteration 63 (max 500)
   eps = 0.01255 >= 0.0001
Iteration 64 (max 500)
   eps = 0.01225 >= 0.0001
Iteration 65 (max 500)
   eps = 0.011977 >= 0.0001
Iteration 66 (max 500)
   eps = 0.011716 >= 0.0001
Iteration 67 (max 500)
   eps = 0.011475 >= 0.0001
Iteration 68 (max 500)
   eps = 0.011251 >= 0.0001
Iteration 69 (max 500)
   eps = 0.011029 >= 0.0001
Iteration 70 (max 500)
   eps = 0.010807 >= 0.0001
Iteration 71 (max 500)
   eps = 0.010586 >= 0.0001
Iteration 72 (max 500)
   eps = 0.010368 >= 0.0001
Iteration 73 (max 500)
   eps = 0.01015 >= 0.0001
Iteration 74 (max 500)
   eps = 0.009932 >= 0.0001
Iteration 75 (max 500)
   eps = 0.009718 >= 0.0001
Iteration 76 (max 500)
   eps = 0.009504 >= 0.0001
Iteration 77 (max 500)
   eps = 0.009287 >= 0.0001
Iteration 78 (max 500)
   eps = 0.009076 >= 0.0001
Iteration 79 (max 500)
   eps = 0.008874 >= 0.0001
Iteration 80 (max 500)
   eps = 0.008683 >= 0.0001
Iteration 81 (max 500)
   eps = 0.008504 >= 0.0001
Iteration 82 (max 500)
   eps = 0.008334 >= 0.0001
Iteration 83 (max 500)
   eps = 0.008169 >= 0.0001
Iteration 84 (max 500)
   eps = 0.008016 >= 0.0001
Iteration 85 (max 500)
   eps = 0.007868 >= 0.0001
Iteration 86 (max 500)
   eps = 0.00773 >= 0.0001
Iteration 87 (max 500)
   eps = 0.007597 >= 0.0001
Iteration 88 (max 500)
   eps = 0.007467 >= 0.0001
Iteration 89 (max 500)
   eps = 0.007334 >= 0.0001
Iteration 90 (max 500)
   eps = 0.007208 >= 0.0001
Iteration 91 (max 500)
   eps = 0.007087 >= 0.0001
Iteration 92 (max 500)
   eps = 0.006972 >= 0.0001
Iteration 93 (max 500)
   eps = 0.006858 >= 0.0001
Iteration 94 (max 500)
   eps = 0.006748 >= 0.0001
Iteration 95 (max 500)
   eps = 0.006639 >= 0.0001
Iteration 96 (max 500)
   eps = 0.006536 >= 0.0001
Iteration 97 (max 500)
   eps = 0.006434 >= 0.0001
Iteration 98 (max 500)
   eps = 0.006332 >= 0.0001
Iteration 99 (max 500)
   eps = 0.006226 >= 0.0001
Iteration 100 (max 500)
   eps = 0.006122 >= 0.0001
Iteration 101 (max 500)
   eps = 0.006017 >= 0.0001
Iteration 102 (max 500)
   eps = 0.005914 >= 0.0001
Iteration 103 (max 500)
   eps = 0.005813 >= 0.0001
Iteration 104 (max 500)
   eps = 0.005719 >= 0.0001
Iteration 105 (max 500)
   eps = 0.005626 >= 0.0001
Iteration 106 (max 500)
   eps = 0.005533 >= 0.0001
Iteration 107 (max 500)
   eps = 0.005442 >= 0.0001
Iteration 108 (max 500)
   eps = 0.005352 >= 0.0001
Iteration 109 (max 500)
   eps = 0.005263 >= 0.0001
Iteration 110 (max 500)
   eps = 0.005178 >= 0.0001
Iteration 111 (max 500)
   eps = 0.00509 >= 0.0001
Iteration 112 (max 500)
   eps = 0.005005 >= 0.0001
Iteration 113 (max 500)
   eps = 0.004925 >= 0.0001
Iteration 114 (max 500)
   eps = 0.004847 >= 0.0001
Iteration 115 (max 500)
   eps = 0.004769 >= 0.0001
Iteration 116 (max 500)
   eps = 0.004693 >= 0.0001
Iteration 117 (max 500)
   eps = 0.004617 >= 0.0001
Iteration 118 (max 500)
   eps = 0.004544 >= 0.0001
Iteration 119 (max 500)
   eps = 0.004477 >= 0.0001
Iteration 120 (max 500)
   eps = 0.00441 >= 0.0001
Iteration 121 (max 500)
   eps = 0.004342 >= 0.0001
Iteration 122 (max 500)
   eps = 0.004275 >= 0.0001
Iteration 123 (max 500)
   eps = 0.004208 >= 0.0001
Iteration 124 (max 500)
   eps = 0.00414 >= 0.0001
Iteration 125 (max 500)
   eps = 0.004074 >= 0.0001
Iteration 126 (max 500)
   eps = 0.004009 >= 0.0001
Iteration 127 (max 500)
   eps = 0.003947 >= 0.0001
Iteration 128 (max 500)
   eps = 0.003882 >= 0.0001
Iteration 129 (max 500)
   eps = 0.003819 >= 0.0001
Iteration 130 (max 500)
   eps = 0.003754 >= 0.0001
Iteration 131 (max 500)
   eps = 0.003691 >= 0.0001
Iteration 132 (max 500)
   eps = 0.003629 >= 0.0001
Iteration 133 (max 500)
   eps = 0.003568 >= 0.0001
Iteration 134 (max 500)
   eps = 0.003506 >= 0.0001
Iteration 135 (max 500)
   eps = 0.003444 >= 0.0001
Iteration 136 (max 500)
   eps = 0.003385 >= 0.0001
Iteration 137 (max 500)
   eps = 0.003325 >= 0.0001
Iteration 138 (max 500)
   eps = 0.003267 >= 0.0001
Iteration 139 (max 500)
   eps = 0.003212 >= 0.0001
Iteration 140 (max 500)
   eps = 0.003159 >= 0.0001
Iteration 141 (max 500)
   eps = 0.003107 >= 0.0001
Iteration 142 (max 500)
   eps = 0.003055 >= 0.0001
Iteration 143 (max 500)
   eps = 0.003006 >= 0.0001
Iteration 144 (max 500)
   eps = 0.002957 >= 0.0001
Iteration 145 (max 500)
   eps = 0.002908 >= 0.0001
Iteration 146 (max 500)
   eps = 0.002858 >= 0.0001
Iteration 147 (max 500)
   eps = 0.002812 >= 0.0001
Iteration 148 (max 500)
   eps = 0.002779 >= 0.0001
Iteration 149 (max 500)
   eps = 0.002731 >= 0.0001
Iteration 150 (max 500)
   eps = 0.002686 >= 0.0001
Iteration 151 (max 500)
   eps = 0.002645 >= 0.0001
Iteration 152 (max 500)
   eps = 0.002605 >= 0.0001
Iteration 153 (max 500)
   eps = 0.002567 >= 0.0001
Iteration 154 (max 500)
   eps = 0.00253 >= 0.0001
Iteration 155 (max 500)
   eps = 0.002484 >= 0.0001
Iteration 156 (max 500)
   eps = 0.00244 >= 0.0001
Iteration 157 (max 500)
   eps = 0.002395 >= 0.0001
Iteration 158 (max 500)
   eps = 0.002353 >= 0.0001
Iteration 159 (max 500)
   eps = 0.002312 >= 0.0001
Iteration 160 (max 500)
   eps = 0.002274 >= 0.0001
Iteration 161 (max 500)
   eps = 0.002234 >= 0.0001
Iteration 162 (max 500)
   eps = 0.002193 >= 0.0001
Iteration 163 (max 500)
   eps = 0.002153 >= 0.0001
Iteration 164 (max 500)
   eps = 0.002114 >= 0.0001
Iteration 165 (max 500)
   eps = 0.002076 >= 0.0001
Iteration 166 (max 500)
   eps = 0.002042 >= 0.0001
Iteration 167 (max 500)
   eps = 0.002008 >= 0.0001
Iteration 168 (max 500)
   eps = 0.001973 >= 0.0001
Iteration 169 (max 500)
   eps = 0.00194 >= 0.0001
Iteration 170 (max 500)
   eps = 0.001906 >= 0.0001
Iteration 171 (max 500)
   eps = 0.001872 >= 0.0001
Iteration 172 (max 500)
   eps = 0.001837 >= 0.0001
Iteration 173 (max 500)
   eps = 0.001803 >= 0.0001
Iteration 174 (max 500)
   eps = 0.001768 >= 0.0001
Iteration 175 (max 500)
   eps = 0.001733 >= 0.0001
Iteration 176 (max 500)
   eps = 0.001698 >= 0.0001
Iteration 177 (max 500)
   eps = 0.001667 >= 0.0001
Iteration 178 (max 500)
   eps = 0.001643 >= 0.0001
Iteration 179 (max 500)
   eps = 0.00161 >= 0.0001
Iteration 180 (max 500)
   eps = 0.001573 >= 0.0001
Iteration 181 (max 500)
   eps = 0.001541 >= 0.0001
Iteration 182 (max 500)
   eps = 0.001509 >= 0.0001
Iteration 183 (max 500)
   eps = 0.001478 >= 0.0001
Iteration 184 (max 500)
   eps = 0.001449 >= 0.0001
Iteration 185 (max 500)
   eps = 0.00142 >= 0.0001
Iteration 186 (max 500)
   eps = 0.001392 >= 0.0001
Iteration 187 (max 500)
   eps = 0.001366 >= 0.0001
Iteration 188 (max 500)
   eps = 0.00134 >= 0.0001
Iteration 189 (max 500)
   eps = 0.001318 >= 0.0001
Iteration 190 (max 500)
   eps = 0.001297 >= 0.0001
Iteration 191 (max 500)
   eps = 0.001276 >= 0.0001
Iteration 192 (max 500)
   eps = 0.001256 >= 0.0001
Iteration 193 (max 500)
   eps = 0.001232 >= 0.0001
Iteration 194 (max 500)
   eps = 0.001208 >= 0.0001
Iteration 195 (max 500)
   eps = 0.001185 >= 0.0001
Iteration 196 (max 500)
   eps = 0.001159 >= 0.0001
Iteration 197 (max 500)
   eps = 0.001133 >= 0.0001
Iteration 198 (max 500)
   eps = 0.001107 >= 0.0001
Iteration 199 (max 500)
   eps = 0.001083 >= 0.0001
Iteration 200 (max 500)
   eps = 0.00106 >= 0.0001
Iteration 201 (max 500)
   eps = 0.001037 >= 0.0001
Iteration 202 (max 500)
   eps = 0.001014 >= 0.0001
Iteration 203 (max 500)
   eps = 0.001001 >= 0.0001
Iteration 204 (max 500)
   eps = 0.000976 >= 0.0001
Iteration 205 (max 500)
   eps = 0.000957 >= 0.0001
Iteration 206 (max 500)
   eps = 0.000938 >= 0.0001
Iteration 207 (max 500)
   eps = 0.000917 >= 0.0001
Iteration 208 (max 500)
   eps = 0.000898 >= 0.0001
Iteration 209 (max 500)
   eps = 0.000881 >= 0.0001
Iteration 210 (max 500)
   eps = 0.000862 >= 0.0001
Iteration 211 (max 500)
   eps = 0.000845 >= 0.0001
Iteration 212 (max 500)
   eps = 0.000828 >= 0.0001
Iteration 213 (max 500)
   eps = 0.000813 >= 0.0001
Iteration 214 (max 500)
   eps = 0.000798 >= 0.0001
Iteration 215 (max 500)
   eps = 0.000783 >= 0.0001
Iteration 216 (max 500)
   eps = 0.000768 >= 0.0001
Iteration 217 (max 500)
   eps = 0.000753 >= 0.0001
Iteration 218 (max 500)
   eps = 0.000741 >= 0.0001
Iteration 219 (max 500)
   eps = 0.000728 >= 0.0001
Iteration 220 (max 500)
   eps = 0.000716 >= 0.0001
Iteration 221 (max 500)
   eps = 0.000704 >= 0.0001
Iteration 222 (max 500)
   eps = 0.00069 >= 0.0001
Iteration 223 (max 500)
   eps = 0.000679 >= 0.0001
Iteration 224 (max 500)
   eps = 0.000667 >= 0.0001
Iteration 225 (max 500)
   eps = 0.000656 >= 0.0001
Iteration 226 (max 500)
   eps = 0.000644 >= 0.0001
Iteration 227 (max 500)
   eps = 0.000633 >= 0.0001
Iteration 228 (max 500)
   eps = 0.000621 >= 0.0001
Iteration 229 (max 500)
   eps = 0.000608 >= 0.0001
Iteration 230 (max 500)
   eps = 0.000597 >= 0.0001
Iteration 231 (max 500)
   eps = 0.000584 >= 0.0001
Iteration 232 (max 500)
   eps = 0.000574 >= 0.0001
Iteration 233 (max 500)
   eps = 0.000563 >= 0.0001
Iteration 234 (max 500)
   eps = 0.000551 >= 0.0001
Iteration 235 (max 500)
   eps = 0.00054 >= 0.0001
Iteration 236 (max 500)
   eps = 0.000529 >= 0.0001
Iteration 237 (max 500)
   eps = 0.000518 >= 0.0001
Iteration 238 (max 500)
   eps = 0.000507 >= 0.0001
Iteration 239 (max 500)
   eps = 0.000498 >= 0.0001
Iteration 240 (max 500)
   eps = 0.000489 >= 0.0001
Iteration 241 (max 500)
   eps = 0.000478 >= 0.0001
Iteration 242 (max 500)
   eps = 0.000469 >= 0.0001
Iteration 243 (max 500)
   eps = 0.00046 >= 0.0001
Iteration 244 (max 500)
   eps = 0.000451 >= 0.0001
Iteration 245 (max 500)
   eps = 0.000443 >= 0.0001
Iteration 246 (max 500)
   eps = 0.000434 >= 0.0001
Iteration 247 (max 500)
   eps = 0.000426 >= 0.0001
Iteration 248 (max 500)
   eps = 0.000417 >= 0.0001
Iteration 249 (max 500)
   eps = 0.000408 >= 0.0001
Iteration 250 (max 500)
   eps = 0.000401 >= 0.0001
Iteration 251 (max 500)
   eps = 0.000394 >= 0.0001
Iteration 252 (max 500)
   eps = 0.000388 >= 0.0001
Iteration 253 (max 500)
   eps = 0.000381 >= 0.0001
Iteration 254 (max 500)
   eps = 0.000374 >= 0.0001
Iteration 255 (max 500)
   eps = 0.000366 >= 0.0001
Iteration 256 (max 500)
   eps = 0.000359 >= 0.0001
Iteration 257 (max 500)
   eps = 0.000351 >= 0.0001
Iteration 258 (max 500)
   eps = 0.000344 >= 0.0001
Iteration 259 (max 500)
   eps = 0.000336 >= 0.0001
Iteration 260 (max 500)
   eps = 0.00033 >= 0.0001
Iteration 261 (max 500)
   eps = 0.000324 >= 0.0001
Iteration 262 (max 500)
   eps = 0.000318 >= 0.0001
Iteration 263 (max 500)
   eps = 0.000312 >= 0.0001
Iteration 264 (max 500)
   eps = 0.000307 >= 0.0001
Iteration 265 (max 500)
   eps = 0.000303 >= 0.0001
Iteration 266 (max 500)
   eps = 0.000295 >= 0.0001
Iteration 267 (max 500)
   eps = 0.00029 >= 0.0001
Iteration 268 (max 500)
   eps = 0.000284 >= 0.0001
Iteration 269 (max 500)
   eps = 0.00028 >= 0.0001
Iteration 270 (max 500)
   eps = 0.000271 >= 0.0001
Iteration 271 (max 500)
   eps = 0.000266 >= 0.0001
Iteration 272 (max 500)
   eps = 0.000261 >= 0.0001
Iteration 273 (max 500)
   eps = 0.000255 >= 0.0001
Iteration 274 (max 500)
   eps = 0.00025 >= 0.0001
Iteration 275 (max 500)
   eps = 0.000246 >= 0.0001
Iteration 276 (max 500)
   eps = 0.00024 >= 0.0001
Iteration 277 (max 500)
   eps = 0.000235 >= 0.0001
Iteration 278 (max 500)
   eps = 0.00023 >= 0.0001
Iteration 279 (max 500)
   eps = 0.000225 >= 0.0001
Iteration 280 (max 500)
   eps = 0.000221 >= 0.0001
Iteration 281 (max 500)
   eps = 0.000217 >= 0.0001
Iteration 282 (max 500)
   eps = 0.000213 >= 0.0001
Iteration 283 (max 500)
   eps = 0.000208 >= 0.0001
Iteration 284 (max 500)
   eps = 0.000204 >= 0.0001
Iteration 285 (max 500)
   eps = 0.0002 >= 0.0001
Iteration 286 (max 500)
   eps = 0.000196 >= 0.0001
Iteration 287 (max 500)
   eps = 0.000193 >= 0.0001
Iteration 288 (max 500)
   eps = 0.000189 >= 0.0001
Iteration 289 (max 500)
   eps = 0.000185 >= 0.0001
Iteration 290 (max 500)
   eps = 0.000181 >= 0.0001
Iteration 291 (max 500)
   eps = 0.000177 >= 0.0001
Iteration 292 (max 500)
   eps = 0.000174 >= 0.0001
Iteration 293 (max 500)
   eps = 0.00017 >= 0.0001
Iteration 294 (max 500)
   eps = 0.000167 >= 0.0001
Iteration 295 (max 500)
   eps = 0.000164 >= 0.0001
Iteration 296 (max 500)
   eps = 0.000161 >= 0.0001
Iteration 297 (max 500)
   eps = 0.000157 >= 0.0001
Iteration 298 (max 500)
   eps = 0.000155 >= 0.0001
Iteration 299 (max 500)
   eps = 0.000151 >= 0.0001
Iteration 300 (max 500)
   eps = 0.000148 >= 0.0001
Iteration 301 (max 500)
   eps = 0.000146 >= 0.0001
Iteration 302 (max 500)
   eps = 0.000143 >= 0.0001
Iteration 303 (max 500)
   eps = 0.00014 >= 0.0001
Iteration 304 (max 500)
   eps = 0.000138 >= 0.0001
Iteration 305 (max 500)
   eps = 0.000135 >= 0.0001
Iteration 306 (max 500)
   eps = 0.000132 >= 0.0001
Iteration 307 (max 500)
   eps = 0.00013 >= 0.0001
Iteration 308 (max 500)
   eps = 0.000127 >= 0.0001
Iteration 309 (max 500)
   eps = 0.000124 >= 0.0001
Iteration 310 (max 500)
   eps = 0.000122 >= 0.0001
Iteration 311 (max 500)
   eps = 0.000119 >= 0.0001
Iteration 312 (max 500)
   eps = 0.000117 >= 0.0001
Iteration 313 (max 500)
   eps = 0.000115 >= 0.0001
Iteration 314 (max 500)
   eps = 0.000112 >= 0.0001
Iteration 315 (max 500)
   eps = 0.00011 >= 0.0001
Iteration 316 (max 500)
   eps = 0.000108 >= 0.0001
Iteration 317 (max 500)
   eps = 0.000106 >= 0.0001
Iteration 318 (max 500)
   eps = 0.000104 >= 0.0001
Iteration 319 (max 500)
   eps = 0.000102 >= 0.0001
Iteration 320 (max 500)
Time spent by the wind speed solver: 185.02464532852173 s
Rotates geometries from -45.0 degrees
Interp succeeded!!! for tmp_file
Interp succeeded!!! for tmp_file
Interp succeeded!!! for tmp_file
Interp succeeded!!! for tmp_file
Interp succeeded!!! for tmp_file
Interp succeeded!!! for tmp_file
Process 3995990: Successfully ran URock for tile output 'wind_field_raw_tile_18'.
Process 3995990: Elapsed time for URock ('wind_field_raw_tile_18'): 531.88 seconds.
[Master] Process 3995990 - Tile 18: Finished processing.
[Master] 3995990: exit signal
Info: Debuffered '/storage/project/r-rbasu31-0/hyu483/Test_UMEP/UROCK_output_35_spawn/temp_intermediate_files/tile_18_urock_raw_outputs/z1_5/wind_field_raw_tile_18WS.tif' to '/storage/project/r-rbasu31-0/hyu483/Test_UMEP/UROCK_output_35_spawn/urock_tiled_output/urock_wind_field_tile_18WS.tif' (original extent: (234182.59099838723, 901732.4833440109, 234382.59099838723, 901932.4833440109)).
Connecting to database
	->/tmp/URock_2025-12-21T1808412438c33c-2cd4-4f7e-a34b-e3c2a6158794/myDbH2
/storage/home/hcoda1/4/hyu483/qgis_332/profiles/default/python/plugins/processing_umep/functions/URock/h2gis-standalone/h2gis-dist-2.2.3.jar
Connected!

Spatial functions added!

Load input data
Load table 'build_pre_srid_20251221180859'
Load table 'veg_pre_srid_20251221180859'
Creates blocks and stacked blocks
Rotates geometries from 45.0 degrees
Identify block base height and block cavity base
Calculates obstacle properties
Calculates zone properties
Initializes upwind facades
Update upwind facades base height
Initializes downwind facades
Calculates study area properties
Roughness zone properties are:

                                 - z0: 1.8266669971778282
                                 - d: 8.565929944028648
                                 - Hr: 12.177779981185521
                                 - H_ob_max: 56
                                 - lambda_f: 0.15973293918757323
Rotates geometries from -45.0 degrees
Rotates geometries from -45.0 degrees
Rotates geometries from -45.0 degrees
Creates displacement zones
Rotates geometries from -45.0 degrees
Rotates geometries from -45.0 degrees
Creates cavity and wake zones
Rotates geometries from -45.0 degrees
Rotates geometries from -45.0 degrees
Creates street canyon zones
Rotates geometries from -45.0 degrees
Creates rooftop zones (perpendicular and corner)
Rotates geometries from -45.0 degrees
Rotates geometries from -45.0 degrees
Creates built-up and open vegetation zones
Rotates geometries from -45.0 degrees
Rotates geometries from -45.0 degrees
Identify the buildings concerned by the impacted zone chosen by the user
Creates the grid of points
Affects each grid point to a building Rockle zone and calculates needed 
          variables for 3D wind speed
Affects each grid point to a vegetation Rockle zone and calculates 
          needed variables for 3D wind speed
Remove some of the Röckle zone points
Creates backward zones
Calculates the 3D wind speed factor value for each point of each BUILDING zone
Rotates geometries from -45.0 degrees
Rotates geometries from -45.0 degrees
Rotates geometries from -45.0 degrees
Rotates geometries from -45.0 degrees
Rotates geometries from -45.0 degrees
Rotates geometries from -45.0 degrees
Rotates geometries from -45.0 degrees
Rotates geometries from -45.0 degrees
Rotates geometries from -45.0 degrees
Calculates the 3D wind speed factor value for each point of each VEGETATION zone
Rotates geometries from -45.0 degrees
Deals with superimposition (keeps only 1 value per 3D point)
Deals with superimposition (keeps only 1 value per 3D point)
Identify upstreamer points in TEMPO_WEIGHTING table
Identify upstreamer points in TEMPO_PRIORITIES table
Identify upstreamer points in TEMPO_PRIORITIES_WEIGHT table
Deals with superimposition (keeps only 1 value per 3D point)
Identify upstreamer points in TEMPO_WEIGHTING table
Identify upstreamer points in TEMPO_PRIORITIES table
Identify upstreamer points in TEMPO_PRIORITIES_WEIGHT table
Rotates geometries from -45.0 degrees
Identify grid points intersecting buildings
Set the initial 3D wind speed field
Time spent for wind speed initialization: 262.6759521961212 s
Shape: (306, 343, 29) - Nb cells: 3043782
Start to apply the wind solver
Iteration 1 (max 500)
   eps = 0.636902 >= 0.0001
Iteration 2 (max 500)
   eps = 0.436768 >= 0.0001
Iteration 3 (max 500)
   eps = 0.342006 >= 0.0001
Iteration 4 (max 500)
   eps = 0.282497 >= 0.0001
Iteration 5 (max 500)
   eps = 0.23786 >= 0.0001
Iteration 6 (max 500)
   eps = 0.204309 >= 0.0001
Iteration 7 (max 500)
   eps = 0.179513 >= 0.0001
Iteration 8 (max 500)
   eps = 0.159546 >= 0.0001
Iteration 9 (max 500)
   eps = 0.143035 >= 0.0001
Iteration 10 (max 500)
   eps = 0.129003 >= 0.0001
Iteration 11 (max 500)
   eps = 0.116837 >= 0.0001
Iteration 12 (max 500)
   eps = 0.106434 >= 0.0001
Iteration 13 (max 500)
   eps = 0.097813 >= 0.0001
Iteration 14 (max 500)
   eps = 0.090993 >= 0.0001
Iteration 15 (max 500)
   eps = 0.085712 >= 0.0001
Iteration 16 (max 500)
   eps = 0.081396 >= 0.0001
Iteration 17 (max 500)
   eps = 0.077365 >= 0.0001
Iteration 18 (max 500)
   eps = 0.073804 >= 0.0001
Iteration 19 (max 500)
   eps = 0.070412 >= 0.0001
Iteration 20 (max 500)
   eps = 0.067449 >= 0.0001
Iteration 21 (max 500)
   eps = 0.064959 >= 0.0001
Iteration 22 (max 500)
   eps = 0.06289 >= 0.0001
Iteration 23 (max 500)
   eps = 0.061305 >= 0.0001
Iteration 24 (max 500)
   eps = 0.059346 >= 0.0001
Iteration 25 (max 500)
   eps = 0.057436 >= 0.0001
Iteration 26 (max 500)
   eps = 0.055867 >= 0.0001
Iteration 27 (max 500)
   eps = 0.063669 >= 0.0001
Iteration 28 (max 500)
   eps = 0.059716 >= 0.0001
Iteration 29 (max 500)
   eps = 0.055551 >= 0.0001
Iteration 30 (max 500)
   eps = 0.05439 >= 0.0001
Iteration 31 (max 500)
   eps = 0.053742 >= 0.0001
Iteration 32 (max 500)
   eps = 0.052712 >= 0.0001
Iteration 33 (max 500)
   eps = 0.05182 >= 0.0001
Iteration 34 (max 500)
   eps = 0.051244 >= 0.0001
Iteration 35 (max 500)
   eps = 0.050669 >= 0.0001
Iteration 36 (max 500)
   eps = 0.049927 >= 0.0001
Iteration 37 (max 500)
   eps = 0.049117 >= 0.0001
Iteration 38 (max 500)
   eps = 0.04834 >= 0.0001
Iteration 39 (max 500)
   eps = 0.047583 >= 0.0001
Iteration 40 (max 500)
   eps = 0.046968 >= 0.0001
Iteration 41 (max 500)
   eps = 0.046393 >= 0.0001
Iteration 42 (max 500)
   eps = 0.045879 >= 0.0001
Iteration 43 (max 500)
   eps = 0.045421 >= 0.0001
Iteration 44 (max 500)
   eps = 0.04509 >= 0.0001
Iteration 45 (max 500)
   eps = 0.044685 >= 0.0001
Iteration 46 (max 500)
   eps = 0.044129 >= 0.0001
Iteration 47 (max 500)
   eps = 0.043604 >= 0.0001
Iteration 48 (max 500)
   eps = 0.043064 >= 0.0001
Iteration 49 (max 500)
   eps = 0.04247 >= 0.0001
Iteration 50 (max 500)
   eps = 0.041812 >= 0.0001
Iteration 51 (max 500)
   eps = 0.041191 >= 0.0001
Iteration 52 (max 500)
   eps = 0.040612 >= 0.0001
Iteration 53 (max 500)
   eps = 0.040131 >= 0.0001
Iteration 54 (max 500)
   eps = 0.039914 >= 0.0001
Iteration 55 (max 500)
   eps = 0.039334 >= 0.0001
Iteration 56 (max 500)
   eps = 0.03874 >= 0.0001
Iteration 57 (max 500)
   eps = 0.038131 >= 0.0001
Iteration 58 (max 500)
   eps = 0.037565 >= 0.0001
Iteration 59 (max 500)
   eps = 0.037038 >= 0.0001
Iteration 60 (max 500)
   eps = 0.036521 >= 0.0001
Iteration 61 (max 500)
   eps = 0.036036 >= 0.0001
Iteration 62 (max 500)
   eps = 0.035617 >= 0.0001
Iteration 63 (max 500)
   eps = 0.035186 >= 0.0001
Iteration 64 (max 500)
   eps = 0.03483 >= 0.0001
Iteration 65 (max 500)
   eps = 0.03446 >= 0.0001
Iteration 66 (max 500)
   eps = 0.034039 >= 0.0001
Iteration 67 (max 500)
   eps = 0.033555 >= 0.0001
Iteration 68 (max 500)
   eps = 0.033051 >= 0.0001
Iteration 69 (max 500)
   eps = 0.03254 >= 0.0001
Iteration 70 (max 500)
   eps = 0.032044 >= 0.0001
Iteration 71 (max 500)
   eps = 0.031549 >= 0.0001
Iteration 72 (max 500)
   eps = 0.031045 >= 0.0001
Iteration 73 (max 500)
   eps = 0.030537 >= 0.0001
Iteration 74 (max 500)
   eps = 0.029996 >= 0.0001
Iteration 75 (max 500)
   eps = 0.029517 >= 0.0001
Iteration 76 (max 500)
   eps = 0.029081 >= 0.0001
Iteration 77 (max 500)
   eps = 0.028659 >= 0.0001
Iteration 78 (max 500)
   eps = 0.028263 >= 0.0001
Iteration 79 (max 500)
   eps = 0.027861 >= 0.0001
Iteration 80 (max 500)
   eps = 0.027429 >= 0.0001
Iteration 81 (max 500)
   eps = 0.026986 >= 0.0001
Iteration 82 (max 500)
   eps = 0.026539 >= 0.0001
Iteration 83 (max 500)
   eps = 0.026133 >= 0.0001
Iteration 84 (max 500)
   eps = 0.025688 >= 0.0001
Iteration 85 (max 500)
   eps = 0.025232 >= 0.0001
Iteration 86 (max 500)
   eps = 0.024816 >= 0.0001
Iteration 87 (max 500)
   eps = 0.024469 >= 0.0001
Iteration 88 (max 500)
   eps = 0.024135 >= 0.0001
Iteration 89 (max 500)
   eps = 0.023756 >= 0.0001
Iteration 90 (max 500)
   eps = 0.023419 >= 0.0001
Iteration 91 (max 500)
   eps = 0.023051 >= 0.0001
Iteration 92 (max 500)
   eps = 0.022684 >= 0.0001
Iteration 93 (max 500)
   eps = 0.022317 >= 0.0001
Iteration 94 (max 500)
   eps = 0.021976 >= 0.0001
Iteration 95 (max 500)
   eps = 0.021658 >= 0.0001
Iteration 96 (max 500)
   eps = 0.021336 >= 0.0001
Iteration 97 (max 500)
   eps = 0.021058 >= 0.0001
Iteration 98 (max 500)
   eps = 0.020711 >= 0.0001
Iteration 99 (max 500)
   eps = 0.020369 >= 0.0001
Iteration 100 (max 500)
   eps = 0.020036 >= 0.0001
Iteration 101 (max 500)
   eps = 0.019746 >= 0.0001
Iteration 102 (max 500)
   eps = 0.019443 >= 0.0001
Iteration 103 (max 500)
   eps = 0.019162 >= 0.0001
Iteration 104 (max 500)
   eps = 0.018905 >= 0.0001
Iteration 105 (max 500)
   eps = 0.018621 >= 0.0001
Iteration 106 (max 500)
   eps = 0.018363 >= 0.0001
Iteration 107 (max 500)
   eps = 0.018077 >= 0.0001
Iteration 108 (max 500)
   eps = 0.017812 >= 0.0001
Iteration 109 (max 500)
   eps = 0.017568 >= 0.0001
Iteration 110 (max 500)
   eps = 0.017357 >= 0.0001
Iteration 111 (max 500)
   eps = 0.017181 >= 0.0001
Iteration 112 (max 500)
   eps = 0.016908 >= 0.0001
Iteration 113 (max 500)
   eps = 0.016549 >= 0.0001
Iteration 114 (max 500)
   eps = 0.016236 >= 0.0001
Iteration 115 (max 500)
   eps = 0.016061 >= 0.0001
Iteration 116 (max 500)
   eps = 0.015827 >= 0.0001
Iteration 117 (max 500)
   eps = 0.015615 >= 0.0001
Iteration 118 (max 500)
   eps = 0.015483 >= 0.0001
Iteration 119 (max 500)
   eps = 0.015237 >= 0.0001
Iteration 120 (max 500)
   eps = 0.015043 >= 0.0001
Iteration 121 (max 500)
   eps = 0.014855 >= 0.0001
Iteration 122 (max 500)
   eps = 0.014652 >= 0.0001
Iteration 123 (max 500)
   eps = 0.014445 >= 0.0001
Iteration 124 (max 500)
   eps = 0.014257 >= 0.0001
Iteration 125 (max 500)
   eps = 0.014027 >= 0.0001
Iteration 126 (max 500)
   eps = 0.013797 >= 0.0001
Iteration 127 (max 500)
   eps = 0.013601 >= 0.0001
Iteration 128 (max 500)
   eps = 0.013473 >= 0.0001
Iteration 129 (max 500)
   eps = 0.013272 >= 0.0001
Iteration 130 (max 500)
   eps = 0.013098 >= 0.0001
Iteration 131 (max 500)
   eps = 0.012915 >= 0.0001
Iteration 132 (max 500)
   eps = 0.012746 >= 0.0001
Iteration 133 (max 500)
   eps = 0.012555 >= 0.0001
Iteration 134 (max 500)
   eps = 0.012365 >= 0.0001
Iteration 135 (max 500)
   eps = 0.012171 >= 0.0001
Iteration 136 (max 500)
   eps = 0.011991 >= 0.0001
Iteration 137 (max 500)
   eps = 0.011795 >= 0.0001
Iteration 138 (max 500)
   eps = 0.01163 >= 0.0001
Iteration 139 (max 500)
   eps = 0.011473 >= 0.0001
Iteration 140 (max 500)
   eps = 0.011346 >= 0.0001
Iteration 141 (max 500)
   eps = 0.011233 >= 0.0001
Iteration 142 (max 500)
   eps = 0.011097 >= 0.0001
Iteration 143 (max 500)
   eps = 0.010948 >= 0.0001
Iteration 144 (max 500)
   eps = 0.010821 >= 0.0001
Iteration 145 (max 500)
   eps = 0.010675 >= 0.0001
Iteration 146 (max 500)
   eps = 0.010527 >= 0.0001
Iteration 147 (max 500)
   eps = 0.010371 >= 0.0001
Iteration 148 (max 500)
   eps = 0.010228 >= 0.0001
Iteration 149 (max 500)
   eps = 0.010085 >= 0.0001
Iteration 150 (max 500)
   eps = 0.009942 >= 0.0001
Iteration 151 (max 500)
   eps = 0.009817 >= 0.0001
Iteration 152 (max 500)
   eps = 0.00968 >= 0.0001
Iteration 153 (max 500)
   eps = 0.009549 >= 0.0001
Iteration 154 (max 500)
   eps = 0.009407 >= 0.0001
Iteration 155 (max 500)
   eps = 0.009262 >= 0.0001
Iteration 156 (max 500)
   eps = 0.009127 >= 0.0001
Iteration 157 (max 500)
   eps = 0.008996 >= 0.0001
Iteration 158 (max 500)
   eps = 0.008878 >= 0.0001
Iteration 159 (max 500)
   eps = 0.008747 >= 0.0001
Iteration 160 (max 500)
   eps = 0.008629 >= 0.0001
Iteration 161 (max 500)
   eps = 0.008509 >= 0.0001
Iteration 162 (max 500)
   eps = 0.008386 >= 0.0001
Iteration 163 (max 500)
   eps = 0.008258 >= 0.0001
Iteration 164 (max 500)
   eps = 0.008128 >= 0.0001
Iteration 165 (max 500)
   eps = 0.007996 >= 0.0001
Iteration 166 (max 500)
   eps = 0.007878 >= 0.0001
Iteration 167 (max 500)
   eps = 0.007749 >= 0.0001
Iteration 168 (max 500)
   eps = 0.00763 >= 0.0001
Iteration 169 (max 500)
   eps = 0.007513 >= 0.0001
Iteration 170 (max 500)
   eps = 0.007398 >= 0.0001
Iteration 171 (max 500)
   eps = 0.007282 >= 0.0001
Iteration 172 (max 500)
   eps = 0.007168 >= 0.0001
Iteration 173 (max 500)
   eps = 0.007055 >= 0.0001
Iteration 174 (max 500)
   eps = 0.006955 >= 0.0001
Iteration 175 (max 500)
   eps = 0.006852 >= 0.0001
Iteration 176 (max 500)
   eps = 0.006755 >= 0.0001
Iteration 177 (max 500)
   eps = 0.006655 >= 0.0001
Iteration 178 (max 500)
   eps = 0.006553 >= 0.0001
Iteration 179 (max 500)
   eps = 0.006449 >= 0.0001
Iteration 180 (max 500)
   eps = 0.00636 >= 0.0001
Iteration 181 (max 500)
   eps = 0.006262 >= 0.0001
Iteration 182 (max 500)
   eps = 0.006171 >= 0.0001
Iteration 183 (max 500)
   eps = 0.006074 >= 0.0001
Iteration 184 (max 500)
   eps = 0.005986 >= 0.0001
Iteration 185 (max 500)
   eps = 0.005894 >= 0.0001
Iteration 186 (max 500)
   eps = 0.005805 >= 0.0001
Iteration 187 (max 500)
   eps = 0.005729 >= 0.0001
Iteration 188 (max 500)
   eps = 0.005655 >= 0.0001
Iteration 189 (max 500)
   eps = 0.005581 >= 0.0001
Iteration 190 (max 500)
   eps = 0.005497 >= 0.0001
Iteration 191 (max 500)
   eps = 0.005412 >= 0.0001
Iteration 192 (max 500)
   eps = 0.005331 >= 0.0001
Iteration 193 (max 500)
   eps = 0.005253 >= 0.0001
Iteration 194 (max 500)
   eps = 0.005182 >= 0.0001
Iteration 195 (max 500)
   eps = 0.005108 >= 0.0001
Iteration 196 (max 500)
   eps = 0.005031 >= 0.0001
Iteration 197 (max 500)
   eps = 0.004956 >= 0.0001
Iteration 198 (max 500)
   eps = 0.00489 >= 0.0001
Iteration 199 (max 500)
   eps = 0.004825 >= 0.0001
Iteration 200 (max 500)
   eps = 0.00476 >= 0.0001
Iteration 201 (max 500)
   eps = 0.00469 >= 0.0001
Iteration 202 (max 500)
   eps = 0.004635 >= 0.0001
Iteration 203 (max 500)
   eps = 0.004568 >= 0.0001
Iteration 204 (max 500)
   eps = 0.004501 >= 0.0001
Iteration 205 (max 500)
   eps = 0.004433 >= 0.0001
Iteration 206 (max 500)
   eps = 0.004359 >= 0.0001
Iteration 207 (max 500)
   eps = 0.004291 >= 0.0001
Iteration 208 (max 500)
   eps = 0.004228 >= 0.0001
Iteration 209 (max 500)
   eps = 0.004164 >= 0.0001
Iteration 210 (max 500)
   eps = 0.004105 >= 0.0001
Iteration 211 (max 500)
   eps = 0.004047 >= 0.0001
Iteration 212 (max 500)
   eps = 0.003996 >= 0.0001
Iteration 213 (max 500)
   eps = 0.003938 >= 0.0001
Iteration 214 (max 500)
   eps = 0.003878 >= 0.0001
Iteration 215 (max 500)
   eps = 0.003821 >= 0.0001
Iteration 216 (max 500)
   eps = 0.003763 >= 0.0001
Iteration 217 (max 500)
   eps = 0.003706 >= 0.0001
Iteration 218 (max 500)
   eps = 0.003655 >= 0.0001
Iteration 219 (max 500)
   eps = 0.003606 >= 0.0001
Iteration 220 (max 500)
   eps = 0.003555 >= 0.0001
Iteration 221 (max 500)
   eps = 0.003501 >= 0.0001
Iteration 222 (max 500)
   eps = 0.003444 >= 0.0001
Iteration 223 (max 500)
   eps = 0.003388 >= 0.0001
Iteration 224 (max 500)
   eps = 0.003341 >= 0.0001
Iteration 225 (max 500)
   eps = 0.003287 >= 0.0001
Iteration 226 (max 500)
   eps = 0.003234 >= 0.0001
Iteration 227 (max 500)
   eps = 0.003185 >= 0.0001
Iteration 228 (max 500)
   eps = 0.003152 >= 0.0001
Iteration 229 (max 500)
   eps = 0.003108 >= 0.0001
Iteration 230 (max 500)
   eps = 0.003062 >= 0.0001
Iteration 231 (max 500)
   eps = 0.003019 >= 0.0001
Iteration 232 (max 500)
   eps = 0.002978 >= 0.0001
Iteration 233 (max 500)
   eps = 0.00294 >= 0.0001
Iteration 234 (max 500)
   eps = 0.002903 >= 0.0001
Iteration 235 (max 500)
   eps = 0.00286 >= 0.0001
Iteration 236 (max 500)
   eps = 0.002818 >= 0.0001
Iteration 237 (max 500)
   eps = 0.002777 >= 0.0001
Iteration 238 (max 500)
   eps = 0.002733 >= 0.0001
Iteration 239 (max 500)
   eps = 0.002693 >= 0.0001
Iteration 240 (max 500)
   eps = 0.002655 >= 0.0001
Iteration 241 (max 500)
   eps = 0.002621 >= 0.0001
Iteration 242 (max 500)
   eps = 0.002583 >= 0.0001
Iteration 243 (max 500)
   eps = 0.002542 >= 0.0001
Iteration 244 (max 500)
   eps = 0.0025 >= 0.0001
Iteration 245 (max 500)
   eps = 0.002465 >= 0.0001
Iteration 246 (max 500)
   eps = 0.002429 >= 0.0001
Iteration 247 (max 500)
   eps = 0.002391 >= 0.0001
Iteration 248 (max 500)
   eps = 0.002355 >= 0.0001
Iteration 249 (max 500)
   eps = 0.00232 >= 0.0001
Iteration 250 (max 500)
   eps = 0.002285 >= 0.0001
Iteration 251 (max 500)
   eps = 0.002252 >= 0.0001
Iteration 252 (max 500)
   eps = 0.002216 >= 0.0001
Iteration 253 (max 500)
   eps = 0.002181 >= 0.0001
Iteration 254 (max 500)
   eps = 0.002151 >= 0.0001
Iteration 255 (max 500)
   eps = 0.002125 >= 0.0001
Iteration 256 (max 500)
   eps = 0.0021 >= 0.0001
Iteration 257 (max 500)
   eps = 0.002067 >= 0.0001
Iteration 258 (max 500)
   eps = 0.002033 >= 0.0001
Iteration 259 (max 500)
   eps = 0.002003 >= 0.0001
Iteration 260 (max 500)
   eps = 0.001973 >= 0.0001
Iteration 261 (max 500)
   eps = 0.001943 >= 0.0001
Iteration 262 (max 500)
   eps = 0.001913 >= 0.0001
Iteration 263 (max 500)
   eps = 0.001883 >= 0.0001
Iteration 264 (max 500)
   eps = 0.001849 >= 0.0001
Iteration 265 (max 500)
   eps = 0.001818 >= 0.0001
Iteration 266 (max 500)
   eps = 0.001791 >= 0.0001
Iteration 267 (max 500)
   eps = 0.001765 >= 0.0001
Iteration 268 (max 500)
   eps = 0.001741 >= 0.0001
Iteration 269 (max 500)
   eps = 0.001716 >= 0.0001
Iteration 270 (max 500)
   eps = 0.001694 >= 0.0001
Iteration 271 (max 500)
   eps = 0.001671 >= 0.0001
Iteration 272 (max 500)
   eps = 0.001646 >= 0.0001
Iteration 273 (max 500)
   eps = 0.001622 >= 0.0001
Iteration 274 (max 500)
   eps = 0.001599 >= 0.0001
Iteration 275 (max 500)
   eps = 0.001577 >= 0.0001
Iteration 276 (max 500)
   eps = 0.001552 >= 0.0001
Iteration 277 (max 500)
   eps = 0.001526 >= 0.0001
Iteration 278 (max 500)
   eps = 0.001502 >= 0.0001
Iteration 279 (max 500)
   eps = 0.001478 >= 0.0001
Iteration 280 (max 500)
   eps = 0.001456 >= 0.0001
Iteration 281 (max 500)
   eps = 0.001436 >= 0.0001
Iteration 282 (max 500)
   eps = 0.001416 >= 0.0001
Iteration 283 (max 500)
   eps = 0.001399 >= 0.0001
Iteration 284 (max 500)
   eps = 0.001377 >= 0.0001
Iteration 285 (max 500)
   eps = 0.001355 >= 0.0001
Iteration 286 (max 500)
   eps = 0.001332 >= 0.0001
Iteration 287 (max 500)
   eps = 0.001308 >= 0.0001
Iteration 288 (max 500)
   eps = 0.001287 >= 0.0001
Iteration 289 (max 500)
   eps = 0.001264 >= 0.0001
Iteration 290 (max 500)
   eps = 0.001244 >= 0.0001
Iteration 291 (max 500)
   eps = 0.001222 >= 0.0001
Iteration 292 (max 500)
   eps = 0.001202 >= 0.0001
Iteration 293 (max 500)
   eps = 0.001183 >= 0.0001
Iteration 294 (max 500)
   eps = 0.001163 >= 0.0001
Iteration 295 (max 500)
   eps = 0.001144 >= 0.0001
Iteration 296 (max 500)
   eps = 0.001124 >= 0.0001
Iteration 297 (max 500)
   eps = 0.001107 >= 0.0001
Iteration 298 (max 500)
   eps = 0.001091 >= 0.0001
Iteration 299 (max 500)
   eps = 0.001074 >= 0.0001
Iteration 300 (max 500)
   eps = 0.001058 >= 0.0001
Iteration 301 (max 500)
   eps = 0.001042 >= 0.0001
Iteration 302 (max 500)
   eps = 0.001026 >= 0.0001
Iteration 303 (max 500)
   eps = 0.001011 >= 0.0001
Iteration 304 (max 500)
   eps = 0.000994 >= 0.0001
Iteration 305 (max 500)
   eps = 0.000978 >= 0.0001
Iteration 306 (max 500)
   eps = 0.000963 >= 0.0001
Iteration 307 (max 500)
   eps = 0.000947 >= 0.0001
Iteration 308 (max 500)
   eps = 0.000931 >= 0.0001
Iteration 309 (max 500)
   eps = 0.000917 >= 0.0001
Iteration 310 (max 500)
   eps = 0.000904 >= 0.0001
Iteration 311 (max 500)
   eps = 0.00089 >= 0.0001
Iteration 312 (max 500)
   eps = 0.000877 >= 0.0001
Iteration 313 (max 500)
   eps = 0.000863 >= 0.0001
Iteration 314 (max 500)
   eps = 0.000848 >= 0.0001
Iteration 315 (max 500)
   eps = 0.000835 >= 0.0001
Iteration 316 (max 500)
   eps = 0.000822 >= 0.0001
Iteration 317 (max 500)
   eps = 0.000809 >= 0.0001
Iteration 318 (max 500)
   eps = 0.000796 >= 0.0001
Iteration 319 (max 500)
   eps = 0.000784 >= 0.0001
Iteration 320 (max 500)
   eps = 0.000772 >= 0.0001
Iteration 321 (max 500)
   eps = 0.000761 >= 0.0001
Iteration 322 (max 500)
   eps = 0.000749 >= 0.0001
Iteration 323 (max 500)
   eps = 0.000739 >= 0.0001
Iteration 324 (max 500)
   eps = 0.000728 >= 0.0001
Iteration 325 (max 500)
   eps = 0.000718 >= 0.0001
Iteration 326 (max 500)
   eps = 0.000706 >= 0.0001
Iteration 327 (max 500)
   eps = 0.000695 >= 0.0001
Iteration 328 (max 500)
   eps = 0.000683 >= 0.0001
Iteration 329 (max 500)
   eps = 0.000672 >= 0.0001
Iteration 330 (max 500)
   eps = 0.000661 >= 0.0001
Iteration 331 (max 500)
   eps = 0.00065 >= 0.0001
Iteration 332 (max 500)
   eps = 0.00064 >= 0.0001
Iteration 333 (max 500)
   eps = 0.000631 >= 0.0001
Iteration 334 (max 500)
   eps = 0.000621 >= 0.0001
Iteration 335 (max 500)
   eps = 0.000611 >= 0.0001
Iteration 336 (max 500)
   eps = 0.000601 >= 0.0001
Iteration 337 (max 500)
   eps = 0.000591 >= 0.0001
Iteration 338 (max 500)
   eps = 0.000581 >= 0.0001
Iteration 339 (max 500)
   eps = 0.000572 >= 0.0001
Iteration 340 (max 500)
   eps = 0.000563 >= 0.0001
Iteration 341 (max 500)
   eps = 0.000554 >= 0.0001
Iteration 342 (max 500)
   eps = 0.000545 >= 0.0001
Iteration 343 (max 500)
   eps = 0.000536 >= 0.0001
Iteration 344 (max 500)
   eps = 0.000527 >= 0.0001
Iteration 345 (max 500)
   eps = 0.000519 >= 0.0001
Iteration 346 (max 500)
   eps = 0.000511 >= 0.0001
Iteration 347 (max 500)
   eps = 0.000502 >= 0.0001
Iteration 348 (max 500)
   eps = 0.000494 >= 0.0001
Iteration 349 (max 500)
   eps = 0.000487 >= 0.0001
Iteration 350 (max 500)
   eps = 0.00048 >= 0.0001
Iteration 351 (max 500)
   eps = 0.000473 >= 0.0001
Iteration 352 (max 500)
   eps = 0.000466 >= 0.0001
Iteration 353 (max 500)
   eps = 0.000458 >= 0.0001
Iteration 354 (max 500)
   eps = 0.00045 >= 0.0001
Iteration 355 (max 500)
   eps = 0.000444 >= 0.0001
Iteration 356 (max 500)
   eps = 0.000437 >= 0.0001
Iteration 357 (max 500)
   eps = 0.000431 >= 0.0001
Iteration 358 (max 500)
   eps = 0.000424 >= 0.0001
Iteration 359 (max 500)
   eps = 0.000417 >= 0.0001
Iteration 360 (max 500)
   eps = 0.000411 >= 0.0001
Iteration 361 (max 500)
   eps = 0.000403 >= 0.0001
Iteration 362 (max 500)
   eps = 0.000396 >= 0.0001
Iteration 363 (max 500)
   eps = 0.000389 >= 0.0001
Iteration 364 (max 500)
   eps = 0.000382 >= 0.0001
Iteration 365 (max 500)
   eps = 0.000376 >= 0.0001
Iteration 366 (max 500)
   eps = 0.00037 >= 0.0001
Iteration 367 (max 500)
   eps = 0.000363 >= 0.0001
Iteration 368 (max 500)
   eps = 0.000357 >= 0.0001
Iteration 369 (max 500)
   eps = 0.000351 >= 0.0001
Iteration 370 (max 500)
   eps = 0.000345 >= 0.0001
Iteration 371 (max 500)
   eps = 0.00034 >= 0.0001
Iteration 372 (max 500)
   eps = 0.000335 >= 0.0001
Iteration 373 (max 500)
   eps = 0.000329 >= 0.0001
Iteration 374 (max 500)
   eps = 0.000324 >= 0.0001
Iteration 375 (max 500)
   eps = 0.000318 >= 0.0001
Iteration 376 (max 500)
   eps = 0.000312 >= 0.0001
Iteration 377 (max 500)
   eps = 0.000305 >= 0.0001
Iteration 378 (max 500)
   eps = 0.000299 >= 0.0001
Iteration 379 (max 500)
   eps = 0.000294 >= 0.0001
Iteration 380 (max 500)
   eps = 0.000289 >= 0.0001
Iteration 381 (max 500)
   eps = 0.000285 >= 0.0001
Iteration 382 (max 500)
   eps = 0.000281 >= 0.0001
Iteration 383 (max 500)
   eps = 0.000277 >= 0.0001
Iteration 384 (max 500)
   eps = 0.000272 >= 0.0001
Iteration 385 (max 500)
   eps = 0.000268 >= 0.0001
Iteration 386 (max 500)
   eps = 0.000263 >= 0.0001
Iteration 387 (max 500)
   eps = 0.000258 >= 0.0001
Iteration 388 (max 500)
   eps = 0.000254 >= 0.0001
Iteration 389 (max 500)
   eps = 0.00025 >= 0.0001
Iteration 390 (max 500)
   eps = 0.000246 >= 0.0001
Iteration 391 (max 500)
   eps = 0.000242 >= 0.0001
Iteration 392 (max 500)
   eps = 0.000238 >= 0.0001
Iteration 393 (max 500)
   eps = 0.000234 >= 0.0001
Iteration 394 (max 500)
   eps = 0.00023 >= 0.0001
Iteration 395 (max 500)
   eps = 0.000226 >= 0.0001
Iteration 396 (max 500)
   eps = 0.000222 >= 0.0001
Iteration 397 (max 500)
   eps = 0.000219 >= 0.0001
Iteration 398 (max 500)
   eps = 0.000215 >= 0.0001
Iteration 399 (max 500)
   eps = 0.000211 >= 0.0001
Iteration 400 (max 500)
   eps = 0.000207 >= 0.0001
Iteration 401 (max 500)
   eps = 0.000204 >= 0.0001
Iteration 402 (max 500)
   eps = 0.0002 >= 0.0001
Iteration 403 (max 500)
   eps = 0.000197 >= 0.0001
Iteration 404 (max 500)
   eps = 0.000194 >= 0.0001
Iteration 405 (max 500)
   eps = 0.000191 >= 0.0001
Iteration 406 (max 500)
   eps = 0.000187 >= 0.0001
Iteration 407 (max 500)
   eps = 0.000184 >= 0.0001
Iteration 408 (max 500)
   eps = 0.000181 >= 0.0001
Iteration 409 (max 500)
   eps = 0.000178 >= 0.0001
Iteration 410 (max 500)
   eps = 0.000175 >= 0.0001
Iteration 411 (max 500)
   eps = 0.000172 >= 0.0001
Iteration 412 (max 500)
   eps = 0.000169 >= 0.0001
Iteration 413 (max 500)
   eps = 0.000166 >= 0.0001
Iteration 414 (max 500)
   eps = 0.000163 >= 0.0001
Iteration 415 (max 500)
   eps = 0.00016 >= 0.0001
Iteration 416 (max 500)
   eps = 0.000158 >= 0.0001
Iteration 417 (max 500)
   eps = 0.000156 >= 0.0001
Iteration 418 (max 500)
   eps = 0.000153 >= 0.0001
Iteration 419 (max 500)
   eps = 0.000151 >= 0.0001
Iteration 420 (max 500)
   eps = 0.000148 >= 0.0001
Iteration 421 (max 500)
   eps = 0.000145 >= 0.0001
Iteration 422 (max 500)
   eps = 0.000143 >= 0.0001
Iteration 423 (max 500)
   eps = 0.00014 >= 0.0001
Iteration 424 (max 500)
   eps = 0.000138 >= 0.0001
Iteration 425 (max 500)
   eps = 0.000136 >= 0.0001
Iteration 426 (max 500)
   eps = 0.000134 >= 0.0001
Iteration 427 (max 500)
   eps = 0.000132 >= 0.0001
Iteration 428 (max 500)
   eps = 0.00013 >= 0.0001
Iteration 429 (max 500)
   eps = 0.000128 >= 0.0001
Iteration 430 (max 500)
   eps = 0.000127 >= 0.0001
Iteration 431 (max 500)
   eps = 0.000125 >= 0.0001
Iteration 432 (max 500)
   eps = 0.000122 >= 0.0001
Iteration 433 (max 500)
   eps = 0.00012 >= 0.0001
Iteration 434 (max 500)
   eps = 0.000117 >= 0.0001
Iteration 435 (max 500)
   eps = 0.000115 >= 0.0001
Iteration 436 (max 500)
   eps = 0.000113 >= 0.0001
Iteration 437 (max 500)
   eps = 0.000111 >= 0.0001
Iteration 438 (max 500)
   eps = 0.00011 >= 0.0001
Iteration 439 (max 500)
   eps = 0.000108 >= 0.0001
Iteration 440 (max 500)
   eps = 0.000106 >= 0.0001
Iteration 441 (max 500)
   eps = 0.000104 >= 0.0001
Iteration 442 (max 500)
   eps = 0.000102 >= 0.0001
Iteration 443 (max 500)
Time spent by the wind speed solver: 165.4516179561615 s
Rotates geometries from -45.0 degrees
Interp succeeded!!! for tmp_file
Interp succeeded!!! for tmp_file
Interp succeeded!!! for tmp_file
Interp succeeded!!! for tmp_file
Interp succeeded!!! for tmp_file
Interp succeeded!!! for tmp_file
Process 3995991: Successfully ran URock for tile output 'wind_field_raw_tile_8'.
Process 3995991: Elapsed time for URock ('wind_field_raw_tile_8'): 537.27 seconds.
[Master] Process 3995991 - Tile 8: Finished processing.
[Master] 3995991: exit signal
Info: Debuffered '/storage/project/r-rbasu31-0/hyu483/Test_UMEP/UROCK_output_35_spawn/temp_intermediate_files/tile_8_urock_raw_outputs/z1_5/wind_field_raw_tile_8WS.tif' to '/storage/project/r-rbasu31-0/hyu483/Test_UMEP/UROCK_output_35_spawn/urock_tiled_output/urock_wind_field_tile_8WS.tif' (original extent: (233782.59099838723, 902132.4833440109, 233982.59099838723, 902332.4833440109)).
Connecting to database
	->/tmp/URock_2025-12-21T1808391c02cbe5-879c-4ad2-8595-dfbe9cb66259/myDbH2
/storage/home/hcoda1/4/hyu483/qgis_332/profiles/default/python/plugins/processing_umep/functions/URock/h2gis-standalone/h2gis-dist-2.2.3.jar
Connected!

Spatial functions added!

Load input data
Load table 'build_pre_srid_20251221180847'
Load table 'veg_pre_srid_20251221180847'
Creates blocks and stacked blocks
Rotates geometries from 45.0 degrees
Identify block base height and block cavity base
Calculates obstacle properties
Calculates zone properties
Initializes upwind facades
Update upwind facades base height
Initializes downwind facades
Calculates study area properties
Roughness zone properties are:

                                 - z0: 2.9169778535612267
                                 - d: 13.727407272487834
                                 - Hr: 19.446519023741512
                                 - H_ob_max: 136
                                 - lambda_f: 0.16687323000049048
Rotates geometries from -45.0 degrees
Rotates geometries from -45.0 degrees
Rotates geometries from -45.0 degrees
Creates displacement zones
Rotates geometries from -45.0 degrees
Rotates geometries from -45.0 degrees
Creates cavity and wake zones
Rotates geometries from -45.0 degrees
Rotates geometries from -45.0 degrees
Creates street canyon zones
Rotates geometries from -45.0 degrees
Creates rooftop zones (perpendicular and corner)
Rotates geometries from -45.0 degrees
Rotates geometries from -45.0 degrees
Creates built-up and open vegetation zones
Rotates geometries from -45.0 degrees
Rotates geometries from -45.0 degrees
Identify the buildings concerned by the impacted zone chosen by the user
Creates the grid of points
Affects each grid point to a building Rockle zone and calculates needed 
          variables for 3D wind speed
Affects each grid point to a vegetation Rockle zone and calculates 
          needed variables for 3D wind speed
Remove some of the Röckle zone points
Creates backward zones
Calculates the 3D wind speed factor value for each point of each BUILDING zone
Rotates geometries from -45.0 degrees
Rotates geometries from -45.0 degrees
Rotates geometries from -45.0 degrees
Rotates geometries from -45.0 degrees
Rotates geometries from -45.0 degrees
Rotates geometries from -45.0 degrees
Rotates geometries from -45.0 degrees
Rotates geometries from -45.0 degrees
Rotates geometries from -45.0 degrees
Calculates the 3D wind speed factor value for each point of each VEGETATION zone
Rotates geometries from -45.0 degrees
Deals with superimposition (keeps only 1 value per 3D point)
Deals with superimposition (keeps only 1 value per 3D point)
Identify upstreamer points in TEMPO_WEIGHTING table
Identify upstreamer points in TEMPO_PRIORITIES table
Identify upstreamer points in TEMPO_PRIORITIES_WEIGHT table
Deals with superimposition (keeps only 1 value per 3D point)
Identify upstreamer points in TEMPO_WEIGHTING table
Identify upstreamer points in TEMPO_PRIORITIES table
Identify upstreamer points in TEMPO_PRIORITIES_WEIGHT table
Rotates geometries from -45.0 degrees
Identify grid points intersecting buildings
Set the initial 3D wind speed field
Time spent for wind speed initialization: 297.0420825481415 s
Shape: (248, 312, 60) - Nb cells: 4642560
Start to apply the wind solver
Iteration 1 (max 500)
   eps = 0.779159 >= 0.0001
Iteration 2 (max 500)
   eps = 0.452386 >= 0.0001
Iteration 3 (max 500)
   eps = 0.328635 >= 0.0001
Iteration 4 (max 500)
   eps = 0.260317 >= 0.0001
Iteration 5 (max 500)
   eps = 0.214094 >= 0.0001
Iteration 6 (max 500)
   eps = 0.18288 >= 0.0001
Iteration 7 (max 500)
   eps = 0.159418 >= 0.0001
Iteration 8 (max 500)
   eps = 0.141253 >= 0.0001
Iteration 9 (max 500)
   eps = 0.126683 >= 0.0001
Iteration 10 (max 500)
   eps = 0.114102 >= 0.0001
Iteration 11 (max 500)
   eps = 0.103578 >= 0.0001
Iteration 12 (max 500)
   eps = 0.094649 >= 0.0001
Iteration 13 (max 500)
   eps = 0.086898 >= 0.0001
Iteration 14 (max 500)
   eps = 0.080072 >= 0.0001
Iteration 15 (max 500)
   eps = 0.074122 >= 0.0001
Iteration 16 (max 500)
   eps = 0.068951 >= 0.0001
Iteration 17 (max 500)
   eps = 0.064369 >= 0.0001
Iteration 18 (max 500)
   eps = 0.060303 >= 0.0001
Iteration 19 (max 500)
   eps = 0.056707 >= 0.0001
Iteration 20 (max 500)
   eps = 0.053543 >= 0.0001
Iteration 21 (max 500)
   eps = 0.050679 >= 0.0001
Iteration 22 (max 500)
   eps = 0.048148 >= 0.0001
Iteration 23 (max 500)
   eps = 0.04587 >= 0.0001
Iteration 24 (max 500)
   eps = 0.043763 >= 0.0001
Iteration 25 (max 500)
   eps = 0.041803 >= 0.0001
Iteration 26 (max 500)
   eps = 0.040017 >= 0.0001
Iteration 27 (max 500)
   eps = 0.038363 >= 0.0001
Iteration 28 (max 500)
   eps = 0.03691 >= 0.0001
Iteration 29 (max 500)
   eps = 0.03549 >= 0.0001
Iteration 30 (max 500)
   eps = 0.03416 >= 0.0001
Iteration 31 (max 500)
   eps = 0.032878 >= 0.0001
Iteration 32 (max 500)
   eps = 0.031665 >= 0.0001
Iteration 33 (max 500)
   eps = 0.030563 >= 0.0001
Iteration 34 (max 500)
   eps = 0.029555 >= 0.0001
Iteration 35 (max 500)
   eps = 0.028552 >= 0.0001
Iteration 36 (max 500)
   eps = 0.027614 >= 0.0001
Iteration 37 (max 500)
   eps = 0.026725 >= 0.0001
Iteration 38 (max 500)
   eps = 0.025866 >= 0.0001
Iteration 39 (max 500)
   eps = 0.02508 >= 0.0001
Iteration 40 (max 500)
   eps = 0.024351 >= 0.0001
Iteration 41 (max 500)
   eps = 0.02367 >= 0.0001
Iteration 42 (max 500)
   eps = 0.023008 >= 0.0001
Iteration 43 (max 500)
   eps = 0.022374 >= 0.0001
Iteration 44 (max 500)
   eps = 0.021762 >= 0.0001
Iteration 45 (max 500)
   eps = 0.021181 >= 0.0001
Iteration 46 (max 500)
   eps = 0.020592 >= 0.0001
Iteration 47 (max 500)
   eps = 0.020029 >= 0.0001
Iteration 48 (max 500)
   eps = 0.019531 >= 0.0001
Iteration 49 (max 500)
   eps = 0.018996 >= 0.0001
Iteration 50 (max 500)
   eps = 0.018538 >= 0.0001
Iteration 51 (max 500)
   eps = 0.018063 >= 0.0001
Iteration 52 (max 500)
   eps = 0.01761 >= 0.0001
Iteration 53 (max 500)
   eps = 0.017204 >= 0.0001
Iteration 54 (max 500)
   eps = 0.01681 >= 0.0001
Iteration 55 (max 500)
   eps = 0.016416 >= 0.0001
Iteration 56 (max 500)
   eps = 0.016027 >= 0.0001
Iteration 57 (max 500)
   eps = 0.015657 >= 0.0001
Iteration 58 (max 500)
   eps = 0.015459 >= 0.0001
Iteration 59 (max 500)
   eps = 0.015019 >= 0.0001
Iteration 60 (max 500)
   eps = 0.014681 >= 0.0001
Iteration 61 (max 500)
   eps = 0.014378 >= 0.0001
Iteration 62 (max 500)
   eps = 0.014076 >= 0.0001
Iteration 63 (max 500)
   eps = 0.013794 >= 0.0001
Iteration 64 (max 500)
   eps = 0.013532 >= 0.0001
Iteration 65 (max 500)
   eps = 0.013281 >= 0.0001
Iteration 66 (max 500)
   eps = 0.013034 >= 0.0001
Iteration 67 (max 500)
   eps = 0.012787 >= 0.0001
Iteration 68 (max 500)
   eps = 0.012546 >= 0.0001
Iteration 69 (max 500)
   eps = 0.012317 >= 0.0001
Iteration 70 (max 500)
   eps = 0.012091 >= 0.0001
Iteration 71 (max 500)
   eps = 0.01187 >= 0.0001
Iteration 72 (max 500)
   eps = 0.011649 >= 0.0001
Iteration 73 (max 500)
   eps = 0.011444 >= 0.0001
Iteration 74 (max 500)
   eps = 0.011245 >= 0.0001
Iteration 75 (max 500)
   eps = 0.011039 >= 0.0001
Iteration 76 (max 500)
   eps = 0.010828 >= 0.0001
Iteration 77 (max 500)
   eps = 0.010614 >= 0.0001
Iteration 78 (max 500)
   eps = 0.010408 >= 0.0001
Iteration 79 (max 500)
   eps = 0.010209 >= 0.0001
Iteration 80 (max 500)
   eps = 0.010024 >= 0.0001
Iteration 81 (max 500)
   eps = 0.009844 >= 0.0001
Iteration 82 (max 500)
   eps = 0.009675 >= 0.0001
Iteration 83 (max 500)
   eps = 0.009507 >= 0.0001
Iteration 84 (max 500)
   eps = 0.009346 >= 0.0001
Iteration 85 (max 500)
   eps = 0.00919 >= 0.0001
Iteration 86 (max 500)
   eps = 0.009046 >= 0.0001
Iteration 87 (max 500)
   eps = 0.008906 >= 0.0001
Iteration 88 (max 500)
   eps = 0.008758 >= 0.0001
Iteration 89 (max 500)
   eps = 0.008615 >= 0.0001
Iteration 90 (max 500)
   eps = 0.008472 >= 0.0001
Iteration 91 (max 500)
   eps = 0.008332 >= 0.0001
Iteration 92 (max 500)
   eps = 0.008199 >= 0.0001
Iteration 93 (max 500)
   eps = 0.008072 >= 0.0001
Iteration 94 (max 500)
   eps = 0.007941 >= 0.0001
Iteration 95 (max 500)
   eps = 0.007814 >= 0.0001
Iteration 96 (max 500)
   eps = 0.007692 >= 0.0001
Iteration 97 (max 500)
   eps = 0.007573 >= 0.0001
Iteration 98 (max 500)
   eps = 0.007454 >= 0.0001
Iteration 99 (max 500)
   eps = 0.007333 >= 0.0001
Iteration 100 (max 500)
   eps = 0.007218 >= 0.0001
Iteration 101 (max 500)
   eps = 0.007106 >= 0.0001
Iteration 102 (max 500)
   eps = 0.006999 >= 0.0001
Iteration 103 (max 500)
   eps = 0.006893 >= 0.0001
Iteration 104 (max 500)
   eps = 0.006789 >= 0.0001
Iteration 105 (max 500)
   eps = 0.006685 >= 0.0001
Iteration 106 (max 500)
   eps = 0.006584 >= 0.0001
Iteration 107 (max 500)
   eps = 0.006486 >= 0.0001
Iteration 108 (max 500)
   eps = 0.006391 >= 0.0001
Iteration 109 (max 500)
   eps = 0.006296 >= 0.0001
Iteration 110 (max 500)
   eps = 0.006205 >= 0.0001
Iteration 111 (max 500)
   eps = 0.006113 >= 0.0001
Iteration 112 (max 500)
   eps = 0.006021 >= 0.0001
Iteration 113 (max 500)
   eps = 0.00593 >= 0.0001
Iteration 114 (max 500)
   eps = 0.005846 >= 0.0001
Iteration 115 (max 500)
   eps = 0.005769 >= 0.0001
Iteration 116 (max 500)
   eps = 0.005692 >= 0.0001
Iteration 117 (max 500)
   eps = 0.005618 >= 0.0001
Iteration 118 (max 500)
   eps = 0.005542 >= 0.0001
Iteration 119 (max 500)
   eps = 0.00547 >= 0.0001
Iteration 120 (max 500)
   eps = 0.005399 >= 0.0001
Iteration 121 (max 500)
   eps = 0.005327 >= 0.0001
Iteration 122 (max 500)
   eps = 0.005252 >= 0.0001
Iteration 123 (max 500)
   eps = 0.00518 >= 0.0001
Iteration 124 (max 500)
   eps = 0.005105 >= 0.0001
Iteration 125 (max 500)
   eps = 0.005031 >= 0.0001
Iteration 126 (max 500)
   eps = 0.004955 >= 0.0001
Iteration 127 (max 500)
   eps = 0.00488 >= 0.0001
Iteration 128 (max 500)
   eps = 0.004804 >= 0.0001
Iteration 129 (max 500)
   eps = 0.004726 >= 0.0001
Iteration 130 (max 500)
   eps = 0.004646 >= 0.0001
Iteration 131 (max 500)
   eps = 0.004562 >= 0.0001
Iteration 132 (max 500)
   eps = 0.004481 >= 0.0001
Iteration 133 (max 500)
   eps = 0.004406 >= 0.0001
Iteration 134 (max 500)
   eps = 0.004336 >= 0.0001
Iteration 135 (max 500)
   eps = 0.004273 >= 0.0001
Iteration 136 (max 500)
   eps = 0.004207 >= 0.0001
Iteration 137 (max 500)
   eps = 0.004141 >= 0.0001
Iteration 138 (max 500)
   eps = 0.004074 >= 0.0001
Iteration 139 (max 500)
   eps = 0.004012 >= 0.0001
Iteration 140 (max 500)
   eps = 0.003952 >= 0.0001
Iteration 141 (max 500)
   eps = 0.00389 >= 0.0001
Iteration 142 (max 500)
   eps = 0.003832 >= 0.0001
Iteration 143 (max 500)
   eps = 0.003773 >= 0.0001
Iteration 144 (max 500)
   eps = 0.003716 >= 0.0001
Iteration 145 (max 500)
   eps = 0.003658 >= 0.0001
Iteration 146 (max 500)
   eps = 0.003604 >= 0.0001
Iteration 147 (max 500)
   eps = 0.003551 >= 0.0001
Iteration 148 (max 500)
   eps = 0.003498 >= 0.0001
Iteration 149 (max 500)
   eps = 0.003443 >= 0.0001
Iteration 150 (max 500)
   eps = 0.003391 >= 0.0001
Iteration 151 (max 500)
   eps = 0.003338 >= 0.0001
Iteration 152 (max 500)
   eps = 0.003283 >= 0.0001
Iteration 153 (max 500)
   eps = 0.003232 >= 0.0001
Iteration 154 (max 500)
   eps = 0.003182 >= 0.0001
Iteration 155 (max 500)
   eps = 0.003133 >= 0.0001
Iteration 156 (max 500)
   eps = 0.003087 >= 0.0001
Iteration 157 (max 500)
   eps = 0.003037 >= 0.0001
Iteration 158 (max 500)
   eps = 0.002991 >= 0.0001
Iteration 159 (max 500)
   eps = 0.002947 >= 0.0001
Iteration 160 (max 500)
   eps = 0.002903 >= 0.0001
Iteration 161 (max 500)
   eps = 0.002862 >= 0.0001
Iteration 162 (max 500)
   eps = 0.002819 >= 0.0001
Iteration 163 (max 500)
   eps = 0.002777 >= 0.0001
Iteration 164 (max 500)
   eps = 0.002734 >= 0.0001
Iteration 165 (max 500)
   eps = 0.002694 >= 0.0001
Iteration 166 (max 500)
   eps = 0.002654 >= 0.0001
Iteration 167 (max 500)
   eps = 0.002615 >= 0.0001
Iteration 168 (max 500)
   eps = 0.002572 >= 0.0001
Iteration 169 (max 500)
   eps = 0.002533 >= 0.0001
Iteration 170 (max 500)
   eps = 0.002494 >= 0.0001
Iteration 171 (max 500)
   eps = 0.002457 >= 0.0001
Iteration 172 (max 500)
   eps = 0.002424 >= 0.0001
Iteration 173 (max 500)
   eps = 0.002387 >= 0.0001
Iteration 174 (max 500)
   eps = 0.002348 >= 0.0001
Iteration 175 (max 500)
   eps = 0.002312 >= 0.0001
Iteration 176 (max 500)
   eps = 0.002274 >= 0.0001
Iteration 177 (max 500)
   eps = 0.002238 >= 0.0001
Iteration 178 (max 500)
   eps = 0.002204 >= 0.0001
Iteration 179 (max 500)
   eps = 0.00217 >= 0.0001
Iteration 180 (max 500)
   eps = 0.002137 >= 0.0001
Iteration 181 (max 500)
   eps = 0.002102 >= 0.0001
Iteration 182 (max 500)
   eps = 0.002068 >= 0.0001
Iteration 183 (max 500)
   eps = 0.002033 >= 0.0001
Iteration 184 (max 500)
   eps = 0.001999 >= 0.0001
Iteration 185 (max 500)
   eps = 0.001964 >= 0.0001
Iteration 186 (max 500)
   eps = 0.001928 >= 0.0001
Iteration 187 (max 500)
   eps = 0.001895 >= 0.0001
Iteration 188 (max 500)
   eps = 0.001862 >= 0.0001
Iteration 189 (max 500)
   eps = 0.001831 >= 0.0001
Iteration 190 (max 500)
   eps = 0.001798 >= 0.0001
Iteration 191 (max 500)
   eps = 0.001767 >= 0.0001
Iteration 192 (max 500)
   eps = 0.001733 >= 0.0001
Iteration 193 (max 500)
   eps = 0.001703 >= 0.0001
Iteration 194 (max 500)
   eps = 0.001674 >= 0.0001
Iteration 195 (max 500)
   eps = 0.001648 >= 0.0001
Iteration 196 (max 500)
   eps = 0.00162 >= 0.0001
Iteration 197 (max 500)
   eps = 0.001592 >= 0.0001
Iteration 198 (max 500)
   eps = 0.001561 >= 0.0001
Iteration 199 (max 500)
   eps = 0.001533 >= 0.0001
Iteration 200 (max 500)
   eps = 0.001504 >= 0.0001
Iteration 201 (max 500)
   eps = 0.001478 >= 0.0001
Iteration 202 (max 500)
   eps = 0.001451 >= 0.0001
Iteration 203 (max 500)
   eps = 0.001428 >= 0.0001
Iteration 204 (max 500)
   eps = 0.001406 >= 0.0001
Iteration 205 (max 500)
   eps = 0.001382 >= 0.0001
Iteration 206 (max 500)
   eps = 0.001357 >= 0.0001
Iteration 207 (max 500)
   eps = 0.001333 >= 0.0001
Iteration 208 (max 500)
   eps = 0.001307 >= 0.0001
Iteration 209 (max 500)
   eps = 0.001284 >= 0.0001
Iteration 210 (max 500)
   eps = 0.001261 >= 0.0001
Iteration 211 (max 500)
   eps = 0.001238 >= 0.0001
Iteration 212 (max 500)
   eps = 0.001217 >= 0.0001
Iteration 213 (max 500)
   eps = 0.001199 >= 0.0001
Iteration 214 (max 500)
   eps = 0.001183 >= 0.0001
Iteration 215 (max 500)
   eps = 0.001168 >= 0.0001
Iteration 216 (max 500)
   eps = 0.001154 >= 0.0001
Iteration 217 (max 500)
   eps = 0.001142 >= 0.0001
Iteration 218 (max 500)
   eps = 0.001135 >= 0.0001
Iteration 219 (max 500)
   eps = 0.001096 >= 0.0001
Iteration 220 (max 500)
   eps = 0.001078 >= 0.0001
Iteration 221 (max 500)
   eps = 0.001055 >= 0.0001
Iteration 222 (max 500)
   eps = 0.001037 >= 0.0001
Iteration 223 (max 500)
   eps = 0.001019 >= 0.0001
Iteration 224 (max 500)
   eps = 0.001003 >= 0.0001
Iteration 225 (max 500)
   eps = 0.000988 >= 0.0001
Iteration 226 (max 500)
   eps = 0.000972 >= 0.0001
Iteration 227 (max 500)
   eps = 0.000956 >= 0.0001
Iteration 228 (max 500)
   eps = 0.000942 >= 0.0001
Iteration 229 (max 500)
   eps = 0.000926 >= 0.0001
Iteration 230 (max 500)
   eps = 0.000909 >= 0.0001
Iteration 231 (max 500)
   eps = 0.000893 >= 0.0001
Iteration 232 (max 500)
   eps = 0.000878 >= 0.0001
Iteration 233 (max 500)
   eps = 0.000863 >= 0.0001
Iteration 234 (max 500)
   eps = 0.000849 >= 0.0001
Iteration 235 (max 500)
   eps = 0.000833 >= 0.0001
Iteration 236 (max 500)
   eps = 0.000818 >= 0.0001
Iteration 237 (max 500)
   eps = 0.000802 >= 0.0001
Iteration 238 (max 500)
   eps = 0.00079 >= 0.0001
Iteration 239 (max 500)
   eps = 0.000777 >= 0.0001
Iteration 240 (max 500)
   eps = 0.000763 >= 0.0001
Iteration 241 (max 500)
   eps = 0.000749 >= 0.0001
Iteration 242 (max 500)
   eps = 0.000734 >= 0.0001
Iteration 243 (max 500)
   eps = 0.00072 >= 0.0001
Iteration 244 (max 500)
   eps = 0.000708 >= 0.0001
Iteration 245 (max 500)
   eps = 0.000697 >= 0.0001
Iteration 246 (max 500)
   eps = 0.000686 >= 0.0001
Iteration 247 (max 500)
   eps = 0.000676 >= 0.0001
Iteration 248 (max 500)
   eps = 0.000667 >= 0.0001
Iteration 249 (max 500)
   eps = 0.000657 >= 0.0001
Iteration 250 (max 500)
   eps = 0.000649 >= 0.0001
Iteration 251 (max 500)
   eps = 0.00064 >= 0.0001
Iteration 252 (max 500)
   eps = 0.00063 >= 0.0001
Iteration 253 (max 500)
   eps = 0.000619 >= 0.0001
Iteration 254 (max 500)
   eps = 0.00061 >= 0.0001
Iteration 255 (max 500)
   eps = 0.000601 >= 0.0001
Iteration 256 (max 500)
   eps = 0.000593 >= 0.0001
Iteration 257 (max 500)
   eps = 0.000584 >= 0.0001
Iteration 258 (max 500)
   eps = 0.000573 >= 0.0001
Iteration 259 (max 500)
   eps = 0.000564 >= 0.0001
Iteration 260 (max 500)
   eps = 0.000554 >= 0.0001
Iteration 261 (max 500)
   eps = 0.000546 >= 0.0001
Iteration 262 (max 500)
   eps = 0.000536 >= 0.0001
Iteration 263 (max 500)
   eps = 0.000527 >= 0.0001
Iteration 264 (max 500)
   eps = 0.000516 >= 0.0001
Iteration 265 (max 500)
   eps = 0.000506 >= 0.0001
Iteration 266 (max 500)
   eps = 0.000496 >= 0.0001
Iteration 267 (max 500)
   eps = 0.000487 >= 0.0001
Iteration 268 (max 500)
   eps = 0.000478 >= 0.0001
Iteration 269 (max 500)
   eps = 0.000469 >= 0.0001
Iteration 270 (max 500)
   eps = 0.00046 >= 0.0001
Iteration 271 (max 500)
   eps = 0.000451 >= 0.0001
Iteration 272 (max 500)
   eps = 0.000442 >= 0.0001
Iteration 273 (max 500)
   eps = 0.000435 >= 0.0001
Iteration 274 (max 500)
   eps = 0.000425 >= 0.0001
Iteration 275 (max 500)
   eps = 0.000416 >= 0.0001
Iteration 276 (max 500)
   eps = 0.000408 >= 0.0001
Iteration 277 (max 500)
   eps = 0.000401 >= 0.0001
Iteration 278 (max 500)
   eps = 0.000393 >= 0.0001
Iteration 279 (max 500)
   eps = 0.000386 >= 0.0001
Iteration 280 (max 500)
   eps = 0.000378 >= 0.0001
Iteration 281 (max 500)
   eps = 0.000372 >= 0.0001
Iteration 282 (max 500)
   eps = 0.000366 >= 0.0001
Iteration 283 (max 500)
   eps = 0.000361 >= 0.0001
Iteration 284 (max 500)
   eps = 0.000355 >= 0.0001
Iteration 285 (max 500)
   eps = 0.000348 >= 0.0001
Iteration 286 (max 500)
   eps = 0.000342 >= 0.0001
Iteration 287 (max 500)
   eps = 0.000336 >= 0.0001
Iteration 288 (max 500)
   eps = 0.000332 >= 0.0001
Iteration 289 (max 500)
   eps = 0.000327 >= 0.0001
Iteration 290 (max 500)
   eps = 0.000322 >= 0.0001
Iteration 291 (max 500)
   eps = 0.000316 >= 0.0001
Iteration 292 (max 500)
   eps = 0.000311 >= 0.0001
Iteration 293 (max 500)
   eps = 0.000306 >= 0.0001
Iteration 294 (max 500)
   eps = 0.000301 >= 0.0001
Iteration 295 (max 500)
   eps = 0.000297 >= 0.0001
Iteration 296 (max 500)
   eps = 0.000292 >= 0.0001
Iteration 297 (max 500)
   eps = 0.000286 >= 0.0001
Iteration 298 (max 500)
   eps = 0.000282 >= 0.0001
Iteration 299 (max 500)
   eps = 0.000277 >= 0.0001
Iteration 300 (max 500)
   eps = 0.000273 >= 0.0001
Iteration 301 (max 500)
   eps = 0.000268 >= 0.0001
Iteration 302 (max 500)
   eps = 0.000264 >= 0.0001
Iteration 303 (max 500)
   eps = 0.000259 >= 0.0001
Iteration 304 (max 500)
   eps = 0.000254 >= 0.0001
Iteration 305 (max 500)
   eps = 0.00025 >= 0.0001
Iteration 306 (max 500)
   eps = 0.000245 >= 0.0001
Iteration 307 (max 500)
   eps = 0.00024 >= 0.0001
Iteration 308 (max 500)
   eps = 0.000236 >= 0.0001
Iteration 309 (max 500)
   eps = 0.000231 >= 0.0001
Iteration 310 (max 500)
   eps = 0.000227 >= 0.0001
Iteration 311 (max 500)
   eps = 0.000223 >= 0.0001
Iteration 312 (max 500)
   eps = 0.000218 >= 0.0001
Iteration 313 (max 500)
   eps = 0.000215 >= 0.0001
Iteration 314 (max 500)
   eps = 0.000211 >= 0.0001
Iteration 315 (max 500)
   eps = 0.000207 >= 0.0001
Iteration 316 (max 500)
   eps = 0.000203 >= 0.0001
Iteration 317 (max 500)
   eps = 0.000199 >= 0.0001
Iteration 318 (max 500)
   eps = 0.000195 >= 0.0001
Iteration 319 (max 500)
   eps = 0.000191 >= 0.0001
Iteration 320 (max 500)
   eps = 0.000187 >= 0.0001
Iteration 321 (max 500)
   eps = 0.000183 >= 0.0001
Iteration 322 (max 500)
   eps = 0.00018 >= 0.0001
Iteration 323 (max 500)
   eps = 0.000176 >= 0.0001
Iteration 324 (max 500)
   eps = 0.000173 >= 0.0001
Iteration 325 (max 500)
   eps = 0.000169 >= 0.0001
Iteration 326 (max 500)
   eps = 0.000166 >= 0.0001
Iteration 327 (max 500)
   eps = 0.000162 >= 0.0001
Iteration 328 (max 500)
   eps = 0.000159 >= 0.0001
Iteration 329 (max 500)
   eps = 0.000156 >= 0.0001
Iteration 330 (max 500)
   eps = 0.000153 >= 0.0001
Iteration 331 (max 500)
   eps = 0.00015 >= 0.0001
Iteration 332 (max 500)
   eps = 0.000147 >= 0.0001
Iteration 333 (max 500)
   eps = 0.000144 >= 0.0001
Iteration 334 (max 500)
   eps = 0.000142 >= 0.0001
Iteration 335 (max 500)
   eps = 0.000139 >= 0.0001
Iteration 336 (max 500)
   eps = 0.000137 >= 0.0001
Iteration 337 (max 500)
   eps = 0.000134 >= 0.0001
Iteration 338 (max 500)
   eps = 0.000132 >= 0.0001
Iteration 339 (max 500)
   eps = 0.000129 >= 0.0001
Iteration 340 (max 500)
   eps = 0.000127 >= 0.0001
Iteration 341 (max 500)
   eps = 0.000124 >= 0.0001
Iteration 342 (max 500)
   eps = 0.000122 >= 0.0001
Iteration 343 (max 500)
   eps = 0.00012 >= 0.0001
Iteration 344 (max 500)
   eps = 0.000117 >= 0.0001
Iteration 345 (max 500)
   eps = 0.000115 >= 0.0001
Iteration 346 (max 500)
   eps = 0.000113 >= 0.0001
Iteration 347 (max 500)
   eps = 0.000111 >= 0.0001
Iteration 348 (max 500)
   eps = 0.00011 >= 0.0001
Iteration 349 (max 500)
   eps = 0.000108 >= 0.0001
Iteration 350 (max 500)
   eps = 0.000106 >= 0.0001
Iteration 351 (max 500)
   eps = 0.000104 >= 0.0001
Iteration 352 (max 500)
   eps = 0.000102 >= 0.0001
Iteration 353 (max 500)
   eps = 0.000101 >= 0.0001
Iteration 354 (max 500)
Time spent by the wind speed solver: 204.49307775497437 s
Rotates geometries from -45.0 degrees
Interp succeeded!!! for tmp_file
Interp succeeded!!! for tmp_file
Interp succeeded!!! for tmp_file
Interp succeeded!!! for tmp_file
Interp succeeded!!! for tmp_file
Interp succeeded!!! for tmp_file
Process 3995975: Successfully ran URock for tile output 'wind_field_raw_tile_12'.
Process 3995975: Elapsed time for URock ('wind_field_raw_tile_12'): 554.97 seconds.
[Master] Process 3995975 - Tile 12: Finished processing.
[Master] 3995975: exit signal
Info: Debuffered '/storage/project/r-rbasu31-0/hyu483/Test_UMEP/UROCK_output_35_spawn/temp_intermediate_files/tile_12_urock_raw_outputs/z1_5/wind_field_raw_tile_12WS.tif' to '/storage/project/r-rbasu31-0/hyu483/Test_UMEP/UROCK_output_35_spawn/urock_tiled_output/urock_wind_field_tile_12WS.tif' (original extent: (233982.59099838723, 901732.4833440109, 234182.59099838723, 901932.4833440109)).
Connecting to database
	->/tmp/URock_2025-12-21T1808417a7eda23-b0b3-44da-a75c-b1e10fb4c6df/myDbH2
/storage/home/hcoda1/4/hyu483/qgis_332/profiles/default/python/plugins/processing_umep/functions/URock/h2gis-standalone/h2gis-dist-2.2.3.jar
Connected!

Spatial functions added!

Load input data
Load table 'build_pre_srid_20251221180902'
Load table 'veg_pre_srid_20251221180902'
Creates blocks and stacked blocks
Rotates geometries from 45.0 degrees
Identify block base height and block cavity base
Calculates obstacle properties
Calculates zone properties
Initializes upwind facades
Update upwind facades base height
Initializes downwind facades
Calculates study area properties
Roughness zone properties are:

                                 - z0: 3.1712819082568435
                                 - d: 14.841485439222241
                                 - Hr: 21.141879388378957
                                 - H_ob_max: 136
                                 - lambda_f: 0.15569889427010264
Rotates geometries from -45.0 degrees
Rotates geometries from -45.0 degrees
Rotates geometries from -45.0 degrees
Creates displacement zones
Rotates geometries from -45.0 degrees
Rotates geometries from -45.0 degrees
Creates cavity and wake zones
Rotates geometries from -45.0 degrees
Rotates geometries from -45.0 degrees
Creates street canyon zones
Rotates geometries from -45.0 degrees
Creates rooftop zones (perpendicular and corner)
Rotates geometries from -45.0 degrees
Rotates geometries from -45.0 degrees
Creates built-up and open vegetation zones
Rotates geometries from -45.0 degrees
Rotates geometries from -45.0 degrees
Identify the buildings concerned by the impacted zone chosen by the user
Creates the grid of points
Affects each grid point to a building Rockle zone and calculates needed 
          variables for 3D wind speed
Affects each grid point to a vegetation Rockle zone and calculates 
          needed variables for 3D wind speed
Remove some of the Röckle zone points
Creates backward zones
Calculates the 3D wind speed factor value for each point of each BUILDING zone
Rotates geometries from -45.0 degrees
Rotates geometries from -45.0 degrees
Rotates geometries from -45.0 degrees
Rotates geometries from -45.0 degrees
Rotates geometries from -45.0 degrees
Rotates geometries from -45.0 degrees
Rotates geometries from -45.0 degrees
Rotates geometries from -45.0 degrees
Rotates geometries from -45.0 degrees
Calculates the 3D wind speed factor value for each point of each VEGETATION zone
Rotates geometries from -45.0 degrees
Deals with superimposition (keeps only 1 value per 3D point)
Deals with superimposition (keeps only 1 value per 3D point)
Identify upstreamer points in TEMPO_WEIGHTING table
Identify upstreamer points in TEMPO_PRIORITIES table
Identify upstreamer points in TEMPO_PRIORITIES_WEIGHT table
Deals with superimposition (keeps only 1 value per 3D point)
Identify upstreamer points in TEMPO_WEIGHTING table
Identify upstreamer points in TEMPO_PRIORITIES table
Identify upstreamer points in TEMPO_PRIORITIES_WEIGHT table
Rotates geometries from -45.0 degrees
Identify grid points intersecting buildings
Set the initial 3D wind speed field
Time spent for wind speed initialization: 299.72199177742004 s
Shape: (254, 303, 59) - Nb cells: 4540758
Start to apply the wind solver
Iteration 1 (max 500)
   eps = 0.73445 >= 0.0001
Iteration 2 (max 500)
   eps = 0.429133 >= 0.0001
Iteration 3 (max 500)
   eps = 0.319521 >= 0.0001
Iteration 4 (max 500)
   eps = 0.254283 >= 0.0001
Iteration 5 (max 500)
   eps = 0.209575 >= 0.0001
Iteration 6 (max 500)
   eps = 0.178708 >= 0.0001
Iteration 7 (max 500)
   eps = 0.156441 >= 0.0001
Iteration 8 (max 500)
   eps = 0.139202 >= 0.0001
Iteration 9 (max 500)
   eps = 0.125372 >= 0.0001
Iteration 10 (max 500)
   eps = 0.113765 >= 0.0001
Iteration 11 (max 500)
   eps = 0.10346 >= 0.0001
Iteration 12 (max 500)
   eps = 0.094183 >= 0.0001
Iteration 13 (max 500)
   eps = 0.085851 >= 0.0001
Iteration 14 (max 500)
   eps = 0.078636 >= 0.0001
Iteration 15 (max 500)
   eps = 0.072254 >= 0.0001
Iteration 16 (max 500)
   eps = 0.066451 >= 0.0001
Iteration 17 (max 500)
   eps = 0.061228 >= 0.0001
Iteration 18 (max 500)
   eps = 0.056934 >= 0.0001
Iteration 19 (max 500)
   eps = 0.053182 >= 0.0001
Iteration 20 (max 500)
   eps = 0.049887 >= 0.0001
Iteration 21 (max 500)
   eps = 0.047082 >= 0.0001
Iteration 22 (max 500)
   eps = 0.044604 >= 0.0001
Iteration 23 (max 500)
   eps = 0.042435 >= 0.0001
Iteration 24 (max 500)
   eps = 0.040491 >= 0.0001
Iteration 25 (max 500)
   eps = 0.038795 >= 0.0001
Iteration 26 (max 500)
   eps = 0.037253 >= 0.0001
Iteration 27 (max 500)
   eps = 0.035774 >= 0.0001
Iteration 28 (max 500)
   eps = 0.034418 >= 0.0001
Iteration 29 (max 500)
   eps = 0.033158 >= 0.0001
Iteration 30 (max 500)
   eps = 0.031887 >= 0.0001
Iteration 31 (max 500)
   eps = 0.030721 >= 0.0001
Iteration 32 (max 500)
   eps = 0.029611 >= 0.0001
Iteration 33 (max 500)
   eps = 0.028572 >= 0.0001
Iteration 34 (max 500)
   eps = 0.027623 >= 0.0001
Iteration 35 (max 500)
   eps = 0.02673 >= 0.0001
Iteration 36 (max 500)
   eps = 0.025898 >= 0.0001
Iteration 37 (max 500)
   eps = 0.025111 >= 0.0001
Iteration 38 (max 500)
   eps = 0.024394 >= 0.0001
Iteration 39 (max 500)
   eps = 0.023734 >= 0.0001
Iteration 40 (max 500)
   eps = 0.0231 >= 0.0001
Iteration 41 (max 500)
   eps = 0.022487 >= 0.0001
Iteration 42 (max 500)
   eps = 0.021939 >= 0.0001
Iteration 43 (max 500)
   eps = 0.021393 >= 0.0001
Iteration 44 (max 500)
   eps = 0.020865 >= 0.0001
Iteration 45 (max 500)
   eps = 0.020349 >= 0.0001
Iteration 46 (max 500)
   eps = 0.01982 >= 0.0001
Iteration 47 (max 500)
   eps = 0.019336 >= 0.0001
Iteration 48 (max 500)
   eps = 0.018844 >= 0.0001
Iteration 49 (max 500)
   eps = 0.018377 >= 0.0001
Iteration 50 (max 500)
   eps = 0.017966 >= 0.0001
Iteration 51 (max 500)
   eps = 0.01755 >= 0.0001
Iteration 52 (max 500)
   eps = 0.017178 >= 0.0001
Iteration 53 (max 500)
   eps = 0.016817 >= 0.0001
Iteration 54 (max 500)
   eps = 0.016474 >= 0.0001
Iteration 55 (max 500)
   eps = 0.016149 >= 0.0001
Iteration 56 (max 500)
   eps = 0.015838 >= 0.0001
Iteration 57 (max 500)
   eps = 0.015666 >= 0.0001
Iteration 58 (max 500)
   eps = 0.015296 >= 0.0001
Iteration 59 (max 500)
   eps = 0.014931 >= 0.0001
Iteration 60 (max 500)
   eps = 0.01461 >= 0.0001
Iteration 61 (max 500)
   eps = 0.014324 >= 0.0001
Iteration 62 (max 500)
   eps = 0.01406 >= 0.0001
Iteration 63 (max 500)
   eps = 0.013798 >= 0.0001
Iteration 64 (max 500)
   eps = 0.013543 >= 0.0001
Iteration 65 (max 500)
   eps = 0.013289 >= 0.0001
Iteration 66 (max 500)
   eps = 0.013035 >= 0.0001
Iteration 67 (max 500)
   eps = 0.012795 >= 0.0001
Iteration 68 (max 500)
   eps = 0.012566 >= 0.0001
Iteration 69 (max 500)
   eps = 0.012344 >= 0.0001
Iteration 70 (max 500)
   eps = 0.012126 >= 0.0001
Iteration 71 (max 500)
   eps = 0.011908 >= 0.0001
Iteration 72 (max 500)
   eps = 0.011696 >= 0.0001
Iteration 73 (max 500)
   eps = 0.011488 >= 0.0001
Iteration 74 (max 500)
   eps = 0.011279 >= 0.0001
Iteration 75 (max 500)
   eps = 0.011069 >= 0.0001
Iteration 76 (max 500)
   eps = 0.010863 >= 0.0001
Iteration 77 (max 500)
   eps = 0.010661 >= 0.0001
Iteration 78 (max 500)
   eps = 0.010464 >= 0.0001
Iteration 79 (max 500)
   eps = 0.010274 >= 0.0001
Iteration 80 (max 500)
   eps = 0.010095 >= 0.0001
Iteration 81 (max 500)
   eps = 0.009923 >= 0.0001
Iteration 82 (max 500)
   eps = 0.009758 >= 0.0001
Iteration 83 (max 500)
   eps = 0.009599 >= 0.0001
Iteration 84 (max 500)
   eps = 0.009451 >= 0.0001
Iteration 85 (max 500)
   eps = 0.009311 >= 0.0001
Iteration 86 (max 500)
   eps = 0.009168 >= 0.0001
Iteration 87 (max 500)
   eps = 0.009029 >= 0.0001
Iteration 88 (max 500)
   eps = 0.00889 >= 0.0001
Iteration 89 (max 500)
   eps = 0.008747 >= 0.0001
Iteration 90 (max 500)
   eps = 0.008607 >= 0.0001
Iteration 91 (max 500)
   eps = 0.008474 >= 0.0001
Iteration 92 (max 500)
   eps = 0.008349 >= 0.0001
Iteration 93 (max 500)
   eps = 0.008233 >= 0.0001
Iteration 94 (max 500)
   eps = 0.008122 >= 0.0001
Iteration 95 (max 500)
   eps = 0.008014 >= 0.0001
Iteration 96 (max 500)
   eps = 0.007904 >= 0.0001
Iteration 97 (max 500)
   eps = 0.007793 >= 0.0001
Iteration 98 (max 500)
   eps = 0.007687 >= 0.0001
Iteration 99 (max 500)
   eps = 0.007585 >= 0.0001
Iteration 100 (max 500)
   eps = 0.007491 >= 0.0001
Iteration 101 (max 500)
   eps = 0.007399 >= 0.0001
Iteration 102 (max 500)
   eps = 0.007306 >= 0.0001
Iteration 103 (max 500)
   eps = 0.007211 >= 0.0001
Iteration 104 (max 500)
   eps = 0.007117 >= 0.0001
Iteration 105 (max 500)
   eps = 0.007026 >= 0.0001
Iteration 106 (max 500)
   eps = 0.006933 >= 0.0001
Iteration 107 (max 500)
   eps = 0.006845 >= 0.0001
Iteration 108 (max 500)
   eps = 0.006761 >= 0.0001
Iteration 109 (max 500)
   eps = 0.006677 >= 0.0001
Iteration 110 (max 500)
   eps = 0.006594 >= 0.0001
Iteration 111 (max 500)
   eps = 0.006512 >= 0.0001
Iteration 112 (max 500)
   eps = 0.006429 >= 0.0001
Iteration 113 (max 500)
   eps = 0.006344 >= 0.0001
Iteration 114 (max 500)
   eps = 0.006263 >= 0.0001
Iteration 115 (max 500)
   eps = 0.006177 >= 0.0001
Iteration 116 (max 500)
   eps = 0.006092 >= 0.0001
Iteration 117 (max 500)
   eps = 0.006004 >= 0.0001
Iteration 118 (max 500)
   eps = 0.005917 >= 0.0001
Iteration 119 (max 500)
   eps = 0.005827 >= 0.0001
Iteration 120 (max 500)
   eps = 0.005739 >= 0.0001
Iteration 121 (max 500)
   eps = 0.005654 >= 0.0001
Iteration 122 (max 500)
   eps = 0.005571 >= 0.0001
Iteration 123 (max 500)
   eps = 0.005486 >= 0.0001
Iteration 124 (max 500)
   eps = 0.005405 >= 0.0001
Iteration 125 (max 500)
   eps = 0.005323 >= 0.0001
Iteration 126 (max 500)
   eps = 0.005242 >= 0.0001
Iteration 127 (max 500)
   eps = 0.005164 >= 0.0001
Iteration 128 (max 500)
   eps = 0.005089 >= 0.0001
Iteration 129 (max 500)
   eps = 0.005015 >= 0.0001
Iteration 130 (max 500)
   eps = 0.004943 >= 0.0001
Iteration 131 (max 500)
   eps = 0.00487 >= 0.0001
Iteration 132 (max 500)
   eps = 0.004799 >= 0.0001
Iteration 133 (max 500)
   eps = 0.004728 >= 0.0001
Iteration 134 (max 500)
   eps = 0.004663 >= 0.0001
Iteration 135 (max 500)
   eps = 0.004598 >= 0.0001
Iteration 136 (max 500)
   eps = 0.004535 >= 0.0001
Iteration 137 (max 500)
   eps = 0.004471 >= 0.0001
Iteration 138 (max 500)
   eps = 0.004411 >= 0.0001
Iteration 139 (max 500)
   eps = 0.004355 >= 0.0001
Iteration 140 (max 500)
   eps = 0.004301 >= 0.0001
Iteration 141 (max 500)
   eps = 0.004248 >= 0.0001
Iteration 142 (max 500)
   eps = 0.0042 >= 0.0001
Iteration 143 (max 500)
   eps = 0.00415 >= 0.0001
Iteration 144 (max 500)
   eps = 0.004101 >= 0.0001
Iteration 145 (max 500)
   eps = 0.004052 >= 0.0001
Iteration 146 (max 500)
   eps = 0.004001 >= 0.0001
Iteration 147 (max 500)
   eps = 0.003949 >= 0.0001
Iteration 148 (max 500)
   eps = 0.003894 >= 0.0001
Iteration 149 (max 500)
   eps = 0.003844 >= 0.0001
Iteration 150 (max 500)
   eps = 0.00379 >= 0.0001
Iteration 151 (max 500)
   eps = 0.003739 >= 0.0001
Iteration 152 (max 500)
   eps = 0.003683 >= 0.0001
Iteration 153 (max 500)
   eps = 0.003632 >= 0.0001
Iteration 154 (max 500)
   eps = 0.003581 >= 0.0001
Iteration 155 (max 500)
   eps = 0.00353 >= 0.0001
Iteration 156 (max 500)
   eps = 0.00348 >= 0.0001
Iteration 157 (max 500)
   eps = 0.003429 >= 0.0001
Iteration 158 (max 500)
   eps = 0.003383 >= 0.0001
Iteration 159 (max 500)
   eps = 0.003332 >= 0.0001
Iteration 160 (max 500)
   eps = 0.003281 >= 0.0001
Iteration 161 (max 500)
   eps = 0.003231 >= 0.0001
Iteration 162 (max 500)
   eps = 0.003181 >= 0.0001
Iteration 163 (max 500)
   eps = 0.003135 >= 0.0001
Iteration 164 (max 500)
   eps = 0.003084 >= 0.0001
Iteration 165 (max 500)
   eps = 0.003034 >= 0.0001
Iteration 166 (max 500)
   eps = 0.002983 >= 0.0001
Iteration 167 (max 500)
   eps = 0.002937 >= 0.0001
Iteration 168 (max 500)
   eps = 0.00289 >= 0.0001
Iteration 169 (max 500)
   eps = 0.002846 >= 0.0001
Iteration 170 (max 500)
   eps = 0.002799 >= 0.0001
Iteration 171 (max 500)
   eps = 0.002757 >= 0.0001
Iteration 172 (max 500)
   eps = 0.002711 >= 0.0001
Iteration 173 (max 500)
   eps = 0.002667 >= 0.0001
Iteration 174 (max 500)
   eps = 0.002626 >= 0.0001
Iteration 175 (max 500)
   eps = 0.002584 >= 0.0001
Iteration 176 (max 500)
   eps = 0.002544 >= 0.0001
Iteration 177 (max 500)
   eps = 0.002506 >= 0.0001
Iteration 178 (max 500)
   eps = 0.002471 >= 0.0001
Iteration 179 (max 500)
   eps = 0.002437 >= 0.0001
Iteration 180 (max 500)
   eps = 0.002402 >= 0.0001
Iteration 181 (max 500)
   eps = 0.002377 >= 0.0001
Iteration 182 (max 500)
   eps = 0.002339 >= 0.0001
Iteration 183 (max 500)
   eps = 0.002304 >= 0.0001
Iteration 184 (max 500)
   eps = 0.00227 >= 0.0001
Iteration 185 (max 500)
   eps = 0.002239 >= 0.0001
Iteration 186 (max 500)
   eps = 0.002209 >= 0.0001
Iteration 187 (max 500)
   eps = 0.002179 >= 0.0001
Iteration 188 (max 500)
   eps = 0.002147 >= 0.0001
Iteration 189 (max 500)
   eps = 0.00212 >= 0.0001
Iteration 190 (max 500)
   eps = 0.002088 >= 0.0001
Iteration 191 (max 500)
   eps = 0.002058 >= 0.0001
Iteration 192 (max 500)
   eps = 0.002029 >= 0.0001
Iteration 193 (max 500)
   eps = 0.002002 >= 0.0001
Iteration 194 (max 500)
   eps = 0.001978 >= 0.0001
Iteration 195 (max 500)
   eps = 0.001952 >= 0.0001
Iteration 196 (max 500)
   eps = 0.001924 >= 0.0001
Iteration 197 (max 500)
   eps = 0.001894 >= 0.0001
Iteration 198 (max 500)
   eps = 0.001865 >= 0.0001
Iteration 199 (max 500)
   eps = 0.001837 >= 0.0001
Iteration 200 (max 500)
   eps = 0.00181 >= 0.0001
Iteration 201 (max 500)
   eps = 0.001784 >= 0.0001
Iteration 202 (max 500)
   eps = 0.001758 >= 0.0001
Iteration 203 (max 500)
   eps = 0.001731 >= 0.0001
Iteration 204 (max 500)
   eps = 0.001702 >= 0.0001
Iteration 205 (max 500)
   eps = 0.001674 >= 0.0001
Iteration 206 (max 500)
   eps = 0.001648 >= 0.0001
Iteration 207 (max 500)
   eps = 0.001622 >= 0.0001
Iteration 208 (max 500)
   eps = 0.001594 >= 0.0001
Iteration 209 (max 500)
   eps = 0.001567 >= 0.0001
Iteration 210 (max 500)
   eps = 0.00154 >= 0.0001
Iteration 211 (max 500)
   eps = 0.001515 >= 0.0001
Iteration 212 (max 500)
   eps = 0.001492 >= 0.0001
Iteration 213 (max 500)
   eps = 0.001468 >= 0.0001
Iteration 214 (max 500)
   eps = 0.001447 >= 0.0001
Iteration 215 (max 500)
   eps = 0.001422 >= 0.0001
Iteration 216 (max 500)
   eps = 0.001399 >= 0.0001
Iteration 217 (max 500)
   eps = 0.001379 >= 0.0001
Iteration 218 (max 500)
   eps = 0.00136 >= 0.0001
Iteration 219 (max 500)
   eps = 0.001342 >= 0.0001
Iteration 220 (max 500)
   eps = 0.001328 >= 0.0001
Iteration 221 (max 500)
   eps = 0.001309 >= 0.0001
Iteration 222 (max 500)
   eps = 0.001293 >= 0.0001
Iteration 223 (max 500)
   eps = 0.001277 >= 0.0001
Iteration 224 (max 500)
   eps = 0.001263 >= 0.0001
Iteration 225 (max 500)
   eps = 0.001246 >= 0.0001
Iteration 226 (max 500)
   eps = 0.001234 >= 0.0001
Iteration 227 (max 500)
   eps = 0.001217 >= 0.0001
Iteration 228 (max 500)
   eps = 0.001201 >= 0.0001
Iteration 229 (max 500)
   eps = 0.001182 >= 0.0001
Iteration 230 (max 500)
   eps = 0.001168 >= 0.0001
Iteration 231 (max 500)
   eps = 0.001151 >= 0.0001
Iteration 232 (max 500)
   eps = 0.001139 >= 0.0001
Iteration 233 (max 500)
   eps = 0.001119 >= 0.0001
Iteration 234 (max 500)
   eps = 0.001104 >= 0.0001
Iteration 235 (max 500)
   eps = 0.001085 >= 0.0001
Iteration 236 (max 500)
   eps = 0.00107 >= 0.0001
Iteration 237 (max 500)
   eps = 0.001056 >= 0.0001
Iteration 238 (max 500)
   eps = 0.001041 >= 0.0001
Iteration 239 (max 500)
   eps = 0.001022 >= 0.0001
Iteration 240 (max 500)
   eps = 0.001002 >= 0.0001
Iteration 241 (max 500)
   eps = 0.000983 >= 0.0001
Iteration 242 (max 500)
   eps = 0.000969 >= 0.0001
Iteration 243 (max 500)
   eps = 0.000951 >= 0.0001
Iteration 244 (max 500)
   eps = 0.000934 >= 0.0001
Iteration 245 (max 500)
   eps = 0.000918 >= 0.0001
Iteration 246 (max 500)
   eps = 0.000903 >= 0.0001
Iteration 247 (max 500)
   eps = 0.000886 >= 0.0001
Iteration 248 (max 500)
   eps = 0.00087 >= 0.0001
Iteration 249 (max 500)
   eps = 0.000856 >= 0.0001
Iteration 250 (max 500)
   eps = 0.000842 >= 0.0001
Iteration 251 (max 500)
   eps = 0.000828 >= 0.0001
Iteration 252 (max 500)
   eps = 0.000815 >= 0.0001
Iteration 253 (max 500)
   eps = 0.000803 >= 0.0001
Iteration 254 (max 500)
   eps = 0.00079 >= 0.0001
Iteration 255 (max 500)
   eps = 0.000775 >= 0.0001
Iteration 256 (max 500)
   eps = 0.000761 >= 0.0001
Iteration 257 (max 500)
   eps = 0.000748 >= 0.0001
Iteration 258 (max 500)
   eps = 0.000736 >= 0.0001
Iteration 259 (max 500)
   eps = 0.000724 >= 0.0001
Iteration 260 (max 500)
   eps = 0.000714 >= 0.0001
Iteration 261 (max 500)
   eps = 0.000704 >= 0.0001
Iteration 262 (max 500)
   eps = 0.000692 >= 0.0001
Iteration 263 (max 500)
   eps = 0.00068 >= 0.0001
Iteration 264 (max 500)
   eps = 0.000668 >= 0.0001
Iteration 265 (max 500)
   eps = 0.000658 >= 0.0001
Iteration 266 (max 500)
   eps = 0.000647 >= 0.0001
Iteration 267 (max 500)
   eps = 0.000638 >= 0.0001
Iteration 268 (max 500)
   eps = 0.000627 >= 0.0001
Iteration 269 (max 500)
   eps = 0.000617 >= 0.0001
Iteration 270 (max 500)
   eps = 0.000609 >= 0.0001
Iteration 271 (max 500)
   eps = 0.000601 >= 0.0001
Iteration 272 (max 500)
   eps = 0.000592 >= 0.0001
Iteration 273 (max 500)
   eps = 0.000582 >= 0.0001
Iteration 274 (max 500)
   eps = 0.000572 >= 0.0001
Iteration 275 (max 500)
   eps = 0.000562 >= 0.0001
Iteration 276 (max 500)
   eps = 0.000552 >= 0.0001
Iteration 277 (max 500)
   eps = 0.000543 >= 0.0001
Iteration 278 (max 500)
   eps = 0.000535 >= 0.0001
Iteration 279 (max 500)
   eps = 0.000527 >= 0.0001
Iteration 280 (max 500)
   eps = 0.000519 >= 0.0001
Iteration 281 (max 500)
   eps = 0.000511 >= 0.0001
Iteration 282 (max 500)
   eps = 0.000504 >= 0.0001
Iteration 283 (max 500)
   eps = 0.000495 >= 0.0001
Iteration 284 (max 500)
   eps = 0.000487 >= 0.0001
Iteration 285 (max 500)
   eps = 0.000479 >= 0.0001
Iteration 286 (max 500)
   eps = 0.000472 >= 0.0001
Iteration 287 (max 500)
   eps = 0.000464 >= 0.0001
Iteration 288 (max 500)
   eps = 0.000457 >= 0.0001
Iteration 289 (max 500)
   eps = 0.000452 >= 0.0001
Iteration 290 (max 500)
   eps = 0.000445 >= 0.0001
Iteration 291 (max 500)
   eps = 0.00044 >= 0.0001
Iteration 292 (max 500)
   eps = 0.000434 >= 0.0001
Iteration 293 (max 500)
   eps = 0.000429 >= 0.0001
Iteration 294 (max 500)
   eps = 0.000422 >= 0.0001
Iteration 295 (max 500)
   eps = 0.000416 >= 0.0001
Iteration 296 (max 500)
   eps = 0.00041 >= 0.0001
Iteration 297 (max 500)
   eps = 0.000404 >= 0.0001
Iteration 298 (max 500)
   eps = 0.000397 >= 0.0001
Iteration 299 (max 500)
   eps = 0.000391 >= 0.0001
Iteration 300 (max 500)
   eps = 0.000385 >= 0.0001
Iteration 301 (max 500)
   eps = 0.00038 >= 0.0001
Iteration 302 (max 500)
   eps = 0.000373 >= 0.0001
Iteration 303 (max 500)
   eps = 0.000367 >= 0.0001
Iteration 304 (max 500)
   eps = 0.00036 >= 0.0001
Iteration 305 (max 500)
   eps = 0.000354 >= 0.0001
Iteration 306 (max 500)
   eps = 0.000348 >= 0.0001
Iteration 307 (max 500)
   eps = 0.000342 >= 0.0001
Iteration 308 (max 500)
   eps = 0.000337 >= 0.0001
Iteration 309 (max 500)
   eps = 0.000331 >= 0.0001
Iteration 310 (max 500)
   eps = 0.000325 >= 0.0001
Iteration 311 (max 500)
   eps = 0.00032 >= 0.0001
Iteration 312 (max 500)
   eps = 0.000314 >= 0.0001
Iteration 313 (max 500)
   eps = 0.000309 >= 0.0001
Iteration 314 (max 500)
   eps = 0.000304 >= 0.0001
Iteration 315 (max 500)
   eps = 0.000298 >= 0.0001
Iteration 316 (max 500)
   eps = 0.000293 >= 0.0001
Iteration 317 (max 500)
   eps = 0.000288 >= 0.0001
Iteration 318 (max 500)
   eps = 0.000283 >= 0.0001
Iteration 319 (max 500)
   eps = 0.000278 >= 0.0001
Iteration 320 (max 500)
   eps = 0.000273 >= 0.0001
Iteration 321 (max 500)
   eps = 0.000269 >= 0.0001
Iteration 322 (max 500)
   eps = 0.000265 >= 0.0001
Iteration 323 (max 500)
   eps = 0.000261 >= 0.0001
Iteration 324 (max 500)
   eps = 0.000256 >= 0.0001
Iteration 325 (max 500)
   eps = 0.000252 >= 0.0001
Iteration 326 (max 500)
   eps = 0.000248 >= 0.0001
Iteration 327 (max 500)
   eps = 0.000244 >= 0.0001
Iteration 328 (max 500)
   eps = 0.00024 >= 0.0001
Iteration 329 (max 500)
   eps = 0.000236 >= 0.0001
Iteration 330 (max 500)
   eps = 0.000232 >= 0.0001
Iteration 331 (max 500)
   eps = 0.000229 >= 0.0001
Iteration 332 (max 500)
   eps = 0.000225 >= 0.0001
Iteration 333 (max 500)
   eps = 0.000221 >= 0.0001
Iteration 334 (max 500)
   eps = 0.000218 >= 0.0001
Iteration 335 (max 500)
   eps = 0.000214 >= 0.0001
Iteration 336 (max 500)
   eps = 0.000211 >= 0.0001
Iteration 337 (max 500)
   eps = 0.000208 >= 0.0001
Iteration 338 (max 500)
   eps = 0.000204 >= 0.0001
Iteration 339 (max 500)
   eps = 0.000201 >= 0.0001
Iteration 340 (max 500)
   eps = 0.000197 >= 0.0001
Iteration 341 (max 500)
   eps = 0.000194 >= 0.0001
Iteration 342 (max 500)
   eps = 0.000191 >= 0.0001
Iteration 343 (max 500)
   eps = 0.000187 >= 0.0001
Iteration 344 (max 500)
   eps = 0.000184 >= 0.0001
Iteration 345 (max 500)
   eps = 0.000181 >= 0.0001
Iteration 346 (max 500)
   eps = 0.000178 >= 0.0001
Iteration 347 (max 500)
   eps = 0.000175 >= 0.0001
Iteration 348 (max 500)
   eps = 0.000172 >= 0.0001
Iteration 349 (max 500)
   eps = 0.000169 >= 0.0001
Iteration 350 (max 500)
   eps = 0.000166 >= 0.0001
Iteration 351 (max 500)
   eps = 0.000163 >= 0.0001
Iteration 352 (max 500)
   eps = 0.000161 >= 0.0001
Iteration 353 (max 500)
   eps = 0.000158 >= 0.0001
Iteration 354 (max 500)
   eps = 0.000155 >= 0.0001
Iteration 355 (max 500)
   eps = 0.000153 >= 0.0001
Iteration 356 (max 500)
   eps = 0.00015 >= 0.0001
Iteration 357 (max 500)
   eps = 0.000147 >= 0.0001
Iteration 358 (max 500)
   eps = 0.000145 >= 0.0001
Iteration 359 (max 500)
   eps = 0.000142 >= 0.0001
Iteration 360 (max 500)
   eps = 0.00014 >= 0.0001
Iteration 361 (max 500)
   eps = 0.000137 >= 0.0001
Iteration 362 (max 500)
   eps = 0.000135 >= 0.0001
Iteration 363 (max 500)
   eps = 0.000133 >= 0.0001
Iteration 364 (max 500)
   eps = 0.00013 >= 0.0001
Iteration 365 (max 500)
   eps = 0.000128 >= 0.0001
Iteration 366 (max 500)
   eps = 0.000126 >= 0.0001
Iteration 367 (max 500)
   eps = 0.000124 >= 0.0001
Iteration 368 (max 500)
   eps = 0.000121 >= 0.0001
Iteration 369 (max 500)
   eps = 0.000119 >= 0.0001
Iteration 370 (max 500)
   eps = 0.000117 >= 0.0001
Iteration 371 (max 500)
   eps = 0.000115 >= 0.0001
Iteration 372 (max 500)
   eps = 0.000113 >= 0.0001
Iteration 373 (max 500)
   eps = 0.000111 >= 0.0001
Iteration 374 (max 500)
   eps = 0.00011 >= 0.0001
Iteration 375 (max 500)
   eps = 0.000108 >= 0.0001
Iteration 376 (max 500)
   eps = 0.000106 >= 0.0001
Iteration 377 (max 500)
   eps = 0.000104 >= 0.0001
Iteration 378 (max 500)
   eps = 0.000102 >= 0.0001
Iteration 379 (max 500)
   eps = 0.0001 >= 0.0001
Iteration 380 (max 500)
Time spent by the wind speed solver: 196.62988758087158 s
Rotates geometries from -45.0 degrees
Interp succeeded!!! for tmp_file
Interp succeeded!!! for tmp_file
Interp succeeded!!! for tmp_file
Interp succeeded!!! for tmp_file
Interp succeeded!!! for tmp_file
Interp succeeded!!! for tmp_file
Process 3995989: Successfully ran URock for tile output 'wind_field_raw_tile_6'.
Process 3995989: Elapsed time for URock ('wind_field_raw_tile_6'): 565.06 seconds.
[Master] Process 3995989 - Tile 6: Finished processing.
[Master] 3995989: exit signal
Info: Debuffered '/storage/project/r-rbasu31-0/hyu483/Test_UMEP/UROCK_output_35_spawn/temp_intermediate_files/tile_6_urock_raw_outputs/z1_5/wind_field_raw_tile_6WS.tif' to '/storage/project/r-rbasu31-0/hyu483/Test_UMEP/UROCK_output_35_spawn/urock_tiled_output/urock_wind_field_tile_6WS.tif' (original extent: (233782.59099838723, 901732.4833440109, 233982.59099838723, 901932.4833440109)).
Connecting to database
	->/tmp/URock_2025-12-21T1808412c59bf90-e4d9-4dcc-8f73-08c889ce94f5/myDbH2
/storage/home/hcoda1/4/hyu483/qgis_332/profiles/default/python/plugins/processing_umep/functions/URock/h2gis-standalone/h2gis-dist-2.2.3.jar
Connected!

Spatial functions added!

Load input data
Load table 'build_pre_srid_20251221180903'
Load table 'veg_pre_srid_20251221180903'
Creates blocks and stacked blocks
Rotates geometries from 45.0 degrees
Identify block base height and block cavity base
Calculates obstacle properties
Calculates zone properties
Initializes upwind facades
Update upwind facades base height
Initializes downwind facades
Calculates study area properties
Roughness zone properties are:

                                 - z0: 1.5388884339912123
                                 - d: 7.389495045350629
                                 - Hr: 10.259256226608082
                                 - H_ob_max: 78
                                 - lambda_f: 0.20793115215881655
Rotates geometries from -45.0 degrees
Rotates geometries from -45.0 degrees
Rotates geometries from -45.0 degrees
Creates displacement zones
Rotates geometries from -45.0 degrees
Rotates geometries from -45.0 degrees
Creates cavity and wake zones
Rotates geometries from -45.0 degrees
Rotates geometries from -45.0 degrees
Creates street canyon zones
Rotates geometries from -45.0 degrees
Creates rooftop zones (perpendicular and corner)
Rotates geometries from -45.0 degrees
Rotates geometries from -45.0 degrees
Creates built-up and open vegetation zones
Rotates geometries from -45.0 degrees
Rotates geometries from -45.0 degrees
Identify the buildings concerned by the impacted zone chosen by the user
Creates the grid of points
Affects each grid point to a building Rockle zone and calculates needed 
          variables for 3D wind speed
Affects each grid point to a vegetation Rockle zone and calculates 
          needed variables for 3D wind speed
Remove some of the Röckle zone points
Creates backward zones
Calculates the 3D wind speed factor value for each point of each BUILDING zone
Rotates geometries from -45.0 degrees
Rotates geometries from -45.0 degrees
Rotates geometries from -45.0 degrees
Rotates geometries from -45.0 degrees
Rotates geometries from -45.0 degrees
Rotates geometries from -45.0 degrees
Rotates geometries from -45.0 degrees
Rotates geometries from -45.0 degrees
Rotates geometries from -45.0 degrees
Calculates the 3D wind speed factor value for each point of each VEGETATION zone
Rotates geometries from -45.0 degrees
Deals with superimposition (keeps only 1 value per 3D point)
Deals with superimposition (keeps only 1 value per 3D point)
Identify upstreamer points in TEMPO_WEIGHTING table
Identify upstreamer points in TEMPO_PRIORITIES table
Identify upstreamer points in TEMPO_PRIORITIES_WEIGHT table
Deals with superimposition (keeps only 1 value per 3D point)
Identify upstreamer points in TEMPO_WEIGHTING table
Identify upstreamer points in TEMPO_PRIORITIES table
Identify upstreamer points in TEMPO_PRIORITIES_WEIGHT table
Rotates geometries from -45.0 degrees
Identify grid points intersecting buildings
Set the initial 3D wind speed field
Time spent for wind speed initialization: 270.95733070373535 s
Shape: (310, 357, 40) - Nb cells: 4426800
Start to apply the wind solver
Iteration 1 (max 500)
   eps = 0.602101 >= 0.0001
Iteration 2 (max 500)
   eps = 0.429437 >= 0.0001
Iteration 3 (max 500)
   eps = 0.344843 >= 0.0001
Iteration 4 (max 500)
   eps = 0.288396 >= 0.0001
Iteration 5 (max 500)
   eps = 0.243864 >= 0.0001
Iteration 6 (max 500)
   eps = 0.210299 >= 0.0001
Iteration 7 (max 500)
   eps = 0.18495 >= 0.0001
Iteration 8 (max 500)
   eps = 0.164629 >= 0.0001
Iteration 9 (max 500)
   eps = 0.147916 >= 0.0001
Iteration 10 (max 500)
   eps = 0.133809 >= 0.0001
Iteration 11 (max 500)
   eps = 0.122019 >= 0.0001
Iteration 12 (max 500)
   eps = 0.112172 >= 0.0001
Iteration 13 (max 500)
   eps = 0.103972 >= 0.0001
Iteration 14 (max 500)
   eps = 0.096993 >= 0.0001
Iteration 15 (max 500)
   eps = 0.09115 >= 0.0001
Iteration 16 (max 500)
   eps = 0.08621 >= 0.0001
Iteration 17 (max 500)
   eps = 0.081797 >= 0.0001
Iteration 18 (max 500)
   eps = 0.077754 >= 0.0001
Iteration 19 (max 500)
   eps = 0.074114 >= 0.0001
Iteration 20 (max 500)
   eps = 0.070784 >= 0.0001
Iteration 21 (max 500)
   eps = 0.067711 >= 0.0001
Iteration 22 (max 500)
   eps = 0.06498 >= 0.0001
Iteration 23 (max 500)
   eps = 0.062564 >= 0.0001
Iteration 24 (max 500)
   eps = 0.060457 >= 0.0001
Iteration 25 (max 500)
   eps = 0.058591 >= 0.0001
Iteration 26 (max 500)
   eps = 0.056808 >= 0.0001
Iteration 27 (max 500)
   eps = 0.055082 >= 0.0001
Iteration 28 (max 500)
   eps = 0.053427 >= 0.0001
Iteration 29 (max 500)
   eps = 0.051857 >= 0.0001
Iteration 30 (max 500)
   eps = 0.050628 >= 0.0001
Iteration 31 (max 500)
   eps = 0.049365 >= 0.0001
Iteration 32 (max 500)
   eps = 0.048257 >= 0.0001
Iteration 33 (max 500)
   eps = 0.0473 >= 0.0001
Iteration 34 (max 500)
   eps = 0.046234 >= 0.0001
Iteration 35 (max 500)
   eps = 0.045358 >= 0.0001
Iteration 36 (max 500)
   eps = 0.044216 >= 0.0001
Iteration 37 (max 500)
   eps = 0.043322 >= 0.0001
Iteration 38 (max 500)
   eps = 0.048056 >= 0.0001
Iteration 39 (max 500)
   eps = 0.044295 >= 0.0001
Iteration 40 (max 500)
   eps = 0.041825 >= 0.0001
Iteration 41 (max 500)
   eps = 0.040653 >= 0.0001
Iteration 42 (max 500)
   eps = 0.039772 >= 0.0001
Iteration 43 (max 500)
   eps = 0.038969 >= 0.0001
Iteration 44 (max 500)
   eps = 0.038049 >= 0.0001
Iteration 45 (max 500)
   eps = 0.037203 >= 0.0001
Iteration 46 (max 500)
   eps = 0.036503 >= 0.0001
Iteration 47 (max 500)
   eps = 0.035892 >= 0.0001
Iteration 48 (max 500)
   eps = 0.035308 >= 0.0001
Iteration 49 (max 500)
   eps = 0.03461 >= 0.0001
Iteration 50 (max 500)
   eps = 0.03396 >= 0.0001
Iteration 51 (max 500)
   eps = 0.033375 >= 0.0001
Iteration 52 (max 500)
   eps = 0.032761 >= 0.0001
Iteration 53 (max 500)
   eps = 0.032152 >= 0.0001
Iteration 54 (max 500)
   eps = 0.031607 >= 0.0001
Iteration 55 (max 500)
   eps = 0.031146 >= 0.0001
Iteration 56 (max 500)
   eps = 0.03069 >= 0.0001
Iteration 57 (max 500)
   eps = 0.030291 >= 0.0001
Iteration 58 (max 500)
   eps = 0.029906 >= 0.0001
Iteration 59 (max 500)
   eps = 0.029506 >= 0.0001
Iteration 60 (max 500)
   eps = 0.029085 >= 0.0001
Iteration 61 (max 500)
   eps = 0.028666 >= 0.0001
Iteration 62 (max 500)
   eps = 0.028287 >= 0.0001
Iteration 63 (max 500)
   eps = 0.027873 >= 0.0001
Iteration 64 (max 500)
   eps = 0.027498 >= 0.0001
Iteration 65 (max 500)
   eps = 0.027096 >= 0.0001
Iteration 66 (max 500)
   eps = 0.026767 >= 0.0001
Iteration 67 (max 500)
   eps = 0.026451 >= 0.0001
Iteration 68 (max 500)
   eps = 0.02614 >= 0.0001
Iteration 69 (max 500)
   eps = 0.0258 >= 0.0001
Iteration 70 (max 500)
   eps = 0.025469 >= 0.0001
Iteration 71 (max 500)
   eps = 0.025178 >= 0.0001
Iteration 72 (max 500)
   eps = 0.024892 >= 0.0001
Iteration 73 (max 500)
   eps = 0.024584 >= 0.0001
Iteration 74 (max 500)
   eps = 0.024281 >= 0.0001
Iteration 75 (max 500)
   eps = 0.023977 >= 0.0001
Iteration 76 (max 500)
   eps = 0.023751 >= 0.0001
Iteration 77 (max 500)
   eps = 0.023441 >= 0.0001
Iteration 78 (max 500)
   eps = 0.023155 >= 0.0001
Iteration 79 (max 500)
   eps = 0.022884 >= 0.0001
Iteration 80 (max 500)
   eps = 0.022579 >= 0.0001
Iteration 81 (max 500)
   eps = 0.022288 >= 0.0001
Iteration 82 (max 500)
   eps = 0.021998 >= 0.0001
Iteration 83 (max 500)
   eps = 0.021723 >= 0.0001
Iteration 84 (max 500)
   eps = 0.021447 >= 0.0001
Iteration 85 (max 500)
   eps = 0.021198 >= 0.0001
Iteration 86 (max 500)
   eps = 0.020951 >= 0.0001
Iteration 87 (max 500)
   eps = 0.020709 >= 0.0001
Iteration 88 (max 500)
   eps = 0.020447 >= 0.0001
Iteration 89 (max 500)
   eps = 0.020201 >= 0.0001
Iteration 90 (max 500)
   eps = 0.019935 >= 0.0001
Iteration 91 (max 500)
   eps = 0.019688 >= 0.0001
Iteration 92 (max 500)
   eps = 0.019441 >= 0.0001
Iteration 93 (max 500)
   eps = 0.019184 >= 0.0001
Iteration 94 (max 500)
   eps = 0.018935 >= 0.0001
Iteration 95 (max 500)
   eps = 0.018682 >= 0.0001
Iteration 96 (max 500)
   eps = 0.018428 >= 0.0001
Iteration 97 (max 500)
   eps = 0.018171 >= 0.0001
Iteration 98 (max 500)
   eps = 0.017919 >= 0.0001
Iteration 99 (max 500)
   eps = 0.017664 >= 0.0001
Iteration 100 (max 500)
   eps = 0.01742 >= 0.0001
Iteration 101 (max 500)
   eps = 0.017188 >= 0.0001
Iteration 102 (max 500)
   eps = 0.016952 >= 0.0001
Iteration 103 (max 500)
   eps = 0.016704 >= 0.0001
Iteration 104 (max 500)
   eps = 0.016481 >= 0.0001
Iteration 105 (max 500)
   eps = 0.016266 >= 0.0001
Iteration 106 (max 500)
   eps = 0.016045 >= 0.0001
Iteration 107 (max 500)
   eps = 0.015816 >= 0.0001
Iteration 108 (max 500)
   eps = 0.015604 >= 0.0001
Iteration 109 (max 500)
   eps = 0.015389 >= 0.0001
Iteration 110 (max 500)
   eps = 0.015186 >= 0.0001
Iteration 111 (max 500)
   eps = 0.015004 >= 0.0001
Iteration 112 (max 500)
   eps = 0.014793 >= 0.0001
Iteration 113 (max 500)
   eps = 0.014574 >= 0.0001
Iteration 114 (max 500)
   eps = 0.014365 >= 0.0001
Iteration 115 (max 500)
   eps = 0.014161 >= 0.0001
Iteration 116 (max 500)
   eps = 0.013971 >= 0.0001
Iteration 117 (max 500)
   eps = 0.013745 >= 0.0001
Iteration 118 (max 500)
   eps = 0.013499 >= 0.0001
Iteration 119 (max 500)
   eps = 0.013267 >= 0.0001
Iteration 120 (max 500)
   eps = 0.013041 >= 0.0001
Iteration 121 (max 500)
   eps = 0.01284 >= 0.0001
Iteration 122 (max 500)
   eps = 0.012641 >= 0.0001
Iteration 123 (max 500)
   eps = 0.01244 >= 0.0001
Iteration 124 (max 500)
   eps = 0.012262 >= 0.0001
Iteration 125 (max 500)
   eps = 0.012089 >= 0.0001
Iteration 126 (max 500)
   eps = 0.011919 >= 0.0001
Iteration 127 (max 500)
   eps = 0.011743 >= 0.0001
Iteration 128 (max 500)
   eps = 0.011547 >= 0.0001
Iteration 129 (max 500)
   eps = 0.01139 >= 0.0001
Iteration 130 (max 500)
   eps = 0.011232 >= 0.0001
Iteration 131 (max 500)
   eps = 0.011077 >= 0.0001
Iteration 132 (max 500)
   eps = 0.010905 >= 0.0001
Iteration 133 (max 500)
   eps = 0.010752 >= 0.0001
Iteration 134 (max 500)
   eps = 0.010592 >= 0.0001
Iteration 135 (max 500)
   eps = 0.010455 >= 0.0001
Iteration 136 (max 500)
   eps = 0.010302 >= 0.0001
Iteration 137 (max 500)
   eps = 0.01016 >= 0.0001
Iteration 138 (max 500)
   eps = 0.010019 >= 0.0001
Iteration 139 (max 500)
   eps = 0.009889 >= 0.0001
Iteration 140 (max 500)
   eps = 0.009761 >= 0.0001
Iteration 141 (max 500)
   eps = 0.009641 >= 0.0001
Iteration 142 (max 500)
   eps = 0.009511 >= 0.0001
Iteration 143 (max 500)
   eps = 0.009389 >= 0.0001
Iteration 144 (max 500)
   eps = 0.009259 >= 0.0001
Iteration 145 (max 500)
   eps = 0.009131 >= 0.0001
Iteration 146 (max 500)
   eps = 0.009002 >= 0.0001
Iteration 147 (max 500)
   eps = 0.008879 >= 0.0001
Iteration 148 (max 500)
   eps = 0.008756 >= 0.0001
Iteration 149 (max 500)
   eps = 0.008631 >= 0.0001
Iteration 150 (max 500)
   eps = 0.008513 >= 0.0001
Iteration 151 (max 500)
   eps = 0.008389 >= 0.0001
Iteration 152 (max 500)
   eps = 0.008266 >= 0.0001
Iteration 153 (max 500)
   eps = 0.008158 >= 0.0001
Iteration 154 (max 500)
   eps = 0.008048 >= 0.0001
Iteration 155 (max 500)
   eps = 0.007945 >= 0.0001
Iteration 156 (max 500)
   eps = 0.007833 >= 0.0001
Iteration 157 (max 500)
   eps = 0.007726 >= 0.0001
Iteration 158 (max 500)
   eps = 0.00762 >= 0.0001
Iteration 159 (max 500)
   eps = 0.007514 >= 0.0001
Iteration 160 (max 500)
   eps = 0.007416 >= 0.0001
Iteration 161 (max 500)
   eps = 0.007311 >= 0.0001
Iteration 162 (max 500)
   eps = 0.007215 >= 0.0001
Iteration 163 (max 500)
   eps = 0.007117 >= 0.0001
Iteration 164 (max 500)
   eps = 0.007021 >= 0.0001
Iteration 165 (max 500)
   eps = 0.006924 >= 0.0001
Iteration 166 (max 500)
   eps = 0.00683 >= 0.0001
Iteration 167 (max 500)
   eps = 0.006734 >= 0.0001
Iteration 168 (max 500)
   eps = 0.006637 >= 0.0001
Iteration 169 (max 500)
   eps = 0.006557 >= 0.0001
Iteration 170 (max 500)
   eps = 0.006469 >= 0.0001
Iteration 171 (max 500)
   eps = 0.006388 >= 0.0001
Iteration 172 (max 500)
   eps = 0.006303 >= 0.0001
Iteration 173 (max 500)
   eps = 0.006217 >= 0.0001
Iteration 174 (max 500)
   eps = 0.006133 >= 0.0001
Iteration 175 (max 500)
   eps = 0.006043 >= 0.0001
Iteration 176 (max 500)
   eps = 0.005958 >= 0.0001
Iteration 177 (max 500)
   eps = 0.005872 >= 0.0001
Iteration 178 (max 500)
   eps = 0.005788 >= 0.0001
Iteration 179 (max 500)
   eps = 0.005703 >= 0.0001
Iteration 180 (max 500)
   eps = 0.005624 >= 0.0001
Iteration 181 (max 500)
   eps = 0.005546 >= 0.0001
Iteration 182 (max 500)
   eps = 0.00547 >= 0.0001
Iteration 183 (max 500)
   eps = 0.005397 >= 0.0001
Iteration 184 (max 500)
   eps = 0.005323 >= 0.0001
Iteration 185 (max 500)
   eps = 0.005252 >= 0.0001
Iteration 186 (max 500)
   eps = 0.005182 >= 0.0001
Iteration 187 (max 500)
   eps = 0.005111 >= 0.0001
Iteration 188 (max 500)
   eps = 0.00504 >= 0.0001
Iteration 189 (max 500)
   eps = 0.004971 >= 0.0001
Iteration 190 (max 500)
   eps = 0.0049 >= 0.0001
Iteration 191 (max 500)
   eps = 0.004827 >= 0.0001
Iteration 192 (max 500)
   eps = 0.004761 >= 0.0001
Iteration 193 (max 500)
   eps = 0.004697 >= 0.0001
Iteration 194 (max 500)
   eps = 0.004635 >= 0.0001
Iteration 195 (max 500)
   eps = 0.004569 >= 0.0001
Iteration 196 (max 500)
   eps = 0.004503 >= 0.0001
Iteration 197 (max 500)
   eps = 0.004436 >= 0.0001
Iteration 198 (max 500)
   eps = 0.004369 >= 0.0001
Iteration 199 (max 500)
   eps = 0.004304 >= 0.0001
Iteration 200 (max 500)
   eps = 0.00424 >= 0.0001
Iteration 201 (max 500)
   eps = 0.00418 >= 0.0001
Iteration 202 (max 500)
   eps = 0.00412 >= 0.0001
Iteration 203 (max 500)
   eps = 0.004057 >= 0.0001
Iteration 204 (max 500)
   eps = 0.003996 >= 0.0001
Iteration 205 (max 500)
   eps = 0.003938 >= 0.0001
Iteration 206 (max 500)
   eps = 0.003877 >= 0.0001
Iteration 207 (max 500)
   eps = 0.00382 >= 0.0001
Iteration 208 (max 500)
   eps = 0.00376 >= 0.0001
Iteration 209 (max 500)
   eps = 0.003706 >= 0.0001
Iteration 210 (max 500)
   eps = 0.003653 >= 0.0001
Iteration 211 (max 500)
   eps = 0.003602 >= 0.0001
Iteration 212 (max 500)
   eps = 0.003555 >= 0.0001
Iteration 213 (max 500)
   eps = 0.00351 >= 0.0001
Iteration 214 (max 500)
   eps = 0.003465 >= 0.0001
Iteration 215 (max 500)
   eps = 0.003417 >= 0.0001
Iteration 216 (max 500)
   eps = 0.003369 >= 0.0001
Iteration 217 (max 500)
   eps = 0.003325 >= 0.0001
Iteration 218 (max 500)
   eps = 0.003278 >= 0.0001
Iteration 219 (max 500)
   eps = 0.003231 >= 0.0001
Iteration 220 (max 500)
   eps = 0.003185 >= 0.0001
Iteration 221 (max 500)
   eps = 0.003133 >= 0.0001
Iteration 222 (max 500)
   eps = 0.003086 >= 0.0001
Iteration 223 (max 500)
   eps = 0.003037 >= 0.0001
Iteration 224 (max 500)
   eps = 0.00299 >= 0.0001
Iteration 225 (max 500)
   eps = 0.002948 >= 0.0001
Iteration 226 (max 500)
   eps = 0.002905 >= 0.0001
Iteration 227 (max 500)
   eps = 0.002866 >= 0.0001
Iteration 228 (max 500)
   eps = 0.002824 >= 0.0001
Iteration 229 (max 500)
   eps = 0.002784 >= 0.0001
Iteration 230 (max 500)
   eps = 0.002743 >= 0.0001
Iteration 231 (max 500)
   eps = 0.002703 >= 0.0001
Iteration 232 (max 500)
   eps = 0.002664 >= 0.0001
Iteration 233 (max 500)
   eps = 0.002627 >= 0.0001
Iteration 234 (max 500)
   eps = 0.00259 >= 0.0001
Iteration 235 (max 500)
   eps = 0.002553 >= 0.0001
Iteration 236 (max 500)
   eps = 0.002516 >= 0.0001
Iteration 237 (max 500)
   eps = 0.00248 >= 0.0001
Iteration 238 (max 500)
   eps = 0.002442 >= 0.0001
Iteration 239 (max 500)
   eps = 0.002406 >= 0.0001
Iteration 240 (max 500)
   eps = 0.002367 >= 0.0001
Iteration 241 (max 500)
   eps = 0.00233 >= 0.0001
Iteration 242 (max 500)
   eps = 0.002294 >= 0.0001
Iteration 243 (max 500)
   eps = 0.002258 >= 0.0001
Iteration 244 (max 500)
   eps = 0.002223 >= 0.0001
Iteration 245 (max 500)
   eps = 0.002192 >= 0.0001
Iteration 246 (max 500)
   eps = 0.002163 >= 0.0001
Iteration 247 (max 500)
   eps = 0.002133 >= 0.0001
Iteration 248 (max 500)
   eps = 0.002102 >= 0.0001
Iteration 249 (max 500)
   eps = 0.002073 >= 0.0001
Iteration 250 (max 500)
   eps = 0.002043 >= 0.0001
Iteration 251 (max 500)
   eps = 0.002015 >= 0.0001
Iteration 252 (max 500)
   eps = 0.001986 >= 0.0001
Iteration 253 (max 500)
   eps = 0.001958 >= 0.0001
Iteration 254 (max 500)
   eps = 0.001928 >= 0.0001
Iteration 255 (max 500)
   eps = 0.001902 >= 0.0001
Iteration 256 (max 500)
   eps = 0.001878 >= 0.0001
Iteration 257 (max 500)
   eps = 0.001849 >= 0.0001
Iteration 258 (max 500)
   eps = 0.001823 >= 0.0001
Iteration 259 (max 500)
   eps = 0.001797 >= 0.0001
Iteration 260 (max 500)
   eps = 0.00177 >= 0.0001
Iteration 261 (max 500)
   eps = 0.001744 >= 0.0001
Iteration 262 (max 500)
   eps = 0.00172 >= 0.0001
Iteration 263 (max 500)
   eps = 0.001694 >= 0.0001
Iteration 264 (max 500)
   eps = 0.00167 >= 0.0001
Iteration 265 (max 500)
   eps = 0.001644 >= 0.0001
Iteration 266 (max 500)
   eps = 0.001617 >= 0.0001
Iteration 267 (max 500)
   eps = 0.001588 >= 0.0001
Iteration 268 (max 500)
   eps = 0.00156 >= 0.0001
Iteration 269 (max 500)
   eps = 0.001532 >= 0.0001
Iteration 270 (max 500)
   eps = 0.001505 >= 0.0001
Iteration 271 (max 500)
   eps = 0.001481 >= 0.0001
Iteration 272 (max 500)
   eps = 0.001457 >= 0.0001
Iteration 273 (max 500)
   eps = 0.001434 >= 0.0001
Iteration 274 (max 500)
   eps = 0.001413 >= 0.0001
Iteration 275 (max 500)
   eps = 0.001394 >= 0.0001
Iteration 276 (max 500)
   eps = 0.001374 >= 0.0001
Iteration 277 (max 500)
   eps = 0.001352 >= 0.0001
Iteration 278 (max 500)
   eps = 0.001332 >= 0.0001
Iteration 279 (max 500)
   eps = 0.001312 >= 0.0001
Iteration 280 (max 500)
   eps = 0.001291 >= 0.0001
Iteration 281 (max 500)
   eps = 0.001272 >= 0.0001
Iteration 282 (max 500)
   eps = 0.001253 >= 0.0001
Iteration 283 (max 500)
   eps = 0.001233 >= 0.0001
Iteration 284 (max 500)
   eps = 0.001214 >= 0.0001
Iteration 285 (max 500)
   eps = 0.001195 >= 0.0001
Iteration 286 (max 500)
   eps = 0.001176 >= 0.0001
Iteration 287 (max 500)
   eps = 0.001158 >= 0.0001
Iteration 288 (max 500)
   eps = 0.001141 >= 0.0001
Iteration 289 (max 500)
   eps = 0.001119 >= 0.0001
Iteration 290 (max 500)
   eps = 0.001107 >= 0.0001
Iteration 291 (max 500)
   eps = 0.001093 >= 0.0001
Iteration 292 (max 500)
   eps = 0.001076 >= 0.0001
Iteration 293 (max 500)
   eps = 0.00106 >= 0.0001
Iteration 294 (max 500)
   eps = 0.001042 >= 0.0001
Iteration 295 (max 500)
   eps = 0.001026 >= 0.0001
Iteration 296 (max 500)
   eps = 0.001009 >= 0.0001
Iteration 297 (max 500)
   eps = 0.000993 >= 0.0001
Iteration 298 (max 500)
   eps = 0.000979 >= 0.0001
Iteration 299 (max 500)
   eps = 0.000964 >= 0.0001
Iteration 300 (max 500)
   eps = 0.000948 >= 0.0001
Iteration 301 (max 500)
   eps = 0.000932 >= 0.0001
Iteration 302 (max 500)
   eps = 0.000917 >= 0.0001
Iteration 303 (max 500)
   eps = 0.000904 >= 0.0001
Iteration 304 (max 500)
   eps = 0.000891 >= 0.0001
Iteration 305 (max 500)
   eps = 0.000878 >= 0.0001
Iteration 306 (max 500)
   eps = 0.000863 >= 0.0001
Iteration 307 (max 500)
   eps = 0.000851 >= 0.0001
Iteration 308 (max 500)
   eps = 0.00084 >= 0.0001
Iteration 309 (max 500)
   eps = 0.00083 >= 0.0001
Iteration 310 (max 500)
   eps = 0.000818 >= 0.0001
Iteration 311 (max 500)
   eps = 0.000806 >= 0.0001
Iteration 312 (max 500)
   eps = 0.000793 >= 0.0001
Iteration 313 (max 500)
   eps = 0.000779 >= 0.0001
Iteration 314 (max 500)
   eps = 0.000767 >= 0.0001
Iteration 315 (max 500)
   eps = 0.000757 >= 0.0001
Iteration 316 (max 500)
   eps = 0.000748 >= 0.0001
Iteration 317 (max 500)
   eps = 0.000736 >= 0.0001
Iteration 318 (max 500)
   eps = 0.000727 >= 0.0001
Iteration 319 (max 500)
   eps = 0.000717 >= 0.0001
Iteration 320 (max 500)
   eps = 0.000706 >= 0.0001
Iteration 321 (max 500)
   eps = 0.000694 >= 0.0001
Iteration 322 (max 500)
   eps = 0.000683 >= 0.0001
Iteration 323 (max 500)
   eps = 0.000671 >= 0.0001
Iteration 324 (max 500)
   eps = 0.00066 >= 0.0001
Iteration 325 (max 500)
   eps = 0.000649 >= 0.0001
Iteration 326 (max 500)
   eps = 0.000637 >= 0.0001
Iteration 327 (max 500)
   eps = 0.000627 >= 0.0001
Iteration 328 (max 500)
   eps = 0.000618 >= 0.0001
Iteration 329 (max 500)
   eps = 0.000609 >= 0.0001
Iteration 330 (max 500)
   eps = 0.000599 >= 0.0001
Iteration 331 (max 500)
   eps = 0.00059 >= 0.0001
Iteration 332 (max 500)
   eps = 0.000581 >= 0.0001
Iteration 333 (max 500)
   eps = 0.000572 >= 0.0001
Iteration 334 (max 500)
   eps = 0.000563 >= 0.0001
Iteration 335 (max 500)
   eps = 0.000555 >= 0.0001
Iteration 336 (max 500)
   eps = 0.000547 >= 0.0001
Iteration 337 (max 500)
   eps = 0.000539 >= 0.0001
Iteration 338 (max 500)
   eps = 0.00053 >= 0.0001
Iteration 339 (max 500)
   eps = 0.000522 >= 0.0001
Iteration 340 (max 500)
   eps = 0.000514 >= 0.0001
Iteration 341 (max 500)
   eps = 0.000505 >= 0.0001
Iteration 342 (max 500)
   eps = 0.000498 >= 0.0001
Iteration 343 (max 500)
   eps = 0.00049 >= 0.0001
Iteration 344 (max 500)
   eps = 0.000484 >= 0.0001
Iteration 345 (max 500)
   eps = 0.000477 >= 0.0001
Iteration 346 (max 500)
   eps = 0.00047 >= 0.0001
Iteration 347 (max 500)
   eps = 0.000464 >= 0.0001
Iteration 348 (max 500)
   eps = 0.000457 >= 0.0001
Iteration 349 (max 500)
   eps = 0.00045 >= 0.0001
Iteration 350 (max 500)
   eps = 0.000444 >= 0.0001
Iteration 351 (max 500)
   eps = 0.000436 >= 0.0001
Iteration 352 (max 500)
   eps = 0.000428 >= 0.0001
Iteration 353 (max 500)
   eps = 0.000421 >= 0.0001
Iteration 354 (max 500)
   eps = 0.000413 >= 0.0001
Iteration 355 (max 500)
   eps = 0.000406 >= 0.0001
Iteration 356 (max 500)
   eps = 0.000399 >= 0.0001
Iteration 357 (max 500)
   eps = 0.000393 >= 0.0001
Iteration 358 (max 500)
   eps = 0.000387 >= 0.0001
Iteration 359 (max 500)
   eps = 0.000381 >= 0.0001
Iteration 360 (max 500)
   eps = 0.000375 >= 0.0001
Iteration 361 (max 500)
   eps = 0.000368 >= 0.0001
Iteration 362 (max 500)
   eps = 0.000362 >= 0.0001
Iteration 363 (max 500)
   eps = 0.000356 >= 0.0001
Iteration 364 (max 500)
   eps = 0.00035 >= 0.0001
Iteration 365 (max 500)
   eps = 0.000345 >= 0.0001
Iteration 366 (max 500)
   eps = 0.000339 >= 0.0001
Iteration 367 (max 500)
   eps = 0.000334 >= 0.0001
Iteration 368 (max 500)
   eps = 0.000328 >= 0.0001
Iteration 369 (max 500)
   eps = 0.000323 >= 0.0001
Iteration 370 (max 500)
   eps = 0.000318 >= 0.0001
Iteration 371 (max 500)
   eps = 0.000313 >= 0.0001
Iteration 372 (max 500)
   eps = 0.000309 >= 0.0001
Iteration 373 (max 500)
   eps = 0.000305 >= 0.0001
Iteration 374 (max 500)
   eps = 0.0003 >= 0.0001
Iteration 375 (max 500)
   eps = 0.000296 >= 0.0001
Iteration 376 (max 500)
   eps = 0.000291 >= 0.0001
Iteration 377 (max 500)
   eps = 0.000286 >= 0.0001
Iteration 378 (max 500)
   eps = 0.000282 >= 0.0001
Iteration 379 (max 500)
   eps = 0.000277 >= 0.0001
Iteration 380 (max 500)
   eps = 0.000272 >= 0.0001
Iteration 381 (max 500)
   eps = 0.000267 >= 0.0001
Iteration 382 (max 500)
   eps = 0.000262 >= 0.0001
Iteration 383 (max 500)
   eps = 0.000258 >= 0.0001
Iteration 384 (max 500)
   eps = 0.000254 >= 0.0001
Iteration 385 (max 500)
   eps = 0.00025 >= 0.0001
Iteration 386 (max 500)
   eps = 0.000247 >= 0.0001
Iteration 387 (max 500)
   eps = 0.000243 >= 0.0001
Iteration 388 (max 500)
   eps = 0.000239 >= 0.0001
Iteration 389 (max 500)
   eps = 0.000234 >= 0.0001
Iteration 390 (max 500)
   eps = 0.00023 >= 0.0001
Iteration 391 (max 500)
   eps = 0.000226 >= 0.0001
Iteration 392 (max 500)
   eps = 0.000222 >= 0.0001
Iteration 393 (max 500)
   eps = 0.000218 >= 0.0001
Iteration 394 (max 500)
   eps = 0.000215 >= 0.0001
Iteration 395 (max 500)
   eps = 0.000211 >= 0.0001
Iteration 396 (max 500)
   eps = 0.000208 >= 0.0001
Iteration 397 (max 500)
   eps = 0.000205 >= 0.0001
Iteration 398 (max 500)
   eps = 0.000202 >= 0.0001
Iteration 399 (max 500)
   eps = 0.000199 >= 0.0001
Iteration 400 (max 500)
   eps = 0.000196 >= 0.0001
Iteration 401 (max 500)
   eps = 0.000192 >= 0.0001
Iteration 402 (max 500)
   eps = 0.000189 >= 0.0001
Iteration 403 (max 500)
   eps = 0.000187 >= 0.0001
Iteration 404 (max 500)
   eps = 0.000184 >= 0.0001
Iteration 405 (max 500)
   eps = 0.000181 >= 0.0001
Iteration 406 (max 500)
   eps = 0.000178 >= 0.0001
Iteration 407 (max 500)
   eps = 0.000175 >= 0.0001
Iteration 408 (max 500)
   eps = 0.000172 >= 0.0001
Iteration 409 (max 500)
   eps = 0.000169 >= 0.0001
Iteration 410 (max 500)
   eps = 0.000167 >= 0.0001
Iteration 411 (max 500)
   eps = 0.000165 >= 0.0001
Iteration 412 (max 500)
   eps = 0.000162 >= 0.0001
Iteration 413 (max 500)
   eps = 0.000159 >= 0.0001
Iteration 414 (max 500)
   eps = 0.000156 >= 0.0001
Iteration 415 (max 500)
   eps = 0.000154 >= 0.0001
Iteration 416 (max 500)
   eps = 0.000151 >= 0.0001
Iteration 417 (max 500)
   eps = 0.000149 >= 0.0001
Iteration 418 (max 500)
   eps = 0.000146 >= 0.0001
Iteration 419 (max 500)
   eps = 0.000144 >= 0.0001
Iteration 420 (max 500)
   eps = 0.000141 >= 0.0001
Iteration 421 (max 500)
   eps = 0.000139 >= 0.0001
Iteration 422 (max 500)
   eps = 0.000137 >= 0.0001
Iteration 423 (max 500)
   eps = 0.000135 >= 0.0001
Iteration 424 (max 500)
   eps = 0.000132 >= 0.0001
Iteration 425 (max 500)
   eps = 0.00013 >= 0.0001
Iteration 426 (max 500)
   eps = 0.000128 >= 0.0001
Iteration 427 (max 500)
   eps = 0.000126 >= 0.0001
Iteration 428 (max 500)
   eps = 0.000124 >= 0.0001
Iteration 429 (max 500)
   eps = 0.000122 >= 0.0001
Iteration 430 (max 500)
   eps = 0.00012 >= 0.0001
Iteration 431 (max 500)
   eps = 0.000118 >= 0.0001
Iteration 432 (max 500)
   eps = 0.000116 >= 0.0001
Iteration 433 (max 500)
   eps = 0.000115 >= 0.0001
Iteration 434 (max 500)
   eps = 0.000113 >= 0.0001
Iteration 435 (max 500)
   eps = 0.000111 >= 0.0001
Iteration 436 (max 500)
   eps = 0.000109 >= 0.0001
Iteration 437 (max 500)
   eps = 0.000107 >= 0.0001
Iteration 438 (max 500)
   eps = 0.000106 >= 0.0001
Iteration 439 (max 500)
   eps = 0.000104 >= 0.0001
Iteration 440 (max 500)
   eps = 0.000102 >= 0.0001
Iteration 441 (max 500)
   eps = 0.000101 >= 0.0001
Iteration 442 (max 500)
Time spent by the wind speed solver: 225.95206356048584 s
Rotates geometries from -45.0 degrees
Interp succeeded!!! for tmp_file
Interp succeeded!!! for tmp_file
Interp succeeded!!! for tmp_file
Interp succeeded!!! for tmp_file
Interp succeeded!!! for tmp_file
Interp succeeded!!! for tmp_file
Process 3995973: Successfully ran URock for tile output 'wind_field_raw_tile_20'.
Process 3995973: Elapsed time for URock ('wind_field_raw_tile_20'): 592.84 seconds.
[Master] Process 3995973 - Tile 20: Finished processing.
[Master] 3995973: exit signal
Info: Debuffered '/storage/project/r-rbasu31-0/hyu483/Test_UMEP/UROCK_output_35_spawn/temp_intermediate_files/tile_20_urock_raw_outputs/z1_5/wind_field_raw_tile_20WS.tif' to '/storage/project/r-rbasu31-0/hyu483/Test_UMEP/UROCK_output_35_spawn/urock_tiled_output/urock_wind_field_tile_20WS.tif' (original extent: (234182.59099838723, 902132.4833440109, 234382.59099838723, 902332.4833440109)).
Connecting to database
	->/tmp/URock_2025-12-21T1808414bb77c4a-d3f6-4fcc-99d8-584e676fc36f/myDbH2
/storage/home/hcoda1/4/hyu483/qgis_332/profiles/default/python/plugins/processing_umep/functions/URock/h2gis-standalone/h2gis-dist-2.2.3.jar
Connected!

Spatial functions added!

Load input data
Load table 'build_pre_srid_20251221180900'
Load table 'veg_pre_srid_20251221180900'
Creates blocks and stacked blocks
Rotates geometries from 45.0 degrees
Identify block base height and block cavity base
Calculates obstacle properties
Calculates zone properties
Initializes upwind facades
Update upwind facades base height
Initializes downwind facades
Calculates study area properties
Roughness zone properties are:

                                 - z0: 1.6078249307699701
                                 - d: 7.621673386595351
                                 - Hr: 10.718832871799801
                                 - H_ob_max: 78
                                 - lambda_f: 0.18158402938418716
Rotates geometries from -45.0 degrees
Rotates geometries from -45.0 degrees
Rotates geometries from -45.0 degrees
Creates displacement zones
Rotates geometries from -45.0 degrees
Rotates geometries from -45.0 degrees
Creates cavity and wake zones
Rotates geometries from -45.0 degrees
Rotates geometries from -45.0 degrees
Creates street canyon zones
Rotates geometries from -45.0 degrees
Creates rooftop zones (perpendicular and corner)
Rotates geometries from -45.0 degrees
Rotates geometries from -45.0 degrees
Creates built-up and open vegetation zones
Rotates geometries from -45.0 degrees
Rotates geometries from -45.0 degrees
Identify the buildings concerned by the impacted zone chosen by the user
Creates the grid of points
Affects each grid point to a building Rockle zone and calculates needed 
          variables for 3D wind speed
Affects each grid point to a vegetation Rockle zone and calculates 
          needed variables for 3D wind speed
Remove some of the Röckle zone points
Creates backward zones
Calculates the 3D wind speed factor value for each point of each BUILDING zone
Rotates geometries from -45.0 degrees
Rotates geometries from -45.0 degrees
Rotates geometries from -45.0 degrees
Rotates geometries from -45.0 degrees
Rotates geometries from -45.0 degrees
Rotates geometries from -45.0 degrees
Rotates geometries from -45.0 degrees
Rotates geometries from -45.0 degrees
Rotates geometries from -45.0 degrees
Calculates the 3D wind speed factor value for each point of each VEGETATION zone
Rotates geometries from -45.0 degrees
Deals with superimposition (keeps only 1 value per 3D point)
Deals with superimposition (keeps only 1 value per 3D point)
Identify upstreamer points in TEMPO_WEIGHTING table
Identify upstreamer points in TEMPO_PRIORITIES table
Identify upstreamer points in TEMPO_PRIORITIES_WEIGHT table
Deals with superimposition (keeps only 1 value per 3D point)
Identify upstreamer points in TEMPO_WEIGHTING table
Identify upstreamer points in TEMPO_PRIORITIES table
Identify upstreamer points in TEMPO_PRIORITIES_WEIGHT table
Rotates geometries from -45.0 degrees
Identify grid points intersecting buildings
Set the initial 3D wind speed field
Time spent for wind speed initialization: 276.60465693473816 s
Shape: (307, 361, 39) - Nb cells: 4322253
Start to apply the wind solver
Iteration 1 (max 500)
   eps = 0.629431 >= 0.0001
Iteration 2 (max 500)
   eps = 0.433758 >= 0.0001
Iteration 3 (max 500)
   eps = 0.34224 >= 0.0001
Iteration 4 (max 500)
   eps = 0.283454 >= 0.0001
Iteration 5 (max 500)
   eps = 0.238016 >= 0.0001
Iteration 6 (max 500)
   eps = 0.204698 >= 0.0001
Iteration 7 (max 500)
   eps = 0.180356 >= 0.0001
Iteration 8 (max 500)
   eps = 0.161072 >= 0.0001
Iteration 9 (max 500)
   eps = 0.144886 >= 0.0001
Iteration 10 (max 500)
   eps = 0.130483 >= 0.0001
Iteration 11 (max 500)
   eps = 0.117796 >= 0.0001
Iteration 12 (max 500)
   eps = 0.107448 >= 0.0001
Iteration 13 (max 500)
   eps = 0.098849 >= 0.0001
Iteration 14 (max 500)
   eps = 0.091735 >= 0.0001
Iteration 15 (max 500)
   eps = 0.085898 >= 0.0001
Iteration 16 (max 500)
   eps = 0.081038 >= 0.0001
Iteration 17 (max 500)
   eps = 0.076631 >= 0.0001
Iteration 18 (max 500)
   eps = 0.072642 >= 0.0001
Iteration 19 (max 500)
   eps = 0.068948 >= 0.0001
Iteration 20 (max 500)
   eps = 0.065646 >= 0.0001
Iteration 21 (max 500)
   eps = 0.062665 >= 0.0001
Iteration 22 (max 500)
   eps = 0.060017 >= 0.0001
Iteration 23 (max 500)
   eps = 0.05771 >= 0.0001
Iteration 24 (max 500)
   eps = 0.055759 >= 0.0001
Iteration 25 (max 500)
   eps = 0.053986 >= 0.0001
Iteration 26 (max 500)
   eps = 0.052346 >= 0.0001
Iteration 27 (max 500)
   eps = 0.050821 >= 0.0001
Iteration 28 (max 500)
   eps = 0.049368 >= 0.0001
Iteration 29 (max 500)
   eps = 0.048015 >= 0.0001
Iteration 30 (max 500)
   eps = 0.046736 >= 0.0001
Iteration 31 (max 500)
   eps = 0.04552 >= 0.0001
Iteration 32 (max 500)
   eps = 0.044588 >= 0.0001
Iteration 33 (max 500)
   eps = 0.043796 >= 0.0001
Iteration 34 (max 500)
   eps = 0.042931 >= 0.0001
Iteration 35 (max 500)
   eps = 0.041948 >= 0.0001
Iteration 36 (max 500)
   eps = 0.041086 >= 0.0001
Iteration 37 (max 500)
   eps = 0.045282 >= 0.0001
Iteration 38 (max 500)
   eps = 0.042135 >= 0.0001
Iteration 39 (max 500)
   eps = 0.039815 >= 0.0001
Iteration 40 (max 500)
   eps = 0.038874 >= 0.0001
Iteration 41 (max 500)
   eps = 0.038098 >= 0.0001
Iteration 42 (max 500)
   eps = 0.037526 >= 0.0001
Iteration 43 (max 500)
   eps = 0.036825 >= 0.0001
Iteration 44 (max 500)
   eps = 0.036305 >= 0.0001
Iteration 45 (max 500)
   eps = 0.035758 >= 0.0001
Iteration 46 (max 500)
   eps = 0.035153 >= 0.0001
Iteration 47 (max 500)
   eps = 0.034612 >= 0.0001
Iteration 48 (max 500)
   eps = 0.034062 >= 0.0001
Iteration 49 (max 500)
   eps = 0.033552 >= 0.0001
Iteration 50 (max 500)
   eps = 0.033059 >= 0.0001
Iteration 51 (max 500)
   eps = 0.032574 >= 0.0001
Iteration 52 (max 500)
   eps = 0.032137 >= 0.0001
Iteration 53 (max 500)
   eps = 0.031724 >= 0.0001
Iteration 54 (max 500)
   eps = 0.03135 >= 0.0001
Iteration 55 (max 500)
   eps = 0.030956 >= 0.0001
Iteration 56 (max 500)
   eps = 0.030582 >= 0.0001
Iteration 57 (max 500)
   eps = 0.030199 >= 0.0001
Iteration 58 (max 500)
   eps = 0.029828 >= 0.0001
Iteration 59 (max 500)
   eps = 0.02947 >= 0.0001
Iteration 60 (max 500)
   eps = 0.029115 >= 0.0001
Iteration 61 (max 500)
   eps = 0.028741 >= 0.0001
Iteration 62 (max 500)
   eps = 0.028371 >= 0.0001
Iteration 63 (max 500)
   eps = 0.02798 >= 0.0001
Iteration 64 (max 500)
   eps = 0.027588 >= 0.0001
Iteration 65 (max 500)
   eps = 0.027226 >= 0.0001
Iteration 66 (max 500)
   eps = 0.026877 >= 0.0001
Iteration 67 (max 500)
   eps = 0.026546 >= 0.0001
Iteration 68 (max 500)
   eps = 0.026207 >= 0.0001
Iteration 69 (max 500)
   eps = 0.025898 >= 0.0001
Iteration 70 (max 500)
   eps = 0.025593 >= 0.0001
Iteration 71 (max 500)
   eps = 0.025318 >= 0.0001
Iteration 72 (max 500)
   eps = 0.025053 >= 0.0001
Iteration 73 (max 500)
   eps = 0.024788 >= 0.0001
Iteration 74 (max 500)
   eps = 0.024567 >= 0.0001
Iteration 75 (max 500)
   eps = 0.024308 >= 0.0001
Iteration 76 (max 500)
   eps = 0.023998 >= 0.0001
Iteration 77 (max 500)
   eps = 0.023696 >= 0.0001
Iteration 78 (max 500)
   eps = 0.023399 >= 0.0001
Iteration 79 (max 500)
   eps = 0.023106 >= 0.0001
Iteration 80 (max 500)
   eps = 0.022844 >= 0.0001
Iteration 81 (max 500)
   eps = 0.022566 >= 0.0001
Iteration 82 (max 500)
   eps = 0.02229 >= 0.0001
Iteration 83 (max 500)
   eps = 0.022022 >= 0.0001
Iteration 84 (max 500)
   eps = 0.021766 >= 0.0001
Iteration 85 (max 500)
   eps = 0.021496 >= 0.0001
Iteration 86 (max 500)
   eps = 0.021234 >= 0.0001
Iteration 87 (max 500)
   eps = 0.020959 >= 0.0001
Iteration 88 (max 500)
   eps = 0.020697 >= 0.0001
Iteration 89 (max 500)
   eps = 0.020415 >= 0.0001
Iteration 90 (max 500)
   eps = 0.020117 >= 0.0001
Iteration 91 (max 500)
   eps = 0.019816 >= 0.0001
Iteration 92 (max 500)
   eps = 0.019521 >= 0.0001
Iteration 93 (max 500)
   eps = 0.019229 >= 0.0001
Iteration 94 (max 500)
   eps = 0.018951 >= 0.0001
Iteration 95 (max 500)
   eps = 0.018679 >= 0.0001
Iteration 96 (max 500)
   eps = 0.018424 >= 0.0001
Iteration 97 (max 500)
   eps = 0.018171 >= 0.0001
Iteration 98 (max 500)
   eps = 0.017911 >= 0.0001
Iteration 99 (max 500)
   eps = 0.01767 >= 0.0001
Iteration 100 (max 500)
   eps = 0.017419 >= 0.0001
Iteration 101 (max 500)
   eps = 0.017209 >= 0.0001
Iteration 102 (max 500)
   eps = 0.017005 >= 0.0001
Iteration 103 (max 500)
   eps = 0.016799 >= 0.0001
Iteration 104 (max 500)
   eps = 0.016546 >= 0.0001
Iteration 105 (max 500)
   eps = 0.016324 >= 0.0001
Iteration 106 (max 500)
   eps = 0.016091 >= 0.0001
Iteration 107 (max 500)
   eps = 0.015872 >= 0.0001
Iteration 108 (max 500)
   eps = 0.015661 >= 0.0001
Iteration 109 (max 500)
   eps = 0.015427 >= 0.0001
Iteration 110 (max 500)
   eps = 0.015202 >= 0.0001
Iteration 111 (max 500)
   eps = 0.014999 >= 0.0001
Iteration 112 (max 500)
   eps = 0.014771 >= 0.0001
Iteration 113 (max 500)
   eps = 0.014564 >= 0.0001
Iteration 114 (max 500)
   eps = 0.01435 >= 0.0001
Iteration 115 (max 500)
   eps = 0.014133 >= 0.0001
Iteration 116 (max 500)
   eps = 0.013924 >= 0.0001
Iteration 117 (max 500)
   eps = 0.013722 >= 0.0001
Iteration 118 (max 500)
   eps = 0.013515 >= 0.0001
Iteration 119 (max 500)
   eps = 0.013318 >= 0.0001
Iteration 120 (max 500)
   eps = 0.01313 >= 0.0001
Iteration 121 (max 500)
   eps = 0.01296 >= 0.0001
Iteration 122 (max 500)
   eps = 0.012793 >= 0.0001
Iteration 123 (max 500)
   eps = 0.012627 >= 0.0001
Iteration 124 (max 500)
   eps = 0.012442 >= 0.0001
Iteration 125 (max 500)
   eps = 0.012278 >= 0.0001
Iteration 126 (max 500)
   eps = 0.012117 >= 0.0001
Iteration 127 (max 500)
   eps = 0.011943 >= 0.0001
Iteration 128 (max 500)
   eps = 0.01178 >= 0.0001
Iteration 129 (max 500)
   eps = 0.011614 >= 0.0001
Iteration 130 (max 500)
   eps = 0.011458 >= 0.0001
Iteration 131 (max 500)
   eps = 0.011302 >= 0.0001
Iteration 132 (max 500)
   eps = 0.011145 >= 0.0001
Iteration 133 (max 500)
   eps = 0.011007 >= 0.0001
Iteration 134 (max 500)
   eps = 0.010878 >= 0.0001
Iteration 135 (max 500)
   eps = 0.010732 >= 0.0001
Iteration 136 (max 500)
   eps = 0.01059 >= 0.0001
Iteration 137 (max 500)
   eps = 0.01044 >= 0.0001
Iteration 138 (max 500)
   eps = 0.010314 >= 0.0001
Iteration 139 (max 500)
   eps = 0.01018 >= 0.0001
Iteration 140 (max 500)
   eps = 0.01006 >= 0.0001
Iteration 141 (max 500)
   eps = 0.009918 >= 0.0001
Iteration 142 (max 500)
   eps = 0.009814 >= 0.0001
Iteration 143 (max 500)
   eps = 0.00969 >= 0.0001
Iteration 144 (max 500)
   eps = 0.009576 >= 0.0001
Iteration 145 (max 500)
   eps = 0.009454 >= 0.0001
Iteration 146 (max 500)
   eps = 0.00934 >= 0.0001
Iteration 147 (max 500)
   eps = 0.009202 >= 0.0001
Iteration 148 (max 500)
   eps = 0.009077 >= 0.0001
Iteration 149 (max 500)
   eps = 0.008954 >= 0.0001
Iteration 150 (max 500)
   eps = 0.008847 >= 0.0001
Iteration 151 (max 500)
   eps = 0.008731 >= 0.0001
Iteration 152 (max 500)
   eps = 0.008618 >= 0.0001
Iteration 153 (max 500)
   eps = 0.008501 >= 0.0001
Iteration 154 (max 500)
   eps = 0.008393 >= 0.0001
Iteration 155 (max 500)
   eps = 0.008283 >= 0.0001
Iteration 156 (max 500)
   eps = 0.00817 >= 0.0001
Iteration 157 (max 500)
   eps = 0.008059 >= 0.0001
Iteration 158 (max 500)
   eps = 0.007953 >= 0.0001
Iteration 159 (max 500)
   eps = 0.007847 >= 0.0001
Iteration 160 (max 500)
   eps = 0.007753 >= 0.0001
Iteration 161 (max 500)
   eps = 0.007653 >= 0.0001
Iteration 162 (max 500)
   eps = 0.007551 >= 0.0001
Iteration 163 (max 500)
   eps = 0.007456 >= 0.0001
Iteration 164 (max 500)
   eps = 0.007361 >= 0.0001
Iteration 165 (max 500)
   eps = 0.007266 >= 0.0001
Iteration 166 (max 500)
   eps = 0.007173 >= 0.0001
Iteration 167 (max 500)
   eps = 0.007071 >= 0.0001
Iteration 168 (max 500)
   eps = 0.006979 >= 0.0001
Iteration 169 (max 500)
   eps = 0.006895 >= 0.0001
Iteration 170 (max 500)
   eps = 0.006817 >= 0.0001
Iteration 171 (max 500)
   eps = 0.00675 >= 0.0001
Iteration 172 (max 500)
   eps = 0.00666 >= 0.0001
Iteration 173 (max 500)
   eps = 0.006563 >= 0.0001
Iteration 174 (max 500)
   eps = 0.006456 >= 0.0001
Iteration 175 (max 500)
   eps = 0.006355 >= 0.0001
Iteration 176 (max 500)
   eps = 0.006257 >= 0.0001
Iteration 177 (max 500)
   eps = 0.006167 >= 0.0001
Iteration 178 (max 500)
   eps = 0.006089 >= 0.0001
Iteration 179 (max 500)
   eps = 0.006005 >= 0.0001
Iteration 180 (max 500)
   eps = 0.005918 >= 0.0001
Iteration 181 (max 500)
   eps = 0.005829 >= 0.0001
Iteration 182 (max 500)
   eps = 0.005738 >= 0.0001
Iteration 183 (max 500)
   eps = 0.005659 >= 0.0001
Iteration 184 (max 500)
   eps = 0.005587 >= 0.0001
Iteration 185 (max 500)
   eps = 0.005507 >= 0.0001
Iteration 186 (max 500)
   eps = 0.005434 >= 0.0001
Iteration 187 (max 500)
   eps = 0.005356 >= 0.0001
Iteration 188 (max 500)
   eps = 0.005282 >= 0.0001
Iteration 189 (max 500)
   eps = 0.005209 >= 0.0001
Iteration 190 (max 500)
   eps = 0.005138 >= 0.0001
Iteration 191 (max 500)
   eps = 0.005064 >= 0.0001
Iteration 192 (max 500)
   eps = 0.004994 >= 0.0001
Iteration 193 (max 500)
   eps = 0.004927 >= 0.0001
Iteration 194 (max 500)
   eps = 0.004858 >= 0.0001
Iteration 195 (max 500)
   eps = 0.004791 >= 0.0001
Iteration 196 (max 500)
   eps = 0.004724 >= 0.0001
Iteration 197 (max 500)
   eps = 0.004661 >= 0.0001
Iteration 198 (max 500)
   eps = 0.004601 >= 0.0001
Iteration 199 (max 500)
   eps = 0.004537 >= 0.0001
Iteration 200 (max 500)
   eps = 0.00447 >= 0.0001
Iteration 201 (max 500)
   eps = 0.004404 >= 0.0001
Iteration 202 (max 500)
   eps = 0.004343 >= 0.0001
Iteration 203 (max 500)
   eps = 0.004285 >= 0.0001
Iteration 204 (max 500)
   eps = 0.004227 >= 0.0001
Iteration 205 (max 500)
   eps = 0.004173 >= 0.0001
Iteration 206 (max 500)
   eps = 0.004117 >= 0.0001
Iteration 207 (max 500)
   eps = 0.004057 >= 0.0001
Iteration 208 (max 500)
   eps = 0.004003 >= 0.0001
Iteration 209 (max 500)
   eps = 0.003948 >= 0.0001
Iteration 210 (max 500)
   eps = 0.003897 >= 0.0001
Iteration 211 (max 500)
   eps = 0.003841 >= 0.0001
Iteration 212 (max 500)
   eps = 0.003785 >= 0.0001
Iteration 213 (max 500)
   eps = 0.003731 >= 0.0001
Iteration 214 (max 500)
   eps = 0.003676 >= 0.0001
Iteration 215 (max 500)
   eps = 0.003619 >= 0.0001
Iteration 216 (max 500)
   eps = 0.003566 >= 0.0001
Iteration 217 (max 500)
   eps = 0.003513 >= 0.0001
Iteration 218 (max 500)
   eps = 0.003463 >= 0.0001
Iteration 219 (max 500)
   eps = 0.003413 >= 0.0001
Iteration 220 (max 500)
   eps = 0.003367 >= 0.0001
Iteration 221 (max 500)
   eps = 0.003321 >= 0.0001
Iteration 222 (max 500)
   eps = 0.003273 >= 0.0001
Iteration 223 (max 500)
   eps = 0.003231 >= 0.0001
Iteration 224 (max 500)
   eps = 0.003185 >= 0.0001
Iteration 225 (max 500)
   eps = 0.003139 >= 0.0001
Iteration 226 (max 500)
   eps = 0.003096 >= 0.0001
Iteration 227 (max 500)
   eps = 0.003053 >= 0.0001
Iteration 228 (max 500)
   eps = 0.003011 >= 0.0001
Iteration 229 (max 500)
   eps = 0.002967 >= 0.0001
Iteration 230 (max 500)
   eps = 0.002923 >= 0.0001
Iteration 231 (max 500)
   eps = 0.002881 >= 0.0001
Iteration 232 (max 500)
   eps = 0.002839 >= 0.0001
Iteration 233 (max 500)
   eps = 0.002797 >= 0.0001
Iteration 234 (max 500)
   eps = 0.002755 >= 0.0001
Iteration 235 (max 500)
   eps = 0.002712 >= 0.0001
Iteration 236 (max 500)
   eps = 0.002671 >= 0.0001
Iteration 237 (max 500)
   eps = 0.002632 >= 0.0001
Iteration 238 (max 500)
   eps = 0.002596 >= 0.0001
Iteration 239 (max 500)
   eps = 0.002559 >= 0.0001
Iteration 240 (max 500)
   eps = 0.002522 >= 0.0001
Iteration 241 (max 500)
   eps = 0.002487 >= 0.0001
Iteration 242 (max 500)
   eps = 0.002452 >= 0.0001
Iteration 243 (max 500)
   eps = 0.002418 >= 0.0001
Iteration 244 (max 500)
   eps = 0.002384 >= 0.0001
Iteration 245 (max 500)
   eps = 0.002352 >= 0.0001
Iteration 246 (max 500)
   eps = 0.002323 >= 0.0001
Iteration 247 (max 500)
   eps = 0.002293 >= 0.0001
Iteration 248 (max 500)
   eps = 0.002264 >= 0.0001
Iteration 249 (max 500)
   eps = 0.002233 >= 0.0001
Iteration 250 (max 500)
   eps = 0.002203 >= 0.0001
Iteration 251 (max 500)
   eps = 0.002173 >= 0.0001
Iteration 252 (max 500)
   eps = 0.002142 >= 0.0001
Iteration 253 (max 500)
   eps = 0.002108 >= 0.0001
Iteration 254 (max 500)
   eps = 0.002073 >= 0.0001
Iteration 255 (max 500)
   eps = 0.00204 >= 0.0001
Iteration 256 (max 500)
   eps = 0.002008 >= 0.0001
Iteration 257 (max 500)
   eps = 0.001977 >= 0.0001
Iteration 258 (max 500)
   eps = 0.001948 >= 0.0001
Iteration 259 (max 500)
   eps = 0.001919 >= 0.0001
Iteration 260 (max 500)
   eps = 0.001892 >= 0.0001
Iteration 261 (max 500)
   eps = 0.001866 >= 0.0001
Iteration 262 (max 500)
   eps = 0.001841 >= 0.0001
Iteration 263 (max 500)
   eps = 0.001815 >= 0.0001
Iteration 264 (max 500)
   eps = 0.001792 >= 0.0001
Iteration 265 (max 500)
   eps = 0.001769 >= 0.0001
Iteration 266 (max 500)
   eps = 0.001748 >= 0.0001
Iteration 267 (max 500)
   eps = 0.001723 >= 0.0001
Iteration 268 (max 500)
   eps = 0.0017 >= 0.0001
Iteration 269 (max 500)
   eps = 0.001678 >= 0.0001
Iteration 270 (max 500)
   eps = 0.001657 >= 0.0001
Iteration 271 (max 500)
   eps = 0.001634 >= 0.0001
Iteration 272 (max 500)
   eps = 0.00161 >= 0.0001
Iteration 273 (max 500)
   eps = 0.001585 >= 0.0001
Iteration 274 (max 500)
   eps = 0.001561 >= 0.0001
Iteration 275 (max 500)
   eps = 0.001538 >= 0.0001
Iteration 276 (max 500)
   eps = 0.001513 >= 0.0001
Iteration 277 (max 500)
   eps = 0.001487 >= 0.0001
Iteration 278 (max 500)
   eps = 0.001464 >= 0.0001
Iteration 279 (max 500)
   eps = 0.001439 >= 0.0001
Iteration 280 (max 500)
   eps = 0.001415 >= 0.0001
Iteration 281 (max 500)
   eps = 0.001393 >= 0.0001
Iteration 282 (max 500)
   eps = 0.001372 >= 0.0001
Iteration 283 (max 500)
   eps = 0.001355 >= 0.0001
Iteration 284 (max 500)
   eps = 0.001341 >= 0.0001
Iteration 285 (max 500)
   eps = 0.001329 >= 0.0001
Iteration 286 (max 500)
   eps = 0.001308 >= 0.0001
Iteration 287 (max 500)
   eps = 0.001292 >= 0.0001
Iteration 288 (max 500)
   eps = 0.001276 >= 0.0001
Iteration 289 (max 500)
   eps = 0.001255 >= 0.0001
Iteration 290 (max 500)
   eps = 0.001236 >= 0.0001
Iteration 291 (max 500)
   eps = 0.001218 >= 0.0001
Iteration 292 (max 500)
   eps = 0.001198 >= 0.0001
Iteration 293 (max 500)
   eps = 0.00118 >= 0.0001
Iteration 294 (max 500)
   eps = 0.001163 >= 0.0001
Iteration 295 (max 500)
   eps = 0.001145 >= 0.0001
Iteration 296 (max 500)
   eps = 0.001128 >= 0.0001
Iteration 297 (max 500)
   eps = 0.001109 >= 0.0001
Iteration 298 (max 500)
   eps = 0.001092 >= 0.0001
Iteration 299 (max 500)
   eps = 0.001074 >= 0.0001
Iteration 300 (max 500)
   eps = 0.001057 >= 0.0001
Iteration 301 (max 500)
   eps = 0.001039 >= 0.0001
Iteration 302 (max 500)
   eps = 0.001023 >= 0.0001
Iteration 303 (max 500)
   eps = 0.001008 >= 0.0001
Iteration 304 (max 500)
   eps = 0.000991 >= 0.0001
Iteration 305 (max 500)
   eps = 0.000977 >= 0.0001
Iteration 306 (max 500)
   eps = 0.000964 >= 0.0001
Iteration 307 (max 500)
   eps = 0.000948 >= 0.0001
Iteration 308 (max 500)
   eps = 0.000934 >= 0.0001
Iteration 309 (max 500)
   eps = 0.000919 >= 0.0001
Iteration 310 (max 500)
   eps = 0.000905 >= 0.0001
Iteration 311 (max 500)
   eps = 0.00089 >= 0.0001
Iteration 312 (max 500)
   eps = 0.000877 >= 0.0001
Iteration 313 (max 500)
   eps = 0.000865 >= 0.0001
Iteration 314 (max 500)
   eps = 0.000853 >= 0.0001
Iteration 315 (max 500)
   eps = 0.000841 >= 0.0001
Iteration 316 (max 500)
   eps = 0.000829 >= 0.0001
Iteration 317 (max 500)
   eps = 0.000818 >= 0.0001
Iteration 318 (max 500)
   eps = 0.000808 >= 0.0001
Iteration 319 (max 500)
   eps = 0.000797 >= 0.0001
Iteration 320 (max 500)
   eps = 0.000784 >= 0.0001
Iteration 321 (max 500)
   eps = 0.000772 >= 0.0001
Iteration 322 (max 500)
   eps = 0.000763 >= 0.0001
Iteration 323 (max 500)
   eps = 0.00075 >= 0.0001
Iteration 324 (max 500)
   eps = 0.000741 >= 0.0001
Iteration 325 (max 500)
   eps = 0.000733 >= 0.0001
Iteration 326 (max 500)
   eps = 0.000724 >= 0.0001
Iteration 327 (max 500)
   eps = 0.000715 >= 0.0001
Iteration 328 (max 500)
   eps = 0.000706 >= 0.0001
Iteration 329 (max 500)
   eps = 0.000697 >= 0.0001
Iteration 330 (max 500)
   eps = 0.000686 >= 0.0001
Iteration 331 (max 500)
   eps = 0.000676 >= 0.0001
Iteration 332 (max 500)
   eps = 0.000666 >= 0.0001
Iteration 333 (max 500)
   eps = 0.000656 >= 0.0001
Iteration 334 (max 500)
   eps = 0.000646 >= 0.0001
Iteration 335 (max 500)
   eps = 0.000635 >= 0.0001
Iteration 336 (max 500)
   eps = 0.000624 >= 0.0001
Iteration 337 (max 500)
   eps = 0.000614 >= 0.0001
Iteration 338 (max 500)
   eps = 0.000604 >= 0.0001
Iteration 339 (max 500)
   eps = 0.000595 >= 0.0001
Iteration 340 (max 500)
   eps = 0.000583 >= 0.0001
Iteration 341 (max 500)
   eps = 0.000571 >= 0.0001
Iteration 342 (max 500)
   eps = 0.000561 >= 0.0001
Iteration 343 (max 500)
   eps = 0.000552 >= 0.0001
Iteration 344 (max 500)
   eps = 0.000543 >= 0.0001
Iteration 345 (max 500)
   eps = 0.000534 >= 0.0001
Iteration 346 (max 500)
   eps = 0.000524 >= 0.0001
Iteration 347 (max 500)
   eps = 0.000517 >= 0.0001
Iteration 348 (max 500)
   eps = 0.000509 >= 0.0001
Iteration 349 (max 500)
   eps = 0.000502 >= 0.0001
Iteration 350 (max 500)
   eps = 0.000495 >= 0.0001
Iteration 351 (max 500)
   eps = 0.000488 >= 0.0001
Iteration 352 (max 500)
   eps = 0.000481 >= 0.0001
Iteration 353 (max 500)
   eps = 0.000474 >= 0.0001
Iteration 354 (max 500)
   eps = 0.000467 >= 0.0001
Iteration 355 (max 500)
   eps = 0.00046 >= 0.0001
Iteration 356 (max 500)
   eps = 0.000453 >= 0.0001
Iteration 357 (max 500)
   eps = 0.000447 >= 0.0001
Iteration 358 (max 500)
   eps = 0.000441 >= 0.0001
Iteration 359 (max 500)
   eps = 0.000435 >= 0.0001
Iteration 360 (max 500)
   eps = 0.000428 >= 0.0001
Iteration 361 (max 500)
   eps = 0.000422 >= 0.0001
Iteration 362 (max 500)
   eps = 0.000416 >= 0.0001
Iteration 363 (max 500)
   eps = 0.00041 >= 0.0001
Iteration 364 (max 500)
   eps = 0.000405 >= 0.0001
Iteration 365 (max 500)
   eps = 0.000398 >= 0.0001
Iteration 366 (max 500)
   eps = 0.000391 >= 0.0001
Iteration 367 (max 500)
   eps = 0.000383 >= 0.0001
Iteration 368 (max 500)
   eps = 0.000377 >= 0.0001
Iteration 369 (max 500)
   eps = 0.000371 >= 0.0001
Iteration 370 (max 500)
   eps = 0.000365 >= 0.0001
Iteration 371 (max 500)
   eps = 0.000359 >= 0.0001
Iteration 372 (max 500)
   eps = 0.000353 >= 0.0001
Iteration 373 (max 500)
   eps = 0.000348 >= 0.0001
Iteration 374 (max 500)
   eps = 0.000343 >= 0.0001
Iteration 375 (max 500)
   eps = 0.000338 >= 0.0001
Iteration 376 (max 500)
   eps = 0.000333 >= 0.0001
Iteration 377 (max 500)
   eps = 0.000328 >= 0.0001
Iteration 378 (max 500)
   eps = 0.000324 >= 0.0001
Iteration 379 (max 500)
   eps = 0.000318 >= 0.0001
Iteration 380 (max 500)
   eps = 0.000313 >= 0.0001
Iteration 381 (max 500)
   eps = 0.000308 >= 0.0001
Iteration 382 (max 500)
   eps = 0.000303 >= 0.0001
Iteration 383 (max 500)
   eps = 0.000299 >= 0.0001
Iteration 384 (max 500)
   eps = 0.000294 >= 0.0001
Iteration 385 (max 500)
   eps = 0.000289 >= 0.0001
Iteration 386 (max 500)
   eps = 0.000285 >= 0.0001
Iteration 387 (max 500)
   eps = 0.00028 >= 0.0001
Iteration 388 (max 500)
   eps = 0.000275 >= 0.0001
Iteration 389 (max 500)
   eps = 0.000272 >= 0.0001
Iteration 390 (max 500)
   eps = 0.000268 >= 0.0001
Iteration 391 (max 500)
   eps = 0.000263 >= 0.0001
Iteration 392 (max 500)
   eps = 0.000259 >= 0.0001
Iteration 393 (max 500)
   eps = 0.000256 >= 0.0001
Iteration 394 (max 500)
   eps = 0.000252 >= 0.0001
Iteration 395 (max 500)
   eps = 0.000249 >= 0.0001
Iteration 396 (max 500)
   eps = 0.000245 >= 0.0001
Iteration 397 (max 500)
   eps = 0.000241 >= 0.0001
Iteration 398 (max 500)
   eps = 0.000237 >= 0.0001
Iteration 399 (max 500)
   eps = 0.000233 >= 0.0001
Iteration 400 (max 500)
   eps = 0.000229 >= 0.0001
Iteration 401 (max 500)
   eps = 0.000226 >= 0.0001
Iteration 402 (max 500)
   eps = 0.000222 >= 0.0001
Iteration 403 (max 500)
   eps = 0.000219 >= 0.0001
Iteration 404 (max 500)
   eps = 0.000215 >= 0.0001
Iteration 405 (max 500)
   eps = 0.000211 >= 0.0001
Iteration 406 (max 500)
   eps = 0.000207 >= 0.0001
Iteration 407 (max 500)
   eps = 0.000203 >= 0.0001
Iteration 408 (max 500)
   eps = 0.0002 >= 0.0001
Iteration 409 (max 500)
   eps = 0.000197 >= 0.0001
Iteration 410 (max 500)
   eps = 0.000195 >= 0.0001
Iteration 411 (max 500)
   eps = 0.000192 >= 0.0001
Iteration 412 (max 500)
   eps = 0.00019 >= 0.0001
Iteration 413 (max 500)
   eps = 0.000187 >= 0.0001
Iteration 414 (max 500)
   eps = 0.000184 >= 0.0001
Iteration 415 (max 500)
   eps = 0.000181 >= 0.0001
Iteration 416 (max 500)
   eps = 0.000178 >= 0.0001
Iteration 417 (max 500)
   eps = 0.000175 >= 0.0001
Iteration 418 (max 500)
   eps = 0.000172 >= 0.0001
Iteration 419 (max 500)
   eps = 0.00017 >= 0.0001
Iteration 420 (max 500)
   eps = 0.000167 >= 0.0001
Iteration 421 (max 500)
   eps = 0.000165 >= 0.0001
Iteration 422 (max 500)
   eps = 0.000162 >= 0.0001
Iteration 423 (max 500)
   eps = 0.000159 >= 0.0001
Iteration 424 (max 500)
   eps = 0.000157 >= 0.0001
Iteration 425 (max 500)
   eps = 0.000154 >= 0.0001
Iteration 426 (max 500)
   eps = 0.000152 >= 0.0001
Iteration 427 (max 500)
   eps = 0.000149 >= 0.0001
Iteration 428 (max 500)
   eps = 0.000147 >= 0.0001
Iteration 429 (max 500)
   eps = 0.000144 >= 0.0001
Iteration 430 (max 500)
   eps = 0.000142 >= 0.0001
Iteration 431 (max 500)
   eps = 0.00014 >= 0.0001
Iteration 432 (max 500)
   eps = 0.000137 >= 0.0001
Iteration 433 (max 500)
   eps = 0.000135 >= 0.0001
Iteration 434 (max 500)
   eps = 0.000133 >= 0.0001
Iteration 435 (max 500)
   eps = 0.000131 >= 0.0001
Iteration 436 (max 500)
   eps = 0.000128 >= 0.0001
Iteration 437 (max 500)
   eps = 0.000126 >= 0.0001
Iteration 438 (max 500)
   eps = 0.000125 >= 0.0001
Iteration 439 (max 500)
   eps = 0.000123 >= 0.0001
Iteration 440 (max 500)
   eps = 0.00012 >= 0.0001
Iteration 441 (max 500)
   eps = 0.000118 >= 0.0001
Iteration 442 (max 500)
   eps = 0.000116 >= 0.0001
Iteration 443 (max 500)
   eps = 0.000114 >= 0.0001
Iteration 444 (max 500)
   eps = 0.000112 >= 0.0001
Iteration 445 (max 500)
   eps = 0.00011 >= 0.0001
Iteration 446 (max 500)
   eps = 0.000108 >= 0.0001
Iteration 447 (max 500)
   eps = 0.000106 >= 0.0001
Iteration 448 (max 500)
   eps = 0.000105 >= 0.0001
Iteration 449 (max 500)
   eps = 0.000103 >= 0.0001
Iteration 450 (max 500)
   eps = 0.000101 >= 0.0001
Iteration 451 (max 500)
Time spent by the wind speed solver: 234.44804906845093 s
Rotates geometries from -45.0 degrees
Interp succeeded!!! for tmp_file
Interp succeeded!!! for tmp_file
Interp succeeded!!! for tmp_file
Interp succeeded!!! for tmp_file
Interp succeeded!!! for tmp_file
Interp succeeded!!! for tmp_file
Process 3995983: Successfully ran URock for tile output 'wind_field_raw_tile_14'.
Process 3995983: Elapsed time for URock ('wind_field_raw_tile_14'): 600.22 seconds.
[Master] Process 3995983 - Tile 14: Finished processing.
[Master] 3995983: exit signal
Info: Debuffered '/storage/project/r-rbasu31-0/hyu483/Test_UMEP/UROCK_output_35_spawn/temp_intermediate_files/tile_14_urock_raw_outputs/z1_5/wind_field_raw_tile_14WS.tif' to '/storage/project/r-rbasu31-0/hyu483/Test_UMEP/UROCK_output_35_spawn/urock_tiled_output/urock_wind_field_tile_14WS.tif' (original extent: (233982.59099838723, 902132.4833440109, 234182.59099838723, 902332.4833440109)).
Connecting to database
	->/tmp/URock_2025-12-21T180841a09e7d60-fbee-48a0-9d88-d7cb22e3f2fc/myDbH2
/storage/home/hcoda1/4/hyu483/qgis_332/profiles/default/python/plugins/processing_umep/functions/URock/h2gis-standalone/h2gis-dist-2.2.3.jar
Connected!

Spatial functions added!

Load input data
Load table 'build_pre_srid_20251221180902'
Load table 'veg_pre_srid_20251221180902'
Creates blocks and stacked blocks
Rotates geometries from 45.0 degrees
Identify block base height and block cavity base
Calculates obstacle properties
Calculates zone properties
Initializes upwind facades
Update upwind facades base height
Initializes downwind facades
Calculates study area properties
Roughness zone properties are:

                                 - z0: 2.136084950678012
                                 - d: 10.143405040546183
                                 - Hr: 14.240566337853416
                                 - H_ob_max: 136
                                 - lambda_f: 0.185112689420744
Rotates geometries from -45.0 degrees
Rotates geometries from -45.0 degrees
Rotates geometries from -45.0 degrees
Creates displacement zones
Rotates geometries from -45.0 degrees
Rotates geometries from -45.0 degrees
Creates cavity and wake zones
Rotates geometries from -45.0 degrees
Rotates geometries from -45.0 degrees
Creates street canyon zones
Rotates geometries from -45.0 degrees
Creates rooftop zones (perpendicular and corner)
Rotates geometries from -45.0 degrees
Rotates geometries from -45.0 degrees
Creates built-up and open vegetation zones
Rotates geometries from -45.0 degrees
Rotates geometries from -45.0 degrees
Identify the buildings concerned by the impacted zone chosen by the user
Creates the grid of points
Affects each grid point to a building Rockle zone and calculates needed 
          variables for 3D wind speed
Affects each grid point to a vegetation Rockle zone and calculates 
          needed variables for 3D wind speed
Remove some of the Röckle zone points
Creates backward zones
Calculates the 3D wind speed factor value for each point of each BUILDING zone
Rotates geometries from -45.0 degrees
Rotates geometries from -45.0 degrees
Rotates geometries from -45.0 degrees
Rotates geometries from -45.0 degrees
Rotates geometries from -45.0 degrees
Rotates geometries from -45.0 degrees
Rotates geometries from -45.0 degrees
Rotates geometries from -45.0 degrees
Rotates geometries from -45.0 degrees
Calculates the 3D wind speed factor value for each point of each VEGETATION zone
Rotates geometries from -45.0 degrees
Deals with superimposition (keeps only 1 value per 3D point)
Deals with superimposition (keeps only 1 value per 3D point)
Identify upstreamer points in TEMPO_WEIGHTING table
Identify upstreamer points in TEMPO_PRIORITIES table
Identify upstreamer points in TEMPO_PRIORITIES_WEIGHT table
Deals with superimposition (keeps only 1 value per 3D point)
Identify upstreamer points in TEMPO_WEIGHTING table
Identify upstreamer points in TEMPO_PRIORITIES table
Identify upstreamer points in TEMPO_PRIORITIES_WEIGHT table
Rotates geometries from -45.0 degrees
Identify grid points intersecting buildings
Set the initial 3D wind speed field
Time spent for wind speed initialization: 659.7199859619141 s
Shape: (223, 268, 54) - Nb cells: 3227256
Start to apply the wind solver
Iteration 1 (max 500)
   eps = 0.688548 >= 0.0001
Iteration 2 (max 500)
   eps = 0.421821 >= 0.0001
Iteration 3 (max 500)
   eps = 0.316868 >= 0.0001
Iteration 4 (max 500)
   eps = 0.255843 >= 0.0001
Iteration 5 (max 500)
   eps = 0.213491 >= 0.0001
Iteration 6 (max 500)
   eps = 0.183279 >= 0.0001
Iteration 7 (max 500)
   eps = 0.160201 >= 0.0001
Iteration 8 (max 500)
   eps = 0.140879 >= 0.0001
Iteration 9 (max 500)
   eps = 0.125242 >= 0.0001
Iteration 10 (max 500)
   eps = 0.112083 >= 0.0001
Iteration 11 (max 500)
   eps = 0.100982 >= 0.0001
Iteration 12 (max 500)
   eps = 0.091529 >= 0.0001
Iteration 13 (max 500)
   eps = 0.083617 >= 0.0001
Iteration 14 (max 500)
   eps = 0.076949 >= 0.0001
Iteration 15 (max 500)
   eps = 0.071106 >= 0.0001
Iteration 16 (max 500)
   eps = 0.066005 >= 0.0001
Iteration 17 (max 500)
   eps = 0.061424 >= 0.0001
Iteration 18 (max 500)
   eps = 0.057246 >= 0.0001
Iteration 19 (max 500)
   eps = 0.053597 >= 0.0001
Iteration 20 (max 500)
   eps = 0.050208 >= 0.0001
Iteration 21 (max 500)
   eps = 0.0471 >= 0.0001
Iteration 22 (max 500)
   eps = 0.044414 >= 0.0001
Iteration 23 (max 500)
   eps = 0.041909 >= 0.0001
Iteration 24 (max 500)
   eps = 0.039661 >= 0.0001
Iteration 25 (max 500)
   eps = 0.037568 >= 0.0001
Iteration 26 (max 500)
   eps = 0.035703 >= 0.0001
Iteration 27 (max 500)
   eps = 0.033943 >= 0.0001
Iteration 28 (max 500)
   eps = 0.032454 >= 0.0001
Iteration 29 (max 500)
   eps = 0.031028 >= 0.0001
Iteration 30 (max 500)
   eps = 0.029629 >= 0.0001
Iteration 31 (max 500)
   eps = 0.028295 >= 0.0001
Iteration 32 (max 500)
   eps = 0.027097 >= 0.0001
Iteration 33 (max 500)
   eps = 0.025984 >= 0.0001
Iteration 34 (max 500)
   eps = 0.024904 >= 0.0001
Iteration 35 (max 500)
   eps = 0.023952 >= 0.0001
Iteration 36 (max 500)
   eps = 0.023097 >= 0.0001
Iteration 37 (max 500)
   eps = 0.022324 >= 0.0001
Iteration 38 (max 500)
   eps = 0.021583 >= 0.0001
Iteration 39 (max 500)
   eps = 0.02088 >= 0.0001
Iteration 40 (max 500)
   eps = 0.02019 >= 0.0001
Iteration 41 (max 500)
   eps = 0.019625 >= 0.0001
Iteration 42 (max 500)
   eps = 0.019026 >= 0.0001
Iteration 43 (max 500)
   eps = 0.018458 >= 0.0001
Iteration 44 (max 500)
   eps = 0.017959 >= 0.0001
Iteration 45 (max 500)
   eps = 0.01738 >= 0.0001
Iteration 46 (max 500)
   eps = 0.016865 >= 0.0001
Iteration 47 (max 500)
   eps = 0.016389 >= 0.0001
Iteration 48 (max 500)
   eps = 0.015912 >= 0.0001
Iteration 49 (max 500)
   eps = 0.015441 >= 0.0001
Iteration 50 (max 500)
   eps = 0.014979 >= 0.0001
Iteration 51 (max 500)
   eps = 0.014542 >= 0.0001
Iteration 52 (max 500)
   eps = 0.014449 >= 0.0001
Iteration 53 (max 500)
   eps = 0.013955 >= 0.0001
Iteration 54 (max 500)
   eps = 0.013497 >= 0.0001
Iteration 55 (max 500)
   eps = 0.0131 >= 0.0001
Iteration 56 (max 500)
   eps = 0.012718 >= 0.0001
Iteration 57 (max 500)
   eps = 0.012366 >= 0.0001
Iteration 58 (max 500)
   eps = 0.012022 >= 0.0001
Iteration 59 (max 500)
   eps = 0.011707 >= 0.0001
Iteration 60 (max 500)
   eps = 0.011419 >= 0.0001
Iteration 61 (max 500)
   eps = 0.011137 >= 0.0001
Iteration 62 (max 500)
   eps = 0.010867 >= 0.0001
Iteration 63 (max 500)
   eps = 0.01061 >= 0.0001
Iteration 64 (max 500)
   eps = 0.01036 >= 0.0001
Iteration 65 (max 500)
   eps = 0.010108 >= 0.0001
Iteration 66 (max 500)
   eps = 0.009865 >= 0.0001
Iteration 67 (max 500)
   eps = 0.009635 >= 0.0001
Iteration 68 (max 500)
   eps = 0.009408 >= 0.0001
Iteration 69 (max 500)
   eps = 0.009197 >= 0.0001
Iteration 70 (max 500)
   eps = 0.008994 >= 0.0001
Iteration 71 (max 500)
   eps = 0.008791 >= 0.0001
Iteration 72 (max 500)
   eps = 0.008595 >= 0.0001
Iteration 73 (max 500)
   eps = 0.008406 >= 0.0001
Iteration 74 (max 500)
   eps = 0.00823 >= 0.0001
Iteration 75 (max 500)
   eps = 0.008058 >= 0.0001
Iteration 76 (max 500)
   eps = 0.007887 >= 0.0001
Iteration 77 (max 500)
   eps = 0.00773 >= 0.0001
Iteration 78 (max 500)
   eps = 0.007582 >= 0.0001
Iteration 79 (max 500)
   eps = 0.007432 >= 0.0001
Iteration 80 (max 500)
   eps = 0.007292 >= 0.0001
Iteration 81 (max 500)
   eps = 0.007149 >= 0.0001
Iteration 82 (max 500)
   eps = 0.007013 >= 0.0001
Iteration 83 (max 500)
   eps = 0.006879 >= 0.0001
Iteration 84 (max 500)
   eps = 0.006747 >= 0.0001
Iteration 85 (max 500)
   eps = 0.006621 >= 0.0001
Iteration 86 (max 500)
   eps = 0.006496 >= 0.0001
Iteration 87 (max 500)
   eps = 0.006377 >= 0.0001
Iteration 88 (max 500)
   eps = 0.00626 >= 0.0001
Iteration 89 (max 500)
   eps = 0.006143 >= 0.0001
Iteration 90 (max 500)
   eps = 0.00603 >= 0.0001
Iteration 91 (max 500)
   eps = 0.005922 >= 0.0001
Iteration 92 (max 500)
   eps = 0.005815 >= 0.0001
Iteration 93 (max 500)
   eps = 0.005712 >= 0.0001
Iteration 94 (max 500)
   eps = 0.005608 >= 0.0001
Iteration 95 (max 500)
   eps = 0.005502 >= 0.0001
Iteration 96 (max 500)
   eps = 0.005394 >= 0.0001
Iteration 97 (max 500)
   eps = 0.005283 >= 0.0001
Iteration 98 (max 500)
   eps = 0.005175 >= 0.0001
Iteration 99 (max 500)
   eps = 0.005072 >= 0.0001
Iteration 100 (max 500)
   eps = 0.004975 >= 0.0001
Iteration 101 (max 500)
   eps = 0.004878 >= 0.0001
Iteration 102 (max 500)
   eps = 0.004785 >= 0.0001
Iteration 103 (max 500)
   eps = 0.004693 >= 0.0001
Iteration 104 (max 500)
   eps = 0.004599 >= 0.0001
Iteration 105 (max 500)
   eps = 0.004511 >= 0.0001
Iteration 106 (max 500)
   eps = 0.004428 >= 0.0001
Iteration 107 (max 500)
   eps = 0.004338 >= 0.0001
Iteration 108 (max 500)
   eps = 0.004257 >= 0.0001
Iteration 109 (max 500)
   eps = 0.004205 >= 0.0001
Iteration 110 (max 500)
   eps = 0.004152 >= 0.0001
Iteration 111 (max 500)
   eps = 0.004097 >= 0.0001
Iteration 112 (max 500)
   eps = 0.004063 >= 0.0001
Iteration 113 (max 500)
   eps = 0.004023 >= 0.0001
Iteration 114 (max 500)
   eps = 0.00396 >= 0.0001
Iteration 115 (max 500)
   eps = 0.003891 >= 0.0001
Iteration 116 (max 500)
   eps = 0.003819 >= 0.0001
Iteration 117 (max 500)
   eps = 0.003754 >= 0.0001
Iteration 118 (max 500)
   eps = 0.00369 >= 0.0001
Iteration 119 (max 500)
   eps = 0.003628 >= 0.0001
Iteration 120 (max 500)
   eps = 0.003562 >= 0.0001
Iteration 121 (max 500)
   eps = 0.003501 >= 0.0001
Iteration 122 (max 500)
   eps = 0.003437 >= 0.0001
Iteration 123 (max 500)
   eps = 0.003373 >= 0.0001
Iteration 124 (max 500)
   eps = 0.00331 >= 0.0001
Iteration 125 (max 500)
   eps = 0.003249 >= 0.0001
Iteration 126 (max 500)
   eps = 0.003188 >= 0.0001
Iteration 127 (max 500)
   eps = 0.003128 >= 0.0001
Iteration 128 (max 500)
   eps = 0.003067 >= 0.0001
Iteration 129 (max 500)
   eps = 0.003007 >= 0.0001
Iteration 130 (max 500)
   eps = 0.002945 >= 0.0001
Iteration 131 (max 500)
   eps = 0.002882 >= 0.0001
Iteration 132 (max 500)
   eps = 0.002818 >= 0.0001
Iteration 133 (max 500)
   eps = 0.002756 >= 0.0001
Iteration 134 (max 500)
   eps = 0.002697 >= 0.0001
Iteration 135 (max 500)
   eps = 0.002642 >= 0.0001
Iteration 136 (max 500)
   eps = 0.002588 >= 0.0001
Iteration 137 (max 500)
   eps = 0.00253 >= 0.0001
Iteration 138 (max 500)
   eps = 0.002473 >= 0.0001
Iteration 139 (max 500)
   eps = 0.002417 >= 0.0001
Iteration 140 (max 500)
   eps = 0.002363 >= 0.0001
Iteration 141 (max 500)
   eps = 0.00231 >= 0.0001
Iteration 142 (max 500)
   eps = 0.002263 >= 0.0001
Iteration 143 (max 500)
   eps = 0.002213 >= 0.0001
Iteration 144 (max 500)
   eps = 0.002166 >= 0.0001
Iteration 145 (max 500)
   eps = 0.00212 >= 0.0001
Iteration 146 (max 500)
   eps = 0.002076 >= 0.0001
Iteration 147 (max 500)
   eps = 0.002032 >= 0.0001
Iteration 148 (max 500)
   eps = 0.001987 >= 0.0001
Iteration 149 (max 500)
   eps = 0.001945 >= 0.0001
Iteration 150 (max 500)
   eps = 0.001906 >= 0.0001
Iteration 151 (max 500)
   eps = 0.001869 >= 0.0001
Iteration 152 (max 500)
   eps = 0.001831 >= 0.0001
Iteration 153 (max 500)
   eps = 0.001793 >= 0.0001
Iteration 154 (max 500)
   eps = 0.001761 >= 0.0001
Iteration 155 (max 500)
   eps = 0.001726 >= 0.0001
Iteration 156 (max 500)
   eps = 0.001692 >= 0.0001
Iteration 157 (max 500)
   eps = 0.001659 >= 0.0001
Iteration 158 (max 500)
   eps = 0.001626 >= 0.0001
Iteration 159 (max 500)
   eps = 0.001592 >= 0.0001
Iteration 160 (max 500)
   eps = 0.001559 >= 0.0001
Iteration 161 (max 500)
   eps = 0.001527 >= 0.0001
Iteration 162 (max 500)
   eps = 0.001493 >= 0.0001
Iteration 163 (max 500)
   eps = 0.00146 >= 0.0001
Iteration 164 (max 500)
   eps = 0.001428 >= 0.0001
Iteration 165 (max 500)
   eps = 0.001396 >= 0.0001
Iteration 166 (max 500)
   eps = 0.001365 >= 0.0001
Iteration 167 (max 500)
   eps = 0.001335 >= 0.0001
Iteration 168 (max 500)
   eps = 0.001307 >= 0.0001
Iteration 169 (max 500)
   eps = 0.001278 >= 0.0001
Iteration 170 (max 500)
   eps = 0.001252 >= 0.0001
Iteration 171 (max 500)
   eps = 0.00123 >= 0.0001
Iteration 172 (max 500)
   eps = 0.001207 >= 0.0001
Iteration 173 (max 500)
   eps = 0.001185 >= 0.0001
Iteration 174 (max 500)
   eps = 0.001163 >= 0.0001
Iteration 175 (max 500)
   eps = 0.001142 >= 0.0001
Iteration 176 (max 500)
   eps = 0.001122 >= 0.0001
Iteration 177 (max 500)
   eps = 0.001101 >= 0.0001
Iteration 178 (max 500)
   eps = 0.001083 >= 0.0001
Iteration 179 (max 500)
   eps = 0.001066 >= 0.0001
Iteration 180 (max 500)
   eps = 0.001046 >= 0.0001
Iteration 181 (max 500)
   eps = 0.001024 >= 0.0001
Iteration 182 (max 500)
   eps = 0.001004 >= 0.0001
Iteration 183 (max 500)
   eps = 0.000984 >= 0.0001
Iteration 184 (max 500)
   eps = 0.000964 >= 0.0001
Iteration 185 (max 500)
   eps = 0.000944 >= 0.0001
Iteration 186 (max 500)
   eps = 0.000924 >= 0.0001
Iteration 187 (max 500)
   eps = 0.000905 >= 0.0001
Iteration 188 (max 500)
   eps = 0.000886 >= 0.0001
Iteration 189 (max 500)
   eps = 0.000867 >= 0.0001
Iteration 190 (max 500)
   eps = 0.000848 >= 0.0001
Iteration 191 (max 500)
   eps = 0.000829 >= 0.0001
Iteration 192 (max 500)
   eps = 0.000812 >= 0.0001
Iteration 193 (max 500)
   eps = 0.000794 >= 0.0001
Iteration 194 (max 500)
   eps = 0.000778 >= 0.0001
Iteration 195 (max 500)
   eps = 0.000761 >= 0.0001
Iteration 196 (max 500)
   eps = 0.000746 >= 0.0001
Iteration 197 (max 500)
   eps = 0.00073 >= 0.0001
Iteration 198 (max 500)
   eps = 0.000714 >= 0.0001
Iteration 199 (max 500)
   eps = 0.000699 >= 0.0001
Iteration 200 (max 500)
   eps = 0.000684 >= 0.0001
Iteration 201 (max 500)
   eps = 0.000669 >= 0.0001
Iteration 202 (max 500)
   eps = 0.000655 >= 0.0001
Iteration 203 (max 500)
   eps = 0.000641 >= 0.0001
Iteration 204 (max 500)
   eps = 0.000628 >= 0.0001
Iteration 205 (max 500)
   eps = 0.000615 >= 0.0001
Iteration 206 (max 500)
   eps = 0.000604 >= 0.0001
Iteration 207 (max 500)
   eps = 0.000596 >= 0.0001
Iteration 208 (max 500)
   eps = 0.000592 >= 0.0001
Iteration 209 (max 500)
   eps = 0.000591 >= 0.0001
Iteration 210 (max 500)
   eps = 0.000575 >= 0.0001
Iteration 211 (max 500)
   eps = 0.000554 >= 0.0001
Iteration 212 (max 500)
   eps = 0.000535 >= 0.0001
Iteration 213 (max 500)
   eps = 0.000522 >= 0.0001
Iteration 214 (max 500)
   eps = 0.000512 >= 0.0001
Iteration 215 (max 500)
   eps = 0.000503 >= 0.0001
Iteration 216 (max 500)
   eps = 0.000496 >= 0.0001
Iteration 217 (max 500)
   eps = 0.000489 >= 0.0001
Iteration 218 (max 500)
   eps = 0.000478 >= 0.0001
Iteration 219 (max 500)
   eps = 0.000468 >= 0.0001
Iteration 220 (max 500)
   eps = 0.000458 >= 0.0001
Iteration 221 (max 500)
   eps = 0.00045 >= 0.0001
Iteration 222 (max 500)
   eps = 0.000442 >= 0.0001
Iteration 223 (max 500)
   eps = 0.000434 >= 0.0001
Iteration 224 (max 500)
   eps = 0.000426 >= 0.0001
Iteration 225 (max 500)
   eps = 0.000415 >= 0.0001
Iteration 226 (max 500)
   eps = 0.000405 >= 0.0001
Iteration 227 (max 500)
   eps = 0.000395 >= 0.0001
Iteration 228 (max 500)
   eps = 0.000386 >= 0.0001
Iteration 229 (max 500)
   eps = 0.000377 >= 0.0001
Iteration 230 (max 500)
   eps = 0.000369 >= 0.0001
Iteration 231 (max 500)
   eps = 0.00036 >= 0.0001
Iteration 232 (max 500)
   eps = 0.000351 >= 0.0001
Iteration 233 (max 500)
   eps = 0.000341 >= 0.0001
Iteration 234 (max 500)
   eps = 0.000331 >= 0.0001
Iteration 235 (max 500)
   eps = 0.000322 >= 0.0001
Iteration 236 (max 500)
   eps = 0.000313 >= 0.0001
Iteration 237 (max 500)
   eps = 0.000308 >= 0.0001
Iteration 238 (max 500)
   eps = 0.0003 >= 0.0001
Iteration 239 (max 500)
   eps = 0.000292 >= 0.0001
Iteration 240 (max 500)
   eps = 0.000284 >= 0.0001
Iteration 241 (max 500)
   eps = 0.000277 >= 0.0001
Iteration 242 (max 500)
   eps = 0.00027 >= 0.0001
Iteration 243 (max 500)
   eps = 0.000264 >= 0.0001
Iteration 244 (max 500)
   eps = 0.000258 >= 0.0001
Iteration 245 (max 500)
   eps = 0.000253 >= 0.0001
Iteration 246 (max 500)
   eps = 0.000248 >= 0.0001
Iteration 247 (max 500)
   eps = 0.000243 >= 0.0001
Iteration 248 (max 500)
   eps = 0.000239 >= 0.0001
Iteration 249 (max 500)
   eps = 0.000234 >= 0.0001
Iteration 250 (max 500)
   eps = 0.00023 >= 0.0001
Iteration 251 (max 500)
   eps = 0.000226 >= 0.0001
Iteration 252 (max 500)
   eps = 0.000224 >= 0.0001
Iteration 253 (max 500)
   eps = 0.00022 >= 0.0001
Iteration 254 (max 500)
   eps = 0.000217 >= 0.0001
Iteration 255 (max 500)
   eps = 0.000212 >= 0.0001
Iteration 256 (max 500)
   eps = 0.000207 >= 0.0001
Iteration 257 (max 500)
   eps = 0.000204 >= 0.0001
Iteration 258 (max 500)
   eps = 0.000198 >= 0.0001
Iteration 259 (max 500)
   eps = 0.000194 >= 0.0001
Iteration 260 (max 500)
   eps = 0.000188 >= 0.0001
Iteration 261 (max 500)
   eps = 0.000184 >= 0.0001
Iteration 262 (max 500)
   eps = 0.00018 >= 0.0001
Iteration 263 (max 500)
   eps = 0.000176 >= 0.0001
Iteration 264 (max 500)
   eps = 0.000174 >= 0.0001
Iteration 265 (max 500)
   eps = 0.00017 >= 0.0001
Iteration 266 (max 500)
   eps = 0.000166 >= 0.0001
Iteration 267 (max 500)
   eps = 0.000164 >= 0.0001
Iteration 268 (max 500)
   eps = 0.000161 >= 0.0001
Iteration 269 (max 500)
   eps = 0.000158 >= 0.0001
Iteration 270 (max 500)
   eps = 0.000156 >= 0.0001
Iteration 271 (max 500)
   eps = 0.000155 >= 0.0001
Iteration 272 (max 500)
   eps = 0.000152 >= 0.0001
Iteration 273 (max 500)
   eps = 0.000148 >= 0.0001
Iteration 274 (max 500)
   eps = 0.000145 >= 0.0001
Iteration 275 (max 500)
   eps = 0.000141 >= 0.0001
Iteration 276 (max 500)
   eps = 0.000139 >= 0.0001
Iteration 277 (max 500)
   eps = 0.000136 >= 0.0001
Iteration 278 (max 500)
   eps = 0.000132 >= 0.0001
Iteration 279 (max 500)
   eps = 0.000128 >= 0.0001
Iteration 280 (max 500)
   eps = 0.000124 >= 0.0001
Iteration 281 (max 500)
   eps = 0.000121 >= 0.0001
Iteration 282 (max 500)
   eps = 0.000117 >= 0.0001
Iteration 283 (max 500)
   eps = 0.000114 >= 0.0001
Iteration 284 (max 500)
   eps = 0.000111 >= 0.0001
Iteration 285 (max 500)
   eps = 0.000108 >= 0.0001
Iteration 286 (max 500)
   eps = 0.000104 >= 0.0001
Iteration 287 (max 500)
   eps = 0.000101 >= 0.0001
Iteration 288 (max 500)
Time spent by the wind speed solver: 57.410557985305786 s
Rotates geometries from -45.0 degrees
Interp succeeded!!! for tmp_file
Interp succeeded!!! for tmp_file
Interp succeeded!!! for tmp_file
Interp succeeded!!! for tmp_file
Interp succeeded!!! for tmp_file
Interp succeeded!!! for tmp_file
Process 3995969: Successfully ran URock for tile output 'wind_field_raw_tile_24'.
Process 3995969: Elapsed time for URock ('wind_field_raw_tile_24'): 769.91 seconds.
[Master] Process 3995969 - Tile 24: Finished processing.
[Master] 3995969: exit signal
Info: Debuffered '/storage/project/r-rbasu31-0/hyu483/Test_UMEP/UROCK_output_35_spawn/temp_intermediate_files/tile_24_urock_raw_outputs/z1_5/wind_field_raw_tile_24WS.tif' to '/storage/project/r-rbasu31-0/hyu483/Test_UMEP/UROCK_output_35_spawn/urock_tiled_output/urock_wind_field_tile_24WS.tif' (original extent: (234382.59099838723, 901732.4833440109, 234582.59099838723, 901932.4833440109)).
