#
# A fatal error has been detected by the Java Runtime Environment:
#
#  SIGSEGV (0xb) at pc=0x0000155555359dc1, pid=3961310, tid=3962505
#
# JRE version: OpenJDK Runtime Environment (Red_Hat-17.0.16.0.8-1) (17.0.16+8) (build 17.0.16+8-LTS)
# Java VM: OpenJDK 64-Bit Server VM (Red_Hat-17.0.16.0.8-1) (17.0.16+8-LTS, mixed mode, sharing, tiered, compressed oops, compressed class ptrs, g1 gc, linux-amd64)
# Problematic frame:
# C  [libc.so.6+0x159dc1]  __memmove_avx_unaligned+0x11
#
# Core dump will be written. Default location: /var/tmp/cores/core.%e.3961310.%t.%h.dump
#
# If you would like to submit a bug report, please visit:
#   https://access.redhat.com/support/cases/
#

---------------  S U M M A R Y ------------

Command Line: 

Host: AMD EPYC 7713 64-Core Processor, 128 cores, 503G, Red Hat Enterprise Linux release 9.6 (Plow)
Time: Sun Dec 21 17:29:26 2025 EST elapsed time: 1760.034534 seconds (0d 0h 29m 20s)

---------------  T H R E A D  ---------------

Current thread (0x000055555e8b35e0):  VMThread "VM Thread" [stack: 0x0000155418b00000,0x0000155418c00000] [id=3962505]

Stack: [0x0000155418b00000,0x0000155418c00000],  sp=0x0000155418bfe5c8,  free space=1017k
Native frames: (J=compiled Java code, j=interpreted, Vv=VM code, C=native code)
C  [libc.so.6+0x159dc1]  __memmove_avx_unaligned+0x11


siginfo: si_signo: 11 (SIGSEGV), si_code: 1 (SEGV_MAPERR), si_addr: 0x000055500d5d0c7e

Registers:
RAX=0x00001553b450f010, RBX=0x000055555763ee30, RCX=0x0000000000000005, RDX=0x000000000000002f
RSP=0x0000155418bfe5c8, RBP=0x000015537c0d1c00, RSI=0x000055500d5d0c7e, RDI=0x00001553b450f010
R8 =0x0000555556a22e20, R9 =0x00001555393f6d88, R10=0x0000555556332df8, R11=0xf6f0f4585b01293c
R12=0x000055555efe0130, R13=0x000000000000002f, R14=0x000055555763ee90, R15=0x000055500d5d0c7e
RIP=0x0000155555359dc1, EFLAGS=0x0000000000010206, CSGSFS=0x002b000000000033, ERR=0x0000000000000004
  TRAPNO=0x000000000000000e

XMM[0]=0x63682f656d6f682f 0x00005550028bfe16
XMM[1]=0x000015554394d700 0x0000000000000000
XMM[2]=0x0000155543948fb0 0x0000155543948d80
XMM[3]=0x0000000000000000 0x00001555439492e0
XMM[4]=0x0000000000000000 0x0000000000000000
XMM[5]=0x00001554a2d67e40 0x0000000000000000
XMM[6]=0x0000000000000000 0x0000000000000000
XMM[7]=0x0000000000000000 0x0000000000000000
XMM[8]=0x0000000000000000 0x0000000000000000
XMM[9]=0xbf597fc7b00327c8 0xa831c66d983e5152
XMM[10]=0x76f988da5cb0a9dc 0x4a7484aa2de92c6f
XMM[11]=0x240ca1cc0fc19dc6 0xefbe4786e49b69c1
XMM[12]=0xc19bf1749bdc06a7 0x80deb1fe72be5d74
XMM[13]=0x550c7dc3243185be 0x12835b01d807aa98
XMM[14]=0xab1c5ed5923f82a4 0x59f111f13956c25b
XMM[15]=0x0000000000000000 0x0000000000000000
  MXCSR=0x00001fa3


Register to memory mapping:

RAX=0x00001553b450f010 points into unknown readable memory: 0x00001552e10bf18f | 8f f1 0b e1 52 15 00 00
RBX=0x000055555763ee30 points into unknown readable memory: 0x000055500d5d0c7e | 7e 0c 5d 0d 50 55 00 00
RCX=0x0000000000000005 is an unknown value
RDX=0x000000000000002f is an unknown value
RSP=0x0000155418bfe5c8 points into unknown readable memory: 0x000015554390fafa | fa fa 90 43 55 15 00 00
RBP=0x000015537c0d1c00 points into unknown readable memory: 0x000015537c0d1c10 | 10 1c 0d 7c 53 15 00 00
RSI=0x000055500d5d0c7e is an unknown value
RDI=0x00001553b450f010 points into unknown readable memory: 0x00001552e10bf18f | 8f f1 0b e1 52 15 00 00
R8 =0x0000555556a22e20 points into unknown readable memory: 0x0000555556a26880 | 80 68 a2 56 55 55 00 00
R9 =0x00001555393f6d88: _ZN22QgsCoordinateTransform11sTransformsE+0x0000000000000000 in /storage/home/hcoda1/4/hyu483/conda_envs/qgis332/share/qgis/python/qgis/../../../../lib/libqgis_core.so.3.40.3 at 0x0000155536c14000
R10=0x0000555556332df8 points into unknown readable memory: 0x006f00740073002f | 2f 00 73 00 74 00 6f 00
R11=0xf6f0f4585b01293c is an unknown value
R12=0x000055555efe0130 points into unknown readable memory: 0x00001553b450f010 | 10 f0 50 b4 53 15 00 00
R13=0x000000000000002f is an unknown value
R14=0x000055555763ee90 points into unknown readable memory: 0x0000000000000000 | 00 00 00 00 00 00 00 00
R15=0x000055500d5d0c7e is an unknown value


Top of Stack: (sp=0x0000155418bfe5c8)
0x0000155418bfe5c8:   000015554390fafa 0000000000000000
0x0000155418bfe5d8:   0000155418bfe5f0 0000000000000060
0x0000155418bfe5e8:   000055555efe0130 000000000000002f
0x0000155418bfe5f8:   858920700660f500 0000000000000000
0x0000155418bfe608:   000015537c0d1c00 0000155543c53e00
0x0000155418bfe618:   0000000000000000 0000155543c53fd8
0x0000155418bfe628:   000015537c0d1da0 000015537c0d1dc8
0x0000155418bfe638:   000015554391013f 000015537c0d1c58
0x0000155418bfe648:   000015537c0d1d08 000015537c0d1d28
0x0000155418bfe658:   000015537c0d1d50 0000000000000000
0x0000155418bfe668:   858920700660f500 0000000000000208
0x0000155418bfe678:   000015537c0d1c00 00005555656f8ca0
0x0000155418bfe688:   0000555562e63fa0 0000155418bfe6d0
0x0000155418bfe698:   000055555ff6ed98 000055556570cce0
0x0000155418bfe6a8:   00001555439071a2 0000155418bfe6d0
0x0000155418bfe6b8:   000055555ef55c40 00005555656f8ca0
0x0000155418bfe6c8:   0000155538133f0a 00005555656f8d28
0x0000155418bfe6d8:   ffffffff00000001 0000000000000000
0x0000155418bfe6e8:   858920700660f500 000015553ef7f3b8
0x0000155418bfe6f8:   00005555656f8ca0 000055555ff6ed20
0x0000155418bfe708:   0000555562e63fa0 000015553812b960
0x0000155418bfe718:   000015553813410e 000000000000000b
0x0000155418bfe728:   00005555656f8ca0 000055555ff6ed20
0x0000155418bfe738:   000015553812b930 0000555562e63fa0
0x0000155418bfe748:   000015553812b96e 0000555568bea9f0
0x0000155418bfe758:   000015553ebd8dc4 0000000000000001
0x0000155418bfe768:   0000000000000000 0000000000000082
0x0000155418bfe778:   00001555553f9838 00005555568655b0
0x0000155418bfe788:   0000000000002232 00001555553faf08
0x0000155418bfe798:   000015553812b797 0000000000000000
0x0000155418bfe7a8:   00001555552412dd 00001554790563b4
0x0000155418bfe7b8:   00001554795ad820 0000155418bfe7e0 

Instructions: (pc=0x0000155555359dc1)
0x0000155555359cc1:   14 0f b6 0e 0f b6 07 29 c8 c3 0f 1f 44 00 00 19
0x0000155555359cd1:   c0 83 c8 01 c3 31 c0 c3 0f 1f 80 00 00 00 00 48
0x0000155555359ce1:   0f 38 f0 07 48 0f 38 f0 0e 48 29 c8 75 e1 48 0f
0x0000155555359cf1:   38 f0 44 17 f8 48 0f 38 f0 4c 16 f8 48 29 c8 75
0x0000155555359d01:   ce c3 c5 fa 6f 16 c5 e9 74 17 c5 f9 d7 c2 2d ff
0x0000155555359d11:   ff 00 00 0f 85 26 fd ff ff c5 fa 6f 54 16 f0 48
0x0000155555359d21:   8d 7c 17 f0 48 8d 74 16 f0 c5 e9 74 17 c5 f9 d7
0x0000155555359d31:   c2 2d ff ff 00 00 0f 85 03 fd ff ff c3 66 90 0f
0x0000155555359d41:   b7 07 0f b7 0e 0f c8 0f c9 d1 e8 d1 e9 0f b6 7c
0x0000155555359d51:   17 ff 0f b6 74 16 ff 09 f8 09 f1 29 c8 c3 66 2e
0x0000155555359d61:   0f 1f 84 00 00 00 00 00 66 2e 0f 1f 84 00 00 00
0x0000155555359d71:   00 00 66 2e 0f 1f 84 00 00 00 00 00 0f 1f 00 f3
0x0000155555359d81:   0f 1e fa 48 39 d1 0f 82 53 1e fc ff 0f 1f 00 f3
0x0000155555359d91:   0f 1e fa 48 89 f8 48 01 d0 eb 1b 0f 1f 40 00 f3
0x0000155555359da1:   0f 1e fa 48 39 d1 0f 82 33 1e fc ff 0f 1f 00 f3
0x0000155555359db1:   0f 1e fa 48 89 f8 48 83 fa 20 0f 82 af 00 00 00
0x0000155555359dc1:   c5 fe 6f 06 48 83 fa 40 0f 87 3e 01 00 00 c5 fe
0x0000155555359dd1:   6f 4c 16 e0 c5 fe 7f 07 c5 fe 7f 4c 17 e0 c5 f8
0x0000155555359de1:   77 c3 66 66 2e 0f 1f 84 00 00 00 00 00 66 90 f3
0x0000155555359df1:   0f 1e fa 48 39 d1 0f 82 e3 1d fc ff 0f 1f 00 f3
0x0000155555359e01:   0f 1e fa 48 89 f8 48 01 d0 eb 3b 0f 1f 40 00 f3
0x0000155555359e11:   0f 1e fa 48 39 d1 0f 82 c3 1d fc ff 66 66 2e 0f
0x0000155555359e21:   1f 84 00 00 00 00 00 66 66 2e 0f 1f 84 00 00 00
0x0000155555359e31:   00 00 66 66 2e 0f 1f 84 00 00 00 00 00 66 90 f3
0x0000155555359e41:   0f 1e fa 48 89 f8 48 83 fa 20 72 23 c5 fe 6f 06
0x0000155555359e51:   48 83 fa 40 0f 87 a5 00 00 00 c5 fe 6f 4c 16 e0
0x0000155555359e61:   c5 fe 7f 07 c5 fe 7f 4c 17 e0 c5 f8 77 c3 90 83
0x0000155555359e71:   fa 10 73 2d 83 fa 08 73 46 83 fa 04 73 16 83 fa
0x0000155555359e81:   01 7c 10 8a 0e 74 0a 0f b7 74 16 fe 66 89 74 17
0x0000155555359e91:   fe 88 0f c3 8b 4c 16 fc 8b 36 89 4c 17 fc 89 37
0x0000155555359ea1:   c3 c5 fa 6f 06 c5 fa 6f 4c 16 f0 c5 fa 7f 07 c5
0x0000155555359eb1:   fa 7f 4c 17 f0 c3 66 0f 1f 84 00 00 00 00 00 48 


Stack slot to memory mapping:
stack at sp + 0 slots: 0x000015554390fafa: <offset 0x00000000000ddafa> in /storage/home/hcoda1/4/hyu483/conda_envs/qgis332/lib/python3.11/site-packages/osgeo/../../.././libproj.so.25 at 0x0000155543832000
stack at sp + 1 slots: 0x0 is NULL
stack at sp + 2 slots: 0x0000155418bfe5f0 points into unknown readable memory: 0x000000000000002f | 2f 00 00 00 00 00 00 00
stack at sp + 3 slots: 0x0000000000000060 is an unknown value
stack at sp + 4 slots: 0x000055555efe0130 points into unknown readable memory: 0x00001553b450f010 | 10 f0 50 b4 53 15 00 00
stack at sp + 5 slots: 0x000000000000002f is an unknown value
stack at sp + 6 slots: 0x858920700660f500 is an unknown value
stack at sp + 7 slots: 0x0 is NULL

VM_Operation (0x00001553ba9f8630): Exit, mode: safepoint, requested by thread 0x00001553a40011d0


---------------  P R O C E S S  ---------------

Threads class SMR info:
_java_thread_list=0x00001553404ef900, length=12, elements={
0x000055555ca715d0, 0x000055555e8b7850, 0x000055555e8b9190, 0x000055555e8bd4c0,
0x000055555e8bedd0, 0x000055555e8c0740, 0x000055555e8c23a0, 0x000055555e8c3e30,
0x000055555e8c5410, 0x000055555e8cb780, 0x000055555e8d03d0, 0x00001553a40011d0
}

Java Threads: ( => current thread )
  0x000055555ca715d0 JavaThread "main" [_thread_in_native, id=3961310, stack(0x00007fffffeff000,0x00007ffffffff000)]
  0x000055555e8b7850 JavaThread "Reference Handler" daemon [_thread_blocked, id=3962512, stack(0x00001554189ff000,0x0000155418aff000)]
  0x000055555e8b9190 JavaThread "Finalizer" daemon [_thread_blocked, id=3962519, stack(0x00001554188fe000,0x00001554189fe000)]
  0x000055555e8bd4c0 JavaThread "Signal Dispatcher" daemon [_thread_blocked, id=3962536, stack(0x00001554187fd000,0x00001554188fd000)]
  0x000055555e8bedd0 JavaThread "Service Thread" daemon [_thread_blocked, id=3962547, stack(0x00001554186fc000,0x00001554187fc000)]
  0x000055555e8c0740 JavaThread "Monitor Deflation Thread" daemon [_thread_blocked, id=3962555, stack(0x00001554185fb000,0x00001554186fb000)]
  0x000055555e8c23a0 JavaThread "C2 CompilerThread0" daemon [_thread_blocked, id=3962559, stack(0x00001554184fa000,0x00001554185fa000)]
  0x000055555e8c3e30 JavaThread "C1 CompilerThread0" daemon [_thread_blocked, id=3962584, stack(0x00001554183f9000,0x00001554184f9000)]
  0x000055555e8c5410 JavaThread "Sweeper thread" daemon [_thread_blocked, id=3962586, stack(0x00001554182f8000,0x00001554183f8000)]
  0x000055555e8cb780 JavaThread "Notification Thread" daemon [_thread_blocked, id=3962602, stack(0x00001554181f7000,0x00001554182f7000)]
  0x000055555e8d03d0 JavaThread "Common-Cleaner" daemon [_thread_blocked, id=3962610, stack(0x0000155409f00000,0x000015540a000000)]
  0x00001553a40011d0 JavaThread "SIGINT handler" daemon [_thread_blocked, id=3976468, stack(0x00001553ba8fa000,0x00001553ba9fa000)]

Other Threads:
=>0x000055555e8b35e0 VMThread "VM Thread" [stack: 0x0000155418b00000,0x0000155418c00000] [id=3962505]
  0x000055555c6c31f0 GCTaskThread "GC Thread#0" [stack: 0x000015546f900000,0x000015546fa00000] [id=3962478]
  0x00001553b4001760 GCTaskThread "GC Thread#1" [stack: 0x0000155408ffd000,0x00001554090fd000] [id=3962816]
  0x00001553b4002660 GCTaskThread "GC Thread#2" [stack: 0x0000155408efc000,0x0000155408ffc000] [id=3962817]
  0x00001553b491b780 GCTaskThread "GC Thread#3" [stack: 0x00001553baf00000,0x00001553bb000000] [id=3963165]
  0x00001553b4513540 GCTaskThread "GC Thread#4" [stack: 0x00001553badff000,0x00001553baeff000] [id=3963166]
  0x00001553b4514380 GCTaskThread "GC Thread#5" [stack: 0x00001553bacfe000,0x00001553badfe000] [id=3963170]
  0x00001553b45151c0 GCTaskThread "GC Thread#6" [stack: 0x00001553babfd000,0x00001553bacfd000] [id=3963177]
  0x00001553b4516040 GCTaskThread "GC Thread#7" [stack: 0x00001553baafc000,0x00001553babfc000] [id=3963181]
  0x00001553b491e2f0 GCTaskThread "GC Thread#8" [stack: 0x00001553ba6f8000,0x00001553ba7f8000] [id=3963290]
  0x00001553b491cf80 GCTaskThread "GC Thread#9" [stack: 0x0000155409700000,0x0000155409800000] [id=3963437]
  0x00001553b491d240 GCTaskThread "GC Thread#10" [stack: 0x00001553ba7f9000,0x00001553ba8f9000] [id=3963529]
  0x00001553b4533070 GCTaskThread "GC Thread#11" [stack: 0x00001553ba3f5000,0x00001553ba4f5000] [id=3964255]
  0x00001553b452c4c0 GCTaskThread "GC Thread#12" [stack: 0x0000155409b00000,0x0000155409c00000] [id=3964256]
  0x000055555d91b390 ConcurrentGCThread "G1 Main Marker" terminated
  0x000055555c6d34f0 ConcurrentGCThread "G1 Conc#0" [stack: 0x000015541912f000,0x000015541922f000] [id=3962489]
  0x000055555ca1ef50 ConcurrentGCThread "G1 Refine#0" terminated
  0x00001554040048e0 ConcurrentGCThread "G1 Refine#1" terminated
  0x000015533081cb80 ConcurrentGCThread "G1 Refine#2" terminated
  0x000055555c3842c0 ConcurrentGCThread "G1 Service" terminated

Threads with active compile tasks:
C2 CompilerThread0  
[error occurred during error reporting (printing all threads), id 0xb, SIGSEGV (0xb) at pc=0x0000155478edf8c5]

VM state: at safepoint (shutting down)

VM Mutex/Monitor currently owned by a thread:  ([mutex/lock_event])
[0x000055555ca6e970] Threads_lock - owner thread: 0x000055555e8b35e0
[0x000055555ca6f120] Heap_lock - owner thread: 0x00001553a40011d0

Heap address: 0x0000000082000000, size: 30688 MB, Compressed Oops mode: Zero based, Oop shift amount: 3

CDS archive(s) mapped at: [0x00001553bb000000-0x00001553bbbcc000-0x00001553bbbcc000), size 12369920, SharedBaseAddress: 0x00001553bb000000, ArchiveRelocationMode: 1.
Compressed class space mapped at: 0x00001553bc000000-0x00001553fc000000, reserved size: 1073741824
Narrow klass base: 0x00001553bb000000, Narrow klass shift: 0, Narrow klass range: 0x100000000

GC Precious Log:
 CPUs: 128 total, 16 available
 Memory: 503G
 Large Page Support: Disabled
 NUMA Support: Disabled
 Compressed Oops: Enabled (Zero based)
 Heap Region Size: 16M
 Heap Min Capacity: 16M
 Heap Initial Capacity: 2G
 Heap Max Capacity: 30688M
 Pre-touch: Disabled
 Parallel Workers: 13
 Concurrent Workers: 3
 Concurrent Refinement Workers: 13
 Periodic GC: Disabled

Heap:
 garbage-first heap   total 1556480K, used 996236K [0x0000000082000000, 0x0000000800000000)
  region size 16384K, 52 young (851968K), 2 survivors (32768K)
 Metaspace       used 19502K, committed 19840K, reserved 1114112K
  class space    used 1627K, committed 1792K, reserved 1048576K

Heap Regions: E=young(eden), S=young(survivor), O=old, HS=humongous(starts), HC=humongous(continues), CS=collection set, F=free, OA=open archive, CA=closed archive, TAMS=top-at-mark-start (previous, next)
|   0|0x0000000082000000, 0x0000000082ffffe8, 0x0000000083000000| 99%| O|  |TAMS 0x0000000082ffffe8, 0x0000000082000000| Untracked 
|   1|0x0000000083000000, 0x0000000084000000, 0x0000000084000000|100%| O|  |TAMS 0x0000000084000000, 0x0000000083000000| Untracked 
|   2|0x0000000084000000, 0x0000000084ffffe8, 0x0000000085000000| 99%| O|  |TAMS 0x0000000084ffffe8, 0x0000000084000000| Untracked 
|   3|0x0000000085000000, 0x0000000085973e10, 0x0000000086000000| 59%| O|  |TAMS 0x0000000085000000, 0x0000000085000000| Untracked 
|   4|0x0000000086000000, 0x0000000086b0c6b0, 0x0000000087000000| 69%| O|  |TAMS 0x0000000086000000, 0x0000000086000000| Untracked 
|   5|0x0000000087000000, 0x0000000088000000, 0x0000000088000000|100%| O|  |TAMS 0x0000000087000000, 0x0000000087000000| Untracked 
|   6|0x0000000088000000, 0x0000000089000000, 0x0000000089000000|100%| O|  |TAMS 0x0000000088000000, 0x0000000088000000| Untracked 
|   7|0x0000000089000000, 0x000000008a000000, 0x000000008a000000|100%| O|  |TAMS 0x0000000089000000, 0x0000000089000000| Untracked 
|   8|0x000000008a000000, 0x000000008a8dea00, 0x000000008b000000| 55%| O|  |TAMS 0x000000008a000000, 0x000000008a000000| Untracked 
|   9|0x000000008b000000, 0x000000008b000000, 0x000000008c000000|  0%| F|  |TAMS 0x000000008b000000, 0x000000008b000000| Untracked 
|  10|0x000000008c000000, 0x000000008c000000, 0x000000008d000000|  0%| F|  |TAMS 0x000000008c000000, 0x000000008c000000| Untracked 
|  11|0x000000008d000000, 0x000000008d000000, 0x000000008e000000|  0%| F|  |TAMS 0x000000008d000000, 0x000000008d000000| Untracked 
|  12|0x000000008e000000, 0x000000008e000000, 0x000000008f000000|  0%| F|  |TAMS 0x000000008e000000, 0x000000008e000000| Untracked 
|  13|0x000000008f000000, 0x000000008f000000, 0x0000000090000000|  0%| F|  |TAMS 0x000000008f000000, 0x000000008f000000| Untracked 
|  14|0x0000000090000000, 0x0000000090000000, 0x0000000091000000|  0%| F|  |TAMS 0x0000000090000000, 0x0000000090000000| Untracked 
|  15|0x0000000091000000, 0x0000000091000000, 0x0000000092000000|  0%| F|  |TAMS 0x0000000091000000, 0x0000000091000000| Untracked 
|  16|0x0000000092000000, 0x0000000092000000, 0x0000000093000000|  0%| F|  |TAMS 0x0000000092000000, 0x0000000092000000| Untracked 
|  17|0x0000000093000000, 0x0000000093000000, 0x0000000094000000|  0%| F|  |TAMS 0x0000000093000000, 0x0000000093000000| Untracked 
|  18|0x0000000094000000, 0x0000000094000000, 0x0000000095000000|  0%| F|  |TAMS 0x0000000094000000, 0x0000000094000000| Untracked 
|  19|0x0000000095000000, 0x0000000095000000, 0x0000000096000000|  0%| F|  |TAMS 0x0000000095000000, 0x0000000095000000| Untracked 
|  20|0x0000000096000000, 0x0000000096000000, 0x0000000097000000|  0%| F|  |TAMS 0x0000000096000000, 0x0000000096000000| Untracked 
|  21|0x0000000097000000, 0x0000000097000000, 0x0000000098000000|  0%| F|  |TAMS 0x0000000097000000, 0x0000000097000000| Untracked 
|  22|0x0000000098000000, 0x0000000098000000, 0x0000000099000000|  0%| F|  |TAMS 0x0000000098000000, 0x0000000098000000| Untracked 
|  23|0x0000000099000000, 0x0000000099000000, 0x000000009a000000|  0%| F|  |TAMS 0x0000000099000000, 0x0000000099000000| Untracked 
|  24|0x000000009a000000, 0x000000009a000000, 0x000000009b000000|  0%| F|  |TAMS 0x000000009a000000, 0x000000009a000000| Untracked 
|  25|0x000000009b000000, 0x000000009b000000, 0x000000009c000000|  0%| F|  |TAMS 0x000000009b000000, 0x000000009b000000| Untracked 
|  26|0x000000009c000000, 0x000000009c000000, 0x000000009d000000|  0%| F|  |TAMS 0x000000009c000000, 0x000000009c000000| Untracked 
|  27|0x000000009d000000, 0x000000009d000000, 0x000000009e000000|  0%| F|  |TAMS 0x000000009d000000, 0x000000009d000000| Untracked 
|  28|0x000000009e000000, 0x000000009e000000, 0x000000009f000000|  0%| F|  |TAMS 0x000000009e000000, 0x000000009e000000| Untracked 
|  29|0x000000009f000000, 0x000000009f000000, 0x00000000a0000000|  0%| F|  |TAMS 0x000000009f000000, 0x000000009f000000| Untracked 
|  30|0x00000000a0000000, 0x00000000a0000000, 0x00000000a1000000|  0%| F|  |TAMS 0x00000000a0000000, 0x00000000a0000000| Untracked 
|  31|0x00000000a1000000, 0x00000000a1000000, 0x00000000a2000000|  0%| F|  |TAMS 0x00000000a1000000, 0x00000000a1000000| Untracked 
|  32|0x00000000a2000000, 0x00000000a2000000, 0x00000000a3000000|  0%| F|  |TAMS 0x00000000a2000000, 0x00000000a2000000| Untracked 
|  33|0x00000000a3000000, 0x00000000a3000000, 0x00000000a4000000|  0%| F|  |TAMS 0x00000000a3000000, 0x00000000a3000000| Untracked 
|  34|0x00000000a4000000, 0x00000000a5000000, 0x00000000a5000000|100%| O|  |TAMS 0x00000000a5000000, 0x00000000a4000000| Untracked 
|  35|0x00000000a5000000, 0x00000000a6000000, 0x00000000a6000000|100%| O|  |TAMS 0x00000000a6000000, 0x00000000a5000000| Untracked 
|  36|0x00000000a6000000, 0x00000000a6000000, 0x00000000a7000000|  0%| F|  |TAMS 0x00000000a6000000, 0x00000000a6000000| Untracked 
|  37|0x00000000a7000000, 0x00000000a7f972c0, 0x00000000a8000000| 97%| S|CS|TAMS 0x00000000a7000000, 0x00000000a7000000| Complete 
|  38|0x00000000a8000000, 0x00000000a9000000, 0x00000000a9000000|100%| S|CS|TAMS 0x00000000a8000000, 0x00000000a8000000| Complete 
|  39|0x00000000a9000000, 0x00000000a9000000, 0x00000000aa000000|  0%| F|  |TAMS 0x00000000a9000000, 0x00000000a9000000| Untracked 
|  40|0x00000000aa000000, 0x00000000aa000000, 0x00000000ab000000|  0%| F|  |TAMS 0x00000000aa000000, 0x00000000aa000000| Untracked 
|  41|0x00000000ab000000, 0x00000000ab000000, 0x00000000ac000000|  0%| F|  |TAMS 0x00000000ab000000, 0x00000000ab000000| Untracked 
|  42|0x00000000ac000000, 0x00000000ac000000, 0x00000000ad000000|  0%| F|  |TAMS 0x00000000ac000000, 0x00000000ac000000| Untracked 
|  43|0x00000000ad000000, 0x00000000add33e38, 0x00000000ae000000| 82%| E|  |TAMS 0x00000000ad000000, 0x00000000ad000000| Complete 
|  44|0x00000000ae000000, 0x00000000af000000, 0x00000000af000000|100%| E|CS|TAMS 0x00000000ae000000, 0x00000000ae000000| Complete 
|  45|0x00000000af000000, 0x00000000b0000000, 0x00000000b0000000|100%| E|  |TAMS 0x00000000af000000, 0x00000000af000000| Complete 
|  46|0x00000000b0000000, 0x00000000b1000000, 0x00000000b1000000|100%| E|CS|TAMS 0x00000000b0000000, 0x00000000b0000000| Complete 
|  47|0x00000000b1000000, 0x00000000b2000000, 0x00000000b2000000|100%| E|CS|TAMS 0x00000000b1000000, 0x00000000b1000000| Complete 
|  48|0x00000000b2000000, 0x00000000b3000000, 0x00000000b3000000|100%| E|CS|TAMS 0x00000000b2000000, 0x00000000b2000000| Complete 
|  49|0x00000000b3000000, 0x00000000b4000000, 0x00000000b4000000|100%| E|CS|TAMS 0x00000000b3000000, 0x00000000b3000000| Complete 
|  50|0x00000000b4000000, 0x00000000b5000000, 0x00000000b5000000|100%| E|CS|TAMS 0x00000000b4000000, 0x00000000b4000000| Complete 
|  51|0x00000000b5000000, 0x00000000b6000000, 0x00000000b6000000|100%| E|CS|TAMS 0x00000000b5000000, 0x00000000b5000000| Complete 
|  52|0x00000000b6000000, 0x00000000b7000000, 0x00000000b7000000|100%| E|CS|TAMS 0x00000000b6000000, 0x00000000b6000000| Complete 
|  53|0x00000000b7000000, 0x00000000b8000000, 0x00000000b8000000|100%| E|CS|TAMS 0x00000000b7000000, 0x00000000b7000000| Complete 
|  54|0x00000000b8000000, 0x00000000b9000000, 0x00000000b9000000|100%| E|CS|TAMS 0x00000000b8000000, 0x00000000b8000000| Complete 
|  55|0x00000000b9000000, 0x00000000ba000000, 0x00000000ba000000|100%| E|CS|TAMS 0x00000000b9000000, 0x00000000b9000000| Complete 
|  56|0x00000000ba000000, 0x00000000bb000000, 0x00000000bb000000|100%| E|CS|TAMS 0x00000000ba000000, 0x00000000ba000000| Complete 
|  57|0x00000000bb000000, 0x00000000bc000000, 0x00000000bc000000|100%| E|CS|TAMS 0x00000000bb000000, 0x00000000bb000000| Complete 
|  58|0x00000000bc000000, 0x00000000bd000000, 0x00000000bd000000|100%| E|CS|TAMS 0x00000000bc000000, 0x00000000bc000000| Complete 
|  59|0x00000000bd000000, 0x00000000be000000, 0x00000000be000000|100%| E|CS|TAMS 0x00000000bd000000, 0x00000000bd000000| Complete 
|  60|0x00000000be000000, 0x00000000bf000000, 0x00000000bf000000|100%| E|CS|TAMS 0x00000000be000000, 0x00000000be000000| Complete 
|  61|0x00000000bf000000, 0x00000000c0000000, 0x00000000c0000000|100%| E|CS|TAMS 0x00000000bf000000, 0x00000000bf000000| Complete 
|  62|0x00000000c0000000, 0x00000000c1000000, 0x00000000c1000000|100%| E|CS|TAMS 0x00000000c0000000, 0x00000000c0000000| Complete 
|  63|0x00000000c1000000, 0x00000000c2000000, 0x00000000c2000000|100%| E|CS|TAMS 0x00000000c1000000, 0x00000000c1000000| Complete 
|  64|0x00000000c2000000, 0x00000000c3000000, 0x00000000c3000000|100%| E|CS|TAMS 0x00000000c2000000, 0x00000000c2000000| Complete 
|  65|0x00000000c3000000, 0x00000000c4000000, 0x00000000c4000000|100%| E|CS|TAMS 0x00000000c3000000, 0x00000000c3000000| Complete 
|  66|0x00000000c4000000, 0x00000000c5000000, 0x00000000c5000000|100%| E|CS|TAMS 0x00000000c4000000, 0x00000000c4000000| Complete 
|  67|0x00000000c5000000, 0x00000000c6000000, 0x00000000c6000000|100%| E|CS|TAMS 0x00000000c5000000, 0x00000000c5000000| Complete 
|  68|0x00000000c6000000, 0x00000000c7000000, 0x00000000c7000000|100%| E|CS|TAMS 0x00000000c6000000, 0x00000000c6000000| Complete 
|  69|0x00000000c7000000, 0x00000000c8000000, 0x00000000c8000000|100%| E|CS|TAMS 0x00000000c7000000, 0x00000000c7000000| Complete 
|  70|0x00000000c8000000, 0x00000000c9000000, 0x00000000c9000000|100%| E|CS|TAMS 0x00000000c8000000, 0x00000000c8000000| Complete 
|  71|0x00000000c9000000, 0x00000000ca000000, 0x00000000ca000000|100%| E|CS|TAMS 0x00000000c9000000, 0x00000000c9000000| Complete 
|  72|0x00000000ca000000, 0x00000000cb000000, 0x00000000cb000000|100%| E|CS|TAMS 0x00000000ca000000, 0x00000000ca000000| Complete 
|  73|0x00000000cb000000, 0x00000000cc000000, 0x00000000cc000000|100%| E|CS|TAMS 0x00000000cb000000, 0x00000000cb000000| Complete 
|  74|0x00000000cc000000, 0x00000000cd000000, 0x00000000cd000000|100%| E|CS|TAMS 0x00000000cc000000, 0x00000000cc000000| Complete 
|  75|0x00000000cd000000, 0x00000000ce000000, 0x00000000ce000000|100%| E|CS|TAMS 0x00000000cd000000, 0x00000000cd000000| Complete 
|  76|0x00000000ce000000, 0x00000000cf000000, 0x00000000cf000000|100%| E|CS|TAMS 0x00000000ce000000, 0x00000000ce000000| Complete 
|  77|0x00000000cf000000, 0x00000000d0000000, 0x00000000d0000000|100%| E|CS|TAMS 0x00000000cf000000, 0x00000000cf000000| Complete 
|  78|0x00000000d0000000, 0x00000000d1000000, 0x00000000d1000000|100%| E|CS|TAMS 0x00000000d0000000, 0x00000000d0000000| Complete 
|  79|0x00000000d1000000, 0x00000000d2000000, 0x00000000d2000000|100%| E|CS|TAMS 0x00000000d1000000, 0x00000000d1000000| Complete 
|  80|0x00000000d2000000, 0x00000000d3000000, 0x00000000d3000000|100%| E|CS|TAMS 0x00000000d2000000, 0x00000000d2000000| Complete 
|  81|0x00000000d3000000, 0x00000000d4000000, 0x00000000d4000000|100%| E|CS|TAMS 0x00000000d3000000, 0x00000000d3000000| Complete 
|  82|0x00000000d4000000, 0x00000000d5000000, 0x00000000d5000000|100%| E|CS|TAMS 0x00000000d4000000, 0x00000000d4000000| Complete 
|  83|0x00000000d5000000, 0x00000000d6000000, 0x00000000d6000000|100%| E|CS|TAMS 0x00000000d5000000, 0x00000000d5000000| Complete 
|  84|0x00000000d6000000, 0x00000000d7000000, 0x00000000d7000000|100%| E|CS|TAMS 0x00000000d6000000, 0x00000000d6000000| Complete 
|  85|0x00000000d7000000, 0x00000000d8000000, 0x00000000d8000000|100%| E|CS|TAMS 0x00000000d7000000, 0x00000000d7000000| Complete 
|  86|0x00000000d8000000, 0x00000000d9000000, 0x00000000d9000000|100%| E|CS|TAMS 0x00000000d8000000, 0x00000000d8000000| Complete 
|  87|0x00000000d9000000, 0x00000000da000000, 0x00000000da000000|100%| E|CS|TAMS 0x00000000d9000000, 0x00000000d9000000| Complete 
|  88|0x00000000da000000, 0x00000000db000000, 0x00000000db000000|100%| E|CS|TAMS 0x00000000da000000, 0x00000000da000000| Complete 
|  89|0x00000000db000000, 0x00000000dc000000, 0x00000000dc000000|100%| E|CS|TAMS 0x00000000db000000, 0x00000000db000000| Complete 
|  90|0x00000000dc000000, 0x00000000dd000000, 0x00000000dd000000|100%| E|CS|TAMS 0x00000000dc000000, 0x00000000dc000000| Complete 
|  91|0x00000000dd000000, 0x00000000de000000, 0x00000000de000000|100%| E|CS|TAMS 0x00000000dd000000, 0x00000000dd000000| Complete 
|  92|0x00000000de000000, 0x00000000df000000, 0x00000000df000000|100%| E|CS|TAMS 0x00000000de000000, 0x00000000de000000| Complete 
|1916|0x00000007fe000000, 0x00000007fef75000, 0x00000007ff000000| 96%|OA|  |TAMS 0x00000007fef75000, 0x00000007fe000000| Untracked 
|1917|0x00000007ff000000, 0x00000007ff078000, 0x0000000800000000|  2%|CA|  |TAMS 0x00000007ff000000, 0x00000007ff000000| Untracked 

Card table byte_map: [0x0000155458e20000,0x000015545ca10000] _byte_map_base: 0x0000155458a10000

Marking Bits (Prev, Next): (CMBitMap*) 0x000055555d90b870, (CMBitMap*) 0x000055555d90b830
 Prev Bits: [0x0000155419330000, 0x00001554372b0000)
 Next Bits: [0x00001554372b0000, 0x0000155455230000)

Polling page: 0x000015552b43a000

Metaspace:

Usage:
  Non-class:     17.46 MB used.
      Class:      1.59 MB used.
       Both:     19.05 MB used.

Virtual space:
  Non-class space:       64.00 MB reserved,      17.62 MB ( 28%) committed,  1 nodes.
      Class space:        1.00 GB reserved,       1.75 MB ( <1%) committed,  1 nodes.
             Both:        1.06 GB reserved,      19.38 MB (  2%) committed. 

Chunk freelists:
   Non-Class:  13.70 MB
       Class:  14.23 MB
        Both:  27.93 MB

MaxMetaspaceSize: unlimited
CompressedClassSpaceSize: 1.00 GB
Initial GC threshold: 21.00 MB
Current GC threshold: 31.88 MB
CDS: on
MetaspaceReclaimPolicy: balanced
 - commit_granule_bytes: 65536.
 - commit_granule_words: 8192.
 - virtual_space_node_default_size: 8388608.
 - enlarge_chunks_in_place: 1.
 - new_chunks_are_fully_committed: 0.
 - uncommit_free_chunks: 1.
 - use_allocation_guard: 0.
 - handle_deallocations: 1.


Internal statistics:

num_allocs_failed_limit: 0.
num_arena_births: 356.
num_arena_deaths: 0.
num_vsnodes_births: 2.
num_vsnodes_deaths: 0.
num_space_committed: 310.
num_space_uncommitted: 0.
num_chunks_returned_to_freelist: 0.
num_chunks_taken_from_freelist: 993.
num_chunk_merges: 0.
num_chunk_splits: 658.
num_chunks_enlarged: 455.
num_inconsistent_stats: 0.

CodeHeap 'non-profiled nmethods': size=119168Kb used=12197Kb max_used=12197Kb free=106970Kb
 bounds [0x00001554681a0000, 0x0000155468d90000, 0x000015546f600000]
CodeHeap 'profiled nmethods': size=119164Kb used=12014Kb max_used=12545Kb free=107150Kb
 bounds [0x0000155460600000, 0x00001554612c0000, 0x0000155467a5f000]
CodeHeap 'non-nmethods': size=7428Kb used=1283Kb max_used=3093Kb free=6144Kb
 bounds [0x0000155467a5f000, 0x0000155467d7f000, 0x00001554681a0000]
 total_blobs=7917 nmethods=7305 adapters=525
 compilation: enabled
              stopped_count=0, restarted_count=0
 full_count=0

Compilation events (20 events):
Event: 1759.690 Thread 0x000055555e8c3e30 11171       3       org.jpype.manager.TypeManager$Destroyer::add (101 bytes)
Event: 1759.690 Thread 0x000055555e8c3e30 nmethod 11171 0x0000155461114110 code [0x0000155461114300, 0x0000155461114780]
Event: 1759.690 Thread 0x000055555e8c3e30 11172       3       org.jpype.manager.TypeManager$Destroyer::add (39 bytes)
Event: 1759.690 Thread 0x000055555e8c3e30 nmethod 11172 0x0000155460e6e710 code [0x0000155460e6e8c0, 0x0000155460e6eae0]
Event: 1759.691 Thread 0x000055555e8c3e30 11173       3       org.h2.mvstore.MVMap::close (6 bytes)
Event: 1759.691 Thread 0x000055555e8c3e30 nmethod 11173 0x0000155460fc5f90 code [0x0000155460fc6120, 0x0000155460fc6230]
Event: 1759.691 Thread 0x000055555e8c3e30 11174       3       java.lang.ThreadLocal$ThreadLocalMap::cleanSomeSlots (61 bytes)
Event: 1759.692 Thread 0x000055555e8c3e30 nmethod 11174 0x00001554609f8910 code [0x00001554609f8b00, 0x00001554609f9010]
Event: 1759.692 Thread 0x000055555e8c3e30 11175   !   3       jdk.internal.reflect.ReflectionFactory::checkInitted (100 bytes)
Event: 1759.693 Thread 0x000055555e8c3e30 nmethod 11175 0x0000155460e64990 code [0x0000155460e64ca0, 0x0000155460e65cc0]
Event: 1759.693 Thread 0x000055555e8c3e30 11176       3       java.lang.reflect.ReflectAccess::getRoot (5 bytes)
Event: 1759.693 Thread 0x000055555e8c3e30 nmethod 11176 0x0000155460f9a910 code [0x0000155460f9aac0, 0x0000155460f9ac80]
Event: 1759.693 Thread 0x000055555e8c3e30 11177       3       java.util.HashMap$EntryIterator::next (5 bytes)
Event: 1759.693 Thread 0x000055555e8c3e30 nmethod 11177 0x0000155460d3e290 code [0x0000155460d3e440, 0x0000155460d3e5c0]
Event: 1759.693 Thread 0x000055555e8c3e30 11178       3       java.util.HashMap$EntryIterator::next (5 bytes)
Event: 1759.694 Thread 0x000055555e8c3e30 nmethod 11178 0x000015546103ae10 code [0x000015546103afc0, 0x000015546103b100]
Event: 1759.694 Thread 0x000055555e8c3e30 11179       3       java.lang.invoke.DirectMethodHandle::preparedLambdaForm (31 bytes)
Event: 1759.694 Thread 0x000055555e8c3e30 nmethod 11179 0x00001554609f8010 code [0x00001554609f8200, 0x00001554609f86a0]
Event: 1759.695 Thread 0x000055555e8c3e30 11181       3       java.lang.invoke.MethodType::dropParameterTypes (162 bytes)
Event: 1759.696 Thread 0x000055555e8c3e30 nmethod 11181 0x000015546062bb90 code [0x000015546062bea0, 0x000015546062cde0]

GC Heap History (20 events):
Event: 192.190 GC heap before
{Heap before GC invocations=85 (full 13):
 garbage-first heap   total 491520K, used 119221K [0x0000000082000000, 0x0000000800000000)
  region size 16384K, 1 young (16384K), 0 survivors (0K)
 Metaspace       used 19373K, committed 19712K, reserved 1114112K
  class space    used 1618K, committed 1792K, reserved 1048576K
}
Event: 192.330 GC heap after
{Heap after GC invocations=86 (full 14):
 garbage-first heap   total 491520K, used 119221K [0x0000000082000000, 0x0000000800000000)
  region size 16384K, 0 young (0K), 0 survivors (0K)
 Metaspace       used 19373K, committed 19712K, reserved 1114112K
  class space    used 1618K, committed 1792K, reserved 1048576K
}
Event: 192.580 GC heap before
{Heap before GC invocations=86 (full 14):
 garbage-first heap   total 491520K, used 119221K [0x0000000082000000, 0x0000000800000000)
  region size 16384K, 1 young (16384K), 0 survivors (0K)
 Metaspace       used 19373K, committed 19712K, reserved 1114112K
  class space    used 1618K, committed 1792K, reserved 1048576K
}
Event: 192.697 GC heap after
{Heap after GC invocations=87 (full 15):
 garbage-first heap   total 491520K, used 119221K [0x0000000082000000, 0x0000000800000000)
  region size 16384K, 0 young (0K), 0 survivors (0K)
 Metaspace       used 19373K, committed 19712K, reserved 1114112K
  class space    used 1618K, committed 1792K, reserved 1048576K
}
Event: 435.411 GC heap before
{Heap before GC invocations=87 (full 15):
 garbage-first heap   total 491520K, used 364981K [0x0000000082000000, 0x0000000800000000)
  region size 16384K, 15 young (245760K), 0 survivors (0K)
 Metaspace       used 19429K, committed 19776K, reserved 1114112K
  class space    used 1618K, committed 1792K, reserved 1048576K
}
Event: 435.420 GC heap after
{Heap after GC invocations=88 (full 15):
 garbage-first heap   total 491520K, used 146710K [0x0000000082000000, 0x0000000800000000)
  region size 16384K, 2 young (32768K), 2 survivors (32768K)
 Metaspace       used 19429K, committed 19776K, reserved 1114112K
  class space    used 1618K, committed 1792K, reserved 1048576K
}
Event: 435.745 GC heap before
{Heap before GC invocations=88 (full 15):
 garbage-first heap   total 491520K, used 359702K [0x0000000082000000, 0x0000000800000000)
  region size 16384K, 15 young (245760K), 2 survivors (32768K)
 Metaspace       used 19429K, committed 19776K, reserved 1114112K
  class space    used 1618K, committed 1792K, reserved 1048576K
}
Event: 435.758 GC heap after
{Heap after GC invocations=89 (full 15):
 garbage-first heap   total 491520K, used 168281K [0x0000000082000000, 0x0000000800000000)
  region size 16384K, 2 young (32768K), 2 survivors (32768K)
 Metaspace       used 19429K, committed 19776K, reserved 1114112K
  class space    used 1618K, committed 1792K, reserved 1048576K
}
Event: 435.907 GC heap before
{Heap before GC invocations=89 (full 15):
 garbage-first heap   total 491520K, used 348505K [0x0000000082000000, 0x0000000800000000)
  region size 16384K, 13 young (212992K), 2 survivors (32768K)
 Metaspace       used 19429K, committed 19776K, reserved 1114112K
  class space    used 1618K, committed 1792K, reserved 1048576K
}
Event: 435.916 GC heap after
{Heap after GC invocations=90 (full 15):
 garbage-first heap   total 491520K, used 176851K [0x0000000082000000, 0x0000000800000000)
  region size 16384K, 1 young (16384K), 1 survivors (16384K)
 Metaspace       used 19429K, committed 19776K, reserved 1114112K
  class space    used 1618K, committed 1792K, reserved 1048576K
}
Event: 436.065 GC heap before
{Heap before GC invocations=90 (full 15):
 garbage-first heap   total 491520K, used 357075K [0x0000000082000000, 0x0000000800000000)
  region size 16384K, 12 young (196608K), 1 survivors (16384K)
 Metaspace       used 19429K, committed 19776K, reserved 1114112K
  class space    used 1618K, committed 1792K, reserved 1048576K
}
Event: 436.073 GC heap after
{Heap after GC invocations=91 (full 15):
 garbage-first heap   total 1294336K, used 174934K [0x0000000082000000, 0x0000000800000000)
  region size 16384K, 1 young (16384K), 1 survivors (16384K)
 Metaspace       used 19429K, committed 19776K, reserved 1114112K
  class space    used 1618K, committed 1792K, reserved 1048576K
}
Event: 437.543 GC heap before
{Heap before GC invocations=91 (full 15):
 garbage-first heap   total 1294336K, used 879446K [0x0000000082000000, 0x0000000800000000)
  region size 16384K, 44 young (720896K), 1 survivors (16384K)
 Metaspace       used 19450K, committed 19776K, reserved 1114112K
  class space    used 1618K, committed 1792K, reserved 1048576K
}
Event: 437.564 GC heap after
{Heap after GC invocations=92 (full 15):
 garbage-first heap   total 1294336K, used 247499K [0x0000000082000000, 0x0000000800000000)
  region size 16384K, 6 young (98304K), 6 survivors (98304K)
 Metaspace       used 19450K, committed 19776K, reserved 1114112K
  class space    used 1618K, committed 1792K, reserved 1048576K
}
Event: 438.050 GC heap before
{Heap before GC invocations=92 (full 15):
 garbage-first heap   total 1294336K, used 870091K [0x0000000082000000, 0x0000000800000000)
  region size 16384K, 44 young (720896K), 6 survivors (98304K)
 Metaspace       used 19451K, committed 19776K, reserved 1114112K
  class space    used 1618K, committed 1792K, reserved 1048576K
}
Event: 438.057 GC heap after
{Heap after GC invocations=93 (full 15):
 garbage-first heap   total 1294336K, used 202094K [0x0000000082000000, 0x0000000800000000)
  region size 16384K, 3 young (49152K), 3 survivors (49152K)
 Metaspace       used 19451K, committed 19776K, reserved 1114112K
  class space    used 1618K, committed 1792K, reserved 1048576K
}
Event: 439.015 GC heap before
{Heap before GC invocations=93 (full 15):
 garbage-first heap   total 1294336K, used 873838K [0x0000000082000000, 0x0000000800000000)
  region size 16384K, 44 young (720896K), 3 survivors (49152K)
 Metaspace       used 19451K, committed 19776K, reserved 1114112K
  class space    used 1618K, committed 1792K, reserved 1048576K
}
Event: 439.033 GC heap after
{Heap after GC invocations=94 (full 15):
 garbage-first heap   total 1294336K, used 266762K [0x0000000082000000, 0x0000000800000000)
  region size 16384K, 6 young (98304K), 6 survivors (98304K)
 Metaspace       used 19451K, committed 19776K, reserved 1114112K
  class space    used 1618K, committed 1792K, reserved 1048576K
}
Event: 479.846 GC heap before
{Heap before GC invocations=94 (full 15):
 garbage-first heap   total 1294336K, used 889354K [0x0000000082000000, 0x0000000800000000)
  region size 16384K, 44 young (720896K), 6 survivors (98304K)
 Metaspace       used 19451K, committed 19776K, reserved 1114112K
  class space    used 1618K, committed 1792K, reserved 1048576K
}
Event: 479.854 GC heap after
{Heap after GC invocations=95 (full 15):
 garbage-first heap   total 1556480K, used 209804K [0x0000000082000000, 0x0000000800000000)
  region size 16384K, 2 young (32768K), 2 survivors (32768K)
 Metaspace       used 19451K, committed 19776K, reserved 1114112K
  class space    used 1618K, committed 1792K, reserved 1048576K
}

Dll operation events (9 events):
Event: 0.054 Loaded shared library /usr/lib/jvm/java-17-openjdk-17.0.16.0.8-2.el9.x86_64/lib/libjava.so
Event: 0.153 Loaded shared library /usr/lib/jvm/java-17-openjdk-17.0.16.0.8-2.el9.x86_64/lib/libjsvml.so
Event: 0.286 Loaded shared library /usr/lib/jvm/java-17-openjdk-17.0.16.0.8-2.el9.x86_64/lib/libnio.so
Event: 0.294 Loaded shared library /usr/lib/jvm/java-17-openjdk-17.0.16.0.8-2.el9.x86_64/lib/libzip.so
Event: 0.545 Loaded shared library /storage/home/hcoda1/4/hyu483/.local/lib/python3.11/site-packages/_jpype.cpython-311-x86_64-linux-gnu.so
Event: 0.624 Loaded shared library /usr/lib/jvm/java-17-openjdk-17.0.16.0.8-2.el9.x86_64/lib/libjimage.so
Event: 2.968 Loaded shared library /usr/lib/jvm/java-17-openjdk-17.0.16.0.8-2.el9.x86_64/lib/libsystemconf.so
Event: 3.251 Loaded shared library /usr/lib/jvm/java-17-openjdk-17.0.16.0.8-2.el9.x86_64/lib/libnet.so
Event: 3.384 Loaded shared library /usr/lib/jvm/java-17-openjdk-17.0.16.0.8-2.el9.x86_64/lib/libextnet.so

Deoptimization events (20 events):
Event: 1759.693 Thread 0x00001553342450b0 Uncommon trap: trap_request=0xffffff45 fr.pc=0x00001554682748b8 relative=0x0000000000000098
Event: 1759.693 Thread 0x00001553342450b0 Uncommon trap: reason=unstable_if action=reinterpret pc=0x00001554682748b8 method=java.util.HashMap.hash(Ljava/lang/Object;)I @ 1 c2
Event: 1759.693 Thread 0x00001553342450b0 DEOPT PACKING pc=0x00001554682748b8 sp=0x00001553baaf8ac0
Event: 1759.693 Thread 0x00001553342450b0 DEOPT UNPACKING pc=0x0000155467ab5699 sp=0x00001553baaf8a78 mode 2
Event: 1759.694 Thread 0x00001553342450b0 Uncommon trap: trap_request=0xffffff45 fr.pc=0x0000155468c87694 relative=0x0000000000002f74
Event: 1759.694 Thread 0x00001553342450b0 Uncommon trap: reason=unstable_if action=reinterpret pc=0x0000155468c87694 method=java.math.BigDecimal.divide(JIJIII)Ljava/math/BigDecimal; @ 54 c2
Event: 1759.694 Thread 0x00001553342450b0 DEOPT PACKING pc=0x0000155468c87694 sp=0x00001553baaf91e0
Event: 1759.694 Thread 0x00001553342450b0 DEOPT UNPACKING pc=0x0000155467ab5699 sp=0x00001553baaf90b8 mode 2
Event: 1759.694 Thread 0x00001553342450b0 Uncommon trap: trap_request=0xffffff45 fr.pc=0x000015546855fe38 relative=0x0000000000000118
Event: 1759.694 Thread 0x00001553342450b0 Uncommon trap: reason=unstable_if action=reinterpret pc=0x000015546855fe38 method=java.math.BigDecimal.compareTo(Ljava/math/BigDecimal;)I @ 75 c2
Event: 1759.694 Thread 0x00001553342450b0 DEOPT PACKING pc=0x000015546855fe38 sp=0x00001553baaf9230
Event: 1759.694 Thread 0x00001553342450b0 DEOPT UNPACKING pc=0x0000155467ab5699 sp=0x00001553baaf91d8 mode 2
Event: 1759.694 Thread 0x00001553342450b0 Uncommon trap: trap_request=0xffffff45 fr.pc=0x0000155468cce3fc relative=0x00000000000000dc
Event: 1759.694 Thread 0x00001553342450b0 Uncommon trap: reason=unstable_if action=reinterpret pc=0x0000155468cce3fc method=java.math.BigDecimal.commonNeedIncrement(IIIZ)Z @ 1 c2
Event: 1759.694 Thread 0x00001553342450b0 DEOPT PACKING pc=0x0000155468cce3fc sp=0x00001553baaf9210
Event: 1759.694 Thread 0x00001553342450b0 DEOPT UNPACKING pc=0x0000155467ab5699 sp=0x00001553baaf9120 mode 2
Event: 1759.694 Thread 0x00001553342450b0 Uncommon trap: trap_request=0xffffff45 fr.pc=0x000015546828cf00 relative=0x00000000000000e0
Event: 1759.694 Thread 0x00001553342450b0 Uncommon trap: reason=unstable_if action=reinterpret pc=0x000015546828cf00 method=java.lang.Long.valueOf(J)Ljava/lang/Long; @ 9 c2
Event: 1759.694 Thread 0x00001553342450b0 DEOPT PACKING pc=0x000015546828cf00 sp=0x00001553baaf9260
Event: 1759.695 Thread 0x00001553342450b0 DEOPT UNPACKING pc=0x0000155467ab5699 sp=0x00001553baaf9218 mode 2

Classes loaded (20 events):
Event: 51.331 Loading class jdk/internal/misc/ScopedMemoryAccess$Scope$Handle
Event: 51.331 Loading class jdk/internal/misc/ScopedMemoryAccess$Scope$Handle done
Event: 87.129 Loading class jdk/internal/reflect/UnsafeQualifiedStaticObjectFieldAccessorImpl
Event: 87.130 Loading class jdk/internal/reflect/UnsafeQualifiedStaticObjectFieldAccessorImpl done
Event: 109.431 Loading class java/nio/ByteBufferAsLongBufferB
Event: 109.431 Loading class java/nio/ByteBufferAsLongBufferB done
Event: 1759.682 Loading class jdk/internal/misc/Signal$1
Event: 1759.682 Loading class jdk/internal/misc/Signal$1 done
Event: 1759.683 Loading class java/util/WeakHashMap$KeyIterator
Event: 1759.683 Loading class java/util/WeakHashMap$HashIterator
Event: 1759.683 Loading class java/util/WeakHashMap$HashIterator done
Event: 1759.683 Loading class java/util/WeakHashMap$KeyIterator done
Event: 1759.689 Loading class java/nio/channels/ClosedByInterruptException
Event: 1759.689 Loading class java/nio/channels/AsynchronousCloseException
Event: 1759.689 Loading class java/nio/channels/ClosedChannelException
Event: 1759.689 Loading class java/nio/channels/ClosedChannelException done
Event: 1759.689 Loading class java/nio/channels/AsynchronousCloseException done
Event: 1759.689 Loading class java/nio/channels/ClosedByInterruptException done
Event: 1759.694 Loading class java/time/OffsetDateTime$1
Event: 1759.694 Loading class java/time/OffsetDateTime$1 done

Classes unloaded (0 events):
No events

Classes redefined (0 events):
No events

Internal exceptions (20 events):
Event: 50.315 Thread 0x000055555ecf0b20 Exception <a 'java/lang/NoSuchMethodError'{0x000000008eafc500}: 'java.lang.Object java.lang.invoke.DirectMethodHandle$Holder.newInvokeSpecial(java.lang.Object, java.lang.Object, int, int, int)'> (0x000000008eafc500) 
thrown [src/hotspot/share/interpreter/linkResolver.cpp, line 759]
Event: 60.716 Thread 0x000055555ca715d0 Implicit null exception at 0x0000155468853546 to 0x0000155468854920
Event: 64.801 Thread 0x000055555ca715d0 Implicit null exception at 0x0000155468343316 to 0x0000155468343b1c
Event: 64.914 Thread 0x000055555ca715d0 Implicit null exception at 0x000015546886de88 to 0x000015546886e608
Event: 64.914 Thread 0x000055555ca715d0 Implicit null exception at 0x0000155468629406 to 0x00001554686294f8
Event: 77.181 Thread 0x000055555ca715d0 Implicit null exception at 0x0000155468a695be to 0x0000155468a6c238
Event: 122.287 Thread 0x000055555ca715d0 Implicit null exception at 0x000015546880a28f to 0x000015546880b710
Event: 122.288 Thread 0x000055555ca715d0 Implicit null exception at 0x0000155468807203 to 0x000015546880861c
Event: 129.845 Thread 0x000055555ca715d0 Implicit null exception at 0x00001554684af53a to 0x00001554684af920
Event: 172.759 Thread 0x000055555ca715d0 Exception <a 'sun/nio/fs/UnixException'{0x00000000d38899c8}> (0x00000000d38899c8) 
thrown [src/hotspot/share/prims/jni.cpp, line 516]
Event: 176.642 Thread 0x000055555ca715d0 Implicit null exception at 0x000015546842ba60 to 0x000015546842c265
Event: 178.032 Thread 0x000055555ca715d0 Exception <a 'sun/nio/fs/UnixException'{0x00000000bffecc18}> (0x00000000bffecc18) 
thrown [src/hotspot/share/prims/jni.cpp, line 516]
Event: 434.480 Thread 0x000055555ecf0b20 Implicit null exception at 0x0000155468d3fb64 to 0x0000155468d40e28
Event: 1759.684 Thread 0x00001553342450b0 Implicit null exception at 0x000015546844c2d0 to 0x000015546844c304
Event: 1759.689 Thread 0x000055555ea72910 Exception <a 'java/lang/InterruptedException'{0x00000000de800048}> (0x00000000de800048) 
thrown [src/hotspot/share/runtime/objectMonitor.cpp, line 1658]
Event: 1759.691 Thread 0x000055555ec16620 Exception <a 'java/lang/InterruptedException'{0x00000000add333f8}: sleep interrupted> (0x00000000add333f8) 
thrown [src/hotspot/share/prims/jvm.cpp, line 3064]
Event: 1759.693 Thread 0x00001553342450b0 Implicit null exception at 0x00001554681c81d8 to 0x00001554681c826a
Event: 1759.693 Thread 0x00001553342450b0 Implicit null exception at 0x000015546827482f to 0x00001554682748a9
Event: 1759.695 Thread 0x00001553342450b0 Exception <a 'sun/nio/fs/UnixException'{0x00000000ad03d600}> (0x00000000ad03d600) 
thrown [src/hotspot/share/prims/jni.cpp, line 516]
Event: 1759.695 Thread 0x00001553342450b0 Exception <a 'sun/nio/fs/UnixException'{0x00000000ad03dcb0}> (0x00000000ad03dcb0) 
thrown [src/hotspot/share/prims/jni.cpp, line 516]

VM Operations (20 events):
Event: 438.057 Executing VM operation: G1CollectForAllocation done
Event: 439.015 Executing VM operation: G1CollectForAllocation
Event: 439.033 Executing VM operation: G1CollectForAllocation done
Event: 440.033 Executing VM operation: Cleanup
Event: 440.033 Executing VM operation: Cleanup done
Event: 479.846 Executing VM operation: G1CollectForAllocation
Event: 479.854 Executing VM operation: G1CollectForAllocation done
Event: 480.458 Executing VM operation: HandshakeAllThreads
Event: 480.458 Executing VM operation: HandshakeAllThreads done
Event: 514.460 Executing VM operation: Cleanup
Event: 514.460 Executing VM operation: Cleanup done
Event: 540.471 Executing VM operation: HandshakeAllThreads
Event: 540.471 Executing VM operation: HandshakeAllThreads done
Event: 860.484 Executing VM operation: Cleanup
Event: 860.484 Executing VM operation: Cleanup done
Event: 1325.504 Executing VM operation: Cleanup
Event: 1325.505 Executing VM operation: Cleanup done
Event: 1759.689 Executing VM operation: ThreadDump
Event: 1759.689 Executing VM operation: ThreadDump done
Event: 1759.696 Executing VM operation: Exit

Memory protections (20 events):
Event: 134.563 Protecting memory [0x00001553b9ef0000,0x00001553b9ef4000] with protection modes 0
Event: 134.580 Protecting memory [0x00001553ba4f6000,0x00001553ba4fa000] with protection modes 0
Event: 140.306 Protecting memory [0x00001553ba8fa000,0x00001553ba8fe000] with protection modes 0
Event: 145.263 Protecting memory [0x00001553ba9fb000,0x00001553ba9ff000] with protection modes 0
Event: 145.272 Protecting memory [0x00001553ba8fa000,0x00001553ba8fe000] with protection modes 0
Event: 172.775 Protecting memory [0x00001553ba8fa000,0x00001553ba8fe000] with protection modes 0
Event: 172.775 Protecting memory [0x00001553ba9fb000,0x00001553ba9ff000] with protection modes 0
Event: 172.822 Protecting memory [0x00001553ba1f3000,0x00001553ba1f7000] with protection modes 0
Event: 176.867 Protecting memory [0x00001553ba8fa000,0x00001553ba8fe000] with protection modes 0
Event: 178.064 Protecting memory [0x00001553ba8fa000,0x00001553ba8fe000] with protection modes 0
Event: 178.070 Protecting memory [0x00001553ba9fb000,0x00001553ba9ff000] with protection modes 0
Event: 344.738 Protecting memory [0x00001553ba8fa000,0x00001553ba8fe000] with protection modes 0
Event: 344.738 Protecting memory [0x00001553ba9fb000,0x00001553ba9ff000] with protection modes 0
Event: 437.099 Protecting memory [0x00001553ba8fa000,0x00001553ba8fe000] with protection modes 0
Event: 438.106 Protecting memory [0x00001553ba8fa000,0x00001553ba8fe000] with protection modes 0
Event: 438.649 Protecting memory [0x00001553ba8fa000,0x00001553ba8fe000] with protection modes 0
Event: 1759.683 Protecting memory [0x00001553ba8fa000,0x00001553ba8fe000] with protection modes 0
Event: 1759.683 Protecting memory [0x00001553ba9fb000,0x00001553ba9ff000] with protection modes 0
Event: 1759.683 Protecting memory [0x00001553ba1f3000,0x00001553ba1f7000] with protection modes 0
Event: 1759.683 Protecting memory [0x0000155408100000,0x0000155408104000] with protection modes 0

Nmethod flushes (20 events):
Event: 130.020 Thread 0x000055555e8c5410 flushing  nmethod 0x000015546103ae10
Event: 130.020 Thread 0x000055555e8c5410 flushing  nmethod 0x0000155461069790
Event: 130.020 Thread 0x000055555e8c5410 flushing  nmethod 0x0000155461094e10
Event: 130.020 Thread 0x000055555e8c5410 flushing  nmethod 0x00001554610dfc90
Event: 130.020 Thread 0x000055555e8c5410 flushing  nmethod 0x000015546110c810
Event: 130.020 Thread 0x000055555e8c5410 flushing  nmethod 0x000015546110cf10
Event: 130.020 Thread 0x000055555e8c5410 flushing  nmethod 0x0000155461114110
Event: 130.020 Thread 0x000055555e8c5410 flushing  nmethod 0x000015546112d710
Event: 130.020 Thread 0x000055555e8c5410 flushing  nmethod 0x000015546114c190
Event: 130.020 Thread 0x000055555e8c5410 flushing  nmethod 0x000015546114d310
Event: 130.020 Thread 0x000055555e8c5410 flushing  nmethod 0x0000155461157f10
Event: 130.020 Thread 0x000055555e8c5410 flushing  nmethod 0x0000155461158290
Event: 130.020 Thread 0x000055555e8c5410 flushing  nmethod 0x0000155461161510
Event: 130.020 Thread 0x000055555e8c5410 flushing  nmethod 0x000015546118df90
Event: 130.021 Thread 0x000055555e8c5410 flushing  nmethod 0x00001554611c0b10
Event: 130.021 Thread 0x000055555e8c5410 flushing  nmethod 0x00001554611c3910
Event: 130.021 Thread 0x000055555e8c5410 flushing  nmethod 0x0000155461215710
Event: 130.021 Thread 0x000055555e8c5410 flushing  nmethod 0x0000155461228a10
Event: 162.786 Thread 0x000055555e8c5410 flushing  nmethod 0x0000155468b7af90
Event: 162.794 Thread 0x000055555e8c5410 flushing  nmethod 0x0000155460ed0290

Events (20 events):
Event: 437.099 Thread 0x000055555e8c3e30 Thread added: 0x00001553946d69e0
Event: 437.914 Thread 0x00001553946d69e0 Thread exited: 0x00001553946d69e0
Event: 438.106 Thread 0x000055555e8c23a0 Thread added: 0x00001553a0eba7a0
Event: 438.574 Thread 0x00001553a0eba7a0 Thread exited: 0x00001553a0eba7a0
Event: 438.649 Thread 0x000055555e8c23a0 Thread added: 0x00001553a0ebb420
Event: 444.136 Thread 0x00001553a0ebb420 Thread exited: 0x00001553a0ebb420
Event: 1759.683 Thread 0x000055555e8bd4c0 Thread added: 0x00001553a40011d0
Event: 1759.683 Thread 0x00001553a40011d0 Thread added: 0x00001553342450b0
Event: 1759.683 Thread 0x00001553a40011d0 Thread added: 0x0000155334245620
Event: 1759.683 Thread 0x00001553a40011d0 Thread added: 0x00001553343aae20
Event: 1759.683 Thread 0x0000155334245620 Thread exited: 0x0000155334245620
Event: 1759.684 Thread 0x000055555ecda860 Thread exited: 0x000055555ecda860
Event: 1759.689 Thread 0x000055555ea72910 Thread exited: 0x000055555ea72910
Event: 1759.690 Thread 0x00001553343aae20 Thread exited: 0x00001553343aae20
Event: 1759.690 Thread 0x000055555ecf0b20 Thread exited: 0x000055555ecf0b20
Event: 1759.691 Thread 0x00001553601d5920 Thread exited: 0x00001553601d5920
Event: 1759.691 Thread 0x00001553682ae000 Thread exited: 0x00001553682ae000
Event: 1759.691 Thread 0x000055555ec16620 Thread exited: 0x000055555ec16620
Event: 1759.696 Thread 0x00001553342450b0 Thread exited: 0x00001553342450b0
Event: 1759.696 Thread 0x00001553a40011d0 Before exit entered


Dynamic libraries:
82000000-df000000 rw-p 00000000 00:00 0 
df000000-7fe000000 ---p 00000000 00:00 0 
7fe000000-7fef00000 rw-p 00000000 00:00 0 
7fef00000-7fef75000 rw-p 00c7c000 fd:00 104324289                        /usr/lib/jvm/java-17-openjdk-17.0.16.0.8-2.el9.x86_64/lib/server/classes.jsa
7fef75000-7ff000000 rw-p 00000000 00:00 0 
7ff000000-7ff078000 rw-p 00c04000 fd:00 104324289                        /usr/lib/jvm/java-17-openjdk-17.0.16.0.8-2.el9.x86_64/lib/server/classes.jsa
7ff078000-800000000 rw-p 00000000 00:00 0 
1552d1533000-1552dcd04000 rw-p 00000000 00:00 0 
1552dcd04000-1552e0cd7000 rw-p 00000000 00:00 0 
1552e2d31000-1552e2d32000 rw-p 00000000 00:00 0 
1552e2d32000-1552e5b25000 rw-p 00000000 00:00 0 
1552e5b25000-1552e5b26000 rw-p 00000000 00:00 0 
1552e5b26000-1552e8919000 rw-p 00000000 00:00 0 
1552e8919000-1552e891a000 rw-p 00000000 00:00 0 
1552e891a000-1552eb70d000 rw-p 00000000 00:00 0 
1552eb70d000-1552eb70e000 rw-p 00000000 00:00 0 
1552eb70e000-1552f40e9000 rw-p 00000000 00:00 0 
1552f4f21000-1552f4f22000 rw-p 00000000 00:00 0 
1552f4f22000-1552f7d15000 rw-p 00000000 00:00 0 
1552f7d15000-1552f7d16000 rw-p 00000000 00:00 0 
1552f7d16000-1552fab09000 rw-p 00000000 00:00 0 
1552fab09000-1552fab0a000 rw-p 00000000 00:00 0 
1552fab0a000-1552fd8fd000 rw-p 00000000 00:00 0 
1552feff7000-1552feff8000 rw-p 00000000 00:00 0 
1552feff8000-155301deb000 rw-p 00000000 00:00 0 
155301deb000-155301dec000 rw-p 00000000 00:00 0 
155301dec000-1553034e5000 rw-p 00000000 00:00 0 
1553034e5000-1553035e5000 rw-p 00000000 00:00 0 
155303ffd000-155307ffe000 rw-p 00000000 00:00 0 
155307ffe000-15530bfff000 rw-p 00000000 00:00 0 
15530c000000-15530cc7e000 rw-p 00000000 00:00 0 
15530cc7e000-155310000000 ---p 00000000 00:00 0 
155310b0c000-15531120d000 rw-p 00000000 00:00 0 
15531120d000-155314000000 rw-p 00000000 00:00 0 
155314000000-155316082000 rw-p 00000000 00:00 0 
155316082000-155318000000 ---p 00000000 00:00 0 
155318000000-155318ac8000 rw-p 00000000 00:00 0 
155318ac8000-15531c000000 ---p 00000000 00:00 0 
15531c000000-15531d059000 rw-p 00000000 00:00 0 
15531d059000-155320000000 ---p 00000000 00:00 0 
155320000000-1553210e2000 rw-p 00000000 00:00 0 
1553210e2000-155324000000 ---p 00000000 00:00 0 
155324000000-155325b24000 rw-p 00000000 00:00 0 
155325b24000-155328000000 ---p 00000000 00:00 0 
155328000000-15532867c000 rw-p 00000000 00:00 0 
15532867c000-15532c000000 ---p 00000000 00:00 0 
15532c000000-15532c021000 rw-p 00000000 00:00 0 
15532c021000-155330000000 ---p 00000000 00:00 0 
155330000000-1553309b9000 rw-p 00000000 00:00 0 
1553309b9000-155334000000 ---p 00000000 00:00 0 
155334000000-155336335000 rw-p 00000000 00:00 0 
155336335000-155338000000 ---p 00000000 00:00 0 
155338000000-155338533000 rw-p 00000000 00:00 0 
155338533000-15533c000000 ---p 00000000 00:00 0 
15533c000000-15533c021000 rw-p 00000000 00:00 0 
15533c021000-155340000000 ---p 00000000 00:00 0 
155340000000-1553424b2000 rw-p 00000000 00:00 0 
1553424b2000-155344000000 ---p 00000000 00:00 0 
155344000000-155344021000 rw-p 00000000 00:00 0 
155344021000-155348000000 ---p 00000000 00:00 0 
155348000000-155348021000 rw-p 00000000 00:00 0 
155348021000-15534c000000 ---p 00000000 00:00 0 
15534c000000-15534c021000 rw-p 00000000 00:00 0 
15534c021000-155350000000 ---p 00000000 00:00 0 
155350000000-155350021000 rw-p 00000000 00:00 0 
155350021000-155354000000 ---p 00000000 00:00 0 
155354000000-155355803000 rw-p 00000000 00:00 0 
155355803000-155358000000 ---p 00000000 00:00 0 
155358000000-155358448000 rw-p 00000000 00:00 0 
155358448000-15535c000000 ---p 00000000 00:00 0 
15535c000000-15535d363000 rw-p 00000000 00:00 0 
15535d363000-155360000000 ---p 00000000 00:00 0 
155360000000-155360846000 rw-p 00000000 00:00 0 
155360846000-155364000000 ---p 00000000 00:00 0 
155364000000-15536437d000 rw-p 00000000 00:00 0 
15536437d000-155368000000 ---p 00000000 00:00 0 
155368000000-155368774000 rw-p 00000000 00:00 0 
155368774000-15536c000000 ---p 00000000 00:00 0 
15536c000000-15536c021000 rw-p 00000000 00:00 0 
15536c021000-155370000000 ---p 00000000 00:00 0 
155370000000-155370021000 rw-p 00000000 00:00 0 
155370021000-155374000000 ---p 00000000 00:00 0 
155374000000-155375d05000 rw-p 00000000 00:00 0 
155375d05000-155378000000 ---p 00000000 00:00 0 
155378000000-155378630000 rw-p 00000000 00:00 0 
155378630000-15537c000000 ---p 00000000 00:00 0 
15537c000000-15537caee000 rw-p 00000000 00:00 0 
15537caee000-155380000000 ---p 00000000 00:00 0 
155380000000-155380021000 rw-p 00000000 00:00 0 
155380021000-155384000000 ---p 00000000 00:00 0 
155384000000-155384021000 rw-p 00000000 00:00 0 
155384021000-155388000000 ---p 00000000 00:00 0 
155388000000-1553886e7000 rw-p 00000000 00:00 0 
1553886e7000-15538c000000 ---p 00000000 00:00 0 
15538c000000-15538c021000 rw-p 00000000 00:00 0 
15538c021000-155390000000 ---p 00000000 00:00 0 
155390000000-155390021000 rw-p 00000000 00:00 0 
155390021000-155394000000 ---p 00000000 00:00 0 
155394000000-155394e03000 rw-p 00000000 00:00 0 
155394e03000-155398000000 ---p 00000000 00:00 0 
155398000000-155398021000 rw-p 00000000 00:00 0 
155398021000-15539c000000 ---p 00000000 00:00 0 
15539c000000-15539c021000 rw-p 00000000 00:00 0 
15539c021000-1553a0000000 ---p 00000000 00:00 0 
1553a0000000-1553a27aa000 rw-p 00000000 00:00 0 
1553a27aa000-1553a4000000 ---p 00000000 00:00 0 
1553a4000000-1553a4021000 rw-p 00000000 00:00 0 
1553a4021000-1553a8000000 ---p 00000000 00:00 0 
1553a8000000-1553a8021000 rw-p 00000000 00:00 0 
1553a8021000-1553ac000000 ---p 00000000 00:00 0 
1553ac000000-1553ac021000 rw-p 00000000 00:00 0 
1553ac021000-1553b0000000 ---p 00000000 00:00 0 
1553b0000000-1553b0021000 rw-p 00000000 00:00 0 
1553b0021000-1553b4000000 ---p 00000000 00:00 0 
1553b4000000-1553b6820000 rw-p 00000000 00:00 0 
1553b6820000-1553b8000000 ---p 00000000 00:00 0 
1553b80ef000-1553b81ef000 rw-p 00000000 00:00 0 
1553b82ef000-1553b83ef000 rw-p 00000000 00:00 0 
1553b84ef000-1553b85ef000 rw-p 00000000 00:00 0 
1553b8cef000-1553b8def000 rw-p 00000000 00:00 0 
1553b8eef000-1553b93ef000 rw-p 00000000 00:00 0 
1553b93ef000-1553b97ef000 rw-p 00000000 00:00 0 
1553b98ee000-1553b98ef000 ---p 00000000 00:00 0 
1553b98ef000-1553b9eef000 rw-p 00000000 00:00 0 
1553b9eef000-1553b9ef0000 ---p 00000000 00:00 0 
1553b9ef0000-1553b9ef4000 ---p 00000000 00:00 0 
1553b9ef4000-1553b9ff0000 rw-p 00000000 00:00 0 
1553b9ff0000-1553b9ff1000 ---p 00000000 00:00 0 
1553b9ff1000-1553b9ff5000 ---p 00000000 00:00 0 
1553b9ff5000-1553ba0f1000 rw-p 00000000 00:00 0 
1553ba0f1000-1553ba0f2000 ---p 00000000 00:00 0 
1553ba0f2000-1553ba0f6000 ---p 00000000 00:00 0 
1553ba0f6000-1553ba1f2000 rw-p 00000000 00:00 0 
1553ba1f2000-1553ba1f3000 ---p 00000000 00:00 0 
1553ba1f3000-1553ba1f7000 ---p 00000000 00:00 0 
1553ba1f7000-1553ba2f3000 rw-p 00000000 00:00 0 
1553ba2f3000-1553ba2f4000 ---p 00000000 00:00 0 
1553ba2f4000-1553ba2f8000 ---p 00000000 00:00 0 
1553ba2f8000-1553ba3f4000 rw-p 00000000 00:00 0 
1553ba3f4000-1553ba3f5000 ---p 00000000 00:00 0 
1553ba3f5000-1553ba3f9000 ---p 00000000 00:00 0 
1553ba3f9000-1553ba4f5000 rw-p 00000000 00:00 0 
1553ba4f5000-1553ba4f6000 ---p 00000000 00:00 0 
1553ba4f6000-1553ba4fa000 ---p 00000000 00:00 0 
1553ba4fa000-1553ba5f6000 rw-p 00000000 00:00 0 
1553ba5f6000-1553ba5f7000 ---p 00000000 00:00 0 
1553ba5f7000-1553ba5fb000 ---p 00000000 00:00 0 
1553ba5fb000-1553ba6f7000 rw-p 00000000 00:00 0 
1553ba6f7000-1553ba6f8000 ---p 00000000 00:00 0 
1553ba6f8000-1553ba7f8000 rw-p 00000000 00:00 0 
1553ba7f8000-1553ba7f9000 ---p 00000000 00:00 0 
1553ba7f9000-1553ba7fd000 ---p 00000000 00:00 0 
1553ba7fd000-1553ba8f9000 rw-p 00000000 00:00 0 
1553ba8f9000-1553ba8fa000 ---p 00000000 00:00 0 
1553ba8fa000-1553ba8fe000 ---p 00000000 00:00 0 
1553ba8fe000-1553ba9fa000 rw-p 00000000 00:00 0 
1553ba9fa000-1553ba9fb000 ---p 00000000 00:00 0 
1553ba9fb000-1553ba9ff000 ---p 00000000 00:00 0 
1553ba9ff000-1553baafb000 rw-p 00000000 00:00 0 
1553baafb000-1553baafc000 ---p 00000000 00:00 0 
1553baafc000-1553babfc000 rw-p 00000000 00:00 0 
1553babfc000-1553babfd000 ---p 00000000 00:00 0 
1553babfd000-1553bacfd000 rw-p 00000000 00:00 0 
1553bacfd000-1553bacfe000 ---p 00000000 00:00 0 
1553bacfe000-1553badfe000 rw-p 00000000 00:00 0 
1553badfe000-1553badff000 ---p 00000000 00:00 0 
1553badff000-1553baeff000 rw-p 00000000 00:00 0 
1553baeff000-1553baf00000 ---p 00000000 00:00 0 
1553baf00000-1553bb000000 rw-p 00000000 00:00 0 
1553bb000000-1553bbbcc000 rw-p 00001000 fd:00 104324289                  /usr/lib/jvm/java-17-openjdk-17.0.16.0.8-2.el9.x86_64/lib/server/classes.jsa
1553bbbcc000-1553bc000000 ---p 00000000 00:00 0 
1553bc000000-1553bc030000 rw-p 00000000 00:00 0 
1553bc030000-1553bc0b0000 rw-p 00000000 00:00 0 
1553bc0b0000-1553bc0f0000 rw-p 00000000 00:00 0 
1553bc0f0000-1553bc100000 ---p 00000000 00:00 0 
1553bc100000-1553bc1d0000 rw-p 00000000 00:00 0 
1553bc1d0000-1553fc000000 ---p 00000000 00:00 0 
1553fc000000-1553fc021000 rw-p 00000000 00:00 0 
1553fc021000-155400000000 ---p 00000000 00:00 0 
155400000000-1554003f0000 rw-p 00000000 00:00 0 
1554003f0000-1554009f0000 rw-p 00000000 00:00 0 
1554009f0000-155400af0000 rw-p 00000000 00:00 0 
155400af0000-155400bf0000 rw-p 00000000 00:00 0 
155400bf0000-1554010f0000 rw-p 00000000 00:00 0 
1554010f0000-155401150000 rw-p 00000000 00:00 0 
155401150000-155401200000 ---p 00000000 00:00 0 
155401200000-155401250000 rw-p 00000000 00:00 0 
155401250000-155404000000 ---p 00000000 00:00 0 
155404000000-155404037000 rw-p 00000000 00:00 0 
155404037000-155408000000 ---p 00000000 00:00 0 
1554080ff000-155408100000 ---p 00000000 00:00 0 
155408100000-155408104000 ---p 00000000 00:00 0 
155408104000-155408200000 rw-p 00000000 00:00 0 
155408200000-155408202000 r-xp 00000000 fd:00 37598114                   /usr/lib/jvm/java-17-openjdk-17.0.16.0.8-2.el9.x86_64/lib/libextnet.so
155408202000-155408401000 ---p 00002000 fd:00 37598114                   /usr/lib/jvm/java-17-openjdk-17.0.16.0.8-2.el9.x86_64/lib/libextnet.so
155408401000-155408402000 r--p 00001000 fd:00 37598114                   /usr/lib/jvm/java-17-openjdk-17.0.16.0.8-2.el9.x86_64/lib/libextnet.so
155408402000-155408403000 rw-p 00000000 00:00 0 
1554084c9000-1554084e6000 r--p 00000000 00:30 1893978436                 /storage/home/hcoda1/4/hyu483/conda_envs/qgis332/lib/libnss3.so
1554084e6000-1554085ba000 r-xp 0001d000 00:30 1893978436                 /storage/home/hcoda1/4/hyu483/conda_envs/qgis332/lib/libnss3.so
1554085ba000-1554085f6000 r--p 000f1000 00:30 1893978436                 /storage/home/hcoda1/4/hyu483/conda_envs/qgis332/lib/libnss3.so
1554085f6000-1554085fc000 r--p 0012d000 00:30 1893978436                 /storage/home/hcoda1/4/hyu483/conda_envs/qgis332/lib/libnss3.so
1554085fc000-1554085ff000 rw-p 00133000 00:30 1893978436                 /storage/home/hcoda1/4/hyu483/conda_envs/qgis332/lib/libnss3.so
1554085ff000-155408600000 rw-p 00000000 00:00 0 
155408600000-155408602000 r-xp 00000000 fd:00 37598142                   /usr/lib/jvm/java-17-openjdk-17.0.16.0.8-2.el9.x86_64/lib/libsystemconf.so
155408602000-155408801000 ---p 00002000 fd:00 37598142                   /usr/lib/jvm/java-17-openjdk-17.0.16.0.8-2.el9.x86_64/lib/libsystemconf.so
155408801000-155408802000 r--p 00001000 fd:00 37598142                   /usr/lib/jvm/java-17-openjdk-17.0.16.0.8-2.el9.x86_64/lib/libsystemconf.so
155408802000-155408803000 rw-p 00000000 00:00 0 
1554088f6000-1554088f7000 ---p 00000000 00:00 0 
1554088f7000-1554088fb000 ---p 00000000 00:00 0 
1554088fb000-1554089f7000 rw-p 00000000 00:00 0 
1554089f7000-1554089f8000 ---p 00000000 00:00 0 
1554089f8000-1554089fc000 ---p 00000000 00:00 0 
1554089fc000-155408af8000 rw-p 00000000 00:00 0 
155408af8000-155408af9000 ---p 00000000 00:00 0 
155408af9000-155408afd000 ---p 00000000 00:00 0 
155408afd000-155408bf9000 rw-p 00000000 00:00 0 
155408bf9000-155408bfa000 ---p 00000000 00:00 0 
155408bfa000-155408bfe000 ---p 00000000 00:00 0 
155408bfe000-155408cfa000 rw-p 00000000 00:00 0 
155408cfa000-155408cfb000 ---p 00000000 00:00 0 
155408cfb000-155408cff000 ---p 00000000 00:00 0 
155408cff000-155408efb000 rw-p 00000000 00:00 0 
155408efb000-155408efc000 ---p 00000000 00:00 0 
155408efc000-155408ffc000 rw-p 00000000 00:00 0 
155408ffc000-155408ffd000 ---p 00000000 00:00 0 
155408ffd000-1554090fd000 rw-p 00000000 00:00 0 
1554090fd000-1554090fe000 ---p 00000000 00:00 0 
1554090fe000-155409102000 ---p 00000000 00:00 0 
155409102000-1554091fe000 rw-p 00000000 00:00 0 
1554091fe000-1554091ff000 ---p 00000000 00:00 0 
1554091ff000-155409203000 ---p 00000000 00:00 0 
155409203000-1554092ff000 rw-p 00000000 00:00 0 
1554092ff000-155409300000 ---p 00000000 00:00 0 
155409300000-155409304000 ---p 00000000 00:00 0 
155409304000-155409400000 rw-p 00000000 00:00 0 
155409400000-15540941b000 r-xp 00000000 fd:00 37598208                   /usr/lib/jvm/java-17-openjdk-17.0.16.0.8-2.el9.x86_64/lib/libzip.so
15540941b000-15540961a000 ---p 0001b000 fd:00 37598208                   /usr/lib/jvm/java-17-openjdk-17.0.16.0.8-2.el9.x86_64/lib/libzip.so
15540961a000-15540961b000 r--p 0001a000 fd:00 37598208                   /usr/lib/jvm/java-17-openjdk-17.0.16.0.8-2.el9.x86_64/lib/libzip.so
15540961b000-15540961c000 rw-p 00000000 00:00 0 
1554096ff000-155409700000 ---p 00000000 00:00 0 
155409700000-155409704000 ---p 00000000 00:00 0 
155409704000-155409800000 rw-p 00000000 00:00 0 
155409800000-155409815000 r-xp 00000000 fd:00 37598135                   /usr/lib/jvm/java-17-openjdk-17.0.16.0.8-2.el9.x86_64/lib/libnet.so
155409815000-155409a15000 ---p 00015000 fd:00 37598135                   /usr/lib/jvm/java-17-openjdk-17.0.16.0.8-2.el9.x86_64/lib/libnet.so
155409a15000-155409a16000 r--p 00015000 fd:00 37598135                   /usr/lib/jvm/java-17-openjdk-17.0.16.0.8-2.el9.x86_64/lib/libnet.so
155409a16000-155409a17000 rw-p 00016000 fd:00 37598135                   /usr/lib/jvm/java-17-openjdk-17.0.16.0.8-2.el9.x86_64/lib/libnet.so
155409aff000-155409b00000 ---p 00000000 00:00 0 
155409b00000-155409b04000 ---p 00000000 00:00 0 
155409b04000-155409c00000 rw-p 00000000 00:00 0 
155409c00000-155409c13000 r-xp 00000000 fd:00 37598136                   /usr/lib/jvm/java-17-openjdk-17.0.16.0.8-2.el9.x86_64/lib/libnio.so
155409c13000-155409e13000 ---p 00013000 fd:00 37598136                   /usr/lib/jvm/java-17-openjdk-17.0.16.0.8-2.el9.x86_64/lib/libnio.so
155409e13000-155409e14000 r--p 00013000 fd:00 37598136                   /usr/lib/jvm/java-17-openjdk-17.0.16.0.8-2.el9.x86_64/lib/libnio.so
155409e14000-155409e15000 rw-p 00014000 fd:00 37598136                   /usr/lib/jvm/java-17-openjdk-17.0.16.0.8-2.el9.x86_64/lib/libnio.so
155409eff000-155409f00000 ---p 00000000 00:00 0 
155409f00000-155409f04000 ---p 00000000 00:00 0 
155409f04000-15540c021000 rw-p 00000000 00:00 0 
15540c021000-155410000000 ---p 00000000 00:00 0 
155410000000-155410021000 rw-p 00000000 00:00 0 
155410021000-155414000000 ---p 00000000 00:00 0 
155414000000-155414021000 rw-p 00000000 00:00 0 
155414021000-155418000000 ---p 00000000 00:00 0 
1554180f5000-1554180f6000 ---p 00000000 00:00 0 
1554180f6000-1554181f6000 rw-p 00000000 00:00 0 
1554181f6000-1554181f7000 ---p 00000000 00:00 0 
1554181f7000-1554181fb000 ---p 00000000 00:00 0 
1554181fb000-1554182f7000 rw-p 00000000 00:00 0 
1554182f7000-1554182f8000 ---p 00000000 00:00 0 
1554182f8000-1554182fc000 ---p 00000000 00:00 0 
1554182fc000-1554183f8000 rw-p 00000000 00:00 0 
1554183f8000-1554183f9000 ---p 00000000 00:00 0 
1554183f9000-1554183fd000 ---p 00000000 00:00 0 
1554183fd000-1554184f9000 rw-p 00000000 00:00 0 
1554184f9000-1554184fa000 ---p 00000000 00:00 0 
1554184fa000-1554184fe000 ---p 00000000 00:00 0 
1554184fe000-1554185fa000 rw-p 00000000 00:00 0 
1554185fa000-1554185fb000 ---p 00000000 00:00 0 
1554185fb000-1554185ff000 ---p 00000000 00:00 0 
1554185ff000-1554186fb000 rw-p 00000000 00:00 0 
1554186fb000-1554186fc000 ---p 00000000 00:00 0 
1554186fc000-155418700000 ---p 00000000 00:00 0 
155418700000-1554187fc000 rw-p 00000000 00:00 0 
1554187fc000-1554187fd000 ---p 00000000 00:00 0 
1554187fd000-155418801000 ---p 00000000 00:00 0 
155418801000-1554188fd000 rw-p 00000000 00:00 0 
1554188fd000-1554188fe000 ---p 00000000 00:00 0 
1554188fe000-155418902000 ---p 00000000 00:00 0 
155418902000-1554189fe000 rw-p 00000000 00:00 0 
1554189fe000-1554189ff000 ---p 00000000 00:00 0 
1554189ff000-155418a03000 ---p 00000000 00:00 0 
155418a03000-155418aff000 rw-p 00000000 00:00 0 
155418aff000-155418b00000 ---p 00000000 00:00 0 
155418b00000-155418c00000 rw-p 00000000 00:00 0 
155418c00000-155418ccd000 r-xp 00000000 fd:00 37598129                   /usr/lib/jvm/java-17-openjdk-17.0.16.0.8-2.el9.x86_64/lib/libjsvml.so
155418ccd000-155418ecc000 ---p 000cd000 fd:00 37598129                   /usr/lib/jvm/java-17-openjdk-17.0.16.0.8-2.el9.x86_64/lib/libjsvml.so
155418ecc000-155418ecd000 r--p 000cc000 fd:00 37598129                   /usr/lib/jvm/java-17-openjdk-17.0.16.0.8-2.el9.x86_64/lib/libjsvml.so
155418ecd000-155418ece000 rw-p 000cd000 fd:00 37598129                   /usr/lib/jvm/java-17-openjdk-17.0.16.0.8-2.el9.x86_64/lib/libjsvml.so
155418f2c000-155418f2d000 ---p 00000000 00:00 0 
155418f2d000-15541902d000 rw-p 00000000 00:00 0 
15541902d000-15541902e000 ---p 00000000 00:00 0 
15541902e000-15541912e000 rw-p 00000000 00:00 0 
15541912e000-15541912f000 ---p 00000000 00:00 0 
15541912f000-15541922f000 rw-p 00000000 00:00 0 
15541922f000-155419230000 ---p 00000000 00:00 0 
155419230000-15541aa70000 rw-p 00000000 00:00 0 
15541aa70000-155437230000 ---p 00000000 00:00 0 
155437230000-1554389f0000 rw-p 00000000 00:00 0 
1554389f0000-1554551b0000 ---p 00000000 00:00 0 
1554551b0000-155455518000 rw-p 00000000 00:00 0 
155455518000-155458e10000 ---p 00000000 00:00 0 
155458e10000-155459108000 rw-p 00000000 00:00 0 
155459108000-15545ca00000 ---p 00000000 00:00 0 
15545ca00000-15545ccf8000 rw-p 00000000 00:00 0 
15545ccf8000-1554605f0000 ---p 00000000 00:00 0 
1554605f0000-155460600000 rw-p 00000000 00:00 0 
155460600000-1554612c0000 rwxp 00000000 00:00 0 
1554612c0000-155467a5f000 ---p 00000000 00:00 0 
155467a5f000-155467d7f000 rwxp 00000000 00:00 0 
155467d7f000-1554681a0000 ---p 00000000 00:00 0 
1554681a0000-155468d90000 rwxp 00000000 00:00 0 
155468d90000-15546f600000 ---p 00000000 00:00 0 
15546f600000-15546f625000 r-xp 00000000 fd:00 37598122                   /usr/lib/jvm/java-17-openjdk-17.0.16.0.8-2.el9.x86_64/lib/libjava.so
15546f625000-15546f825000 ---p 00025000 fd:00 37598122                   /usr/lib/jvm/java-17-openjdk-17.0.16.0.8-2.el9.x86_64/lib/libjava.so
15546f825000-15546f826000 r--p 00025000 fd:00 37598122                   /usr/lib/jvm/java-17-openjdk-17.0.16.0.8-2.el9.x86_64/lib/libjava.so
15546f826000-15546f827000 rw-p 00026000 fd:00 37598122                   /usr/lib/jvm/java-17-openjdk-17.0.16.0.8-2.el9.x86_64/lib/libjava.so
15546f827000-15546f828000 rw-p 00000000 00:00 0 
15546f867000-15546f870000 r--p 00000000 00:30 2007957044                 /storage/home/hcoda1/4/hyu483/conda_envs/qgis332/lib/python3.11/site-packages/pyogrio/_io.cpython-311-x86_64-linux-gnu.so
15546f870000-15546f8ee000 r-xp 00009000 00:30 2007957044                 /storage/home/hcoda1/4/hyu483/conda_envs/qgis332/lib/python3.11/site-packages/pyogrio/_io.cpython-311-x86_64-linux-gnu.so
15546f8ee000-15546f8fa000 r--p 00087000 00:30 2007957044                 /storage/home/hcoda1/4/hyu483/conda_envs/qgis332/lib/python3.11/site-packages/pyogrio/_io.cpython-311-x86_64-linux-gnu.so
15546f8fa000-15546f8fb000 r--p 00093000 00:30 2007957044                 /storage/home/hcoda1/4/hyu483/conda_envs/qgis332/lib/python3.11/site-packages/pyogrio/_io.cpython-311-x86_64-linux-gnu.so
15546f8fb000-15546f8fd000 rw-p 00094000 00:30 2007957044                 /storage/home/hcoda1/4/hyu483/conda_envs/qgis332/lib/python3.11/site-packages/pyogrio/_io.cpython-311-x86_64-linux-gnu.so
15546f8fd000-15546f8ff000 rw-p 00000000 00:00 0 
15546f8ff000-15546f900000 ---p 00000000 00:00 0 
15546f900000-15546fa00000 rw-p 00000000 00:00 0 
15546fa00000-155477b2d000 r--s 00000000 fd:00 37598209                   /usr/lib/jvm/java-17-openjdk-17.0.16.0.8-2.el9.x86_64/lib/modules
155477b98000-155477b9b000 r--p 00000000 00:30 2007957043                 /storage/home/hcoda1/4/hyu483/conda_envs/qgis332/lib/python3.11/site-packages/pyogrio/_geometry.cpython-311-x86_64-linux-gnu.so
155477b9b000-155477ba3000 r-xp 00003000 00:30 2007957043                 /storage/home/hcoda1/4/hyu483/conda_envs/qgis332/lib/python3.11/site-packages/pyogrio/_geometry.cpython-311-x86_64-linux-gnu.so
155477ba3000-155477ba5000 r--p 0000b000 00:30 2007957043                 /storage/home/hcoda1/4/hyu483/conda_envs/qgis332/lib/python3.11/site-packages/pyogrio/_geometry.cpython-311-x86_64-linux-gnu.so
155477ba5000-155477ba6000 r--p 0000c000 00:30 2007957043                 /storage/home/hcoda1/4/hyu483/conda_envs/qgis332/lib/python3.11/site-packages/pyogrio/_geometry.cpython-311-x86_64-linux-gnu.so
155477ba6000-155477ba7000 rw-p 0000d000 00:30 2007957043                 /storage/home/hcoda1/4/hyu483/conda_envs/qgis332/lib/python3.11/site-packages/pyogrio/_geometry.cpython-311-x86_64-linux-gnu.so
155477ba7000-155477bab000 r--p 00000000 00:30 2007957042                 /storage/home/hcoda1/4/hyu483/conda_envs/qgis332/lib/python3.11/site-packages/pyogrio/_err.cpython-311-x86_64-linux-gnu.so
155477bab000-155477bb8000 r-xp 00004000 00:30 2007957042                 /storage/home/hcoda1/4/hyu483/conda_envs/qgis332/lib/python3.11/site-packages/pyogrio/_err.cpython-311-x86_64-linux-gnu.so
155477bb8000-155477bbb000 r--p 00011000 00:30 2007957042                 /storage/home/hcoda1/4/hyu483/conda_envs/qgis332/lib/python3.11/site-packages/pyogrio/_err.cpython-311-x86_64-linux-gnu.so
155477bbb000-155477bbc000 r--p 00013000 00:30 2007957042                 /storage/home/hcoda1/4/hyu483/conda_envs/qgis332/lib/python3.11/site-packages/pyogrio/_err.cpython-311-x86_64-linux-gnu.so
155477bbc000-155477bbd000 rw-p 00014000 00:30 2007957042                 /storage/home/hcoda1/4/hyu483/conda_envs/qgis332/lib/python3.11/site-packages/pyogrio/_err.cpython-311-x86_64-linux-gnu.so
155477bbd000-155477bcb000 r--p 00000000 00:30 1895008073                 /storage/home/hcoda1/4/hyu483/conda_envs/qgis332/lib/libnspr4.so
155477bcb000-155477bee000 r-xp 0000e000 00:30 1895008073                 /storage/home/hcoda1/4/hyu483/conda_envs/qgis332/lib/libnspr4.so
155477bee000-155477bfa000 r--p 00031000 00:30 1895008073                 /storage/home/hcoda1/4/hyu483/conda_envs/qgis332/lib/libnspr4.so
155477bfa000-155477bfc000 r--p 0003c000 00:30 1895008073                 /storage/home/hcoda1/4/hyu483/conda_envs/qgis332/lib/libnspr4.so
155477bfc000-155477bfd000 rw-p 0003e000 00:30 1895008073                 /storage/home/hcoda1/4/hyu483/conda_envs/qgis332/lib/libnspr4.so
155477bfd000-155477c00000 rw-p 00000000 00:00 0 
155477c00000-155477c1b000 r-xp 00000000 fd:00 37598125                   /usr/lib/jvm/java-17-openjdk-17.0.16.0.8-2.el9.x86_64/lib/libjimage.so
155477c1b000-155477e1b000 ---p 0001b000 fd:00 37598125                   /usr/lib/jvm/java-17-openjdk-17.0.16.0.8-2.el9.x86_64/lib/libjimage.so
155477e1b000-155477e1d000 r--p 0001b000 fd:00 37598125                   /usr/lib/jvm/java-17-openjdk-17.0.16.0.8-2.el9.x86_64/lib/libjimage.so
155477e1d000-155477e1e000 rw-p 0001d000 fd:00 37598125                   /usr/lib/jvm/java-17-openjdk-17.0.16.0.8-2.el9.x86_64/lib/libjimage.so
155477e29000-155477e2d000 r--p 00000000 00:30 2007957045                 /storage/home/hcoda1/4/hyu483/conda_envs/qgis332/lib/python3.11/site-packages/pyogrio/_ogr.cpython-311-x86_64-linux-gnu.so
155477e2d000-155477e41000 r-xp 00004000 00:30 2007957045                 /storage/home/hcoda1/4/hyu483/conda_envs/qgis332/lib/python3.11/site-packages/pyogrio/_ogr.cpython-311-x86_64-linux-gnu.so
155477e41000-155477e45000 r--p 00018000 00:30 2007957045                 /storage/home/hcoda1/4/hyu483/conda_envs/qgis332/lib/python3.11/site-packages/pyogrio/_ogr.cpython-311-x86_64-linux-gnu.so
155477e45000-155477e46000 r--p 0001b000 00:30 2007957045                 /storage/home/hcoda1/4/hyu483/conda_envs/qgis332/lib/python3.11/site-packages/pyogrio/_ogr.cpython-311-x86_64-linux-gnu.so
155477e46000-155477e47000 rw-p 0001c000 00:30 2007957045                 /storage/home/hcoda1/4/hyu483/conda_envs/qgis332/lib/python3.11/site-packages/pyogrio/_ogr.cpython-311-x86_64-linux-gnu.so
155477e47000-155477e48000 rw-p 00000000 00:00 0 
155477e48000-155477e4c000 r--p 00000000 00:30 2007957047                 /storage/home/hcoda1/4/hyu483/conda_envs/qgis332/lib/python3.11/site-packages/pyogrio/_vsi.cpython-311-x86_64-linux-gnu.so
155477e4c000-155477e5a000 r-xp 00004000 00:30 2007957047                 /storage/home/hcoda1/4/hyu483/conda_envs/qgis332/lib/python3.11/site-packages/pyogrio/_vsi.cpython-311-x86_64-linux-gnu.so
155477e5a000-155477e5d000 r--p 00012000 00:30 2007957047                 /storage/home/hcoda1/4/hyu483/conda_envs/qgis332/lib/python3.11/site-packages/pyogrio/_vsi.cpython-311-x86_64-linux-gnu.so
155477e5d000-155477e5e000 r--p 00014000 00:30 2007957047                 /storage/home/hcoda1/4/hyu483/conda_envs/qgis332/lib/python3.11/site-packages/pyogrio/_vsi.cpython-311-x86_64-linux-gnu.so
155477e5e000-155477e5f000 rw-p 00015000 00:30 2007957047                 /storage/home/hcoda1/4/hyu483/conda_envs/qgis332/lib/python3.11/site-packages/pyogrio/_vsi.cpython-311-x86_64-linux-gnu.so
155477e5f000-155477f2f000 rw-p 00000000 00:00 0 
155477f2f000-155478000000 ---p 00000000 00:00 0 
155478000000-15547926c000 r-xp 00000000 fd:00 104324292                  /usr/lib/jvm/java-17-openjdk-17.0.16.0.8-2.el9.x86_64/lib/server/libjvm.so
15547926c000-15547946b000 ---p 0126c000 fd:00 104324292                  /usr/lib/jvm/java-17-openjdk-17.0.16.0.8-2.el9.x86_64/lib/server/libjvm.so
15547946b000-155479524000 r--p 0126b000 fd:00 104324292                  /usr/lib/jvm/java-17-openjdk-17.0.16.0.8-2.el9.x86_64/lib/server/libjvm.so
155479524000-155479559000 rw-p 01324000 fd:00 104324292                  /usr/lib/jvm/java-17-openjdk-17.0.16.0.8-2.el9.x86_64/lib/server/libjvm.so
155479559000-1554795b4000 rw-p 00000000 00:00 0 
1554795b5000-1554795ba000 r-xp 00000000 00:00 0 
1554795ba000-1554795bb000 r--p 00000000 00:00 0 
1554795bb000-1554795bd000 r-xp 00000000 00:00 0 
1554795bd000-1554795be000 r--p 00000000 00:00 0 
1554795be000-1554795bf000 r-xp 00000000 00:00 0 
1554795bf000-1554795c0000 r--p 00000000 00:00 0 
1554795c0000-1554795c1000 r-xp 00000000 00:00 0 
1554795c1000-1554795c2000 r--p 00000000 00:00 0 
1554795c3000-1554795c4000 r--p 00000000 00:00 0 
1554795c4000-1554795c5000 r-xp 00000000 00:00 0 
1554795c5000-1554795c6000 r--p 00000000 00:00 0 
1554795c6000-1554795c8000 r-xp 00000000 00:00 0 
1554795c8000-1554795c9000 r--p 00000000 00:00 0 
1554795c9000-1554795ca000 r-xp 00000000 00:00 0 
1554795ca000-1554795cb000 r--p 00000000 00:00 0 
1554795cb000-1554795cc000 r-xp 00000000 00:00 0 
1554795cc000-1554795cd000 r--p 00000000 00:00 0 
1554795cd000-1554795ce000 r-xp 00000000 00:00 0 
1554795ce000-1554795cf000 r--p 00000000 00:00 0 
1554795cf000-1554795d0000 r-xp 00000000 00:00 0 
1554795d0000-1554795d1000 r--p 00000000 00:00 0 
1554795d1000-1554795d5000 r-xp 00000000 00:00 0 
1554795d5000-1554795d6000 r--p 00000000 00:00 0 
1554795d6000-1554795d7000 r-xp 00000000 00:00 0 
1554795d7000-1554795d8000 r--p 00000000 00:00 0 
1554795d8000-1554795da000 r-xp 00000000 00:00 0 
1554795da000-1554795db000 r-xp 00000000 00:00 0 
1554795db000-1554795dd000 r--p 00000000 00:00 0 
1554795dd000-1554795df000 r--p 00000000 00:30 1893822567                 /storage/home/hcoda1/4/hyu483/conda_envs/qgis332/lib/libplds4.so
1554795df000-1554795e0000 r-xp 00002000 00:30 1893822567                 /storage/home/hcoda1/4/hyu483/conda_envs/qgis332/lib/libplds4.so
1554795e0000-1554795e1000 r--p 00003000 00:30 1893822567                 /storage/home/hcoda1/4/hyu483/conda_envs/qgis332/lib/libplds4.so
1554795e1000-1554795e2000 r--p 00003000 00:30 1893822567                 /storage/home/hcoda1/4/hyu483/conda_envs/qgis332/lib/libplds4.so
1554795e2000-1554795e3000 rw-p 00004000 00:30 1893822567                 /storage/home/hcoda1/4/hyu483/conda_envs/qgis332/lib/libplds4.so
1554795e3000-1554795e5000 r--p 00000000 00:30 2090028566                 /storage/home/hcoda1/4/hyu483/conda_envs/qgis332/lib/libplc4.so
1554795e5000-1554795e7000 r-xp 00002000 00:30 2090028566                 /storage/home/hcoda1/4/hyu483/conda_envs/qgis332/lib/libplc4.so
1554795e7000-1554795e8000 r--p 00004000 00:30 2090028566                 /storage/home/hcoda1/4/hyu483/conda_envs/qgis332/lib/libplc4.so
1554795e8000-1554795e9000 r--p 00004000 00:30 2090028566                 /storage/home/hcoda1/4/hyu483/conda_envs/qgis332/lib/libplc4.so
1554795e9000-1554795ea000 rw-p 00005000 00:30 2090028566                 /storage/home/hcoda1/4/hyu483/conda_envs/qgis332/lib/libplc4.so
1554795ea000-1554795f8000 r--p 00000000 00:30 1940391796                 /storage/home/hcoda1/4/hyu483/conda_envs/qgis332/lib/libnssutil3.so
1554795f8000-155479609000 r-xp 0000e000 00:30 1940391796                 /storage/home/hcoda1/4/hyu483/conda_envs/qgis332/lib/libnssutil3.so
155479609000-155479616000 r--p 0001f000 00:30 1940391796                 /storage/home/hcoda1/4/hyu483/conda_envs/qgis332/lib/libnssutil3.so
155479616000-15547961d000 r--p 0002b000 00:30 1940391796                 /storage/home/hcoda1/4/hyu483/conda_envs/qgis332/lib/libnssutil3.so
15547961d000-15547961e000 rw-p 00032000 00:30 1940391796                 /storage/home/hcoda1/4/hyu483/conda_envs/qgis332/lib/libnssutil3.so
15547961e000-155479638000 rw-p 00000000 00:00 0 
155479638000-155479707000 ---p 00000000 00:00 0 
155479707000-15547970e000 rw-p 00000000 00:00 0 
15547970e000-155479716000 ---p 00000000 00:00 0 
155479716000-15547971e000 rw-s 00000000 fd:01 955                        /tmp/hsperfdata_hyu483/3961310 (deleted)
15547971e000-155479759000 r--p 00000000 00:30 1886350408                 /storage/home/hcoda1/4/hyu483/.local/lib/python3.11/site-packages/_jpype.cpython-311-x86_64-linux-gnu.so
155479759000-1554797ad000 r-xp 0003b000 00:30 1886350408                 /storage/home/hcoda1/4/hyu483/.local/lib/python3.11/site-packages/_jpype.cpython-311-x86_64-linux-gnu.so
1554797ad000-1554797d6000 r--p 0008f000 00:30 1886350408                 /storage/home/hcoda1/4/hyu483/.local/lib/python3.11/site-packages/_jpype.cpython-311-x86_64-linux-gnu.so
1554797d6000-1554797da000 r--p 000b7000 00:30 1886350408                 /storage/home/hcoda1/4/hyu483/.local/lib/python3.11/site-packages/_jpype.cpython-311-x86_64-linux-gnu.so
1554797da000-1554797de000 rw-p 000bb000 00:30 1886350408                 /storage/home/hcoda1/4/hyu483/.local/lib/python3.11/site-packages/_jpype.cpython-311-x86_64-linux-gnu.so
1554797de000-1554797ee000 rwxp 00000000 00:00 0 
1554797ee000-155479aee000 rw-p 00000000 00:00 0 
155479aee000-155479af1000 r--p 00000000 00:30 2127319820                 /storage/home/hcoda1/4/hyu483/conda_envs/qgis332/lib/python3.11/site-packages/matplotlib/backends/_backend_agg.cpython-311-x86_64-linux-gnu.so
155479af1000-155479b1c000 r-xp 00003000 00:30 2127319820                 /storage/home/hcoda1/4/hyu483/conda_envs/qgis332/lib/python3.11/site-packages/matplotlib/backends/_backend_agg.cpython-311-x86_64-linux-gnu.so
155479b1c000-155479b21000 r--p 0002e000 00:30 2127319820                 /storage/home/hcoda1/4/hyu483/conda_envs/qgis332/lib/python3.11/site-packages/matplotlib/backends/_backend_agg.cpython-311-x86_64-linux-gnu.so
155479b21000-155479b22000 r--p 00032000 00:30 2127319820                 /storage/home/hcoda1/4/hyu483/conda_envs/qgis332/lib/python3.11/site-packages/matplotlib/backends/_backend_agg.cpython-311-x86_64-linux-gnu.so
155479b22000-155479b23000 rw-p 00033000 00:30 2127319820                 /storage/home/hcoda1/4/hyu483/conda_envs/qgis332/lib/python3.11/site-packages/matplotlib/backends/_backend_agg.cpython-311-x86_64-linux-gnu.so
155479b23000-155479c24000 rw-p 00000000 00:00 0 
155479c24000-155479c25000 r--p 00000000 00:30 1886354769                 /storage/home/hcoda1/4/hyu483/.local/lib/python3.11/site-packages/netCDF4.libs/libaec-001fb5f0.so.0.0.12
155479c25000-155479c2a000 r-xp 00001000 00:30 1886354769                 /storage/home/hcoda1/4/hyu483/.local/lib/python3.11/site-packages/netCDF4.libs/libaec-001fb5f0.so.0.0.12
155479c2a000-155479c2b000 r--p 00006000 00:30 1886354769                 /storage/home/hcoda1/4/hyu483/.local/lib/python3.11/site-packages/netCDF4.libs/libaec-001fb5f0.so.0.0.12
155479c2b000-155479c2c000 r--p 00006000 00:30 1886354769                 /storage/home/hcoda1/4/hyu483/.local/lib/python3.11/site-packages/netCDF4.libs/libaec-001fb5f0.so.0.0.12
155479c2c000-155479c2d000 rw-p 00007000 00:30 1886354769                 /storage/home/hcoda1/4/hyu483/.local/lib/python3.11/site-packages/netCDF4.libs/libaec-001fb5f0.so.0.0.12
155479c2d000-155479c2e000 rw-p 0001d000 00:30 1886354769                 /storage/home/hcoda1/4/hyu483/.local/lib/python3.11/site-packages/netCDF4.libs/libaec-001fb5f0.so.0.0.12
155479c2e000-155479ce8000 r--p 00000000 00:30 1886354768                 /storage/home/hcoda1/4/hyu483/.local/lib/python3.11/site-packages/netCDF4.libs/libcrypto-7323a46d.so.3
155479ce8000-15547a02e000 r-xp 000ba000 00:30 1886354768                 /storage/home/hcoda1/4/hyu483/.local/lib/python3.11/site-packages/netCDF4.libs/libcrypto-7323a46d.so.3
15547a02e000-15547a116000 r--p 00400000 00:30 1886354768                 /storage/home/hcoda1/4/hyu483/.local/lib/python3.11/site-packages/netCDF4.libs/libcrypto-7323a46d.so.3
15547a116000-15547a176000 r--p 004e7000 00:30 1886354768                 /storage/home/hcoda1/4/hyu483/.local/lib/python3.11/site-packages/netCDF4.libs/libcrypto-7323a46d.so.3
15547a176000-15547a17a000 rw-p 00547000 00:30 1886354768                 /storage/home/hcoda1/4/hyu483/.local/lib/python3.11/site-packages/netCDF4.libs/libcrypto-7323a46d.so.3
15547a17a000-15547a17d000 rw-p 00000000 00:00 0 
15547a17d000-15547a1a4000 rw-p 005f5000 00:30 1886354768                 /storage/home/hcoda1/4/hyu483/.local/lib/python3.11/site-packages/netCDF4.libs/libcrypto-7323a46d.so.3
15547a1a4000-15547a1c6000 r--p 00000000 00:30 1886354767                 /storage/home/hcoda1/4/hyu483/.local/lib/python3.11/site-packages/netCDF4.libs/libssl-f6dcfdae.so.3
15547a1c6000-15547a261000 r-xp 00022000 00:30 1886354767                 /storage/home/hcoda1/4/hyu483/.local/lib/python3.11/site-packages/netCDF4.libs/libssl-f6dcfdae.so.3
15547a261000-15547a294000 r--p 000bd000 00:30 1886354767                 /storage/home/hcoda1/4/hyu483/.local/lib/python3.11/site-packages/netCDF4.libs/libssl-f6dcfdae.so.3
15547a294000-15547a29e000 r--p 000ef000 00:30 1886354767                 /storage/home/hcoda1/4/hyu483/.local/lib/python3.11/site-packages/netCDF4.libs/libssl-f6dcfdae.so.3
15547a29e000-15547a2a3000 rw-p 000f9000 00:30 1886354767                 /storage/home/hcoda1/4/hyu483/.local/lib/python3.11/site-packages/netCDF4.libs/libssl-f6dcfdae.so.3
15547a2a3000-15547a2b1000 rw-p 00128000 00:30 1886354767                 /storage/home/hcoda1/4/hyu483/.local/lib/python3.11/site-packages/netCDF4.libs/libssl-f6dcfdae.so.3
15547a2b1000-15547a2fe000 r--p 00000000 00:30 1886354763                 /storage/home/hcoda1/4/hyu483/.local/lib/python3.11/site-packages/netCDF4.libs/libhdf5-0b47eb58.so.310.2.0
15547a2fe000-15547a5ea000 r-xp 0004d000 00:30 1886354763                 /storage/home/hcoda1/4/hyu483/.local/lib/python3.11/site-packages/netCDF4.libs/libhdf5-0b47eb58.so.310.2.0
15547a5ea000-15547a6d0000 r--p 00339000 00:30 1886354763                 /storage/home/hcoda1/4/hyu483/.local/lib/python3.11/site-packages/netCDF4.libs/libhdf5-0b47eb58.so.310.2.0
15547a6d0000-15547a6dc000 r--p 0041e000 00:30 1886354763                 /storage/home/hcoda1/4/hyu483/.local/lib/python3.11/site-packages/netCDF4.libs/libhdf5-0b47eb58.so.310.2.0
15547a6dc000-15547a6e5000 rw-p 0042a000 00:30 1886354763                 /storage/home/hcoda1/4/hyu483/.local/lib/python3.11/site-packages/netCDF4.libs/libhdf5-0b47eb58.so.310.2.0
15547a6e5000-15547a6e8000 rw-p 00000000 00:00 0 
15547a6e8000-15547a713000 rw-p 00490000 00:30 1886354763                 /storage/home/hcoda1/4/hyu483/.local/lib/python3.11/site-packages/netCDF4.libs/libhdf5-0b47eb58.so.310.2.0
15547a713000-15547a714000 r--p 00000000 00:30 1886354766                 /storage/home/hcoda1/4/hyu483/.local/lib/python3.11/site-packages/netCDF4.libs/libsz-b66d1717.so.2.0.1
15547a714000-15547a715000 r-xp 00001000 00:30 1886354766                 /storage/home/hcoda1/4/hyu483/.local/lib/python3.11/site-packages/netCDF4.libs/libsz-b66d1717.so.2.0.1
15547a715000-15547a716000 r--p 00002000 00:30 1886354766                 /storage/home/hcoda1/4/hyu483/.local/lib/python3.11/site-packages/netCDF4.libs/libsz-b66d1717.so.2.0.1
15547a716000-15547a717000 r--p 00002000 00:30 1886354766                 /storage/home/hcoda1/4/hyu483/.local/lib/python3.11/site-packages/netCDF4.libs/libsz-b66d1717.so.2.0.1
15547a717000-15547a718000 rw-p 00003000 00:30 1886354766                 /storage/home/hcoda1/4/hyu483/.local/lib/python3.11/site-packages/netCDF4.libs/libsz-b66d1717.so.2.0.1
15547a718000-15547a71a000 rw-p 00008000 00:30 1886354766                 /storage/home/hcoda1/4/hyu483/.local/lib/python3.11/site-packages/netCDF4.libs/libsz-b66d1717.so.2.0.1
15547a71a000-15547a720000 r--p 00000000 00:30 1886354761                 /storage/home/hcoda1/4/hyu483/.local/lib/python3.11/site-packages/netCDF4.libs/libhdf5_hl-123198ff.so.310.0.2
15547a720000-15547a736000 r-xp 00006000 00:30 1886354761                 /storage/home/hcoda1/4/hyu483/.local/lib/python3.11/site-packages/netCDF4.libs/libhdf5_hl-123198ff.so.310.0.2
15547a736000-15547a73b000 r--p 0001c000 00:30 1886354761                 /storage/home/hcoda1/4/hyu483/.local/lib/python3.11/site-packages/netCDF4.libs/libhdf5_hl-123198ff.so.310.0.2
15547a73b000-15547a73c000 ---p 00021000 00:30 1886354761                 /storage/home/hcoda1/4/hyu483/.local/lib/python3.11/site-packages/netCDF4.libs/libhdf5_hl-123198ff.so.310.0.2
15547a73c000-15547a73d000 r--p 00021000 00:30 1886354761                 /storage/home/hcoda1/4/hyu483/.local/lib/python3.11/site-packages/netCDF4.libs/libhdf5_hl-123198ff.so.310.0.2
15547a73d000-15547a73e000 rw-p 00022000 00:30 1886354761                 /storage/home/hcoda1/4/hyu483/.local/lib/python3.11/site-packages/netCDF4.libs/libhdf5_hl-123198ff.so.310.0.2
15547a73e000-15547a73f000 rw-p 00000000 00:00 0 
15547a73f000-15547a743000 rw-p 00028000 00:30 1886354761                 /storage/home/hcoda1/4/hyu483/.local/lib/python3.11/site-packages/netCDF4.libs/libhdf5_hl-123198ff.so.310.0.2
15547a743000-15547a751000 r--p 00000000 00:30 1886354762                 /storage/home/hcoda1/4/hyu483/.local/lib/python3.11/site-packages/netCDF4.libs/libcurl-5a2014d4.so.4.8.0
15547a751000-15547a7c0000 r-xp 0000e000 00:30 1886354762                 /storage/home/hcoda1/4/hyu483/.local/lib/python3.11/site-packages/netCDF4.libs/libcurl-5a2014d4.so.4.8.0
15547a7c0000-15547a7e2000 r--p 0007d000 00:30 1886354762                 /storage/home/hcoda1/4/hyu483/.local/lib/python3.11/site-packages/netCDF4.libs/libcurl-5a2014d4.so.4.8.0
15547a7e2000-15547a7e5000 r--p 0009e000 00:30 1886354762                 /storage/home/hcoda1/4/hyu483/.local/lib/python3.11/site-packages/netCDF4.libs/libcurl-5a2014d4.so.4.8.0
15547a7e5000-15547a7e9000 rw-p 000a1000 00:30 1886354762                 /storage/home/hcoda1/4/hyu483/.local/lib/python3.11/site-packages/netCDF4.libs/libcurl-5a2014d4.so.4.8.0
15547a7e9000-15547a7ed000 rw-p 000ba000 00:30 1886354762                 /storage/home/hcoda1/4/hyu483/.local/lib/python3.11/site-packages/netCDF4.libs/libcurl-5a2014d4.so.4.8.0
15547a7ed000-15547a823000 r--p 00000000 00:30 1886354765                 /storage/home/hcoda1/4/hyu483/.local/lib/python3.11/site-packages/netCDF4.libs/libnetcdf-1423d252.so.22
15547a823000-15547a906000 r-xp 00036000 00:30 1886354765                 /storage/home/hcoda1/4/hyu483/.local/lib/python3.11/site-packages/netCDF4.libs/libnetcdf-1423d252.so.22
15547a906000-15547a9a0000 r--p 00119000 00:30 1886354765                 /storage/home/hcoda1/4/hyu483/.local/lib/python3.11/site-packages/netCDF4.libs/libnetcdf-1423d252.so.22
15547a9a0000-15547a9a1000 ---p 001b3000 00:30 1886354765                 /storage/home/hcoda1/4/hyu483/.local/lib/python3.11/site-packages/netCDF4.libs/libnetcdf-1423d252.so.22
15547a9a1000-15547a9a4000 r--p 001b3000 00:30 1886354765                 /storage/home/hcoda1/4/hyu483/.local/lib/python3.11/site-packages/netCDF4.libs/libnetcdf-1423d252.so.22
15547a9a4000-15547a9b0000 rw-p 001b6000 00:30 1886354765                 /storage/home/hcoda1/4/hyu483/.local/lib/python3.11/site-packages/netCDF4.libs/libnetcdf-1423d252.so.22
15547a9b0000-15547aa48000 rw-p 00000000 00:00 0 
15547aa48000-15547aa69000 rw-p 001ea000 00:30 1886354765                 /storage/home/hcoda1/4/hyu483/.local/lib/python3.11/site-packages/netCDF4.libs/libnetcdf-1423d252.so.22
15547aa69000-15547aa76000 r--p 00000000 00:30 1886354754                 /storage/home/hcoda1/4/hyu483/.local/lib/python3.11/site-packages/netCDF4/_netCDF4.cpython-311-x86_64-linux-gnu.so
15547aa76000-15547abc3000 r-xp 0000d000 00:30 1886354754                 /storage/home/hcoda1/4/hyu483/.local/lib/python3.11/site-packages/netCDF4/_netCDF4.cpython-311-x86_64-linux-gnu.so
15547abc3000-15547abfb000 r--p 0015a000 00:30 1886354754                 /storage/home/hcoda1/4/hyu483/.local/lib/python3.11/site-packages/netCDF4/_netCDF4.cpython-311-x86_64-linux-gnu.so
15547abfb000-15547abfc000 ---p 00192000 00:30 1886354754                 /storage/home/hcoda1/4/hyu483/.local/lib/python3.11/site-packages/netCDF4/_netCDF4.cpython-311-x86_64-linux-gnu.so
15547abfc000-15547abfd000 r--p 00192000 00:30 1886354754                 /storage/home/hcoda1/4/hyu483/.local/lib/python3.11/site-packages/netCDF4/_netCDF4.cpython-311-x86_64-linux-gnu.so
15547abfd000-15547ac04000 rw-p 00193000 00:30 1886354754                 /storage/home/hcoda1/4/hyu483/.local/lib/python3.11/site-packages/netCDF4/_netCDF4.cpython-311-x86_64-linux-gnu.so
15547ac04000-15547ac09000 rw-p 00000000 00:00 0 
15547ac09000-15547ac0d000 rw-p 00c63000 00:30 1886354754                 /storage/home/hcoda1/4/hyu483/.local/lib/python3.11/site-packages/netCDF4/_netCDF4.cpython-311-x86_64-linux-gnu.so
15547ac0d000-15547ac0e000 r--p 00000000 00:30 1883947876                 /storage/home/hcoda1/4/hyu483/conda_envs/qgis332/lib/python3.11/lib-dynload/_statistics.cpython-311-x86_64-linux-gnu.so
15547ac0e000-15547ac0f000 r-xp 00001000 00:30 1883947876                 /storage/home/hcoda1/4/hyu483/conda_envs/qgis332/lib/python3.11/lib-dynload/_statistics.cpython-311-x86_64-linux-gnu.so
15547ac0f000-15547ac10000 r--p 00002000 00:30 1883947876                 /storage/home/hcoda1/4/hyu483/conda_envs/qgis332/lib/python3.11/lib-dynload/_statistics.cpython-311-x86_64-linux-gnu.so
15547ac10000-15547ac11000 r--p 00002000 00:30 1883947876                 /storage/home/hcoda1/4/hyu483/conda_envs/qgis332/lib/python3.11/lib-dynload/_statistics.cpython-311-x86_64-linux-gnu.so
15547ac11000-15547ac12000 rw-p 00003000 00:30 1883947876                 /storage/home/hcoda1/4/hyu483/conda_envs/qgis332/lib/python3.11/lib-dynload/_statistics.cpython-311-x86_64-linux-gnu.so
15547ac12000-15547ad12000 rw-p 00000000 00:00 0 
15547ad12000-15547ad15000 r--p 00000000 00:30 1883948910                 /storage/home/hcoda1/4/hyu483/conda_envs/qgis332/lib/python3.11/site-packages/_brotli.cpython-311-x86_64-linux-gnu.so
15547ad15000-15547ad69000 r-xp 00003000 00:30 1883948910                 /storage/home/hcoda1/4/hyu483/conda_envs/qgis332/lib/python3.11/site-packages/_brotli.cpython-311-x86_64-linux-gnu.so
15547ad69000-15547addd000 r--p 00057000 00:30 1883948910                 /storage/home/hcoda1/4/hyu483/conda_envs/qgis332/lib/python3.11/site-packages/_brotli.cpython-311-x86_64-linux-gnu.so
15547addd000-15547adde000 r--p 000ca000 00:30 1883948910                 /storage/home/hcoda1/4/hyu483/conda_envs/qgis332/lib/python3.11/site-packages/_brotli.cpython-311-x86_64-linux-gnu.so
15547adde000-15547addf000 rw-p 000cb000 00:30 1883948910                 /storage/home/hcoda1/4/hyu483/conda_envs/qgis332/lib/python3.11/site-packages/_brotli.cpython-311-x86_64-linux-gnu.so
15547addf000-15547aedf000 rw-p 00000000 00:00 0 
15547aedf000-15547aee4000 r--p 00000000 00:30 2017332303                 /storage/home/hcoda1/4/hyu483/conda_envs/qgis332/lib/python3.11/site-packages/sklearn/manifold/_utils.cpython-311-x86_64-linux-gnu.so
15547aee4000-15547af00000 r-xp 00005000 00:30 2017332303                 /storage/home/hcoda1/4/hyu483/conda_envs/qgis332/lib/python3.11/site-packages/sklearn/manifold/_utils.cpython-311-x86_64-linux-gnu.so
15547af00000-15547af07000 r--p 00021000 00:30 2017332303                 /storage/home/hcoda1/4/hyu483/conda_envs/qgis332/lib/python3.11/site-packages/sklearn/manifold/_utils.cpython-311-x86_64-linux-gnu.so
15547af07000-15547af08000 r--p 00028000 00:30 2017332303                 /storage/home/hcoda1/4/hyu483/conda_envs/qgis332/lib/python3.11/site-packages/sklearn/manifold/_utils.cpython-311-x86_64-linux-gnu.so
15547af08000-15547af0a000 rw-p 00029000 00:30 2017332303                 /storage/home/hcoda1/4/hyu483/conda_envs/qgis332/lib/python3.11/site-packages/sklearn/manifold/_utils.cpython-311-x86_64-linux-gnu.so
15547af0a000-15547af0f000 r--p 00000000 00:30 2017335324                 /storage/home/hcoda1/4/hyu483/conda_envs/qgis332/lib/python3.11/site-packages/sklearn/tree/_partitioner.cpython-311-x86_64-linux-gnu.so
15547af0f000-15547af3a000 r-xp 00005000 00:30 2017335324                 /storage/home/hcoda1/4/hyu483/conda_envs/qgis332/lib/python3.11/site-packages/sklearn/tree/_partitioner.cpython-311-x86_64-linux-gnu.so
15547af3a000-15547af43000 r--p 00030000 00:30 2017335324                 /storage/home/hcoda1/4/hyu483/conda_envs/qgis332/lib/python3.11/site-packages/sklearn/tree/_partitioner.cpython-311-x86_64-linux-gnu.so
15547af43000-15547af44000 r--p 00038000 00:30 2017335324                 /storage/home/hcoda1/4/hyu483/conda_envs/qgis332/lib/python3.11/site-packages/sklearn/tree/_partitioner.cpython-311-x86_64-linux-gnu.so
15547af44000-15547af46000 rw-p 00039000 00:30 2017335324                 /storage/home/hcoda1/4/hyu483/conda_envs/qgis332/lib/python3.11/site-packages/sklearn/tree/_partitioner.cpython-311-x86_64-linux-gnu.so
15547af46000-15547af47000 rw-p 00000000 00:00 0 
15547af47000-15547af4d000 r--p 00000000 00:30 2017335368                 /storage/home/hcoda1/4/hyu483/conda_envs/qgis332/lib/python3.11/site-packages/sklearn/tree/_utils.cpython-311-x86_64-linux-gnu.so
15547af4d000-15547af6f000 r-xp 00006000 00:30 2017335368                 /storage/home/hcoda1/4/hyu483/conda_envs/qgis332/lib/python3.11/site-packages/sklearn/tree/_utils.cpython-311-x86_64-linux-gnu.so
15547af6f000-15547af78000 r--p 00028000 00:30 2017335368                 /storage/home/hcoda1/4/hyu483/conda_envs/qgis332/lib/python3.11/site-packages/sklearn/tree/_utils.cpython-311-x86_64-linux-gnu.so
15547af78000-15547af79000 r--p 00031000 00:30 2017335368                 /storage/home/hcoda1/4/hyu483/conda_envs/qgis332/lib/python3.11/site-packages/sklearn/tree/_utils.cpython-311-x86_64-linux-gnu.so
15547af79000-15547af7b000 rw-p 00032000 00:30 2017335368                 /storage/home/hcoda1/4/hyu483/conda_envs/qgis332/lib/python3.11/site-packages/sklearn/tree/_utils.cpython-311-x86_64-linux-gnu.so
15547af7b000-15547af7c000 rw-p 00000000 00:00 0 
15547af7c000-15547af84000 r--p 00000000 00:30 2017335361                 /storage/home/hcoda1/4/hyu483/conda_envs/qgis332/lib/python3.11/site-packages/sklearn/tree/_tree.cpython-311-x86_64-linux-gnu.so
15547af84000-15547afdf000 r-xp 00008000 00:30 2017335361                 /storage/home/hcoda1/4/hyu483/conda_envs/qgis332/lib/python3.11/site-packages/sklearn/tree/_tree.cpython-311-x86_64-linux-gnu.so
15547afdf000-15547afef000 r--p 00063000 00:30 2017335361                 /storage/home/hcoda1/4/hyu483/conda_envs/qgis332/lib/python3.11/site-packages/sklearn/tree/_tree.cpython-311-x86_64-linux-gnu.so
15547afef000-15547aff0000 r--p 00072000 00:30 2017335361                 /storage/home/hcoda1/4/hyu483/conda_envs/qgis332/lib/python3.11/site-packages/sklearn/tree/_tree.cpython-311-x86_64-linux-gnu.so
15547aff0000-15547aff4000 rw-p 00073000 00:30 2017335361                 /storage/home/hcoda1/4/hyu483/conda_envs/qgis332/lib/python3.11/site-packages/sklearn/tree/_tree.cpython-311-x86_64-linux-gnu.so
15547aff4000-15547aff6000 rw-p 00000000 00:00 0 
15547aff6000-15547affc000 r--p 00000000 00:30 2017335331                 /storage/home/hcoda1/4/hyu483/conda_envs/qgis332/lib/python3.11/site-packages/sklearn/tree/_splitter.cpython-311-x86_64-linux-gnu.so
15547affc000-15547b023000 r-xp 00006000 00:30 2017335331                 /storage/home/hcoda1/4/hyu483/conda_envs/qgis332/lib/python3.11/site-packages/sklearn/tree/_splitter.cpython-311-x86_64-linux-gnu.so
15547b023000-15547b02d000 r--p 0002d000 00:30 2017335331                 /storage/home/hcoda1/4/hyu483/conda_envs/qgis332/lib/python3.11/site-packages/sklearn/tree/_splitter.cpython-311-x86_64-linux-gnu.so
15547b02d000-15547b02e000 r--p 00036000 00:30 2017335331                 /storage/home/hcoda1/4/hyu483/conda_envs/qgis332/lib/python3.11/site-packages/sklearn/tree/_splitter.cpython-311-x86_64-linux-gnu.so
15547b02e000-15547b030000 rw-p 00037000 00:30 2017335331                 /storage/home/hcoda1/4/hyu483/conda_envs/qgis332/lib/python3.11/site-packages/sklearn/tree/_splitter.cpython-311-x86_64-linux-gnu.so
15547b030000-15547b031000 rw-p 00000000 00:00 0 
15547b031000-15547b037000 r--p 00000000 00:30 2017335316                 /storage/home/hcoda1/4/hyu483/conda_envs/qgis332/lib/python3.11/site-packages/sklearn/tree/_criterion.cpython-311-x86_64-linux-gnu.so
15547b037000-15547b066000 r-xp 00006000 00:30 2017335316                 /storage/home/hcoda1/4/hyu483/conda_envs/qgis332/lib/python3.11/site-packages/sklearn/tree/_criterion.cpython-311-x86_64-linux-gnu.so
15547b066000-15547b070000 r--p 00035000 00:30 2017335316                 /storage/home/hcoda1/4/hyu483/conda_envs/qgis332/lib/python3.11/site-packages/sklearn/tree/_criterion.cpython-311-x86_64-linux-gnu.so
15547b070000-15547b071000 r--p 0003f000 00:30 2017335316                 /storage/home/hcoda1/4/hyu483/conda_envs/qgis332/lib/python3.11/site-packages/sklearn/tree/_criterion.cpython-311-x86_64-linux-gnu.so
15547b071000-15547b074000 rw-p 00040000 00:30 2017335316                 /storage/home/hcoda1/4/hyu483/conda_envs/qgis332/lib/python3.11/site-packages/sklearn/tree/_criterion.cpython-311-x86_64-linux-gnu.so
15547b074000-15547b075000 rw-p 00000000 00:00 0 
15547b075000-15547b07b000 r--p 00000000 00:30 2017332763                 /storage/home/hcoda1/4/hyu483/conda_envs/qgis332/lib/python3.11/site-packages/sklearn/neighbors/_quad_tree.cpython-311-x86_64-linux-gnu.so
15547b07b000-15547b0a7000 r-xp 00006000 00:30 2017332763                 /storage/home/hcoda1/4/hyu483/conda_envs/qgis332/lib/python3.11/site-packages/sklearn/neighbors/_quad_tree.cpython-311-x86_64-linux-gnu.so
15547b0a7000-15547b0b1000 r--p 00032000 00:30 2017332763                 /storage/home/hcoda1/4/hyu483/conda_envs/qgis332/lib/python3.11/site-packages/sklearn/neighbors/_quad_tree.cpython-311-x86_64-linux-gnu.so
15547b0b1000-15547b0b2000 r--p 0003b000 00:30 2017332763                 /storage/home/hcoda1/4/hyu483/conda_envs/qgis332/lib/python3.11/site-packages/sklearn/neighbors/_quad_tree.cpython-311-x86_64-linux-gnu.so
15547b0b2000-15547b0b4000 rw-p 0003c000 00:30 2017332763                 /storage/home/hcoda1/4/hyu483/conda_envs/qgis332/lib/python3.11/site-packages/sklearn/neighbors/_quad_tree.cpython-311-x86_64-linux-gnu.so
15547b0b4000-15547b0b5000 rw-p 00000000 00:00 0 
15547b0b5000-15547b0bb000 r--p 00000000 00:30 2017332296                 /storage/home/hcoda1/4/hyu483/conda_envs/qgis332/lib/python3.11/site-packages/sklearn/manifold/_barnes_hut_tsne.cpython-311-x86_64-linux-gnu.so
15547b0bb000-15547b0dd000 r-xp 00006000 00:30 2017332296                 /storage/home/hcoda1/4/hyu483/conda_envs/qgis332/lib/python3.11/site-packages/sklearn/manifold/_barnes_hut_tsne.cpython-311-x86_64-linux-gnu.so
15547b0dd000-15547b0e5000 r--p 00028000 00:30 2017332296                 /storage/home/hcoda1/4/hyu483/conda_envs/qgis332/lib/python3.11/site-packages/sklearn/manifold/_barnes_hut_tsne.cpython-311-x86_64-linux-gnu.so
15547b0e5000-15547b0e6000 r--p 0002f000 00:30 2017332296                 /storage/home/hcoda1/4/hyu483/conda_envs/qgis332/lib/python3.11/site-packages/sklearn/manifold/_barnes_hut_tsne.cpython-311-x86_64-linux-gnu.so
15547b0e6000-15547b0e8000 rw-p 00030000 00:30 2017332296                 /storage/home/hcoda1/4/hyu483/conda_envs/qgis332/lib/python3.11/site-packages/sklearn/manifold/_barnes_hut_tsne.cpython-311-x86_64-linux-gnu.so
15547b0e8000-15547b0ee000 r--p 00000000 00:30 2017381710                 /storage/home/hcoda1/4/hyu483/conda_envs/qgis332/lib/python3.11/site-packages/sklearn/_isotonic.cpython-311-x86_64-linux-gnu.so
15547b0ee000-15547b11c000 r-xp 00006000 00:30 2017381710                 /storage/home/hcoda1/4/hyu483/conda_envs/qgis332/lib/python3.11/site-packages/sklearn/_isotonic.cpython-311-x86_64-linux-gnu.so
15547b11c000-15547b124000 r--p 00034000 00:30 2017381710                 /storage/home/hcoda1/4/hyu483/conda_envs/qgis332/lib/python3.11/site-packages/sklearn/_isotonic.cpython-311-x86_64-linux-gnu.so
15547b124000-15547b125000 r--p 0003c000 00:30 2017381710                 /storage/home/hcoda1/4/hyu483/conda_envs/qgis332/lib/python3.11/site-packages/sklearn/_isotonic.cpython-311-x86_64-linux-gnu.so
15547b125000-15547b127000 rw-p 0003d000 00:30 2017381710                 /storage/home/hcoda1/4/hyu483/conda_envs/qgis332/lib/python3.11/site-packages/sklearn/_isotonic.cpython-311-x86_64-linux-gnu.so
15547b127000-15547b128000 rw-p 00000000 00:00 0 
15547b128000-15547b12e000 r--p 00000000 00:30 2017381997                 /storage/home/hcoda1/4/hyu483/conda_envs/qgis332/lib/python3.11/site-packages/sklearn/cluster/_hdbscan/_reachability.cpython-311-x86_64-linux-gnu.so
15547b12e000-15547b168000 r-xp 00006000 00:30 2017381997                 /storage/home/hcoda1/4/hyu483/conda_envs/qgis332/lib/python3.11/site-packages/sklearn/cluster/_hdbscan/_reachability.cpython-311-x86_64-linux-gnu.so
15547b168000-15547b172000 r--p 00040000 00:30 2017381997                 /storage/home/hcoda1/4/hyu483/conda_envs/qgis332/lib/python3.11/site-packages/sklearn/cluster/_hdbscan/_reachability.cpython-311-x86_64-linux-gnu.so
15547b172000-15547b173000 r--p 00049000 00:30 2017381997                 /storage/home/hcoda1/4/hyu483/conda_envs/qgis332/lib/python3.11/site-packages/sklearn/cluster/_hdbscan/_reachability.cpython-311-x86_64-linux-gnu.so
15547b173000-15547b175000 rw-p 0004a000 00:30 2017381997                 /storage/home/hcoda1/4/hyu483/conda_envs/qgis332/lib/python3.11/site-packages/sklearn/cluster/_hdbscan/_reachability.cpython-311-x86_64-linux-gnu.so
15547b175000-15547b176000 rw-p 00000000 00:00 0 
15547b176000-15547b17c000 r--p 00000000 00:30 2017381999                 /storage/home/hcoda1/4/hyu483/conda_envs/qgis332/lib/python3.11/site-packages/sklearn/cluster/_hdbscan/_tree.cpython-311-x86_64-linux-gnu.so
15547b17c000-15547b1bb000 r-xp 00006000 00:30 2017381999                 /storage/home/hcoda1/4/hyu483/conda_envs/qgis332/lib/python3.11/site-packages/sklearn/cluster/_hdbscan/_tree.cpython-311-x86_64-linux-gnu.so
15547b1bb000-15547b1c5000 r--p 00045000 00:30 2017381999                 /storage/home/hcoda1/4/hyu483/conda_envs/qgis332/lib/python3.11/site-packages/sklearn/cluster/_hdbscan/_tree.cpython-311-x86_64-linux-gnu.so
15547b1c5000-15547b1c6000 r--p 0004e000 00:30 2017381999                 /storage/home/hcoda1/4/hyu483/conda_envs/qgis332/lib/python3.11/site-packages/sklearn/cluster/_hdbscan/_tree.cpython-311-x86_64-linux-gnu.so
15547b1c6000-15547b1c8000 rw-p 0004f000 00:30 2017381999                 /storage/home/hcoda1/4/hyu483/conda_envs/qgis332/lib/python3.11/site-packages/sklearn/cluster/_hdbscan/_tree.cpython-311-x86_64-linux-gnu.so
15547b1c8000-15547b1c9000 rw-p 00000000 00:00 0 
15547b1c9000-15547b1ce000 r--p 00000000 00:30 2017381995                 /storage/home/hcoda1/4/hyu483/conda_envs/qgis332/lib/python3.11/site-packages/sklearn/cluster/_hdbscan/_linkage.cpython-311-x86_64-linux-gnu.so
15547b1ce000-15547b1f2000 r-xp 00005000 00:30 2017381995                 /storage/home/hcoda1/4/hyu483/conda_envs/qgis332/lib/python3.11/site-packages/sklearn/cluster/_hdbscan/_linkage.cpython-311-x86_64-linux-gnu.so
15547b1f2000-15547b1fa000 r--p 00029000 00:30 2017381995                 /storage/home/hcoda1/4/hyu483/conda_envs/qgis332/lib/python3.11/site-packages/sklearn/cluster/_hdbscan/_linkage.cpython-311-x86_64-linux-gnu.so
15547b1fa000-15547b1fb000 r--p 00030000 00:30 2017381995                 /storage/home/hcoda1/4/hyu483/conda_envs/qgis332/lib/python3.11/site-packages/sklearn/cluster/_hdbscan/_linkage.cpython-311-x86_64-linux-gnu.so
15547b1fb000-15547b1fd000 rw-p 00031000 00:30 2017381995                 /storage/home/hcoda1/4/hyu483/conda_envs/qgis332/lib/python3.11/site-packages/sklearn/cluster/_hdbscan/_linkage.cpython-311-x86_64-linux-gnu.so
15547b1fd000-15547b1fe000 rw-p 00000000 00:00 0 
15547b1fe000-15547b204000 r--p 00000000 00:30 2017381989                 /storage/home/hcoda1/4/hyu483/conda_envs/qgis332/lib/python3.11/site-packages/sklearn/cluster/_dbscan_inner.cpython-311-x86_64-linux-gnu.so
15547b204000-15547b21e000 r-xp 00006000 00:30 2017381989                 /storage/home/hcoda1/4/hyu483/conda_envs/qgis332/lib/python3.11/site-packages/sklearn/cluster/_dbscan_inner.cpython-311-x86_64-linux-gnu.so
15547b21e000-15547b225000 r--p 00020000 00:30 2017381989                 /storage/home/hcoda1/4/hyu483/conda_envs/qgis332/lib/python3.11/site-packages/sklearn/cluster/_dbscan_inner.cpython-311-x86_64-linux-gnu.so
15547b225000-15547b226000 r--p 00026000 00:30 2017381989                 /storage/home/hcoda1/4/hyu483/conda_envs/qgis332/lib/python3.11/site-packages/sklearn/cluster/_dbscan_inner.cpython-311-x86_64-linux-gnu.so
15547b226000-15547b228000 rw-p 00027000 00:30 2017381989                 /storage/home/hcoda1/4/hyu483/conda_envs/qgis332/lib/python3.11/site-packages/sklearn/cluster/_dbscan_inner.cpython-311-x86_64-linux-gnu.so
15547b228000-15547b328000 rw-p 00000000 00:00 0 
15547b328000-15547b32e000 r--p 00000000 00:30 2017383613                 /storage/home/hcoda1/4/hyu483/conda_envs/qgis332/lib/python3.11/site-packages/sklearn/decomposition/_cdnmf_fast.cpython-311-x86_64-linux-gnu.so
15547b32e000-15547b350000 r-xp 00006000 00:30 2017383613                 /storage/home/hcoda1/4/hyu483/conda_envs/qgis332/lib/python3.11/site-packages/sklearn/decomposition/_cdnmf_fast.cpython-311-x86_64-linux-gnu.so
15547b350000-15547b357000 r--p 00028000 00:30 2017383613                 /storage/home/hcoda1/4/hyu483/conda_envs/qgis332/lib/python3.11/site-packages/sklearn/decomposition/_cdnmf_fast.cpython-311-x86_64-linux-gnu.so
15547b357000-15547b358000 r--p 0002f000 00:30 2017383613                 /storage/home/hcoda1/4/hyu483/conda_envs/qgis332/lib/python3.11/site-packages/sklearn/decomposition/_cdnmf_fast.cpython-311-x86_64-linux-gnu.so
15547b358000-15547b35a000 rw-p 00030000 00:30 2017383613                 /storage/home/hcoda1/4/hyu483/conda_envs/qgis332/lib/python3.11/site-packages/sklearn/decomposition/_cdnmf_fast.cpython-311-x86_64-linux-gnu.so
15547b35a000-15547b360000 r--p 00000000 00:30 2017383622                 /storage/home/hcoda1/4/hyu483/conda_envs/qgis332/lib/python3.11/site-packages/sklearn/decomposition/_online_lda_fast.cpython-311-x86_64-linux-gnu.so
15547b360000-15547b38e000 r-xp 00006000 00:30 2017383622                 /storage/home/hcoda1/4/hyu483/conda_envs/qgis332/lib/python3.11/site-packages/sklearn/decomposition/_online_lda_fast.cpython-311-x86_64-linux-gnu.so
15547b38e000-15547b396000 r--p 00034000 00:30 2017383622                 /storage/home/hcoda1/4/hyu483/conda_envs/qgis332/lib/python3.11/site-packages/sklearn/decomposition/_online_lda_fast.cpython-311-x86_64-linux-gnu.so
15547b396000-15547b397000 r--p 0003c000 00:30 2017383622                 /storage/home/hcoda1/4/hyu483/conda_envs/qgis332/lib/python3.11/site-packages/sklearn/decomposition/_online_lda_fast.cpython-311-x86_64-linux-gnu.so
15547b397000-15547b399000 rw-p 0003d000 00:30 2017383622                 /storage/home/hcoda1/4/hyu483/conda_envs/qgis332/lib/python3.11/site-packages/sklearn/decomposition/_online_lda_fast.cpython-311-x86_64-linux-gnu.so
15547b399000-15547b39a000 rw-p 00000000 00:00 0 
15547b39a000-15547b39f000 r--p 00000000 00:30 2017335833                 /storage/home/hcoda1/4/hyu483/conda_envs/qgis332/lib/python3.11/site-packages/sklearn/utils/_weight_vector.cpython-311-x86_64-linux-gnu.so
15547b39f000-15547b3bb000 r-xp 00005000 00:30 2017335833                 /storage/home/hcoda1/4/hyu483/conda_envs/qgis332/lib/python3.11/site-packages/sklearn/utils/_weight_vector.cpython-311-x86_64-linux-gnu.so
15547b3bb000-15547b3c2000 r--p 00021000 00:30 2017335833                 /storage/home/hcoda1/4/hyu483/conda_envs/qgis332/lib/python3.11/site-packages/sklearn/utils/_weight_vector.cpython-311-x86_64-linux-gnu.so
15547b3c2000-15547b3c3000 r--p 00028000 00:30 2017335833                 /storage/home/hcoda1/4/hyu483/conda_envs/qgis332/lib/python3.11/site-packages/sklearn/utils/_weight_vector.cpython-311-x86_64-linux-gnu.so
15547b3c3000-15547b3c5000 rw-p 00029000 00:30 2017335833                 /storage/home/hcoda1/4/hyu483/conda_envs/qgis332/lib/python3.11/site-packages/sklearn/utils/_weight_vector.cpython-311-x86_64-linux-gnu.so
15547b3c5000-15547b3cb000 r--p 00000000 00:30 2017384128                 /storage/home/hcoda1/4/hyu483/conda_envs/qgis332/lib/python3.11/site-packages/sklearn/linear_model/_sgd_fast.cpython-311-x86_64-linux-gnu.so
15547b3cb000-15547b400000 r-xp 00006000 00:30 2017384128                 /storage/home/hcoda1/4/hyu483/conda_envs/qgis332/lib/python3.11/site-packages/sklearn/linear_model/_sgd_fast.cpython-311-x86_64-linux-gnu.so
15547b400000-15547b40c000 r--p 0003b000 00:30 2017384128                 /storage/home/hcoda1/4/hyu483/conda_envs/qgis332/lib/python3.11/site-packages/sklearn/linear_model/_sgd_fast.cpython-311-x86_64-linux-gnu.so
15547b40c000-15547b40d000 r--p 00046000 00:30 2017384128                 /storage/home/hcoda1/4/hyu483/conda_envs/qgis332/lib/python3.11/site-packages/sklearn/linear_model/_sgd_fast.cpython-311-x86_64-linux-gnu.so
15547b40d000-15547b410000 rw-p 00047000 00:30 2017384128                 /storage/home/hcoda1/4/hyu483/conda_envs/qgis332/lib/python3.11/site-packages/sklearn/linear_model/_sgd_fast.cpython-311-x86_64-linux-gnu.so
15547b410000-15547b411000 rw-p 00000000 00:00 0 
15547b411000-15547b416000 r--p 00000000 00:30 2017384126                 /storage/home/hcoda1/4/hyu483/conda_envs/qgis332/lib/python3.11/site-packages/sklearn/linear_model/_sag_fast.cpython-311-x86_64-linux-gnu.so
15547b416000-15547b441000 r-xp 00005000 00:30 2017384126                 /storage/home/hcoda1/4/hyu483/conda_envs/qgis332/lib/python3.11/site-packages/sklearn/linear_model/_sag_fast.cpython-311-x86_64-linux-gnu.so
15547b441000-15547b44a000 r--p 00030000 00:30 2017384126                 /storage/home/hcoda1/4/hyu483/conda_envs/qgis332/lib/python3.11/site-packages/sklearn/linear_model/_sag_fast.cpython-311-x86_64-linux-gnu.so
15547b44a000-15547b44b000 r--p 00038000 00:30 2017384126                 /storage/home/hcoda1/4/hyu483/conda_envs/qgis332/lib/python3.11/site-packages/sklearn/linear_model/_sag_fast.cpython-311-x86_64-linux-gnu.so
15547b44b000-15547b44d000 rw-p 00039000 00:30 2017384126                 /storage/home/hcoda1/4/hyu483/conda_envs/qgis332/lib/python3.11/site-packages/sklearn/linear_model/_sag_fast.cpython-311-x86_64-linux-gnu.so
15547b44d000-15547b44e000 rw-p 00000000 00:00 0 
15547b44e000-15547b457000 r--p 00000000 00:30 2017335028                 /storage/home/hcoda1/4/hyu483/conda_envs/qgis332/lib/python3.11/site-packages/sklearn/svm/_libsvm_sparse.cpython-311-x86_64-linux-gnu.so
15547b457000-15547b4a6000 r-xp 00009000 00:30 2017335028                 /storage/home/hcoda1/4/hyu483/conda_envs/qgis332/lib/python3.11/site-packages/sklearn/svm/_libsvm_sparse.cpython-311-x86_64-linux-gnu.so
15547b4a6000-15547b4b3000 r--p 00058000 00:30 2017335028                 /storage/home/hcoda1/4/hyu483/conda_envs/qgis332/lib/python3.11/site-packages/sklearn/svm/_libsvm_sparse.cpython-311-x86_64-linux-gnu.so
15547b4b3000-15547b4b4000 r--p 00064000 00:30 2017335028                 /storage/home/hcoda1/4/hyu483/conda_envs/qgis332/lib/python3.11/site-packages/sklearn/svm/_libsvm_sparse.cpython-311-x86_64-linux-gnu.so
15547b4b4000-15547b4b6000 rw-p 00065000 00:30 2017335028                 /storage/home/hcoda1/4/hyu483/conda_envs/qgis332/lib/python3.11/site-packages/sklearn/svm/_libsvm_sparse.cpython-311-x86_64-linux-gnu.so
15547b4b6000-15547b4b8000 rw-p 00000000 00:00 0 
15547b4b8000-15547b4c1000 r--p 00000000 00:30 2017335025                 /storage/home/hcoda1/4/hyu483/conda_envs/qgis332/lib/python3.11/site-packages/sklearn/svm/_libsvm.cpython-311-x86_64-linux-gnu.so
15547b4c1000-15547b519000 r-xp 00009000 00:30 2017335025                 /storage/home/hcoda1/4/hyu483/conda_envs/qgis332/lib/python3.11/site-packages/sklearn/svm/_libsvm.cpython-311-x86_64-linux-gnu.so
15547b519000-15547b528000 r--p 00061000 00:30 2017335025                 /storage/home/hcoda1/4/hyu483/conda_envs/qgis332/lib/python3.11/site-packages/sklearn/svm/_libsvm.cpython-311-x86_64-linux-gnu.so
15547b528000-15547b529000 r--p 00070000 00:30 2017335025                 /storage/home/hcoda1/4/hyu483/conda_envs/qgis332/lib/python3.11/site-packages/sklearn/svm/_libsvm.cpython-311-x86_64-linux-gnu.so
15547b529000-15547b52b000 rw-p 00071000 00:30 2017335025                 /storage/home/hcoda1/4/hyu483/conda_envs/qgis332/lib/python3.11/site-packages/sklearn/svm/_libsvm.cpython-311-x86_64-linux-gnu.so
15547b52b000-15547b52d000 rw-p 00000000 00:00 0 
15547b52d000-15547b534000 r--p 00000000 00:30 2017335022                 /storage/home/hcoda1/4/hyu483/conda_envs/qgis332/lib/python3.11/site-packages/sklearn/svm/_liblinear.cpython-311-x86_64-linux-gnu.so
15547b534000-15547b55f000 r-xp 00007000 00:30 2017335022                 /storage/home/hcoda1/4/hyu483/conda_envs/qgis332/lib/python3.11/site-packages/sklearn/svm/_liblinear.cpython-311-x86_64-linux-gnu.so
15547b55f000-15547b568000 r--p 00032000 00:30 2017335022                 /storage/home/hcoda1/4/hyu483/conda_envs/qgis332/lib/python3.11/site-packages/sklearn/svm/_liblinear.cpython-311-x86_64-linux-gnu.so
15547b568000-15547b569000 r--p 0003b000 00:30 2017335022                 /storage/home/hcoda1/4/hyu483/conda_envs/qgis332/lib/python3.11/site-packages/sklearn/svm/_liblinear.cpython-311-x86_64-linux-gnu.so
15547b569000-15547b56b000 rw-p 0003c000 00:30 2017335022                 /storage/home/hcoda1/4/hyu483/conda_envs/qgis332/lib/python3.11/site-packages/sklearn/svm/_liblinear.cpython-311-x86_64-linux-gnu.so
15547b56b000-15547b66d000 rw-p 00000000 00:00 0 
15547b66d000-15547b678000 r--p 00000000 00:30 2017381718                 /storage/home/hcoda1/4/hyu483/conda_envs/qgis332/lib/python3.11/site-packages/sklearn/_loss/_loss.cpython-311-x86_64-linux-gnu.so
15547b678000-15547b8ed000 r-xp 0000b000 00:30 2017381718                 /storage/home/hcoda1/4/hyu483/conda_envs/qgis332/lib/python3.11/site-packages/sklearn/_loss/_loss.cpython-311-x86_64-linux-gnu.so
15547b8ed000-15547b90e000 r--p 00280000 00:30 2017381718                 /storage/home/hcoda1/4/hyu483/conda_envs/qgis332/lib/python3.11/site-packages/sklearn/_loss/_loss.cpython-311-x86_64-linux-gnu.so
15547b90e000-15547b90f000 r--p 002a0000 00:30 2017381718                 /storage/home/hcoda1/4/hyu483/conda_envs/qgis332/lib/python3.11/site-packages/sklearn/_loss/_loss.cpython-311-x86_64-linux-gnu.so
15547b90f000-15547b916000 rw-p 002a1000 00:30 2017381718                 /storage/home/hcoda1/4/hyu483/conda_envs/qgis332/lib/python3.11/site-packages/sklearn/_loss/_loss.cpython-311-x86_64-linux-gnu.so
15547b916000-15547b917000 rw-p 00000000 00:00 0 
15547b917000-15547b91d000 r--p 00000000 00:30 2017384118                 /storage/home/hcoda1/4/hyu483/conda_envs/qgis332/lib/python3.11/site-packages/sklearn/linear_model/_cd_fast.cpython-311-x86_64-linux-gnu.so
15547b91d000-15547b974000 r-xp 00006000 00:30 2017384118                 /storage/home/hcoda1/4/hyu483/conda_envs/qgis332/lib/python3.11/site-packages/sklearn/linear_model/_cd_fast.cpython-311-x86_64-linux-gnu.so
15547b974000-15547b97f000 r--p 0005d000 00:30 2017384118                 /storage/home/hcoda1/4/hyu483/conda_envs/qgis332/lib/python3.11/site-packages/sklearn/linear_model/_cd_fast.cpython-311-x86_64-linux-gnu.so
15547b97f000-15547b980000 r--p 00068000 00:30 2017384118                 /storage/home/hcoda1/4/hyu483/conda_envs/qgis332/lib/python3.11/site-packages/sklearn/linear_model/_cd_fast.cpython-311-x86_64-linux-gnu.so
15547b980000-15547b982000 rw-p 00069000 00:30 2017384118                 /storage/home/hcoda1/4/hyu483/conda_envs/qgis332/lib/python3.11/site-packages/sklearn/linear_model/_cd_fast.cpython-311-x86_64-linux-gnu.so
15547b982000-15547b983000 rw-p 00000000 00:00 0 
15547b983000-15547b989000 r--p 00000000 00:30 2017335593                 /storage/home/hcoda1/4/hyu483/conda_envs/qgis332/lib/python3.11/site-packages/sklearn/utils/_random.cpython-311-x86_64-linux-gnu.so
15547b989000-15547b9bf000 r-xp 00006000 00:30 2017335593                 /storage/home/hcoda1/4/hyu483/conda_envs/qgis332/lib/python3.11/site-packages/sklearn/utils/_random.cpython-311-x86_64-linux-gnu.so
15547b9bf000-15547b9ca000 r--p 0003c000 00:30 2017335593                 /storage/home/hcoda1/4/hyu483/conda_envs/qgis332/lib/python3.11/site-packages/sklearn/utils/_random.cpython-311-x86_64-linux-gnu.so
15547b9ca000-15547b9cb000 r--p 00046000 00:30 2017335593                 /storage/home/hcoda1/4/hyu483/conda_envs/qgis332/lib/python3.11/site-packages/sklearn/utils/_random.cpython-311-x86_64-linux-gnu.so
15547b9cb000-15547b9cd000 rw-p 00047000 00:30 2017335593                 /storage/home/hcoda1/4/hyu483/conda_envs/qgis332/lib/python3.11/site-packages/sklearn/utils/_random.cpython-311-x86_64-linux-gnu.so
15547b9cd000-15547b9ce000 rw-p 00000000 00:00 0 
15547b9ce000-15547b9d4000 r--p 00000000 00:30 2017335620                 /storage/home/hcoda1/4/hyu483/conda_envs/qgis332/lib/python3.11/site-packages/sklearn/utils/_seq_dataset.cpython-311-x86_64-linux-gnu.so
15547b9d4000-15547ba05000 r-xp 00006000 00:30 2017335620                 /storage/home/hcoda1/4/hyu483/conda_envs/qgis332/lib/python3.11/site-packages/sklearn/utils/_seq_dataset.cpython-311-x86_64-linux-gnu.so
15547ba05000-15547ba0f000 r--p 00037000 00:30 2017335620                 /storage/home/hcoda1/4/hyu483/conda_envs/qgis332/lib/python3.11/site-packages/sklearn/utils/_seq_dataset.cpython-311-x86_64-linux-gnu.so
15547ba0f000-15547ba10000 r--p 00040000 00:30 2017335620                 /storage/home/hcoda1/4/hyu483/conda_envs/qgis332/lib/python3.11/site-packages/sklearn/utils/_seq_dataset.cpython-311-x86_64-linux-gnu.so
15547ba10000-15547ba13000 rw-p 00041000 00:30 2017335620                 /storage/home/hcoda1/4/hyu483/conda_envs/qgis332/lib/python3.11/site-packages/sklearn/utils/_seq_dataset.cpython-311-x86_64-linux-gnu.so
15547ba13000-15547bb14000 rw-p 00000000 00:00 0 
15547bb14000-15547bb1a000 r--p 00000000 00:30 2017335852                 /storage/home/hcoda1/4/hyu483/conda_envs/qgis332/lib/python3.11/site-packages/sklearn/utils/arrayfuncs.cpython-311-x86_64-linux-gnu.so
15547bb1a000-15547bb4e000 r-xp 00006000 00:30 2017335852                 /storage/home/hcoda1/4/hyu483/conda_envs/qgis332/lib/python3.11/site-packages/sklearn/utils/arrayfuncs.cpython-311-x86_64-linux-gnu.so
15547bb4e000-15547bb57000 r--p 0003a000 00:30 2017335852                 /storage/home/hcoda1/4/hyu483/conda_envs/qgis332/lib/python3.11/site-packages/sklearn/utils/arrayfuncs.cpython-311-x86_64-linux-gnu.so
15547bb57000-15547bb58000 r--p 00042000 00:30 2017335852                 /storage/home/hcoda1/4/hyu483/conda_envs/qgis332/lib/python3.11/site-packages/sklearn/utils/arrayfuncs.cpython-311-x86_64-linux-gnu.so
15547bb58000-15547bb5a000 rw-p 00043000 00:30 2017335852                 /storage/home/hcoda1/4/hyu483/conda_envs/qgis332/lib/python3.11/site-packages/sklearn/utils/arrayfuncs.cpython-311-x86_64-linux-gnu.so
15547bb5a000-15547bb5b000 rw-p 00000000 00:00 0 
15547bb5b000-15547bb63000 r--p 00000000 00:30 2017332689                 /storage/home/hcoda1/4/hyu483/conda_envs/qgis332/lib/python3.11/site-packages/sklearn/neighbors/_kd_tree.cpython-311-x86_64-linux-gnu.so
15547bb63000-15547bbe5000 r-xp 00008000 00:30 2017332689                 /storage/home/hcoda1/4/hyu483/conda_envs/qgis332/lib/python3.11/site-packages/sklearn/neighbors/_kd_tree.cpython-311-x86_64-linux-gnu.so
15547bbe5000-15547bbfb000 r--p 0008a000 00:30 2017332689                 /storage/home/hcoda1/4/hyu483/conda_envs/qgis332/lib/python3.11/site-packages/sklearn/neighbors/_kd_tree.cpython-311-x86_64-linux-gnu.so
15547bbfb000-15547bbfc000 r--p 0009f000 00:30 2017332689                 /storage/home/hcoda1/4/hyu483/conda_envs/qgis332/lib/python3.11/site-packages/sklearn/neighbors/_kd_tree.cpython-311-x86_64-linux-gnu.so
15547bbfc000-15547bbff000 rw-p 000a0000 00:30 2017332689                 /storage/home/hcoda1/4/hyu483/conda_envs/qgis332/lib/python3.11/site-packages/sklearn/neighbors/_kd_tree.cpython-311-x86_64-linux-gnu.so
15547bbff000-15547bc01000 rw-p 00000000 00:00 0 
15547bc01000-15547bc03000 r--p 00000000 00:30 2017332697                 /storage/home/hcoda1/4/hyu483/conda_envs/qgis332/lib/python3.11/site-packages/sklearn/neighbors/_partition_nodes.cpython-311-x86_64-linux-gnu.so
15547bc03000-15547bc05000 r-xp 00002000 00:30 2017332697                 /storage/home/hcoda1/4/hyu483/conda_envs/qgis332/lib/python3.11/site-packages/sklearn/neighbors/_partition_nodes.cpython-311-x86_64-linux-gnu.so
15547bc05000-15547bc06000 r--p 00004000 00:30 2017332697                 /storage/home/hcoda1/4/hyu483/conda_envs/qgis332/lib/python3.11/site-packages/sklearn/neighbors/_partition_nodes.cpython-311-x86_64-linux-gnu.so
15547bc06000-15547bc07000 r--p 00004000 00:30 2017332697                 /storage/home/hcoda1/4/hyu483/conda_envs/qgis332/lib/python3.11/site-packages/sklearn/neighbors/_partition_nodes.cpython-311-x86_64-linux-gnu.so
15547bc07000-15547bc08000 rw-p 00005000 00:30 2017332697                 /storage/home/hcoda1/4/hyu483/conda_envs/qgis332/lib/python3.11/site-packages/sklearn/neighbors/_partition_nodes.cpython-311-x86_64-linux-gnu.so
15547bc08000-15547bc10000 r--p 00000000 00:30 2017332683                 /storage/home/hcoda1/4/hyu483/conda_envs/qgis332/lib/python3.11/site-packages/sklearn/neighbors/_ball_tree.cpython-311-x86_64-linux-gnu.so
15547bc10000-15547bc93000 r-xp 00008000 00:30 2017332683                 /storage/home/hcoda1/4/hyu483/conda_envs/qgis332/lib/python3.11/site-packages/sklearn/neighbors/_ball_tree.cpython-311-x86_64-linux-gnu.so
15547bc93000-15547bca9000 r--p 0008b000 00:30 2017332683                 /storage/home/hcoda1/4/hyu483/conda_envs/qgis332/lib/python3.11/site-packages/sklearn/neighbors/_ball_tree.cpython-311-x86_64-linux-gnu.so
15547bca9000-15547bcaa000 r--p 000a1000 00:30 2017332683                 /storage/home/hcoda1/4/hyu483/conda_envs/qgis332/lib/python3.11/site-packages/sklearn/neighbors/_ball_tree.cpython-311-x86_64-linux-gnu.so
15547bcaa000-15547bcad000 rw-p 000a2000 00:30 2017332683                 /storage/home/hcoda1/4/hyu483/conda_envs/qgis332/lib/python3.11/site-packages/sklearn/neighbors/_ball_tree.cpython-311-x86_64-linux-gnu.so
15547bcad000-15547bcb0000 rw-p 00000000 00:00 0 
15547bcb0000-15547bcb6000 r--p 00000000 00:30 2017382032                 /storage/home/hcoda1/4/hyu483/conda_envs/qgis332/lib/python3.11/site-packages/sklearn/cluster/_k_means_minibatch.cpython-311-x86_64-linux-gnu.so
15547bcb6000-15547bce8000 r-xp 00006000 00:30 2017382032                 /storage/home/hcoda1/4/hyu483/conda_envs/qgis332/lib/python3.11/site-packages/sklearn/cluster/_k_means_minibatch.cpython-311-x86_64-linux-gnu.so
15547bce8000-15547bcf0000 r--p 00038000 00:30 2017382032                 /storage/home/hcoda1/4/hyu483/conda_envs/qgis332/lib/python3.11/site-packages/sklearn/cluster/_k_means_minibatch.cpython-311-x86_64-linux-gnu.so
15547bcf0000-15547bcf1000 r--p 00040000 00:30 2017382032                 /storage/home/hcoda1/4/hyu483/conda_envs/qgis332/lib/python3.11/site-packages/sklearn/cluster/_k_means_minibatch.cpython-311-x86_64-linux-gnu.so
15547bcf1000-15547bcf3000 rw-p 00041000 00:30 2017382032                 /storage/home/hcoda1/4/hyu483/conda_envs/qgis332/lib/python3.11/site-packages/sklearn/cluster/_k_means_minibatch.cpython-311-x86_64-linux-gnu.so
15547bcf3000-15547bcf4000 rw-p 00000000 00:00 0 
15547bcf4000-15547bcfa000 r--p 00000000 00:30 2017382030                 /storage/home/hcoda1/4/hyu483/conda_envs/qgis332/lib/python3.11/site-packages/sklearn/cluster/_k_means_lloyd.cpython-311-x86_64-linux-gnu.so
15547bcfa000-15547bd37000 r-xp 00006000 00:30 2017382030                 /storage/home/hcoda1/4/hyu483/conda_envs/qgis332/lib/python3.11/site-packages/sklearn/cluster/_k_means_lloyd.cpython-311-x86_64-linux-gnu.so
15547bd37000-15547bd42000 r--p 00043000 00:30 2017382030                 /storage/home/hcoda1/4/hyu483/conda_envs/qgis332/lib/python3.11/site-packages/sklearn/cluster/_k_means_lloyd.cpython-311-x86_64-linux-gnu.so
15547bd42000-15547bd43000 r--p 0004d000 00:30 2017382030                 /storage/home/hcoda1/4/hyu483/conda_envs/qgis332/lib/python3.11/site-packages/sklearn/cluster/_k_means_lloyd.cpython-311-x86_64-linux-gnu.so
15547bd43000-15547bd45000 rw-p 0004e000 00:30 2017382030                 /storage/home/hcoda1/4/hyu483/conda_envs/qgis332/lib/python3.11/site-packages/sklearn/cluster/_k_means_lloyd.cpython-311-x86_64-linux-gnu.so
15547bd45000-15547bd46000 rw-p 00000000 00:00 0 
15547bd46000-15547bd4c000 r--p 00000000 00:30 2017382028                 /storage/home/hcoda1/4/hyu483/conda_envs/qgis332/lib/python3.11/site-packages/sklearn/cluster/_k_means_elkan.cpython-311-x86_64-linux-gnu.so
15547bd4c000-15547bda0000 r-xp 00006000 00:30 2017382028                 /storage/home/hcoda1/4/hyu483/conda_envs/qgis332/lib/python3.11/site-packages/sklearn/cluster/_k_means_elkan.cpython-311-x86_64-linux-gnu.so
15547bda0000-15547bdad000 r--p 0005a000 00:30 2017382028                 /storage/home/hcoda1/4/hyu483/conda_envs/qgis332/lib/python3.11/site-packages/sklearn/cluster/_k_means_elkan.cpython-311-x86_64-linux-gnu.so
15547bdad000-15547bdae000 r--p 00067000 00:30 2017382028                 /storage/home/hcoda1/4/hyu483/conda_envs/qgis332/lib/python3.11/site-packages/sklearn/cluster/_k_means_elkan.cpython-311-x86_64-linux-gnu.so
15547bdae000-15547bdb0000 rw-p 00068000 00:30 2017382028                 /storage/home/hcoda1/4/hyu483/conda_envs/qgis332/lib/python3.11/site-packages/sklearn/cluster/_k_means_elkan.cpython-311-x86_64-linux-gnu.so
15547bdb0000-15547bdb1000 rw-p 00000000 00:00 0 
15547bdb1000-15547bdb7000 r--p 00000000 00:30 2017382025                 /storage/home/hcoda1/4/hyu483/conda_envs/qgis332/lib/python3.11/site-packages/sklearn/cluster/_k_means_common.cpython-311-x86_64-linux-gnu.so
15547bdb7000-15547be14000 r-xp 00006000 00:30 2017382025                 /storage/home/hcoda1/4/hyu483/conda_envs/qgis332/lib/python3.11/site-packages/sklearn/cluster/_k_means_common.cpython-311-x86_64-linux-gnu.so
15547be14000-15547be1f000 r--p 00063000 00:30 2017382025                 /storage/home/hcoda1/4/hyu483/conda_envs/qgis332/lib/python3.11/site-packages/sklearn/cluster/_k_means_common.cpython-311-x86_64-linux-gnu.so
15547be1f000-15547be20000 r--p 0006d000 00:30 2017382025                 /storage/home/hcoda1/4/hyu483/conda_envs/qgis332/lib/python3.11/site-packages/sklearn/cluster/_k_means_common.cpython-311-x86_64-linux-gnu.so
15547be20000-15547be22000 rw-p 0006e000 00:30 2017382025                 /storage/home/hcoda1/4/hyu483/conda_envs/qgis332/lib/python3.11/site-packages/sklearn/cluster/_k_means_common.cpython-311-x86_64-linux-gnu.so
15547be22000-15547be23000 rw-p 00000000 00:00 0 
15547be23000-15547be29000 r--p 00000000 00:30 2017382022                 /storage/home/hcoda1/4/hyu483/conda_envs/qgis332/lib/python3.11/site-packages/sklearn/cluster/_hierarchical_fast.cpython-311-x86_64-linux-gnu.so
15547be29000-15547be55000 r-xp 00006000 00:30 2017382022                 /storage/home/hcoda1/4/hyu483/conda_envs/qgis332/lib/python3.11/site-packages/sklearn/cluster/_hierarchical_fast.cpython-311-x86_64-linux-gnu.so
15547be55000-15547be5f000 r--p 00032000 00:30 2017382022                 /storage/home/hcoda1/4/hyu483/conda_envs/qgis332/lib/python3.11/site-packages/sklearn/cluster/_hierarchical_fast.cpython-311-x86_64-linux-gnu.so
15547be5f000-15547be60000 r--p 0003c000 00:30 2017382022                 /storage/home/hcoda1/4/hyu483/conda_envs/qgis332/lib/python3.11/site-packages/sklearn/cluster/_hierarchical_fast.cpython-311-x86_64-linux-gnu.so
15547be60000-15547be62000 rw-p 0003d000 00:30 2017382022                 /storage/home/hcoda1/4/hyu483/conda_envs/qgis332/lib/python3.11/site-packages/sklearn/cluster/_hierarchical_fast.cpython-311-x86_64-linux-gnu.so
15547be62000-15547be63000 rw-p 00000000 00:00 0 
15547be63000-15547be6a000 r--p 00000000 00:30 2017335512                 /storage/home/hcoda1/4/hyu483/conda_envs/qgis332/lib/python3.11/site-packages/sklearn/utils/_fast_dict.cpython-311-x86_64-linux-gnu.so
15547be6a000-15547be8f000 r-xp 00007000 00:30 2017335512                 /storage/home/hcoda1/4/hyu483/conda_envs/qgis332/lib/python3.11/site-packages/sklearn/utils/_fast_dict.cpython-311-x86_64-linux-gnu.so
15547be8f000-15547be98000 r--p 0002c000 00:30 2017335512                 /storage/home/hcoda1/4/hyu483/conda_envs/qgis332/lib/python3.11/site-packages/sklearn/utils/_fast_dict.cpython-311-x86_64-linux-gnu.so
15547be98000-15547be99000 r--p 00034000 00:30 2017335512                 /storage/home/hcoda1/4/hyu483/conda_envs/qgis332/lib/python3.11/site-packages/sklearn/utils/_fast_dict.cpython-311-x86_64-linux-gnu.so
15547be99000-15547be9b000 rw-p 00035000 00:30 2017335512                 /storage/home/hcoda1/4/hyu483/conda_envs/qgis332/lib/python3.11/site-packages/sklearn/utils/_fast_dict.cpython-311-x86_64-linux-gnu.so
15547be9b000-15547bf9c000 rw-p 00000000 00:00 0 
15547bf9c000-15547bfa2000 r--p 00000000 00:30 2017332359                 /storage/home/hcoda1/4/hyu483/conda_envs/qgis332/lib/python3.11/site-packages/sklearn/metrics/_pairwise_fast.cpython-311-x86_64-linux-gnu.so
15547bfa2000-15547bfcf000 r-xp 00006000 00:30 2017332359                 /storage/home/hcoda1/4/hyu483/conda_envs/qgis332/lib/python3.11/site-packages/sklearn/metrics/_pairwise_fast.cpython-311-x86_64-linux-gnu.so
15547bfcf000-15547bfd7000 r--p 00033000 00:30 2017332359                 /storage/home/hcoda1/4/hyu483/conda_envs/qgis332/lib/python3.11/site-packages/sklearn/metrics/_pairwise_fast.cpython-311-x86_64-linux-gnu.so
15547bfd7000-15547bfd8000 r--p 0003a000 00:30 2017332359                 /storage/home/hcoda1/4/hyu483/conda_envs/qgis332/lib/python3.11/site-packages/sklearn/metrics/_pairwise_fast.cpython-311-x86_64-linux-gnu.so
15547bfd8000-15547bfda000 rw-p 0003b000 00:30 2017332359                 /storage/home/hcoda1/4/hyu483/conda_envs/qgis332/lib/python3.11/site-packages/sklearn/metrics/_pairwise_fast.cpython-311-x86_64-linux-gnu.so
15547bfda000-15547bfdb000 rw-p 00000000 00:00 0 
15547bfdb000-15547bfe1000 r--p 00000000 00:30 2017332356                 /storage/home/hcoda1/4/hyu483/conda_envs/qgis332/lib/python3.11/site-packages/sklearn/metrics/_pairwise_distances_reduction/_radius_neighbors_classmode.cpython-311-x86_64-linux-gnu.so
15547bfe1000-15547c00a000 r-xp 00006000 00:30 2017332356                 /storage/home/hcoda1/4/hyu483/conda_envs/qgis332/lib/python3.11/site-packages/sklearn/metrics/_pairwise_distances_reduction/_radius_neighbors_classmode.cpython-311-x86_64-linux-gnu.so
15547c00a000-15547c013000 r--p 0002f000 00:30 2017332356                 /storage/home/hcoda1/4/hyu483/conda_envs/qgis332/lib/python3.11/site-packages/sklearn/metrics/_pairwise_distances_reduction/_radius_neighbors_classmode.cpython-311-x86_64-linux-gnu.so
15547c013000-15547c014000 r--p 00037000 00:30 2017332356                 /storage/home/hcoda1/4/hyu483/conda_envs/qgis332/lib/python3.11/site-packages/sklearn/metrics/_pairwise_distances_reduction/_radius_neighbors_classmode.cpython-311-x86_64-linux-gnu.so
15547c014000-15547c016000 rw-p 00038000 00:30 2017332356                 /storage/home/hcoda1/4/hyu483/conda_envs/qgis332/lib/python3.11/site-packages/sklearn/metrics/_pairwise_distances_reduction/_radius_neighbors_classmode.cpython-311-x86_64-linux-gnu.so
15547c016000-15547c017000 rw-p 00000000 00:00 0 
15547c017000-15547c01c000 r--p 00000000 00:30 2017335816                 /storage/home/hcoda1/4/hyu483/conda_envs/qgis332/lib/python3.11/site-packages/sklearn/utils/_vector_sentinel.cpython-311-x86_64-linux-gnu.so
15547c01c000-15547c02f000 r-xp 00005000 00:30 2017335816                 /storage/home/hcoda1/4/hyu483/conda_envs/qgis332/lib/python3.11/site-packages/sklearn/utils/_vector_sentinel.cpython-311-x86_64-linux-gnu.so
15547c02f000-15547c034000 r--p 00018000 00:30 2017335816                 /storage/home/hcoda1/4/hyu483/conda_envs/qgis332/lib/python3.11/site-packages/sklearn/utils/_vector_sentinel.cpython-311-x86_64-linux-gnu.so
15547c034000-15547c035000 r--p 0001d000 00:30 2017335816                 /storage/home/hcoda1/4/hyu483/conda_envs/qgis332/lib/python3.11/site-packages/sklearn/utils/_vector_sentinel.cpython-311-x86_64-linux-gnu.so
15547c035000-15547c037000 rw-p 0001e000 00:30 2017335816                 /storage/home/hcoda1/4/hyu483/conda_envs/qgis332/lib/python3.11/site-packages/sklearn/utils/_vector_sentinel.cpython-311-x86_64-linux-gnu.so
15547c037000-15547c03e000 r--p 00000000 00:30 2017332353                 /storage/home/hcoda1/4/hyu483/conda_envs/qgis332/lib/python3.11/site-packages/sklearn/metrics/_pairwise_distances_reduction/_radius_neighbors.cpython-311-x86_64-linux-gnu.so
15547c03e000-15547c071000 r-xp 00007000 00:30 2017332353                 /storage/home/hcoda1/4/hyu483/conda_envs/qgis332/lib/python3.11/site-packages/sklearn/metrics/_pairwise_distances_reduction/_radius_neighbors.cpython-311-x86_64-linux-gnu.so
15547c071000-15547c07d000 r--p 0003a000 00:30 2017332353                 /storage/home/hcoda1/4/hyu483/conda_envs/qgis332/lib/python3.11/site-packages/sklearn/metrics/_pairwise_distances_reduction/_radius_neighbors.cpython-311-x86_64-linux-gnu.so
15547c07d000-15547c07e000 r--p 00046000 00:30 2017332353                 /storage/home/hcoda1/4/hyu483/conda_envs/qgis332/lib/python3.11/site-packages/sklearn/metrics/_pairwise_distances_reduction/_radius_neighbors.cpython-311-x86_64-linux-gnu.so
15547c07e000-15547c080000 rw-p 00047000 00:30 2017332353                 /storage/home/hcoda1/4/hyu483/conda_envs/qgis332/lib/python3.11/site-packages/sklearn/metrics/_pairwise_distances_reduction/_radius_neighbors.cpython-311-x86_64-linux-gnu.so
15547c080000-15547c081000 rw-p 00000000 00:00 0 
15547c081000-15547c087000 r--p 00000000 00:30 2017332340                 /storage/home/hcoda1/4/hyu483/conda_envs/qgis332/lib/python3.11/site-packages/sklearn/metrics/_pairwise_distances_reduction/_argkmin_classmode.cpython-311-x86_64-linux-gnu.so
15547c087000-15547c0ad000 r-xp 00006000 00:30 2017332340                 /storage/home/hcoda1/4/hyu483/conda_envs/qgis332/lib/python3.11/site-packages/sklearn/metrics/_pairwise_distances_reduction/_argkmin_classmode.cpython-311-x86_64-linux-gnu.so
15547c0ad000-15547c0b6000 r--p 0002c000 00:30 2017332340                 /storage/home/hcoda1/4/hyu483/conda_envs/qgis332/lib/python3.11/site-packages/sklearn/metrics/_pairwise_distances_reduction/_argkmin_classmode.cpython-311-x86_64-linux-gnu.so
15547c0b6000-15547c0b7000 r--p 00034000 00:30 2017332340                 /storage/home/hcoda1/4/hyu483/conda_envs/qgis332/lib/python3.11/site-packages/sklearn/metrics/_pairwise_distances_reduction/_argkmin_classmode.cpython-311-x86_64-linux-gnu.so
15547c0b7000-15547c0b9000 rw-p 00035000 00:30 2017332340                 /storage/home/hcoda1/4/hyu483/conda_envs/qgis332/lib/python3.11/site-packages/sklearn/metrics/_pairwise_distances_reduction/_argkmin_classmode.cpython-311-x86_64-linux-gnu.so
15547c0b9000-15547c0ba000 rw-p 00000000 00:00 0 
15547c0ba000-15547c0bc000 r--p 00000000 00:30 2017335654                 /storage/home/hcoda1/4/hyu483/conda_envs/qgis332/lib/python3.11/site-packages/sklearn/utils/_sorting.cpython-311-x86_64-linux-gnu.so
15547c0bc000-15547c0be000 r-xp 00002000 00:30 2017335654                 /storage/home/hcoda1/4/hyu483/conda_envs/qgis332/lib/python3.11/site-packages/sklearn/utils/_sorting.cpython-311-x86_64-linux-gnu.so
15547c0be000-15547c0bf000 r--p 00004000 00:30 2017335654                 /storage/home/hcoda1/4/hyu483/conda_envs/qgis332/lib/python3.11/site-packages/sklearn/utils/_sorting.cpython-311-x86_64-linux-gnu.so
15547c0bf000-15547c0c0000 r--p 00004000 00:30 2017335654                 /storage/home/hcoda1/4/hyu483/conda_envs/qgis332/lib/python3.11/site-packages/sklearn/utils/_sorting.cpython-311-x86_64-linux-gnu.so
15547c0c0000-15547c0c1000 rw-p 00005000 00:30 2017335654                 /storage/home/hcoda1/4/hyu483/conda_envs/qgis332/lib/python3.11/site-packages/sklearn/utils/_sorting.cpython-311-x86_64-linux-gnu.so
15547c0c1000-15547c0c3000 r--p 00000000 00:30 2017335558                 /storage/home/hcoda1/4/hyu483/conda_envs/qgis332/lib/python3.11/site-packages/sklearn/utils/_heap.cpython-311-x86_64-linux-gnu.so
15547c0c3000-15547c0c5000 r-xp 00002000 00:30 2017335558                 /storage/home/hcoda1/4/hyu483/conda_envs/qgis332/lib/python3.11/site-packages/sklearn/utils/_heap.cpython-311-x86_64-linux-gnu.so
15547c0c5000-15547c0c6000 r--p 00004000 00:30 2017335558                 /storage/home/hcoda1/4/hyu483/conda_envs/qgis332/lib/python3.11/site-packages/sklearn/utils/_heap.cpython-311-x86_64-linux-gnu.so
15547c0c6000-15547c0c7000 r--p 00004000 00:30 2017335558                 /storage/home/hcoda1/4/hyu483/conda_envs/qgis332/lib/python3.11/site-packages/sklearn/utils/_heap.cpython-311-x86_64-linux-gnu.so
15547c0c7000-15547c0c8000 rw-p 00005000 00:30 2017335558                 /storage/home/hcoda1/4/hyu483/conda_envs/qgis332/lib/python3.11/site-packages/sklearn/utils/_heap.cpython-311-x86_64-linux-gnu.so
15547c0c8000-15547c0cf000 r--p 00000000 00:30 2017332350                 /storage/home/hcoda1/4/hyu483/conda_envs/qgis332/lib/python3.11/site-packages/sklearn/metrics/_pairwise_distances_reduction/_middle_term_computer.cpython-311-x86_64-linux-gnu.so
15547c0cf000-15547c118000 r-xp 00007000 00:30 2017332350                 /storage/home/hcoda1/4/hyu483/conda_envs/qgis332/lib/python3.11/site-packages/sklearn/metrics/_pairwise_distances_reduction/_middle_term_computer.cpython-311-x86_64-linux-gnu.so
15547c118000-15547c126000 r--p 00050000 00:30 2017332350                 /storage/home/hcoda1/4/hyu483/conda_envs/qgis332/lib/python3.11/site-packages/sklearn/metrics/_pairwise_distances_reduction/_middle_term_computer.cpython-311-x86_64-linux-gnu.so
15547c126000-15547c127000 r--p 0005e000 00:30 2017332350                 /storage/home/hcoda1/4/hyu483/conda_envs/qgis332/lib/python3.11/site-packages/sklearn/metrics/_pairwise_distances_reduction/_middle_term_computer.cpython-311-x86_64-linux-gnu.so
15547c127000-15547c12a000 rw-p 0005f000 00:30 2017332350                 /storage/home/hcoda1/4/hyu483/conda_envs/qgis332/lib/python3.11/site-packages/sklearn/metrics/_pairwise_distances_reduction/_middle_term_computer.cpython-311-x86_64-linux-gnu.so
15547c12a000-15547c12b000 rw-p 00000000 00:00 0 
15547c12b000-15547c131000 r--p 00000000 00:30 2017335506                 /storage/home/hcoda1/4/hyu483/conda_envs/qgis332/lib/python3.11/site-packages/sklearn/utils/_cython_blas.cpython-311-x86_64-linux-gnu.so
15547c131000-15547c18c000 r-xp 00006000 00:30 2017335506                 /storage/home/hcoda1/4/hyu483/conda_envs/qgis332/lib/python3.11/site-packages/sklearn/utils/_cython_blas.cpython-311-x86_64-linux-gnu.so
15547c18c000-15547c199000 r--p 00061000 00:30 2017335506                 /storage/home/hcoda1/4/hyu483/conda_envs/qgis332/lib/python3.11/site-packages/sklearn/utils/_cython_blas.cpython-311-x86_64-linux-gnu.so
15547c199000-15547c19a000 r--p 0006e000 00:30 2017335506                 /storage/home/hcoda1/4/hyu483/conda_envs/qgis332/lib/python3.11/site-packages/sklearn/utils/_cython_blas.cpython-311-x86_64-linux-gnu.so
15547c19a000-15547c19c000 rw-p 0006f000 00:30 2017335506                 /storage/home/hcoda1/4/hyu483/conda_envs/qgis332/lib/python3.11/site-packages/sklearn/utils/_cython_blas.cpython-311-x86_64-linux-gnu.so
15547c19c000-15547c19d000 rw-p 00000000 00:00 0 
15547c19d000-15547c1a3000 r--p 00000000 00:30 2017332346                 /storage/home/hcoda1/4/hyu483/conda_envs/qgis332/lib/python3.11/site-packages/sklearn/metrics/_pairwise_distances_reduction/_datasets_pair.cpython-311-x86_64-linux-gnu.so
15547c1a3000-15547c1ea000 r-xp 00006000 00:30 2017332346                 /storage/home/hcoda1/4/hyu483/conda_envs/qgis332/lib/python3.11/site-packages/sklearn/metrics/_pairwise_distances_reduction/_datasets_pair.cpython-311-x86_64-linux-gnu.so
15547c1ea000-15547c1f9000 r--p 0004d000 00:30 2017332346                 /storage/home/hcoda1/4/hyu483/conda_envs/qgis332/lib/python3.11/site-packages/sklearn/metrics/_pairwise_distances_reduction/_datasets_pair.cpython-311-x86_64-linux-gnu.so
15547c1f9000-15547c1fa000 r--p 0005b000 00:30 2017332346                 /storage/home/hcoda1/4/hyu483/conda_envs/qgis332/lib/python3.11/site-packages/sklearn/metrics/_pairwise_distances_reduction/_datasets_pair.cpython-311-x86_64-linux-gnu.so
15547c1fa000-15547c1fd000 rw-p 0005c000 00:30 2017332346                 /storage/home/hcoda1/4/hyu483/conda_envs/qgis332/lib/python3.11/site-packages/sklearn/metrics/_pairwise_distances_reduction/_datasets_pair.cpython-311-x86_64-linux-gnu.so
15547c1fd000-15547c1fe000 rw-p 00000000 00:00 0 
15547c1fe000-15547c204000 r--p 00000000 00:30 2017332342                 /storage/home/hcoda1/4/hyu483/conda_envs/qgis332/lib/python3.11/site-packages/sklearn/metrics/_pairwise_distances_reduction/_base.cpython-311-x86_64-linux-gnu.so
15547c204000-15547c230000 r-xp 00006000 00:30 2017332342                 /storage/home/hcoda1/4/hyu483/conda_envs/qgis332/lib/python3.11/site-packages/sklearn/metrics/_pairwise_distances_reduction/_base.cpython-311-x86_64-linux-gnu.so
15547c230000-15547c239000 r--p 00032000 00:30 2017332342                 /storage/home/hcoda1/4/hyu483/conda_envs/qgis332/lib/python3.11/site-packages/sklearn/metrics/_pairwise_distances_reduction/_base.cpython-311-x86_64-linux-gnu.so
15547c239000-15547c23a000 r--p 0003b000 00:30 2017332342                 /storage/home/hcoda1/4/hyu483/conda_envs/qgis332/lib/python3.11/site-packages/sklearn/metrics/_pairwise_distances_reduction/_base.cpython-311-x86_64-linux-gnu.so
15547c23a000-15547c23c000 rw-p 0003c000 00:30 2017332342                 /storage/home/hcoda1/4/hyu483/conda_envs/qgis332/lib/python3.11/site-packages/sklearn/metrics/_pairwise_distances_reduction/_base.cpython-311-x86_64-linux-gnu.so
15547c23c000-15547c23d000 rw-p 00000000 00:00 0 
15547c23d000-15547c243000 r--p 00000000 00:30 2017332336                 /storage/home/hcoda1/4/hyu483/conda_envs/qgis332/lib/python3.11/site-packages/sklearn/metrics/_pairwise_distances_reduction/_argkmin.cpython-311-x86_64-linux-gnu.so
15547c243000-15547c276000 r-xp 00006000 00:30 2017332336                 /storage/home/hcoda1/4/hyu483/conda_envs/qgis332/lib/python3.11/site-packages/sklearn/metrics/_pairwise_distances_reduction/_argkmin.cpython-311-x86_64-linux-gnu.so
15547c276000-15547c280000 r--p 00039000 00:30 2017332336                 /storage/home/hcoda1/4/hyu483/conda_envs/qgis332/lib/python3.11/site-packages/sklearn/metrics/_pairwise_distances_reduction/_argkmin.cpython-311-x86_64-linux-gnu.so
15547c280000-15547c281000 r--p 00043000 00:30 2017332336                 /storage/home/hcoda1/4/hyu483/conda_envs/qgis332/lib/python3.11/site-packages/sklearn/metrics/_pairwise_distances_reduction/_argkmin.cpython-311-x86_64-linux-gnu.so
15547c281000-15547c283000 rw-p 00044000 00:30 2017332336                 /storage/home/hcoda1/4/hyu483/conda_envs/qgis332/lib/python3.11/site-packages/sklearn/metrics/_pairwise_distances_reduction/_argkmin.cpython-311-x86_64-linux-gnu.so
15547c283000-15547c284000 rw-p 00000000 00:00 0 
15547c284000-15547c28d000 r--p 00000000 00:30 2017332329                 /storage/home/hcoda1/4/hyu483/conda_envs/qgis332/lib/python3.11/site-packages/sklearn/metrics/_dist_metrics.cpython-311-x86_64-linux-gnu.so
15547c28d000-15547c2f9000 r-xp 00009000 00:30 2017332329                 /storage/home/hcoda1/4/hyu483/conda_envs/qgis332/lib/python3.11/site-packages/sklearn/metrics/_dist_metrics.cpython-311-x86_64-linux-gnu.so
15547c2f9000-15547c310000 r--p 00075000 00:30 2017332329                 /storage/home/hcoda1/4/hyu483/conda_envs/qgis332/lib/python3.11/site-packages/sklearn/metrics/_dist_metrics.cpython-311-x86_64-linux-gnu.so
15547c310000-15547c311000 r--p 0008c000 00:30 2017332329                 /storage/home/hcoda1/4/hyu483/conda_envs/qgis332/lib/python3.11/site-packages/sklearn/metrics/_dist_metrics.cpython-311-x86_64-linux-gnu.so
15547c311000-15547c318000 rw-p 0008d000 00:30 2017332329                 /storage/home/hcoda1/4/hyu483/conda_envs/qgis332/lib/python3.11/site-packages/sklearn/metrics/_dist_metrics.cpython-311-x86_64-linux-gnu.so
15547c318000-15547c31b000 rw-p 00000000 00:00 0 
15547c31b000-15547c321000 r--p 00000000 00:30 2017333343                 /storage/home/hcoda1/4/hyu483/conda_envs/qgis332/lib/python3.11/site-packages/sklearn/preprocessing/_target_encoder_fast.cpython-311-x86_64-linux-gnu.so
15547c321000-15547c37e000 r-xp 00006000 00:30 2017333343                 /storage/home/hcoda1/4/hyu483/conda_envs/qgis332/lib/python3.11/site-packages/sklearn/preprocessing/_target_encoder_fast.cpython-311-x86_64-linux-gnu.so
15547c37e000-15547c388000 r--p 00063000 00:30 2017333343                 /storage/home/hcoda1/4/hyu483/conda_envs/qgis332/lib/python3.11/site-packages/sklearn/preprocessing/_target_encoder_fast.cpython-311-x86_64-linux-gnu.so
15547c388000-15547c389000 r--p 0006c000 00:30 2017333343                 /storage/home/hcoda1/4/hyu483/conda_envs/qgis332/lib/python3.11/site-packages/sklearn/preprocessing/_target_encoder_fast.cpython-311-x86_64-linux-gnu.so
15547c389000-15547c38b000 rw-p 0006d000 00:30 2017333343                 /storage/home/hcoda1/4/hyu483/conda_envs/qgis332/lib/python3.11/site-packages/sklearn/preprocessing/_target_encoder_fast.cpython-311-x86_64-linux-gnu.so
15547c38b000-15547c38c000 rw-p 00000000 00:00 0 
15547c38c000-15547c392000 r--p 00000000 00:30 2017333332                 /storage/home/hcoda1/4/hyu483/conda_envs/qgis332/lib/python3.11/site-packages/sklearn/preprocessing/_csr_polynomial_expansion.cpython-311-x86_64-linux-gnu.so
15547c392000-15547c3e2000 r-xp 00006000 00:30 2017333332                 /storage/home/hcoda1/4/hyu483/conda_envs/qgis332/lib/python3.11/site-packages/sklearn/preprocessing/_csr_polynomial_expansion.cpython-311-x86_64-linux-gnu.so
15547c3e2000-15547c3ec000 r--p 00056000 00:30 2017333332                 /storage/home/hcoda1/4/hyu483/conda_envs/qgis332/lib/python3.11/site-packages/sklearn/preprocessing/_csr_polynomial_expansion.cpython-311-x86_64-linux-gnu.so
15547c3ec000-15547c3ed000 r--p 00060000 00:30 2017333332                 /storage/home/hcoda1/4/hyu483/conda_envs/qgis332/lib/python3.11/site-packages/sklearn/preprocessing/_csr_polynomial_expansion.cpython-311-x86_64-linux-gnu.so
15547c3ed000-15547c3ef000 rw-p 00061000 00:30 2017333332                 /storage/home/hcoda1/4/hyu483/conda_envs/qgis332/lib/python3.11/site-packages/sklearn/preprocessing/_csr_polynomial_expansion.cpython-311-x86_64-linux-gnu.so
15547c3ef000-15547c4f0000 rw-p 00000000 00:00 0 
15547c4f0000-15547c4f5000 r--p 00000000 00:30 2017332412                 /storage/home/hcoda1/4/hyu483/conda_envs/qgis332/lib/python3.11/site-packages/sklearn/metrics/cluster/_expected_mutual_info_fast.cpython-311-x86_64-linux-gnu.so
15547c4f5000-15547c517000 r-xp 00005000 00:30 2017332412                 /storage/home/hcoda1/4/hyu483/conda_envs/qgis332/lib/python3.11/site-packages/sklearn/metrics/cluster/_expected_mutual_info_fast.cpython-311-x86_64-linux-gnu.so
15547c517000-15547c51e000 r--p 00027000 00:30 2017332412                 /storage/home/hcoda1/4/hyu483/conda_envs/qgis332/lib/python3.11/site-packages/sklearn/metrics/cluster/_expected_mutual_info_fast.cpython-311-x86_64-linux-gnu.so
15547c51e000-15547c51f000 r--p 0002d000 00:30 2017332412                 /storage/home/hcoda1/4/hyu483/conda_envs/qgis332/lib/python3.11/site-packages/sklearn/metrics/cluster/_expected_mutual_info_fast.cpython-311-x86_64-linux-gnu.so
15547c51f000-15547c521000 rw-p 0002e000 00:30 2017332412                 /storage/home/hcoda1/4/hyu483/conda_envs/qgis332/lib/python3.11/site-packages/sklearn/metrics/cluster/_expected_mutual_info_fast.cpython-311-x86_64-linux-gnu.so
15547c521000-15547c524000 r--p 00000000 00:30 2017335585                 /storage/home/hcoda1/4/hyu483/conda_envs/qgis332/lib/python3.11/site-packages/sklearn/utils/_openmp_helpers.cpython-311-x86_64-linux-gnu.so
15547c524000-15547c52b000 r-xp 00003000 00:30 2017335585                 /storage/home/hcoda1/4/hyu483/conda_envs/qgis332/lib/python3.11/site-packages/sklearn/utils/_openmp_helpers.cpython-311-x86_64-linux-gnu.so
15547c52b000-15547c52d000 r--p 0000a000 00:30 2017335585                 /storage/home/hcoda1/4/hyu483/conda_envs/qgis332/lib/python3.11/site-packages/sklearn/utils/_openmp_helpers.cpython-311-x86_64-linux-gnu.so
15547c52d000-15547c52e000 r--p 0000c000 00:30 2017335585                 /storage/home/hcoda1/4/hyu483/conda_envs/qgis332/lib/python3.11/site-packages/sklearn/utils/_openmp_helpers.cpython-311-x86_64-linux-gnu.so
15547c52e000-15547c52f000 rw-p 0000d000 00:30 2017335585                 /storage/home/hcoda1/4/hyu483/conda_envs/qgis332/lib/python3.11/site-packages/sklearn/utils/_openmp_helpers.cpython-311-x86_64-linux-gnu.so
15547c52f000-15547c534000 r--p 00000000 00:30 2017335948                 /storage/home/hcoda1/4/hyu483/conda_envs/qgis332/lib/python3.11/site-packages/sklearn/utils/murmurhash.cpython-311-x86_64-linux-gnu.so
15547c534000-15547c555000 r-xp 00005000 00:30 2017335948                 /storage/home/hcoda1/4/hyu483/conda_envs/qgis332/lib/python3.11/site-packages/sklearn/utils/murmurhash.cpython-311-x86_64-linux-gnu.so
15547c555000-15547c55d000 r--p 00026000 00:30 2017335948                 /storage/home/hcoda1/4/hyu483/conda_envs/qgis332/lib/python3.11/site-packages/sklearn/utils/murmurhash.cpython-311-x86_64-linux-gnu.so
15547c55d000-15547c55e000 r--p 0002e000 00:30 2017335948                 /storage/home/hcoda1/4/hyu483/conda_envs/qgis332/lib/python3.11/site-packages/sklearn/utils/murmurhash.cpython-311-x86_64-linux-gnu.so
15547c55e000-15547c560000 rw-p 0002f000 00:30 2017335948                 /storage/home/hcoda1/4/hyu483/conda_envs/qgis332/lib/python3.11/site-packages/sklearn/utils/murmurhash.cpython-311-x86_64-linux-gnu.so
15547c560000-15547c566000 r--p 00000000 00:30 2017335983                 /storage/home/hcoda1/4/hyu483/conda_envs/qgis332/lib/python3.11/site-packages/sklearn/utils/sparsefuncs_fast.cpython-311-x86_64-linux-gnu.so
15547c566000-15547c609000 r-xp 00006000 00:30 2017335983                 /storage/home/hcoda1/4/hyu483/conda_envs/qgis332/lib/python3.11/site-packages/sklearn/utils/sparsefuncs_fast.cpython-311-x86_64-linux-gnu.so
15547c609000-15547c617000 r--p 000a9000 00:30 2017335983                 /storage/home/hcoda1/4/hyu483/conda_envs/qgis332/lib/python3.11/site-packages/sklearn/utils/sparsefuncs_fast.cpython-311-x86_64-linux-gnu.so
15547c617000-15547c618000 r--p 000b6000 00:30 2017335983                 /storage/home/hcoda1/4/hyu483/conda_envs/qgis332/lib/python3.11/site-packages/sklearn/utils/sparsefuncs_fast.cpython-311-x86_64-linux-gnu.so
15547c618000-15547c61a000 rw-p 000b7000 00:30 2017335983                 /storage/home/hcoda1/4/hyu483/conda_envs/qgis332/lib/python3.11/site-packages/sklearn/utils/sparsefuncs_fast.cpython-311-x86_64-linux-gnu.so
15547c61a000-15547c61c000 rw-p 00000000 00:00 0 
15547c61c000-15547c622000 r--p 00000000 00:30 2017335563                 /storage/home/hcoda1/4/hyu483/conda_envs/qgis332/lib/python3.11/site-packages/sklearn/utils/_isfinite.cpython-311-x86_64-linux-gnu.so
15547c622000-15547c64b000 r-xp 00006000 00:30 2017335563                 /storage/home/hcoda1/4/hyu483/conda_envs/qgis332/lib/python3.11/site-packages/sklearn/utils/_isfinite.cpython-311-x86_64-linux-gnu.so
15547c64b000-15547c653000 r--p 0002f000 00:30 2017335563                 /storage/home/hcoda1/4/hyu483/conda_envs/qgis332/lib/python3.11/site-packages/sklearn/utils/_isfinite.cpython-311-x86_64-linux-gnu.so
15547c653000-15547c654000 r--p 00037000 00:30 2017335563                 /storage/home/hcoda1/4/hyu483/conda_envs/qgis332/lib/python3.11/site-packages/sklearn/utils/_isfinite.cpython-311-x86_64-linux-gnu.so
15547c654000-15547c656000 rw-p 00038000 00:30 2017335563                 /storage/home/hcoda1/4/hyu483/conda_envs/qgis332/lib/python3.11/site-packages/sklearn/utils/_isfinite.cpython-311-x86_64-linux-gnu.so
15547c656000-15547c657000 rw-p 00000000 00:00 0 
15547c657000-15547c65c000 r--p 00000000 00:30 2094141873                 /storage/home/hcoda1/4/hyu483/conda_envs/qgis332/lib/python3.11/site-packages/scipy/stats/_rcont/rcont.cpython-311-x86_64-linux-gnu.so
15547c65c000-15547c67c000 r-xp 00005000 00:30 2094141873                 /storage/home/hcoda1/4/hyu483/conda_envs/qgis332/lib/python3.11/site-packages/scipy/stats/_rcont/rcont.cpython-311-x86_64-linux-gnu.so
15547c67c000-15547c683000 r--p 00025000 00:30 2094141873                 /storage/home/hcoda1/4/hyu483/conda_envs/qgis332/lib/python3.11/site-packages/scipy/stats/_rcont/rcont.cpython-311-x86_64-linux-gnu.so
15547c683000-15547c684000 r--p 0002c000 00:30 2094141873                 /storage/home/hcoda1/4/hyu483/conda_envs/qgis332/lib/python3.11/site-packages/scipy/stats/_rcont/rcont.cpython-311-x86_64-linux-gnu.so
15547c684000-15547c686000 rw-p 0002d000 00:30 2094141873                 /storage/home/hcoda1/4/hyu483/conda_envs/qgis332/lib/python3.11/site-packages/scipy/stats/_rcont/rcont.cpython-311-x86_64-linux-gnu.so
15547c686000-15547c786000 rw-p 00000000 00:00 0 
15547c786000-15547c788000 r--p 00000000 00:30 2005402849                 /storage/home/hcoda1/4/hyu483/conda_envs/qgis332/lib/python3.11/site-packages/scipy/stats/_mvn.cpython-311-x86_64-linux-gnu.so
15547c788000-15547c790000 r-xp 00002000 00:30 2005402849                 /storage/home/hcoda1/4/hyu483/conda_envs/qgis332/lib/python3.11/site-packages/scipy/stats/_mvn.cpython-311-x86_64-linux-gnu.so
15547c790000-15547c796000 r--p 0000a000 00:30 2005402849                 /storage/home/hcoda1/4/hyu483/conda_envs/qgis332/lib/python3.11/site-packages/scipy/stats/_mvn.cpython-311-x86_64-linux-gnu.so
15547c796000-15547c797000 r--p 0000f000 00:30 2005402849                 /storage/home/hcoda1/4/hyu483/conda_envs/qgis332/lib/python3.11/site-packages/scipy/stats/_mvn.cpython-311-x86_64-linux-gnu.so
15547c797000-15547c799000 rw-p 00010000 00:30 2005402849                 /storage/home/hcoda1/4/hyu483/conda_envs/qgis332/lib/python3.11/site-packages/scipy/stats/_mvn.cpython-311-x86_64-linux-gnu.so
15547c799000-15547c890000 rw-p 00000000 00:00 0 
15547c890000-15547c895000 r--p 00000000 00:30 2094256845                 /storage/home/hcoda1/4/hyu483/conda_envs/qgis332/lib/python3.11/site-packages/scipy/stats/_ansari_swilk_statistics.cpython-311-x86_64-linux-gnu.so
15547c895000-15547c8b9000 r-xp 00005000 00:30 2094256845                 /storage/home/hcoda1/4/hyu483/conda_envs/qgis332/lib/python3.11/site-packages/scipy/stats/_ansari_swilk_statistics.cpython-311-x86_64-linux-gnu.so
15547c8b9000-15547c8c1000 r--p 00029000 00:30 2094256845                 /storage/home/hcoda1/4/hyu483/conda_envs/qgis332/lib/python3.11/site-packages/scipy/stats/_ansari_swilk_statistics.cpython-311-x86_64-linux-gnu.so
15547c8c1000-15547c8c2000 r--p 00030000 00:30 2094256845                 /storage/home/hcoda1/4/hyu483/conda_envs/qgis332/lib/python3.11/site-packages/scipy/stats/_ansari_swilk_statistics.cpython-311-x86_64-linux-gnu.so
15547c8c2000-15547c8c4000 rw-p 00031000 00:30 2094256845                 /storage/home/hcoda1/4/hyu483/conda_envs/qgis332/lib/python3.11/site-packages/scipy/stats/_ansari_swilk_statistics.cpython-311-x86_64-linux-gnu.so
15547c8c4000-15547c9c4000 rw-p 00000000 00:00 0 
15547c9c4000-15547c9c7000 r--p 00000000 00:30 2005528444                 /storage/home/hcoda1/4/hyu483/conda_envs/qgis332/lib/python3.11/site-packages/scipy/stats/_levy_stable/levyst.cpython-311-x86_64-linux-gnu.so
15547c9c7000-15547c9cd000 r-xp 00003000 00:30 2005528444                 /storage/home/hcoda1/4/hyu483/conda_envs/qgis332/lib/python3.11/site-packages/scipy/stats/_levy_stable/levyst.cpython-311-x86_64-linux-gnu.so
15547c9cd000-15547c9cf000 r--p 00009000 00:30 2005528444                 /storage/home/hcoda1/4/hyu483/conda_envs/qgis332/lib/python3.11/site-packages/scipy/stats/_levy_stable/levyst.cpython-311-x86_64-linux-gnu.so
15547c9cf000-15547c9d0000 r--p 0000b000 00:30 2005528444                 /storage/home/hcoda1/4/hyu483/conda_envs/qgis332/lib/python3.11/site-packages/scipy/stats/_levy_stable/levyst.cpython-311-x86_64-linux-gnu.so
15547c9d0000-15547c9d1000 rw-p 0000c000 00:30 2005528444                 /storage/home/hcoda1/4/hyu483/conda_envs/qgis332/lib/python3.11/site-packages/scipy/stats/_levy_stable/levyst.cpython-311-x86_64-linux-gnu.so
15547c9d1000-15547c9d4000 r--p 00000000 00:30 2094138527                 /storage/home/hcoda1/4/hyu483/conda_envs/qgis332/lib/python3.11/site-packages/scipy/stats/_stats_pythran.cpython-311-x86_64-linux-gnu.so
15547c9d4000-15547c9e8000 r-xp 00003000 00:30 2094138527                 /storage/home/hcoda1/4/hyu483/conda_envs/qgis332/lib/python3.11/site-packages/scipy/stats/_stats_pythran.cpython-311-x86_64-linux-gnu.so
15547c9e8000-15547c9ec000 r--p 00017000 00:30 2094138527                 /storage/home/hcoda1/4/hyu483/conda_envs/qgis332/lib/python3.11/site-packages/scipy/stats/_stats_pythran.cpython-311-x86_64-linux-gnu.so
15547c9ec000-15547c9ed000 r--p 0001a000 00:30 2094138527                 /storage/home/hcoda1/4/hyu483/conda_envs/qgis332/lib/python3.11/site-packages/scipy/stats/_stats_pythran.cpython-311-x86_64-linux-gnu.so
15547c9ed000-15547c9ee000 rw-p 0001b000 00:30 2094138527                 /storage/home/hcoda1/4/hyu483/conda_envs/qgis332/lib/python3.11/site-packages/scipy/stats/_stats_pythran.cpython-311-x86_64-linux-gnu.so
15547c9ee000-15547c9f3000 r--p 00000000 00:30 2005530133                 /storage/home/hcoda1/4/hyu483/conda_envs/qgis332/lib/python3.11/site-packages/scipy/stats/_biasedurn.cpython-311-x86_64-linux-gnu.so
15547c9f3000-15547ca08000 r-xp 00005000 00:30 2005530133                 /storage/home/hcoda1/4/hyu483/conda_envs/qgis332/lib/python3.11/site-packages/scipy/stats/_biasedurn.cpython-311-x86_64-linux-gnu.so
15547ca08000-15547ca10000 r--p 0001a000 00:30 2005530133                 /storage/home/hcoda1/4/hyu483/conda_envs/qgis332/lib/python3.11/site-packages/scipy/stats/_biasedurn.cpython-311-x86_64-linux-gnu.so
15547ca10000-15547ca11000 r--p 00021000 00:30 2005530133                 /storage/home/hcoda1/4/hyu483/conda_envs/qgis332/lib/python3.11/site-packages/scipy/stats/_biasedurn.cpython-311-x86_64-linux-gnu.so
15547ca11000-15547ca14000 rw-p 00022000 00:30 2005530133                 /storage/home/hcoda1/4/hyu483/conda_envs/qgis332/lib/python3.11/site-packages/scipy/stats/_biasedurn.cpython-311-x86_64-linux-gnu.so
15547ca14000-15547cb16000 rw-p 00000000 00:00 0 
15547cb16000-15547cb1c000 r--p 00000000 00:30 2005528080                 /storage/home/hcoda1/4/hyu483/conda_envs/qgis332/lib/python3.11/site-packages/scipy/stats/_qmc_cy.cpython-311-x86_64-linux-gnu.so
15547cb1c000-15547cb3f000 r-xp 00006000 00:30 2005528080                 /storage/home/hcoda1/4/hyu483/conda_envs/qgis332/lib/python3.11/site-packages/scipy/stats/_qmc_cy.cpython-311-x86_64-linux-gnu.so
15547cb3f000-15547cb47000 r--p 00029000 00:30 2005528080                 /storage/home/hcoda1/4/hyu483/conda_envs/qgis332/lib/python3.11/site-packages/scipy/stats/_qmc_cy.cpython-311-x86_64-linux-gnu.so
15547cb47000-15547cb48000 r--p 00031000 00:30 2005528080                 /storage/home/hcoda1/4/hyu483/conda_envs/qgis332/lib/python3.11/site-packages/scipy/stats/_qmc_cy.cpython-311-x86_64-linux-gnu.so
15547cb48000-15547cb4a000 rw-p 00032000 00:30 2005528080                 /storage/home/hcoda1/4/hyu483/conda_envs/qgis332/lib/python3.11/site-packages/scipy/stats/_qmc_cy.cpython-311-x86_64-linux-gnu.so
15547cb4a000-15547cb50000 r--p 00000000 00:30 2005410581                 /storage/home/hcoda1/4/hyu483/conda_envs/qgis332/lib/python3.11/site-packages/scipy/stats/_sobol.cpython-311-x86_64-linux-gnu.so
15547cb50000-15547cb8c000 r-xp 00006000 00:30 2005410581                 /storage/home/hcoda1/4/hyu483/conda_envs/qgis332/lib/python3.11/site-packages/scipy/stats/_sobol.cpython-311-x86_64-linux-gnu.so
15547cb8c000-15547cb96000 r--p 00042000 00:30 2005410581                 /storage/home/hcoda1/4/hyu483/conda_envs/qgis332/lib/python3.11/site-packages/scipy/stats/_sobol.cpython-311-x86_64-linux-gnu.so
15547cb96000-15547cb97000 r--p 0004b000 00:30 2005410581                 /storage/home/hcoda1/4/hyu483/conda_envs/qgis332/lib/python3.11/site-packages/scipy/stats/_sobol.cpython-311-x86_64-linux-gnu.so
15547cb97000-15547cb99000 rw-p 0004c000 00:30 2005410581                 /storage/home/hcoda1/4/hyu483/conda_envs/qgis332/lib/python3.11/site-packages/scipy/stats/_sobol.cpython-311-x86_64-linux-gnu.so
15547cb99000-15547cc9a000 rw-p 00000000 00:00 0 
15547cc9a000-15547cca8000 r--p 00000000 00:30 2005532056                 /storage/home/hcoda1/4/hyu483/conda_envs/qgis332/lib/python3.11/site-packages/scipy/special/cython_special.cpython-311-x86_64-linux-gnu.so
15547cca8000-15547ced8000 r-xp 0000e000 00:30 2005532056                 /storage/home/hcoda1/4/hyu483/conda_envs/qgis332/lib/python3.11/site-packages/scipy/special/cython_special.cpython-311-x86_64-linux-gnu.so
15547ced8000-15547cf1b000 r--p 0023e000 00:30 2005532056                 /storage/home/hcoda1/4/hyu483/conda_envs/qgis332/lib/python3.11/site-packages/scipy/special/cython_special.cpython-311-x86_64-linux-gnu.so
15547cf1b000-15547cf1c000 r--p 00280000 00:30 2005532056                 /storage/home/hcoda1/4/hyu483/conda_envs/qgis332/lib/python3.11/site-packages/scipy/special/cython_special.cpython-311-x86_64-linux-gnu.so
15547cf1c000-15547cf21000 rw-p 00281000 00:30 2005532056                 /storage/home/hcoda1/4/hyu483/conda_envs/qgis332/lib/python3.11/site-packages/scipy/special/cython_special.cpython-311-x86_64-linux-gnu.so
15547cf21000-15547cf24000 rw-p 00000000 00:00 0 
15547cf24000-15547cf2b000 r--p 00000000 00:30 2005410006                 /storage/home/hcoda1/4/hyu483/conda_envs/qgis332/lib/python3.11/site-packages/scipy/stats/_stats.cpython-311-x86_64-linux-gnu.so
15547cf2b000-15547cfa5000 r-xp 00007000 00:30 2005410006                 /storage/home/hcoda1/4/hyu483/conda_envs/qgis332/lib/python3.11/site-packages/scipy/stats/_stats.cpython-311-x86_64-linux-gnu.so
15547cfa5000-15547cfb1000 r--p 00081000 00:30 2005410006                 /storage/home/hcoda1/4/hyu483/conda_envs/qgis332/lib/python3.11/site-packages/scipy/stats/_stats.cpython-311-x86_64-linux-gnu.so
15547cfb1000-15547cfb2000 r--p 0008d000 00:30 2005410006                 /storage/home/hcoda1/4/hyu483/conda_envs/qgis332/lib/python3.11/site-packages/scipy/stats/_stats.cpython-311-x86_64-linux-gnu.so
15547cfb2000-15547cfb5000 rw-p 0008e000 00:30 2005410006                 /storage/home/hcoda1/4/hyu483/conda_envs/qgis332/lib/python3.11/site-packages/scipy/stats/_stats.cpython-311-x86_64-linux-gnu.so
15547cfb5000-15547cfb6000 rw-p 00000000 00:00 0 
15547cfb6000-15547cfbb000 r--p 00000000 00:30 2005404399                 /storage/home/hcoda1/4/hyu483/conda_envs/qgis332/lib/python3.11/site-packages/scipy/interpolate/_bspl.cpython-311-x86_64-linux-gnu.so
15547cfbb000-15547cfe2000 r-xp 00005000 00:30 2005404399                 /storage/home/hcoda1/4/hyu483/conda_envs/qgis332/lib/python3.11/site-packages/scipy/interpolate/_bspl.cpython-311-x86_64-linux-gnu.so
15547cfe2000-15547cfeb000 r--p 0002c000 00:30 2005404399                 /storage/home/hcoda1/4/hyu483/conda_envs/qgis332/lib/python3.11/site-packages/scipy/interpolate/_bspl.cpython-311-x86_64-linux-gnu.so
15547cfeb000-15547cfec000 r--p 00034000 00:30 2005404399                 /storage/home/hcoda1/4/hyu483/conda_envs/qgis332/lib/python3.11/site-packages/scipy/interpolate/_bspl.cpython-311-x86_64-linux-gnu.so
15547cfec000-15547cfee000 rw-p 00035000 00:30 2005404399                 /storage/home/hcoda1/4/hyu483/conda_envs/qgis332/lib/python3.11/site-packages/scipy/interpolate/_bspl.cpython-311-x86_64-linux-gnu.so
15547cfee000-15547cfef000 rw-p 00000000 00:00 0 
15547cfef000-15547cff5000 r--p 00000000 00:30 2005409571                 /storage/home/hcoda1/4/hyu483/conda_envs/qgis332/lib/python3.11/site-packages/scipy/interpolate/_rgi_cython.cpython-311-x86_64-linux-gnu.so
15547cff5000-15547d01c000 r-xp 00006000 00:30 2005409571                 /storage/home/hcoda1/4/hyu483/conda_envs/qgis332/lib/python3.11/site-packages/scipy/interpolate/_rgi_cython.cpython-311-x86_64-linux-gnu.so
15547d01c000-15547d024000 r--p 0002d000 00:30 2005409571                 /storage/home/hcoda1/4/hyu483/conda_envs/qgis332/lib/python3.11/site-packages/scipy/interpolate/_rgi_cython.cpython-311-x86_64-linux-gnu.so
15547d024000-15547d025000 r--p 00034000 00:30 2005409571                 /storage/home/hcoda1/4/hyu483/conda_envs/qgis332/lib/python3.11/site-packages/scipy/interpolate/_rgi_cython.cpython-311-x86_64-linux-gnu.so
15547d025000-15547d027000 rw-p 00035000 00:30 2005409571                 /storage/home/hcoda1/4/hyu483/conda_envs/qgis332/lib/python3.11/site-packages/scipy/interpolate/_rgi_cython.cpython-311-x86_64-linux-gnu.so
15547d027000-15547d028000 rw-p 00000000 00:00 0 
15547d028000-15547d02b000 r--p 00000000 00:30 2005531712                 /storage/home/hcoda1/4/hyu483/conda_envs/qgis332/lib/python3.11/site-packages/scipy/interpolate/_rbfinterp_pythran.cpython-311-x86_64-linux-gnu.so
15547d02b000-15547d050000 r-xp 00003000 00:30 2005531712                 /storage/home/hcoda1/4/hyu483/conda_envs/qgis332/lib/python3.11/site-packages/scipy/interpolate/_rbfinterp_pythran.cpython-311-x86_64-linux-gnu.so
15547d050000-15547d055000 r--p 00028000 00:30 2005531712                 /storage/home/hcoda1/4/hyu483/conda_envs/qgis332/lib/python3.11/site-packages/scipy/interpolate/_rbfinterp_pythran.cpython-311-x86_64-linux-gnu.so
15547d055000-15547d056000 r--p 0002c000 00:30 2005531712                 /storage/home/hcoda1/4/hyu483/conda_envs/qgis332/lib/python3.11/site-packages/scipy/interpolate/_rbfinterp_pythran.cpython-311-x86_64-linux-gnu.so
15547d056000-15547d057000 rw-p 0002d000 00:30 2005531712                 /storage/home/hcoda1/4/hyu483/conda_envs/qgis332/lib/python3.11/site-packages/scipy/interpolate/_rbfinterp_pythran.cpython-311-x86_64-linux-gnu.so
15547d057000-15547d157000 rw-p 00000000 00:00 0 
15547d157000-15547d15d000 r--p 00000000 00:30 2007907396                 /storage/home/hcoda1/4/hyu483/conda_envs/qgis332/lib/python3.11/site-packages/scipy/interpolate/_interpnd.cpython-311-x86_64-linux-gnu.so
15547d15d000-15547d19f000 r-xp 00006000 00:30 2007907396                 /storage/home/hcoda1/4/hyu483/conda_envs/qgis332/lib/python3.11/site-packages/scipy/interpolate/_interpnd.cpython-311-x86_64-linux-gnu.so
15547d19f000-15547d1aa000 r--p 00048000 00:30 2007907396                 /storage/home/hcoda1/4/hyu483/conda_envs/qgis332/lib/python3.11/site-packages/scipy/interpolate/_interpnd.cpython-311-x86_64-linux-gnu.so
15547d1aa000-15547d1ab000 r--p 00053000 00:30 2007907396                 /storage/home/hcoda1/4/hyu483/conda_envs/qgis332/lib/python3.11/site-packages/scipy/interpolate/_interpnd.cpython-311-x86_64-linux-gnu.so
15547d1ab000-15547d1ad000 rw-p 00054000 00:30 2007907396                 /storage/home/hcoda1/4/hyu483/conda_envs/qgis332/lib/python3.11/site-packages/scipy/interpolate/_interpnd.cpython-311-x86_64-linux-gnu.so
15547d1ad000-15547d1ae000 rw-p 00000000 00:00 0 
15547d1ae000-15547d1b4000 r--p 00000000 00:30 2005410138                 /storage/home/hcoda1/4/hyu483/conda_envs/qgis332/lib/python3.11/site-packages/scipy/interpolate/_ppoly.cpython-311-x86_64-linux-gnu.so
15547d1b4000-15547d1fe000 r-xp 00006000 00:30 2005410138                 /storage/home/hcoda1/4/hyu483/conda_envs/qgis332/lib/python3.11/site-packages/scipy/interpolate/_ppoly.cpython-311-x86_64-linux-gnu.so
15547d1fe000-15547d208000 r--p 00050000 00:30 2005410138                 /storage/home/hcoda1/4/hyu483/conda_envs/qgis332/lib/python3.11/site-packages/scipy/interpolate/_ppoly.cpython-311-x86_64-linux-gnu.so
15547d208000-15547d209000 r--p 0005a000 00:30 2005410138                 /storage/home/hcoda1/4/hyu483/conda_envs/qgis332/lib/python3.11/site-packages/scipy/interpolate/_ppoly.cpython-311-x86_64-linux-gnu.so
15547d209000-15547d20b000 rw-p 0005b000 00:30 2005410138                 /storage/home/hcoda1/4/hyu483/conda_envs/qgis332/lib/python3.11/site-packages/scipy/interpolate/_ppoly.cpython-311-x86_64-linux-gnu.so
15547d20b000-15547d20c000 rw-p 00000000 00:00 0 
15547d20c000-15547d20e000 r--p 00000000 00:30 2094146432                 /storage/home/hcoda1/4/hyu483/conda_envs/qgis332/lib/python3.11/site-packages/scipy/interpolate/_dierckx.cpython-311-x86_64-linux-gnu.so
15547d20e000-15547d217000 r-xp 00002000 00:30 2094146432                 /storage/home/hcoda1/4/hyu483/conda_envs/qgis332/lib/python3.11/site-packages/scipy/interpolate/_dierckx.cpython-311-x86_64-linux-gnu.so
15547d217000-15547d219000 r--p 0000b000 00:30 2094146432                 /storage/home/hcoda1/4/hyu483/conda_envs/qgis332/lib/python3.11/site-packages/scipy/interpolate/_dierckx.cpython-311-x86_64-linux-gnu.so
15547d219000-15547d21a000 r--p 0000c000 00:30 2094146432                 /storage/home/hcoda1/4/hyu483/conda_envs/qgis332/lib/python3.11/site-packages/scipy/interpolate/_dierckx.cpython-311-x86_64-linux-gnu.so
15547d21a000-15547d21c000 rw-p 0000d000 00:30 2094146432                 /storage/home/hcoda1/4/hyu483/conda_envs/qgis332/lib/python3.11/site-packages/scipy/interpolate/_dierckx.cpython-311-x86_64-linux-gnu.so
15547d21c000-15547d220000 r--p 00000000 00:30 2005410099                 /storage/home/hcoda1/4/hyu483/conda_envs/qgis332/lib/python3.11/site-packages/scipy/interpolate/_dfitpack.cpython-311-x86_64-linux-gnu.so
15547d220000-15547d254000 r-xp 00004000 00:30 2005410099                 /storage/home/hcoda1/4/hyu483/conda_envs/qgis332/lib/python3.11/site-packages/scipy/interpolate/_dfitpack.cpython-311-x86_64-linux-gnu.so
15547d254000-15547d260000 r--p 00038000 00:30 2005410099                 /storage/home/hcoda1/4/hyu483/conda_envs/qgis332/lib/python3.11/site-packages/scipy/interpolate/_dfitpack.cpython-311-x86_64-linux-gnu.so
15547d260000-15547d261000 r--p 00044000 00:30 2005410099                 /storage/home/hcoda1/4/hyu483/conda_envs/qgis332/lib/python3.11/site-packages/scipy/interpolate/_dfitpack.cpython-311-x86_64-linux-gnu.so
15547d261000-15547d268000 rw-p 00045000 00:30 2005410099                 /storage/home/hcoda1/4/hyu483/conda_envs/qgis332/lib/python3.11/site-packages/scipy/interpolate/_dfitpack.cpython-311-x86_64-linux-gnu.so
15547d268000-15547d269000 rw-p 00000000 00:00 0 
15547d269000-15547d26b000 r--p 00000000 00:30 2005404020                 /storage/home/hcoda1/4/hyu483/conda_envs/qgis332/lib/python3.11/site-packages/scipy/interpolate/_fitpack.cpython-311-x86_64-linux-gnu.so
15547d26b000-15547d27b000 r-xp 00002000 00:30 2005404020                 /storage/home/hcoda1/4/hyu483/conda_envs/qgis332/lib/python3.11/site-packages/scipy/interpolate/_fitpack.cpython-311-x86_64-linux-gnu.so
15547d27b000-15547d27d000 r--p 00012000 00:30 2005404020                 /storage/home/hcoda1/4/hyu483/conda_envs/qgis332/lib/python3.11/site-packages/scipy/interpolate/_fitpack.cpython-311-x86_64-linux-gnu.so
15547d27d000-15547d27e000 r--p 00013000 00:30 2005404020                 /storage/home/hcoda1/4/hyu483/conda_envs/qgis332/lib/python3.11/site-packages/scipy/interpolate/_fitpack.cpython-311-x86_64-linux-gnu.so
15547d27e000-15547d27f000 rw-p 00014000 00:30 2005404020                 /storage/home/hcoda1/4/hyu483/conda_envs/qgis332/lib/python3.11/site-packages/scipy/interpolate/_fitpack.cpython-311-x86_64-linux-gnu.so
15547d27f000-15547d37f000 rw-p 00000000 00:00 0 
15547d37f000-15547d382000 r--p 00000000 00:30 1896406765                 /storage/home/hcoda1/4/hyu483/conda_envs/qgis332/lib/python3.11/site-packages/scipy/integrate/_lsoda.cpython-311-x86_64-linux-gnu.so
15547d382000-15547d38f000 r-xp 00003000 00:30 1896406765                 /storage/home/hcoda1/4/hyu483/conda_envs/qgis332/lib/python3.11/site-packages/scipy/integrate/_lsoda.cpython-311-x86_64-linux-gnu.so
15547d38f000-15547d393000 r--p 00010000 00:30 1896406765                 /storage/home/hcoda1/4/hyu483/conda_envs/qgis332/lib/python3.11/site-packages/scipy/integrate/_lsoda.cpython-311-x86_64-linux-gnu.so
15547d393000-15547d394000 r--p 00014000 00:30 1896406765                 /storage/home/hcoda1/4/hyu483/conda_envs/qgis332/lib/python3.11/site-packages/scipy/integrate/_lsoda.cpython-311-x86_64-linux-gnu.so
15547d394000-15547d395000 rw-p 00015000 00:30 1896406765                 /storage/home/hcoda1/4/hyu483/conda_envs/qgis332/lib/python3.11/site-packages/scipy/integrate/_lsoda.cpython-311-x86_64-linux-gnu.so
15547d395000-15547d396000 rw-p 00000000 00:00 0 
15547d396000-15547d399000 r--p 00000000 00:30 2005529989                 /storage/home/hcoda1/4/hyu483/conda_envs/qgis332/lib/python3.11/site-packages/scipy/integrate/_dop.cpython-311-x86_64-linux-gnu.so
15547d399000-15547d3a7000 r-xp 00003000 00:30 2005529989                 /storage/home/hcoda1/4/hyu483/conda_envs/qgis332/lib/python3.11/site-packages/scipy/integrate/_dop.cpython-311-x86_64-linux-gnu.so
15547d3a7000-15547d3ab000 r--p 00011000 00:30 2005529989                 /storage/home/hcoda1/4/hyu483/conda_envs/qgis332/lib/python3.11/site-packages/scipy/integrate/_dop.cpython-311-x86_64-linux-gnu.so
15547d3ab000-15547d3ac000 r--p 00014000 00:30 2005529989                 /storage/home/hcoda1/4/hyu483/conda_envs/qgis332/lib/python3.11/site-packages/scipy/integrate/_dop.cpython-311-x86_64-linux-gnu.so
15547d3ac000-15547d3ae000 rw-p 00015000 00:30 2005529989                 /storage/home/hcoda1/4/hyu483/conda_envs/qgis332/lib/python3.11/site-packages/scipy/integrate/_dop.cpython-311-x86_64-linux-gnu.so
15547d3ae000-15547d3b1000 r--p 00000000 00:30 2008972372                 /storage/home/hcoda1/4/hyu483/conda_envs/qgis332/lib/python3.11/site-packages/scipy/integrate/_vode.cpython-311-x86_64-linux-gnu.so
15547d3b1000-15547d3c8000 r-xp 00003000 00:30 2008972372                 /storage/home/hcoda1/4/hyu483/conda_envs/qgis332/lib/python3.11/site-packages/scipy/integrate/_vode.cpython-311-x86_64-linux-gnu.so
15547d3c8000-15547d3ce000 r--p 0001a000 00:30 2008972372                 /storage/home/hcoda1/4/hyu483/conda_envs/qgis332/lib/python3.11/site-packages/scipy/integrate/_vode.cpython-311-x86_64-linux-gnu.so
15547d3ce000-15547d3cf000 r--p 0001f000 00:30 2008972372                 /storage/home/hcoda1/4/hyu483/conda_envs/qgis332/lib/python3.11/site-packages/scipy/integrate/_vode.cpython-311-x86_64-linux-gnu.so
15547d3cf000-15547d3d1000 rw-p 00020000 00:30 2008972372                 /storage/home/hcoda1/4/hyu483/conda_envs/qgis332/lib/python3.11/site-packages/scipy/integrate/_vode.cpython-311-x86_64-linux-gnu.so
15547d3d1000-15547d3d3000 r--p 00000000 00:30 2005403393                 /storage/home/hcoda1/4/hyu483/conda_envs/qgis332/lib/python3.11/site-packages/scipy/integrate/_quadpack.cpython-311-x86_64-linux-gnu.so
15547d3d3000-15547d3e3000 r-xp 00002000 00:30 2005403393                 /storage/home/hcoda1/4/hyu483/conda_envs/qgis332/lib/python3.11/site-packages/scipy/integrate/_quadpack.cpython-311-x86_64-linux-gnu.so
15547d3e3000-15547d3e5000 r--p 00012000 00:30 2005403393                 /storage/home/hcoda1/4/hyu483/conda_envs/qgis332/lib/python3.11/site-packages/scipy/integrate/_quadpack.cpython-311-x86_64-linux-gnu.so
15547d3e5000-15547d3e6000 r--p 00014000 00:30 2005403393                 /storage/home/hcoda1/4/hyu483/conda_envs/qgis332/lib/python3.11/site-packages/scipy/integrate/_quadpack.cpython-311-x86_64-linux-gnu.so
15547d3e6000-15547d3e7000 rw-p 00015000 00:30 2005403393                 /storage/home/hcoda1/4/hyu483/conda_envs/qgis332/lib/python3.11/site-packages/scipy/integrate/_quadpack.cpython-311-x86_64-linux-gnu.so
15547d3e7000-15547d3e9000 r--p 00000000 00:30 2094141493                 /storage/home/hcoda1/4/hyu483/conda_envs/qgis332/lib/python3.11/site-packages/scipy/integrate/_odepack.cpython-311-x86_64-linux-gnu.so
15547d3e9000-15547d3f4000 r-xp 00002000 00:30 2094141493                 /storage/home/hcoda1/4/hyu483/conda_envs/qgis332/lib/python3.11/site-packages/scipy/integrate/_odepack.cpython-311-x86_64-linux-gnu.so
15547d3f4000-15547d3f7000 r--p 0000d000 00:30 2094141493                 /storage/home/hcoda1/4/hyu483/conda_envs/qgis332/lib/python3.11/site-packages/scipy/integrate/_odepack.cpython-311-x86_64-linux-gnu.so
15547d3f7000-15547d3f8000 r--p 0000f000 00:30 2094141493                 /storage/home/hcoda1/4/hyu483/conda_envs/qgis332/lib/python3.11/site-packages/scipy/integrate/_odepack.cpython-311-x86_64-linux-gnu.so
15547d3f8000-15547d3f9000 rw-p 00010000 00:30 2094141493                 /storage/home/hcoda1/4/hyu483/conda_envs/qgis332/lib/python3.11/site-packages/scipy/integrate/_odepack.cpython-311-x86_64-linux-gnu.so
15547d3f9000-15547d4f9000 rw-p 00000000 00:00 0 
15547d4f9000-15547d4fb000 r--p 00000000 00:30 1940420788                 /storage/home/hcoda1/4/hyu483/conda_envs/qgis332/lib/python3.11/site-packages/scipy/optimize/_direct.cpython-311-x86_64-linux-gnu.so
15547d4fb000-15547d501000 r-xp 00002000 00:30 1940420788                 /storage/home/hcoda1/4/hyu483/conda_envs/qgis332/lib/python3.11/site-packages/scipy/optimize/_direct.cpython-311-x86_64-linux-gnu.so
15547d501000-15547d503000 r--p 00008000 00:30 1940420788                 /storage/home/hcoda1/4/hyu483/conda_envs/qgis332/lib/python3.11/site-packages/scipy/optimize/_direct.cpython-311-x86_64-linux-gnu.so
15547d503000-15547d504000 r--p 00009000 00:30 1940420788                 /storage/home/hcoda1/4/hyu483/conda_envs/qgis332/lib/python3.11/site-packages/scipy/optimize/_direct.cpython-311-x86_64-linux-gnu.so
15547d504000-15547d505000 rw-p 0000a000 00:30 1940420788                 /storage/home/hcoda1/4/hyu483/conda_envs/qgis332/lib/python3.11/site-packages/scipy/optimize/_direct.cpython-311-x86_64-linux-gnu.so
15547d505000-15547d50b000 r--p 00000000 00:30 2094164584                 /storage/home/hcoda1/4/hyu483/conda_envs/qgis332/lib/python3.11/site-packages/scipy/optimize/_pava_pybind.cpython-311-x86_64-linux-gnu.so
15547d50b000-15547d521000 r-xp 00006000 00:30 2094164584                 /storage/home/hcoda1/4/hyu483/conda_envs/qgis332/lib/python3.11/site-packages/scipy/optimize/_pava_pybind.cpython-311-x86_64-linux-gnu.so
15547d521000-15547d527000 r--p 0001c000 00:30 2094164584                 /storage/home/hcoda1/4/hyu483/conda_envs/qgis332/lib/python3.11/site-packages/scipy/optimize/_pava_pybind.cpython-311-x86_64-linux-gnu.so
15547d527000-15547d528000 r--p 00021000 00:30 2094164584                 /storage/home/hcoda1/4/hyu483/conda_envs/qgis332/lib/python3.11/site-packages/scipy/optimize/_pava_pybind.cpython-311-x86_64-linux-gnu.so
15547d528000-15547d529000 rw-p 00022000 00:30 2094164584                 /storage/home/hcoda1/4/hyu483/conda_envs/qgis332/lib/python3.11/site-packages/scipy/optimize/_pava_pybind.cpython-311-x86_64-linux-gnu.so
15547d529000-15547d52b000 r--p 00000000 00:30 2005406307                 /storage/home/hcoda1/4/hyu483/conda_envs/qgis332/lib/python3.11/site-packages/scipy/optimize/_lsap.cpython-311-x86_64-linux-gnu.so
15547d52b000-15547d52d000 r-xp 00002000 00:30 2005406307                 /storage/home/hcoda1/4/hyu483/conda_envs/qgis332/lib/python3.11/site-packages/scipy/optimize/_lsap.cpython-311-x86_64-linux-gnu.so
15547d52d000-15547d52f000 r--p 00004000 00:30 2005406307                 /storage/home/hcoda1/4/hyu483/conda_envs/qgis332/lib/python3.11/site-packages/scipy/optimize/_lsap.cpython-311-x86_64-linux-gnu.so
15547d52f000-15547d530000 r--p 00005000 00:30 2005406307                 /storage/home/hcoda1/4/hyu483/conda_envs/qgis332/lib/python3.11/site-packages/scipy/optimize/_lsap.cpython-311-x86_64-linux-gnu.so
15547d530000-15547d531000 rw-p 00006000 00:30 2005406307                 /storage/home/hcoda1/4/hyu483/conda_envs/qgis332/lib/python3.11/site-packages/scipy/optimize/_lsap.cpython-311-x86_64-linux-gnu.so
15547d531000-15547d537000 r--p 00000000 00:30 2005406049                 /storage/home/hcoda1/4/hyu483/conda_envs/qgis332/lib/python3.11/site-packages/scipy/optimize/_bglu_dense.cpython-311-x86_64-linux-gnu.so
15547d537000-15547d567000 r-xp 00006000 00:30 2005406049                 /storage/home/hcoda1/4/hyu483/conda_envs/qgis332/lib/python3.11/site-packages/scipy/optimize/_bglu_dense.cpython-311-x86_64-linux-gnu.so
15547d567000-15547d571000 r--p 00036000 00:30 2005406049                 /storage/home/hcoda1/4/hyu483/conda_envs/qgis332/lib/python3.11/site-packages/scipy/optimize/_bglu_dense.cpython-311-x86_64-linux-gnu.so
15547d571000-15547d572000 r--p 0003f000 00:30 2005406049                 /storage/home/hcoda1/4/hyu483/conda_envs/qgis332/lib/python3.11/site-packages/scipy/optimize/_bglu_dense.cpython-311-x86_64-linux-gnu.so
15547d572000-15547d574000 rw-p 00040000 00:30 2005406049                 /storage/home/hcoda1/4/hyu483/conda_envs/qgis332/lib/python3.11/site-packages/scipy/optimize/_bglu_dense.cpython-311-x86_64-linux-gnu.so
15547d574000-15547d575000 rw-p 00000000 00:00 0 
15547d575000-15547d57b000 r--p 00000000 00:30 2005405722                 /storage/home/hcoda1/4/hyu483/conda_envs/qgis332/lib/python3.11/site-packages/scipy/linalg/_decomp_interpolative.cpython-311-x86_64-linux-gnu.so
15547d57b000-15547d632000 r-xp 00006000 00:30 2005405722                 /storage/home/hcoda1/4/hyu483/conda_envs/qgis332/lib/python3.11/site-packages/scipy/linalg/_decomp_interpolative.cpython-311-x86_64-linux-gnu.so
15547d632000-15547d63e000 r--p 000bd000 00:30 2005405722                 /storage/home/hcoda1/4/hyu483/conda_envs/qgis332/lib/python3.11/site-packages/scipy/linalg/_decomp_interpolative.cpython-311-x86_64-linux-gnu.so
15547d63e000-15547d63f000 r--p 000c8000 00:30 2005405722                 /storage/home/hcoda1/4/hyu483/conda_envs/qgis332/lib/python3.11/site-packages/scipy/linalg/_decomp_interpolative.cpython-311-x86_64-linux-gnu.so
15547d63f000-15547d641000 rw-p 000c9000 00:30 2005405722                 /storage/home/hcoda1/4/hyu483/conda_envs/qgis332/lib/python3.11/site-packages/scipy/linalg/_decomp_interpolative.cpython-311-x86_64-linux-gnu.so
15547d641000-15547d643000 rw-p 00000000 00:00 0 
15547d643000-15547d64a000 r--p 00000000 00:30 2094266508                 /storage/home/hcoda1/4/hyu483/conda_envs/qgis332/lib/python3.11/site-packages/scipy/optimize/_highspy/_highs_options.cpython-311-x86_64-linux-gnu.so
15547d64a000-15547d675000 r-xp 00007000 00:30 2094266508                 /storage/home/hcoda1/4/hyu483/conda_envs/qgis332/lib/python3.11/site-packages/scipy/optimize/_highspy/_highs_options.cpython-311-x86_64-linux-gnu.so
15547d675000-15547d681000 r--p 00032000 00:30 2094266508                 /storage/home/hcoda1/4/hyu483/conda_envs/qgis332/lib/python3.11/site-packages/scipy/optimize/_highspy/_highs_options.cpython-311-x86_64-linux-gnu.so
15547d681000-15547d682000 r--p 0003e000 00:30 2094266508                 /storage/home/hcoda1/4/hyu483/conda_envs/qgis332/lib/python3.11/site-packages/scipy/optimize/_highspy/_highs_options.cpython-311-x86_64-linux-gnu.so
15547d682000-15547d683000 rw-p 0003f000 00:30 2094266508                 /storage/home/hcoda1/4/hyu483/conda_envs/qgis332/lib/python3.11/site-packages/scipy/optimize/_highspy/_highs_options.cpython-311-x86_64-linux-gnu.so
15547d683000-15547d695000 r--p 00000000 00:30 2094140994                 /storage/home/hcoda1/4/hyu483/conda_envs/qgis332/lib/python3.11/site-packages/scipy/optimize/_highspy/_core.cpython-311-x86_64-linux-gnu.so
15547d695000-15547d9ec000 r-xp 00012000 00:30 2094140994                 /storage/home/hcoda1/4/hyu483/conda_envs/qgis332/lib/python3.11/site-packages/scipy/optimize/_highspy/_core.cpython-311-x86_64-linux-gnu.so
15547d9ec000-15547da7f000 r--p 00369000 00:30 2094140994                 /storage/home/hcoda1/4/hyu483/conda_envs/qgis332/lib/python3.11/site-packages/scipy/optimize/_highspy/_core.cpython-311-x86_64-linux-gnu.so
15547da7f000-15547da84000 r--p 003fc000 00:30 2094140994                 /storage/home/hcoda1/4/hyu483/conda_envs/qgis332/lib/python3.11/site-packages/scipy/optimize/_highspy/_core.cpython-311-x86_64-linux-gnu.so
15547da84000-15547da85000 rw-p 00401000 00:30 2094140994                 /storage/home/hcoda1/4/hyu483/conda_envs/qgis332/lib/python3.11/site-packages/scipy/optimize/_highspy/_core.cpython-311-x86_64-linux-gnu.so
15547da85000-15547da96000 rw-p 00000000 00:00 0 
15547da96000-15547da9a000 r--p 00000000 00:30 2005529788                 /storage/home/hcoda1/4/hyu483/conda_envs/qgis332/lib/python3.11/site-packages/scipy/optimize/_cython_nnls.cpython-311-x86_64-linux-gnu.so
15547da9a000-15547daa7000 r-xp 00004000 00:30 2005529788                 /storage/home/hcoda1/4/hyu483/conda_envs/qgis332/lib/python3.11/site-packages/scipy/optimize/_cython_nnls.cpython-311-x86_64-linux-gnu.so
15547daa7000-15547daaa000 r--p 00011000 00:30 2005529788                 /storage/home/hcoda1/4/hyu483/conda_envs/qgis332/lib/python3.11/site-packages/scipy/optimize/_cython_nnls.cpython-311-x86_64-linux-gnu.so
15547daaa000-15547daab000 r--p 00014000 00:30 2005529788                 /storage/home/hcoda1/4/hyu483/conda_envs/qgis332/lib/python3.11/site-packages/scipy/optimize/_cython_nnls.cpython-311-x86_64-linux-gnu.so
15547daab000-15547daac000 rw-p 00015000 00:30 2005529788                 /storage/home/hcoda1/4/hyu483/conda_envs/qgis332/lib/python3.11/site-packages/scipy/optimize/_cython_nnls.cpython-311-x86_64-linux-gnu.so
15547daac000-15547daad000 r--p 00000000 00:30 2005402083                 /storage/home/hcoda1/4/hyu483/conda_envs/qgis332/lib/python3.11/site-packages/scipy/optimize/_zeros.cpython-311-x86_64-linux-gnu.so
15547daad000-15547daaf000 r-xp 00001000 00:30 2005402083                 /storage/home/hcoda1/4/hyu483/conda_envs/qgis332/lib/python3.11/site-packages/scipy/optimize/_zeros.cpython-311-x86_64-linux-gnu.so
15547daaf000-15547dab0000 r--p 00003000 00:30 2005402083                 /storage/home/hcoda1/4/hyu483/conda_envs/qgis332/lib/python3.11/site-packages/scipy/optimize/_zeros.cpython-311-x86_64-linux-gnu.so
15547dab0000-15547dab1000 r--p 00003000 00:30 2005402083                 /storage/home/hcoda1/4/hyu483/conda_envs/qgis332/lib/python3.11/site-packages/scipy/optimize/_zeros.cpython-311-x86_64-linux-gnu.so
15547dab1000-15547dab2000 rw-p 00004000 00:30 2005402083                 /storage/home/hcoda1/4/hyu483/conda_envs/qgis332/lib/python3.11/site-packages/scipy/optimize/_zeros.cpython-311-x86_64-linux-gnu.so
15547dab2000-15547dbb2000 rw-p 00000000 00:00 0 
15547dbb2000-15547dbb7000 r--p 00000000 00:30 2005406215                 /storage/home/hcoda1/4/hyu483/conda_envs/qgis332/lib/python3.11/site-packages/scipy/optimize/_lsq/givens_elimination.cpython-311-x86_64-linux-gnu.so
15547dbb7000-15547dbd2000 r-xp 00005000 00:30 2005406215                 /storage/home/hcoda1/4/hyu483/conda_envs/qgis332/lib/python3.11/site-packages/scipy/optimize/_lsq/givens_elimination.cpython-311-x86_64-linux-gnu.so
15547dbd2000-15547dbd9000 r--p 00020000 00:30 2005406215                 /storage/home/hcoda1/4/hyu483/conda_envs/qgis332/lib/python3.11/site-packages/scipy/optimize/_lsq/givens_elimination.cpython-311-x86_64-linux-gnu.so
15547dbd9000-15547dbda000 r--p 00026000 00:30 2005406215                 /storage/home/hcoda1/4/hyu483/conda_envs/qgis332/lib/python3.11/site-packages/scipy/optimize/_lsq/givens_elimination.cpython-311-x86_64-linux-gnu.so
15547dbda000-15547dbdc000 rw-p 00027000 00:30 2005406215                 /storage/home/hcoda1/4/hyu483/conda_envs/qgis332/lib/python3.11/site-packages/scipy/optimize/_lsq/givens_elimination.cpython-311-x86_64-linux-gnu.so
15547dbdc000-15547dbde000 r--p 00000000 00:30 2005402323                 /storage/home/hcoda1/4/hyu483/conda_envs/qgis332/lib/python3.11/site-packages/scipy/optimize/_minpack.cpython-311-x86_64-linux-gnu.so
15547dbde000-15547dbeb000 r-xp 00002000 00:30 2005402323                 /storage/home/hcoda1/4/hyu483/conda_envs/qgis332/lib/python3.11/site-packages/scipy/optimize/_minpack.cpython-311-x86_64-linux-gnu.so
15547dbeb000-15547dbed000 r--p 0000f000 00:30 2005402323                 /storage/home/hcoda1/4/hyu483/conda_envs/qgis332/lib/python3.11/site-packages/scipy/optimize/_minpack.cpython-311-x86_64-linux-gnu.so
15547dbed000-15547dbee000 r--p 00010000 00:30 2005402323                 /storage/home/hcoda1/4/hyu483/conda_envs/qgis332/lib/python3.11/site-packages/scipy/optimize/_minpack.cpython-311-x86_64-linux-gnu.so
15547dbee000-15547dbef000 rw-p 00011000 00:30 2005402323                 /storage/home/hcoda1/4/hyu483/conda_envs/qgis332/lib/python3.11/site-packages/scipy/optimize/_minpack.cpython-311-x86_64-linux-gnu.so
15547dbef000-15547dbf1000 r--p 00000000 00:30 2005410387                 /storage/home/hcoda1/4/hyu483/conda_envs/qgis332/lib/python3.11/site-packages/scipy/optimize/_slsqp.cpython-311-x86_64-linux-gnu.so
15547dbf1000-15547dbfc000 r-xp 00002000 00:30 2005410387                 /storage/home/hcoda1/4/hyu483/conda_envs/qgis332/lib/python3.11/site-packages/scipy/optimize/_slsqp.cpython-311-x86_64-linux-gnu.so
15547dbfc000-15547dbff000 r--p 0000d000 00:30 2005410387                 /storage/home/hcoda1/4/hyu483/conda_envs/qgis332/lib/python3.11/site-packages/scipy/optimize/_slsqp.cpython-311-x86_64-linux-gnu.so
15547dbff000-15547dc00000 r--p 0000f000 00:30 2005410387                 /storage/home/hcoda1/4/hyu483/conda_envs/qgis332/lib/python3.11/site-packages/scipy/optimize/_slsqp.cpython-311-x86_64-linux-gnu.so
15547dc00000-15547dc01000 rw-p 00010000 00:30 2005410387                 /storage/home/hcoda1/4/hyu483/conda_envs/qgis332/lib/python3.11/site-packages/scipy/optimize/_slsqp.cpython-311-x86_64-linux-gnu.so
15547dc01000-15547dc04000 r--p 00000000 00:30 2005401749                 /storage/home/hcoda1/4/hyu483/conda_envs/qgis332/lib/python3.11/site-packages/scipy/optimize/_cobyla.cpython-311-x86_64-linux-gnu.so
15547dc04000-15547dc11000 r-xp 00003000 00:30 2005401749                 /storage/home/hcoda1/4/hyu483/conda_envs/qgis332/lib/python3.11/site-packages/scipy/optimize/_cobyla.cpython-311-x86_64-linux-gnu.so
15547dc11000-15547dc14000 r--p 00010000 00:30 2005401749                 /storage/home/hcoda1/4/hyu483/conda_envs/qgis332/lib/python3.11/site-packages/scipy/optimize/_cobyla.cpython-311-x86_64-linux-gnu.so
15547dc14000-15547dc15000 r--p 00012000 00:30 2005401749                 /storage/home/hcoda1/4/hyu483/conda_envs/qgis332/lib/python3.11/site-packages/scipy/optimize/_cobyla.cpython-311-x86_64-linux-gnu.so
15547dc15000-15547dc16000 rw-p 00013000 00:30 2005401749                 /storage/home/hcoda1/4/hyu483/conda_envs/qgis332/lib/python3.11/site-packages/scipy/optimize/_cobyla.cpython-311-x86_64-linux-gnu.so
15547dc16000-15547dc1a000 r--p 00000000 00:30 2007782713                 /storage/home/hcoda1/4/hyu483/conda_envs/qgis332/lib/python3.11/site-packages/scipy/optimize/_moduleTNC.cpython-311-x86_64-linux-gnu.so
15547dc1a000-15547dc30000 r-xp 00004000 00:30 2007782713                 /storage/home/hcoda1/4/hyu483/conda_envs/qgis332/lib/python3.11/site-packages/scipy/optimize/_moduleTNC.cpython-311-x86_64-linux-gnu.so
15547dc30000-15547dc34000 r--p 0001a000 00:30 2007782713                 /storage/home/hcoda1/4/hyu483/conda_envs/qgis332/lib/python3.11/site-packages/scipy/optimize/_moduleTNC.cpython-311-x86_64-linux-gnu.so
15547dc34000-15547dc35000 r--p 0001d000 00:30 2007782713                 /storage/home/hcoda1/4/hyu483/conda_envs/qgis332/lib/python3.11/site-packages/scipy/optimize/_moduleTNC.cpython-311-x86_64-linux-gnu.so
15547dc35000-15547dc36000 rw-p 0001e000 00:30 2007782713                 /storage/home/hcoda1/4/hyu483/conda_envs/qgis332/lib/python3.11/site-packages/scipy/optimize/_moduleTNC.cpython-311-x86_64-linux-gnu.so
15547dc36000-15547dc37000 r--p 00000000 00:30 2094241656                 /storage/home/hcoda1/4/hyu483/conda_envs/qgis332/lib/python3.11/site-packages/scipy/optimize/_lbfgsb.cpython-311-x86_64-linux-gnu.so
15547dc37000-15547dc3e000 r-xp 00001000 00:30 2094241656                 /storage/home/hcoda1/4/hyu483/conda_envs/qgis332/lib/python3.11/site-packages/scipy/optimize/_lbfgsb.cpython-311-x86_64-linux-gnu.so
15547dc3e000-15547dc3f000 r--p 00008000 00:30 2094241656                 /storage/home/hcoda1/4/hyu483/conda_envs/qgis332/lib/python3.11/site-packages/scipy/optimize/_lbfgsb.cpython-311-x86_64-linux-gnu.so
15547dc3f000-15547dc40000 r--p 00008000 00:30 2094241656                 /storage/home/hcoda1/4/hyu483/conda_envs/qgis332/lib/python3.11/site-packages/scipy/optimize/_lbfgsb.cpython-311-x86_64-linux-gnu.so
15547dc40000-15547dc41000 rw-p 00009000 00:30 2094241656                 /storage/home/hcoda1/4/hyu483/conda_envs/qgis332/lib/python3.11/site-packages/scipy/optimize/_lbfgsb.cpython-311-x86_64-linux-gnu.so
15547dc41000-15547dc47000 r--p 00000000 00:30 2005408677                 /storage/home/hcoda1/4/hyu483/conda_envs/qgis332/lib/python3.11/site-packages/scipy/optimize/_trlib/_trlib.cpython-311-x86_64-linux-gnu.so
15547dc47000-15547dc7e000 r-xp 00006000 00:30 2005408677                 /storage/home/hcoda1/4/hyu483/conda_envs/qgis332/lib/python3.11/site-packages/scipy/optimize/_trlib/_trlib.cpython-311-x86_64-linux-gnu.so
15547dc7e000-15547dc88000 r--p 0003d000 00:30 2005408677                 /storage/home/hcoda1/4/hyu483/conda_envs/qgis332/lib/python3.11/site-packages/scipy/optimize/_trlib/_trlib.cpython-311-x86_64-linux-gnu.so
15547dc88000-15547dc89000 r--p 00046000 00:30 2005408677                 /storage/home/hcoda1/4/hyu483/conda_envs/qgis332/lib/python3.11/site-packages/scipy/optimize/_trlib/_trlib.cpython-311-x86_64-linux-gnu.so
15547dc89000-15547dc8b000 rw-p 00047000 00:30 2005408677                 /storage/home/hcoda1/4/hyu483/conda_envs/qgis332/lib/python3.11/site-packages/scipy/optimize/_trlib/_trlib.cpython-311-x86_64-linux-gnu.so
15547dc8b000-15547dc8e000 r--p 00000000 00:30 2005409658                 /storage/home/hcoda1/4/hyu483/conda_envs/qgis332/lib/python3.11/site-packages/scipy/optimize/_group_columns.cpython-311-x86_64-linux-gnu.so
15547dc8e000-15547dc96000 r-xp 00003000 00:30 2005409658                 /storage/home/hcoda1/4/hyu483/conda_envs/qgis332/lib/python3.11/site-packages/scipy/optimize/_group_columns.cpython-311-x86_64-linux-gnu.so
15547dc96000-15547dc98000 r--p 0000b000 00:30 2005409658                 /storage/home/hcoda1/4/hyu483/conda_envs/qgis332/lib/python3.11/site-packages/scipy/optimize/_group_columns.cpython-311-x86_64-linux-gnu.so
15547dc98000-15547dc99000 r--p 0000c000 00:30 2005409658                 /storage/home/hcoda1/4/hyu483/conda_envs/qgis332/lib/python3.11/site-packages/scipy/optimize/_group_columns.cpython-311-x86_64-linux-gnu.so
15547dc99000-15547dc9a000 rw-p 0000d000 00:30 2005409658                 /storage/home/hcoda1/4/hyu483/conda_envs/qgis332/lib/python3.11/site-packages/scipy/optimize/_group_columns.cpython-311-x86_64-linux-gnu.so
15547dc9a000-15547dd9a000 rw-p 00000000 00:00 0 
15547dd9a000-15547dda2000 r--p 00000000 00:30 2005408437                 /storage/home/hcoda1/4/hyu483/conda_envs/qgis332/lib/python3.11/site-packages/scipy/spatial/transform/_rotation.cpython-311-x86_64-linux-gnu.so
15547dda2000-15547de35000 r-xp 00008000 00:30 2005408437                 /storage/home/hcoda1/4/hyu483/conda_envs/qgis332/lib/python3.11/site-packages/scipy/spatial/transform/_rotation.cpython-311-x86_64-linux-gnu.so
15547de35000-15547de66000 r--p 0009b000 00:30 2005408437                 /storage/home/hcoda1/4/hyu483/conda_envs/qgis332/lib/python3.11/site-packages/scipy/spatial/transform/_rotation.cpython-311-x86_64-linux-gnu.so
15547de66000-15547de67000 r--p 000cc000 00:30 2005408437                 /storage/home/hcoda1/4/hyu483/conda_envs/qgis332/lib/python3.11/site-packages/scipy/spatial/transform/_rotation.cpython-311-x86_64-linux-gnu.so
15547de67000-15547de6a000 rw-p 000cd000 00:30 2005408437                 /storage/home/hcoda1/4/hyu483/conda_envs/qgis332/lib/python3.11/site-packages/scipy/spatial/transform/_rotation.cpython-311-x86_64-linux-gnu.so
15547de6a000-15547de6d000 rw-p 00000000 00:00 0 
15547de6d000-15547de73000 r--p 00000000 00:30 1885653637                 /storage/home/hcoda1/4/hyu483/conda_envs/qgis332/lib/python3.11/site-packages/scipy/spatial/_distance_pybind.cpython-311-x86_64-linux-gnu.so
15547de73000-15547ded4000 r-xp 00006000 00:30 1885653637                 /storage/home/hcoda1/4/hyu483/conda_envs/qgis332/lib/python3.11/site-packages/scipy/spatial/_distance_pybind.cpython-311-x86_64-linux-gnu.so
15547ded4000-15547dee3000 r--p 00067000 00:30 1885653637                 /storage/home/hcoda1/4/hyu483/conda_envs/qgis332/lib/python3.11/site-packages/scipy/spatial/_distance_pybind.cpython-311-x86_64-linux-gnu.so
15547dee3000-15547dee4000 r--p 00076000 00:30 1885653637                 /storage/home/hcoda1/4/hyu483/conda_envs/qgis332/lib/python3.11/site-packages/scipy/spatial/_distance_pybind.cpython-311-x86_64-linux-gnu.so
15547dee4000-15547dee5000 rw-p 00077000 00:30 1885653637                 /storage/home/hcoda1/4/hyu483/conda_envs/qgis332/lib/python3.11/site-packages/scipy/spatial/_distance_pybind.cpython-311-x86_64-linux-gnu.so
15547dee5000-15547deea000 r--p 00000000 00:30 2094164611                 /storage/home/hcoda1/4/hyu483/conda_envs/qgis332/lib/python3.11/site-packages/scipy/spatial/_hausdorff.cpython-311-x86_64-linux-gnu.so
15547deea000-15547df09000 r-xp 00005000 00:30 2094164611                 /storage/home/hcoda1/4/hyu483/conda_envs/qgis332/lib/python3.11/site-packages/scipy/spatial/_hausdorff.cpython-311-x86_64-linux-gnu.so
15547df09000-15547df10000 r--p 00024000 00:30 2094164611                 /storage/home/hcoda1/4/hyu483/conda_envs/qgis332/lib/python3.11/site-packages/scipy/spatial/_hausdorff.cpython-311-x86_64-linux-gnu.so
15547df10000-15547df11000 r--p 0002a000 00:30 2094164611                 /storage/home/hcoda1/4/hyu483/conda_envs/qgis332/lib/python3.11/site-packages/scipy/spatial/_hausdorff.cpython-311-x86_64-linux-gnu.so
15547df11000-15547df13000 rw-p 0002b000 00:30 2094164611                 /storage/home/hcoda1/4/hyu483/conda_envs/qgis332/lib/python3.11/site-packages/scipy/spatial/_hausdorff.cpython-311-x86_64-linux-gnu.so
15547df13000-15547df15000 r--p 00000000 00:30 1896405655                 /storage/home/hcoda1/4/hyu483/conda_envs/qgis332/lib/python3.11/site-packages/scipy/spatial/_distance_wrap.cpython-311-x86_64-linux-gnu.so
15547df15000-15547df28000 r-xp 00002000 00:30 1896405655                 /storage/home/hcoda1/4/hyu483/conda_envs/qgis332/lib/python3.11/site-packages/scipy/spatial/_distance_wrap.cpython-311-x86_64-linux-gnu.so
15547df28000-15547df2b000 r--p 00015000 00:30 1896405655                 /storage/home/hcoda1/4/hyu483/conda_envs/qgis332/lib/python3.11/site-packages/scipy/spatial/_distance_wrap.cpython-311-x86_64-linux-gnu.so
15547df2b000-15547df2c000 r--p 00017000 00:30 1896405655                 /storage/home/hcoda1/4/hyu483/conda_envs/qgis332/lib/python3.11/site-packages/scipy/spatial/_distance_wrap.cpython-311-x86_64-linux-gnu.so
15547df2c000-15547df2d000 rw-p 00018000 00:30 1896405655                 /storage/home/hcoda1/4/hyu483/conda_envs/qgis332/lib/python3.11/site-packages/scipy/spatial/_distance_wrap.cpython-311-x86_64-linux-gnu.so
15547df2d000-15547df32000 r--p 00000000 00:30 2005403414                 /storage/home/hcoda1/4/hyu483/conda_envs/qgis332/lib/python3.11/site-packages/scipy/spatial/_voronoi.cpython-311-x86_64-linux-gnu.so
15547df32000-15547df4f000 r-xp 00005000 00:30 2005403414                 /storage/home/hcoda1/4/hyu483/conda_envs/qgis332/lib/python3.11/site-packages/scipy/spatial/_voronoi.cpython-311-x86_64-linux-gnu.so
15547df4f000-15547df56000 r--p 00022000 00:30 2005403414                 /storage/home/hcoda1/4/hyu483/conda_envs/qgis332/lib/python3.11/site-packages/scipy/spatial/_voronoi.cpython-311-x86_64-linux-gnu.so
15547df56000-15547df57000 r--p 00028000 00:30 2005403414                 /storage/home/hcoda1/4/hyu483/conda_envs/qgis332/lib/python3.11/site-packages/scipy/spatial/_voronoi.cpython-311-x86_64-linux-gnu.so
15547df57000-15547df59000 rw-p 00029000 00:30 2005403414                 /storage/home/hcoda1/4/hyu483/conda_envs/qgis332/lib/python3.11/site-packages/scipy/spatial/_voronoi.cpython-311-x86_64-linux-gnu.so
15547df59000-15547df5d000 r--p 00000000 00:30 2005402571                 /storage/home/hcoda1/4/hyu483/conda_envs/qgis332/lib/python3.11/site-packages/scipy/_lib/messagestream.cpython-311-x86_64-linux-gnu.so
15547df5d000-15547df66000 r-xp 00004000 00:30 2005402571                 /storage/home/hcoda1/4/hyu483/conda_envs/qgis332/lib/python3.11/site-packages/scipy/_lib/messagestream.cpython-311-x86_64-linux-gnu.so
15547df66000-15547df69000 r--p 0000d000 00:30 2005402571                 /storage/home/hcoda1/4/hyu483/conda_envs/qgis332/lib/python3.11/site-packages/scipy/_lib/messagestream.cpython-311-x86_64-linux-gnu.so
15547df69000-15547df6a000 r--p 0000f000 00:30 2005402571                 /storage/home/hcoda1/4/hyu483/conda_envs/qgis332/lib/python3.11/site-packages/scipy/_lib/messagestream.cpython-311-x86_64-linux-gnu.so
15547df6a000-15547df6b000 rw-p 00010000 00:30 2005402571                 /storage/home/hcoda1/4/hyu483/conda_envs/qgis332/lib/python3.11/site-packages/scipy/_lib/messagestream.cpython-311-x86_64-linux-gnu.so
15547df6b000-15547df73000 r--p 00000000 00:30 2005408824                 /storage/home/hcoda1/4/hyu483/conda_envs/qgis332/lib/python3.11/site-packages/scipy/spatial/_qhull.cpython-311-x86_64-linux-gnu.so
15547df73000-15547e018000 r-xp 00008000 00:30 2005408824                 /storage/home/hcoda1/4/hyu483/conda_envs/qgis332/lib/python3.11/site-packages/scipy/spatial/_qhull.cpython-311-x86_64-linux-gnu.so
15547e018000-15547e04d000 r--p 000ad000 00:30 2005408824                 /storage/home/hcoda1/4/hyu483/conda_envs/qgis332/lib/python3.11/site-packages/scipy/spatial/_qhull.cpython-311-x86_64-linux-gnu.so
15547e04d000-15547e04e000 r--p 000e2000 00:30 2005408824                 /storage/home/hcoda1/4/hyu483/conda_envs/qgis332/lib/python3.11/site-packages/scipy/spatial/_qhull.cpython-311-x86_64-linux-gnu.so
15547e04e000-15547e051000 rw-p 000e3000 00:30 2005408824                 /storage/home/hcoda1/4/hyu483/conda_envs/qgis332/lib/python3.11/site-packages/scipy/spatial/_qhull.cpython-311-x86_64-linux-gnu.so
15547e051000-15547e052000 rw-p 00000000 00:00 0 
15547e052000-15547e05a000 r--p 00000000 00:30 1896363570                 /storage/home/hcoda1/4/hyu483/conda_envs/qgis332/lib/python3.11/site-packages/scipy/spatial/_ckdtree.cpython-311-x86_64-linux-gnu.so
15547e05a000-15547e0da000 r-xp 00008000 00:30 1896363570                 /storage/home/hcoda1/4/hyu483/conda_envs/qgis332/lib/python3.11/site-packages/scipy/spatial/_ckdtree.cpython-311-x86_64-linux-gnu.so
15547e0da000-15547e0f5000 r--p 00088000 00:30 1896363570                 /storage/home/hcoda1/4/hyu483/conda_envs/qgis332/lib/python3.11/site-packages/scipy/spatial/_ckdtree.cpython-311-x86_64-linux-gnu.so
15547e0f5000-15547e0f6000 r--p 000a3000 00:30 1896363570                 /storage/home/hcoda1/4/hyu483/conda_envs/qgis332/lib/python3.11/site-packages/scipy/spatial/_ckdtree.cpython-311-x86_64-linux-gnu.so
15547e0f6000-15547e0f9000 rw-p 000a4000 00:30 1896363570                 /storage/home/hcoda1/4/hyu483/conda_envs/qgis332/lib/python3.11/site-packages/scipy/spatial/_ckdtree.cpython-311-x86_64-linux-gnu.so
15547e0f9000-15547e2fb000 rw-p 00000000 00:00 0 
15547e2fb000-15547e2fe000 r--p 00000000 00:30 2017381664                 /storage/home/hcoda1/4/hyu483/conda_envs/qgis332/lib/python3.11/site-packages/sklearn/__check_build/_check_build.cpython-311-x86_64-linux-gnu.so
15547e2fe000-15547e301000 r-xp 00003000 00:30 2017381664                 /storage/home/hcoda1/4/hyu483/conda_envs/qgis332/lib/python3.11/site-packages/sklearn/__check_build/_check_build.cpython-311-x86_64-linux-gnu.so
15547e301000-15547e303000 r--p 00006000 00:30 2017381664                 /storage/home/hcoda1/4/hyu483/conda_envs/qgis332/lib/python3.11/site-packages/sklearn/__check_build/_check_build.cpython-311-x86_64-linux-gnu.so
15547e303000-15547e304000 r--p 00007000 00:30 2017381664                 /storage/home/hcoda1/4/hyu483/conda_envs/qgis332/lib/python3.11/site-packages/sklearn/__check_build/_check_build.cpython-311-x86_64-linux-gnu.so
15547e304000-15547e305000 rw-p 00008000 00:30 2017381664                 /storage/home/hcoda1/4/hyu483/conda_envs/qgis332/lib/python3.11/site-packages/sklearn/__check_build/_check_build.cpython-311-x86_64-linux-gnu.so
15547e305000-15547e605000 rw-p 00000000 00:00 0 
15547e605000-15547e60c000 r--p 00000000 00:30 2127319739                 /storage/home/hcoda1/4/hyu483/conda_envs/qgis332/lib/python3.11/site-packages/matplotlib/_image.cpython-311-x86_64-linux-gnu.so
15547e60c000-15547e648000 r-xp 00007000 00:30 2127319739                 /storage/home/hcoda1/4/hyu483/conda_envs/qgis332/lib/python3.11/site-packages/matplotlib/_image.cpython-311-x86_64-linux-gnu.so
15547e648000-15547e653000 r--p 00043000 00:30 2127319739                 /storage/home/hcoda1/4/hyu483/conda_envs/qgis332/lib/python3.11/site-packages/matplotlib/_image.cpython-311-x86_64-linux-gnu.so
15547e653000-15547e654000 r--p 0004d000 00:30 2127319739                 /storage/home/hcoda1/4/hyu483/conda_envs/qgis332/lib/python3.11/site-packages/matplotlib/_image.cpython-311-x86_64-linux-gnu.so
15547e654000-15547e655000 rw-p 0004e000 00:30 2127319739                 /storage/home/hcoda1/4/hyu483/conda_envs/qgis332/lib/python3.11/site-packages/matplotlib/_image.cpython-311-x86_64-linux-gnu.so
15547e655000-15547eb55000 rw-p 00000000 00:00 0 
15547eb55000-15547eb5c000 r--p 00000000 00:30 2127319516                 /storage/home/hcoda1/4/hyu483/conda_envs/qgis332/lib/python3.11/site-packages/kiwisolver/_cext.cpython-311-x86_64-linux-gnu.so
15547eb5c000-15547eb75000 r-xp 00007000 00:30 2127319516                 /storage/home/hcoda1/4/hyu483/conda_envs/qgis332/lib/python3.11/site-packages/kiwisolver/_cext.cpython-311-x86_64-linux-gnu.so
15547eb75000-15547eb7a000 r--p 00020000 00:30 2127319516                 /storage/home/hcoda1/4/hyu483/conda_envs/qgis332/lib/python3.11/site-packages/kiwisolver/_cext.cpython-311-x86_64-linux-gnu.so
15547eb7a000-15547eb7b000 r--p 00025000 00:30 2127319516                 /storage/home/hcoda1/4/hyu483/conda_envs/qgis332/lib/python3.11/site-packages/kiwisolver/_cext.cpython-311-x86_64-linux-gnu.so
15547eb7b000-15547eb7c000 rw-p 00026000 00:30 2127319516                 /storage/home/hcoda1/4/hyu483/conda_envs/qgis332/lib/python3.11/site-packages/kiwisolver/_cext.cpython-311-x86_64-linux-gnu.so
15547eb7c000-15547eb81000 r--p 00000000 00:30 2127319899                 /storage/home/hcoda1/4/hyu483/conda_envs/qgis332/lib/python3.11/site-packages/matplotlib/ft2font.cpython-311-x86_64-linux-gnu.so
15547eb81000-15547eb8c000 r-xp 00005000 00:30 2127319899                 /storage/home/hcoda1/4/hyu483/conda_envs/qgis332/lib/python3.11/site-packages/matplotlib/ft2font.cpython-311-x86_64-linux-gnu.so
15547eb8c000-15547eb93000 r--p 00010000 00:30 2127319899                 /storage/home/hcoda1/4/hyu483/conda_envs/qgis332/lib/python3.11/site-packages/matplotlib/ft2font.cpython-311-x86_64-linux-gnu.so
15547eb93000-15547eb94000 r--p 00017000 00:30 2127319899                 /storage/home/hcoda1/4/hyu483/conda_envs/qgis332/lib/python3.11/site-packages/matplotlib/ft2font.cpython-311-x86_64-linux-gnu.so
15547eb94000-15547eb95000 rw-p 00018000 00:30 2127319899                 /storage/home/hcoda1/4/hyu483/conda_envs/qgis332/lib/python3.11/site-packages/matplotlib/ft2font.cpython-311-x86_64-linux-gnu.so
15547eb95000-15547ee96000 rw-p 00000000 00:00 0 
15547ee96000-15547ee9d000 r--p 00000000 00:30 2127319745                 /storage/home/hcoda1/4/hyu483/conda_envs/qgis332/lib/python3.11/site-packages/matplotlib/_path.cpython-311-x86_64-linux-gnu.so
15547ee9d000-15547eed1000 r-xp 00007000 00:30 2127319745                 /storage/home/hcoda1/4/hyu483/conda_envs/qgis332/lib/python3.11/site-packages/matplotlib/_path.cpython-311-x86_64-linux-gnu.so
15547eed1000-15547eedc000 r--p 0003b000 00:30 2127319745                 /storage/home/hcoda1/4/hyu483/conda_envs/qgis332/lib/python3.11/site-packages/matplotlib/_path.cpython-311-x86_64-linux-gnu.so
15547eedc000-15547eedd000 r--p 00046000 00:30 2127319745                 /storage/home/hcoda1/4/hyu483/conda_envs/qgis332/lib/python3.11/site-packages/matplotlib/_path.cpython-311-x86_64-linux-gnu.so
15547eedd000-15547eede000 rw-p 00047000 00:30 2127319745                 /storage/home/hcoda1/4/hyu483/conda_envs/qgis332/lib/python3.11/site-packages/matplotlib/_path.cpython-311-x86_64-linux-gnu.so
15547eede000-15547efde000 rw-p 00000000 00:00 0 
15547efde000-15547efe7000 r--p 00000000 00:30 1932634404                 /storage/home/hcoda1/4/hyu483/conda_envs/qgis332/lib/libopenjp2.so.2.5.3
15547efe7000-15547f033000 r-xp 00009000 00:30 1932634404                 /storage/home/hcoda1/4/hyu483/conda_envs/qgis332/lib/libopenjp2.so.2.5.3
15547f033000-15547f046000 r--p 00055000 00:30 1932634404                 /storage/home/hcoda1/4/hyu483/conda_envs/qgis332/lib/libopenjp2.so.2.5.3
15547f046000-15547f048000 r--p 00067000 00:30 1932634404                 /storage/home/hcoda1/4/hyu483/conda_envs/qgis332/lib/libopenjp2.so.2.5.3
15547f048000-15547f049000 rw-p 00069000 00:30 1932634404                 /storage/home/hcoda1/4/hyu483/conda_envs/qgis332/lib/libopenjp2.so.2.5.3
15547f049000-15547f05f000 r--p 00000000 00:30 2007940290                 /storage/home/hcoda1/4/hyu483/conda_envs/qgis332/lib/python3.11/site-packages/PIL/_imaging.cpython-311-x86_64-linux-gnu.so
15547f05f000-15547f0cd000 r-xp 00016000 00:30 2007940290                 /storage/home/hcoda1/4/hyu483/conda_envs/qgis332/lib/python3.11/site-packages/PIL/_imaging.cpython-311-x86_64-linux-gnu.so
15547f0cd000-15547f0de000 r--p 00084000 00:30 2007940290                 /storage/home/hcoda1/4/hyu483/conda_envs/qgis332/lib/python3.11/site-packages/PIL/_imaging.cpython-311-x86_64-linux-gnu.so
15547f0de000-15547f0e3000 r--p 00094000 00:30 2007940290                 /storage/home/hcoda1/4/hyu483/conda_envs/qgis332/lib/python3.11/site-packages/PIL/_imaging.cpython-311-x86_64-linux-gnu.so
15547f0e3000-15547f0e6000 rw-p 00099000 00:30 2007940290                 /storage/home/hcoda1/4/hyu483/conda_envs/qgis332/lib/python3.11/site-packages/PIL/_imaging.cpython-311-x86_64-linux-gnu.so
15547f0e6000-15547f0e7000 rw-p 00000000 00:00 0 
15547f0e7000-15547f0ed000 r--p 00000000 00:30 2127319727                 /storage/home/hcoda1/4/hyu483/conda_envs/qgis332/lib/python3.11/site-packages/matplotlib/_c_internal_utils.cpython-311-x86_64-linux-gnu.so
15547f0ed000-15547f100000 r-xp 00006000 00:30 2127319727                 /storage/home/hcoda1/4/hyu483/conda_envs/qgis332/lib/python3.11/site-packages/matplotlib/_c_internal_utils.cpython-311-x86_64-linux-gnu.so
15547f100000-15547f105000 r--p 00019000 00:30 2127319727                 /storage/home/hcoda1/4/hyu483/conda_envs/qgis332/lib/python3.11/site-packages/matplotlib/_c_internal_utils.cpython-311-x86_64-linux-gnu.so
15547f105000-15547f106000 r--p 0001e000 00:30 2127319727                 /storage/home/hcoda1/4/hyu483/conda_envs/qgis332/lib/python3.11/site-packages/matplotlib/_c_internal_utils.cpython-311-x86_64-linux-gnu.so
15547f106000-15547f107000 rw-p 0001f000 00:30 2127319727                 /storage/home/hcoda1/4/hyu483/conda_envs/qgis332/lib/python3.11/site-packages/matplotlib/_c_internal_utils.cpython-311-x86_64-linux-gnu.so
15547f107000-15547f307000 rw-p 00000000 00:00 0 
15547f307000-15547f30c000 r--p 00000000 00:30 2005532612                 /storage/home/hcoda1/4/hyu483/conda_envs/qgis332/lib/python3.11/site-packages/scipy/fftpack/convolve.cpython-311-x86_64-linux-gnu.so
15547f30c000-15547f32f000 r-xp 00005000 00:30 2005532612                 /storage/home/hcoda1/4/hyu483/conda_envs/qgis332/lib/python3.11/site-packages/scipy/fftpack/convolve.cpython-311-x86_64-linux-gnu.so
15547f32f000-15547f337000 r--p 00028000 00:30 2005532612                 /storage/home/hcoda1/4/hyu483/conda_envs/qgis332/lib/python3.11/site-packages/scipy/fftpack/convolve.cpython-311-x86_64-linux-gnu.so
15547f337000-15547f338000 r--p 0002f000 00:30 2005532612                 /storage/home/hcoda1/4/hyu483/conda_envs/qgis332/lib/python3.11/site-packages/scipy/fftpack/convolve.cpython-311-x86_64-linux-gnu.so
15547f338000-15547f33a000 rw-p 00030000 00:30 2005532612                 /storage/home/hcoda1/4/hyu483/conda_envs/qgis332/lib/python3.11/site-packages/scipy/fftpack/convolve.cpython-311-x86_64-linux-gnu.so
15547f33a000-15547f342000 r--p 00000000 00:30 2005406942                 /storage/home/hcoda1/4/hyu483/conda_envs/qgis332/lib/python3.11/site-packages/scipy/fft/_pocketfft/pypocketfft.cpython-311-x86_64-linux-gnu.so
15547f342000-15547f3fe000 r-xp 00008000 00:30 2005406942                 /storage/home/hcoda1/4/hyu483/conda_envs/qgis332/lib/python3.11/site-packages/scipy/fft/_pocketfft/pypocketfft.cpython-311-x86_64-linux-gnu.so
15547f3fe000-15547f415000 r--p 000c4000 00:30 2005406942                 /storage/home/hcoda1/4/hyu483/conda_envs/qgis332/lib/python3.11/site-packages/scipy/fft/_pocketfft/pypocketfft.cpython-311-x86_64-linux-gnu.so
15547f415000-15547f417000 r--p 000da000 00:30 2005406942                 /storage/home/hcoda1/4/hyu483/conda_envs/qgis332/lib/python3.11/site-packages/scipy/fft/_pocketfft/pypocketfft.cpython-311-x86_64-linux-gnu.so
15547f417000-15547f418000 rw-p 000dc000 00:30 2005406942                 /storage/home/hcoda1/4/hyu483/conda_envs/qgis332/lib/python3.11/site-packages/scipy/fft/_pocketfft/pypocketfft.cpython-311-x86_64-linux-gnu.so
15547f418000-15547f41a000 rw-p 00000000 00:00 0 
15547f41a000-15547f41d000 r--p 00000000 00:30 2007910601                 /storage/home/hcoda1/4/hyu483/conda_envs/qgis332/lib/python3.11/site-packages/scipy/_lib/_uarray/_uarray.cpython-311-x86_64-linux-gnu.so
15547f41d000-15547f429000 r-xp 00003000 00:30 2007910601                 /storage/home/hcoda1/4/hyu483/conda_envs/qgis332/lib/python3.11/site-packages/scipy/_lib/_uarray/_uarray.cpython-311-x86_64-linux-gnu.so
15547f429000-15547f42c000 r--p 0000f000 00:30 2007910601                 /storage/home/hcoda1/4/hyu483/conda_envs/qgis332/lib/python3.11/site-packages/scipy/_lib/_uarray/_uarray.cpython-311-x86_64-linux-gnu.so
15547f42c000-15547f42d000 r--p 00011000 00:30 2007910601                 /storage/home/hcoda1/4/hyu483/conda_envs/qgis332/lib/python3.11/site-packages/scipy/_lib/_uarray/_uarray.cpython-311-x86_64-linux-gnu.so
15547f42d000-15547f42e000 rw-p 00012000 00:30 2007910601                 /storage/home/hcoda1/4/hyu483/conda_envs/qgis332/lib/python3.11/site-packages/scipy/_lib/_uarray/_uarray.cpython-311-x86_64-linux-gnu.so
15547f42e000-15547f52e000 rw-p 00000000 00:00 0 
15547f52e000-15547f531000 r--p 00000000 00:30 2007946938                 /storage/home/hcoda1/4/hyu483/conda_envs/qgis332/lib/python3.11/site-packages/pyproj/_sync.cpython-311-x86_64-linux-gnu.so
15547f531000-15547f534000 r-xp 00003000 00:30 2007946938                 /storage/home/hcoda1/4/hyu483/conda_envs/qgis332/lib/python3.11/site-packages/pyproj/_sync.cpython-311-x86_64-linux-gnu.so
15547f534000-15547f536000 r--p 00006000 00:30 2007946938                 /storage/home/hcoda1/4/hyu483/conda_envs/qgis332/lib/python3.11/site-packages/pyproj/_sync.cpython-311-x86_64-linux-gnu.so
15547f536000-15547f537000 r--p 00007000 00:30 2007946938                 /storage/home/hcoda1/4/hyu483/conda_envs/qgis332/lib/python3.11/site-packages/pyproj/_sync.cpython-311-x86_64-linux-gnu.so
15547f537000-15547f538000 rw-p 00008000 00:30 2007946938                 /storage/home/hcoda1/4/hyu483/conda_envs/qgis332/lib/python3.11/site-packages/pyproj/_sync.cpython-311-x86_64-linux-gnu.so
15547f538000-15547f53e000 r--p 00000000 00:30 2007946941                 /storage/home/hcoda1/4/hyu483/conda_envs/qgis332/lib/python3.11/site-packages/pyproj/_transformer.cpython-311-x86_64-linux-gnu.so
15547f53e000-15547f562000 r-xp 00006000 00:30 2007946941                 /storage/home/hcoda1/4/hyu483/conda_envs/qgis332/lib/python3.11/site-packages/pyproj/_transformer.cpython-311-x86_64-linux-gnu.so
15547f562000-15547f569000 r--p 0002a000 00:30 2007946941                 /storage/home/hcoda1/4/hyu483/conda_envs/qgis332/lib/python3.11/site-packages/pyproj/_transformer.cpython-311-x86_64-linux-gnu.so
15547f569000-15547f56a000 r--p 00031000 00:30 2007946941                 /storage/home/hcoda1/4/hyu483/conda_envs/qgis332/lib/python3.11/site-packages/pyproj/_transformer.cpython-311-x86_64-linux-gnu.so
15547f56a000-15547f56c000 rw-p 00032000 00:30 2007946941                 /storage/home/hcoda1/4/hyu483/conda_envs/qgis332/lib/python3.11/site-packages/pyproj/_transformer.cpython-311-x86_64-linux-gnu.so
15547f56c000-15547f56d000 rw-p 00000000 00:00 0 
15547f56d000-15547f571000 r--p 00000000 00:30 2007946964                 /storage/home/hcoda1/4/hyu483/conda_envs/qgis332/lib/python3.11/site-packages/pyproj/database.cpython-311-x86_64-linux-gnu.so
15547f571000-15547f581000 r-xp 00004000 00:30 2007946964                 /storage/home/hcoda1/4/hyu483/conda_envs/qgis332/lib/python3.11/site-packages/pyproj/database.cpython-311-x86_64-linux-gnu.so
15547f581000-15547f585000 r--p 00014000 00:30 2007946964                 /storage/home/hcoda1/4/hyu483/conda_envs/qgis332/lib/python3.11/site-packages/pyproj/database.cpython-311-x86_64-linux-gnu.so
15547f585000-15547f586000 r--p 00018000 00:30 2007946964                 /storage/home/hcoda1/4/hyu483/conda_envs/qgis332/lib/python3.11/site-packages/pyproj/database.cpython-311-x86_64-linux-gnu.so
15547f586000-15547f587000 rw-p 00019000 00:30 2007946964                 /storage/home/hcoda1/4/hyu483/conda_envs/qgis332/lib/python3.11/site-packages/pyproj/database.cpython-311-x86_64-linux-gnu.so
15547f587000-15547f58a000 r--p 00000000 00:30 2007946972                 /storage/home/hcoda1/4/hyu483/conda_envs/qgis332/lib/python3.11/site-packages/pyproj/list.cpython-311-x86_64-linux-gnu.so
15547f58a000-15547f590000 r-xp 00003000 00:30 2007946972                 /storage/home/hcoda1/4/hyu483/conda_envs/qgis332/lib/python3.11/site-packages/pyproj/list.cpython-311-x86_64-linux-gnu.so
15547f590000-15547f592000 r--p 00009000 00:30 2007946972                 /storage/home/hcoda1/4/hyu483/conda_envs/qgis332/lib/python3.11/site-packages/pyproj/list.cpython-311-x86_64-linux-gnu.so
15547f592000-15547f593000 r--p 0000a000 00:30 2007946972                 /storage/home/hcoda1/4/hyu483/conda_envs/qgis332/lib/python3.11/site-packages/pyproj/list.cpython-311-x86_64-linux-gnu.so
15547f593000-15547f594000 rw-p 0000b000 00:30 2007946972                 /storage/home/hcoda1/4/hyu483/conda_envs/qgis332/lib/python3.11/site-packages/pyproj/list.cpython-311-x86_64-linux-gnu.so
15547f594000-15547f599000 r--p 00000000 00:30 2007946930                 /storage/home/hcoda1/4/hyu483/conda_envs/qgis332/lib/python3.11/site-packages/pyproj/_geod.cpython-311-x86_64-linux-gnu.so
15547f599000-15547f5ae000 r-xp 00005000 00:30 2007946930                 /storage/home/hcoda1/4/hyu483/conda_envs/qgis332/lib/python3.11/site-packages/pyproj/_geod.cpython-311-x86_64-linux-gnu.so
15547f5ae000-15547f5b3000 r--p 0001a000 00:30 2007946930                 /storage/home/hcoda1/4/hyu483/conda_envs/qgis332/lib/python3.11/site-packages/pyproj/_geod.cpython-311-x86_64-linux-gnu.so
15547f5b3000-15547f5b4000 r--p 0001e000 00:30 2007946930                 /storage/home/hcoda1/4/hyu483/conda_envs/qgis332/lib/python3.11/site-packages/pyproj/_geod.cpython-311-x86_64-linux-gnu.so
15547f5b4000-15547f5b5000 rw-p 0001f000 00:30 2007946930                 /storage/home/hcoda1/4/hyu483/conda_envs/qgis332/lib/python3.11/site-packages/pyproj/_geod.cpython-311-x86_64-linux-gnu.so
15547f5b5000-15547f5b6000 rw-p 00000000 00:00 0 
15547f5b6000-15547f5c0000 r--p 00000000 00:30 2007946926                 /storage/home/hcoda1/4/hyu483/conda_envs/qgis332/lib/python3.11/site-packages/pyproj/_crs.cpython-311-x86_64-linux-gnu.so
15547f5c0000-15547f60f000 r-xp 0000a000 00:30 2007946926                 /storage/home/hcoda1/4/hyu483/conda_envs/qgis332/lib/python3.11/site-packages/pyproj/_crs.cpython-311-x86_64-linux-gnu.so
15547f60f000-15547f624000 r--p 00059000 00:30 2007946926                 /storage/home/hcoda1/4/hyu483/conda_envs/qgis332/lib/python3.11/site-packages/pyproj/_crs.cpython-311-x86_64-linux-gnu.so
15547f624000-15547f625000 r--p 0006e000 00:30 2007946926                 /storage/home/hcoda1/4/hyu483/conda_envs/qgis332/lib/python3.11/site-packages/pyproj/_crs.cpython-311-x86_64-linux-gnu.so
15547f625000-15547f629000 rw-p 0006f000 00:30 2007946926                 /storage/home/hcoda1/4/hyu483/conda_envs/qgis332/lib/python3.11/site-packages/pyproj/_crs.cpython-311-x86_64-linux-gnu.so
15547f629000-15547f62b000 rw-p 00000000 00:00 0 
15547f62b000-15547f62d000 r--p 00000000 00:30 2007946945                 /storage/home/hcoda1/4/hyu483/conda_envs/qgis332/lib/python3.11/site-packages/pyproj/_version.cpython-311-x86_64-linux-gnu.so
15547f62d000-15547f62f000 r-xp 00002000 00:30 2007946945                 /storage/home/hcoda1/4/hyu483/conda_envs/qgis332/lib/python3.11/site-packages/pyproj/_version.cpython-311-x86_64-linux-gnu.so
15547f62f000-15547f630000 r--p 00004000 00:30 2007946945                 /storage/home/hcoda1/4/hyu483/conda_envs/qgis332/lib/python3.11/site-packages/pyproj/_version.cpython-311-x86_64-linux-gnu.so
15547f630000-15547f631000 r--p 00004000 00:30 2007946945                 /storage/home/hcoda1/4/hyu483/conda_envs/qgis332/lib/python3.11/site-packages/pyproj/_version.cpython-311-x86_64-linux-gnu.so
15547f631000-15547f632000 rw-p 00005000 00:30 2007946945                 /storage/home/hcoda1/4/hyu483/conda_envs/qgis332/lib/python3.11/site-packages/pyproj/_version.cpython-311-x86_64-linux-gnu.so
15547f632000-15547f635000 r--p 00000000 00:30 2007946934                 /storage/home/hcoda1/4/hyu483/conda_envs/qgis332/lib/python3.11/site-packages/pyproj/_network.cpython-311-x86_64-linux-gnu.so
15547f635000-15547f63a000 r-xp 00003000 00:30 2007946934                 /storage/home/hcoda1/4/hyu483/conda_envs/qgis332/lib/python3.11/site-packages/pyproj/_network.cpython-311-x86_64-linux-gnu.so
15547f63a000-15547f63c000 r--p 00008000 00:30 2007946934                 /storage/home/hcoda1/4/hyu483/conda_envs/qgis332/lib/python3.11/site-packages/pyproj/_network.cpython-311-x86_64-linux-gnu.so
15547f63c000-15547f63d000 r--p 0000a000 00:30 2007946934                 /storage/home/hcoda1/4/hyu483/conda_envs/qgis332/lib/python3.11/site-packages/pyproj/_network.cpython-311-x86_64-linux-gnu.so
15547f63d000-15547f63e000 rw-p 0000b000 00:30 2007946934                 /storage/home/hcoda1/4/hyu483/conda_envs/qgis332/lib/python3.11/site-packages/pyproj/_network.cpython-311-x86_64-linux-gnu.so
15547f63e000-15547f641000 r--p 00000000 00:30 2007946918                 /storage/home/hcoda1/4/hyu483/conda_envs/qgis332/lib/python3.11/site-packages/pyproj/_compat.cpython-311-x86_64-linux-gnu.so
15547f641000-15547f647000 r-xp 00003000 00:30 2007946918                 /storage/home/hcoda1/4/hyu483/conda_envs/qgis332/lib/python3.11/site-packages/pyproj/_compat.cpython-311-x86_64-linux-gnu.so
15547f647000-15547f649000 r--p 00009000 00:30 2007946918                 /storage/home/hcoda1/4/hyu483/conda_envs/qgis332/lib/python3.11/site-packages/pyproj/_compat.cpython-311-x86_64-linux-gnu.so
15547f649000-15547f64a000 r--p 0000a000 00:30 2007946918                 /storage/home/hcoda1/4/hyu483/conda_envs/qgis332/lib/python3.11/site-packages/pyproj/_compat.cpython-311-x86_64-linux-gnu.so
15547f64a000-15547f64b000 rw-p 0000b000 00:30 2007946918                 /storage/home/hcoda1/4/hyu483/conda_envs/qgis332/lib/python3.11/site-packages/pyproj/_compat.cpython-311-x86_64-linux-gnu.so
15547f64b000-15547f74b000 rw-p 00000000 00:00 0 
15547f74b000-15547f74f000 r--p 00000000 00:30 2007946922                 /storage/home/hcoda1/4/hyu483/conda_envs/qgis332/lib/python3.11/site-packages/pyproj/_context.cpython-311-x86_64-linux-gnu.so
15547f74f000-15547f75c000 r-xp 00004000 00:30 2007946922                 /storage/home/hcoda1/4/hyu483/conda_envs/qgis332/lib/python3.11/site-packages/pyproj/_context.cpython-311-x86_64-linux-gnu.so
15547f75c000-15547f760000 r--p 00011000 00:30 2007946922                 /storage/home/hcoda1/4/hyu483/conda_envs/qgis332/lib/python3.11/site-packages/pyproj/_context.cpython-311-x86_64-linux-gnu.so
15547f760000-15547f761000 r--p 00014000 00:30 2007946922                 /storage/home/hcoda1/4/hyu483/conda_envs/qgis332/lib/python3.11/site-packages/pyproj/_context.cpython-311-x86_64-linux-gnu.so
15547f761000-15547f762000 rw-p 00015000 00:30 2007946922                 /storage/home/hcoda1/4/hyu483/conda_envs/qgis332/lib/python3.11/site-packages/pyproj/_context.cpython-311-x86_64-linux-gnu.so
15547f762000-15547fb62000 rw-p 00000000 00:00 0 
15547fb62000-15547fb68000 r--p 00000000 00:30 1886351543                 /storage/home/hcoda1/4/hyu483/.local/lib/python3.11/site-packages/cftime/_cftime.cpython-311-x86_64-linux-gnu.so
15547fb68000-15547fbeb000 r-xp 00006000 00:30 1886351543                 /storage/home/hcoda1/4/hyu483/.local/lib/python3.11/site-packages/cftime/_cftime.cpython-311-x86_64-linux-gnu.so
15547fbeb000-15547fbfa000 r--p 00089000 00:30 1886351543                 /storage/home/hcoda1/4/hyu483/.local/lib/python3.11/site-packages/cftime/_cftime.cpython-311-x86_64-linux-gnu.so
15547fbfa000-15547fbfb000 r--p 00097000 00:30 1886351543                 /storage/home/hcoda1/4/hyu483/.local/lib/python3.11/site-packages/cftime/_cftime.cpython-311-x86_64-linux-gnu.so
15547fbfb000-15547fbfe000 rw-p 00098000 00:30 1886351543                 /storage/home/hcoda1/4/hyu483/.local/lib/python3.11/site-packages/cftime/_cftime.cpython-311-x86_64-linux-gnu.so
15547fbfe000-15547fd00000 rw-p 00000000 00:00 0 
15547fd00000-15547fd07000 r--p 00000000 00:30 2007957140                 /storage/home/hcoda1/4/hyu483/conda_envs/qgis332/lib/python3.11/site-packages/rasterio/_vsiopener.cpython-311-x86_64-linux-gnu.so
15547fd07000-15547fd50000 r-xp 00007000 00:30 2007957140                 /storage/home/hcoda1/4/hyu483/conda_envs/qgis332/lib/python3.11/site-packages/rasterio/_vsiopener.cpython-311-x86_64-linux-gnu.so
15547fd50000-15547fd5b000 r--p 00050000 00:30 2007957140                 /storage/home/hcoda1/4/hyu483/conda_envs/qgis332/lib/python3.11/site-packages/rasterio/_vsiopener.cpython-311-x86_64-linux-gnu.so
15547fd5b000-15547fd5c000 r--p 0005b000 00:30 2007957140                 /storage/home/hcoda1/4/hyu483/conda_envs/qgis332/lib/python3.11/site-packages/rasterio/_vsiopener.cpython-311-x86_64-linux-gnu.so
15547fd5c000-15547fd5e000 rw-p 0005c000 00:30 2007957140                 /storage/home/hcoda1/4/hyu483/conda_envs/qgis332/lib/python3.11/site-packages/rasterio/_vsiopener.cpython-311-x86_64-linux-gnu.so
15547fd5e000-15547fd60000 rw-p 00000000 00:00 0 
15547fd60000-15547fd67000 r--p 00000000 00:30 2007957128                 /storage/home/hcoda1/4/hyu483/conda_envs/qgis332/lib/python3.11/site-packages/rasterio/_features.cpython-311-x86_64-linux-gnu.so
15547fd67000-15547fdad000 r-xp 00007000 00:30 2007957128                 /storage/home/hcoda1/4/hyu483/conda_envs/qgis332/lib/python3.11/site-packages/rasterio/_features.cpython-311-x86_64-linux-gnu.so
15547fdad000-15547fdb8000 r--p 0004d000 00:30 2007957128                 /storage/home/hcoda1/4/hyu483/conda_envs/qgis332/lib/python3.11/site-packages/rasterio/_features.cpython-311-x86_64-linux-gnu.so
15547fdb8000-15547fdb9000 r--p 00058000 00:30 2007957128                 /storage/home/hcoda1/4/hyu483/conda_envs/qgis332/lib/python3.11/site-packages/rasterio/_features.cpython-311-x86_64-linux-gnu.so
15547fdb9000-15547fdbc000 rw-p 00059000 00:30 2007957128                 /storage/home/hcoda1/4/hyu483/conda_envs/qgis332/lib/python3.11/site-packages/rasterio/_features.cpython-311-x86_64-linux-gnu.so
15547fdbc000-15547fdbd000 rw-p 00000000 00:00 0 
15547fdbd000-15547fdc5000 r--p 00000000 00:30 2007957141                 /storage/home/hcoda1/4/hyu483/conda_envs/qgis332/lib/python3.11/site-packages/rasterio/_warp.cpython-311-x86_64-linux-gnu.so
15547fdc5000-15547fe30000 r-xp 00008000 00:30 2007957141                 /storage/home/hcoda1/4/hyu483/conda_envs/qgis332/lib/python3.11/site-packages/rasterio/_warp.cpython-311-x86_64-linux-gnu.so
15547fe30000-15547fe3e000 r--p 00073000 00:30 2007957141                 /storage/home/hcoda1/4/hyu483/conda_envs/qgis332/lib/python3.11/site-packages/rasterio/_warp.cpython-311-x86_64-linux-gnu.so
15547fe3e000-15547fe3f000 r--p 00081000 00:30 2007957141                 /storage/home/hcoda1/4/hyu483/conda_envs/qgis332/lib/python3.11/site-packages/rasterio/_warp.cpython-311-x86_64-linux-gnu.so
15547fe3f000-15547fe41000 rw-p 00082000 00:30 2007957141                 /storage/home/hcoda1/4/hyu483/conda_envs/qgis332/lib/python3.11/site-packages/rasterio/_warp.cpython-311-x86_64-linux-gnu.so
15547fe41000-15547fe43000 rw-p 00000000 00:00 0 
15547fe43000-15547fe4d000 r--p 00000000 00:30 2007957131                 /storage/home/hcoda1/4/hyu483/conda_envs/qgis332/lib/python3.11/site-packages/rasterio/_io.cpython-311-x86_64-linux-gnu.so
15547fe4d000-15547feee000 r-xp 0000a000 00:30 2007957131                 /storage/home/hcoda1/4/hyu483/conda_envs/qgis332/lib/python3.11/site-packages/rasterio/_io.cpython-311-x86_64-linux-gnu.so
15547feee000-15547ff03000 r--p 000ab000 00:30 2007957131                 /storage/home/hcoda1/4/hyu483/conda_envs/qgis332/lib/python3.11/site-packages/rasterio/_io.cpython-311-x86_64-linux-gnu.so
15547ff03000-15547ff04000 r--p 000bf000 00:30 2007957131                 /storage/home/hcoda1/4/hyu483/conda_envs/qgis332/lib/python3.11/site-packages/rasterio/_io.cpython-311-x86_64-linux-gnu.so
15547ff04000-15547ff08000 rw-p 000c0000 00:30 2007957131                 /storage/home/hcoda1/4/hyu483/conda_envs/qgis332/lib/python3.11/site-packages/rasterio/_io.cpython-311-x86_64-linux-gnu.so
15547ff08000-15547ff0a000 rw-p 00000000 00:00 0 
15547ff0a000-15547ff10000 r--p 00000000 00:30 2007957134                 /storage/home/hcoda1/4/hyu483/conda_envs/qgis332/lib/python3.11/site-packages/rasterio/_transform.cpython-311-x86_64-linux-gnu.so
15547ff10000-15547ff3a000 r-xp 00006000 00:30 2007957134                 /storage/home/hcoda1/4/hyu483/conda_envs/qgis332/lib/python3.11/site-packages/rasterio/_transform.cpython-311-x86_64-linux-gnu.so
15547ff3a000-15547ff43000 r--p 00030000 00:30 2007957134                 /storage/home/hcoda1/4/hyu483/conda_envs/qgis332/lib/python3.11/site-packages/rasterio/_transform.cpython-311-x86_64-linux-gnu.so
15547ff43000-15547ff44000 r--p 00039000 00:30 2007957134                 /storage/home/hcoda1/4/hyu483/conda_envs/qgis332/lib/python3.11/site-packages/rasterio/_transform.cpython-311-x86_64-linux-gnu.so
15547ff44000-15547ff46000 rw-p 0003a000 00:30 2007957134                 /storage/home/hcoda1/4/hyu483/conda_envs/qgis332/lib/python3.11/site-packages/rasterio/_transform.cpython-311-x86_64-linux-gnu.so
15547ff46000-155480047000 rw-p 00000000 00:00 0 
155480047000-15548004a000 r--p 00000000 00:30 2007957139                 /storage/home/hcoda1/4/hyu483/conda_envs/qgis332/lib/python3.11/site-packages/rasterio/_version.cpython-311-x86_64-linux-gnu.so
15548004a000-15548004f000 r-xp 00003000 00:30 2007957139                 /storage/home/hcoda1/4/hyu483/conda_envs/qgis332/lib/python3.11/site-packages/rasterio/_version.cpython-311-x86_64-linux-gnu.so
15548004f000-155480051000 r--p 00008000 00:30 2007957139                 /storage/home/hcoda1/4/hyu483/conda_envs/qgis332/lib/python3.11/site-packages/rasterio/_version.cpython-311-x86_64-linux-gnu.so
155480051000-155480052000 r--p 0000a000 00:30 2007957139                 /storage/home/hcoda1/4/hyu483/conda_envs/qgis332/lib/python3.11/site-packages/rasterio/_version.cpython-311-x86_64-linux-gnu.so
155480052000-155480053000 rw-p 0000b000 00:30 2007957139                 /storage/home/hcoda1/4/hyu483/conda_envs/qgis332/lib/python3.11/site-packages/rasterio/_version.cpython-311-x86_64-linux-gnu.so
155480053000-155480057000 r--p 00000000 00:30 2007957129                 /storage/home/hcoda1/4/hyu483/conda_envs/qgis332/lib/python3.11/site-packages/rasterio/_filepath.cpython-311-x86_64-linux-gnu.so
155480057000-155480065000 r-xp 00004000 00:30 2007957129                 /storage/home/hcoda1/4/hyu483/conda_envs/qgis332/lib/python3.11/site-packages/rasterio/_filepath.cpython-311-x86_64-linux-gnu.so
155480065000-155480069000 r--p 00012000 00:30 2007957129                 /storage/home/hcoda1/4/hyu483/conda_envs/qgis332/lib/python3.11/site-packages/rasterio/_filepath.cpython-311-x86_64-linux-gnu.so
155480069000-15548006a000 r--p 00015000 00:30 2007957129                 /storage/home/hcoda1/4/hyu483/conda_envs/qgis332/lib/python3.11/site-packages/rasterio/_filepath.cpython-311-x86_64-linux-gnu.so
15548006a000-15548006b000 rw-p 00016000 00:30 2007957129                 /storage/home/hcoda1/4/hyu483/conda_envs/qgis332/lib/python3.11/site-packages/rasterio/_filepath.cpython-311-x86_64-linux-gnu.so
15548006b000-155480071000 r--p 00000000 00:30 2007957125                 /storage/home/hcoda1/4/hyu483/conda_envs/qgis332/lib/python3.11/site-packages/rasterio/_env.cpython-311-x86_64-linux-gnu.so
155480071000-155480097000 r-xp 00006000 00:30 2007957125                 /storage/home/hcoda1/4/hyu483/conda_envs/qgis332/lib/python3.11/site-packages/rasterio/_env.cpython-311-x86_64-linux-gnu.so
155480097000-15548009e000 r--p 0002c000 00:30 2007957125                 /storage/home/hcoda1/4/hyu483/conda_envs/qgis332/lib/python3.11/site-packages/rasterio/_env.cpython-311-x86_64-linux-gnu.so
15548009e000-15548009f000 r--p 00032000 00:30 2007957125                 /storage/home/hcoda1/4/hyu483/conda_envs/qgis332/lib/python3.11/site-packages/rasterio/_env.cpython-311-x86_64-linux-gnu.so
15548009f000-1554800a1000 rw-p 00033000 00:30 2007957125                 /storage/home/hcoda1/4/hyu483/conda_envs/qgis332/lib/python3.11/site-packages/rasterio/_env.cpython-311-x86_64-linux-gnu.so
1554800a1000-1554800a2000 rw-p 00000000 00:00 0 
1554800a2000-1554800a7000 r--p 00000000 00:30 2007957126                 /storage/home/hcoda1/4/hyu483/conda_envs/qgis332/lib/python3.11/site-packages/rasterio/_err.cpython-311-x86_64-linux-gnu.so
1554800a7000-1554800bf000 r-xp 00005000 00:30 2007957126                 /storage/home/hcoda1/4/hyu483/conda_envs/qgis332/lib/python3.11/site-packages/rasterio/_err.cpython-311-x86_64-linux-gnu.so
1554800bf000-1554800c4000 r--p 0001d000 00:30 2007957126                 /storage/home/hcoda1/4/hyu483/conda_envs/qgis332/lib/python3.11/site-packages/rasterio/_err.cpython-311-x86_64-linux-gnu.so
1554800c4000-1554800c5000 r--p 00021000 00:30 2007957126                 /storage/home/hcoda1/4/hyu483/conda_envs/qgis332/lib/python3.11/site-packages/rasterio/_err.cpython-311-x86_64-linux-gnu.so
1554800c5000-1554800c6000 rw-p 00022000 00:30 2007957126                 /storage/home/hcoda1/4/hyu483/conda_envs/qgis332/lib/python3.11/site-packages/rasterio/_err.cpython-311-x86_64-linux-gnu.so
1554800c6000-1554800c7000 rw-p 00000000 00:00 0 
1554800c7000-1554800ce000 r--p 00000000 00:30 2007957145                 /storage/home/hcoda1/4/hyu483/conda_envs/qgis332/lib/python3.11/site-packages/rasterio/crs.cpython-311-x86_64-linux-gnu.so
1554800ce000-155480100000 r-xp 00007000 00:30 2007957145                 /storage/home/hcoda1/4/hyu483/conda_envs/qgis332/lib/python3.11/site-packages/rasterio/crs.cpython-311-x86_64-linux-gnu.so
155480100000-15548010a000 r--p 00039000 00:30 2007957145                 /storage/home/hcoda1/4/hyu483/conda_envs/qgis332/lib/python3.11/site-packages/rasterio/crs.cpython-311-x86_64-linux-gnu.so
15548010a000-15548010b000 r--p 00043000 00:30 2007957145                 /storage/home/hcoda1/4/hyu483/conda_envs/qgis332/lib/python3.11/site-packages/rasterio/crs.cpython-311-x86_64-linux-gnu.so
15548010b000-15548010d000 rw-p 00044000 00:30 2007957145                 /storage/home/hcoda1/4/hyu483/conda_envs/qgis332/lib/python3.11/site-packages/rasterio/crs.cpython-311-x86_64-linux-gnu.so
15548010d000-15548010e000 rw-p 00000000 00:00 0 
15548010e000-155480117000 r--p 00000000 00:30 2007957124                 /storage/home/hcoda1/4/hyu483/conda_envs/qgis332/lib/python3.11/site-packages/rasterio/_base.cpython-311-x86_64-linux-gnu.so
155480117000-155480161000 r-xp 00009000 00:30 2007957124                 /storage/home/hcoda1/4/hyu483/conda_envs/qgis332/lib/python3.11/site-packages/rasterio/_base.cpython-311-x86_64-linux-gnu.so
155480161000-15548016f000 r--p 00053000 00:30 2007957124                 /storage/home/hcoda1/4/hyu483/conda_envs/qgis332/lib/python3.11/site-packages/rasterio/_base.cpython-311-x86_64-linux-gnu.so
15548016f000-155480170000 r--p 00060000 00:30 2007957124                 /storage/home/hcoda1/4/hyu483/conda_envs/qgis332/lib/python3.11/site-packages/rasterio/_base.cpython-311-x86_64-linux-gnu.so
155480170000-155480173000 rw-p 00061000 00:30 2007957124                 /storage/home/hcoda1/4/hyu483/conda_envs/qgis332/lib/python3.11/site-packages/rasterio/_base.cpython-311-x86_64-linux-gnu.so
155480173000-155480575000 rw-p 00000000 00:00 0 
155480575000-155480576000 r--p 00000000 00:30 1940411735                 /storage/home/hcoda1/4/hyu483/conda_envs/qgis332/lib/python3.11/site-packages/markupsafe/_speedups.cpython-311-x86_64-linux-gnu.so
155480576000-155480577000 r-xp 00001000 00:30 1940411735                 /storage/home/hcoda1/4/hyu483/conda_envs/qgis332/lib/python3.11/site-packages/markupsafe/_speedups.cpython-311-x86_64-linux-gnu.so
155480577000-155480578000 r--p 00002000 00:30 1940411735                 /storage/home/hcoda1/4/hyu483/conda_envs/qgis332/lib/python3.11/site-packages/markupsafe/_speedups.cpython-311-x86_64-linux-gnu.so
155480578000-155480579000 r--p 00002000 00:30 1940411735                 /storage/home/hcoda1/4/hyu483/conda_envs/qgis332/lib/python3.11/site-packages/markupsafe/_speedups.cpython-311-x86_64-linux-gnu.so
155480579000-15548057a000 rw-p 00003000 00:30 1940411735                 /storage/home/hcoda1/4/hyu483/conda_envs/qgis332/lib/python3.11/site-packages/markupsafe/_speedups.cpython-311-x86_64-linux-gnu.so
15548057a000-15548097a000 rw-p 00000000 00:00 0 
15548097a000-15548097b000 r--p 00000000 00:30 1886351669                 /storage/home/hcoda1/4/hyu483/.local/lib/python3.11/site-packages/timezonefinder/inside_polygon_ext.abi3.so
15548097b000-15548097c000 r-xp 00001000 00:30 1886351669                 /storage/home/hcoda1/4/hyu483/.local/lib/python3.11/site-packages/timezonefinder/inside_polygon_ext.abi3.so
15548097c000-15548097d000 r--p 00002000 00:30 1886351669                 /storage/home/hcoda1/4/hyu483/.local/lib/python3.11/site-packages/timezonefinder/inside_polygon_ext.abi3.so
15548097d000-15548097e000 r--p 00002000 00:30 1886351669                 /storage/home/hcoda1/4/hyu483/.local/lib/python3.11/site-packages/timezonefinder/inside_polygon_ext.abi3.so
15548097e000-15548097f000 rw-p 00003000 00:30 1886351669                 /storage/home/hcoda1/4/hyu483/.local/lib/python3.11/site-packages/timezonefinder/inside_polygon_ext.abi3.so
15548097f000-155480980000 r-xp 00000000 00:00 0 
155480980000-155480981000 r--p 00000000 00:00 0 
155480981000-155480982000 r-xp 00000000 00:00 0 
155480982000-155480983000 r--p 00000000 00:00 0 
155480983000-155480984000 r-xp 00000000 00:00 0 
155480984000-155480985000 r--p 00000000 00:00 0 
155480985000-155480986000 r-xp 00000000 00:00 0 
155480986000-155480987000 r--p 00000000 00:00 0 
155480987000-155480988000 r-xp 00000000 00:00 0 
155480988000-155480989000 r--p 00000000 00:00 0 
155480989000-155480c89000 rw-p 00000000 00:00 0 
155480c89000-155480c91000 r--p 00000000 00:30 1883950401                 /storage/home/hcoda1/4/hyu483/conda_envs/qgis332/lib/python3.11/site-packages/_cffi_backend.cpython-311-x86_64-linux-gnu.so
155480c91000-155480ca8000 r-xp 00008000 00:30 1883950401                 /storage/home/hcoda1/4/hyu483/conda_envs/qgis332/lib/python3.11/site-packages/_cffi_backend.cpython-311-x86_64-linux-gnu.so
155480ca8000-155480cb3000 r--p 0001f000 00:30 1883950401                 /storage/home/hcoda1/4/hyu483/conda_envs/qgis332/lib/python3.11/site-packages/_cffi_backend.cpython-311-x86_64-linux-gnu.so
155480cb3000-155480cb5000 r--p 00029000 00:30 1883950401                 /storage/home/hcoda1/4/hyu483/conda_envs/qgis332/lib/python3.11/site-packages/_cffi_backend.cpython-311-x86_64-linux-gnu.so
155480cb5000-155480cb8000 rw-p 0002b000 00:30 1883950401                 /storage/home/hcoda1/4/hyu483/conda_envs/qgis332/lib/python3.11/site-packages/_cffi_backend.cpython-311-x86_64-linux-gnu.so
155480cb8000-1554814bb000 rw-p 00000000 00:00 0 
1554814bb000-1554814bc000 r--p 00000000 00:30 1886353575                 /storage/home/hcoda1/4/hyu483/.local/lib/python3.11/site-packages/numba/experimental/jitclass/_box.cpython-311-x86_64-linux-gnu.so
1554814bc000-1554814bd000 r-xp 00001000 00:30 1886353575                 /storage/home/hcoda1/4/hyu483/.local/lib/python3.11/site-packages/numba/experimental/jitclass/_box.cpython-311-x86_64-linux-gnu.so
1554814bd000-1554814be000 r--p 00002000 00:30 1886353575                 /storage/home/hcoda1/4/hyu483/.local/lib/python3.11/site-packages/numba/experimental/jitclass/_box.cpython-311-x86_64-linux-gnu.so
1554814be000-1554814bf000 r--p 00002000 00:30 1886353575                 /storage/home/hcoda1/4/hyu483/.local/lib/python3.11/site-packages/numba/experimental/jitclass/_box.cpython-311-x86_64-linux-gnu.so
1554814bf000-1554814c0000 rw-p 00003000 00:30 1886353575                 /storage/home/hcoda1/4/hyu483/.local/lib/python3.11/site-packages/numba/experimental/jitclass/_box.cpython-311-x86_64-linux-gnu.so
1554814c0000-1554814c2000 r--p 00000000 00:30 1886353631                 /storage/home/hcoda1/4/hyu483/.local/lib/python3.11/site-packages/numba/np/ufunc/_internal.cpython-311-x86_64-linux-gnu.so
1554814c2000-1554814c4000 r-xp 00002000 00:30 1886353631                 /storage/home/hcoda1/4/hyu483/.local/lib/python3.11/site-packages/numba/np/ufunc/_internal.cpython-311-x86_64-linux-gnu.so
1554814c4000-1554814c5000 r--p 00004000 00:30 1886353631                 /storage/home/hcoda1/4/hyu483/.local/lib/python3.11/site-packages/numba/np/ufunc/_internal.cpython-311-x86_64-linux-gnu.so
1554814c5000-1554814c6000 ---p 00005000 00:30 1886353631                 /storage/home/hcoda1/4/hyu483/.local/lib/python3.11/site-packages/numba/np/ufunc/_internal.cpython-311-x86_64-linux-gnu.so
1554814c6000-1554814c7000 r--p 00005000 00:30 1886353631                 /storage/home/hcoda1/4/hyu483/.local/lib/python3.11/site-packages/numba/np/ufunc/_internal.cpython-311-x86_64-linux-gnu.so
1554814c7000-1554814c8000 rw-p 00006000 00:30 1886353631                 /storage/home/hcoda1/4/hyu483/.local/lib/python3.11/site-packages/numba/np/ufunc/_internal.cpython-311-x86_64-linux-gnu.so
1554814c8000-1554815c8000 rw-p 00000000 00:00 0 
1554815c8000-1554815ca000 r--p 00000000 00:30 1886353255                 /storage/home/hcoda1/4/hyu483/.local/lib/python3.11/site-packages/numba/core/runtime/_nrt_python.cpython-311-x86_64-linux-gnu.so
1554815ca000-1554815cd000 r-xp 00002000 00:30 1886353255                 /storage/home/hcoda1/4/hyu483/.local/lib/python3.11/site-packages/numba/core/runtime/_nrt_python.cpython-311-x86_64-linux-gnu.so
1554815cd000-1554815cf000 r--p 00005000 00:30 1886353255                 /storage/home/hcoda1/4/hyu483/.local/lib/python3.11/site-packages/numba/core/runtime/_nrt_python.cpython-311-x86_64-linux-gnu.so
1554815cf000-1554815d0000 r--p 00006000 00:30 1886353255                 /storage/home/hcoda1/4/hyu483/.local/lib/python3.11/site-packages/numba/core/runtime/_nrt_python.cpython-311-x86_64-linux-gnu.so
1554815d0000-1554815d1000 rw-p 00007000 00:30 1886353255                 /storage/home/hcoda1/4/hyu483/.local/lib/python3.11/site-packages/numba/core/runtime/_nrt_python.cpython-311-x86_64-linux-gnu.so
1554815d1000-1554817d1000 rw-p 00000000 00:00 0 
1554817d1000-1554817d2000 r--p 00000000 00:30 1886353134                 /storage/home/hcoda1/4/hyu483/.local/lib/python3.11/site-packages/numba/_devicearray.cpython-311-x86_64-linux-gnu.so
1554817d2000-1554817d3000 r-xp 00001000 00:30 1886353134                 /storage/home/hcoda1/4/hyu483/.local/lib/python3.11/site-packages/numba/_devicearray.cpython-311-x86_64-linux-gnu.so
1554817d3000-1554817d4000 r--p 00002000 00:30 1886353134                 /storage/home/hcoda1/4/hyu483/.local/lib/python3.11/site-packages/numba/_devicearray.cpython-311-x86_64-linux-gnu.so
1554817d4000-1554817d5000 r--p 00002000 00:30 1886353134                 /storage/home/hcoda1/4/hyu483/.local/lib/python3.11/site-packages/numba/_devicearray.cpython-311-x86_64-linux-gnu.so
1554817d5000-1554817d6000 rw-p 00003000 00:30 1886353134                 /storage/home/hcoda1/4/hyu483/.local/lib/python3.11/site-packages/numba/_devicearray.cpython-311-x86_64-linux-gnu.so
1554817d6000-1554817da000 r--p 00000000 00:30 1886353136                 /storage/home/hcoda1/4/hyu483/.local/lib/python3.11/site-packages/numba/_dispatcher.cpython-311-x86_64-linux-gnu.so
1554817da000-1554817e0000 r-xp 00004000 00:30 1886353136                 /storage/home/hcoda1/4/hyu483/.local/lib/python3.11/site-packages/numba/_dispatcher.cpython-311-x86_64-linux-gnu.so
1554817e0000-1554817e2000 r--p 0000a000 00:30 1886353136                 /storage/home/hcoda1/4/hyu483/.local/lib/python3.11/site-packages/numba/_dispatcher.cpython-311-x86_64-linux-gnu.so
1554817e2000-1554817e3000 r--p 0000b000 00:30 1886353136                 /storage/home/hcoda1/4/hyu483/.local/lib/python3.11/site-packages/numba/_dispatcher.cpython-311-x86_64-linux-gnu.so
1554817e3000-1554817e4000 rw-p 0000c000 00:30 1886353136                 /storage/home/hcoda1/4/hyu483/.local/lib/python3.11/site-packages/numba/_dispatcher.cpython-311-x86_64-linux-gnu.so
1554817e4000-1554818e4000 rw-p 00000000 00:00 0 
1554818e4000-1554818e5000 r--p 00000000 00:30 1886353138                 /storage/home/hcoda1/4/hyu483/.local/lib/python3.11/site-packages/numba/_dynfunc.cpython-311-x86_64-linux-gnu.so
1554818e5000-1554818e6000 r-xp 00001000 00:30 1886353138                 /storage/home/hcoda1/4/hyu483/.local/lib/python3.11/site-packages/numba/_dynfunc.cpython-311-x86_64-linux-gnu.so
1554818e6000-1554818e7000 r--p 00002000 00:30 1886353138                 /storage/home/hcoda1/4/hyu483/.local/lib/python3.11/site-packages/numba/_dynfunc.cpython-311-x86_64-linux-gnu.so
1554818e7000-1554818e8000 r--p 00002000 00:30 1886353138                 /storage/home/hcoda1/4/hyu483/.local/lib/python3.11/site-packages/numba/_dynfunc.cpython-311-x86_64-linux-gnu.so
1554818e8000-1554818e9000 rw-p 00003000 00:30 1886353138                 /storage/home/hcoda1/4/hyu483/.local/lib/python3.11/site-packages/numba/_dynfunc.cpython-311-x86_64-linux-gnu.so
1554818e9000-1554818ed000 r--p 00000000 00:30 1886353142                 /storage/home/hcoda1/4/hyu483/.local/lib/python3.11/site-packages/numba/_helperlib.cpython-311-x86_64-linux-gnu.so
1554818ed000-155481903000 r-xp 00004000 00:30 1886353142                 /storage/home/hcoda1/4/hyu483/.local/lib/python3.11/site-packages/numba/_helperlib.cpython-311-x86_64-linux-gnu.so
155481903000-155481929000 r--p 0001a000 00:30 1886353142                 /storage/home/hcoda1/4/hyu483/.local/lib/python3.11/site-packages/numba/_helperlib.cpython-311-x86_64-linux-gnu.so
155481929000-15548192a000 r--p 0003f000 00:30 1886353142                 /storage/home/hcoda1/4/hyu483/.local/lib/python3.11/site-packages/numba/_helperlib.cpython-311-x86_64-linux-gnu.so
15548192a000-15548192b000 rw-p 00040000 00:30 1886353142                 /storage/home/hcoda1/4/hyu483/.local/lib/python3.11/site-packages/numba/_helperlib.cpython-311-x86_64-linux-gnu.so
15548192b000-155481a2b000 rw-p 00000000 00:00 0 
155481a2b000-155481a2d000 r--p 00000000 00:30 1886353274                 /storage/home/hcoda1/4/hyu483/.local/lib/python3.11/site-packages/numba/core/typeconv/_typeconv.cpython-311-x86_64-linux-gnu.so
155481a2d000-155481a2f000 r-xp 00002000 00:30 1886353274                 /storage/home/hcoda1/4/hyu483/.local/lib/python3.11/site-packages/numba/core/typeconv/_typeconv.cpython-311-x86_64-linux-gnu.so
155481a2f000-155481a30000 r--p 00004000 00:30 1886353274                 /storage/home/hcoda1/4/hyu483/.local/lib/python3.11/site-packages/numba/core/typeconv/_typeconv.cpython-311-x86_64-linux-gnu.so
155481a30000-155481a31000 r--p 00004000 00:30 1886353274                 /storage/home/hcoda1/4/hyu483/.local/lib/python3.11/site-packages/numba/core/typeconv/_typeconv.cpython-311-x86_64-linux-gnu.so
155481a31000-155481a32000 rw-p 00005000 00:30 1886353274                 /storage/home/hcoda1/4/hyu483/.local/lib/python3.11/site-packages/numba/core/typeconv/_typeconv.cpython-311-x86_64-linux-gnu.so
155481a32000-155481d32000 rw-p 00000000 00:00 0 
155481d32000-155482410000 r--p 00000000 00:30 1886350432                 /storage/home/hcoda1/4/hyu483/.local/lib/python3.11/site-packages/llvmlite/binding/libllvmlite.so
155482410000-15548595c000 r-xp 006de000 00:30 1886350432                 /storage/home/hcoda1/4/hyu483/.local/lib/python3.11/site-packages/llvmlite/binding/libllvmlite.so
15548595c000-155487eeb000 r--p 03c2a000 00:30 1886350432                 /storage/home/hcoda1/4/hyu483/.local/lib/python3.11/site-packages/llvmlite/binding/libllvmlite.so
155487eeb000-15548857a000 r--p 061b8000 00:30 1886350432                 /storage/home/hcoda1/4/hyu483/.local/lib/python3.11/site-packages/llvmlite/binding/libllvmlite.so
15548857a000-155488591000 rw-p 06847000 00:30 1886350432                 /storage/home/hcoda1/4/hyu483/.local/lib/python3.11/site-packages/llvmlite/binding/libllvmlite.so
155488591000-15548860a000 rw-p 00000000 00:00 0 
15548860a000-155488613000 r--p 00000000 00:30 1886350785                 /storage/home/hcoda1/4/hyu483/.local/lib/python3.11/site-packages/h3/_cy/to_multipoly.cpython-311-x86_64-linux-gnu.so
155488613000-15548863f000 r-xp 00009000 00:30 1886350785                 /storage/home/hcoda1/4/hyu483/.local/lib/python3.11/site-packages/h3/_cy/to_multipoly.cpython-311-x86_64-linux-gnu.so
15548863f000-15548864e000 r--p 00035000 00:30 1886350785                 /storage/home/hcoda1/4/hyu483/.local/lib/python3.11/site-packages/h3/_cy/to_multipoly.cpython-311-x86_64-linux-gnu.so
15548864e000-15548864f000 r--p 00044000 00:30 1886350785                 /storage/home/hcoda1/4/hyu483/.local/lib/python3.11/site-packages/h3/_cy/to_multipoly.cpython-311-x86_64-linux-gnu.so
15548864f000-155488651000 rw-p 00045000 00:30 1886350785                 /storage/home/hcoda1/4/hyu483/.local/lib/python3.11/site-packages/h3/_cy/to_multipoly.cpython-311-x86_64-linux-gnu.so
155488651000-155488652000 rw-p 00000000 00:00 0 
155488652000-15548865c000 r--p 00000000 00:30 1886350790                 /storage/home/hcoda1/4/hyu483/.local/lib/python3.11/site-packages/h3/_cy/vertex.cpython-311-x86_64-linux-gnu.so
15548865c000-155488687000 r-xp 0000a000 00:30 1886350790                 /storage/home/hcoda1/4/hyu483/.local/lib/python3.11/site-packages/h3/_cy/vertex.cpython-311-x86_64-linux-gnu.so
155488687000-155488695000 r--p 00035000 00:30 1886350790                 /storage/home/hcoda1/4/hyu483/.local/lib/python3.11/site-packages/h3/_cy/vertex.cpython-311-x86_64-linux-gnu.so
155488695000-155488696000 r--p 00043000 00:30 1886350790                 /storage/home/hcoda1/4/hyu483/.local/lib/python3.11/site-packages/h3/_cy/vertex.cpython-311-x86_64-linux-gnu.so
155488696000-155488698000 rw-p 00044000 00:30 1886350790                 /storage/home/hcoda1/4/hyu483/.local/lib/python3.11/site-packages/h3/_cy/vertex.cpython-311-x86_64-linux-gnu.so
155488698000-155488699000 rw-p 00000000 00:00 0 
155488699000-1554886a4000 r--p 00000000 00:30 1886350779                 /storage/home/hcoda1/4/hyu483/.local/lib/python3.11/site-packages/h3/_cy/latlng.cpython-311-x86_64-linux-gnu.so
1554886a4000-1554886de000 r-xp 0000b000 00:30 1886350779                 /storage/home/hcoda1/4/hyu483/.local/lib/python3.11/site-packages/h3/_cy/latlng.cpython-311-x86_64-linux-gnu.so
1554886de000-1554886f0000 r--p 00045000 00:30 1886350779                 /storage/home/hcoda1/4/hyu483/.local/lib/python3.11/site-packages/h3/_cy/latlng.cpython-311-x86_64-linux-gnu.so
1554886f0000-1554886f1000 r--p 00057000 00:30 1886350779                 /storage/home/hcoda1/4/hyu483/.local/lib/python3.11/site-packages/h3/_cy/latlng.cpython-311-x86_64-linux-gnu.so
1554886f1000-1554886f4000 rw-p 00058000 00:30 1886350779                 /storage/home/hcoda1/4/hyu483/.local/lib/python3.11/site-packages/h3/_cy/latlng.cpython-311-x86_64-linux-gnu.so
1554886f4000-1554886f5000 rw-p 00000000 00:00 0 
1554886f5000-1554886ff000 r--p 00000000 00:30 1886350771                 /storage/home/hcoda1/4/hyu483/.local/lib/python3.11/site-packages/h3/_cy/edges.cpython-311-x86_64-linux-gnu.so
1554886ff000-15548872c000 r-xp 0000a000 00:30 1886350771                 /storage/home/hcoda1/4/hyu483/.local/lib/python3.11/site-packages/h3/_cy/edges.cpython-311-x86_64-linux-gnu.so
15548872c000-15548873b000 r--p 00037000 00:30 1886350771                 /storage/home/hcoda1/4/hyu483/.local/lib/python3.11/site-packages/h3/_cy/edges.cpython-311-x86_64-linux-gnu.so
15548873b000-15548873c000 r--p 00046000 00:30 1886350771                 /storage/home/hcoda1/4/hyu483/.local/lib/python3.11/site-packages/h3/_cy/edges.cpython-311-x86_64-linux-gnu.so
15548873c000-15548873e000 rw-p 00047000 00:30 1886350771                 /storage/home/hcoda1/4/hyu483/.local/lib/python3.11/site-packages/h3/_cy/edges.cpython-311-x86_64-linux-gnu.so
15548873e000-15548873f000 rw-p 00000000 00:00 0 
15548873f000-155488743000 r--p 00000000 00:30 1886350774                 /storage/home/hcoda1/4/hyu483/.local/lib/python3.11/site-packages/h3/_cy/error_system.cpython-311-x86_64-linux-gnu.so
155488743000-155488751000 r-xp 00004000 00:30 1886350774                 /storage/home/hcoda1/4/hyu483/.local/lib/python3.11/site-packages/h3/_cy/error_system.cpython-311-x86_64-linux-gnu.so
155488751000-155488755000 r--p 00012000 00:30 1886350774                 /storage/home/hcoda1/4/hyu483/.local/lib/python3.11/site-packages/h3/_cy/error_system.cpython-311-x86_64-linux-gnu.so
155488755000-155488756000 r--p 00015000 00:30 1886350774                 /storage/home/hcoda1/4/hyu483/.local/lib/python3.11/site-packages/h3/_cy/error_system.cpython-311-x86_64-linux-gnu.so
155488756000-155488757000 rw-p 00016000 00:30 1886350774                 /storage/home/hcoda1/4/hyu483/.local/lib/python3.11/site-packages/h3/_cy/error_system.cpython-311-x86_64-linux-gnu.so
155488757000-155488c58000 rw-p 00000000 00:00 0 
155488c58000-155488c9c000 r--p 00000000 00:30 1886350300                 /storage/home/hcoda1/4/hyu483/.local/lib/python3.11/site-packages/pydantic_core/_pydantic_core.cpython-311-x86_64-linux-gnu.so
155488c9c000-155488fa4000 r-xp 00044000 00:30 1886350300                 /storage/home/hcoda1/4/hyu483/.local/lib/python3.11/site-packages/pydantic_core/_pydantic_core.cpython-311-x86_64-linux-gnu.so
155488fa4000-1554890ab000 r--p 0034c000 00:30 1886350300                 /storage/home/hcoda1/4/hyu483/.local/lib/python3.11/site-packages/pydantic_core/_pydantic_core.cpython-311-x86_64-linux-gnu.so
1554890ab000-1554890df000 r--p 00452000 00:30 1886350300                 /storage/home/hcoda1/4/hyu483/.local/lib/python3.11/site-packages/pydantic_core/_pydantic_core.cpython-311-x86_64-linux-gnu.so
1554890df000-1554890e4000 rw-p 00486000 00:30 1886350300                 /storage/home/hcoda1/4/hyu483/.local/lib/python3.11/site-packages/pydantic_core/_pydantic_core.cpython-311-x86_64-linux-gnu.so
1554890e4000-1554892e5000 rw-p 00000000 00:00 0 
1554892e5000-1554892f9000 r--p 00000000 00:30 2007910836                 /storage/home/hcoda1/4/hyu483/conda_envs/qgis332/lib/python3.11/site-packages/zstandard/backend_c.cpython-311-x86_64-linux-gnu.so
1554892f9000-1554893d5000 r-xp 00014000 00:30 2007910836                 /storage/home/hcoda1/4/hyu483/conda_envs/qgis332/lib/python3.11/site-packages/zstandard/backend_c.cpython-311-x86_64-linux-gnu.so
1554893d5000-1554893ed000 r--p 000f0000 00:30 2007910836                 /storage/home/hcoda1/4/hyu483/conda_envs/qgis332/lib/python3.11/site-packages/zstandard/backend_c.cpython-311-x86_64-linux-gnu.so
1554893ed000-1554893ef000 r--p 00107000 00:30 2007910836                 /storage/home/hcoda1/4/hyu483/conda_envs/qgis332/lib/python3.11/site-packages/zstandard/backend_c.cpython-311-x86_64-linux-gnu.so
1554893ef000-1554893f2000 rw-p 00109000 00:30 2007910836                 /storage/home/hcoda1/4/hyu483/conda_envs/qgis332/lib/python3.11/site-packages/zstandard/backend_c.cpython-311-x86_64-linux-gnu.so
1554893f2000-15548999d000 rw-p 00000000 00:00 0 
15548999d000-1554899dd000 r-xp 00000000 00:30 1886356665                 /storage/home/hcoda1/4/hyu483/.local/lib/python3.11/site-packages/supy.libs/libquadmath-828275a7.so.0.0.0
1554899dd000-155489bdc000 ---p 00040000 00:30 1886356665                 /storage/home/hcoda1/4/hyu483/.local/lib/python3.11/site-packages/supy.libs/libquadmath-828275a7.so.0.0.0
155489bdc000-155489bdd000 r--p 0003f000 00:30 1886356665                 /storage/home/hcoda1/4/hyu483/.local/lib/python3.11/site-packages/supy.libs/libquadmath-828275a7.so.0.0.0
155489bdd000-155489bde000 rw-p 00040000 00:30 1886356665                 /storage/home/hcoda1/4/hyu483/.local/lib/python3.11/site-packages/supy.libs/libquadmath-828275a7.so.0.0.0
155489bde000-155489bdf000 rw-p 00042000 00:30 1886356665                 /storage/home/hcoda1/4/hyu483/.local/lib/python3.11/site-packages/supy.libs/libquadmath-828275a7.so.0.0.0
155489bdf000-155489e5b000 r-xp 00000000 00:30 1886356664                 /storage/home/hcoda1/4/hyu483/.local/lib/python3.11/site-packages/supy.libs/libgfortran-8f1e9814.so.5.0.0
155489e5b000-15548a05b000 ---p 0027c000 00:30 1886356664                 /storage/home/hcoda1/4/hyu483/.local/lib/python3.11/site-packages/supy.libs/libgfortran-8f1e9814.so.5.0.0
15548a05b000-15548a05d000 r--p 0027c000 00:30 1886356664                 /storage/home/hcoda1/4/hyu483/.local/lib/python3.11/site-packages/supy.libs/libgfortran-8f1e9814.so.5.0.0
15548a05d000-15548a05e000 rw-p 0027e000 00:30 1886356664                 /storage/home/hcoda1/4/hyu483/.local/lib/python3.11/site-packages/supy.libs/libgfortran-8f1e9814.so.5.0.0
15548a05e000-15548a073000 rw-p 00282000 00:30 1886356664                 /storage/home/hcoda1/4/hyu483/.local/lib/python3.11/site-packages/supy.libs/libgfortran-8f1e9814.so.5.0.0
15548a073000-15548a101000 r--p 00000000 00:30 1886356588                 /storage/home/hcoda1/4/hyu483/.local/lib/python3.11/site-packages/supy/_supy_driver.cpython-311-x86_64-linux-gnu.so
15548a101000-15548a760000 r-xp 0008e000 00:30 1886356588                 /storage/home/hcoda1/4/hyu483/.local/lib/python3.11/site-packages/supy/_supy_driver.cpython-311-x86_64-linux-gnu.so
15548a760000-15548a92f000 r--p 006ed000 00:30 1886356588                 /storage/home/hcoda1/4/hyu483/.local/lib/python3.11/site-packages/supy/_supy_driver.cpython-311-x86_64-linux-gnu.so
15548a92f000-15548a931000 r--p 008bb000 00:30 1886356588                 /storage/home/hcoda1/4/hyu483/.local/lib/python3.11/site-packages/supy/_supy_driver.cpython-311-x86_64-linux-gnu.so
15548a931000-15548aa85000 rw-p 008bd000 00:30 1886356588                 /storage/home/hcoda1/4/hyu483/.local/lib/python3.11/site-packages/supy/_supy_driver.cpython-311-x86_64-linux-gnu.so
15548aa85000-15548ae84000 rw-p 00000000 00:00 0 
15548ae84000-15548aed9000 rw-p 00e4a000 00:30 1886356588                 /storage/home/hcoda1/4/hyu483/.local/lib/python3.11/site-packages/supy/_supy_driver.cpython-311-x86_64-linux-gnu.so
15548aed9000-15548afd9000 rw-p 00000000 00:00 0 
15548afd9000-15548afdb000 r--p 00000000 00:30 1883947893                 /storage/home/hcoda1/4/hyu483/conda_envs/qgis332/lib/python3.11/lib-dynload/cmath.cpython-311-x86_64-linux-gnu.so
15548afdb000-15548afe4000 r-xp 00002000 00:30 1883947893                 /storage/home/hcoda1/4/hyu483/conda_envs/qgis332/lib/python3.11/lib-dynload/cmath.cpython-311-x86_64-linux-gnu.so
15548afe4000-15548afe6000 r--p 0000b000 00:30 1883947893                 /storage/home/hcoda1/4/hyu483/conda_envs/qgis332/lib/python3.11/lib-dynload/cmath.cpython-311-x86_64-linux-gnu.so
15548afe6000-15548afe7000 r--p 0000c000 00:30 1883947893                 /storage/home/hcoda1/4/hyu483/conda_envs/qgis332/lib/python3.11/lib-dynload/cmath.cpython-311-x86_64-linux-gnu.so
15548afe7000-15548afe8000 rw-p 0000d000 00:30 1883947893                 /storage/home/hcoda1/4/hyu483/conda_envs/qgis332/lib/python3.11/lib-dynload/cmath.cpython-311-x86_64-linux-gnu.so
15548afe8000-15548afea000 rw-p 00000000 00:00 0 
15548afea000-15548afee000 r--p 00000000 00:30 2005409725                 /storage/home/hcoda1/4/hyu483/conda_envs/qgis332/lib/python3.11/site-packages/pandas/_libs/testing.cpython-311-x86_64-linux-gnu.so
15548afee000-15548b000000 r-xp 00004000 00:30 2005409725                 /storage/home/hcoda1/4/hyu483/conda_envs/qgis332/lib/python3.11/site-packages/pandas/_libs/testing.cpython-311-x86_64-linux-gnu.so
15548b000000-15548b004000 r--p 00016000 00:30 2005409725                 /storage/home/hcoda1/4/hyu483/conda_envs/qgis332/lib/python3.11/site-packages/pandas/_libs/testing.cpython-311-x86_64-linux-gnu.so
15548b004000-15548b005000 r--p 00019000 00:30 2005409725                 /storage/home/hcoda1/4/hyu483/conda_envs/qgis332/lib/python3.11/site-packages/pandas/_libs/testing.cpython-311-x86_64-linux-gnu.so
15548b005000-15548b006000 rw-p 0001a000 00:30 2005409725                 /storage/home/hcoda1/4/hyu483/conda_envs/qgis332/lib/python3.11/site-packages/pandas/_libs/testing.cpython-311-x86_64-linux-gnu.so
15548b006000-15548b106000 rw-p 00000000 00:00 0 
15548b106000-15548b10d000 r--p 00000000 00:30 2005420290                 /storage/home/hcoda1/4/hyu483/conda_envs/qgis332/lib/python3.11/site-packages/pandas/_libs/parsers.cpython-311-x86_64-linux-gnu.so
15548b10d000-15548b16f000 r-xp 00007000 00:30 2005420290                 /storage/home/hcoda1/4/hyu483/conda_envs/qgis332/lib/python3.11/site-packages/pandas/_libs/parsers.cpython-311-x86_64-linux-gnu.so
15548b16f000-15548b17b000 r--p 00069000 00:30 2005420290                 /storage/home/hcoda1/4/hyu483/conda_envs/qgis332/lib/python3.11/site-packages/pandas/_libs/parsers.cpython-311-x86_64-linux-gnu.so
15548b17b000-15548b17c000 r--p 00075000 00:30 2005420290                 /storage/home/hcoda1/4/hyu483/conda_envs/qgis332/lib/python3.11/site-packages/pandas/_libs/parsers.cpython-311-x86_64-linux-gnu.so
15548b17c000-15548b17f000 rw-p 00076000 00:30 2005420290                 /storage/home/hcoda1/4/hyu483/conda_envs/qgis332/lib/python3.11/site-packages/pandas/_libs/parsers.cpython-311-x86_64-linux-gnu.so
15548b17f000-15548b181000 rw-p 00000000 00:00 0 
15548b181000-15548b184000 r--p 00000000 00:30 2005413033                 /storage/home/hcoda1/4/hyu483/conda_envs/qgis332/lib/python3.11/site-packages/pandas/_libs/json.cpython-311-x86_64-linux-gnu.so
15548b184000-15548b18c000 r-xp 00003000 00:30 2005413033                 /storage/home/hcoda1/4/hyu483/conda_envs/qgis332/lib/python3.11/site-packages/pandas/_libs/json.cpython-311-x86_64-linux-gnu.so
15548b18c000-15548b18f000 r--p 0000b000 00:30 2005413033                 /storage/home/hcoda1/4/hyu483/conda_envs/qgis332/lib/python3.11/site-packages/pandas/_libs/json.cpython-311-x86_64-linux-gnu.so
15548b18f000-15548b190000 r--p 0000e000 00:30 2005413033                 /storage/home/hcoda1/4/hyu483/conda_envs/qgis332/lib/python3.11/site-packages/pandas/_libs/json.cpython-311-x86_64-linux-gnu.so
15548b190000-15548b191000 rw-p 0000f000 00:30 2005413033                 /storage/home/hcoda1/4/hyu483/conda_envs/qgis332/lib/python3.11/site-packages/pandas/_libs/json.cpython-311-x86_64-linux-gnu.so
15548b191000-15548b291000 rw-p 00000000 00:00 0 
15548b291000-15548b29a000 r--p 00000000 00:30 2005421907                 /storage/home/hcoda1/4/hyu483/conda_envs/qgis332/lib/python3.11/site-packages/pandas/_libs/groupby.cpython-311-x86_64-linux-gnu.so
15548b29a000-15548b4a6000 r-xp 00009000 00:30 2005421907                 /storage/home/hcoda1/4/hyu483/conda_envs/qgis332/lib/python3.11/site-packages/pandas/_libs/groupby.cpython-311-x86_64-linux-gnu.so
15548b4a6000-15548b4c3000 r--p 00215000 00:30 2005421907                 /storage/home/hcoda1/4/hyu483/conda_envs/qgis332/lib/python3.11/site-packages/pandas/_libs/groupby.cpython-311-x86_64-linux-gnu.so
15548b4c3000-15548b4c4000 r--p 00231000 00:30 2005421907                 /storage/home/hcoda1/4/hyu483/conda_envs/qgis332/lib/python3.11/site-packages/pandas/_libs/groupby.cpython-311-x86_64-linux-gnu.so
15548b4c4000-15548b4c9000 rw-p 00232000 00:30 2005421907                 /storage/home/hcoda1/4/hyu483/conda_envs/qgis332/lib/python3.11/site-packages/pandas/_libs/groupby.cpython-311-x86_64-linux-gnu.so
15548b4c9000-15548b5cc000 rw-p 00000000 00:00 0 
15548b5cc000-15548b5d2000 r--p 00000000 00:30 2005405971                 /storage/home/hcoda1/4/hyu483/conda_envs/qgis332/lib/python3.11/site-packages/pandas/_libs/reshape.cpython-311-x86_64-linux-gnu.so
15548b5d2000-15548b604000 r-xp 00006000 00:30 2005405971                 /storage/home/hcoda1/4/hyu483/conda_envs/qgis332/lib/python3.11/site-packages/pandas/_libs/reshape.cpython-311-x86_64-linux-gnu.so
15548b604000-15548b60c000 r--p 00038000 00:30 2005405971                 /storage/home/hcoda1/4/hyu483/conda_envs/qgis332/lib/python3.11/site-packages/pandas/_libs/reshape.cpython-311-x86_64-linux-gnu.so
15548b60c000-15548b60d000 r--p 00040000 00:30 2005405971                 /storage/home/hcoda1/4/hyu483/conda_envs/qgis332/lib/python3.11/site-packages/pandas/_libs/reshape.cpython-311-x86_64-linux-gnu.so
15548b60d000-15548b60f000 rw-p 00041000 00:30 2005405971                 /storage/home/hcoda1/4/hyu483/conda_envs/qgis332/lib/python3.11/site-packages/pandas/_libs/reshape.cpython-311-x86_64-linux-gnu.so
15548b60f000-15548b610000 rw-p 00000000 00:00 0 
15548b610000-15548b615000 r--p 00000000 00:30 2005417277                 /storage/home/hcoda1/4/hyu483/conda_envs/qgis332/lib/python3.11/site-packages/pandas/_libs/window/indexers.cpython-311-x86_64-linux-gnu.so
15548b615000-15548b632000 r-xp 00005000 00:30 2005417277                 /storage/home/hcoda1/4/hyu483/conda_envs/qgis332/lib/python3.11/site-packages/pandas/_libs/window/indexers.cpython-311-x86_64-linux-gnu.so
15548b632000-15548b639000 r--p 00022000 00:30 2005417277                 /storage/home/hcoda1/4/hyu483/conda_envs/qgis332/lib/python3.11/site-packages/pandas/_libs/window/indexers.cpython-311-x86_64-linux-gnu.so
15548b639000-15548b63a000 r--p 00029000 00:30 2005417277                 /storage/home/hcoda1/4/hyu483/conda_envs/qgis332/lib/python3.11/site-packages/pandas/_libs/window/indexers.cpython-311-x86_64-linux-gnu.so
15548b63a000-15548b63c000 rw-p 0002a000 00:30 2005417277                 /storage/home/hcoda1/4/hyu483/conda_envs/qgis332/lib/python3.11/site-packages/pandas/_libs/window/indexers.cpython-311-x86_64-linux-gnu.so
15548b63c000-15548b642000 r--p 00000000 00:30 2005420856                 /storage/home/hcoda1/4/hyu483/conda_envs/qgis332/lib/python3.11/site-packages/pandas/_libs/window/aggregations.cpython-311-x86_64-linux-gnu.so
15548b642000-15548b686000 r-xp 00006000 00:30 2005420856                 /storage/home/hcoda1/4/hyu483/conda_envs/qgis332/lib/python3.11/site-packages/pandas/_libs/window/aggregations.cpython-311-x86_64-linux-gnu.so
15548b686000-15548b690000 r--p 0004a000 00:30 2005420856                 /storage/home/hcoda1/4/hyu483/conda_envs/qgis332/lib/python3.11/site-packages/pandas/_libs/window/aggregations.cpython-311-x86_64-linux-gnu.so
15548b690000-15548b691000 r--p 00054000 00:30 2005420856                 /storage/home/hcoda1/4/hyu483/conda_envs/qgis332/lib/python3.11/site-packages/pandas/_libs/window/aggregations.cpython-311-x86_64-linux-gnu.so
15548b691000-15548b693000 rw-p 00055000 00:30 2005420856                 /storage/home/hcoda1/4/hyu483/conda_envs/qgis332/lib/python3.11/site-packages/pandas/_libs/window/aggregations.cpython-311-x86_64-linux-gnu.so
15548b693000-15548b694000 rw-p 00000000 00:00 0 
15548b694000-15548b696000 r--p 00000000 00:30 1883947895                 /storage/home/hcoda1/4/hyu483/conda_envs/qgis332/lib/python3.11/lib-dynload/grp.cpython-311-x86_64-linux-gnu.so
15548b696000-15548b697000 r-xp 00002000 00:30 1883947895                 /storage/home/hcoda1/4/hyu483/conda_envs/qgis332/lib/python3.11/lib-dynload/grp.cpython-311-x86_64-linux-gnu.so
15548b697000-15548b698000 r--p 00003000 00:30 1883947895                 /storage/home/hcoda1/4/hyu483/conda_envs/qgis332/lib/python3.11/lib-dynload/grp.cpython-311-x86_64-linux-gnu.so
15548b698000-15548b699000 r--p 00003000 00:30 1883947895                 /storage/home/hcoda1/4/hyu483/conda_envs/qgis332/lib/python3.11/lib-dynload/grp.cpython-311-x86_64-linux-gnu.so
15548b699000-15548b69a000 rw-p 00004000 00:30 1883947895                 /storage/home/hcoda1/4/hyu483/conda_envs/qgis332/lib/python3.11/lib-dynload/grp.cpython-311-x86_64-linux-gnu.so
15548b69a000-15548b69d000 r--p 00000000 00:30 1883947897                 /storage/home/hcoda1/4/hyu483/conda_envs/qgis332/lib/python3.11/lib-dynload/mmap.cpython-311-x86_64-linux-gnu.so
15548b69d000-15548b6a0000 r-xp 00003000 00:30 1883947897                 /storage/home/hcoda1/4/hyu483/conda_envs/qgis332/lib/python3.11/lib-dynload/mmap.cpython-311-x86_64-linux-gnu.so
15548b6a0000-15548b6a2000 r--p 00006000 00:30 1883947897                 /storage/home/hcoda1/4/hyu483/conda_envs/qgis332/lib/python3.11/lib-dynload/mmap.cpython-311-x86_64-linux-gnu.so
15548b6a2000-15548b6a3000 r--p 00007000 00:30 1883947897                 /storage/home/hcoda1/4/hyu483/conda_envs/qgis332/lib/python3.11/lib-dynload/mmap.cpython-311-x86_64-linux-gnu.so
15548b6a3000-15548b6a4000 rw-p 00008000 00:30 1883947897                 /storage/home/hcoda1/4/hyu483/conda_envs/qgis332/lib/python3.11/lib-dynload/mmap.cpython-311-x86_64-linux-gnu.so
15548b6a4000-15548b8a4000 rw-p 00000000 00:00 0 
15548b8a4000-15548b8ab000 r--p 00000000 00:30 2005402119                 /storage/home/hcoda1/4/hyu483/conda_envs/qgis332/lib/python3.11/site-packages/pandas/_libs/join.cpython-311-x86_64-linux-gnu.so
15548b8ab000-15548b9c6000 r-xp 00007000 00:30 2005402119                 /storage/home/hcoda1/4/hyu483/conda_envs/qgis332/lib/python3.11/site-packages/pandas/_libs/join.cpython-311-x86_64-linux-gnu.so
15548b9c6000-15548b9d4000 r--p 00122000 00:30 2005402119                 /storage/home/hcoda1/4/hyu483/conda_envs/qgis332/lib/python3.11/site-packages/pandas/_libs/join.cpython-311-x86_64-linux-gnu.so
15548b9d4000-15548b9d5000 r--p 00130000 00:30 2005402119                 /storage/home/hcoda1/4/hyu483/conda_envs/qgis332/lib/python3.11/site-packages/pandas/_libs/join.cpython-311-x86_64-linux-gnu.so
15548b9d5000-15548b9d8000 rw-p 00131000 00:30 2005402119                 /storage/home/hcoda1/4/hyu483/conda_envs/qgis332/lib/python3.11/site-packages/pandas/_libs/join.cpython-311-x86_64-linux-gnu.so
15548b9d8000-15548b9da000 rw-p 00000000 00:00 0 
15548b9da000-15548b9e0000 r--p 00000000 00:30 2005412376                 /storage/home/hcoda1/4/hyu483/conda_envs/qgis332/lib/python3.11/site-packages/pandas/_libs/writers.cpython-311-x86_64-linux-gnu.so
15548b9e0000-15548ba05000 r-xp 00006000 00:30 2005412376                 /storage/home/hcoda1/4/hyu483/conda_envs/qgis332/lib/python3.11/site-packages/pandas/_libs/writers.cpython-311-x86_64-linux-gnu.so
15548ba05000-15548ba0d000 r--p 0002b000 00:30 2005412376                 /storage/home/hcoda1/4/hyu483/conda_envs/qgis332/lib/python3.11/site-packages/pandas/_libs/writers.cpython-311-x86_64-linux-gnu.so
15548ba0d000-15548ba0e000 r--p 00032000 00:30 2005412376                 /storage/home/hcoda1/4/hyu483/conda_envs/qgis332/lib/python3.11/site-packages/pandas/_libs/writers.cpython-311-x86_64-linux-gnu.so
15548ba0e000-15548ba10000 rw-p 00033000 00:30 2005412376                 /storage/home/hcoda1/4/hyu483/conda_envs/qgis332/lib/python3.11/site-packages/pandas/_libs/writers.cpython-311-x86_64-linux-gnu.so
15548ba10000-15548ba11000 rw-p 00000000 00:00 0 
15548ba11000-15548ba1b000 r--p 00000000 00:30 2005413789                 /storage/home/hcoda1/4/hyu483/conda_envs/qgis332/lib/python3.11/site-packages/pandas/_libs/index.cpython-311-x86_64-linux-gnu.so
15548ba1b000-15548babb000 r-xp 0000a000 00:30 2005413789                 /storage/home/hcoda1/4/hyu483/conda_envs/qgis332/lib/python3.11/site-packages/pandas/_libs/index.cpython-311-x86_64-linux-gnu.so
15548babb000-15548bad2000 r--p 000aa000 00:30 2005413789                 /storage/home/hcoda1/4/hyu483/conda_envs/qgis332/lib/python3.11/site-packages/pandas/_libs/index.cpython-311-x86_64-linux-gnu.so
15548bad2000-15548bad3000 r--p 000c0000 00:30 2005413789                 /storage/home/hcoda1/4/hyu483/conda_envs/qgis332/lib/python3.11/site-packages/pandas/_libs/index.cpython-311-x86_64-linux-gnu.so
15548bad3000-15548badb000 rw-p 000c1000 00:30 2005413789                 /storage/home/hcoda1/4/hyu483/conda_envs/qgis332/lib/python3.11/site-packages/pandas/_libs/index.cpython-311-x86_64-linux-gnu.so
15548badb000-15548bbde000 rw-p 00000000 00:00 0 
15548bbde000-15548bbe2000 r--p 00000000 00:30 2005415844                 /storage/home/hcoda1/4/hyu483/conda_envs/qgis332/lib/python3.11/site-packages/pandas/_libs/indexing.cpython-311-x86_64-linux-gnu.so
15548bbe2000-15548bbea000 r-xp 00004000 00:30 2005415844                 /storage/home/hcoda1/4/hyu483/conda_envs/qgis332/lib/python3.11/site-packages/pandas/_libs/indexing.cpython-311-x86_64-linux-gnu.so
15548bbea000-15548bbed000 r--p 0000c000 00:30 2005415844                 /storage/home/hcoda1/4/hyu483/conda_envs/qgis332/lib/python3.11/site-packages/pandas/_libs/indexing.cpython-311-x86_64-linux-gnu.so
15548bbed000-15548bbee000 r--p 0000e000 00:30 2005415844                 /storage/home/hcoda1/4/hyu483/conda_envs/qgis332/lib/python3.11/site-packages/pandas/_libs/indexing.cpython-311-x86_64-linux-gnu.so
15548bbee000-15548bbef000 rw-p 0000f000 00:30 2005415844                 /storage/home/hcoda1/4/hyu483/conda_envs/qgis332/lib/python3.11/site-packages/pandas/_libs/indexing.cpython-311-x86_64-linux-gnu.so
15548bbef000-15548bbf6000 r--p 00000000 00:30 2005412765                 /storage/home/hcoda1/4/hyu483/conda_envs/qgis332/lib/python3.11/site-packages/pandas/_libs/internals.cpython-311-x86_64-linux-gnu.so
15548bbf6000-15548bc37000 r-xp 00007000 00:30 2005412765                 /storage/home/hcoda1/4/hyu483/conda_envs/qgis332/lib/python3.11/site-packages/pandas/_libs/internals.cpython-311-x86_64-linux-gnu.so
15548bc37000-15548bc43000 r--p 00048000 00:30 2005412765                 /storage/home/hcoda1/4/hyu483/conda_envs/qgis332/lib/python3.11/site-packages/pandas/_libs/internals.cpython-311-x86_64-linux-gnu.so
15548bc43000-15548bc44000 r--p 00053000 00:30 2005412765                 /storage/home/hcoda1/4/hyu483/conda_envs/qgis332/lib/python3.11/site-packages/pandas/_libs/internals.cpython-311-x86_64-linux-gnu.so
15548bc44000-15548bc47000 rw-p 00054000 00:30 2005412765                 /storage/home/hcoda1/4/hyu483/conda_envs/qgis332/lib/python3.11/site-packages/pandas/_libs/internals.cpython-311-x86_64-linux-gnu.so
15548bc47000-15548bd49000 rw-p 00000000 00:00 0 
15548bd49000-15548bd50000 r--p 00000000 00:30 2005421142                 /storage/home/hcoda1/4/hyu483/conda_envs/qgis332/lib/python3.11/site-packages/pandas/_libs/sparse.cpython-311-x86_64-linux-gnu.so
15548bd50000-15548be06000 r-xp 00007000 00:30 2005421142                 /storage/home/hcoda1/4/hyu483/conda_envs/qgis332/lib/python3.11/site-packages/pandas/_libs/sparse.cpython-311-x86_64-linux-gnu.so
15548be06000-15548be13000 r--p 000bd000 00:30 2005421142                 /storage/home/hcoda1/4/hyu483/conda_envs/qgis332/lib/python3.11/site-packages/pandas/_libs/sparse.cpython-311-x86_64-linux-gnu.so
15548be13000-15548be14000 r--p 000ca000 00:30 2005421142                 /storage/home/hcoda1/4/hyu483/conda_envs/qgis332/lib/python3.11/site-packages/pandas/_libs/sparse.cpython-311-x86_64-linux-gnu.so
15548be14000-15548be17000 rw-p 000cb000 00:30 2005421142                 /storage/home/hcoda1/4/hyu483/conda_envs/qgis332/lib/python3.11/site-packages/pandas/_libs/sparse.cpython-311-x86_64-linux-gnu.so
15548be17000-15548be19000 rw-p 00000000 00:00 0 
15548be19000-15548be1f000 r--p 00000000 00:30 1896364421                 /storage/home/hcoda1/4/hyu483/conda_envs/qgis332/lib/python3.11/site-packages/pandas/_libs/tslib.cpython-311-x86_64-linux-gnu.so
15548be1f000-15548be55000 r-xp 00006000 00:30 1896364421                 /storage/home/hcoda1/4/hyu483/conda_envs/qgis332/lib/python3.11/site-packages/pandas/_libs/tslib.cpython-311-x86_64-linux-gnu.so
15548be55000-15548be5f000 r--p 0003c000 00:30 1896364421                 /storage/home/hcoda1/4/hyu483/conda_envs/qgis332/lib/python3.11/site-packages/pandas/_libs/tslib.cpython-311-x86_64-linux-gnu.so
15548be5f000-15548be60000 r--p 00045000 00:30 1896364421                 /storage/home/hcoda1/4/hyu483/conda_envs/qgis332/lib/python3.11/site-packages/pandas/_libs/tslib.cpython-311-x86_64-linux-gnu.so
15548be60000-15548be62000 rw-p 00046000 00:30 1896364421                 /storage/home/hcoda1/4/hyu483/conda_envs/qgis332/lib/python3.11/site-packages/pandas/_libs/tslib.cpython-311-x86_64-linux-gnu.so
15548be62000-15548bf63000 rw-p 00000000 00:00 0 
15548bf63000-15548bf67000 r--p 00000000 00:30 2005417720                 /storage/home/hcoda1/4/hyu483/conda_envs/qgis332/lib/python3.11/site-packages/pandas/_libs/arrays.cpython-311-x86_64-linux-gnu.so
15548bf67000-15548bf79000 r-xp 00004000 00:30 2005417720                 /storage/home/hcoda1/4/hyu483/conda_envs/qgis332/lib/python3.11/site-packages/pandas/_libs/arrays.cpython-311-x86_64-linux-gnu.so
15548bf79000-15548bf7d000 r--p 00016000 00:30 2005417720                 /storage/home/hcoda1/4/hyu483/conda_envs/qgis332/lib/python3.11/site-packages/pandas/_libs/arrays.cpython-311-x86_64-linux-gnu.so
15548bf7d000-15548bf7e000 r--p 0001a000 00:30 2005417720                 /storage/home/hcoda1/4/hyu483/conda_envs/qgis332/lib/python3.11/site-packages/pandas/_libs/arrays.cpython-311-x86_64-linux-gnu.so
15548bf7e000-15548bf7f000 rw-p 0001b000 00:30 2005417720                 /storage/home/hcoda1/4/hyu483/conda_envs/qgis332/lib/python3.11/site-packages/pandas/_libs/arrays.cpython-311-x86_64-linux-gnu.so
15548bf7f000-15548bf80000 rw-p 00000000 00:00 0 
15548bf80000-15548bf85000 r--p 00000000 00:30 2005418679                 /storage/home/hcoda1/4/hyu483/conda_envs/qgis332/lib/python3.11/site-packages/pandas/_libs/hashing.cpython-311-x86_64-linux-gnu.so
15548bf85000-15548bfa3000 r-xp 00005000 00:30 2005418679                 /storage/home/hcoda1/4/hyu483/conda_envs/qgis332/lib/python3.11/site-packages/pandas/_libs/hashing.cpython-311-x86_64-linux-gnu.so
15548bfa3000-15548bfaa000 r--p 00023000 00:30 2005418679                 /storage/home/hcoda1/4/hyu483/conda_envs/qgis332/lib/python3.11/site-packages/pandas/_libs/hashing.cpython-311-x86_64-linux-gnu.so
15548bfaa000-15548bfab000 r--p 0002a000 00:30 2005418679                 /storage/home/hcoda1/4/hyu483/conda_envs/qgis332/lib/python3.11/site-packages/pandas/_libs/hashing.cpython-311-x86_64-linux-gnu.so
15548bfab000-15548bfad000 rw-p 0002b000 00:30 2005418679                 /storage/home/hcoda1/4/hyu483/conda_envs/qgis332/lib/python3.11/site-packages/pandas/_libs/hashing.cpython-311-x86_64-linux-gnu.so
15548bfad000-15548c0ad000 rw-p 00000000 00:00 0 
15548c0ad000-15548c0ae000 ---p 00000000 00:00 0 
15548c0ae000-15548c2ae000 rw-p 00000000 00:00 0 
15548c2ae000-15548c2af000 ---p 00000000 00:00 0 
15548c2af000-15548c4af000 rw-p 00000000 00:00 0 
15548c4af000-15548c4b0000 ---p 00000000 00:00 0 
15548c4b0000-15548c6b0000 rw-p 00000000 00:00 0 
15548c6b0000-15548c6b1000 ---p 00000000 00:00 0 
15548c6b1000-15548c8b1000 rw-p 00000000 00:00 0 
15548c8b1000-15548c8b2000 ---p 00000000 00:00 0 
15548c8b2000-15548cab2000 rw-p 00000000 00:00 0 
15548cab2000-15548cab3000 ---p 00000000 00:00 0 
15548cab3000-15548ccb3000 rw-p 00000000 00:00 0 
15548ccb3000-15548ccb4000 ---p 00000000 00:00 0 
15548ccb4000-15548ceb4000 rw-p 00000000 00:00 0 
15548ceb4000-15548ceb5000 ---p 00000000 00:00 0 
15548ceb5000-15548d0b5000 rw-p 00000000 00:00 0 
15548d0b5000-15548d0b6000 ---p 00000000 00:00 0 
15548d0b6000-15548d2b6000 rw-p 00000000 00:00 0 
15548d2b6000-15548d2b7000 ---p 00000000 00:00 0 
15548d2b7000-15548d4b7000 rw-p 00000000 00:00 0 
15548d4b7000-15548d4b8000 ---p 00000000 00:00 0 
15548d4b8000-15548d6b8000 rw-p 00000000 00:00 0 
15548d6b8000-15548d6b9000 ---p 00000000 00:00 0 
15548d6b9000-15548d8b9000 rw-p 00000000 00:00 0 
15548d8b9000-15548d8ba000 ---p 00000000 00:00 0 
15548d8ba000-15548daba000 rw-p 00000000 00:00 0 
15548daba000-15548dabb000 ---p 00000000 00:00 0 
15548dabb000-15548dcbb000 rw-p 00000000 00:00 0 
15548dcbb000-15548dcbc000 ---p 00000000 00:00 0 
15548dcbc000-15548debc000 rw-p 00000000 00:00 0 
15548debc000-15548debd000 ---p 00000000 00:00 0 
15548debd000-15548e0bd000 rw-p 00000000 00:00 0 
15548e0bd000-15548e0c1000 r--p 00000000 00:30 1886350353                 /storage/home/hcoda1/4/hyu483/.local/lib/python3.11/site-packages/numexpr/interpreter.cpython-311-x86_64-linux-gnu.so
15548e0c1000-15548e0e8000 r-xp 00004000 00:30 1886350353                 /storage/home/hcoda1/4/hyu483/.local/lib/python3.11/site-packages/numexpr/interpreter.cpython-311-x86_64-linux-gnu.so
15548e0e8000-15548e0eb000 r--p 0002b000 00:30 1886350353                 /storage/home/hcoda1/4/hyu483/.local/lib/python3.11/site-packages/numexpr/interpreter.cpython-311-x86_64-linux-gnu.so
15548e0eb000-15548e0ec000 r--p 0002e000 00:30 1886350353                 /storage/home/hcoda1/4/hyu483/.local/lib/python3.11/site-packages/numexpr/interpreter.cpython-311-x86_64-linux-gnu.so
15548e0ec000-15548e0ed000 rw-p 0002f000 00:30 1886350353                 /storage/home/hcoda1/4/hyu483/.local/lib/python3.11/site-packages/numexpr/interpreter.cpython-311-x86_64-linux-gnu.so
15548e0ed000-15548e0f3000 r--p 00000000 00:30 2005531780                 /storage/home/hcoda1/4/hyu483/conda_envs/qgis332/lib/python3.11/site-packages/pandas/_libs/ops.cpython-311-x86_64-linux-gnu.so
15548e0f3000-15548e11b000 r-xp 00006000 00:30 2005531780                 /storage/home/hcoda1/4/hyu483/conda_envs/qgis332/lib/python3.11/site-packages/pandas/_libs/ops.cpython-311-x86_64-linux-gnu.so
15548e11b000-15548e123000 r--p 0002e000 00:30 2005531780                 /storage/home/hcoda1/4/hyu483/conda_envs/qgis332/lib/python3.11/site-packages/pandas/_libs/ops.cpython-311-x86_64-linux-gnu.so
15548e123000-15548e124000 r--p 00035000 00:30 2005531780                 /storage/home/hcoda1/4/hyu483/conda_envs/qgis332/lib/python3.11/site-packages/pandas/_libs/ops.cpython-311-x86_64-linux-gnu.so
15548e124000-15548e126000 rw-p 00036000 00:30 2005531780                 /storage/home/hcoda1/4/hyu483/conda_envs/qgis332/lib/python3.11/site-packages/pandas/_libs/ops.cpython-311-x86_64-linux-gnu.so
15548e126000-15548e227000 rw-p 00000000 00:00 0 
15548e227000-15548e230000 r--p 00000000 00:30 2005420455                 /storage/home/hcoda1/4/hyu483/conda_envs/qgis332/lib/python3.11/site-packages/pandas/_libs/lib.cpython-311-x86_64-linux-gnu.so
15548e230000-15548e2cb000 r-xp 00009000 00:30 2005420455                 /storage/home/hcoda1/4/hyu483/conda_envs/qgis332/lib/python3.11/site-packages/pandas/_libs/lib.cpython-311-x86_64-linux-gnu.so
15548e2cb000-15548e2e2000 r--p 000a4000 00:30 2005420455                 /storage/home/hcoda1/4/hyu483/conda_envs/qgis332/lib/python3.11/site-packages/pandas/_libs/lib.cpython-311-x86_64-linux-gnu.so
15548e2e2000-15548e2e3000 r--p 000bb000 00:30 2005420455                 /storage/home/hcoda1/4/hyu483/conda_envs/qgis332/lib/python3.11/site-packages/pandas/_libs/lib.cpython-311-x86_64-linux-gnu.so
15548e2e3000-15548e2e9000 rw-p 000bc000 00:30 2005420455                 /storage/home/hcoda1/4/hyu483/conda_envs/qgis332/lib/python3.11/site-packages/pandas/_libs/lib.cpython-311-x86_64-linux-gnu.so
15548e2e9000-15548e2eb000 rw-p 00000000 00:00 0 
15548e2eb000-15548e2f4000 r--p 00000000 00:30 2094260140                 /storage/home/hcoda1/4/hyu483/conda_envs/qgis332/lib/python3.11/site-packages/pandas/_libs/algos.cpython-311-x86_64-linux-gnu.so
15548e2f4000-15548e4af000 r-xp 00009000 00:30 2094260140                 /storage/home/hcoda1/4/hyu483/conda_envs/qgis332/lib/python3.11/site-packages/pandas/_libs/algos.cpython-311-x86_64-linux-gnu.so
15548e4af000-15548e4ca000 r--p 001c4000 00:30 2094260140                 /storage/home/hcoda1/4/hyu483/conda_envs/qgis332/lib/python3.11/site-packages/pandas/_libs/algos.cpython-311-x86_64-linux-gnu.so
15548e4ca000-15548e4cb000 r--p 001df000 00:30 2094260140                 /storage/home/hcoda1/4/hyu483/conda_envs/qgis332/lib/python3.11/site-packages/pandas/_libs/algos.cpython-311-x86_64-linux-gnu.so
15548e4cb000-15548e4cf000 rw-p 001e0000 00:30 2094260140                 /storage/home/hcoda1/4/hyu483/conda_envs/qgis332/lib/python3.11/site-packages/pandas/_libs/algos.cpython-311-x86_64-linux-gnu.so
15548e4cf000-15548e4d3000 rw-p 00000000 00:00 0 
15548e4d3000-15548e4d6000 r--p 00000000 00:30 2005412605                 /storage/home/hcoda1/4/hyu483/conda_envs/qgis332/lib/python3.11/site-packages/pandas/_libs/ops_dispatch.cpython-311-x86_64-linux-gnu.so
15548e4d6000-15548e4de000 r-xp 00003000 00:30 2005412605                 /storage/home/hcoda1/4/hyu483/conda_envs/qgis332/lib/python3.11/site-packages/pandas/_libs/ops_dispatch.cpython-311-x86_64-linux-gnu.so
15548e4de000-15548e4e0000 r--p 0000b000 00:30 2005412605                 /storage/home/hcoda1/4/hyu483/conda_envs/qgis332/lib/python3.11/site-packages/pandas/_libs/ops_dispatch.cpython-311-x86_64-linux-gnu.so
15548e4e0000-15548e4e1000 r--p 0000d000 00:30 2005412605                 /storage/home/hcoda1/4/hyu483/conda_envs/qgis332/lib/python3.11/site-packages/pandas/_libs/ops_dispatch.cpython-311-x86_64-linux-gnu.so
15548e4e1000-15548e4e2000 rw-p 0000e000 00:30 2005412605                 /storage/home/hcoda1/4/hyu483/conda_envs/qgis332/lib/python3.11/site-packages/pandas/_libs/ops_dispatch.cpython-311-x86_64-linux-gnu.so
15548e4e2000-15548e4e7000 r--p 00000000 00:30 2005422337                 /storage/home/hcoda1/4/hyu483/conda_envs/qgis332/lib/python3.11/site-packages/pandas/_libs/tslibs/vectorized.cpython-311-x86_64-linux-gnu.so
15548e4e7000-15548e50b000 r-xp 00005000 00:30 2005422337                 /storage/home/hcoda1/4/hyu483/conda_envs/qgis332/lib/python3.11/site-packages/pandas/_libs/tslibs/vectorized.cpython-311-x86_64-linux-gnu.so
15548e50b000-15548e513000 r--p 00029000 00:30 2005422337                 /storage/home/hcoda1/4/hyu483/conda_envs/qgis332/lib/python3.11/site-packages/pandas/_libs/tslibs/vectorized.cpython-311-x86_64-linux-gnu.so
15548e513000-15548e514000 r--p 00031000 00:30 2005422337                 /storage/home/hcoda1/4/hyu483/conda_envs/qgis332/lib/python3.11/site-packages/pandas/_libs/tslibs/vectorized.cpython-311-x86_64-linux-gnu.so
15548e514000-15548e516000 rw-p 00032000 00:30 2005422337                 /storage/home/hcoda1/4/hyu483/conda_envs/qgis332/lib/python3.11/site-packages/pandas/_libs/tslibs/vectorized.cpython-311-x86_64-linux-gnu.so
15548e516000-15548e51d000 r--p 00000000 00:30 2005421285                 /storage/home/hcoda1/4/hyu483/conda_envs/qgis332/lib/python3.11/site-packages/pandas/_libs/tslibs/period.cpython-311-x86_64-linux-gnu.so
15548e51d000-15548e56e000 r-xp 00007000 00:30 2005421285                 /storage/home/hcoda1/4/hyu483/conda_envs/qgis332/lib/python3.11/site-packages/pandas/_libs/tslibs/period.cpython-311-x86_64-linux-gnu.so
15548e56e000-15548e586000 r--p 00058000 00:30 2005421285                 /storage/home/hcoda1/4/hyu483/conda_envs/qgis332/lib/python3.11/site-packages/pandas/_libs/tslibs/period.cpython-311-x86_64-linux-gnu.so
15548e586000-15548e587000 r--p 00070000 00:30 2005421285                 /storage/home/hcoda1/4/hyu483/conda_envs/qgis332/lib/python3.11/site-packages/pandas/_libs/tslibs/period.cpython-311-x86_64-linux-gnu.so
15548e587000-15548e58a000 rw-p 00071000 00:30 2005421285                 /storage/home/hcoda1/4/hyu483/conda_envs/qgis332/lib/python3.11/site-packages/pandas/_libs/tslibs/period.cpython-311-x86_64-linux-gnu.so
15548e58a000-15548e58b000 rw-p 00000000 00:00 0 
15548e58b000-15548e591000 r--p 00000000 00:30 2005418514                 /storage/home/hcoda1/4/hyu483/conda_envs/qgis332/lib/python3.11/site-packages/pandas/_libs/tslibs/strptime.cpython-311-x86_64-linux-gnu.so
15548e591000-15548e5d5000 r-xp 00006000 00:30 2005418514                 /storage/home/hcoda1/4/hyu483/conda_envs/qgis332/lib/python3.11/site-packages/pandas/_libs/tslibs/strptime.cpython-311-x86_64-linux-gnu.so
15548e5d5000-15548e5df000 r--p 0004a000 00:30 2005418514                 /storage/home/hcoda1/4/hyu483/conda_envs/qgis332/lib/python3.11/site-packages/pandas/_libs/tslibs/strptime.cpython-311-x86_64-linux-gnu.so
15548e5df000-15548e5e0000 r--p 00054000 00:30 2005418514                 /storage/home/hcoda1/4/hyu483/conda_envs/qgis332/lib/python3.11/site-packages/pandas/_libs/tslibs/strptime.cpython-311-x86_64-linux-gnu.so
15548e5e0000-15548e5e2000 rw-p 00055000 00:30 2005418514                 /storage/home/hcoda1/4/hyu483/conda_envs/qgis332/lib/python3.11/site-packages/pandas/_libs/tslibs/strptime.cpython-311-x86_64-linux-gnu.so
15548e5e2000-15548e6e3000 rw-p 00000000 00:00 0 
15548e6e3000-15548e6ea000 r--p 00000000 00:30 2005411455                 /storage/home/hcoda1/4/hyu483/conda_envs/qgis332/lib/python3.11/site-packages/pandas/_libs/tslibs/parsing.cpython-311-x86_64-linux-gnu.so
15548e6ea000-15548e732000 r-xp 00007000 00:30 2005411455                 /storage/home/hcoda1/4/hyu483/conda_envs/qgis332/lib/python3.11/site-packages/pandas/_libs/tslibs/parsing.cpython-311-x86_64-linux-gnu.so
15548e732000-15548e73e000 r--p 0004f000 00:30 2005411455                 /storage/home/hcoda1/4/hyu483/conda_envs/qgis332/lib/python3.11/site-packages/pandas/_libs/tslibs/parsing.cpython-311-x86_64-linux-gnu.so
15548e73e000-15548e73f000 r--p 0005b000 00:30 2005411455                 /storage/home/hcoda1/4/hyu483/conda_envs/qgis332/lib/python3.11/site-packages/pandas/_libs/tslibs/parsing.cpython-311-x86_64-linux-gnu.so
15548e73f000-15548e741000 rw-p 0005c000 00:30 2005411455                 /storage/home/hcoda1/4/hyu483/conda_envs/qgis332/lib/python3.11/site-packages/pandas/_libs/tslibs/parsing.cpython-311-x86_64-linux-gnu.so
15548e741000-15548e743000 rw-p 00000000 00:00 0 
15548e743000-15548e747000 r--p 00000000 00:30 2005532411                 /storage/home/hcoda1/4/hyu483/conda_envs/qgis332/lib/python3.11/site-packages/pandas/_libs/properties.cpython-311-x86_64-linux-gnu.so
15548e747000-15548e752000 r-xp 00004000 00:30 2005532411                 /storage/home/hcoda1/4/hyu483/conda_envs/qgis332/lib/python3.11/site-packages/pandas/_libs/properties.cpython-311-x86_64-linux-gnu.so
15548e752000-15548e755000 r--p 0000f000 00:30 2005532411                 /storage/home/hcoda1/4/hyu483/conda_envs/qgis332/lib/python3.11/site-packages/pandas/_libs/properties.cpython-311-x86_64-linux-gnu.so
15548e755000-15548e756000 r--p 00012000 00:30 2005532411                 /storage/home/hcoda1/4/hyu483/conda_envs/qgis332/lib/python3.11/site-packages/pandas/_libs/properties.cpython-311-x86_64-linux-gnu.so
15548e756000-15548e757000 rw-p 00013000 00:30 2005532411                 /storage/home/hcoda1/4/hyu483/conda_envs/qgis332/lib/python3.11/site-packages/pandas/_libs/properties.cpython-311-x86_64-linux-gnu.so
15548e757000-15548e75d000 r--p 00000000 00:30 2005413418                 /storage/home/hcoda1/4/hyu483/conda_envs/qgis332/lib/python3.11/site-packages/pandas/_libs/tslibs/tzconversion.cpython-311-x86_64-linux-gnu.so
15548e75d000-15548e793000 r-xp 00006000 00:30 2005413418                 /storage/home/hcoda1/4/hyu483/conda_envs/qgis332/lib/python3.11/site-packages/pandas/_libs/tslibs/tzconversion.cpython-311-x86_64-linux-gnu.so
15548e793000-15548e79c000 r--p 0003c000 00:30 2005413418                 /storage/home/hcoda1/4/hyu483/conda_envs/qgis332/lib/python3.11/site-packages/pandas/_libs/tslibs/tzconversion.cpython-311-x86_64-linux-gnu.so
15548e79c000-15548e79d000 r--p 00045000 00:30 2005413418                 /storage/home/hcoda1/4/hyu483/conda_envs/qgis332/lib/python3.11/site-packages/pandas/_libs/tslibs/tzconversion.cpython-311-x86_64-linux-gnu.so
15548e79d000-15548e79f000 rw-p 00046000 00:30 2005413418                 /storage/home/hcoda1/4/hyu483/conda_envs/qgis332/lib/python3.11/site-packages/pandas/_libs/tslibs/tzconversion.cpython-311-x86_64-linux-gnu.so
15548e79f000-15548e7a0000 rw-p 00000000 00:00 0 
15548e7a0000-15548e7a6000 r--p 00000000 00:30 2005410152                 /storage/home/hcoda1/4/hyu483/conda_envs/qgis332/lib/python3.11/site-packages/pandas/_libs/tslibs/fields.cpython-311-x86_64-linux-gnu.so
15548e7a6000-15548e7dd000 r-xp 00006000 00:30 2005410152                 /storage/home/hcoda1/4/hyu483/conda_envs/qgis332/lib/python3.11/site-packages/pandas/_libs/tslibs/fields.cpython-311-x86_64-linux-gnu.so
15548e7dd000-15548e7e7000 r--p 0003d000 00:30 2005410152                 /storage/home/hcoda1/4/hyu483/conda_envs/qgis332/lib/python3.11/site-packages/pandas/_libs/tslibs/fields.cpython-311-x86_64-linux-gnu.so
15548e7e7000-15548e7e8000 r--p 00046000 00:30 2005410152                 /storage/home/hcoda1/4/hyu483/conda_envs/qgis332/lib/python3.11/site-packages/pandas/_libs/tslibs/fields.cpython-311-x86_64-linux-gnu.so
15548e7e8000-15548e7ea000 rw-p 00047000 00:30 2005410152                 /storage/home/hcoda1/4/hyu483/conda_envs/qgis332/lib/python3.11/site-packages/pandas/_libs/tslibs/fields.cpython-311-x86_64-linux-gnu.so
15548e7ea000-15548e7eb000 rw-p 00000000 00:00 0 
15548e7eb000-15548e7ed000 r--p 00000000 00:30 1883947889                 /storage/home/hcoda1/4/hyu483/conda_envs/qgis332/lib/python3.11/lib-dynload/_zoneinfo.cpython-311-x86_64-linux-gnu.so
15548e7ed000-15548e7f2000 r-xp 00002000 00:30 1883947889                 /storage/home/hcoda1/4/hyu483/conda_envs/qgis332/lib/python3.11/lib-dynload/_zoneinfo.cpython-311-x86_64-linux-gnu.so
15548e7f2000-15548e7f3000 r--p 00007000 00:30 1883947889                 /storage/home/hcoda1/4/hyu483/conda_envs/qgis332/lib/python3.11/lib-dynload/_zoneinfo.cpython-311-x86_64-linux-gnu.so
15548e7f3000-15548e7f4000 r--p 00008000 00:30 1883947889                 /storage/home/hcoda1/4/hyu483/conda_envs/qgis332/lib/python3.11/lib-dynload/_zoneinfo.cpython-311-x86_64-linux-gnu.so
15548e7f4000-15548e7f5000 rw-p 00009000 00:30 1883947889                 /storage/home/hcoda1/4/hyu483/conda_envs/qgis332/lib/python3.11/lib-dynload/_zoneinfo.cpython-311-x86_64-linux-gnu.so
15548e7f5000-15548e7fb000 r--p 00000000 00:30 2094164605                 /storage/home/hcoda1/4/hyu483/conda_envs/qgis332/lib/python3.11/site-packages/pandas/_libs/tslibs/timezones.cpython-311-x86_64-linux-gnu.so
15548e7fb000-15548e828000 r-xp 00006000 00:30 2094164605                 /storage/home/hcoda1/4/hyu483/conda_envs/qgis332/lib/python3.11/site-packages/pandas/_libs/tslibs/timezones.cpython-311-x86_64-linux-gnu.so
15548e828000-15548e831000 r--p 00033000 00:30 2094164605                 /storage/home/hcoda1/4/hyu483/conda_envs/qgis332/lib/python3.11/site-packages/pandas/_libs/tslibs/timezones.cpython-311-x86_64-linux-gnu.so
15548e831000-15548e832000 r--p 0003b000 00:30 2094164605                 /storage/home/hcoda1/4/hyu483/conda_envs/qgis332/lib/python3.11/site-packages/pandas/_libs/tslibs/timezones.cpython-311-x86_64-linux-gnu.so
15548e832000-15548e834000 rw-p 0003c000 00:30 2094164605                 /storage/home/hcoda1/4/hyu483/conda_envs/qgis332/lib/python3.11/site-packages/pandas/_libs/tslibs/timezones.cpython-311-x86_64-linux-gnu.so
15548e834000-15548e835000 rw-p 00000000 00:00 0 
15548e835000-15548e83d000 r--p 00000000 00:30 2005412434                 /storage/home/hcoda1/4/hyu483/conda_envs/qgis332/lib/python3.11/site-packages/pandas/_libs/tslibs/timedeltas.cpython-311-x86_64-linux-gnu.so
15548e83d000-15548e8a8000 r-xp 00008000 00:30 2005412434                 /storage/home/hcoda1/4/hyu483/conda_envs/qgis332/lib/python3.11/site-packages/pandas/_libs/tslibs/timedeltas.cpython-311-x86_64-linux-gnu.so
15548e8a8000-15548e8bc000 r--p 00073000 00:30 2005412434                 /storage/home/hcoda1/4/hyu483/conda_envs/qgis332/lib/python3.11/site-packages/pandas/_libs/tslibs/timedeltas.cpython-311-x86_64-linux-gnu.so
15548e8bc000-15548e8bd000 r--p 00087000 00:30 2005412434                 /storage/home/hcoda1/4/hyu483/conda_envs/qgis332/lib/python3.11/site-packages/pandas/_libs/tslibs/timedeltas.cpython-311-x86_64-linux-gnu.so
15548e8bd000-15548e8c0000 rw-p 00088000 00:30 2005412434                 /storage/home/hcoda1/4/hyu483/conda_envs/qgis332/lib/python3.11/site-packages/pandas/_libs/tslibs/timedeltas.cpython-311-x86_64-linux-gnu.so
15548e8c0000-15548e8c2000 rw-p 00000000 00:00 0 
15548e8c2000-15548e8c7000 r--p 00000000 00:30 2005404136                 /storage/home/hcoda1/4/hyu483/conda_envs/qgis332/lib/python3.11/site-packages/pandas/_libs/tslibs/nattype.cpython-311-x86_64-linux-gnu.so
15548e8c7000-15548e8e9000 r-xp 00005000 00:30 2005404136                 /storage/home/hcoda1/4/hyu483/conda_envs/qgis332/lib/python3.11/site-packages/pandas/_libs/tslibs/nattype.cpython-311-x86_64-linux-gnu.so
15548e8e9000-15548e8f6000 r--p 00027000 00:30 2005404136                 /storage/home/hcoda1/4/hyu483/conda_envs/qgis332/lib/python3.11/site-packages/pandas/_libs/tslibs/nattype.cpython-311-x86_64-linux-gnu.so
15548e8f6000-15548e8f7000 r--p 00034000 00:30 2005404136                 /storage/home/hcoda1/4/hyu483/conda_envs/qgis332/lib/python3.11/site-packages/pandas/_libs/tslibs/nattype.cpython-311-x86_64-linux-gnu.so
15548e8f7000-15548e8f9000 rw-p 00035000 00:30 2005404136                 /storage/home/hcoda1/4/hyu483/conda_envs/qgis332/lib/python3.11/site-packages/pandas/_libs/tslibs/nattype.cpython-311-x86_64-linux-gnu.so
15548e8f9000-15548e8fa000 rw-p 00000000 00:00 0 
15548e8fa000-15548e902000 r--p 00000000 00:30 2005422025                 /storage/home/hcoda1/4/hyu483/conda_envs/qgis332/lib/python3.11/site-packages/pandas/_libs/tslibs/timestamps.cpython-311-x86_64-linux-gnu.so
15548e902000-15548e966000 r-xp 00008000 00:30 2005422025                 /storage/home/hcoda1/4/hyu483/conda_envs/qgis332/lib/python3.11/site-packages/pandas/_libs/tslibs/timestamps.cpython-311-x86_64-linux-gnu.so
15548e966000-15548e987000 r--p 0006c000 00:30 2005422025                 /storage/home/hcoda1/4/hyu483/conda_envs/qgis332/lib/python3.11/site-packages/pandas/_libs/tslibs/timestamps.cpython-311-x86_64-linux-gnu.so
15548e987000-15548e988000 r--p 0008c000 00:30 2005422025                 /storage/home/hcoda1/4/hyu483/conda_envs/qgis332/lib/python3.11/site-packages/pandas/_libs/tslibs/timestamps.cpython-311-x86_64-linux-gnu.so
15548e988000-15548e98b000 rw-p 0008d000 00:30 2005422025                 /storage/home/hcoda1/4/hyu483/conda_envs/qgis332/lib/python3.11/site-packages/pandas/_libs/tslibs/timestamps.cpython-311-x86_64-linux-gnu.so
15548e98b000-15548e98d000 rw-p 00000000 00:00 0 
15548e98d000-15548e999000 r--p 00000000 00:30 2005416137                 /storage/home/hcoda1/4/hyu483/conda_envs/qgis332/lib/python3.11/site-packages/pandas/_libs/tslibs/offsets.cpython-311-x86_64-linux-gnu.so
15548e999000-15548ea5c000 r-xp 0000c000 00:30 2005416137                 /storage/home/hcoda1/4/hyu483/conda_envs/qgis332/lib/python3.11/site-packages/pandas/_libs/tslibs/offsets.cpython-311-x86_64-linux-gnu.so
15548ea5c000-15548ea81000 r--p 000cf000 00:30 2005416137                 /storage/home/hcoda1/4/hyu483/conda_envs/qgis332/lib/python3.11/site-packages/pandas/_libs/tslibs/offsets.cpython-311-x86_64-linux-gnu.so
15548ea81000-15548ea82000 r--p 000f4000 00:30 2005416137                 /storage/home/hcoda1/4/hyu483/conda_envs/qgis332/lib/python3.11/site-packages/pandas/_libs/tslibs/offsets.cpython-311-x86_64-linux-gnu.so
15548ea82000-15548ea8c000 rw-p 000f5000 00:30 2005416137                 /storage/home/hcoda1/4/hyu483/conda_envs/qgis332/lib/python3.11/site-packages/pandas/_libs/tslibs/offsets.cpython-311-x86_64-linux-gnu.so
15548ea8c000-15548ea8f000 rw-p 00000000 00:00 0 
15548ea8f000-15548ea93000 r--p 00000000 00:30 2005412613                 /storage/home/hcoda1/4/hyu483/conda_envs/qgis332/lib/python3.11/site-packages/pandas/_libs/tslibs/base.cpython-311-x86_64-linux-gnu.so
15548ea93000-15548ea9a000 r-xp 00004000 00:30 2005412613                 /storage/home/hcoda1/4/hyu483/conda_envs/qgis332/lib/python3.11/site-packages/pandas/_libs/tslibs/base.cpython-311-x86_64-linux-gnu.so
15548ea9a000-15548ea9c000 r--p 0000b000 00:30 2005412613                 /storage/home/hcoda1/4/hyu483/conda_envs/qgis332/lib/python3.11/site-packages/pandas/_libs/tslibs/base.cpython-311-x86_64-linux-gnu.so
15548ea9c000-15548ea9d000 r--p 0000d000 00:30 2005412613                 /storage/home/hcoda1/4/hyu483/conda_envs/qgis332/lib/python3.11/site-packages/pandas/_libs/tslibs/base.cpython-311-x86_64-linux-gnu.so
15548ea9d000-15548ea9e000 rw-p 0000e000 00:30 2005412613                 /storage/home/hcoda1/4/hyu483/conda_envs/qgis332/lib/python3.11/site-packages/pandas/_libs/tslibs/base.cpython-311-x86_64-linux-gnu.so
15548ea9e000-15548eaa4000 r--p 00000000 00:30 2005419835                 /storage/home/hcoda1/4/hyu483/conda_envs/qgis332/lib/python3.11/site-packages/pandas/_libs/tslibs/conversion.cpython-311-x86_64-linux-gnu.so
15548eaa4000-15548ead4000 r-xp 00006000 00:30 2005419835                 /storage/home/hcoda1/4/hyu483/conda_envs/qgis332/lib/python3.11/site-packages/pandas/_libs/tslibs/conversion.cpython-311-x86_64-linux-gnu.so
15548ead4000-15548eadd000 r--p 00036000 00:30 2005419835                 /storage/home/hcoda1/4/hyu483/conda_envs/qgis332/lib/python3.11/site-packages/pandas/_libs/tslibs/conversion.cpython-311-x86_64-linux-gnu.so
15548eadd000-15548eade000 r--p 0003f000 00:30 2005419835                 /storage/home/hcoda1/4/hyu483/conda_envs/qgis332/lib/python3.11/site-packages/pandas/_libs/tslibs/conversion.cpython-311-x86_64-linux-gnu.so
15548eade000-15548eae0000 rw-p 00040000 00:30 2005419835                 /storage/home/hcoda1/4/hyu483/conda_envs/qgis332/lib/python3.11/site-packages/pandas/_libs/tslibs/conversion.cpython-311-x86_64-linux-gnu.so
15548eae0000-15548eae1000 rw-p 00000000 00:00 0 
15548eae1000-15548eae5000 r--p 00000000 00:30 2005420583                 /storage/home/hcoda1/4/hyu483/conda_envs/qgis332/lib/python3.11/site-packages/pandas/_libs/tslibs/np_datetime.cpython-311-x86_64-linux-gnu.so
15548eae5000-15548eafd000 r-xp 00004000 00:30 2005420583                 /storage/home/hcoda1/4/hyu483/conda_envs/qgis332/lib/python3.11/site-packages/pandas/_libs/tslibs/np_datetime.cpython-311-x86_64-linux-gnu.so
15548eafd000-15548eb02000 r--p 0001c000 00:30 2005420583                 /storage/home/hcoda1/4/hyu483/conda_envs/qgis332/lib/python3.11/site-packages/pandas/_libs/tslibs/np_datetime.cpython-311-x86_64-linux-gnu.so
15548eb02000-15548eb03000 r--p 00021000 00:30 2005420583                 /storage/home/hcoda1/4/hyu483/conda_envs/qgis332/lib/python3.11/site-packages/pandas/_libs/tslibs/np_datetime.cpython-311-x86_64-linux-gnu.so
15548eb03000-15548eb04000 rw-p 00022000 00:30 2005420583                 /storage/home/hcoda1/4/hyu483/conda_envs/qgis332/lib/python3.11/site-packages/pandas/_libs/tslibs/np_datetime.cpython-311-x86_64-linux-gnu.so
15548eb04000-15548eb08000 r--p 00000000 00:30 2005415204                 /storage/home/hcoda1/4/hyu483/conda_envs/qgis332/lib/python3.11/site-packages/pandas/_libs/tslibs/ccalendar.cpython-311-x86_64-linux-gnu.so
15548eb08000-15548eb12000 r-xp 00004000 00:30 2005415204                 /storage/home/hcoda1/4/hyu483/conda_envs/qgis332/lib/python3.11/site-packages/pandas/_libs/tslibs/ccalendar.cpython-311-x86_64-linux-gnu.so
15548eb12000-15548eb15000 r--p 0000e000 00:30 2005415204                 /storage/home/hcoda1/4/hyu483/conda_envs/qgis332/lib/python3.11/site-packages/pandas/_libs/tslibs/ccalendar.cpython-311-x86_64-linux-gnu.so
15548eb15000-15548eb16000 r--p 00011000 00:30 2005415204                 /storage/home/hcoda1/4/hyu483/conda_envs/qgis332/lib/python3.11/site-packages/pandas/_libs/tslibs/ccalendar.cpython-311-x86_64-linux-gnu.so
15548eb16000-15548eb17000 rw-p 00012000 00:30 2005415204                 /storage/home/hcoda1/4/hyu483/conda_envs/qgis332/lib/python3.11/site-packages/pandas/_libs/tslibs/ccalendar.cpython-311-x86_64-linux-gnu.so
15548eb17000-15548eb1c000 r--p 00000000 00:30 2005408511                 /storage/home/hcoda1/4/hyu483/conda_envs/qgis332/lib/python3.11/site-packages/pandas/_libs/tslibs/dtypes.cpython-311-x86_64-linux-gnu.so
15548eb1c000-15548eb3d000 r-xp 00005000 00:30 2005408511                 /storage/home/hcoda1/4/hyu483/conda_envs/qgis332/lib/python3.11/site-packages/pandas/_libs/tslibs/dtypes.cpython-311-x86_64-linux-gnu.so
15548eb3d000-15548eb43000 r--p 00026000 00:30 2005408511                 /storage/home/hcoda1/4/hyu483/conda_envs/qgis332/lib/python3.11/site-packages/pandas/_libs/tslibs/dtypes.cpython-311-x86_64-linux-gnu.so
15548eb43000-15548eb44000 r--p 0002b000 00:30 2005408511                 /storage/home/hcoda1/4/hyu483/conda_envs/qgis332/lib/python3.11/site-packages/pandas/_libs/tslibs/dtypes.cpython-311-x86_64-linux-gnu.so
15548eb44000-15548eb45000 rw-p 0002c000 00:30 2005408511                 /storage/home/hcoda1/4/hyu483/conda_envs/qgis332/lib/python3.11/site-packages/pandas/_libs/tslibs/dtypes.cpython-311-x86_64-linux-gnu.so
15548eb45000-15548eb46000 rw-p 00000000 00:00 0 
15548eb46000-15548eb47000 rw-p 00000000 00:00 0 
15548eb47000-15548eb48000 r-xp 00000000 00:00 0 
15548eb48000-15548eb49000 r--p 00000000 00:00 0 
15548eb49000-15548eb4a000 r-xp 00000000 00:00 0 
15548eb4a000-15548eb4f000 r--p 00000000 00:30 2005422395                 /storage/home/hcoda1/4/hyu483/conda_envs/qgis332/lib/python3.11/site-packages/pandas/_libs/missing.cpython-311-x86_64-linux-gnu.so
15548eb4f000-15548eb70000 r-xp 00005000 00:30 2005422395                 /storage/home/hcoda1/4/hyu483/conda_envs/qgis332/lib/python3.11/site-packages/pandas/_libs/missing.cpython-311-x86_64-linux-gnu.so
15548eb70000-15548eb77000 r--p 00026000 00:30 2005422395                 /storage/home/hcoda1/4/hyu483/conda_envs/qgis332/lib/python3.11/site-packages/pandas/_libs/missing.cpython-311-x86_64-linux-gnu.so
15548eb77000-15548eb78000 r--p 0002c000 00:30 2005422395                 /storage/home/hcoda1/4/hyu483/conda_envs/qgis332/lib/python3.11/site-packages/pandas/_libs/missing.cpython-311-x86_64-linux-gnu.so
15548eb78000-15548eb79000 rw-p 0002d000 00:30 2005422395                 /storage/home/hcoda1/4/hyu483/conda_envs/qgis332/lib/python3.11/site-packages/pandas/_libs/missing.cpython-311-x86_64-linux-gnu.so
15548eb79000-15548ec7a000 rw-p 00000000 00:00 0 
15548ec7a000-15548ec8b000 r--p 00000000 00:30 2005414249                 /storage/home/hcoda1/4/hyu483/conda_envs/qgis332/lib/python3.11/site-packages/pandas/_libs/hashtable.cpython-311-x86_64-linux-gnu.so
15548ec8b000-15548ee17000 r-xp 00011000 00:30 2005414249                 /storage/home/hcoda1/4/hyu483/conda_envs/qgis332/lib/python3.11/site-packages/pandas/_libs/hashtable.cpython-311-x86_64-linux-gnu.so
15548ee17000-15548ee4e000 r--p 0019d000 00:30 2005414249                 /storage/home/hcoda1/4/hyu483/conda_envs/qgis332/lib/python3.11/site-packages/pandas/_libs/hashtable.cpython-311-x86_64-linux-gnu.so
15548ee4e000-15548ee4f000 r--p 001d3000 00:30 2005414249                 /storage/home/hcoda1/4/hyu483/conda_envs/qgis332/lib/python3.11/site-packages/pandas/_libs/hashtable.cpython-311-x86_64-linux-gnu.so
15548ee4f000-15548ee5d000 rw-p 001d4000 00:30 2005414249                 /storage/home/hcoda1/4/hyu483/conda_envs/qgis332/lib/python3.11/site-packages/pandas/_libs/hashtable.cpython-311-x86_64-linux-gnu.so
15548ee5d000-15548ee64000 rw-p 00000000 00:00 0 
15548ee64000-15548ee6f000 r--p 00000000 00:30 2005416280                 /storage/home/hcoda1/4/hyu483/conda_envs/qgis332/lib/python3.11/site-packages/pandas/_libs/interval.cpython-311-x86_64-linux-gnu.so
15548ee6f000-15548ef7a000 r-xp 0000b000 00:30 2005416280                 /storage/home/hcoda1/4/hyu483/conda_envs/qgis332/lib/python3.11/site-packages/pandas/_libs/interval.cpython-311-x86_64-linux-gnu.so
15548ef7a000-15548ef98000 r--p 00116000 00:30 2005416280                 /storage/home/hcoda1/4/hyu483/conda_envs/qgis332/lib/python3.11/site-packages/pandas/_libs/interval.cpython-311-x86_64-linux-gnu.so
15548ef98000-15548ef99000 r--p 00133000 00:30 2005416280                 /storage/home/hcoda1/4/hyu483/conda_envs/qgis332/lib/python3.11/site-packages/pandas/_libs/interval.cpython-311-x86_64-linux-gnu.so
15548ef99000-15548efa0000 rw-p 00134000 00:30 2005416280                 /storage/home/hcoda1/4/hyu483/conda_envs/qgis332/lib/python3.11/site-packages/pandas/_libs/interval.cpython-311-x86_64-linux-gnu.so
15548efa0000-15548efa2000 rw-p 00000000 00:00 0 
15548efa2000-15548efa4000 r--p 00000000 00:30 2094142674                 /storage/home/hcoda1/4/hyu483/conda_envs/qgis332/lib/python3.11/site-packages/pandas/_libs/pandas_datetime.cpython-311-x86_64-linux-gnu.so
15548efa4000-15548efa9000 r-xp 00002000 00:30 2094142674                 /storage/home/hcoda1/4/hyu483/conda_envs/qgis332/lib/python3.11/site-packages/pandas/_libs/pandas_datetime.cpython-311-x86_64-linux-gnu.so
15548efa9000-15548efab000 r--p 00007000 00:30 2094142674                 /storage/home/hcoda1/4/hyu483/conda_envs/qgis332/lib/python3.11/site-packages/pandas/_libs/pandas_datetime.cpython-311-x86_64-linux-gnu.so
15548efab000-15548efac000 r--p 00008000 00:30 2094142674                 /storage/home/hcoda1/4/hyu483/conda_envs/qgis332/lib/python3.11/site-packages/pandas/_libs/pandas_datetime.cpython-311-x86_64-linux-gnu.so
15548efac000-15548efad000 rw-p 00009000 00:30 2094142674                 /storage/home/hcoda1/4/hyu483/conda_envs/qgis332/lib/python3.11/site-packages/pandas/_libs/pandas_datetime.cpython-311-x86_64-linux-gnu.so
15548efad000-15548f0ad000 rw-p 00000000 00:00 0 
15548f0ad000-15548f0b3000 r--p 00000000 00:30 1896406246                 /storage/home/hcoda1/4/hyu483/conda_envs/qgis332/lib/python3.11/site-packages/scipy/ndimage/_ni_label.cpython-311-x86_64-linux-gnu.so
15548f0b3000-15548f0f8000 r-xp 00006000 00:30 1896406246                 /storage/home/hcoda1/4/hyu483/conda_envs/qgis332/lib/python3.11/site-packages/scipy/ndimage/_ni_label.cpython-311-x86_64-linux-gnu.so
15548f0f8000-15548f101000 r--p 0004b000 00:30 1896406246                 /storage/home/hcoda1/4/hyu483/conda_envs/qgis332/lib/python3.11/site-packages/scipy/ndimage/_ni_label.cpython-311-x86_64-linux-gnu.so
15548f101000-15548f102000 r--p 00054000 00:30 1896406246                 /storage/home/hcoda1/4/hyu483/conda_envs/qgis332/lib/python3.11/site-packages/scipy/ndimage/_ni_label.cpython-311-x86_64-linux-gnu.so
15548f102000-15548f104000 rw-p 00055000 00:30 1896406246                 /storage/home/hcoda1/4/hyu483/conda_envs/qgis332/lib/python3.11/site-packages/scipy/ndimage/_ni_label.cpython-311-x86_64-linux-gnu.so
15548f104000-15548f105000 rw-p 00000000 00:00 0 
15548f105000-15548f109000 r--p 00000000 00:30 2005404994                 /storage/home/hcoda1/4/hyu483/conda_envs/qgis332/lib/python3.11/site-packages/scipy/special/_ellip_harm_2.cpython-311-x86_64-linux-gnu.so
15548f109000-15548f116000 r-xp 00004000 00:30 2005404994                 /storage/home/hcoda1/4/hyu483/conda_envs/qgis332/lib/python3.11/site-packages/scipy/special/_ellip_harm_2.cpython-311-x86_64-linux-gnu.so
15548f116000-15548f119000 r--p 00011000 00:30 2005404994                 /storage/home/hcoda1/4/hyu483/conda_envs/qgis332/lib/python3.11/site-packages/scipy/special/_ellip_harm_2.cpython-311-x86_64-linux-gnu.so
15548f119000-15548f11a000 r--p 00014000 00:30 2005404994                 /storage/home/hcoda1/4/hyu483/conda_envs/qgis332/lib/python3.11/site-packages/scipy/special/_ellip_harm_2.cpython-311-x86_64-linux-gnu.so
15548f11a000-15548f11b000 rw-p 00015000 00:30 2005404994                 /storage/home/hcoda1/4/hyu483/conda_envs/qgis332/lib/python3.11/site-packages/scipy/special/_ellip_harm_2.cpython-311-x86_64-linux-gnu.so
15548f11b000-15548f121000 r--p 00000000 00:30 2005407841                 /storage/home/hcoda1/4/hyu483/conda_envs/qgis332/lib/python3.11/site-packages/scipy/sparse/csgraph/_reordering.cpython-311-x86_64-linux-gnu.so
15548f121000-15548f14e000 r-xp 00006000 00:30 2005407841                 /storage/home/hcoda1/4/hyu483/conda_envs/qgis332/lib/python3.11/site-packages/scipy/sparse/csgraph/_reordering.cpython-311-x86_64-linux-gnu.so
15548f14e000-15548f157000 r--p 00033000 00:30 2005407841                 /storage/home/hcoda1/4/hyu483/conda_envs/qgis332/lib/python3.11/site-packages/scipy/sparse/csgraph/_reordering.cpython-311-x86_64-linux-gnu.so
15548f157000-15548f158000 r--p 0003c000 00:30 2005407841                 /storage/home/hcoda1/4/hyu483/conda_envs/qgis332/lib/python3.11/site-packages/scipy/sparse/csgraph/_reordering.cpython-311-x86_64-linux-gnu.so
15548f158000-15548f15a000 rw-p 0003d000 00:30 2005407841                 /storage/home/hcoda1/4/hyu483/conda_envs/qgis332/lib/python3.11/site-packages/scipy/sparse/csgraph/_reordering.cpython-311-x86_64-linux-gnu.so
15548f15a000-15548f15b000 rw-p 00000000 00:00 0 
15548f15b000-15548f160000 r--p 00000000 00:30 2007907105                 /storage/home/hcoda1/4/hyu483/conda_envs/qgis332/lib/python3.11/site-packages/scipy/sparse/csgraph/_matching.cpython-311-x86_64-linux-gnu.so
15548f160000-15548f18f000 r-xp 00005000 00:30 2007907105                 /storage/home/hcoda1/4/hyu483/conda_envs/qgis332/lib/python3.11/site-packages/scipy/sparse/csgraph/_matching.cpython-311-x86_64-linux-gnu.so
15548f18f000-15548f19c000 r--p 00034000 00:30 2007907105                 /storage/home/hcoda1/4/hyu483/conda_envs/qgis332/lib/python3.11/site-packages/scipy/sparse/csgraph/_matching.cpython-311-x86_64-linux-gnu.so
15548f19c000-15548f19d000 r--p 00041000 00:30 2007907105                 /storage/home/hcoda1/4/hyu483/conda_envs/qgis332/lib/python3.11/site-packages/scipy/sparse/csgraph/_matching.cpython-311-x86_64-linux-gnu.so
15548f19d000-15548f19f000 rw-p 00042000 00:30 2007907105                 /storage/home/hcoda1/4/hyu483/conda_envs/qgis332/lib/python3.11/site-packages/scipy/sparse/csgraph/_matching.cpython-311-x86_64-linux-gnu.so
15548f19f000-15548f1a0000 rw-p 00000000 00:00 0 
15548f1a0000-15548f1a5000 r--p 00000000 00:30 2005531620                 /storage/home/hcoda1/4/hyu483/conda_envs/qgis332/lib/python3.11/site-packages/scipy/sparse/csgraph/_flow.cpython-311-x86_64-linux-gnu.so
15548f1a5000-15548f1d4000 r-xp 00005000 00:30 2005531620                 /storage/home/hcoda1/4/hyu483/conda_envs/qgis332/lib/python3.11/site-packages/scipy/sparse/csgraph/_flow.cpython-311-x86_64-linux-gnu.so
15548f1d4000-15548f1e0000 r--p 00034000 00:30 2005531620                 /storage/home/hcoda1/4/hyu483/conda_envs/qgis332/lib/python3.11/site-packages/scipy/sparse/csgraph/_flow.cpython-311-x86_64-linux-gnu.so
15548f1e0000-15548f1e1000 r--p 0003f000 00:30 2005531620                 /storage/home/hcoda1/4/hyu483/conda_envs/qgis332/lib/python3.11/site-packages/scipy/sparse/csgraph/_flow.cpython-311-x86_64-linux-gnu.so
15548f1e1000-15548f1e3000 rw-p 00040000 00:30 2005531620                 /storage/home/hcoda1/4/hyu483/conda_envs/qgis332/lib/python3.11/site-packages/scipy/sparse/csgraph/_flow.cpython-311-x86_64-linux-gnu.so
15548f1e3000-15548f1e4000 rw-p 00000000 00:00 0 
15548f1e4000-15548f1e9000 r--p 00000000 00:30 2005405635                 /storage/home/hcoda1/4/hyu483/conda_envs/qgis332/lib/python3.11/site-packages/scipy/sparse/csgraph/_min_spanning_tree.cpython-311-x86_64-linux-gnu.so
15548f1e9000-15548f20b000 r-xp 00005000 00:30 2005405635                 /storage/home/hcoda1/4/hyu483/conda_envs/qgis332/lib/python3.11/site-packages/scipy/sparse/csgraph/_min_spanning_tree.cpython-311-x86_64-linux-gnu.so
15548f20b000-15548f214000 r--p 00027000 00:30 2005405635                 /storage/home/hcoda1/4/hyu483/conda_envs/qgis332/lib/python3.11/site-packages/scipy/sparse/csgraph/_min_spanning_tree.cpython-311-x86_64-linux-gnu.so
15548f214000-15548f215000 r--p 0002f000 00:30 2005405635                 /storage/home/hcoda1/4/hyu483/conda_envs/qgis332/lib/python3.11/site-packages/scipy/sparse/csgraph/_min_spanning_tree.cpython-311-x86_64-linux-gnu.so
15548f215000-15548f217000 rw-p 00030000 00:30 2005405635                 /storage/home/hcoda1/4/hyu483/conda_envs/qgis332/lib/python3.11/site-packages/scipy/sparse/csgraph/_min_spanning_tree.cpython-311-x86_64-linux-gnu.so
15548f217000-15548f21d000 r--p 00000000 00:30 2094244287                 /storage/home/hcoda1/4/hyu483/conda_envs/qgis332/lib/python3.11/site-packages/scipy/sparse/csgraph/_traversal.cpython-311-x86_64-linux-gnu.so
15548f21d000-15548f28a000 r-xp 00006000 00:30 2094244287                 /storage/home/hcoda1/4/hyu483/conda_envs/qgis332/lib/python3.11/site-packages/scipy/sparse/csgraph/_traversal.cpython-311-x86_64-linux-gnu.so
15548f28a000-15548f29a000 r--p 00073000 00:30 2094244287                 /storage/home/hcoda1/4/hyu483/conda_envs/qgis332/lib/python3.11/site-packages/scipy/sparse/csgraph/_traversal.cpython-311-x86_64-linux-gnu.so
15548f29a000-15548f29b000 r--p 00083000 00:30 2094244287                 /storage/home/hcoda1/4/hyu483/conda_envs/qgis332/lib/python3.11/site-packages/scipy/sparse/csgraph/_traversal.cpython-311-x86_64-linux-gnu.so
15548f29b000-15548f29d000 rw-p 00084000 00:30 2094244287                 /storage/home/hcoda1/4/hyu483/conda_envs/qgis332/lib/python3.11/site-packages/scipy/sparse/csgraph/_traversal.cpython-311-x86_64-linux-gnu.so
15548f29d000-15548f29e000 rw-p 00000000 00:00 0 
15548f29e000-15548f2a2000 r--p 00000000 00:30 2005528384                 /storage/home/hcoda1/4/hyu483/conda_envs/qgis332/lib/python3.11/site-packages/scipy/sparse/csgraph/_tools.cpython-311-x86_64-linux-gnu.so
15548f2a2000-15548f2be000 r-xp 00004000 00:30 2005528384                 /storage/home/hcoda1/4/hyu483/conda_envs/qgis332/lib/python3.11/site-packages/scipy/sparse/csgraph/_tools.cpython-311-x86_64-linux-gnu.so
15548f2be000-15548f2c8000 r--p 00020000 00:30 2005528384                 /storage/home/hcoda1/4/hyu483/conda_envs/qgis332/lib/python3.11/site-packages/scipy/sparse/csgraph/_tools.cpython-311-x86_64-linux-gnu.so
15548f2c8000-15548f2c9000 r--p 00029000 00:30 2005528384                 /storage/home/hcoda1/4/hyu483/conda_envs/qgis332/lib/python3.11/site-packages/scipy/sparse/csgraph/_tools.cpython-311-x86_64-linux-gnu.so
15548f2c9000-15548f2ca000 rw-p 0002a000 00:30 2005528384                 /storage/home/hcoda1/4/hyu483/conda_envs/qgis332/lib/python3.11/site-packages/scipy/sparse/csgraph/_tools.cpython-311-x86_64-linux-gnu.so
15548f2ca000-15548f2cb000 rw-p 00000000 00:00 0 
15548f2cb000-15548f2d1000 r--p 00000000 00:30 2094140142                 /storage/home/hcoda1/4/hyu483/conda_envs/qgis332/lib/python3.11/site-packages/scipy/sparse/csgraph/_shortest_path.cpython-311-x86_64-linux-gnu.so
15548f2d1000-15548f326000 r-xp 00006000 00:30 2094140142                 /storage/home/hcoda1/4/hyu483/conda_envs/qgis332/lib/python3.11/site-packages/scipy/sparse/csgraph/_shortest_path.cpython-311-x86_64-linux-gnu.so
15548f326000-15548f33b000 r--p 0005b000 00:30 2094140142                 /storage/home/hcoda1/4/hyu483/conda_envs/qgis332/lib/python3.11/site-packages/scipy/sparse/csgraph/_shortest_path.cpython-311-x86_64-linux-gnu.so
15548f33b000-15548f33c000 r--p 00070000 00:30 2094140142                 /storage/home/hcoda1/4/hyu483/conda_envs/qgis332/lib/python3.11/site-packages/scipy/sparse/csgraph/_shortest_path.cpython-311-x86_64-linux-gnu.so
15548f33c000-15548f33e000 rw-p 00071000 00:30 2094140142                 /storage/home/hcoda1/4/hyu483/conda_envs/qgis332/lib/python3.11/site-packages/scipy/sparse/csgraph/_shortest_path.cpython-311-x86_64-linux-gnu.so
15548f33e000-15548f33f000 rw-p 00000000 00:00 0 
15548f33f000-15548f343000 r--p 00000000 00:30 2094263788                 /storage/home/hcoda1/4/hyu483/conda_envs/qgis332/lib/python3.11/site-packages/scipy/sparse/linalg/_propack/_zpropack.cpython-311-x86_64-linux-gnu.so
15548f343000-15548f351000 r-xp 00004000 00:30 2094263788                 /storage/home/hcoda1/4/hyu483/conda_envs/qgis332/lib/python3.11/site-packages/scipy/sparse/linalg/_propack/_zpropack.cpython-311-x86_64-linux-gnu.so
15548f351000-15548f356000 r--p 00012000 00:30 2094263788                 /storage/home/hcoda1/4/hyu483/conda_envs/qgis332/lib/python3.11/site-packages/scipy/sparse/linalg/_propack/_zpropack.cpython-311-x86_64-linux-gnu.so
15548f356000-15548f357000 r--p 00016000 00:30 2094263788                 /storage/home/hcoda1/4/hyu483/conda_envs/qgis332/lib/python3.11/site-packages/scipy/sparse/linalg/_propack/_zpropack.cpython-311-x86_64-linux-gnu.so
15548f357000-15548f35c000 rw-p 00017000 00:30 2094263788                 /storage/home/hcoda1/4/hyu483/conda_envs/qgis332/lib/python3.11/site-packages/scipy/sparse/linalg/_propack/_zpropack.cpython-311-x86_64-linux-gnu.so
15548f35c000-15548f360000 r--p 00000000 00:30 2005403167                 /storage/home/hcoda1/4/hyu483/conda_envs/qgis332/lib/python3.11/site-packages/scipy/sparse/linalg/_propack/_cpropack.cpython-311-x86_64-linux-gnu.so
15548f360000-15548f36e000 r-xp 00004000 00:30 2005403167                 /storage/home/hcoda1/4/hyu483/conda_envs/qgis332/lib/python3.11/site-packages/scipy/sparse/linalg/_propack/_cpropack.cpython-311-x86_64-linux-gnu.so
15548f36e000-15548f373000 r--p 00012000 00:30 2005403167                 /storage/home/hcoda1/4/hyu483/conda_envs/qgis332/lib/python3.11/site-packages/scipy/sparse/linalg/_propack/_cpropack.cpython-311-x86_64-linux-gnu.so
15548f373000-15548f374000 r--p 00016000 00:30 2005403167                 /storage/home/hcoda1/4/hyu483/conda_envs/qgis332/lib/python3.11/site-packages/scipy/sparse/linalg/_propack/_cpropack.cpython-311-x86_64-linux-gnu.so
15548f374000-15548f378000 rw-p 00017000 00:30 2005403167                 /storage/home/hcoda1/4/hyu483/conda_envs/qgis332/lib/python3.11/site-packages/scipy/sparse/linalg/_propack/_cpropack.cpython-311-x86_64-linux-gnu.so
15548f378000-15548f379000 rw-p 00000000 00:00 0 
15548f379000-15548f37c000 r--p 00000000 00:30 1896406803                 /storage/home/hcoda1/4/hyu483/conda_envs/qgis332/lib/python3.11/site-packages/scipy/sparse/linalg/_propack/_dpropack.cpython-311-x86_64-linux-gnu.so
15548f37c000-15548f389000 r-xp 00003000 00:30 1896406803                 /storage/home/hcoda1/4/hyu483/conda_envs/qgis332/lib/python3.11/site-packages/scipy/sparse/linalg/_propack/_dpropack.cpython-311-x86_64-linux-gnu.so
15548f389000-15548f38e000 r--p 00010000 00:30 1896406803                 /storage/home/hcoda1/4/hyu483/conda_envs/qgis332/lib/python3.11/site-packages/scipy/sparse/linalg/_propack/_dpropack.cpython-311-x86_64-linux-gnu.so
15548f38e000-15548f38f000 r--p 00014000 00:30 1896406803                 /storage/home/hcoda1/4/hyu483/conda_envs/qgis332/lib/python3.11/site-packages/scipy/sparse/linalg/_propack/_dpropack.cpython-311-x86_64-linux-gnu.so
15548f38f000-15548f393000 rw-p 00015000 00:30 1896406803                 /storage/home/hcoda1/4/hyu483/conda_envs/qgis332/lib/python3.11/site-packages/scipy/sparse/linalg/_propack/_dpropack.cpython-311-x86_64-linux-gnu.so
15548f393000-15548f396000 r--p 00000000 00:30 2005406993                 /storage/home/hcoda1/4/hyu483/conda_envs/qgis332/lib/python3.11/site-packages/scipy/sparse/linalg/_propack/_spropack.cpython-311-x86_64-linux-gnu.so
15548f396000-15548f3a3000 r-xp 00003000 00:30 2005406993                 /storage/home/hcoda1/4/hyu483/conda_envs/qgis332/lib/python3.11/site-packages/scipy/sparse/linalg/_propack/_spropack.cpython-311-x86_64-linux-gnu.so
15548f3a3000-15548f3a8000 r--p 00010000 00:30 2005406993                 /storage/home/hcoda1/4/hyu483/conda_envs/qgis332/lib/python3.11/site-packages/scipy/sparse/linalg/_propack/_spropack.cpython-311-x86_64-linux-gnu.so
15548f3a8000-15548f3a9000 r--p 00014000 00:30 2005406993                 /storage/home/hcoda1/4/hyu483/conda_envs/qgis332/lib/python3.11/site-packages/scipy/sparse/linalg/_propack/_spropack.cpython-311-x86_64-linux-gnu.so
15548f3a9000-15548f3ad000 rw-p 00015000 00:30 2005406993                 /storage/home/hcoda1/4/hyu483/conda_envs/qgis332/lib/python3.11/site-packages/scipy/sparse/linalg/_propack/_spropack.cpython-311-x86_64-linux-gnu.so
15548f3ad000-15548f3b3000 r--p 00000000 00:30 2094148894                 /storage/home/hcoda1/4/hyu483/conda_envs/qgis332/lib/python3.11/site-packages/scipy/sparse/linalg/_eigen/arpack/_arpack.cpython-311-x86_64-linux-gnu.so
15548f3b3000-15548f3fd000 r-xp 00006000 00:30 2094148894                 /storage/home/hcoda1/4/hyu483/conda_envs/qgis332/lib/python3.11/site-packages/scipy/sparse/linalg/_eigen/arpack/_arpack.cpython-311-x86_64-linux-gnu.so
15548f3fd000-15548f40e000 r--p 00050000 00:30 2094148894                 /storage/home/hcoda1/4/hyu483/conda_envs/qgis332/lib/python3.11/site-packages/scipy/sparse/linalg/_eigen/arpack/_arpack.cpython-311-x86_64-linux-gnu.so
15548f40e000-15548f40f000 r--p 00060000 00:30 2094148894                 /storage/home/hcoda1/4/hyu483/conda_envs/qgis332/lib/python3.11/site-packages/scipy/sparse/linalg/_eigen/arpack/_arpack.cpython-311-x86_64-linux-gnu.so
15548f40f000-15548f41a000 rw-p 00061000 00:30 2094148894                 /storage/home/hcoda1/4/hyu483/conda_envs/qgis332/lib/python3.11/site-packages/scipy/sparse/linalg/_eigen/arpack/_arpack.cpython-311-x86_64-linux-gnu.so
15548f41a000-15548f41d000 r--p 00000000 00:30 2005529879                 /storage/home/hcoda1/4/hyu483/conda_envs/qgis332/lib/python3.11/site-packages/scipy/sparse/linalg/_dsolve/_superlu.cpython-311-x86_64-linux-gnu.so
15548f41d000-15548f459000 r-xp 00003000 00:30 2005529879                 /storage/home/hcoda1/4/hyu483/conda_envs/qgis332/lib/python3.11/site-packages/scipy/sparse/linalg/_dsolve/_superlu.cpython-311-x86_64-linux-gnu.so
15548f459000-15548f462000 r--p 0003f000 00:30 2005529879                 /storage/home/hcoda1/4/hyu483/conda_envs/qgis332/lib/python3.11/site-packages/scipy/sparse/linalg/_dsolve/_superlu.cpython-311-x86_64-linux-gnu.so
15548f462000-15548f463000 r--p 00047000 00:30 2005529879                 /storage/home/hcoda1/4/hyu483/conda_envs/qgis332/lib/python3.11/site-packages/scipy/sparse/linalg/_dsolve/_superlu.cpython-311-x86_64-linux-gnu.so
15548f463000-15548f464000 rw-p 00048000 00:30 2005529879                 /storage/home/hcoda1/4/hyu483/conda_envs/qgis332/lib/python3.11/site-packages/scipy/sparse/linalg/_dsolve/_superlu.cpython-311-x86_64-linux-gnu.so
15548f464000-15548f564000 rw-p 00000000 00:00 0 
15548f564000-15548f56b000 r--p 00000000 00:30 2005409426                 /storage/home/hcoda1/4/hyu483/conda_envs/qgis332/lib/python3.11/site-packages/scipy/sparse/_csparsetools.cpython-311-x86_64-linux-gnu.so
15548f56b000-15548f5e6000 r-xp 00007000 00:30 2005409426                 /storage/home/hcoda1/4/hyu483/conda_envs/qgis332/lib/python3.11/site-packages/scipy/sparse/_csparsetools.cpython-311-x86_64-linux-gnu.so
15548f5e6000-15548f5f3000 r--p 00082000 00:30 2005409426                 /storage/home/hcoda1/4/hyu483/conda_envs/qgis332/lib/python3.11/site-packages/scipy/sparse/_csparsetools.cpython-311-x86_64-linux-gnu.so
15548f5f3000-15548f5f4000 r--p 0008f000 00:30 2005409426                 /storage/home/hcoda1/4/hyu483/conda_envs/qgis332/lib/python3.11/site-packages/scipy/sparse/_csparsetools.cpython-311-x86_64-linux-gnu.so
15548f5f4000-15548f5f7000 rw-p 00090000 00:30 2005409426                 /storage/home/hcoda1/4/hyu483/conda_envs/qgis332/lib/python3.11/site-packages/scipy/sparse/_csparsetools.cpython-311-x86_64-linux-gnu.so
15548f5f7000-15548f5f9000 rw-p 00000000 00:00 0 
15548f5f9000-15548f5fc000 r--p 00000000 00:30 2005410463                 /storage/home/hcoda1/4/hyu483/conda_envs/qgis332/lib/python3.11/site-packages/scipy/sparse/_sparsetools.cpython-311-x86_64-linux-gnu.so
15548f5fc000-15548f963000 r-xp 00003000 00:30 2005410463                 /storage/home/hcoda1/4/hyu483/conda_envs/qgis332/lib/python3.11/site-packages/scipy/sparse/_sparsetools.cpython-311-x86_64-linux-gnu.so
15548f963000-15548f9c9000 r--p 0036a000 00:30 2005410463                 /storage/home/hcoda1/4/hyu483/conda_envs/qgis332/lib/python3.11/site-packages/scipy/sparse/_sparsetools.cpython-311-x86_64-linux-gnu.so
15548f9c9000-15548f9ca000 r--p 003cf000 00:30 2005410463                 /storage/home/hcoda1/4/hyu483/conda_envs/qgis332/lib/python3.11/site-packages/scipy/sparse/_sparsetools.cpython-311-x86_64-linux-gnu.so
15548f9ca000-15548f9cb000 rw-p 003d0000 00:30 2005410463                 /storage/home/hcoda1/4/hyu483/conda_envs/qgis332/lib/python3.11/site-packages/scipy/sparse/_sparsetools.cpython-311-x86_64-linux-gnu.so
15548f9cb000-15548f9d3000 r--p 00000000 00:30 2005531008                 /storage/home/hcoda1/4/hyu483/conda_envs/qgis332/lib/python3.11/site-packages/scipy/linalg/cython_blas.cpython-311-x86_64-linux-gnu.so
15548f9d3000-15548f9f8000 r-xp 00008000 00:30 2005531008                 /storage/home/hcoda1/4/hyu483/conda_envs/qgis332/lib/python3.11/site-packages/scipy/linalg/cython_blas.cpython-311-x86_64-linux-gnu.so
15548f9f8000-15548fa06000 r--p 0002d000 00:30 2005531008                 /storage/home/hcoda1/4/hyu483/conda_envs/qgis332/lib/python3.11/site-packages/scipy/linalg/cython_blas.cpython-311-x86_64-linux-gnu.so
15548fa06000-15548fa07000 r--p 0003b000 00:30 2005531008                 /storage/home/hcoda1/4/hyu483/conda_envs/qgis332/lib/python3.11/site-packages/scipy/linalg/cython_blas.cpython-311-x86_64-linux-gnu.so
15548fa07000-15548fa09000 rw-p 0003c000 00:30 2005531008                 /storage/home/hcoda1/4/hyu483/conda_envs/qgis332/lib/python3.11/site-packages/scipy/linalg/cython_blas.cpython-311-x86_64-linux-gnu.so
15548fa09000-15548fa0a000 rw-p 00000000 00:00 0 
15548fa0a000-15548fa0e000 r--p 00000000 00:30 2005528056                 /storage/home/hcoda1/4/hyu483/conda_envs/qgis332/lib/python3.11/site-packages/scipy/linalg/_decomp_update.cpython-311-x86_64-linux-gnu.so
15548fa0e000-15548fa44000 r-xp 00004000 00:30 2005528056                 /storage/home/hcoda1/4/hyu483/conda_envs/qgis332/lib/python3.11/site-packages/scipy/linalg/_decomp_update.cpython-311-x86_64-linux-gnu.so
15548fa44000-15548fa54000 r--p 0003a000 00:30 2005528056                 /storage/home/hcoda1/4/hyu483/conda_envs/qgis332/lib/python3.11/site-packages/scipy/linalg/_decomp_update.cpython-311-x86_64-linux-gnu.so
15548fa54000-15548fa55000 r--p 00049000 00:30 2005528056                 /storage/home/hcoda1/4/hyu483/conda_envs/qgis332/lib/python3.11/site-packages/scipy/linalg/_decomp_update.cpython-311-x86_64-linux-gnu.so
15548fa55000-15548fa56000 rw-p 0004a000 00:30 2005528056                 /storage/home/hcoda1/4/hyu483/conda_envs/qgis332/lib/python3.11/site-packages/scipy/linalg/_decomp_update.cpython-311-x86_64-linux-gnu.so
15548fa56000-15548fa57000 rw-p 00000000 00:00 0 
15548fa57000-15548fa5a000 r--p 00000000 00:30 2005409082                 /storage/home/hcoda1/4/hyu483/conda_envs/qgis332/lib/python3.11/site-packages/scipy/linalg/_linalg_pythran.cpython-311-x86_64-linux-gnu.so
15548fa5a000-15548fa69000 r-xp 00003000 00:30 2005409082                 /storage/home/hcoda1/4/hyu483/conda_envs/qgis332/lib/python3.11/site-packages/scipy/linalg/_linalg_pythran.cpython-311-x86_64-linux-gnu.so
15548fa69000-15548fa6c000 r--p 00012000 00:30 2005409082                 /storage/home/hcoda1/4/hyu483/conda_envs/qgis332/lib/python3.11/site-packages/scipy/linalg/_linalg_pythran.cpython-311-x86_64-linux-gnu.so
15548fa6c000-15548fa6d000 r--p 00014000 00:30 2005409082                 /storage/home/hcoda1/4/hyu483/conda_envs/qgis332/lib/python3.11/site-packages/scipy/linalg/_linalg_pythran.cpython-311-x86_64-linux-gnu.so
15548fa6d000-15548fa6e000 rw-p 00015000 00:30 2005409082                 /storage/home/hcoda1/4/hyu483/conda_envs/qgis332/lib/python3.11/site-packages/scipy/linalg/_linalg_pythran.cpython-311-x86_64-linux-gnu.so
15548fa6e000-15548fa70000 r--p 00000000 00:30 1896364342                 /storage/home/hcoda1/4/hyu483/conda_envs/qgis332/lib/python3.11/site-packages/scipy/linalg/_matfuncs_expm.cpython-311-x86_64-linux-gnu.so
15548fa70000-15548fa7e000 r-xp 00002000 00:30 1896364342                 /storage/home/hcoda1/4/hyu483/conda_envs/qgis332/lib/python3.11/site-packages/scipy/linalg/_matfuncs_expm.cpython-311-x86_64-linux-gnu.so
15548fa7e000-15548fa80000 r--p 00010000 00:30 1896364342                 /storage/home/hcoda1/4/hyu483/conda_envs/qgis332/lib/python3.11/site-packages/scipy/linalg/_matfuncs_expm.cpython-311-x86_64-linux-gnu.so
15548fa80000-15548fa81000 r--p 00012000 00:30 1896364342                 /storage/home/hcoda1/4/hyu483/conda_envs/qgis332/lib/python3.11/site-packages/scipy/linalg/_matfuncs_expm.cpython-311-x86_64-linux-gnu.so
15548fa81000-15548fa82000 rw-p 00013000 00:30 1896364342                 /storage/home/hcoda1/4/hyu483/conda_envs/qgis332/lib/python3.11/site-packages/scipy/linalg/_matfuncs_expm.cpython-311-x86_64-linux-gnu.so
15548fa82000-15548fa88000 r--p 00000000 00:30 2005409165                 /storage/home/hcoda1/4/hyu483/conda_envs/qgis332/lib/python3.11/site-packages/scipy/linalg/_matfuncs_sqrtm_triu.cpython-311-x86_64-linux-gnu.so
15548fa88000-15548faac000 r-xp 00006000 00:30 2005409165                 /storage/home/hcoda1/4/hyu483/conda_envs/qgis332/lib/python3.11/site-packages/scipy/linalg/_matfuncs_sqrtm_triu.cpython-311-x86_64-linux-gnu.so
15548faac000-15548fab4000 r--p 0002a000 00:30 2005409165                 /storage/home/hcoda1/4/hyu483/conda_envs/qgis332/lib/python3.11/site-packages/scipy/linalg/_matfuncs_sqrtm_triu.cpython-311-x86_64-linux-gnu.so
15548fab4000-15548fab5000 r--p 00031000 00:30 2005409165                 /storage/home/hcoda1/4/hyu483/conda_envs/qgis332/lib/python3.11/site-packages/scipy/linalg/_matfuncs_sqrtm_triu.cpython-311-x86_64-linux-gnu.so
15548fab5000-15548fab7000 rw-p 00032000 00:30 2005409165                 /storage/home/hcoda1/4/hyu483/conda_envs/qgis332/lib/python3.11/site-packages/scipy/linalg/_matfuncs_sqrtm_triu.cpython-311-x86_64-linux-gnu.so
15548fab7000-15548fab8000 rw-p 00000000 00:00 0 
15548fab8000-15548fabd000 r--p 00000000 00:30 2094249436                 /storage/home/hcoda1/4/hyu483/conda_envs/qgis332/lib/python3.11/site-packages/scipy/linalg/_decomp_lu_cython.cpython-311-x86_64-linux-gnu.so
15548fabd000-15548fae0000 r-xp 00005000 00:30 2094249436                 /storage/home/hcoda1/4/hyu483/conda_envs/qgis332/lib/python3.11/site-packages/scipy/linalg/_decomp_lu_cython.cpython-311-x86_64-linux-gnu.so
15548fae0000-15548fae7000 r--p 00028000 00:30 2094249436                 /storage/home/hcoda1/4/hyu483/conda_envs/qgis332/lib/python3.11/site-packages/scipy/linalg/_decomp_lu_cython.cpython-311-x86_64-linux-gnu.so
15548fae7000-15548fae8000 r--p 0002f000 00:30 2094249436                 /storage/home/hcoda1/4/hyu483/conda_envs/qgis332/lib/python3.11/site-packages/scipy/linalg/_decomp_lu_cython.cpython-311-x86_64-linux-gnu.so
15548fae8000-15548faea000 rw-p 00030000 00:30 2094249436                 /storage/home/hcoda1/4/hyu483/conda_envs/qgis332/lib/python3.11/site-packages/scipy/linalg/_decomp_lu_cython.cpython-311-x86_64-linux-gnu.so
15548faea000-15548faf0000 r--p 00000000 00:30 2005405164                 /storage/home/hcoda1/4/hyu483/conda_envs/qgis332/lib/python3.11/site-packages/scipy/linalg/_solve_toeplitz.cpython-311-x86_64-linux-gnu.so
15548faf0000-15548fb18000 r-xp 00006000 00:30 2005405164                 /storage/home/hcoda1/4/hyu483/conda_envs/qgis332/lib/python3.11/site-packages/scipy/linalg/_solve_toeplitz.cpython-311-x86_64-linux-gnu.so
15548fb18000-15548fb20000 r--p 0002e000 00:30 2005405164                 /storage/home/hcoda1/4/hyu483/conda_envs/qgis332/lib/python3.11/site-packages/scipy/linalg/_solve_toeplitz.cpython-311-x86_64-linux-gnu.so
15548fb20000-15548fb21000 r--p 00035000 00:30 2005405164                 /storage/home/hcoda1/4/hyu483/conda_envs/qgis332/lib/python3.11/site-packages/scipy/linalg/_solve_toeplitz.cpython-311-x86_64-linux-gnu.so
15548fb21000-15548fb23000 rw-p 00036000 00:30 2005405164                 /storage/home/hcoda1/4/hyu483/conda_envs/qgis332/lib/python3.11/site-packages/scipy/linalg/_solve_toeplitz.cpython-311-x86_64-linux-gnu.so
15548fb23000-15548fc24000 rw-p 00000000 00:00 0 
15548fc24000-15548fc3f000 r--p 00000000 00:30 2005404219                 /storage/home/hcoda1/4/hyu483/conda_envs/qgis332/lib/python3.11/site-packages/scipy/linalg/cython_lapack.cpython-311-x86_64-linux-gnu.so
15548fc3f000-15548fc57000 r-xp 0001b000 00:30 2005404219                 /storage/home/hcoda1/4/hyu483/conda_envs/qgis332/lib/python3.11/site-packages/scipy/linalg/cython_lapack.cpython-311-x86_64-linux-gnu.so
15548fc57000-15548fcaf000 r--p 00033000 00:30 2005404219                 /storage/home/hcoda1/4/hyu483/conda_envs/qgis332/lib/python3.11/site-packages/scipy/linalg/cython_lapack.cpython-311-x86_64-linux-gnu.so
15548fcaf000-15548fcb3000 r--p 0008b000 00:30 2005404219                 /storage/home/hcoda1/4/hyu483/conda_envs/qgis332/lib/python3.11/site-packages/scipy/linalg/cython_lapack.cpython-311-x86_64-linux-gnu.so
15548fcb3000-15548fcb4000 rw-p 0008f000 00:30 2005404219                 /storage/home/hcoda1/4/hyu483/conda_envs/qgis332/lib/python3.11/site-packages/scipy/linalg/cython_lapack.cpython-311-x86_64-linux-gnu.so
15548fcb4000-15548fcbb000 r--p 00000000 00:30 1885190397                 /storage/home/hcoda1/4/hyu483/conda_envs/qgis332/lib/python3.11/site-packages/scipy/linalg/_cythonized_array_utils.cpython-311-x86_64-linux-gnu.so
15548fcbb000-15548fd22000 r-xp 00007000 00:30 1885190397                 /storage/home/hcoda1/4/hyu483/conda_envs/qgis332/lib/python3.11/site-packages/scipy/linalg/_cythonized_array_utils.cpython-311-x86_64-linux-gnu.so
15548fd22000-15548fd31000 r--p 0006e000 00:30 1885190397                 /storage/home/hcoda1/4/hyu483/conda_envs/qgis332/lib/python3.11/site-packages/scipy/linalg/_cythonized_array_utils.cpython-311-x86_64-linux-gnu.so
15548fd31000-15548fd32000 r--p 0007c000 00:30 1885190397                 /storage/home/hcoda1/4/hyu483/conda_envs/qgis332/lib/python3.11/site-packages/scipy/linalg/_cythonized_array_utils.cpython-311-x86_64-linux-gnu.so
15548fd32000-15548fd35000 rw-p 0007d000 00:30 1885190397                 /storage/home/hcoda1/4/hyu483/conda_envs/qgis332/lib/python3.11/site-packages/scipy/linalg/_cythonized_array_utils.cpython-311-x86_64-linux-gnu.so
15548fd35000-15548fd36000 rw-p 00000000 00:00 0 
15548fd36000-15548fd5f000 r--p 00000000 00:30 2005408760                 /storage/home/hcoda1/4/hyu483/conda_envs/qgis332/lib/python3.11/site-packages/scipy/linalg/_flapack.cpython-311-x86_64-linux-gnu.so
15548fd5f000-15548fe27000 r-xp 00029000 00:30 2005408760                 /storage/home/hcoda1/4/hyu483/conda_envs/qgis332/lib/python3.11/site-packages/scipy/linalg/_flapack.cpython-311-x86_64-linux-gnu.so
15548fe27000-15548fe9b000 r--p 000f1000 00:30 2005408760                 /storage/home/hcoda1/4/hyu483/conda_envs/qgis332/lib/python3.11/site-packages/scipy/linalg/_flapack.cpython-311-x86_64-linux-gnu.so
15548fe9b000-15548fe9c000 r--p 00164000 00:30 2005408760                 /storage/home/hcoda1/4/hyu483/conda_envs/qgis332/lib/python3.11/site-packages/scipy/linalg/_flapack.cpython-311-x86_64-linux-gnu.so
15548fe9c000-15548ff28000 rw-p 00165000 00:30 2005408760                 /storage/home/hcoda1/4/hyu483/conda_envs/qgis332/lib/python3.11/site-packages/scipy/linalg/_flapack.cpython-311-x86_64-linux-gnu.so
15548ff28000-15548ff37000 r--p 00000000 00:30 2005531815                 /storage/home/hcoda1/4/hyu483/conda_envs/qgis332/lib/python3.11/site-packages/scipy/linalg/_fblas.cpython-311-x86_64-linux-gnu.so
15548ff37000-15548ff71000 r-xp 0000f000 00:30 2005531815                 /storage/home/hcoda1/4/hyu483/conda_envs/qgis332/lib/python3.11/site-packages/scipy/linalg/_fblas.cpython-311-x86_64-linux-gnu.so
15548ff71000-15548ff92000 r--p 00049000 00:30 2005531815                 /storage/home/hcoda1/4/hyu483/conda_envs/qgis332/lib/python3.11/site-packages/scipy/linalg/_fblas.cpython-311-x86_64-linux-gnu.so
15548ff92000-15548ff93000 r--p 0006a000 00:30 2005531815                 /storage/home/hcoda1/4/hyu483/conda_envs/qgis332/lib/python3.11/site-packages/scipy/linalg/_fblas.cpython-311-x86_64-linux-gnu.so
15548ff93000-15548ffb9000 rw-p 0006b000 00:30 2005531815                 /storage/home/hcoda1/4/hyu483/conda_envs/qgis332/lib/python3.11/site-packages/scipy/linalg/_fblas.cpython-311-x86_64-linux-gnu.so
15548ffb9000-15548ffbc000 r--p 00000000 00:30 2005528733                 /storage/home/hcoda1/4/hyu483/conda_envs/qgis332/lib/python3.11/site-packages/scipy/special/_comb.cpython-311-x86_64-linux-gnu.so
15548ffbc000-15548ffc2000 r-xp 00003000 00:30 2005528733                 /storage/home/hcoda1/4/hyu483/conda_envs/qgis332/lib/python3.11/site-packages/scipy/special/_comb.cpython-311-x86_64-linux-gnu.so
15548ffc2000-15548ffc4000 r--p 00009000 00:30 2005528733                 /storage/home/hcoda1/4/hyu483/conda_envs/qgis332/lib/python3.11/site-packages/scipy/special/_comb.cpython-311-x86_64-linux-gnu.so
15548ffc4000-15548ffc5000 r--p 0000a000 00:30 2005528733                 /storage/home/hcoda1/4/hyu483/conda_envs/qgis332/lib/python3.11/site-packages/scipy/special/_comb.cpython-311-x86_64-linux-gnu.so
15548ffc5000-15548ffc6000 rw-p 0000b000 00:30 2005528733                 /storage/home/hcoda1/4/hyu483/conda_envs/qgis332/lib/python3.11/site-packages/scipy/special/_comb.cpython-311-x86_64-linux-gnu.so
15548ffc6000-15548ffcb000 r--p 00000000 00:30 2005405474                 /storage/home/hcoda1/4/hyu483/conda_envs/qgis332/lib/python3.11/site-packages/scipy/special/_specfun.cpython-311-x86_64-linux-gnu.so
15548ffcb000-15548fff6000 r-xp 00005000 00:30 2005405474                 /storage/home/hcoda1/4/hyu483/conda_envs/qgis332/lib/python3.11/site-packages/scipy/special/_specfun.cpython-311-x86_64-linux-gnu.so
15548fff6000-15548fffd000 r--p 00030000 00:30 2005405474                 /storage/home/hcoda1/4/hyu483/conda_envs/qgis332/lib/python3.11/site-packages/scipy/special/_specfun.cpython-311-x86_64-linux-gnu.so
15548fffd000-15548fffe000 r--p 00036000 00:30 2005405474                 /storage/home/hcoda1/4/hyu483/conda_envs/qgis332/lib/python3.11/site-packages/scipy/special/_specfun.cpython-311-x86_64-linux-gnu.so
15548fffe000-15548ffff000 rw-p 00037000 00:30 2005405474                 /storage/home/hcoda1/4/hyu483/conda_envs/qgis332/lib/python3.11/site-packages/scipy/special/_specfun.cpython-311-x86_64-linux-gnu.so
15548ffff000-155490021000 rw-p 00000000 00:00 0 
155490021000-155494000000 ---p 00000000 00:00 0 
155494000000-155494021000 rw-p 00000000 00:00 0 
155494021000-155498000000 ---p 00000000 00:00 0 
155498000000-155498021000 rw-p 00000000 00:00 0 
155498021000-15549c000000 ---p 00000000 00:00 0 
15549c000000-15549c001000 r--p 00000000 00:00 0 
15549c001000-15549c003000 r--p 00000000 00:30 2005420751                 /storage/home/hcoda1/4/hyu483/conda_envs/qgis332/lib/python3.11/site-packages/pandas/_libs/pandas_parser.cpython-311-x86_64-linux-gnu.so
15549c003000-15549c008000 r-xp 00002000 00:30 2005420751                 /storage/home/hcoda1/4/hyu483/conda_envs/qgis332/lib/python3.11/site-packages/pandas/_libs/pandas_parser.cpython-311-x86_64-linux-gnu.so
15549c008000-15549c00a000 r--p 00007000 00:30 2005420751                 /storage/home/hcoda1/4/hyu483/conda_envs/qgis332/lib/python3.11/site-packages/pandas/_libs/pandas_parser.cpython-311-x86_64-linux-gnu.so
15549c00a000-15549c00b000 r--p 00008000 00:30 2005420751                 /storage/home/hcoda1/4/hyu483/conda_envs/qgis332/lib/python3.11/site-packages/pandas/_libs/pandas_parser.cpython-311-x86_64-linux-gnu.so
15549c00b000-15549c00c000 rw-p 00009000 00:30 2005420751                 /storage/home/hcoda1/4/hyu483/conda_envs/qgis332/lib/python3.11/site-packages/pandas/_libs/pandas_parser.cpython-311-x86_64-linux-gnu.so
15549c00c000-15549c00e000 r--p 00000000 00:30 2005401868                 /storage/home/hcoda1/4/hyu483/conda_envs/qgis332/lib/python3.11/site-packages/scipy/special/_gufuncs.cpython-311-x86_64-linux-gnu.so
15549c00e000-15549c08a000 r-xp 00002000 00:30 2005401868                 /storage/home/hcoda1/4/hyu483/conda_envs/qgis332/lib/python3.11/site-packages/scipy/special/_gufuncs.cpython-311-x86_64-linux-gnu.so
15549c08a000-15549c096000 r--p 0007e000 00:30 2005401868                 /storage/home/hcoda1/4/hyu483/conda_envs/qgis332/lib/python3.11/site-packages/scipy/special/_gufuncs.cpython-311-x86_64-linux-gnu.so
15549c096000-15549c097000 r--p 00089000 00:30 2005401868                 /storage/home/hcoda1/4/hyu483/conda_envs/qgis332/lib/python3.11/site-packages/scipy/special/_gufuncs.cpython-311-x86_64-linux-gnu.so
15549c097000-15549c098000 rw-p 0008a000 00:30 2005401868                 /storage/home/hcoda1/4/hyu483/conda_envs/qgis332/lib/python3.11/site-packages/scipy/special/_gufuncs.cpython-311-x86_64-linux-gnu.so
15549c098000-15549c09c000 r--p 00000000 00:30 2005402619                 /storage/home/hcoda1/4/hyu483/conda_envs/qgis332/lib/python3.11/site-packages/scipy/special/_special_ufuncs.cpython-311-x86_64-linux-gnu.so
15549c09c000-15549c186000 r-xp 00004000 00:30 2005402619                 /storage/home/hcoda1/4/hyu483/conda_envs/qgis332/lib/python3.11/site-packages/scipy/special/_special_ufuncs.cpython-311-x86_64-linux-gnu.so
15549c186000-15549c1ca000 r--p 000ee000 00:30 2005402619                 /storage/home/hcoda1/4/hyu483/conda_envs/qgis332/lib/python3.11/site-packages/scipy/special/_special_ufuncs.cpython-311-x86_64-linux-gnu.so
15549c1ca000-15549c1cb000 r--p 00131000 00:30 2005402619                 /storage/home/hcoda1/4/hyu483/conda_envs/qgis332/lib/python3.11/site-packages/scipy/special/_special_ufuncs.cpython-311-x86_64-linux-gnu.so
15549c1cb000-15549c1cc000 rw-p 00132000 00:30 2005402619                 /storage/home/hcoda1/4/hyu483/conda_envs/qgis332/lib/python3.11/site-packages/scipy/special/_special_ufuncs.cpython-311-x86_64-linux-gnu.so
15549c1cc000-15549c2cc000 rw-p 00000000 00:00 0 
15549c2cc000-15549c2d2000 r--p 00000000 00:30 2005404740                 /storage/home/hcoda1/4/hyu483/conda_envs/qgis332/lib/python3.11/site-packages/scipy/special/_ufuncs_cxx.cpython-311-x86_64-linux-gnu.so
15549c2d2000-15549c3f9000 r-xp 00006000 00:30 2005404740                 /storage/home/hcoda1/4/hyu483/conda_envs/qgis332/lib/python3.11/site-packages/scipy/special/_ufuncs_cxx.cpython-311-x86_64-linux-gnu.so
15549c3f9000-15549c42a000 r--p 0012d000 00:30 2005404740                 /storage/home/hcoda1/4/hyu483/conda_envs/qgis332/lib/python3.11/site-packages/scipy/special/_ufuncs_cxx.cpython-311-x86_64-linux-gnu.so
15549c42a000-15549c42b000 r--p 0015d000 00:30 2005404740                 /storage/home/hcoda1/4/hyu483/conda_envs/qgis332/lib/python3.11/site-packages/scipy/special/_ufuncs_cxx.cpython-311-x86_64-linux-gnu.so
15549c42b000-15549c42c000 rw-p 0015e000 00:30 2005404740                 /storage/home/hcoda1/4/hyu483/conda_envs/qgis332/lib/python3.11/site-packages/scipy/special/_ufuncs_cxx.cpython-311-x86_64-linux-gnu.so
15549c42c000-15549c42d000 r--p 00000000 00:30 1896366554                 /storage/home/hcoda1/4/hyu483/conda_envs/qgis332/lib/python3.11/site-packages/scipy/special/libsf_error_state.so
15549c42d000-15549c42e000 r-xp 00001000 00:30 1896366554                 /storage/home/hcoda1/4/hyu483/conda_envs/qgis332/lib/python3.11/site-packages/scipy/special/libsf_error_state.so
15549c42e000-15549c42f000 r--p 00002000 00:30 1896366554                 /storage/home/hcoda1/4/hyu483/conda_envs/qgis332/lib/python3.11/site-packages/scipy/special/libsf_error_state.so
15549c42f000-15549c430000 r--p 00002000 00:30 1896366554                 /storage/home/hcoda1/4/hyu483/conda_envs/qgis332/lib/python3.11/site-packages/scipy/special/libsf_error_state.so
15549c430000-15549c431000 rw-p 00003000 00:30 1896366554                 /storage/home/hcoda1/4/hyu483/conda_envs/qgis332/lib/python3.11/site-packages/scipy/special/libsf_error_state.so
15549c431000-15549c437000 r--p 00000000 00:30 2094149515                 /storage/home/hcoda1/4/hyu483/conda_envs/qgis332/lib/python3.11/site-packages/scipy/special/_ufuncs.cpython-311-x86_64-linux-gnu.so
15549c437000-15549c4c4000 r-xp 00006000 00:30 2094149515                 /storage/home/hcoda1/4/hyu483/conda_envs/qgis332/lib/python3.11/site-packages/scipy/special/_ufuncs.cpython-311-x86_64-linux-gnu.so
15549c4c4000-15549c513000 r--p 00093000 00:30 2094149515                 /storage/home/hcoda1/4/hyu483/conda_envs/qgis332/lib/python3.11/site-packages/scipy/special/_ufuncs.cpython-311-x86_64-linux-gnu.so
15549c513000-15549c514000 r--p 000e2000 00:30 2094149515                 /storage/home/hcoda1/4/hyu483/conda_envs/qgis332/lib/python3.11/site-packages/scipy/special/_ufuncs.cpython-311-x86_64-linux-gnu.so
15549c514000-15549c515000 rw-p 000e3000 00:30 2094149515                 /storage/home/hcoda1/4/hyu483/conda_envs/qgis332/lib/python3.11/site-packages/scipy/special/_ufuncs.cpython-311-x86_64-linux-gnu.so
15549c515000-15549c51c000 rw-p 00000000 00:00 0 
15549c51c000-15549c51d000 r--p 00000000 00:30 1896364553                 /storage/home/hcoda1/4/hyu483/conda_envs/qgis332/lib/python3.11/site-packages/scipy/ndimage/_rank_filter_1d.cpython-311-x86_64-linux-gnu.so
15549c51d000-15549c520000 r-xp 00001000 00:30 1896364553                 /storage/home/hcoda1/4/hyu483/conda_envs/qgis332/lib/python3.11/site-packages/scipy/ndimage/_rank_filter_1d.cpython-311-x86_64-linux-gnu.so
15549c520000-15549c521000 r--p 00004000 00:30 1896364553                 /storage/home/hcoda1/4/hyu483/conda_envs/qgis332/lib/python3.11/site-packages/scipy/ndimage/_rank_filter_1d.cpython-311-x86_64-linux-gnu.so
15549c521000-15549c522000 r--p 00004000 00:30 1896364553                 /storage/home/hcoda1/4/hyu483/conda_envs/qgis332/lib/python3.11/site-packages/scipy/ndimage/_rank_filter_1d.cpython-311-x86_64-linux-gnu.so
15549c522000-15549c523000 rw-p 00005000 00:30 1896364553                 /storage/home/hcoda1/4/hyu483/conda_envs/qgis332/lib/python3.11/site-packages/scipy/ndimage/_rank_filter_1d.cpython-311-x86_64-linux-gnu.so
15549c523000-15549c525000 r--p 00000000 00:30 2005410484                 /storage/home/hcoda1/4/hyu483/conda_envs/qgis332/lib/python3.11/site-packages/scipy/ndimage/_nd_image.cpython-311-x86_64-linux-gnu.so
15549c525000-15549c53e000 r-xp 00002000 00:30 2005410484                 /storage/home/hcoda1/4/hyu483/conda_envs/qgis332/lib/python3.11/site-packages/scipy/ndimage/_nd_image.cpython-311-x86_64-linux-gnu.so
15549c53e000-15549c541000 r--p 0001b000 00:30 2005410484                 /storage/home/hcoda1/4/hyu483/conda_envs/qgis332/lib/python3.11/site-packages/scipy/ndimage/_nd_image.cpython-311-x86_64-linux-gnu.so
15549c541000-15549c542000 r--p 0001e000 00:30 2005410484                 /storage/home/hcoda1/4/hyu483/conda_envs/qgis332/lib/python3.11/site-packages/scipy/ndimage/_nd_image.cpython-311-x86_64-linux-gnu.so
15549c542000-15549c543000 rw-p 0001f000 00:30 2005410484                 /storage/home/hcoda1/4/hyu483/conda_envs/qgis332/lib/python3.11/site-packages/scipy/ndimage/_nd_image.cpython-311-x86_64-linux-gnu.so
15549c543000-15549c547000 r--p 00000000 00:30 2005405376                 /storage/home/hcoda1/4/hyu483/conda_envs/qgis332/lib/python3.11/site-packages/scipy/_lib/_ccallback_c.cpython-311-x86_64-linux-gnu.so
15549c547000-15549c553000 r-xp 00004000 00:30 2005405376                 /storage/home/hcoda1/4/hyu483/conda_envs/qgis332/lib/python3.11/site-packages/scipy/_lib/_ccallback_c.cpython-311-x86_64-linux-gnu.so
15549c553000-15549c556000 r--p 00010000 00:30 2005405376                 /storage/home/hcoda1/4/hyu483/conda_envs/qgis332/lib/python3.11/site-packages/scipy/_lib/_ccallback_c.cpython-311-x86_64-linux-gnu.so
15549c556000-15549c557000 r--p 00012000 00:30 2005405376                 /storage/home/hcoda1/4/hyu483/conda_envs/qgis332/lib/python3.11/site-packages/scipy/_lib/_ccallback_c.cpython-311-x86_64-linux-gnu.so
15549c557000-15549c558000 rw-p 00013000 00:30 2005405376                 /storage/home/hcoda1/4/hyu483/conda_envs/qgis332/lib/python3.11/site-packages/scipy/_lib/_ccallback_c.cpython-311-x86_64-linux-gnu.so
15549c558000-15549c658000 rw-p 00000000 00:00 0 
15549c658000-15549c661000 r--p 00000000 00:30 2036218625                 /storage/home/hcoda1/4/hyu483/conda_envs/qgis332/lib/libQt5Gamepad.so.5.15.15
15549c661000-15549c668000 r-xp 00009000 00:30 2036218625                 /storage/home/hcoda1/4/hyu483/conda_envs/qgis332/lib/libQt5Gamepad.so.5.15.15
15549c668000-15549c670000 r--p 00010000 00:30 2036218625                 /storage/home/hcoda1/4/hyu483/conda_envs/qgis332/lib/libQt5Gamepad.so.5.15.15
15549c670000-15549c671000 r--p 00017000 00:30 2036218625                 /storage/home/hcoda1/4/hyu483/conda_envs/qgis332/lib/libQt5Gamepad.so.5.15.15
15549c671000-15549c672000 rw-p 00018000 00:30 2036218625                 /storage/home/hcoda1/4/hyu483/conda_envs/qgis332/lib/libQt5Gamepad.so.5.15.15
15549c672000-15549c69f000 r--p 00000000 00:30 2036218154                 /storage/home/hcoda1/4/hyu483/conda_envs/qgis332/lib/libQt53DCore.so.5.15.15
15549c69f000-15549c6c0000 r-xp 0002d000 00:30 2036218154                 /storage/home/hcoda1/4/hyu483/conda_envs/qgis332/lib/libQt53DCore.so.5.15.15
15549c6c0000-15549c6d7000 r--p 0004e000 00:30 2036218154                 /storage/home/hcoda1/4/hyu483/conda_envs/qgis332/lib/libQt53DCore.so.5.15.15
15549c6d7000-15549c6db000 r--p 00064000 00:30 2036218154                 /storage/home/hcoda1/4/hyu483/conda_envs/qgis332/lib/libQt53DCore.so.5.15.15
15549c6db000-15549c6dc000 rw-p 00068000 00:30 2036218154                 /storage/home/hcoda1/4/hyu483/conda_envs/qgis332/lib/libQt53DCore.so.5.15.15
15549c6dc000-15549c6e1000 r--p 00000000 00:30 2036218181                 /storage/home/hcoda1/4/hyu483/conda_envs/qgis332/lib/libQt53DLogic.so.5.15.15
15549c6e1000-15549c6e4000 r-xp 00005000 00:30 2036218181                 /storage/home/hcoda1/4/hyu483/conda_envs/qgis332/lib/libQt53DLogic.so.5.15.15
15549c6e4000-15549c6e6000 r--p 00008000 00:30 2036218181                 /storage/home/hcoda1/4/hyu483/conda_envs/qgis332/lib/libQt53DLogic.so.5.15.15
15549c6e6000-15549c6e7000 r--p 00009000 00:30 2036218181                 /storage/home/hcoda1/4/hyu483/conda_envs/qgis332/lib/libQt53DLogic.so.5.15.15
15549c6e7000-15549c6e8000 rw-p 0000a000 00:30 2036218181                 /storage/home/hcoda1/4/hyu483/conda_envs/qgis332/lib/libQt53DLogic.so.5.15.15
15549c6e8000-15549c709000 r--p 00000000 00:30 2036218174                 /storage/home/hcoda1/4/hyu483/conda_envs/qgis332/lib/libQt53DInput.so.5.15.15
15549c709000-15549c72d000 r-xp 00021000 00:30 2036218174                 /storage/home/hcoda1/4/hyu483/conda_envs/qgis332/lib/libQt53DInput.so.5.15.15
15549c72d000-15549c745000 r--p 00045000 00:30 2036218174                 /storage/home/hcoda1/4/hyu483/conda_envs/qgis332/lib/libQt53DInput.so.5.15.15
15549c745000-15549c74a000 r--p 0005d000 00:30 2036218174                 /storage/home/hcoda1/4/hyu483/conda_envs/qgis332/lib/libQt53DInput.so.5.15.15
15549c74a000-15549c74b000 rw-p 00062000 00:30 2036218174                 /storage/home/hcoda1/4/hyu483/conda_envs/qgis332/lib/libQt53DInput.so.5.15.15
15549c74b000-15549c7f0000 r--p 00000000 00:30 2036218231                 /storage/home/hcoda1/4/hyu483/conda_envs/qgis332/lib/libQt53DRender.so.5.15.15
15549c7f0000-15549c8bf000 r-xp 000a5000 00:30 2036218231                 /storage/home/hcoda1/4/hyu483/conda_envs/qgis332/lib/libQt53DRender.so.5.15.15
15549c8bf000-15549c932000 r--p 00174000 00:30 2036218231                 /storage/home/hcoda1/4/hyu483/conda_envs/qgis332/lib/libQt53DRender.so.5.15.15
15549c932000-15549c945000 r--p 001e7000 00:30 2036218231                 /storage/home/hcoda1/4/hyu483/conda_envs/qgis332/lib/libQt53DRender.so.5.15.15
15549c945000-15549c947000 rw-p 001fa000 00:30 2036218231                 /storage/home/hcoda1/4/hyu483/conda_envs/qgis332/lib/libQt53DRender.so.5.15.15
15549c947000-15549c978000 r--p 00000000 00:30 2036218167                 /storage/home/hcoda1/4/hyu483/conda_envs/qgis332/lib/libQt53DExtras.so.5.15.15
15549c978000-15549c9a6000 r-xp 00031000 00:30 2036218167                 /storage/home/hcoda1/4/hyu483/conda_envs/qgis332/lib/libQt53DExtras.so.5.15.15
15549c9a6000-15549c9e7000 r--p 0005f000 00:30 2036218167                 /storage/home/hcoda1/4/hyu483/conda_envs/qgis332/lib/libQt53DExtras.so.5.15.15
15549c9e7000-15549c9ec000 r--p 000a0000 00:30 2036218167                 /storage/home/hcoda1/4/hyu483/conda_envs/qgis332/lib/libQt53DExtras.so.5.15.15
15549c9ec000-15549c9ed000 rw-p 000a5000 00:30 2036218167                 /storage/home/hcoda1/4/hyu483/conda_envs/qgis332/lib/libQt53DExtras.so.5.15.15
15549c9ed000-15549ca4c000 r--p 00000000 00:30 1902568247                 /storage/home/hcoda1/4/hyu483/conda_envs/qgis332/lib/libqgis_3d.so.3.40.3
15549ca4c000-15549cb88000 r-xp 0005f000 00:30 1902568247                 /storage/home/hcoda1/4/hyu483/conda_envs/qgis332/lib/libqgis_3d.so.3.40.3
15549cb88000-15549cbe7000 r--p 0019b000 00:30 1902568247                 /storage/home/hcoda1/4/hyu483/conda_envs/qgis332/lib/libqgis_3d.so.3.40.3
15549cbe7000-15549cbf3000 r--p 001fa000 00:30 1902568247                 /storage/home/hcoda1/4/hyu483/conda_envs/qgis332/lib/libqgis_3d.so.3.40.3
15549cbf3000-15549cbf4000 rw-p 00206000 00:30 1902568247                 /storage/home/hcoda1/4/hyu483/conda_envs/qgis332/lib/libqgis_3d.so.3.40.3
15549cbf4000-15549cc36000 r--p 00000000 00:30 1889088339                 /storage/home/hcoda1/4/hyu483/conda_envs/qgis332/share/qgis/python/qgis/_3d_p.so
15549cc36000-15549ccb7000 r-xp 00042000 00:30 1889088339                 /storage/home/hcoda1/4/hyu483/conda_envs/qgis332/share/qgis/python/qgis/_3d_p.so
15549ccb7000-15549cd02000 r--p 000c3000 00:30 1889088339                 /storage/home/hcoda1/4/hyu483/conda_envs/qgis332/share/qgis/python/qgis/_3d_p.so
15549cd02000-15549cd06000 r--p 0010e000 00:30 1889088339                 /storage/home/hcoda1/4/hyu483/conda_envs/qgis332/share/qgis/python/qgis/_3d_p.so
15549cd06000-15549cd12000 rw-p 00112000 00:30 1889088339                 /storage/home/hcoda1/4/hyu483/conda_envs/qgis332/share/qgis/python/qgis/_3d_p.so
15549cd12000-15549cd18000 r--p 00000000 00:30 2036231155                 /storage/home/hcoda1/4/hyu483/conda_envs/qgis332/plugins/imageformats/libqwebp.so
15549cd18000-15549cd5b000 r-xp 00006000 00:30 2036231155                 /storage/home/hcoda1/4/hyu483/conda_envs/qgis332/plugins/imageformats/libqwebp.so
15549cd5b000-15549cd79000 r--p 00049000 00:30 2036231155                 /storage/home/hcoda1/4/hyu483/conda_envs/qgis332/plugins/imageformats/libqwebp.so
15549cd79000-15549cd7a000 r--p 00067000 00:30 2036231155                 /storage/home/hcoda1/4/hyu483/conda_envs/qgis332/plugins/imageformats/libqwebp.so
15549cd7a000-15549cd7b000 rw-p 00068000 00:30 2036231155                 /storage/home/hcoda1/4/hyu483/conda_envs/qgis332/plugins/imageformats/libqwebp.so
15549cd7b000-15549cd7d000 rw-p 00000000 00:00 0 
15549cd7d000-15549cd80000 r--p 00000000 00:30 2036231154                 /storage/home/hcoda1/4/hyu483/conda_envs/qgis332/plugins/imageformats/libqwbmp.so
15549cd80000-15549cd81000 r-xp 00003000 00:30 2036231154                 /storage/home/hcoda1/4/hyu483/conda_envs/qgis332/plugins/imageformats/libqwbmp.so
15549cd81000-15549cd82000 r--p 00004000 00:30 2036231154                 /storage/home/hcoda1/4/hyu483/conda_envs/qgis332/plugins/imageformats/libqwbmp.so
15549cd82000-15549cd83000 r--p 00004000 00:30 2036231154                 /storage/home/hcoda1/4/hyu483/conda_envs/qgis332/plugins/imageformats/libqwbmp.so
15549cd83000-15549cd84000 rw-p 00005000 00:30 2036231154                 /storage/home/hcoda1/4/hyu483/conda_envs/qgis332/plugins/imageformats/libqwbmp.so
15549cd84000-15549cd8a000 r--p 00000000 00:30 2036231152                 /storage/home/hcoda1/4/hyu483/conda_envs/qgis332/plugins/imageformats/libqtiff.so
15549cd8a000-15549cdbc000 r-xp 00006000 00:30 2036231152                 /storage/home/hcoda1/4/hyu483/conda_envs/qgis332/plugins/imageformats/libqtiff.so
15549cdbc000-15549cde8000 r--p 00038000 00:30 2036231152                 /storage/home/hcoda1/4/hyu483/conda_envs/qgis332/plugins/imageformats/libqtiff.so
15549cde8000-15549cdec000 r--p 00064000 00:30 2036231152                 /storage/home/hcoda1/4/hyu483/conda_envs/qgis332/plugins/imageformats/libqtiff.so
15549cdec000-15549cded000 rw-p 00068000 00:30 2036231152                 /storage/home/hcoda1/4/hyu483/conda_envs/qgis332/plugins/imageformats/libqtiff.so
15549cded000-15549cdf0000 r--p 00000000 00:30 2036231132                 /storage/home/hcoda1/4/hyu483/conda_envs/qgis332/plugins/imageformats/libqtga.so
15549cdf0000-15549cdf1000 r-xp 00003000 00:30 2036231132                 /storage/home/hcoda1/4/hyu483/conda_envs/qgis332/plugins/imageformats/libqtga.so
15549cdf1000-15549cdf2000 r--p 00004000 00:30 2036231132                 /storage/home/hcoda1/4/hyu483/conda_envs/qgis332/plugins/imageformats/libqtga.so
15549cdf2000-15549cdf3000 r--p 00004000 00:30 2036231132                 /storage/home/hcoda1/4/hyu483/conda_envs/qgis332/plugins/imageformats/libqtga.so
15549cdf3000-15549cdf4000 rw-p 00005000 00:30 2036231132                 /storage/home/hcoda1/4/hyu483/conda_envs/qgis332/plugins/imageformats/libqtga.so
15549cdf4000-15549cdf7000 r--p 00000000 00:30 2036231131                 /storage/home/hcoda1/4/hyu483/conda_envs/qgis332/plugins/imageformats/libqsvg.so
15549cdf7000-15549cdf9000 r-xp 00003000 00:30 2036231131                 /storage/home/hcoda1/4/hyu483/conda_envs/qgis332/plugins/imageformats/libqsvg.so
15549cdf9000-15549cdfa000 r--p 00005000 00:30 2036231131                 /storage/home/hcoda1/4/hyu483/conda_envs/qgis332/plugins/imageformats/libqsvg.so
15549cdfa000-15549cdfb000 r--p 00005000 00:30 2036231131                 /storage/home/hcoda1/4/hyu483/conda_envs/qgis332/plugins/imageformats/libqsvg.so
15549cdfb000-15549cdfc000 rw-p 00006000 00:30 2036231131                 /storage/home/hcoda1/4/hyu483/conda_envs/qgis332/plugins/imageformats/libqsvg.so
15549cdfc000-15549ce01000 r--p 00000000 00:30 2036231125                 /storage/home/hcoda1/4/hyu483/conda_envs/qgis332/plugins/imageformats/libqjpeg.so
15549ce01000-15549ce05000 r-xp 00005000 00:30 2036231125                 /storage/home/hcoda1/4/hyu483/conda_envs/qgis332/plugins/imageformats/libqjpeg.so
15549ce05000-15549ce06000 r--p 00009000 00:30 2036231125                 /storage/home/hcoda1/4/hyu483/conda_envs/qgis332/plugins/imageformats/libqjpeg.so
15549ce06000-15549ce07000 r--p 0000a000 00:30 2036231125                 /storage/home/hcoda1/4/hyu483/conda_envs/qgis332/plugins/imageformats/libqjpeg.so
15549ce07000-15549ce08000 rw-p 0000b000 00:30 2036231125                 /storage/home/hcoda1/4/hyu483/conda_envs/qgis332/plugins/imageformats/libqjpeg.so
15549ce08000-15549ce0b000 r--p 00000000 00:30 2036231121                 /storage/home/hcoda1/4/hyu483/conda_envs/qgis332/plugins/imageformats/libqico.so
15549ce0b000-15549ce0e000 r-xp 00003000 00:30 2036231121                 /storage/home/hcoda1/4/hyu483/conda_envs/qgis332/plugins/imageformats/libqico.so
15549ce0e000-15549ce0f000 r--p 00006000 00:30 2036231121                 /storage/home/hcoda1/4/hyu483/conda_envs/qgis332/plugins/imageformats/libqico.so
15549ce0f000-15549ce10000 r--p 00006000 00:30 2036231121                 /storage/home/hcoda1/4/hyu483/conda_envs/qgis332/plugins/imageformats/libqico.so
15549ce10000-15549ce11000 rw-p 00007000 00:30 2036231121                 /storage/home/hcoda1/4/hyu483/conda_envs/qgis332/plugins/imageformats/libqico.so
15549ce11000-15549ce14000 r--p 00000000 00:30 2036231106                 /storage/home/hcoda1/4/hyu483/conda_envs/qgis332/plugins/imageformats/libqicns.so
15549ce14000-15549ce17000 r-xp 00003000 00:30 2036231106                 /storage/home/hcoda1/4/hyu483/conda_envs/qgis332/plugins/imageformats/libqicns.so
15549ce17000-15549ce19000 r--p 00006000 00:30 2036231106                 /storage/home/hcoda1/4/hyu483/conda_envs/qgis332/plugins/imageformats/libqicns.so
15549ce19000-15549ce1a000 r--p 00007000 00:30 2036231106                 /storage/home/hcoda1/4/hyu483/conda_envs/qgis332/plugins/imageformats/libqicns.so
15549ce1a000-15549ce1b000 rw-p 00008000 00:30 2036231106                 /storage/home/hcoda1/4/hyu483/conda_envs/qgis332/plugins/imageformats/libqicns.so
15549ce1b000-15549ce1e000 r--p 00000000 00:30 2036231100                 /storage/home/hcoda1/4/hyu483/conda_envs/qgis332/plugins/imageformats/libqgif.so
15549ce1e000-15549ce21000 r-xp 00003000 00:30 2036231100                 /storage/home/hcoda1/4/hyu483/conda_envs/qgis332/plugins/imageformats/libqgif.so
15549ce21000-15549ce22000 r--p 00006000 00:30 2036231100                 /storage/home/hcoda1/4/hyu483/conda_envs/qgis332/plugins/imageformats/libqgif.so
15549ce22000-15549ce23000 r--p 00006000 00:30 2036231100                 /storage/home/hcoda1/4/hyu483/conda_envs/qgis332/plugins/imageformats/libqgif.so
15549ce23000-15549ce24000 rw-p 00007000 00:30 2036231100                 /storage/home/hcoda1/4/hyu483/conda_envs/qgis332/plugins/imageformats/libqgif.so
15549ce24000-15549ce2c000 r--p 00000000 00:30 2085784181                 /storage/home/hcoda1/4/hyu483/conda_envs/qgis332/lib/libudev.so.1.7.10
15549ce2c000-15549ce55000 r-xp 00008000 00:30 2085784181                 /storage/home/hcoda1/4/hyu483/conda_envs/qgis332/lib/libudev.so.1.7.10
15549ce55000-15549ce6b000 r--p 00031000 00:30 2085784181                 /storage/home/hcoda1/4/hyu483/conda_envs/qgis332/lib/libudev.so.1.7.10
15549ce6b000-15549ce70000 r--p 00046000 00:30 2085784181                 /storage/home/hcoda1/4/hyu483/conda_envs/qgis332/lib/libudev.so.1.7.10
15549ce70000-15549ce71000 rw-p 0004b000 00:30 2085784181                 /storage/home/hcoda1/4/hyu483/conda_envs/qgis332/lib/libudev.so.1.7.10
15549ce71000-15549d071000 rw-p 00000000 00:00 0 
15549d071000-15549d082000 r--p 00000000 00:30 2007947907                 /storage/home/hcoda1/4/hyu483/conda_envs/qgis332/lib/python3.11/site-packages/psycopg2/_psycopg.cpython-311-x86_64-linux-gnu.so
15549d082000-15549d09f000 r-xp 00011000 00:30 2007947907                 /storage/home/hcoda1/4/hyu483/conda_envs/qgis332/lib/python3.11/site-packages/psycopg2/_psycopg.cpython-311-x86_64-linux-gnu.so
15549d09f000-15549d0b4000 r--p 0002e000 00:30 2007947907                 /storage/home/hcoda1/4/hyu483/conda_envs/qgis332/lib/python3.11/site-packages/psycopg2/_psycopg.cpython-311-x86_64-linux-gnu.so
15549d0b4000-15549d0b7000 r--p 00042000 00:30 2007947907                 /storage/home/hcoda1/4/hyu483/conda_envs/qgis332/lib/python3.11/site-packages/psycopg2/_psycopg.cpython-311-x86_64-linux-gnu.so
15549d0b7000-15549d0be000 rw-p 00045000 00:30 2007947907                 /storage/home/hcoda1/4/hyu483/conda_envs/qgis332/lib/python3.11/site-packages/psycopg2/_psycopg.cpython-311-x86_64-linux-gnu.so
15549d0be000-15549d1be000 rw-p 00000000 00:00 0 
15549d1be000-15549d1c3000 r--p 00000000 00:30 2007942030                 /storage/home/hcoda1/4/hyu483/conda_envs/qgis332/lib/python3.11/site-packages/osgeo/_gnm.cpython-311-x86_64-linux-gnu.so
15549d1c3000-15549d1d0000 r-xp 00005000 00:30 2007942030                 /storage/home/hcoda1/4/hyu483/conda_envs/qgis332/lib/python3.11/site-packages/osgeo/_gnm.cpython-311-x86_64-linux-gnu.so
15549d1d0000-15549d1d6000 r--p 00012000 00:30 2007942030                 /storage/home/hcoda1/4/hyu483/conda_envs/qgis332/lib/python3.11/site-packages/osgeo/_gnm.cpython-311-x86_64-linux-gnu.so
15549d1d6000-15549d1d7000 r--p 00017000 00:30 2007942030                 /storage/home/hcoda1/4/hyu483/conda_envs/qgis332/lib/python3.11/site-packages/osgeo/_gnm.cpython-311-x86_64-linux-gnu.so
15549d1d7000-15549d1d9000 rw-p 00018000 00:30 2007942030                 /storage/home/hcoda1/4/hyu483/conda_envs/qgis332/lib/python3.11/site-packages/osgeo/_gnm.cpython-311-x86_64-linux-gnu.so
15549d1d9000-15549d1e2000 r--p 00000000 00:30 2007942027                 /storage/home/hcoda1/4/hyu483/conda_envs/qgis332/lib/python3.11/site-packages/osgeo/_gdal_array.cpython-311-x86_64-linux-gnu.so
15549d1e2000-15549d1f2000 r-xp 00009000 00:30 2007942027                 /storage/home/hcoda1/4/hyu483/conda_envs/qgis332/lib/python3.11/site-packages/osgeo/_gdal_array.cpython-311-x86_64-linux-gnu.so
15549d1f2000-15549d1f8000 r--p 00019000 00:30 2007942027                 /storage/home/hcoda1/4/hyu483/conda_envs/qgis332/lib/python3.11/site-packages/osgeo/_gdal_array.cpython-311-x86_64-linux-gnu.so
15549d1f8000-15549d1f9000 r--p 0001f000 00:30 2007942027                 /storage/home/hcoda1/4/hyu483/conda_envs/qgis332/lib/python3.11/site-packages/osgeo/_gdal_array.cpython-311-x86_64-linux-gnu.so
15549d1f9000-15549d1fb000 rw-p 00020000 00:30 2007942027                 /storage/home/hcoda1/4/hyu483/conda_envs/qgis332/lib/python3.11/site-packages/osgeo/_gdal_array.cpython-311-x86_64-linux-gnu.so
15549d1fb000-15549d1fd000 r--p 00000000 00:30 1883936952                 /storage/home/hcoda1/4/hyu483/conda_envs/qgis332/lib/libyaml-0.so.2.0.9
15549d1fd000-15549d215000 r-xp 00002000 00:30 1883936952                 /storage/home/hcoda1/4/hyu483/conda_envs/qgis332/lib/libyaml-0.so.2.0.9
15549d215000-15549d219000 r--p 0001a000 00:30 1883936952                 /storage/home/hcoda1/4/hyu483/conda_envs/qgis332/lib/libyaml-0.so.2.0.9
15549d219000-15549d21a000 r--p 0001d000 00:30 1883936952                 /storage/home/hcoda1/4/hyu483/conda_envs/qgis332/lib/libyaml-0.so.2.0.9
15549d21a000-15549d21b000 rw-p 0001e000 00:30 1883936952                 /storage/home/hcoda1/4/hyu483/conda_envs/qgis332/lib/libyaml-0.so.2.0.9
15549d21b000-15549d220000 r--p 00000000 00:30 2094164532                 /storage/home/hcoda1/4/hyu483/conda_envs/qgis332/lib/python3.11/site-packages/yaml/_yaml.cpython-311-x86_64-linux-gnu.so
15549d220000-15549d24e000 r-xp 00005000 00:30 2094164532                 /storage/home/hcoda1/4/hyu483/conda_envs/qgis332/lib/python3.11/site-packages/yaml/_yaml.cpython-311-x86_64-linux-gnu.so
15549d24e000-15549d253000 r--p 00033000 00:30 2094164532                 /storage/home/hcoda1/4/hyu483/conda_envs/qgis332/lib/python3.11/site-packages/yaml/_yaml.cpython-311-x86_64-linux-gnu.so
15549d253000-15549d254000 r--p 00038000 00:30 2094164532                 /storage/home/hcoda1/4/hyu483/conda_envs/qgis332/lib/python3.11/site-packages/yaml/_yaml.cpython-311-x86_64-linux-gnu.so
15549d254000-15549d256000 rw-p 00039000 00:30 2094164532                 /storage/home/hcoda1/4/hyu483/conda_envs/qgis332/lib/python3.11/site-packages/yaml/_yaml.cpython-311-x86_64-linux-gnu.so
15549d256000-15549d357000 rw-p 00000000 00:00 0 
15549d357000-15549d35b000 r--p 00000000 00:30 1883947854                 /storage/home/hcoda1/4/hyu483/conda_envs/qgis332/lib/python3.11/lib-dynload/_elementtree.cpython-311-x86_64-linux-gnu.so
15549d35b000-15549d364000 r-xp 00004000 00:30 1883947854                 /storage/home/hcoda1/4/hyu483/conda_envs/qgis332/lib/python3.11/lib-dynload/_elementtree.cpython-311-x86_64-linux-gnu.so
15549d364000-15549d368000 r--p 0000d000 00:30 1883947854                 /storage/home/hcoda1/4/hyu483/conda_envs/qgis332/lib/python3.11/lib-dynload/_elementtree.cpython-311-x86_64-linux-gnu.so
15549d368000-15549d369000 r--p 00010000 00:30 1883947854                 /storage/home/hcoda1/4/hyu483/conda_envs/qgis332/lib/python3.11/lib-dynload/_elementtree.cpython-311-x86_64-linux-gnu.so
15549d369000-15549d36b000 rw-p 00011000 00:30 1883947854                 /storage/home/hcoda1/4/hyu483/conda_envs/qgis332/lib/python3.11/lib-dynload/_elementtree.cpython-311-x86_64-linux-gnu.so
15549d36b000-15549d3ad000 r--p 00000000 00:30 1889088345                 /storage/home/hcoda1/4/hyu483/conda_envs/qgis332/share/qgis/python/qgis/_analysis.so
15549d3ad000-15549d442000 r-xp 00042000 00:30 1889088345                 /storage/home/hcoda1/4/hyu483/conda_envs/qgis332/share/qgis/python/qgis/_analysis.so
15549d442000-15549d48a000 r--p 000d7000 00:30 1889088345                 /storage/home/hcoda1/4/hyu483/conda_envs/qgis332/share/qgis/python/qgis/_analysis.so
15549d48a000-15549d48e000 r--p 0011e000 00:30 1889088345                 /storage/home/hcoda1/4/hyu483/conda_envs/qgis332/share/qgis/python/qgis/_analysis.so
15549d48e000-15549d49d000 rw-p 00122000 00:30 1889088345                 /storage/home/hcoda1/4/hyu483/conda_envs/qgis332/share/qgis/python/qgis/_analysis.so
15549d49d000-15549d59d000 rw-p 00000000 00:00 0 
15549d59d000-15549d5a7000 r--p 00000000 00:30 2036230892                 /storage/home/hcoda1/4/hyu483/conda_envs/qgis332/plugins/bearer/libqnmbearer.so
15549d5a7000-15549d5bc000 r-xp 0000a000 00:30 2036230892                 /storage/home/hcoda1/4/hyu483/conda_envs/qgis332/plugins/bearer/libqnmbearer.so
15549d5bc000-15549d5c8000 r--p 0001f000 00:30 2036230892                 /storage/home/hcoda1/4/hyu483/conda_envs/qgis332/plugins/bearer/libqnmbearer.so
15549d5c8000-15549d5ca000 r--p 0002a000 00:30 2036230892                 /storage/home/hcoda1/4/hyu483/conda_envs/qgis332/plugins/bearer/libqnmbearer.so
15549d5ca000-15549d5cb000 rw-p 0002c000 00:30 2036230892                 /storage/home/hcoda1/4/hyu483/conda_envs/qgis332/plugins/bearer/libqnmbearer.so
15549d5cb000-15549d5d0000 r--p 00000000 00:30 2036230891                 /storage/home/hcoda1/4/hyu483/conda_envs/qgis332/plugins/bearer/libqgenericbearer.so
15549d5d0000-15549d5d4000 r-xp 00005000 00:30 2036230891                 /storage/home/hcoda1/4/hyu483/conda_envs/qgis332/plugins/bearer/libqgenericbearer.so
15549d5d4000-15549d5d7000 r--p 00009000 00:30 2036230891                 /storage/home/hcoda1/4/hyu483/conda_envs/qgis332/plugins/bearer/libqgenericbearer.so
15549d5d7000-15549d5d8000 r--p 0000b000 00:30 2036230891                 /storage/home/hcoda1/4/hyu483/conda_envs/qgis332/plugins/bearer/libqgenericbearer.so
15549d5d8000-15549d5d9000 rw-p 0000c000 00:30 2036230891                 /storage/home/hcoda1/4/hyu483/conda_envs/qgis332/plugins/bearer/libqgenericbearer.so
15549d5d9000-15549d5da000 ---p 00000000 00:00 0 
15549d5da000-15549d7da000 rw-p 00000000 00:00 0 
15549d7da000-15549d7e2000 r--p 00000000 00:30 2036230888                 /storage/home/hcoda1/4/hyu483/conda_envs/qgis332/plugins/bearer/libqconnmanbearer.so
15549d7e2000-15549d7f0000 r-xp 00008000 00:30 2036230888                 /storage/home/hcoda1/4/hyu483/conda_envs/qgis332/plugins/bearer/libqconnmanbearer.so
15549d7f0000-15549d7f9000 r--p 00016000 00:30 2036230888                 /storage/home/hcoda1/4/hyu483/conda_envs/qgis332/plugins/bearer/libqconnmanbearer.so
15549d7f9000-15549d7fa000 r--p 0001f000 00:30 2036230888                 /storage/home/hcoda1/4/hyu483/conda_envs/qgis332/plugins/bearer/libqconnmanbearer.so
15549d7fa000-15549d7fb000 rw-p 00020000 00:30 2036230888                 /storage/home/hcoda1/4/hyu483/conda_envs/qgis332/plugins/bearer/libqconnmanbearer.so
15549d7fb000-15549d7fc000 ---p 00000000 00:00 0 
15549d7fc000-15549d9fc000 rw-p 00000000 00:00 0 
15549d9fc000-15549da0c000 rwxp 00000000 00:00 0 
15549da0c000-15549da22000 r--p 00000000 00:30 1889086924                 /storage/home/hcoda1/4/hyu483/conda_envs/qgis332/lib/libpdal_plugin_writer_tiledb.so.18.1.0
15549da22000-15549da70000 r-xp 00016000 00:30 1889086924                 /storage/home/hcoda1/4/hyu483/conda_envs/qgis332/lib/libpdal_plugin_writer_tiledb.so.18.1.0
15549da70000-15549da82000 r--p 00064000 00:30 1889086924                 /storage/home/hcoda1/4/hyu483/conda_envs/qgis332/lib/libpdal_plugin_writer_tiledb.so.18.1.0
15549da82000-15549da85000 r--p 00075000 00:30 1889086924                 /storage/home/hcoda1/4/hyu483/conda_envs/qgis332/lib/libpdal_plugin_writer_tiledb.so.18.1.0
15549da85000-15549da86000 rw-p 00078000 00:30 1889086924                 /storage/home/hcoda1/4/hyu483/conda_envs/qgis332/lib/libpdal_plugin_writer_tiledb.so.18.1.0
15549da86000-15549da8e000 r--p 00000000 00:30 1910472466                 /storage/home/hcoda1/4/hyu483/conda_envs/qgis332/lib/libpdal_plugin_writer_pgpointcloud.so.18.1.0
15549da8e000-15549daa1000 r-xp 00008000 00:30 1910472466                 /storage/home/hcoda1/4/hyu483/conda_envs/qgis332/lib/libpdal_plugin_writer_pgpointcloud.so.18.1.0
15549daa1000-15549daa5000 r--p 0001b000 00:30 1910472466                 /storage/home/hcoda1/4/hyu483/conda_envs/qgis332/lib/libpdal_plugin_writer_pgpointcloud.so.18.1.0
15549daa5000-15549daa7000 r--p 0001f000 00:30 1910472466                 /storage/home/hcoda1/4/hyu483/conda_envs/qgis332/lib/libpdal_plugin_writer_pgpointcloud.so.18.1.0
15549daa7000-15549daa8000 rw-p 00021000 00:30 1910472466                 /storage/home/hcoda1/4/hyu483/conda_envs/qgis332/lib/libpdal_plugin_writer_pgpointcloud.so.18.1.0
15549daa8000-15549dabc000 r--p 00000000 00:30 2085794851                 /storage/home/hcoda1/4/hyu483/conda_envs/qgis332/lib/libpdal_plugin_writer_nitf.so.18.1.0
15549dabc000-15549dae6000 r-xp 00014000 00:30 2085794851                 /storage/home/hcoda1/4/hyu483/conda_envs/qgis332/lib/libpdal_plugin_writer_nitf.so.18.1.0
15549dae6000-15549daef000 r--p 0003e000 00:30 2085794851                 /storage/home/hcoda1/4/hyu483/conda_envs/qgis332/lib/libpdal_plugin_writer_nitf.so.18.1.0
15549daef000-15549daf2000 r--p 00047000 00:30 2085794851                 /storage/home/hcoda1/4/hyu483/conda_envs/qgis332/lib/libpdal_plugin_writer_nitf.so.18.1.0
15549daf2000-15549daf3000 rw-p 0004a000 00:30 2085794851                 /storage/home/hcoda1/4/hyu483/conda_envs/qgis332/lib/libpdal_plugin_writer_nitf.so.18.1.0
15549daf3000-15549db1a000 r--p 00000000 00:30 1910472411                 /storage/home/hcoda1/4/hyu483/conda_envs/qgis332/lib/libpdal_plugin_writer_e57.so.18.1.0
15549db1a000-15549dba6000 r-xp 00027000 00:30 1910472411                 /storage/home/hcoda1/4/hyu483/conda_envs/qgis332/lib/libpdal_plugin_writer_e57.so.18.1.0
15549dba6000-15549dbc6000 r--p 000b3000 00:30 1910472411                 /storage/home/hcoda1/4/hyu483/conda_envs/qgis332/lib/libpdal_plugin_writer_e57.so.18.1.0
15549dbc6000-15549dbca000 r--p 000d3000 00:30 1910472411                 /storage/home/hcoda1/4/hyu483/conda_envs/qgis332/lib/libpdal_plugin_writer_e57.so.18.1.0
15549dbca000-15549dbcb000 rw-p 000d7000 00:30 1910472411                 /storage/home/hcoda1/4/hyu483/conda_envs/qgis332/lib/libpdal_plugin_writer_e57.so.18.1.0
15549dbcb000-15549dbd6000 r--p 00000000 00:30 1910472398                 /storage/home/hcoda1/4/hyu483/conda_envs/qgis332/lib/libpdal_plugin_writer_draco.so.18.1.0
15549dbd6000-15549dbfd000 r-xp 0000b000 00:30 1910472398                 /storage/home/hcoda1/4/hyu483/conda_envs/qgis332/lib/libpdal_plugin_writer_draco.so.18.1.0
15549dbfd000-15549dc07000 r--p 00032000 00:30 1910472398                 /storage/home/hcoda1/4/hyu483/conda_envs/qgis332/lib/libpdal_plugin_writer_draco.so.18.1.0
15549dc07000-15549dc09000 r--p 0003b000 00:30 1910472398                 /storage/home/hcoda1/4/hyu483/conda_envs/qgis332/lib/libpdal_plugin_writer_draco.so.18.1.0
15549dc09000-15549dc0a000 rw-p 0003d000 00:30 1910472398                 /storage/home/hcoda1/4/hyu483/conda_envs/qgis332/lib/libpdal_plugin_writer_draco.so.18.1.0
15549dc0a000-15549dc19000 r--p 00000000 00:30 1889086932                 /storage/home/hcoda1/4/hyu483/conda_envs/qgis332/lib/libpdal_plugin_writer_arrow.so.18.1.0
15549dc19000-15549dc4a000 r-xp 0000f000 00:30 1889086932                 /storage/home/hcoda1/4/hyu483/conda_envs/qgis332/lib/libpdal_plugin_writer_arrow.so.18.1.0
15549dc4a000-15549dc57000 r--p 00040000 00:30 1889086932                 /storage/home/hcoda1/4/hyu483/conda_envs/qgis332/lib/libpdal_plugin_writer_arrow.so.18.1.0
15549dc57000-15549dc59000 r--p 0004d000 00:30 1889086932                 /storage/home/hcoda1/4/hyu483/conda_envs/qgis332/lib/libpdal_plugin_writer_arrow.so.18.1.0
15549dc59000-15549dc5a000 rw-p 0004f000 00:30 1889086932                 /storage/home/hcoda1/4/hyu483/conda_envs/qgis332/lib/libpdal_plugin_writer_arrow.so.18.1.0
15549dc5a000-15549dc76000 r--p 00000000 00:30 1932645938                 /storage/home/hcoda1/4/hyu483/conda_envs/qgis332/lib/libkj-1.0.2.so
15549dc76000-15549dcd5000 r-xp 0001c000 00:30 1932645938                 /storage/home/hcoda1/4/hyu483/conda_envs/qgis332/lib/libkj-1.0.2.so
15549dcd5000-15549dcf2000 r--p 0007b000 00:30 1932645938                 /storage/home/hcoda1/4/hyu483/conda_envs/qgis332/lib/libkj-1.0.2.so
15549dcf2000-15549dcf5000 r--p 00098000 00:30 1932645938                 /storage/home/hcoda1/4/hyu483/conda_envs/qgis332/lib/libkj-1.0.2.so
15549dcf5000-15549dcf6000 rw-p 0009b000 00:30 1932645938                 /storage/home/hcoda1/4/hyu483/conda_envs/qgis332/lib/libkj-1.0.2.so
15549dcf6000-15549dd1b000 r--p 00000000 00:30 1932645923                 /storage/home/hcoda1/4/hyu483/conda_envs/qgis332/lib/libcapnp-1.0.2.so
15549dd1b000-15549dd7f000 r-xp 00025000 00:30 1932645923                 /storage/home/hcoda1/4/hyu483/conda_envs/qgis332/lib/libcapnp-1.0.2.so
15549dd7f000-15549dda3000 r--p 00089000 00:30 1932645923                 /storage/home/hcoda1/4/hyu483/conda_envs/qgis332/lib/libcapnp-1.0.2.so
15549dda3000-15549dda7000 r--p 000ad000 00:30 1932645923                 /storage/home/hcoda1/4/hyu483/conda_envs/qgis332/lib/libcapnp-1.0.2.so
15549dda7000-15549dda8000 rw-p 000b1000 00:30 1932645923                 /storage/home/hcoda1/4/hyu483/conda_envs/qgis332/lib/libcapnp-1.0.2.so
15549dda8000-15549ddac000 r--p 00000000 00:30 1932645991                 /storage/home/hcoda1/4/hyu483/conda_envs/qgis332/lib/libfmt.so.11.0.2
15549ddac000-15549ddc8000 r-xp 00004000 00:30 1932645991                 /storage/home/hcoda1/4/hyu483/conda_envs/qgis332/lib/libfmt.so.11.0.2
15549ddc8000-15549ddcd000 r--p 00020000 00:30 1932645991                 /storage/home/hcoda1/4/hyu483/conda_envs/qgis332/lib/libfmt.so.11.0.2
15549ddcd000-15549ddce000 r--p 00024000 00:30 1932645991                 /storage/home/hcoda1/4/hyu483/conda_envs/qgis332/lib/libfmt.so.11.0.2
15549ddce000-15549ddcf000 rw-p 00025000 00:30 1932645991                 /storage/home/hcoda1/4/hyu483/conda_envs/qgis332/lib/libfmt.so.11.0.2
15549ddcf000-15549ddd0000 r--p 00000000 00:30 1932647728                 /storage/home/hcoda1/4/hyu483/conda_envs/qgis332/lib/libabsl_log_severity.so.2407.0.0
15549ddd0000-15549ddd1000 r-xp 00001000 00:30 1932647728                 /storage/home/hcoda1/4/hyu483/conda_envs/qgis332/lib/libabsl_log_severity.so.2407.0.0
15549ddd1000-15549ddd2000 r--p 00002000 00:30 1932647728                 /storage/home/hcoda1/4/hyu483/conda_envs/qgis332/lib/libabsl_log_severity.so.2407.0.0
15549ddd2000-15549ddd3000 r--p 00002000 00:30 1932647728                 /storage/home/hcoda1/4/hyu483/conda_envs/qgis332/lib/libabsl_log_severity.so.2407.0.0
15549ddd3000-15549ddd4000 rw-p 00003000 00:30 1932647728                 /storage/home/hcoda1/4/hyu483/conda_envs/qgis332/lib/libabsl_log_severity.so.2407.0.0
15549ddd4000-15549ddd5000 r--p 00000000 00:30 1932647780                 /storage/home/hcoda1/4/hyu483/conda_envs/qgis332/lib/libabsl_string_view.so.2407.0.0
15549ddd5000-15549ddd6000 r-xp 00001000 00:30 1932647780                 /storage/home/hcoda1/4/hyu483/conda_envs/qgis332/lib/libabsl_string_view.so.2407.0.0
15549ddd6000-15549ddd7000 r--p 00002000 00:30 1932647780                 /storage/home/hcoda1/4/hyu483/conda_envs/qgis332/lib/libabsl_string_view.so.2407.0.0
15549ddd7000-15549ddd8000 r--p 00002000 00:30 1932647780                 /storage/home/hcoda1/4/hyu483/conda_envs/qgis332/lib/libabsl_string_view.so.2407.0.0
15549ddd8000-15549ddd9000 rw-p 00003000 00:30 1932647780                 /storage/home/hcoda1/4/hyu483/conda_envs/qgis332/lib/libabsl_string_view.so.2407.0.0
15549ddd9000-15549ddda000 r--p 00000000 00:30 1932647620                 /storage/home/hcoda1/4/hyu483/conda_envs/qgis332/lib/libabsl_bad_optional_access.so.2407.0.0
15549ddda000-15549dddb000 r-xp 00001000 00:30 1932647620                 /storage/home/hcoda1/4/hyu483/conda_envs/qgis332/lib/libabsl_bad_optional_access.so.2407.0.0
15549dddb000-15549dddc000 r--p 00002000 00:30 1932647620                 /storage/home/hcoda1/4/hyu483/conda_envs/qgis332/lib/libabsl_bad_optional_access.so.2407.0.0
15549dddc000-15549dddd000 r--p 00002000 00:30 1932647620                 /storage/home/hcoda1/4/hyu483/conda_envs/qgis332/lib/libabsl_bad_optional_access.so.2407.0.0
15549dddd000-15549ddde000 rw-p 00003000 00:30 1932647620                 /storage/home/hcoda1/4/hyu483/conda_envs/qgis332/lib/libabsl_bad_optional_access.so.2407.0.0
15549ddde000-15549dddf000 r--p 00000000 00:30 1932647622                 /storage/home/hcoda1/4/hyu483/conda_envs/qgis332/lib/libabsl_bad_variant_access.so.2407.0.0
15549dddf000-15549dde0000 r-xp 00001000 00:30 1932647622                 /storage/home/hcoda1/4/hyu483/conda_envs/qgis332/lib/libabsl_bad_variant_access.so.2407.0.0
15549dde0000-15549dde1000 r--p 00002000 00:30 1932647622                 /storage/home/hcoda1/4/hyu483/conda_envs/qgis332/lib/libabsl_bad_variant_access.so.2407.0.0
15549dde1000-15549dde2000 r--p 00002000 00:30 1932647622                 /storage/home/hcoda1/4/hyu483/conda_envs/qgis332/lib/libabsl_bad_variant_access.so.2407.0.0
15549dde2000-15549dde3000 rw-p 00003000 00:30 1932647622                 /storage/home/hcoda1/4/hyu483/conda_envs/qgis332/lib/libabsl_bad_variant_access.so.2407.0.0
15549dde3000-15549dde5000 r--p 00000000 00:30 1932647628                 /storage/home/hcoda1/4/hyu483/conda_envs/qgis332/lib/libabsl_civil_time.so.2407.0.0
15549dde5000-15549dde8000 r-xp 00002000 00:30 1932647628                 /storage/home/hcoda1/4/hyu483/conda_envs/qgis332/lib/libabsl_civil_time.so.2407.0.0
15549dde8000-15549dde9000 r--p 00005000 00:30 1932647628                 /storage/home/hcoda1/4/hyu483/conda_envs/qgis332/lib/libabsl_civil_time.so.2407.0.0
15549dde9000-15549ddea000 r--p 00005000 00:30 1932647628                 /storage/home/hcoda1/4/hyu483/conda_envs/qgis332/lib/libabsl_civil_time.so.2407.0.0
15549ddea000-15549ddeb000 rw-p 00006000 00:30 1932647628                 /storage/home/hcoda1/4/hyu483/conda_envs/qgis332/lib/libabsl_civil_time.so.2407.0.0
15549ddeb000-15549dded000 r--p 00000000 00:30 1932647690                 /storage/home/hcoda1/4/hyu483/conda_envs/qgis332/lib/libabsl_graphcycles_internal.so.2407.0.0
15549dded000-15549ddf1000 r-xp 00002000 00:30 1932647690                 /storage/home/hcoda1/4/hyu483/conda_envs/qgis332/lib/libabsl_graphcycles_internal.so.2407.0.0
15549ddf1000-15549ddf2000 r--p 00006000 00:30 1932647690                 /storage/home/hcoda1/4/hyu483/conda_envs/qgis332/lib/libabsl_graphcycles_internal.so.2407.0.0
15549ddf2000-15549ddf3000 r--p 00006000 00:30 1932647690                 /storage/home/hcoda1/4/hyu483/conda_envs/qgis332/lib/libabsl_graphcycles_internal.so.2407.0.0
15549ddf3000-15549ddf4000 rw-p 00007000 00:30 1932647690                 /storage/home/hcoda1/4/hyu483/conda_envs/qgis332/lib/libabsl_graphcycles_internal.so.2407.0.0
15549ddf4000-15549ddfe000 r--p 00000000 00:30 1932645924                 /storage/home/hcoda1/4/hyu483/conda_envs/qgis332/lib/libcapnp-json-1.0.2.so
15549ddfe000-15549de1a000 r-xp 0000a000 00:30 1932645924                 /storage/home/hcoda1/4/hyu483/conda_envs/qgis332/lib/libcapnp-json-1.0.2.so
15549de1a000-15549de21000 r--p 00026000 00:30 1932645924                 /storage/home/hcoda1/4/hyu483/conda_envs/qgis332/lib/libcapnp-json-1.0.2.so
15549de21000-15549de23000 r--p 0002c000 00:30 1932645924                 /storage/home/hcoda1/4/hyu483/conda_envs/qgis332/lib/libcapnp-json-1.0.2.so
15549de23000-15549de24000 rw-p 0002e000 00:30 1932645924                 /storage/home/hcoda1/4/hyu483/conda_envs/qgis332/lib/libcapnp-json-1.0.2.so
15549de24000-15549de45000 r--p 00000000 00:30 1932623848                 /storage/home/hcoda1/4/hyu483/conda_envs/qgis332/lib/libspdlog.so.1.15.1
15549de45000-15549de7d000 r-xp 00021000 00:30 1932623848                 /storage/home/hcoda1/4/hyu483/conda_envs/qgis332/lib/libspdlog.so.1.15.1
15549de7d000-15549de8c000 r--p 00059000 00:30 1932623848                 /storage/home/hcoda1/4/hyu483/conda_envs/qgis332/lib/libspdlog.so.1.15.1
15549de8c000-15549de90000 r--p 00067000 00:30 1932623848                 /storage/home/hcoda1/4/hyu483/conda_envs/qgis332/lib/libspdlog.so.1.15.1
15549de90000-15549de91000 rw-p 0006b000 00:30 1932623848                 /storage/home/hcoda1/4/hyu483/conda_envs/qgis332/lib/libspdlog.so.1.15.1
15549de91000-15549df59000 r--p 00000000 00:30 2085794946                 /storage/home/hcoda1/4/hyu483/conda_envs/qgis332/lib/libtiledb.so.2.27
15549df59000-15549eb97000 r-xp 000c8000 00:30 2085794946                 /storage/home/hcoda1/4/hyu483/conda_envs/qgis332/lib/libtiledb.so.2.27
15549eb97000-15549ee2b000 r--p 00d06000 00:30 2085794946                 /storage/home/hcoda1/4/hyu483/conda_envs/qgis332/lib/libtiledb.so.2.27
15549ee2b000-15549ee49000 r--p 00f9a000 00:30 2085794946                 /storage/home/hcoda1/4/hyu483/conda_envs/qgis332/lib/libtiledb.so.2.27
15549ee49000-15549ee54000 rw-p 00fb8000 00:30 2085794946                 /storage/home/hcoda1/4/hyu483/conda_envs/qgis332/lib/libtiledb.so.2.27
15549ee54000-15549ee56000 rw-p 00000000 00:00 0 
15549ee56000-15549ee6a000 r--p 00000000 00:30 1889086921                 /storage/home/hcoda1/4/hyu483/conda_envs/qgis332/lib/libpdal_plugin_reader_tiledb.so.18.1.0
15549ee6a000-15549eeae000 r-xp 00014000 00:30 1889086921                 /storage/home/hcoda1/4/hyu483/conda_envs/qgis332/lib/libpdal_plugin_reader_tiledb.so.18.1.0
15549eeae000-15549eebe000 r--p 00058000 00:30 1889086921                 /storage/home/hcoda1/4/hyu483/conda_envs/qgis332/lib/libpdal_plugin_reader_tiledb.so.18.1.0
15549eebe000-15549eec1000 r--p 00067000 00:30 1889086921                 /storage/home/hcoda1/4/hyu483/conda_envs/qgis332/lib/libpdal_plugin_reader_tiledb.so.18.1.0
15549eec1000-15549eec2000 rw-p 0006a000 00:30 1889086921                 /storage/home/hcoda1/4/hyu483/conda_envs/qgis332/lib/libpdal_plugin_reader_tiledb.so.18.1.0
15549eec2000-15549eec9000 r--p 00000000 00:30 1910472458                 /storage/home/hcoda1/4/hyu483/conda_envs/qgis332/lib/libpdal_plugin_reader_pgpointcloud.so.18.1.0
15549eec9000-15549eeda000 r-xp 00007000 00:30 1910472458                 /storage/home/hcoda1/4/hyu483/conda_envs/qgis332/lib/libpdal_plugin_reader_pgpointcloud.so.18.1.0
15549eeda000-15549eede000 r--p 00018000 00:30 1910472458                 /storage/home/hcoda1/4/hyu483/conda_envs/qgis332/lib/libpdal_plugin_reader_pgpointcloud.so.18.1.0
15549eede000-15549eee0000 r--p 0001b000 00:30 1910472458                 /storage/home/hcoda1/4/hyu483/conda_envs/qgis332/lib/libpdal_plugin_reader_pgpointcloud.so.18.1.0
15549eee0000-15549eee1000 rw-p 0001d000 00:30 1910472458                 /storage/home/hcoda1/4/hyu483/conda_envs/qgis332/lib/libpdal_plugin_reader_pgpointcloud.so.18.1.0
15549eee1000-15549eeee000 r--p 00000000 00:30 2085794857                 /storage/home/hcoda1/4/hyu483/conda_envs/qgis332/lib/python3.11/site-packages/pdal/libpdal_plugin_reader_numpy.so
15549eeee000-15549ef1e000 r-xp 0000d000 00:30 2085794857                 /storage/home/hcoda1/4/hyu483/conda_envs/qgis332/lib/python3.11/site-packages/pdal/libpdal_plugin_reader_numpy.so
15549ef1e000-15549ef27000 r--p 0003d000 00:30 2085794857                 /storage/home/hcoda1/4/hyu483/conda_envs/qgis332/lib/python3.11/site-packages/pdal/libpdal_plugin_reader_numpy.so
15549ef27000-15549ef29000 r--p 00045000 00:30 2085794857                 /storage/home/hcoda1/4/hyu483/conda_envs/qgis332/lib/python3.11/site-packages/pdal/libpdal_plugin_reader_numpy.so
15549ef29000-15549ef2a000 rw-p 00047000 00:30 2085794857                 /storage/home/hcoda1/4/hyu483/conda_envs/qgis332/lib/python3.11/site-packages/pdal/libpdal_plugin_reader_numpy.so
15549ef2a000-15549ef92000 r--p 00000000 00:30 1940516580                 /storage/home/hcoda1/4/hyu483/conda_envs/qgis332/lib/libnitf-cpp.so
15549ef92000-15549f094000 r-xp 00068000 00:30 1940516580                 /storage/home/hcoda1/4/hyu483/conda_envs/qgis332/lib/libnitf-cpp.so
15549f094000-15549f0e6000 r--p 0016a000 00:30 1940516580                 /storage/home/hcoda1/4/hyu483/conda_envs/qgis332/lib/libnitf-cpp.so
15549f0e6000-15549f0ee000 r--p 001bc000 00:30 1940516580                 /storage/home/hcoda1/4/hyu483/conda_envs/qgis332/lib/libnitf-cpp.so
15549f0ee000-15549f109000 rw-p 001c4000 00:30 1940516580                 /storage/home/hcoda1/4/hyu483/conda_envs/qgis332/lib/libnitf-cpp.so
15549f109000-15549f10b000 rw-p 00000000 00:00 0 
15549f10b000-15549f11c000 r--p 00000000 00:30 2085794847                 /storage/home/hcoda1/4/hyu483/conda_envs/qgis332/lib/libpdal_plugin_reader_nitf.so.18.1.0
15549f11c000-15549f13a000 r-xp 00011000 00:30 2085794847                 /storage/home/hcoda1/4/hyu483/conda_envs/qgis332/lib/libpdal_plugin_reader_nitf.so.18.1.0
15549f13a000-15549f140000 r--p 0002f000 00:30 2085794847                 /storage/home/hcoda1/4/hyu483/conda_envs/qgis332/lib/libpdal_plugin_reader_nitf.so.18.1.0
15549f140000-15549f143000 r--p 00035000 00:30 2085794847                 /storage/home/hcoda1/4/hyu483/conda_envs/qgis332/lib/libpdal_plugin_reader_nitf.so.18.1.0
15549f143000-15549f144000 rw-p 00038000 00:30 2085794847                 /storage/home/hcoda1/4/hyu483/conda_envs/qgis332/lib/libpdal_plugin_reader_nitf.so.18.1.0
15549f144000-15549f16e000 r--p 00000000 00:30 1896406321                 /storage/home/hcoda1/4/hyu483/conda_envs/qgis332/lib/libhdf5_cpp.so.310.0.3
15549f16e000-15549f1a1000 r-xp 0002a000 00:30 1896406321                 /storage/home/hcoda1/4/hyu483/conda_envs/qgis332/lib/libhdf5_cpp.so.310.0.3
15549f1a1000-15549f1bc000 r--p 0005d000 00:30 1896406321                 /storage/home/hcoda1/4/hyu483/conda_envs/qgis332/lib/libhdf5_cpp.so.310.0.3
15549f1bc000-15549f1c0000 r--p 00077000 00:30 1896406321                 /storage/home/hcoda1/4/hyu483/conda_envs/qgis332/lib/libhdf5_cpp.so.310.0.3
15549f1c0000-15549f1c1000 rw-p 0007b000 00:30 1896406321                 /storage/home/hcoda1/4/hyu483/conda_envs/qgis332/lib/libhdf5_cpp.so.310.0.3
15549f1c1000-15549f1cd000 r--p 00000000 00:30 1889083870                 /storage/home/hcoda1/4/hyu483/conda_envs/qgis332/lib/libpdal_plugin_reader_hdf.so.18.1.0
15549f1cd000-15549f1f3000 r-xp 0000c000 00:30 1889083870                 /storage/home/hcoda1/4/hyu483/conda_envs/qgis332/lib/libpdal_plugin_reader_hdf.so.18.1.0
15549f1f3000-15549f1fc000 r--p 00032000 00:30 1889083870                 /storage/home/hcoda1/4/hyu483/conda_envs/qgis332/lib/libpdal_plugin_reader_hdf.so.18.1.0
15549f1fc000-15549f1fe000 r--p 0003a000 00:30 1889083870                 /storage/home/hcoda1/4/hyu483/conda_envs/qgis332/lib/libpdal_plugin_reader_hdf.so.18.1.0
15549f1fe000-15549f1ff000 rw-p 0003c000 00:30 1889083870                 /storage/home/hcoda1/4/hyu483/conda_envs/qgis332/lib/libpdal_plugin_reader_hdf.so.18.1.0
15549f1ff000-15549f200000 ---p 00000000 00:00 0 
15549f200000-15549f400000 rw-p 00000000 00:00 0 
15549f400000-15549fc00000 rw-p 00000000 00:00 0 
15549fc00000-15549fc01000 rw-s 00000000 fd:01 1078883627                 /tmp/#1078883627 (deleted)
15549fc01000-15549fc02000 r--p 00000000 00:30 1932647646                 /storage/home/hcoda1/4/hyu483/conda_envs/qgis332/lib/libabsl_crc_cpu_detect.so.2407.0.0
15549fc02000-15549fc03000 r-xp 00001000 00:30 1932647646                 /storage/home/hcoda1/4/hyu483/conda_envs/qgis332/lib/libabsl_crc_cpu_detect.so.2407.0.0
15549fc03000-15549fc04000 r--p 00002000 00:30 1932647646                 /storage/home/hcoda1/4/hyu483/conda_envs/qgis332/lib/libabsl_crc_cpu_detect.so.2407.0.0
15549fc04000-15549fc05000 r--p 00002000 00:30 1932647646                 /storage/home/hcoda1/4/hyu483/conda_envs/qgis332/lib/libabsl_crc_cpu_detect.so.2407.0.0
15549fc05000-15549fc06000 rw-p 00003000 00:30 1932647646                 /storage/home/hcoda1/4/hyu483/conda_envs/qgis332/lib/libabsl_crc_cpu_detect.so.2407.0.0
15549fc06000-15549fc0d000 r--p 00000000 00:30 1910472416                 /storage/home/hcoda1/4/hyu483/conda_envs/qgis332/lib/libpdal_plugin_reader_icebridge.so.18.1.0
15549fc0d000-15549fc1d000 r-xp 00007000 00:30 1910472416                 /storage/home/hcoda1/4/hyu483/conda_envs/qgis332/lib/libpdal_plugin_reader_icebridge.so.18.1.0
15549fc1d000-15549fc21000 r--p 00017000 00:30 1910472416                 /storage/home/hcoda1/4/hyu483/conda_envs/qgis332/lib/libpdal_plugin_reader_icebridge.so.18.1.0
15549fc21000-15549fc22000 r--p 0001b000 00:30 1910472416                 /storage/home/hcoda1/4/hyu483/conda_envs/qgis332/lib/libpdal_plugin_reader_icebridge.so.18.1.0
15549fc22000-15549fc23000 rw-p 0001c000 00:30 1910472416                 /storage/home/hcoda1/4/hyu483/conda_envs/qgis332/lib/libpdal_plugin_reader_icebridge.so.18.1.0
15549fc23000-15549fc4a000 r--p 00000000 00:30 1910472404                 /storage/home/hcoda1/4/hyu483/conda_envs/qgis332/lib/libpdal_plugin_reader_e57.so.18.1.0
15549fc4a000-15549fcda000 r-xp 00027000 00:30 1910472404                 /storage/home/hcoda1/4/hyu483/conda_envs/qgis332/lib/libpdal_plugin_reader_e57.so.18.1.0
15549fcda000-15549fcfa000 r--p 000b7000 00:30 1910472404                 /storage/home/hcoda1/4/hyu483/conda_envs/qgis332/lib/libpdal_plugin_reader_e57.so.18.1.0
15549fcfa000-15549fcfe000 r--p 000d7000 00:30 1910472404                 /storage/home/hcoda1/4/hyu483/conda_envs/qgis332/lib/libpdal_plugin_reader_e57.so.18.1.0
15549fcfe000-15549fcff000 rw-p 000db000 00:30 1910472404                 /storage/home/hcoda1/4/hyu483/conda_envs/qgis332/lib/libpdal_plugin_reader_e57.so.18.1.0
15549fcff000-15549fd05000 r--p 00000000 00:30 1910472391                 /storage/home/hcoda1/4/hyu483/conda_envs/qgis332/lib/libpdal_plugin_reader_draco.so.18.1.0
15549fd05000-15549fd17000 r-xp 00006000 00:30 1910472391                 /storage/home/hcoda1/4/hyu483/conda_envs/qgis332/lib/libpdal_plugin_reader_draco.so.18.1.0
15549fd17000-15549fd1b000 r--p 00018000 00:30 1910472391                 /storage/home/hcoda1/4/hyu483/conda_envs/qgis332/lib/libpdal_plugin_reader_draco.so.18.1.0
15549fd1b000-15549fd1c000 r--p 0001b000 00:30 1910472391                 /storage/home/hcoda1/4/hyu483/conda_envs/qgis332/lib/libpdal_plugin_reader_draco.so.18.1.0
15549fd1c000-15549fd1d000 rw-p 0001c000 00:30 1910472391                 /storage/home/hcoda1/4/hyu483/conda_envs/qgis332/lib/libpdal_plugin_reader_draco.so.18.1.0
15549fd1d000-15549fd21000 r--p 00000000 00:30 1932647772                 /storage/home/hcoda1/4/hyu483/conda_envs/qgis332/lib/libabsl_status.so.2407.0.0
15549fd21000-15549fd25000 r-xp 00004000 00:30 1932647772                 /storage/home/hcoda1/4/hyu483/conda_envs/qgis332/lib/libabsl_status.so.2407.0.0
15549fd25000-15549fd27000 r--p 00008000 00:30 1932647772                 /storage/home/hcoda1/4/hyu483/conda_envs/qgis332/lib/libabsl_status.so.2407.0.0
15549fd27000-15549fd28000 r--p 00009000 00:30 1932647772                 /storage/home/hcoda1/4/hyu483/conda_envs/qgis332/lib/libabsl_status.so.2407.0.0
15549fd28000-15549fd29000 rw-p 0000a000 00:30 1932647772                 /storage/home/hcoda1/4/hyu483/conda_envs/qgis332/lib/libabsl_status.so.2407.0.0
15549fd29000-15549fd2a000 r--p 00000000 00:30 1932647712                 /storage/home/hcoda1/4/hyu483/conda_envs/qgis332/lib/libabsl_log_internal_conditions.so.2407.0.0
15549fd2a000-15549fd2b000 r-xp 00001000 00:30 1932647712                 /storage/home/hcoda1/4/hyu483/conda_envs/qgis332/lib/libabsl_log_internal_conditions.so.2407.0.0
15549fd2b000-15549fd2c000 r--p 00002000 00:30 1932647712                 /storage/home/hcoda1/4/hyu483/conda_envs/qgis332/lib/libabsl_log_internal_conditions.so.2407.0.0
15549fd2c000-15549fd2d000 r--p 00002000 00:30 1932647712                 /storage/home/hcoda1/4/hyu483/conda_envs/qgis332/lib/libabsl_log_internal_conditions.so.2407.0.0
15549fd2d000-15549fd2e000 rw-p 00003000 00:30 1932647712                 /storage/home/hcoda1/4/hyu483/conda_envs/qgis332/lib/libabsl_log_internal_conditions.so.2407.0.0
15549fd2e000-15549fd30000 r--p 00000000 00:30 1932647774                 /storage/home/hcoda1/4/hyu483/conda_envs/qgis332/lib/libabsl_statusor.so.2407.0.0
15549fd30000-15549fd31000 r-xp 00002000 00:30 1932647774                 /storage/home/hcoda1/4/hyu483/conda_envs/qgis332/lib/libabsl_statusor.so.2407.0.0
15549fd31000-15549fd32000 r--p 00003000 00:30 1932647774                 /storage/home/hcoda1/4/hyu483/conda_envs/qgis332/lib/libabsl_statusor.so.2407.0.0
15549fd32000-15549fd33000 r--p 00003000 00:30 1932647774                 /storage/home/hcoda1/4/hyu483/conda_envs/qgis332/lib/libabsl_statusor.so.2407.0.0
15549fd33000-15549fd34000 rw-p 00004000 00:30 1932647774                 /storage/home/hcoda1/4/hyu483/conda_envs/qgis332/lib/libabsl_statusor.so.2407.0.0
15549fd34000-15549fd35000 r--p 00000000 00:30 1932647659                 /storage/home/hcoda1/4/hyu483/conda_envs/qgis332/lib/libabsl_die_if_null.so.2407.0.0
15549fd35000-15549fd36000 r-xp 00001000 00:30 1932647659                 /storage/home/hcoda1/4/hyu483/conda_envs/qgis332/lib/libabsl_die_if_null.so.2407.0.0
15549fd36000-15549fd37000 r--p 00002000 00:30 1932647659                 /storage/home/hcoda1/4/hyu483/conda_envs/qgis332/lib/libabsl_die_if_null.so.2407.0.0
15549fd37000-15549fd38000 r--p 00002000 00:30 1932647659                 /storage/home/hcoda1/4/hyu483/conda_envs/qgis332/lib/libabsl_die_if_null.so.2407.0.0
15549fd38000-15549fd39000 rw-p 00003000 00:30 1932647659                 /storage/home/hcoda1/4/hyu483/conda_envs/qgis332/lib/libabsl_die_if_null.so.2407.0.0
15549fd39000-15549fd59000 r--p 00000000 00:30 1932648649                 /storage/home/hcoda1/4/hyu483/conda_envs/qgis332/lib/libs2n.so.1.0.0
15549fd59000-15549fde5000 r-xp 00020000 00:30 1932648649                 /storage/home/hcoda1/4/hyu483/conda_envs/qgis332/lib/libs2n.so.1.0.0
15549fde5000-15549fe63000 r--p 000ac000 00:30 1932648649                 /storage/home/hcoda1/4/hyu483/conda_envs/qgis332/lib/libs2n.so.1.0.0
15549fe63000-15549fe6a000 r--p 00129000 00:30 1932648649                 /storage/home/hcoda1/4/hyu483/conda_envs/qgis332/lib/libs2n.so.1.0.0
15549fe6a000-15549fe82000 rw-p 00130000 00:30 1932648649                 /storage/home/hcoda1/4/hyu483/conda_envs/qgis332/lib/libs2n.so.1.0.0
15549fe82000-15549fe8b000 rw-p 00000000 00:00 0 
15549fe8b000-15549fe8c000 r--p 00000000 00:30 1932645790                 /storage/home/hcoda1/4/hyu483/conda_envs/qgis332/lib/libaws-c-compression.so.1.0.0
15549fe8c000-15549fe8d000 r-xp 00001000 00:30 1932645790                 /storage/home/hcoda1/4/hyu483/conda_envs/qgis332/lib/libaws-c-compression.so.1.0.0
15549fe8d000-15549fe8e000 r--p 00002000 00:30 1932645790                 /storage/home/hcoda1/4/hyu483/conda_envs/qgis332/lib/libaws-c-compression.so.1.0.0
15549fe8e000-15549fe8f000 r--p 00002000 00:30 1932645790                 /storage/home/hcoda1/4/hyu483/conda_envs/qgis332/lib/libaws-c-compression.so.1.0.0
15549fe8f000-15549fe90000 rw-p 00003000 00:30 1932645790                 /storage/home/hcoda1/4/hyu483/conda_envs/qgis332/lib/libaws-c-compression.so.1.0.0
15549fe90000-15549ff20000 r--p 00000000 00:30 1932649567                 /storage/home/hcoda1/4/hyu483/conda_envs/qgis332/lib/libprotobuf.so.28.3.0
15549ff20000-1554a0104000 r-xp 00090000 00:30 1932649567                 /storage/home/hcoda1/4/hyu483/conda_envs/qgis332/lib/libprotobuf.so.28.3.0
1554a0104000-1554a016d000 r--p 00274000 00:30 1932649567                 /storage/home/hcoda1/4/hyu483/conda_envs/qgis332/lib/libprotobuf.so.28.3.0
1554a016d000-1554a0178000 r--p 002dc000 00:30 1932649567                 /storage/home/hcoda1/4/hyu483/conda_envs/qgis332/lib/libprotobuf.so.28.3.0
1554a0178000-1554a017e000 rw-p 002e7000 00:30 1932649567                 /storage/home/hcoda1/4/hyu483/conda_envs/qgis332/lib/libprotobuf.so.28.3.0
1554a017e000-1554a017f000 rw-p 00000000 00:00 0 
1554a017f000-1554a0180000 r--p 00000000 00:30 1932645815                 /storage/home/hcoda1/4/hyu483/conda_envs/qgis332/lib/libaws-checksums.so.1.0.0
1554a0180000-1554a0183000 r-xp 00001000 00:30 1932645815                 /storage/home/hcoda1/4/hyu483/conda_envs/qgis332/lib/libaws-checksums.so.1.0.0
1554a0183000-1554a0190000 r--p 00004000 00:30 1932645815                 /storage/home/hcoda1/4/hyu483/conda_envs/qgis332/lib/libaws-checksums.so.1.0.0
1554a0190000-1554a0191000 r--p 00010000 00:30 1932645815                 /storage/home/hcoda1/4/hyu483/conda_envs/qgis332/lib/libaws-checksums.so.1.0.0
1554a0191000-1554a0192000 rw-p 00011000 00:30 1932645815                 /storage/home/hcoda1/4/hyu483/conda_envs/qgis332/lib/libaws-checksums.so.1.0.0
1554a0192000-1554a0197000 r--p 00000000 00:30 2085783842                 /storage/home/hcoda1/4/hyu483/conda_envs/qgis332/lib/libaws-c-sdkutils.so.1.0.0
1554a0197000-1554a01a5000 r-xp 00005000 00:30 2085783842                 /storage/home/hcoda1/4/hyu483/conda_envs/qgis332/lib/libaws-c-sdkutils.so.1.0.0
1554a01a5000-1554a01ab000 r--p 00013000 00:30 2085783842                 /storage/home/hcoda1/4/hyu483/conda_envs/qgis332/lib/libaws-c-sdkutils.so.1.0.0
1554a01ab000-1554a01ac000 r--p 00018000 00:30 2085783842                 /storage/home/hcoda1/4/hyu483/conda_envs/qgis332/lib/libaws-c-sdkutils.so.1.0.0
1554a01ac000-1554a01ad000 rw-p 00019000 00:30 2085783842                 /storage/home/hcoda1/4/hyu483/conda_envs/qgis332/lib/libaws-c-sdkutils.so.1.0.0
1554a01ad000-1554a01b4000 r--p 00000000 00:30 2085783841                 /storage/home/hcoda1/4/hyu483/conda_envs/qgis332/lib/libaws-c-cal.so.1.0.0
1554a01b4000-1554a01bd000 r-xp 00007000 00:30 2085783841                 /storage/home/hcoda1/4/hyu483/conda_envs/qgis332/lib/libaws-c-cal.so.1.0.0
1554a01bd000-1554a01c2000 r--p 00010000 00:30 2085783841                 /storage/home/hcoda1/4/hyu483/conda_envs/qgis332/lib/libaws-c-cal.so.1.0.0
1554a01c2000-1554a01c3000 r--p 00014000 00:30 2085783841                 /storage/home/hcoda1/4/hyu483/conda_envs/qgis332/lib/libaws-c-cal.so.1.0.0
1554a01c3000-1554a01c4000 rw-p 00015000 00:30 2085783841                 /storage/home/hcoda1/4/hyu483/conda_envs/qgis332/lib/libaws-c-cal.so.1.0.0
1554a01c4000-1554a01d6000 r--p 00000000 00:30 2085784089                 /storage/home/hcoda1/4/hyu483/conda_envs/qgis332/lib/libaws-c-io.so.1.0.0
1554a01d6000-1554a01f5000 r-xp 00012000 00:30 2085784089                 /storage/home/hcoda1/4/hyu483/conda_envs/qgis332/lib/libaws-c-io.so.1.0.0
1554a01f5000-1554a020f000 r--p 00031000 00:30 2085784089                 /storage/home/hcoda1/4/hyu483/conda_envs/qgis332/lib/libaws-c-io.so.1.0.0
1554a020f000-1554a0211000 r--p 0004a000 00:30 2085784089                 /storage/home/hcoda1/4/hyu483/conda_envs/qgis332/lib/libaws-c-io.so.1.0.0
1554a0211000-1554a0213000 rw-p 0004c000 00:30 2085784089                 /storage/home/hcoda1/4/hyu483/conda_envs/qgis332/lib/libaws-c-io.so.1.0.0
1554a0213000-1554a0214000 rw-p 00000000 00:00 0 
1554a0214000-1554a0224000 r--p 00000000 00:30 2085784154                 /storage/home/hcoda1/4/hyu483/conda_envs/qgis332/lib/libaws-c-http.so.1.0.0
1554a0224000-1554a025b000 r-xp 00010000 00:30 2085784154                 /storage/home/hcoda1/4/hyu483/conda_envs/qgis332/lib/libaws-c-http.so.1.0.0
1554a025b000-1554a0277000 r--p 00047000 00:30 2085784154                 /storage/home/hcoda1/4/hyu483/conda_envs/qgis332/lib/libaws-c-http.so.1.0.0
1554a0277000-1554a0279000 r--p 00063000 00:30 2085784154                 /storage/home/hcoda1/4/hyu483/conda_envs/qgis332/lib/libaws-c-http.so.1.0.0
1554a0279000-1554a027b000 rw-p 00065000 00:30 2085784154                 /storage/home/hcoda1/4/hyu483/conda_envs/qgis332/lib/libaws-c-http.so.1.0.0
1554a027b000-1554a027c000 rw-p 00000000 00:00 0 
1554a027c000-1554a0287000 r--p 00000000 00:30 2085784219                 /storage/home/hcoda1/4/hyu483/conda_envs/qgis332/lib/libaws-c-auth.so.1.0.0
1554a0287000-1554a02a6000 r-xp 0000b000 00:30 2085784219                 /storage/home/hcoda1/4/hyu483/conda_envs/qgis332/lib/libaws-c-auth.so.1.0.0
1554a02a6000-1554a02b5000 r--p 0002a000 00:30 2085784219                 /storage/home/hcoda1/4/hyu483/conda_envs/qgis332/lib/libaws-c-auth.so.1.0.0
1554a02b5000-1554a02b6000 r--p 00039000 00:30 2085784219                 /storage/home/hcoda1/4/hyu483/conda_envs/qgis332/lib/libaws-c-auth.so.1.0.0
1554a02b6000-1554a02b7000 rw-p 0003a000 00:30 2085784219                 /storage/home/hcoda1/4/hyu483/conda_envs/qgis332/lib/libaws-c-auth.so.1.0.0
1554a02b7000-1554a02c6000 r--p 00000000 00:30 2085784338                 /storage/home/hcoda1/4/hyu483/conda_envs/qgis332/lib/libaws-c-s3.so.1.0.0
1554a02c6000-1554a02e2000 r-xp 0000f000 00:30 2085784338                 /storage/home/hcoda1/4/hyu483/conda_envs/qgis332/lib/libaws-c-s3.so.1.0.0
1554a02e2000-1554a02ef000 r--p 0002b000 00:30 2085784338                 /storage/home/hcoda1/4/hyu483/conda_envs/qgis332/lib/libaws-c-s3.so.1.0.0
1554a02ef000-1554a02f1000 r--p 00038000 00:30 2085784338                 /storage/home/hcoda1/4/hyu483/conda_envs/qgis332/lib/libaws-c-s3.so.1.0.0
1554a02f1000-1554a02f2000 rw-p 0003a000 00:30 2085784338                 /storage/home/hcoda1/4/hyu483/conda_envs/qgis332/lib/libaws-c-s3.so.1.0.0
1554a02f2000-1554a0302000 r--p 00000000 00:30 2085784223                 /storage/home/hcoda1/4/hyu483/conda_envs/qgis332/lib/libaws-c-mqtt.so.1.0.0
1554a0302000-1554a0334000 r-xp 00010000 00:30 2085784223                 /storage/home/hcoda1/4/hyu483/conda_envs/qgis332/lib/libaws-c-mqtt.so.1.0.0
1554a0334000-1554a034f000 r--p 00042000 00:30 2085784223                 /storage/home/hcoda1/4/hyu483/conda_envs/qgis332/lib/libaws-c-mqtt.so.1.0.0
1554a034f000-1554a0351000 r--p 0005c000 00:30 2085784223                 /storage/home/hcoda1/4/hyu483/conda_envs/qgis332/lib/libaws-c-mqtt.so.1.0.0
1554a0351000-1554a0353000 rw-p 0005e000 00:30 2085784223                 /storage/home/hcoda1/4/hyu483/conda_envs/qgis332/lib/libaws-c-mqtt.so.1.0.0
1554a0353000-1554a0358000 r--p 00000000 00:30 2085784153                 /storage/home/hcoda1/4/hyu483/conda_envs/qgis332/lib/libaws-c-event-stream.so.1.0.0
1554a0358000-1554a0363000 r-xp 00005000 00:30 2085784153                 /storage/home/hcoda1/4/hyu483/conda_envs/qgis332/lib/libaws-c-event-stream.so.1.0.0
1554a0363000-1554a0369000 r--p 00010000 00:30 2085784153                 /storage/home/hcoda1/4/hyu483/conda_envs/qgis332/lib/libaws-c-event-stream.so.1.0.0
1554a0369000-1554a036a000 r--p 00016000 00:30 2085784153                 /storage/home/hcoda1/4/hyu483/conda_envs/qgis332/lib/libaws-c-event-stream.so.1.0.0
1554a036a000-1554a036b000 rw-p 00017000 00:30 2085784153                 /storage/home/hcoda1/4/hyu483/conda_envs/qgis332/lib/libaws-c-event-stream.so.1.0.0
1554a036b000-1554a037e000 r--p 00000000 00:30 1932645641                 /storage/home/hcoda1/4/hyu483/conda_envs/qgis332/lib/libaws-c-common.so.1.0.0
1554a037e000-1554a039e000 r-xp 00013000 00:30 1932645641                 /storage/home/hcoda1/4/hyu483/conda_envs/qgis332/lib/libaws-c-common.so.1.0.0
1554a039e000-1554a03ae000 r--p 00033000 00:30 1932645641                 /storage/home/hcoda1/4/hyu483/conda_envs/qgis332/lib/libaws-c-common.so.1.0.0
1554a03ae000-1554a03af000 r--p 00043000 00:30 1932645641                 /storage/home/hcoda1/4/hyu483/conda_envs/qgis332/lib/libaws-c-common.so.1.0.0
1554a03af000-1554a03b0000 rw-p 00044000 00:30 1932645641                 /storage/home/hcoda1/4/hyu483/conda_envs/qgis332/lib/libaws-c-common.so.1.0.0
1554a03b0000-1554a03b1000 rw-p 00000000 00:00 0 
1554a03b1000-1554a03c1000 r--p 00000000 00:30 2007940768                 /storage/home/hcoda1/4/hyu483/conda_envs/qgis332/lib/libaws-cpp-sdk-sts.so
1554a03c1000-1554a03e1000 r-xp 00010000 00:30 2007940768                 /storage/home/hcoda1/4/hyu483/conda_envs/qgis332/lib/libaws-cpp-sdk-sts.so
1554a03e1000-1554a03ea000 r--p 00030000 00:30 2007940768                 /storage/home/hcoda1/4/hyu483/conda_envs/qgis332/lib/libaws-cpp-sdk-sts.so
1554a03ea000-1554a03ec000 r--p 00038000 00:30 2007940768                 /storage/home/hcoda1/4/hyu483/conda_envs/qgis332/lib/libaws-cpp-sdk-sts.so
1554a03ec000-1554a03ed000 rw-p 0003a000 00:30 2007940768                 /storage/home/hcoda1/4/hyu483/conda_envs/qgis332/lib/libaws-cpp-sdk-sts.so
1554a03ed000-1554a0409000 r--p 00000000 00:30 2007940763                 /storage/home/hcoda1/4/hyu483/conda_envs/qgis332/lib/libaws-cpp-sdk-cognito-identity.so
1554a0409000-1554a0441000 r-xp 0001c000 00:30 2007940763                 /storage/home/hcoda1/4/hyu483/conda_envs/qgis332/lib/libaws-cpp-sdk-cognito-identity.so
1554a0441000-1554a044d000 r--p 00054000 00:30 2007940763                 /storage/home/hcoda1/4/hyu483/conda_envs/qgis332/lib/libaws-cpp-sdk-cognito-identity.so
1554a044d000-1554a0451000 r--p 00060000 00:30 2007940763                 /storage/home/hcoda1/4/hyu483/conda_envs/qgis332/lib/libaws-cpp-sdk-cognito-identity.so
1554a0451000-1554a0452000 rw-p 00064000 00:30 2007940763                 /storage/home/hcoda1/4/hyu483/conda_envs/qgis332/lib/libaws-cpp-sdk-cognito-identity.so
1554a0452000-1554a0453000 r--p 00000000 00:30 1896406258                 /storage/home/hcoda1/4/hyu483/conda_envs/qgis332/lib/libcrc32c.so.1.1.0
1554a0453000-1554a0454000 r-xp 00001000 00:30 1896406258                 /storage/home/hcoda1/4/hyu483/conda_envs/qgis332/lib/libcrc32c.so.1.1.0
1554a0454000-1554a0456000 r--p 00002000 00:30 1896406258                 /storage/home/hcoda1/4/hyu483/conda_envs/qgis332/lib/libcrc32c.so.1.1.0
1554a0456000-1554a0457000 r--p 00003000 00:30 1896406258                 /storage/home/hcoda1/4/hyu483/conda_envs/qgis332/lib/libcrc32c.so.1.1.0
1554a0457000-1554a0458000 rw-p 00004000 00:30 1896406258                 /storage/home/hcoda1/4/hyu483/conda_envs/qgis332/lib/libcrc32c.so.1.1.0
1554a0458000-1554a047f000 r--p 00000000 00:30 2007945513                 /storage/home/hcoda1/4/hyu483/conda_envs/qgis332/lib/libgoogle_cloud_cpp_rest_internal.so.2.36.0
1554a047f000-1554a052c000 r-xp 00027000 00:30 2007945513                 /storage/home/hcoda1/4/hyu483/conda_envs/qgis332/lib/libgoogle_cloud_cpp_rest_internal.so.2.36.0
1554a052c000-1554a054c000 r--p 000d4000 00:30 2007945513                 /storage/home/hcoda1/4/hyu483/conda_envs/qgis332/lib/libgoogle_cloud_cpp_rest_internal.so.2.36.0
1554a054c000-1554a054f000 r--p 000f4000 00:30 2007945513                 /storage/home/hcoda1/4/hyu483/conda_envs/qgis332/lib/libgoogle_cloud_cpp_rest_internal.so.2.36.0
1554a054f000-1554a0550000 rw-p 000f7000 00:30 2007945513                 /storage/home/hcoda1/4/hyu483/conda_envs/qgis332/lib/libgoogle_cloud_cpp_rest_internal.so.2.36.0
1554a0550000-1554a0559000 r--p 00000000 00:30 2007944248                 /storage/home/hcoda1/4/hyu483/conda_envs/qgis332/lib/libazure-storage-common.so
1554a0559000-1554a058a000 r-xp 00009000 00:30 2007944248                 /storage/home/hcoda1/4/hyu483/conda_envs/qgis332/lib/libazure-storage-common.so
1554a058a000-1554a0596000 r--p 0003a000 00:30 2007944248                 /storage/home/hcoda1/4/hyu483/conda_envs/qgis332/lib/libazure-storage-common.so
1554a0596000-1554a0597000 r--p 00046000 00:30 2007944248                 /storage/home/hcoda1/4/hyu483/conda_envs/qgis332/lib/libazure-storage-common.so
1554a0597000-1554a0598000 rw-p 00047000 00:30 2007944248                 /storage/home/hcoda1/4/hyu483/conda_envs/qgis332/lib/libazure-storage-common.so
1554a0598000-1554a0599000 r--p 00000000 00:30 1917420446                 /storage/home/hcoda1/4/hyu483/conda_envs/qgis332/lib/libbrotlienc.so.1.1.0
1554a0599000-1554a05f2000 r-xp 00001000 00:30 1917420446                 /storage/home/hcoda1/4/hyu483/conda_envs/qgis332/lib/libbrotlienc.so.1.1.0
1554a05f2000-1554a0644000 r--p 0005a000 00:30 1917420446                 /storage/home/hcoda1/4/hyu483/conda_envs/qgis332/lib/libbrotlienc.so.1.1.0
1554a0644000-1554a0645000 r--p 000ab000 00:30 1917420446                 /storage/home/hcoda1/4/hyu483/conda_envs/qgis332/lib/libbrotlienc.so.1.1.0
1554a0645000-1554a0646000 rw-p 000ac000 00:30 1917420446                 /storage/home/hcoda1/4/hyu483/conda_envs/qgis332/lib/libbrotlienc.so.1.1.0
1554a0646000-1554a06c6000 r--p 00000000 00:30 1932650261                 /storage/home/hcoda1/4/hyu483/conda_envs/qgis332/lib/liborc.so
1554a06c6000-1554a07ac000 r-xp 00080000 00:30 1932650261                 /storage/home/hcoda1/4/hyu483/conda_envs/qgis332/lib/liborc.so
1554a07ac000-1554a07f0000 r--p 00166000 00:30 1932650261                 /storage/home/hcoda1/4/hyu483/conda_envs/qgis332/lib/liborc.so
1554a07f0000-1554a07fd000 r--p 001aa000 00:30 1932650261                 /storage/home/hcoda1/4/hyu483/conda_envs/qgis332/lib/liborc.so
1554a07fd000-1554a0801000 rw-p 001b7000 00:30 1932650261                 /storage/home/hcoda1/4/hyu483/conda_envs/qgis332/lib/liborc.so
1554a0801000-1554a0834000 r--p 00000000 00:30 2085784381                 /storage/home/hcoda1/4/hyu483/conda_envs/qgis332/lib/libaws-crt-cpp.so
1554a0834000-1554a0880000 r-xp 00033000 00:30 2085784381                 /storage/home/hcoda1/4/hyu483/conda_envs/qgis332/lib/libaws-crt-cpp.so
1554a0880000-1554a089c000 r--p 0007f000 00:30 2085784381                 /storage/home/hcoda1/4/hyu483/conda_envs/qgis332/lib/libaws-crt-cpp.so
1554a089c000-1554a08a0000 r--p 0009a000 00:30 2085784381                 /storage/home/hcoda1/4/hyu483/conda_envs/qgis332/lib/libaws-crt-cpp.so
1554a08a0000-1554a08a1000 rw-p 0009e000 00:30 2085784381                 /storage/home/hcoda1/4/hyu483/conda_envs/qgis332/lib/libaws-crt-cpp.so
1554a08a1000-1554a0906000 r--p 00000000 00:30 2085769475                 /storage/home/hcoda1/4/hyu483/conda_envs/qgis332/lib/libaws-cpp-sdk-core.so
1554a0906000-1554a09ee000 r-xp 00065000 00:30 2085769475                 /storage/home/hcoda1/4/hyu483/conda_envs/qgis332/lib/libaws-cpp-sdk-core.so
1554a09ee000-1554a0a24000 r--p 0014d000 00:30 2085769475                 /storage/home/hcoda1/4/hyu483/conda_envs/qgis332/lib/libaws-cpp-sdk-core.so
1554a0a24000-1554a0a2e000 r--p 00182000 00:30 2085769475                 /storage/home/hcoda1/4/hyu483/conda_envs/qgis332/lib/libaws-cpp-sdk-core.so
1554a0a2e000-1554a0a2f000 rw-p 0018c000 00:30 2085769475                 /storage/home/hcoda1/4/hyu483/conda_envs/qgis332/lib/libaws-cpp-sdk-core.so
1554a0a2f000-1554a0a30000 rw-p 00000000 00:00 0 
1554a0a30000-1554a0aaf000 r--p 00000000 00:30 2085767953                 /storage/home/hcoda1/4/hyu483/conda_envs/qgis332/lib/libaws-cpp-sdk-s3.so
1554a0aaf000-1554a0c2f000 r-xp 0007f000 00:30 2085767953                 /storage/home/hcoda1/4/hyu483/conda_envs/qgis332/lib/libaws-cpp-sdk-s3.so
1554a0c2f000-1554a0c7e000 r--p 001ff000 00:30 2085767953                 /storage/home/hcoda1/4/hyu483/conda_envs/qgis332/lib/libaws-cpp-sdk-s3.so
1554a0c7e000-1554a0c8d000 r--p 0024e000 00:30 2085767953                 /storage/home/hcoda1/4/hyu483/conda_envs/qgis332/lib/libaws-cpp-sdk-s3.so
1554a0c8d000-1554a0c8e000 rw-p 0025d000 00:30 2085767953                 /storage/home/hcoda1/4/hyu483/conda_envs/qgis332/lib/libaws-cpp-sdk-s3.so
1554a0c8e000-1554a0c97000 r--p 00000000 00:30 2007940764                 /storage/home/hcoda1/4/hyu483/conda_envs/qgis332/lib/libaws-cpp-sdk-identity-management.so
1554a0c97000-1554a0cb0000 r-xp 00009000 00:30 2007940764                 /storage/home/hcoda1/4/hyu483/conda_envs/qgis332/lib/libaws-cpp-sdk-identity-management.so
1554a0cb0000-1554a0cb3000 r--p 00022000 00:30 2007940764                 /storage/home/hcoda1/4/hyu483/conda_envs/qgis332/lib/libaws-cpp-sdk-identity-management.so
1554a0cb3000-1554a0cb4000 r--p 00025000 00:30 2007940764                 /storage/home/hcoda1/4/hyu483/conda_envs/qgis332/lib/libaws-cpp-sdk-identity-management.so
1554a0cb4000-1554a0cb5000 rw-p 00026000 00:30 2007940764                 /storage/home/hcoda1/4/hyu483/conda_envs/qgis332/lib/libaws-cpp-sdk-identity-management.so
1554a0cb5000-1554a0cd4000 r--p 00000000 00:30 2085784354                 /storage/home/hcoda1/4/hyu483/conda_envs/qgis332/lib/libgoogle_cloud_cpp_common.so.2.36.0
1554a0cd4000-1554a0d25000 r-xp 0001f000 00:30 2085784354                 /storage/home/hcoda1/4/hyu483/conda_envs/qgis332/lib/libgoogle_cloud_cpp_common.so.2.36.0
1554a0d25000-1554a0d37000 r--p 00070000 00:30 2085784354                 /storage/home/hcoda1/4/hyu483/conda_envs/qgis332/lib/libgoogle_cloud_cpp_common.so.2.36.0
1554a0d37000-1554a0d3a000 r--p 00081000 00:30 2085784354                 /storage/home/hcoda1/4/hyu483/conda_envs/qgis332/lib/libgoogle_cloud_cpp_common.so.2.36.0
1554a0d3a000-1554a0d3b000 rw-p 00084000 00:30 2085784354                 /storage/home/hcoda1/4/hyu483/conda_envs/qgis332/lib/libgoogle_cloud_cpp_common.so.2.36.0
1554a0d3b000-1554a0d8d000 r--p 00000000 00:30 2007947608                 /storage/home/hcoda1/4/hyu483/conda_envs/qgis332/lib/libgoogle_cloud_cpp_storage.so.2.36.0
1554a0d8d000-1554a0f43000 r-xp 00052000 00:30 2007947608                 /storage/home/hcoda1/4/hyu483/conda_envs/qgis332/lib/libgoogle_cloud_cpp_storage.so.2.36.0
1554a0f43000-1554a0f9a000 r--p 00208000 00:30 2007947608                 /storage/home/hcoda1/4/hyu483/conda_envs/qgis332/lib/libgoogle_cloud_cpp_storage.so.2.36.0
1554a0f9a000-1554a0fa0000 r--p 0025f000 00:30 2007947608                 /storage/home/hcoda1/4/hyu483/conda_envs/qgis332/lib/libgoogle_cloud_cpp_storage.so.2.36.0
1554a0fa0000-1554a0fa1000 rw-p 00265000 00:30 2007947608                 /storage/home/hcoda1/4/hyu483/conda_envs/qgis332/lib/libgoogle_cloud_cpp_storage.so.2.36.0
1554a0fa1000-1554a0fb5000 r--p 00000000 00:30 1932536780                 /storage/home/hcoda1/4/hyu483/conda_envs/qgis332/lib/libazure-core.so
1554a0fb5000-1554a1003000 r-xp 00014000 00:30 1932536780                 /storage/home/hcoda1/4/hyu483/conda_envs/qgis332/lib/libazure-core.so
1554a1003000-1554a1012000 r--p 00062000 00:30 1932536780                 /storage/home/hcoda1/4/hyu483/conda_envs/qgis332/lib/libazure-core.so
1554a1012000-1554a1014000 r--p 00071000 00:30 1932536780                 /storage/home/hcoda1/4/hyu483/conda_envs/qgis332/lib/libazure-core.so
1554a1014000-1554a1015000 rw-p 00073000 00:30 1932536780                 /storage/home/hcoda1/4/hyu483/conda_envs/qgis332/lib/libazure-core.so
1554a1015000-1554a102a000 r--p 00000000 00:30 2007944088                 /storage/home/hcoda1/4/hyu483/conda_envs/qgis332/lib/libazure-identity.so
1554a102a000-1554a109b000 r-xp 00015000 00:30 2007944088                 /storage/home/hcoda1/4/hyu483/conda_envs/qgis332/lib/libazure-identity.so
1554a109b000-1554a10b0000 r--p 00086000 00:30 2007944088                 /storage/home/hcoda1/4/hyu483/conda_envs/qgis332/lib/libazure-identity.so
1554a10b0000-1554a10b2000 r--p 0009a000 00:30 2007944088                 /storage/home/hcoda1/4/hyu483/conda_envs/qgis332/lib/libazure-identity.so
1554a10b2000-1554a10b3000 rw-p 0009c000 00:30 2007944088                 /storage/home/hcoda1/4/hyu483/conda_envs/qgis332/lib/libazure-identity.so
1554a10b3000-1554a10d8000 r--p 00000000 00:30 2007947077                 /storage/home/hcoda1/4/hyu483/conda_envs/qgis332/lib/libazure-storage-blobs.so
1554a10d8000-1554a11f8000 r-xp 00025000 00:30 2007947077                 /storage/home/hcoda1/4/hyu483/conda_envs/qgis332/lib/libazure-storage-blobs.so
1554a11f8000-1554a121e000 r--p 00145000 00:30 2007947077                 /storage/home/hcoda1/4/hyu483/conda_envs/qgis332/lib/libazure-storage-blobs.so
1554a121e000-1554a1221000 r--p 0016a000 00:30 2007947077                 /storage/home/hcoda1/4/hyu483/conda_envs/qgis332/lib/libazure-storage-blobs.so
1554a1221000-1554a1222000 rw-p 0016d000 00:30 2007947077                 /storage/home/hcoda1/4/hyu483/conda_envs/qgis332/lib/libazure-storage-blobs.so
1554a1222000-1554a1237000 r--p 00000000 00:30 2007940798                 /storage/home/hcoda1/4/hyu483/conda_envs/qgis332/lib/libazure-storage-files-datalake.so
1554a1237000-1554a12c6000 r-xp 00015000 00:30 2007940798                 /storage/home/hcoda1/4/hyu483/conda_envs/qgis332/lib/libazure-storage-files-datalake.so
1554a12c6000-1554a12d8000 r--p 000a4000 00:30 2007940798                 /storage/home/hcoda1/4/hyu483/conda_envs/qgis332/lib/libazure-storage-files-datalake.so
1554a12d8000-1554a12da000 r--p 000b5000 00:30 2007940798                 /storage/home/hcoda1/4/hyu483/conda_envs/qgis332/lib/libazure-storage-files-datalake.so
1554a12da000-1554a12db000 rw-p 000b7000 00:30 2007940798                 /storage/home/hcoda1/4/hyu483/conda_envs/qgis332/lib/libazure-storage-files-datalake.so
1554a12db000-1554a12dd000 r--p 00000000 00:30 1932645722                 /storage/home/hcoda1/4/hyu483/conda_envs/qgis332/lib/libutf8proc.so.3.1.0
1554a12dd000-1554a12df000 r-xp 00002000 00:30 1932645722                 /storage/home/hcoda1/4/hyu483/conda_envs/qgis332/lib/libutf8proc.so.3.1.0
1554a12df000-1554a1332000 r--p 00004000 00:30 1932645722                 /storage/home/hcoda1/4/hyu483/conda_envs/qgis332/lib/libutf8proc.so.3.1.0
1554a1332000-1554a1333000 r--p 00056000 00:30 1932645722                 /storage/home/hcoda1/4/hyu483/conda_envs/qgis332/lib/libutf8proc.so.3.1.0
1554a1333000-1554a1334000 rw-p 00057000 00:30 1932645722                 /storage/home/hcoda1/4/hyu483/conda_envs/qgis332/lib/libutf8proc.so.3.1.0
1554a1334000-1554a134b000 r--p 00000000 00:30 1932649573                 /storage/home/hcoda1/4/hyu483/conda_envs/qgis332/lib/libre2.so.11
1554a134b000-1554a1390000 r-xp 00017000 00:30 1932649573                 /storage/home/hcoda1/4/hyu483/conda_envs/qgis332/lib/libre2.so.11
1554a1390000-1554a13a9000 r--p 0005c000 00:30 1932649573                 /storage/home/hcoda1/4/hyu483/conda_envs/qgis332/lib/libre2.so.11
1554a13a9000-1554a13ae000 r--p 00074000 00:30 1932649573                 /storage/home/hcoda1/4/hyu483/conda_envs/qgis332/lib/libre2.so.11
1554a13ae000-1554a13af000 rw-p 00079000 00:30 1932649573                 /storage/home/hcoda1/4/hyu483/conda_envs/qgis332/lib/libre2.so.11
1554a13af000-1554a13e1000 r--p 00000000 00:30 2085784112                 /storage/home/hcoda1/4/hyu483/conda_envs/qgis332/lib/libthrift.so.0.21.0
1554a13e1000-1554a143e000 r-xp 00032000 00:30 2085784112                 /storage/home/hcoda1/4/hyu483/conda_envs/qgis332/lib/libthrift.so.0.21.0
1554a143e000-1554a1459000 r--p 0008f000 00:30 2085784112                 /storage/home/hcoda1/4/hyu483/conda_envs/qgis332/lib/libthrift.so.0.21.0
1554a1459000-1554a145f000 r--p 000aa000 00:30 2085784112                 /storage/home/hcoda1/4/hyu483/conda_envs/qgis332/lib/libthrift.so.0.21.0
1554a145f000-1554a1460000 rw-p 000b0000 00:30 2085784112                 /storage/home/hcoda1/4/hyu483/conda_envs/qgis332/lib/libthrift.so.0.21.0
1554a1460000-1554a2d4f000 r-xp 00000000 00:30 2085794253                 /storage/home/hcoda1/4/hyu483/conda_envs/qgis332/lib/libarrow.so.1801.0.0
1554a2d4f000-1554a2da6000 r--p 018ee000 00:30 2085794253                 /storage/home/hcoda1/4/hyu483/conda_envs/qgis332/lib/libarrow.so.1801.0.0
1554a2da6000-1554a2daa000 rw-p 01945000 00:30 2085794253                 /storage/home/hcoda1/4/hyu483/conda_envs/qgis332/lib/libarrow.so.1801.0.0
1554a2daa000-1554a301d000 rw-p 00000000 00:00 0 
1554a301d000-1554a3379000 r-xp 00000000 00:30 1889083867                 /storage/home/hcoda1/4/hyu483/conda_envs/qgis332/lib/libparquet.so.1801.0.0
1554a3379000-1554a337a000 ---p 0035c000 00:30 1889083867                 /storage/home/hcoda1/4/hyu483/conda_envs/qgis332/lib/libparquet.so.1801.0.0
1554a337a000-1554a339d000 r--p 0035c000 00:30 1889083867                 /storage/home/hcoda1/4/hyu483/conda_envs/qgis332/lib/libparquet.so.1801.0.0
1554a339d000-1554a339e000 rw-p 0037f000 00:30 1889083867                 /storage/home/hcoda1/4/hyu483/conda_envs/qgis332/lib/libparquet.so.1801.0.0
1554a339e000-1554a33aa000 r--p 00000000 00:30 1889086929                 /storage/home/hcoda1/4/hyu483/conda_envs/qgis332/lib/libpdal_plugin_reader_arrow.so.18.1.0
1554a33aa000-1554a33d6000 r-xp 0000c000 00:30 1889086929                 /storage/home/hcoda1/4/hyu483/conda_envs/qgis332/lib/libpdal_plugin_reader_arrow.so.18.1.0
1554a33d6000-1554a33e0000 r--p 00038000 00:30 1889086929                 /storage/home/hcoda1/4/hyu483/conda_envs/qgis332/lib/libpdal_plugin_reader_arrow.so.18.1.0
1554a33e0000-1554a33e2000 r--p 00041000 00:30 1889086929                 /storage/home/hcoda1/4/hyu483/conda_envs/qgis332/lib/libpdal_plugin_reader_arrow.so.18.1.0
1554a33e2000-1554a33e3000 rw-p 00043000 00:30 1889086929                 /storage/home/hcoda1/4/hyu483/conda_envs/qgis332/lib/libpdal_plugin_reader_arrow.so.18.1.0
1554a33e3000-1554a33f0000 r--p 00000000 00:30 1917429389                 /storage/home/hcoda1/4/hyu483/conda_envs/qgis332/lib/libgomp.so.1.0.0
1554a33f0000-1554a3413000 r-xp 0000d000 00:30 1917429389                 /storage/home/hcoda1/4/hyu483/conda_envs/qgis332/lib/libgomp.so.1.0.0
1554a3413000-1554a3421000 r--p 00030000 00:30 1917429389                 /storage/home/hcoda1/4/hyu483/conda_envs/qgis332/lib/libgomp.so.1.0.0
1554a3421000-1554a3422000 r--p 0003d000 00:30 1917429389                 /storage/home/hcoda1/4/hyu483/conda_envs/qgis332/lib/libgomp.so.1.0.0
1554a3422000-1554a3423000 rw-p 0003e000 00:30 1917429389                 /storage/home/hcoda1/4/hyu483/conda_envs/qgis332/lib/libgomp.so.1.0.0
1554a3423000-1554a3424000 r--p 00000000 00:30 2094161960                 /storage/home/hcoda1/4/hyu483/conda_envs/qgis332/lib/libcamd.so.2.4.6
1554a3424000-1554a342d000 r-xp 00001000 00:30 2094161960                 /storage/home/hcoda1/4/hyu483/conda_envs/qgis332/lib/libcamd.so.2.4.6
1554a342d000-1554a342f000 r--p 0000a000 00:30 2094161960                 /storage/home/hcoda1/4/hyu483/conda_envs/qgis332/lib/libcamd.so.2.4.6
1554a342f000-1554a3430000 r--p 0000b000 00:30 2094161960                 /storage/home/hcoda1/4/hyu483/conda_envs/qgis332/lib/libcamd.so.2.4.6
1554a3430000-1554a3431000 rw-p 0000c000 00:30 2094161960                 /storage/home/hcoda1/4/hyu483/conda_envs/qgis332/lib/libcamd.so.2.4.6
1554a3431000-1554a3432000 r--p 00000000 00:30 2094148979                 /storage/home/hcoda1/4/hyu483/conda_envs/qgis332/lib/libccolamd.so.2.9.6
1554a3432000-1554a343b000 r-xp 00001000 00:30 2094148979                 /storage/home/hcoda1/4/hyu483/conda_envs/qgis332/lib/libccolamd.so.2.9.6
1554a343b000-1554a343d000 r--p 0000a000 00:30 2094148979                 /storage/home/hcoda1/4/hyu483/conda_envs/qgis332/lib/libccolamd.so.2.9.6
1554a343d000-1554a343e000 r--p 0000b000 00:30 2094148979                 /storage/home/hcoda1/4/hyu483/conda_envs/qgis332/lib/libccolamd.so.2.9.6
1554a343e000-1554a343f000 rw-p 0000c000 00:30 2094148979                 /storage/home/hcoda1/4/hyu483/conda_envs/qgis332/lib/libccolamd.so.2.9.6
1554a343f000-1554a3440000 r--p 00000000 00:30 2094148218                 /storage/home/hcoda1/4/hyu483/conda_envs/qgis332/lib/libcolamd.so.2.9.6
1554a3440000-1554a3445000 r-xp 00001000 00:30 2094148218                 /storage/home/hcoda1/4/hyu483/conda_envs/qgis332/lib/libcolamd.so.2.9.6
1554a3445000-1554a3446000 r--p 00006000 00:30 2094148218                 /storage/home/hcoda1/4/hyu483/conda_envs/qgis332/lib/libcolamd.so.2.9.6
1554a3446000-1554a3447000 r--p 00006000 00:30 2094148218                 /storage/home/hcoda1/4/hyu483/conda_envs/qgis332/lib/libcolamd.so.2.9.6
1554a3447000-1554a3448000 rw-p 00007000 00:30 2094148218                 /storage/home/hcoda1/4/hyu483/conda_envs/qgis332/lib/libcolamd.so.2.9.6
1554a3448000-1554a3449000 r--p 00000000 00:30 2094148827                 /storage/home/hcoda1/4/hyu483/conda_envs/qgis332/lib/libamd.so.2.4.6
1554a3449000-1554a3451000 r-xp 00001000 00:30 2094148827                 /storage/home/hcoda1/4/hyu483/conda_envs/qgis332/lib/libamd.so.2.4.6
1554a3451000-1554a3453000 r--p 00009000 00:30 2094148827                 /storage/home/hcoda1/4/hyu483/conda_envs/qgis332/lib/libamd.so.2.4.6
1554a3453000-1554a3454000 r--p 0000a000 00:30 2094148827                 /storage/home/hcoda1/4/hyu483/conda_envs/qgis332/lib/libamd.so.2.4.6
1554a3454000-1554a3455000 rw-p 0000b000 00:30 2094148827                 /storage/home/hcoda1/4/hyu483/conda_envs/qgis332/lib/libamd.so.2.4.6
1554a3455000-1554a3466000 r--p 00000000 00:30 1893834641                 /storage/home/hcoda1/4/hyu483/conda_envs/qgis332/lib/libmetis.so
1554a3466000-1554a34b3000 r-xp 00011000 00:30 1893834641                 /storage/home/hcoda1/4/hyu483/conda_envs/qgis332/lib/libmetis.so
1554a34b3000-1554a34c4000 r--p 0005e000 00:30 1893834641                 /storage/home/hcoda1/4/hyu483/conda_envs/qgis332/lib/libmetis.so
1554a34c4000-1554a34c6000 r--p 0006e000 00:30 1893834641                 /storage/home/hcoda1/4/hyu483/conda_envs/qgis332/lib/libmetis.so
1554a34c6000-1554a34c7000 rw-p 00070000 00:30 1893834641                 /storage/home/hcoda1/4/hyu483/conda_envs/qgis332/lib/libmetis.so
1554a34c7000-1554a34cd000 r--p 00000000 00:30 2094141292                 /storage/home/hcoda1/4/hyu483/conda_envs/qgis332/lib/libspqr.so.2.0.9
1554a34cd000-1554a34f5000 r-xp 00006000 00:30 2094141292                 /storage/home/hcoda1/4/hyu483/conda_envs/qgis332/lib/libspqr.so.2.0.9
1554a34f5000-1554a34f9000 r--p 0002e000 00:30 2094141292                 /storage/home/hcoda1/4/hyu483/conda_envs/qgis332/lib/libspqr.so.2.0.9
1554a34f9000-1554a34fa000 r--p 00031000 00:30 2094141292                 /storage/home/hcoda1/4/hyu483/conda_envs/qgis332/lib/libspqr.so.2.0.9
1554a34fa000-1554a34fb000 rw-p 00032000 00:30 2094141292                 /storage/home/hcoda1/4/hyu483/conda_envs/qgis332/lib/libspqr.so.2.0.9
1554a34fb000-1554a3503000 r--p 00000000 00:30 2094162630                 /storage/home/hcoda1/4/hyu483/conda_envs/qgis332/lib/libcholmod.so.3.0.14
1554a3503000-1554a35fa000 r-xp 00008000 00:30 2094162630                 /storage/home/hcoda1/4/hyu483/conda_envs/qgis332/lib/libcholmod.so.3.0.14
1554a35fa000-1554a3608000 r--p 000ff000 00:30 2094162630                 /storage/home/hcoda1/4/hyu483/conda_envs/qgis332/lib/libcholmod.so.3.0.14
1554a3608000-1554a3609000 r--p 0010c000 00:30 2094162630                 /storage/home/hcoda1/4/hyu483/conda_envs/qgis332/lib/libcholmod.so.3.0.14
1554a3609000-1554a360a000 rw-p 0010d000 00:30 2094162630                 /storage/home/hcoda1/4/hyu483/conda_envs/qgis332/lib/libcholmod.so.3.0.14
1554a360a000-1554a360f000 r--p 00000000 00:30 1940419484                 /storage/home/hcoda1/4/hyu483/conda_envs/qgis332/lib/libgflags.so.2.2.2
1554a360f000-1554a3630000 r-xp 00005000 00:30 1940419484                 /storage/home/hcoda1/4/hyu483/conda_envs/qgis332/lib/libgflags.so.2.2.2
1554a3630000-1554a3635000 r--p 00026000 00:30 1940419484                 /storage/home/hcoda1/4/hyu483/conda_envs/qgis332/lib/libgflags.so.2.2.2
1554a3635000-1554a3636000 r--p 0002a000 00:30 1940419484                 /storage/home/hcoda1/4/hyu483/conda_envs/qgis332/lib/libgflags.so.2.2.2
1554a3636000-1554a3637000 rw-p 0002b000 00:30 1940419484                 /storage/home/hcoda1/4/hyu483/conda_envs/qgis332/lib/libgflags.so.2.2.2
1554a3637000-1554a3648000 r--p 00000000 00:30 1932648822                 /storage/home/hcoda1/4/hyu483/conda_envs/qgis332/lib/libglog.so.0.7.1
1554a3648000-1554a366e000 r-xp 00011000 00:30 1932648822                 /storage/home/hcoda1/4/hyu483/conda_envs/qgis332/lib/libglog.so.0.7.1
1554a366e000-1554a3678000 r--p 00037000 00:30 1932648822                 /storage/home/hcoda1/4/hyu483/conda_envs/qgis332/lib/libglog.so.0.7.1
1554a3678000-1554a367a000 r--p 00041000 00:30 1932648822                 /storage/home/hcoda1/4/hyu483/conda_envs/qgis332/lib/libglog.so.0.7.1
1554a367a000-1554a367b000 rw-p 00043000 00:30 1932648822                 /storage/home/hcoda1/4/hyu483/conda_envs/qgis332/lib/libglog.so.0.7.1
1554a367b000-1554a368b000 rw-p 00000000 00:00 0 
1554a368b000-1554a36ae000 r--p 00000000 00:30 2007941774                 /storage/home/hcoda1/4/hyu483/conda_envs/qgis332/lib/libceres.so.2.2.0
1554a36ae000-1554a3b36000 r-xp 00023000 00:30 2007941774                 /storage/home/hcoda1/4/hyu483/conda_envs/qgis332/lib/libceres.so.2.2.0
1554a3b36000-1554a3bf1000 r--p 004ab000 00:30 2007941774                 /storage/home/hcoda1/4/hyu483/conda_envs/qgis332/lib/libceres.so.2.2.0
1554a3bf1000-1554a3bf9000 r--p 00566000 00:30 2007941774                 /storage/home/hcoda1/4/hyu483/conda_envs/qgis332/lib/libceres.so.2.2.0
1554a3bf9000-1554a3bfa000 rw-p 0056e000 00:30 2007941774                 /storage/home/hcoda1/4/hyu483/conda_envs/qgis332/lib/libceres.so.2.2.0
1554a3bfa000-1554a3c05000 r--p 00000000 00:30 1910472472                 /storage/home/hcoda1/4/hyu483/conda_envs/qgis332/lib/libpdal_plugin_filter_trajectory.so.18.1.0
1554a3c05000-1554a3c3b000 r-xp 0000b000 00:30 1910472472                 /storage/home/hcoda1/4/hyu483/conda_envs/qgis332/lib/libpdal_plugin_filter_trajectory.so.18.1.0
1554a3c3b000-1554a3c41000 r--p 00041000 00:30 1910472472                 /storage/home/hcoda1/4/hyu483/conda_envs/qgis332/lib/libpdal_plugin_filter_trajectory.so.18.1.0
1554a3c41000-1554a3c43000 r--p 00046000 00:30 1910472472                 /storage/home/hcoda1/4/hyu483/conda_envs/qgis332/lib/libpdal_plugin_filter_trajectory.so.18.1.0
1554a3c43000-1554a3c44000 rw-p 00048000 00:30 1910472472                 /storage/home/hcoda1/4/hyu483/conda_envs/qgis332/lib/libpdal_plugin_filter_trajectory.so.18.1.0
1554a3c44000-1554a3c53000 r--p 00000000 00:30 2085794856                 /storage/home/hcoda1/4/hyu483/conda_envs/qgis332/lib/python3.11/site-packages/pdal/libpdal_plugin_filter_python.so
1554a3c53000-1554a3c8c000 r-xp 0000f000 00:30 2085794856                 /storage/home/hcoda1/4/hyu483/conda_envs/qgis332/lib/python3.11/site-packages/pdal/libpdal_plugin_filter_python.so
1554a3c8c000-1554a3c98000 r--p 00048000 00:30 2085794856                 /storage/home/hcoda1/4/hyu483/conda_envs/qgis332/lib/python3.11/site-packages/pdal/libpdal_plugin_filter_python.so
1554a3c98000-1554a3c9a000 r--p 00054000 00:30 2085794856                 /storage/home/hcoda1/4/hyu483/conda_envs/qgis332/lib/python3.11/site-packages/pdal/libpdal_plugin_filter_python.so
1554a3c9a000-1554a3c9b000 rw-p 00056000 00:30 2085794856                 /storage/home/hcoda1/4/hyu483/conda_envs/qgis332/lib/python3.11/site-packages/pdal/libpdal_plugin_filter_python.so
1554a3c9b000-1554a3c9f000 r--p 00000000 00:30 1932536845                 /storage/home/hcoda1/4/hyu483/conda_envs/qgis332/lib/libfgt.so.0.4.11
1554a3c9f000-1554a3ca9000 r-xp 00004000 00:30 1932536845                 /storage/home/hcoda1/4/hyu483/conda_envs/qgis332/lib/libfgt.so.0.4.11
1554a3ca9000-1554a3cab000 r--p 0000e000 00:30 1932536845                 /storage/home/hcoda1/4/hyu483/conda_envs/qgis332/lib/libfgt.so.0.4.11
1554a3cab000-1554a3cac000 r--p 0000f000 00:30 1932536845                 /storage/home/hcoda1/4/hyu483/conda_envs/qgis332/lib/libfgt.so.0.4.11
1554a3cac000-1554a3cad000 rw-p 00010000 00:30 1932536845                 /storage/home/hcoda1/4/hyu483/conda_envs/qgis332/lib/libfgt.so.0.4.11
1554a3cad000-1554a3cb7000 r--p 00000000 00:30 1910472385                 /storage/home/hcoda1/4/hyu483/conda_envs/qgis332/lib/libpdal_plugin_filter_cpd.so.18.1.0
1554a3cb7000-1554a3d06000 r-xp 0000a000 00:30 1910472385                 /storage/home/hcoda1/4/hyu483/conda_envs/qgis332/lib/libpdal_plugin_filter_cpd.so.18.1.0
1554a3d06000-1554a3d0d000 r--p 00059000 00:30 1910472385                 /storage/home/hcoda1/4/hyu483/conda_envs/qgis332/lib/libpdal_plugin_filter_cpd.so.18.1.0
1554a3d0d000-1554a3d0f000 r--p 0005f000 00:30 1910472385                 /storage/home/hcoda1/4/hyu483/conda_envs/qgis332/lib/libpdal_plugin_filter_cpd.so.18.1.0
1554a3d0f000-1554a3d10000 rw-p 00061000 00:30 1910472385                 /storage/home/hcoda1/4/hyu483/conda_envs/qgis332/lib/libpdal_plugin_filter_cpd.so.18.1.0
1554a3d10000-1554a3d20000 rwxp 00000000 00:00 0 
1554a3d20000-1554a3d48000 r--p 00000000 00:30 1902568361                 /storage/home/hcoda1/4/hyu483/conda_envs/qgis332/lib/qgis/plugins/libprovider_wms.so
1554a3d48000-1554a3e0d000 r-xp 00028000 00:30 1902568361                 /storage/home/hcoda1/4/hyu483/conda_envs/qgis332/lib/qgis/plugins/libprovider_wms.so
1554a3e0d000-1554a3e44000 r--p 000ed000 00:30 1902568361                 /storage/home/hcoda1/4/hyu483/conda_envs/qgis332/lib/qgis/plugins/libprovider_wms.so
1554a3e44000-1554a3e4a000 r--p 00124000 00:30 1902568361                 /storage/home/hcoda1/4/hyu483/conda_envs/qgis332/lib/qgis/plugins/libprovider_wms.so
1554a3e4a000-1554a3e4b000 rw-p 0012a000 00:30 1902568361                 /storage/home/hcoda1/4/hyu483/conda_envs/qgis332/lib/qgis/plugins/libprovider_wms.so
1554a3e4b000-1554a3e77000 r--p 00000000 00:30 1902568359                 /storage/home/hcoda1/4/hyu483/conda_envs/qgis332/lib/qgis/plugins/libprovider_wfs.so
1554a3e77000-1554a3f78000 r-xp 0002c000 00:30 1902568359                 /storage/home/hcoda1/4/hyu483/conda_envs/qgis332/lib/qgis/plugins/libprovider_wfs.so
1554a3f78000-1554a3fb4000 r--p 0012d000 00:30 1902568359                 /storage/home/hcoda1/4/hyu483/conda_envs/qgis332/lib/qgis/plugins/libprovider_wfs.so
1554a3fb4000-1554a3fbb000 r--p 00169000 00:30 1902568359                 /storage/home/hcoda1/4/hyu483/conda_envs/qgis332/lib/qgis/plugins/libprovider_wfs.so
1554a3fbb000-1554a3fbc000 rw-p 00170000 00:30 1902568359                 /storage/home/hcoda1/4/hyu483/conda_envs/qgis332/lib/qgis/plugins/libprovider_wfs.so
1554a3fbc000-1554a3fd0000 r--p 00000000 00:30 1902568336                 /storage/home/hcoda1/4/hyu483/conda_envs/qgis332/lib/qgis/plugins/libprovider_wcs.so
1554a3fd0000-1554a400b000 r-xp 00014000 00:30 1902568336                 /storage/home/hcoda1/4/hyu483/conda_envs/qgis332/lib/qgis/plugins/libprovider_wcs.so
1554a400b000-1554a401d000 r--p 0004f000 00:30 1902568336                 /storage/home/hcoda1/4/hyu483/conda_envs/qgis332/lib/qgis/plugins/libprovider_wcs.so
1554a401d000-1554a4020000 r--p 00061000 00:30 1902568336                 /storage/home/hcoda1/4/hyu483/conda_envs/qgis332/lib/qgis/plugins/libprovider_wcs.so
1554a4020000-1554a4021000 rw-p 00064000 00:30 1902568336                 /storage/home/hcoda1/4/hyu483/conda_envs/qgis332/lib/qgis/plugins/libprovider_wcs.so
1554a4021000-1554a4028000 r--p 00000000 00:30 1902568332                 /storage/home/hcoda1/4/hyu483/conda_envs/qgis332/lib/qgis/plugins/libprovider_virtualraster.so
1554a4028000-1554a4037000 r-xp 00007000 00:30 1902568332                 /storage/home/hcoda1/4/hyu483/conda_envs/qgis332/lib/qgis/plugins/libprovider_virtualraster.so
1554a4037000-1554a403a000 r--p 00016000 00:30 1902568332                 /storage/home/hcoda1/4/hyu483/conda_envs/qgis332/lib/qgis/plugins/libprovider_virtualraster.so
1554a403a000-1554a403b000 r--p 00019000 00:30 1902568332                 /storage/home/hcoda1/4/hyu483/conda_envs/qgis332/lib/qgis/plugins/libprovider_virtualraster.so
1554a403b000-1554a403c000 rw-p 0001a000 00:30 1902568332                 /storage/home/hcoda1/4/hyu483/conda_envs/qgis332/lib/qgis/plugins/libprovider_virtualraster.so
1554a403c000-1554a4053000 r--p 00000000 00:30 1902568328                 /storage/home/hcoda1/4/hyu483/conda_envs/qgis332/lib/qgis/plugins/libprovider_virtuallayer.so
1554a4053000-1554a4083000 r-xp 00017000 00:30 1902568328                 /storage/home/hcoda1/4/hyu483/conda_envs/qgis332/lib/qgis/plugins/libprovider_virtuallayer.so
1554a4083000-1554a4090000 r--p 00047000 00:30 1902568328                 /storage/home/hcoda1/4/hyu483/conda_envs/qgis332/lib/qgis/plugins/libprovider_virtuallayer.so
1554a4090000-1554a4093000 r--p 00054000 00:30 1902568328                 /storage/home/hcoda1/4/hyu483/conda_envs/qgis332/lib/qgis/plugins/libprovider_virtuallayer.so
1554a4093000-1554a4094000 rw-p 00057000 00:30 1902568328                 /storage/home/hcoda1/4/hyu483/conda_envs/qgis332/lib/qgis/plugins/libprovider_virtuallayer.so
1554a4094000-1554a40b1000 r--p 00000000 00:30 1902568326                 /storage/home/hcoda1/4/hyu483/conda_envs/qgis332/lib/qgis/plugins/libprovider_spatialite.so
1554a40b1000-1554a4127000 r-xp 0001d000 00:30 1902568326                 /storage/home/hcoda1/4/hyu483/conda_envs/qgis332/lib/qgis/plugins/libprovider_spatialite.so
1554a4127000-1554a414e000 r--p 00093000 00:30 1902568326                 /storage/home/hcoda1/4/hyu483/conda_envs/qgis332/lib/qgis/plugins/libprovider_spatialite.so
1554a414e000-1554a4152000 r--p 000b9000 00:30 1902568326                 /storage/home/hcoda1/4/hyu483/conda_envs/qgis332/lib/qgis/plugins/libprovider_spatialite.so
1554a4152000-1554a4153000 rw-p 000bd000 00:30 1902568326                 /storage/home/hcoda1/4/hyu483/conda_envs/qgis332/lib/qgis/plugins/libprovider_spatialite.so
1554a4153000-1554a4161000 r--p 00000000 00:30 1902568318                 /storage/home/hcoda1/4/hyu483/conda_envs/qgis332/lib/qgis/plugins/libprovider_postgresraster.so
1554a4161000-1554a41a7000 r-xp 0000e000 00:30 1902568318                 /storage/home/hcoda1/4/hyu483/conda_envs/qgis332/lib/qgis/plugins/libprovider_postgresraster.so
1554a41a7000-1554a41c2000 r--p 00054000 00:30 1902568318                 /storage/home/hcoda1/4/hyu483/conda_envs/qgis332/lib/qgis/plugins/libprovider_postgresraster.so
1554a41c2000-1554a41c4000 r--p 0006e000 00:30 1902568318                 /storage/home/hcoda1/4/hyu483/conda_envs/qgis332/lib/qgis/plugins/libprovider_postgresraster.so
1554a41c4000-1554a41c5000 rw-p 00070000 00:30 1902568318                 /storage/home/hcoda1/4/hyu483/conda_envs/qgis332/lib/qgis/plugins/libprovider_postgresraster.so
1554a41c5000-1554a41ca000 r--p 00000000 00:30 2085784157                 /storage/home/hcoda1/4/hyu483/conda_envs/qgis332/lib/libsasl2.so.3.0.0
1554a41ca000-1554a41dc000 r-xp 00005000 00:30 2085784157                 /storage/home/hcoda1/4/hyu483/conda_envs/qgis332/lib/libsasl2.so.3.0.0
1554a41dc000-1554a41e2000 r--p 00017000 00:30 2085784157                 /storage/home/hcoda1/4/hyu483/conda_envs/qgis332/lib/libsasl2.so.3.0.0
1554a41e2000-1554a41e3000 r--p 0001c000 00:30 2085784157                 /storage/home/hcoda1/4/hyu483/conda_envs/qgis332/lib/libsasl2.so.3.0.0
1554a41e3000-1554a41e4000 rw-p 0001d000 00:30 2085784157                 /storage/home/hcoda1/4/hyu483/conda_envs/qgis332/lib/libsasl2.so.3.0.0
1554a41e4000-1554a41e8000 r--p 00000000 00:30 2007931388                 /storage/home/hcoda1/4/hyu483/conda_envs/qgis332/lib/liblber.so.2.0.200
1554a41e8000-1554a41ef000 r-xp 00004000 00:30 2007931388                 /storage/home/hcoda1/4/hyu483/conda_envs/qgis332/lib/liblber.so.2.0.200
1554a41ef000-1554a41f2000 r--p 0000b000 00:30 2007931388                 /storage/home/hcoda1/4/hyu483/conda_envs/qgis332/lib/liblber.so.2.0.200
1554a41f2000-1554a41f3000 r--p 0000e000 00:30 2007931388                 /storage/home/hcoda1/4/hyu483/conda_envs/qgis332/lib/liblber.so.2.0.200
1554a41f3000-1554a41f4000 rw-p 0000f000 00:30 2007931388                 /storage/home/hcoda1/4/hyu483/conda_envs/qgis332/lib/liblber.so.2.0.200
1554a41f4000-1554a4207000 r--p 00000000 00:30 2085784265                 /storage/home/hcoda1/4/hyu483/conda_envs/qgis332/lib/libldap.so.2.0.200
1554a4207000-1554a4240000 r-xp 00013000 00:30 2085784265                 /storage/home/hcoda1/4/hyu483/conda_envs/qgis332/lib/libldap.so.2.0.200
1554a4240000-1554a4251000 r--p 0004c000 00:30 2085784265                 /storage/home/hcoda1/4/hyu483/conda_envs/qgis332/lib/libldap.so.2.0.200
1554a4251000-1554a4253000 r--p 0005d000 00:30 2085784265                 /storage/home/hcoda1/4/hyu483/conda_envs/qgis332/lib/libldap.so.2.0.200
1554a4253000-1554a4254000 rw-p 0005f000 00:30 2085784265                 /storage/home/hcoda1/4/hyu483/conda_envs/qgis332/lib/libldap.so.2.0.200
1554a4254000-1554a4256000 rw-p 00000000 00:00 0 
1554a4256000-1554a4263000 r--p 00000000 00:30 2085784370                 /storage/home/hcoda1/4/hyu483/conda_envs/qgis332/lib/libpq.so.5.17
1554a4263000-1554a4288000 r-xp 0000d000 00:30 2085784370                 /storage/home/hcoda1/4/hyu483/conda_envs/qgis332/lib/libpq.so.5.17
1554a4288000-1554a42aa000 r--p 00032000 00:30 2085784370                 /storage/home/hcoda1/4/hyu483/conda_envs/qgis332/lib/libpq.so.5.17
1554a42aa000-1554a42ae000 r--p 00053000 00:30 2085784370                 /storage/home/hcoda1/4/hyu483/conda_envs/qgis332/lib/libpq.so.5.17
1554a42ae000-1554a42af000 rw-p 00057000 00:30 2085784370                 /storage/home/hcoda1/4/hyu483/conda_envs/qgis332/lib/libpq.so.5.17
1554a42af000-1554a42d7000 r--p 00000000 00:30 1902568315                 /storage/home/hcoda1/4/hyu483/conda_envs/qgis332/lib/qgis/plugins/libprovider_postgres.so
1554a42d7000-1554a43cc000 r-xp 00028000 00:30 1902568315                 /storage/home/hcoda1/4/hyu483/conda_envs/qgis332/lib/qgis/plugins/libprovider_postgres.so
1554a43cc000-1554a441b000 r--p 0011d000 00:30 1902568315                 /storage/home/hcoda1/4/hyu483/conda_envs/qgis332/lib/qgis/plugins/libprovider_postgres.so
1554a441b000-1554a4421000 r--p 0016c000 00:30 1902568315                 /storage/home/hcoda1/4/hyu483/conda_envs/qgis332/lib/qgis/plugins/libprovider_postgres.so
1554a4421000-1554a4422000 rw-p 00172000 00:30 1902568315                 /storage/home/hcoda1/4/hyu483/conda_envs/qgis332/lib/qgis/plugins/libprovider_postgres.so
1554a4422000-1554a442b000 r--p 00000000 00:30 1902568309                 /storage/home/hcoda1/4/hyu483/conda_envs/qgis332/lib/qgis/plugins/libprovider_pdal.so
1554a442b000-1554a443f000 r-xp 00009000 00:30 1902568309                 /storage/home/hcoda1/4/hyu483/conda_envs/qgis332/lib/qgis/plugins/libprovider_pdal.so
1554a443f000-1554a4444000 r--p 0001d000 00:30 1902568309                 /storage/home/hcoda1/4/hyu483/conda_envs/qgis332/lib/qgis/plugins/libprovider_pdal.so
1554a4444000-1554a4445000 r--p 00022000 00:30 1902568309                 /storage/home/hcoda1/4/hyu483/conda_envs/qgis332/lib/qgis/plugins/libprovider_pdal.so
1554a4445000-1554a4446000 rw-p 00023000 00:30 1902568309                 /storage/home/hcoda1/4/hyu483/conda_envs/qgis332/lib/qgis/plugins/libprovider_pdal.so
1554a4446000-1554a4467000 r--p 00000000 00:30 1902568308                 /storage/home/hcoda1/4/hyu483/conda_envs/qgis332/lib/qgis/plugins/libprovider_mssql.so
1554a4467000-1554a44f7000 r-xp 00021000 00:30 1902568308                 /storage/home/hcoda1/4/hyu483/conda_envs/qgis332/lib/qgis/plugins/libprovider_mssql.so
1554a44f7000-1554a451f000 r--p 000b1000 00:30 1902568308                 /storage/home/hcoda1/4/hyu483/conda_envs/qgis332/lib/qgis/plugins/libprovider_mssql.so
1554a451f000-1554a4523000 r--p 000d9000 00:30 1902568308                 /storage/home/hcoda1/4/hyu483/conda_envs/qgis332/lib/qgis/plugins/libprovider_mssql.so
1554a4523000-1554a4524000 rw-p 000dd000 00:30 1902568308                 /storage/home/hcoda1/4/hyu483/conda_envs/qgis332/lib/qgis/plugins/libprovider_mssql.so
1554a4524000-1554a452b000 r--p 00000000 00:30 2005529064                 /storage/home/hcoda1/4/hyu483/conda_envs/qgis332/lib/libhdf5_hl.so.310.0.3
1554a452b000-1554a4540000 r-xp 00007000 00:30 2005529064                 /storage/home/hcoda1/4/hyu483/conda_envs/qgis332/lib/libhdf5_hl.so.310.0.3
1554a4540000-1554a4545000 r--p 0001c000 00:30 2005529064                 /storage/home/hcoda1/4/hyu483/conda_envs/qgis332/lib/libhdf5_hl.so.310.0.3
1554a4545000-1554a4546000 r--p 00021000 00:30 2005529064                 /storage/home/hcoda1/4/hyu483/conda_envs/qgis332/lib/libhdf5_hl.so.310.0.3
1554a4546000-1554a4547000 rw-p 00022000 00:30 2005529064                 /storage/home/hcoda1/4/hyu483/conda_envs/qgis332/lib/libhdf5_hl.so.310.0.3
1554a4547000-1554a4548000 rw-p 00000000 00:00 0 
1554a4548000-1554a455a000 r--p 00000000 00:30 1932648910                 /storage/home/hcoda1/4/hyu483/conda_envs/qgis332/lib/libdf.so.0.0.0
1554a455a000-1554a45ba000 r-xp 00012000 00:30 1932648910                 /storage/home/hcoda1/4/hyu483/conda_envs/qgis332/lib/libdf.so.0.0.0
1554a45ba000-1554a45cc000 r--p 00072000 00:30 1932648910                 /storage/home/hcoda1/4/hyu483/conda_envs/qgis332/lib/libdf.so.0.0.0
1554a45cc000-1554a45cf000 r--p 00083000 00:30 1932648910                 /storage/home/hcoda1/4/hyu483/conda_envs/qgis332/lib/libdf.so.0.0.0
1554a45cf000-1554a45d0000 rw-p 00086000 00:30 1932648910                 /storage/home/hcoda1/4/hyu483/conda_envs/qgis332/lib/libdf.so.0.0.0
1554a45d0000-1554a45f9000 rw-p 00000000 00:00 0 
1554a45f9000-1554a4600000 r--p 00000000 00:30 1932648914                 /storage/home/hcoda1/4/hyu483/conda_envs/qgis332/lib/libmfhdf.so.0.0.0
1554a4600000-1554a461d000 r-xp 00007000 00:30 1932648914                 /storage/home/hcoda1/4/hyu483/conda_envs/qgis332/lib/libmfhdf.so.0.0.0
1554a461d000-1554a4623000 r--p 00024000 00:30 1932648914                 /storage/home/hcoda1/4/hyu483/conda_envs/qgis332/lib/libmfhdf.so.0.0.0
1554a4623000-1554a4624000 r--p 00029000 00:30 1932648914                 /storage/home/hcoda1/4/hyu483/conda_envs/qgis332/lib/libmfhdf.so.0.0.0
1554a4624000-1554a4625000 rw-p 0002a000 00:30 1932648914                 /storage/home/hcoda1/4/hyu483/conda_envs/qgis332/lib/libmfhdf.so.0.0.0
1554a4625000-1554a4626000 rw-p 00000000 00:00 0 
1554a4626000-1554a4627000 r--p 00000000 00:30 2094149360                 /storage/home/hcoda1/4/hyu483/conda_envs/qgis332/lib/libsz.so.2.0.1
1554a4627000-1554a462f000 r-xp 00001000 00:30 2094149360                 /storage/home/hcoda1/4/hyu483/conda_envs/qgis332/lib/libsz.so.2.0.1
1554a462f000-1554a4631000 r--p 00009000 00:30 2094149360                 /storage/home/hcoda1/4/hyu483/conda_envs/qgis332/lib/libsz.so.2.0.1
1554a4631000-1554a4632000 r--p 0000a000 00:30 2094149360                 /storage/home/hcoda1/4/hyu483/conda_envs/qgis332/lib/libsz.so.2.0.1
1554a4632000-1554a4633000 rw-p 0000b000 00:30 2094149360                 /storage/home/hcoda1/4/hyu483/conda_envs/qgis332/lib/libsz.so.2.0.1
1554a4633000-1554a4664000 r--p 00000000 00:30 1940392614                 /storage/home/hcoda1/4/hyu483/conda_envs/qgis332/lib/libnetcdf.so.19
1554a4664000-1554a4741000 r-xp 00031000 00:30 1940392614                 /storage/home/hcoda1/4/hyu483/conda_envs/qgis332/lib/libnetcdf.so.19
1554a4741000-1554a47c9000 r--p 0010e000 00:30 1940392614                 /storage/home/hcoda1/4/hyu483/conda_envs/qgis332/lib/libnetcdf.so.19
1554a47c9000-1554a47cf000 r--p 00195000 00:30 1940392614                 /storage/home/hcoda1/4/hyu483/conda_envs/qgis332/lib/libnetcdf.so.19
1554a47cf000-1554a47d8000 rw-p 0019b000 00:30 1940392614                 /storage/home/hcoda1/4/hyu483/conda_envs/qgis332/lib/libnetcdf.so.19
1554a47d8000-1554a486d000 rw-p 00000000 00:00 0 
1554a486d000-1554a48be000 r--p 00000000 00:30 1883928252                 /storage/home/hcoda1/4/hyu483/conda_envs/qgis332/lib/libhdf5.so.310.3.0
1554a48be000-1554a4b97000 r-xp 00051000 00:30 1883928252                 /storage/home/hcoda1/4/hyu483/conda_envs/qgis332/lib/libhdf5.so.310.3.0
1554a4b97000-1554a4c81000 r--p 0032a000 00:30 1883928252                 /storage/home/hcoda1/4/hyu483/conda_envs/qgis332/lib/libhdf5.so.310.3.0
1554a4c81000-1554a4c91000 r--p 00413000 00:30 1883928252                 /storage/home/hcoda1/4/hyu483/conda_envs/qgis332/lib/libhdf5.so.310.3.0
1554a4c91000-1554a4c93000 rw-p 00423000 00:30 1883928252                 /storage/home/hcoda1/4/hyu483/conda_envs/qgis332/lib/libhdf5.so.310.3.0
1554a4c93000-1554a4c95000 rw-p 00000000 00:00 0 
1554a4c95000-1554a4cbc000 r--p 00000000 00:30 1902568294                 /storage/home/hcoda1/4/hyu483/conda_envs/qgis332/lib/qgis/plugins/libprovider_mdal.so
1554a4cbc000-1554a4dfd000 r-xp 00027000 00:30 1902568294                 /storage/home/hcoda1/4/hyu483/conda_envs/qgis332/lib/qgis/plugins/libprovider_mdal.so
1554a4dfd000-1554a4e3b000 r--p 00168000 00:30 1902568294                 /storage/home/hcoda1/4/hyu483/conda_envs/qgis332/lib/qgis/plugins/libprovider_mdal.so
1554a4e3b000-1554a4e42000 r--p 001a5000 00:30 1902568294                 /storage/home/hcoda1/4/hyu483/conda_envs/qgis332/lib/qgis/plugins/libprovider_mdal.so
1554a4e42000-1554a4e43000 rw-p 001ac000 00:30 1902568294                 /storage/home/hcoda1/4/hyu483/conda_envs/qgis332/lib/qgis/plugins/libprovider_mdal.so
1554a4e43000-1554a4e50000 r--p 00000000 00:30 1902568292                 /storage/home/hcoda1/4/hyu483/conda_envs/qgis332/lib/qgis/plugins/libprovider_gpx.so
1554a4e50000-1554a4e71000 r-xp 0000d000 00:30 1902568292                 /storage/home/hcoda1/4/hyu483/conda_envs/qgis332/lib/qgis/plugins/libprovider_gpx.so
1554a4e71000-1554a4e78000 r--p 0002e000 00:30 1902568292                 /storage/home/hcoda1/4/hyu483/conda_envs/qgis332/lib/qgis/plugins/libprovider_gpx.so
1554a4e78000-1554a4e7a000 r--p 00034000 00:30 1902568292                 /storage/home/hcoda1/4/hyu483/conda_envs/qgis332/lib/qgis/plugins/libprovider_gpx.so
1554a4e7a000-1554a4e7b000 rw-p 00036000 00:30 1902568292                 /storage/home/hcoda1/4/hyu483/conda_envs/qgis332/lib/qgis/plugins/libprovider_gpx.so
1554a4e7b000-1554a4e90000 r--p 00000000 00:30 1902568289                 /storage/home/hcoda1/4/hyu483/conda_envs/qgis332/lib/qgis/plugins/libprovider_delimitedtext.so
1554a4e90000-1554a4ec9000 r-xp 00015000 00:30 1902568289                 /storage/home/hcoda1/4/hyu483/conda_envs/qgis332/lib/qgis/plugins/libprovider_delimitedtext.so
1554a4ec9000-1554a4ed8000 r--p 0004e000 00:30 1902568289                 /storage/home/hcoda1/4/hyu483/conda_envs/qgis332/lib/qgis/plugins/libprovider_delimitedtext.so
1554a4ed8000-1554a4edb000 r--p 0005d000 00:30 1902568289                 /storage/home/hcoda1/4/hyu483/conda_envs/qgis332/lib/qgis/plugins/libprovider_delimitedtext.so
1554a4edb000-1554a4edc000 rw-p 00060000 00:30 1902568289                 /storage/home/hcoda1/4/hyu483/conda_envs/qgis332/lib/qgis/plugins/libprovider_delimitedtext.so
1554a4edc000-1554a4ee8000 r--p 00000000 00:30 1902568288                 /storage/home/hcoda1/4/hyu483/conda_envs/qgis332/lib/qgis/plugins/libprovider_arcgismapserver.so
1554a4ee8000-1554a4f0a000 r-xp 0000c000 00:30 1902568288                 /storage/home/hcoda1/4/hyu483/conda_envs/qgis332/lib/qgis/plugins/libprovider_arcgismapserver.so
1554a4f0a000-1554a4f14000 r--p 0002e000 00:30 1902568288                 /storage/home/hcoda1/4/hyu483/conda_envs/qgis332/lib/qgis/plugins/libprovider_arcgismapserver.so
1554a4f14000-1554a4f16000 r--p 00037000 00:30 1902568288                 /storage/home/hcoda1/4/hyu483/conda_envs/qgis332/lib/qgis/plugins/libprovider_arcgismapserver.so
1554a4f16000-1554a4f17000 rw-p 00039000 00:30 1902568288                 /storage/home/hcoda1/4/hyu483/conda_envs/qgis332/lib/qgis/plugins/libprovider_arcgismapserver.so
1554a4f17000-1554a4f36000 r--p 00000000 00:30 1902568287                 /storage/home/hcoda1/4/hyu483/conda_envs/qgis332/lib/qgis/plugins/libprovider_arcgisfeatureserver.so
1554a4f36000-1554a4f80000 r-xp 0001f000 00:30 1902568287                 /storage/home/hcoda1/4/hyu483/conda_envs/qgis332/lib/qgis/plugins/libprovider_arcgisfeatureserver.so
1554a4f80000-1554a4f97000 r--p 00069000 00:30 1902568287                 /storage/home/hcoda1/4/hyu483/conda_envs/qgis332/lib/qgis/plugins/libprovider_arcgisfeatureserver.so
1554a4f97000-1554a4f9c000 r--p 0007f000 00:30 1902568287                 /storage/home/hcoda1/4/hyu483/conda_envs/qgis332/lib/qgis/plugins/libprovider_arcgisfeatureserver.so
1554a4f9c000-1554a4f9d000 rw-p 00084000 00:30 1902568287                 /storage/home/hcoda1/4/hyu483/conda_envs/qgis332/lib/qgis/plugins/libprovider_arcgisfeatureserver.so
1554a4f9d000-1554a4fac000 r--p 00000000 00:30 1902568284                 /storage/home/hcoda1/4/hyu483/conda_envs/qgis332/lib/qgis/plugins/libplugin_topology.so
1554a4fac000-1554a4fe0000 r-xp 0000f000 00:30 1902568284                 /storage/home/hcoda1/4/hyu483/conda_envs/qgis332/lib/qgis/plugins/libplugin_topology.so
1554a4fe0000-1554a4feb000 r--p 00043000 00:30 1902568284                 /storage/home/hcoda1/4/hyu483/conda_envs/qgis332/lib/qgis/plugins/libplugin_topology.so
1554a4feb000-1554a4fed000 r--p 0004e000 00:30 1902568284                 /storage/home/hcoda1/4/hyu483/conda_envs/qgis332/lib/qgis/plugins/libplugin_topology.so
1554a4fed000-1554a4fee000 rw-p 00050000 00:30 1902568284                 /storage/home/hcoda1/4/hyu483/conda_envs/qgis332/lib/qgis/plugins/libplugin_topology.so
1554a4fee000-1554a4ff8000 r--p 00000000 00:30 1902568283                 /storage/home/hcoda1/4/hyu483/conda_envs/qgis332/lib/qgis/plugins/libplugin_offlineediting.so
1554a4ff8000-1554a5000000 r-xp 0000a000 00:30 1902568283                 /storage/home/hcoda1/4/hyu483/conda_envs/qgis332/lib/qgis/plugins/libplugin_offlineediting.so
1554a5000000-1554a5005000 r--p 00012000 00:30 1902568283                 /storage/home/hcoda1/4/hyu483/conda_envs/qgis332/lib/qgis/plugins/libplugin_offlineediting.so
1554a5005000-1554a5007000 r--p 00016000 00:30 1902568283                 /storage/home/hcoda1/4/hyu483/conda_envs/qgis332/lib/qgis/plugins/libplugin_offlineediting.so
1554a5007000-1554a5008000 rw-p 00018000 00:30 1902568283                 /storage/home/hcoda1/4/hyu483/conda_envs/qgis332/lib/qgis/plugins/libplugin_offlineediting.so
1554a5008000-1554a5073000 r--p 00000000 00:30 2094142021                 /storage/home/hcoda1/4/hyu483/conda_envs/qgis332/lib/libgsl.so.25.1.0
1554a5073000-1554a527d000 r-xp 0006b000 00:30 2094142021                 /storage/home/hcoda1/4/hyu483/conda_envs/qgis332/lib/libgsl.so.25.1.0
1554a527d000-1554a52f9000 r--p 00275000 00:30 2094142021                 /storage/home/hcoda1/4/hyu483/conda_envs/qgis332/lib/libgsl.so.25.1.0
1554a52f9000-1554a52fa000 ---p 002f1000 00:30 2094142021                 /storage/home/hcoda1/4/hyu483/conda_envs/qgis332/lib/libgsl.so.25.1.0
1554a52fa000-1554a5301000 r--p 002f1000 00:30 2094142021                 /storage/home/hcoda1/4/hyu483/conda_envs/qgis332/lib/libgsl.so.25.1.0
1554a5301000-1554a530f000 rw-p 002f8000 00:30 2094142021                 /storage/home/hcoda1/4/hyu483/conda_envs/qgis332/lib/libgsl.so.25.1.0
1554a530f000-1554a53b7000 r--p 00000000 00:30 1902568252                 /storage/home/hcoda1/4/hyu483/conda_envs/qgis332/lib/libqgis_analysis.so.3.40.3
1554a53b7000-1554a591c000 r-xp 000a8000 00:30 1902568252                 /storage/home/hcoda1/4/hyu483/conda_envs/qgis332/lib/libqgis_analysis.so.3.40.3
1554a591c000-1554a5aba000 r--p 0060d000 00:30 1902568252                 /storage/home/hcoda1/4/hyu483/conda_envs/qgis332/lib/libqgis_analysis.so.3.40.3
1554a5aba000-1554a5adc000 r--p 007ab000 00:30 1902568252                 /storage/home/hcoda1/4/hyu483/conda_envs/qgis332/lib/libqgis_analysis.so.3.40.3
1554a5adc000-1554a5add000 rw-p 007cd000 00:30 1902568252                 /storage/home/hcoda1/4/hyu483/conda_envs/qgis332/lib/libqgis_analysis.so.3.40.3
1554a5add000-1554a5af0000 r--p 00000000 00:30 1902568280                 /storage/home/hcoda1/4/hyu483/conda_envs/qgis332/lib/qgis/plugins/libplugin_geometrychecker.so
1554a5af0000-1554a5b28000 r-xp 00013000 00:30 1902568280                 /storage/home/hcoda1/4/hyu483/conda_envs/qgis332/lib/qgis/plugins/libplugin_geometrychecker.so
1554a5b28000-1554a5b37000 r--p 0004b000 00:30 1902568280                 /storage/home/hcoda1/4/hyu483/conda_envs/qgis332/lib/qgis/plugins/libplugin_geometrychecker.so
1554a5b37000-1554a5b3a000 r--p 00059000 00:30 1902568280                 /storage/home/hcoda1/4/hyu483/conda_envs/qgis332/lib/qgis/plugins/libplugin_geometrychecker.so
1554a5b3a000-1554a5b3b000 rw-p 0005c000 00:30 1902568280                 /storage/home/hcoda1/4/hyu483/conda_envs/qgis332/lib/qgis/plugins/libplugin_geometrychecker.so
1554a5b3b000-1554a5b93000 r--p 00000000 fd:00 36628907                   /usr/share/fonts/dejavu-serif-fonts/DejaVuSerif-Italic.ttf
1554a5b93000-1554a5c4c000 r--p 00000000 fd:00 35531595                   /usr/share/fonts/dejavu-sans-fonts/DejaVuSans.ttf
1554a5c4c000-1554a5c50000 r--p 00000000 00:30 2036231099                 /storage/home/hcoda1/4/hyu483/conda_envs/qgis332/plugins/iconengines/libqsvgicon.so
1554a5c50000-1554a5c53000 r-xp 00004000 00:30 2036231099                 /storage/home/hcoda1/4/hyu483/conda_envs/qgis332/plugins/iconengines/libqsvgicon.so
1554a5c53000-1554a5c54000 r--p 00007000 00:30 2036231099                 /storage/home/hcoda1/4/hyu483/conda_envs/qgis332/plugins/iconengines/libqsvgicon.so
1554a5c54000-1554a5c55000 r--p 00008000 00:30 2036231099                 /storage/home/hcoda1/4/hyu483/conda_envs/qgis332/plugins/iconengines/libqsvgicon.so
1554a5c55000-1554a5c56000 rw-p 00009000 00:30 2036231099                 /storage/home/hcoda1/4/hyu483/conda_envs/qgis332/plugins/iconengines/libqsvgicon.so
1554a5c56000-1554a5c66000 rwxp 00000000 00:00 0 
1554a5c66000-1554a5c6a000 r--p 00000000 00:30 1932533450                 /storage/home/hcoda1/4/hyu483/conda_envs/qgis332/lib/libXext.so.6.4.0
1554a5c6a000-1554a5c75000 r-xp 00004000 00:30 1932533450                 /storage/home/hcoda1/4/hyu483/conda_envs/qgis332/lib/libXext.so.6.4.0
1554a5c75000-1554a5c79000 r--p 0000f000 00:30 1932533450                 /storage/home/hcoda1/4/hyu483/conda_envs/qgis332/lib/libXext.so.6.4.0
1554a5c79000-1554a5c7a000 r--p 00012000 00:30 1932533450                 /storage/home/hcoda1/4/hyu483/conda_envs/qgis332/lib/libXext.so.6.4.0
1554a5c7a000-1554a5c7b000 rw-p 00013000 00:30 1932533450                 /storage/home/hcoda1/4/hyu483/conda_envs/qgis332/lib/libXext.so.6.4.0
1554a5c7b000-1554a5c84000 r--p 00000000 00:30 1883928332                 /storage/home/hcoda1/4/hyu483/conda_envs/qgis332/lib/libfontconfig.so.1.14.0
1554a5c84000-1554a5cac000 r-xp 00009000 00:30 1883928332                 /storage/home/hcoda1/4/hyu483/conda_envs/qgis332/lib/libfontconfig.so.1.14.0
1554a5cac000-1554a5cc5000 r--p 00031000 00:30 1883928332                 /storage/home/hcoda1/4/hyu483/conda_envs/qgis332/lib/libfontconfig.so.1.14.0
1554a5cc5000-1554a5cc7000 r--p 0004a000 00:30 1883928332                 /storage/home/hcoda1/4/hyu483/conda_envs/qgis332/lib/libfontconfig.so.1.14.0
1554a5cc7000-1554a5cc8000 rw-p 0004c000 00:30 1883928332                 /storage/home/hcoda1/4/hyu483/conda_envs/qgis332/lib/libfontconfig.so.1.14.0
1554a5cc8000-1554a5cda000 r--p 00000000 00:30 2036231207                 /storage/home/hcoda1/4/hyu483/conda_envs/qgis332/plugins/platforms/libqoffscreen.so
1554a5cda000-1554a5ce8000 r-xp 00012000 00:30 2036231207                 /storage/home/hcoda1/4/hyu483/conda_envs/qgis332/plugins/platforms/libqoffscreen.so
1554a5ce8000-1554a5cee000 r--p 00020000 00:30 2036231207                 /storage/home/hcoda1/4/hyu483/conda_envs/qgis332/plugins/platforms/libqoffscreen.so
1554a5cee000-1554a5cf0000 r--p 00025000 00:30 2036231207                 /storage/home/hcoda1/4/hyu483/conda_envs/qgis332/plugins/platforms/libqoffscreen.so
1554a5cf0000-1554a5cf1000 rw-p 00027000 00:30 2036231207                 /storage/home/hcoda1/4/hyu483/conda_envs/qgis332/plugins/platforms/libqoffscreen.so
1554a5cf1000-1554a5ef1000 rw-p 00000000 00:00 0 
1554a5ef1000-1554a5ef5000 r--p 00000000 00:30 2007948078                 /storage/home/hcoda1/4/hyu483/conda_envs/qgis332/lib/python3.11/site-packages/shapely/_geos.cpython-311-x86_64-linux-gnu.so
1554a5ef5000-1554a5efc000 r-xp 00004000 00:30 2007948078                 /storage/home/hcoda1/4/hyu483/conda_envs/qgis332/lib/python3.11/site-packages/shapely/_geos.cpython-311-x86_64-linux-gnu.so
1554a5efc000-1554a5efe000 r--p 0000b000 00:30 2007948078                 /storage/home/hcoda1/4/hyu483/conda_envs/qgis332/lib/python3.11/site-packages/shapely/_geos.cpython-311-x86_64-linux-gnu.so
1554a5efe000-1554a5eff000 r--p 0000d000 00:30 2007948078                 /storage/home/hcoda1/4/hyu483/conda_envs/qgis332/lib/python3.11/site-packages/shapely/_geos.cpython-311-x86_64-linux-gnu.so
1554a5eff000-1554a5f00000 rw-p 0000e000 00:30 2007948078                 /storage/home/hcoda1/4/hyu483/conda_envs/qgis332/lib/python3.11/site-packages/shapely/_geos.cpython-311-x86_64-linux-gnu.so
1554a5f00000-1554a5f06000 r--p 00000000 00:30 2007948077                 /storage/home/hcoda1/4/hyu483/conda_envs/qgis332/lib/python3.11/site-packages/shapely/_geometry_helpers.cpython-311-x86_64-linux-gnu.so
1554a5f06000-1554a5f34000 r-xp 00006000 00:30 2007948077                 /storage/home/hcoda1/4/hyu483/conda_envs/qgis332/lib/python3.11/site-packages/shapely/_geometry_helpers.cpython-311-x86_64-linux-gnu.so
1554a5f34000-1554a5f3c000 r--p 00034000 00:30 2007948077                 /storage/home/hcoda1/4/hyu483/conda_envs/qgis332/lib/python3.11/site-packages/shapely/_geometry_helpers.cpython-311-x86_64-linux-gnu.so
1554a5f3c000-1554a5f3d000 r--p 0003c000 00:30 2007948077                 /storage/home/hcoda1/4/hyu483/conda_envs/qgis332/lib/python3.11/site-packages/shapely/_geometry_helpers.cpython-311-x86_64-linux-gnu.so
1554a5f3d000-1554a5f3f000 rw-p 0003d000 00:30 2007948077                 /storage/home/hcoda1/4/hyu483/conda_envs/qgis332/lib/python3.11/site-packages/shapely/_geometry_helpers.cpython-311-x86_64-linux-gnu.so
1554a5f3f000-1554a5f40000 rw-p 00000000 00:00 0 
1554a5f40000-1554a5f48000 r--p 00000000 00:30 2007948124                 /storage/home/hcoda1/4/hyu483/conda_envs/qgis332/lib/python3.11/site-packages/shapely/lib.cpython-311-x86_64-linux-gnu.so
1554a5f48000-1554a5f60000 r-xp 00008000 00:30 2007948124                 /storage/home/hcoda1/4/hyu483/conda_envs/qgis332/lib/python3.11/site-packages/shapely/lib.cpython-311-x86_64-linux-gnu.so
1554a5f60000-1554a5f66000 r--p 00020000 00:30 2007948124                 /storage/home/hcoda1/4/hyu483/conda_envs/qgis332/lib/python3.11/site-packages/shapely/lib.cpython-311-x86_64-linux-gnu.so
1554a5f66000-1554a5f67000 r--p 00025000 00:30 2007948124                 /storage/home/hcoda1/4/hyu483/conda_envs/qgis332/lib/python3.11/site-packages/shapely/lib.cpython-311-x86_64-linux-gnu.so
1554a5f67000-1554a5f68000 rw-p 00026000 00:30 2007948124                 /storage/home/hcoda1/4/hyu483/conda_envs/qgis332/lib/python3.11/site-packages/shapely/lib.cpython-311-x86_64-linux-gnu.so
1554a5f68000-1554a5f70000 r--p 00000000 00:30 1883952737                 /storage/home/hcoda1/4/hyu483/conda_envs/qgis332/lib/python3.11/site-packages/numpy/random/_generator.cpython-311-x86_64-linux-gnu.so
1554a5f70000-1554a5fdc000 r-xp 00008000 00:30 1883952737                 /storage/home/hcoda1/4/hyu483/conda_envs/qgis332/lib/python3.11/site-packages/numpy/random/_generator.cpython-311-x86_64-linux-gnu.so
1554a5fdc000-1554a602f000 r--p 00074000 00:30 1883952737                 /storage/home/hcoda1/4/hyu483/conda_envs/qgis332/lib/python3.11/site-packages/numpy/random/_generator.cpython-311-x86_64-linux-gnu.so
1554a602f000-1554a6030000 r--p 000c7000 00:30 1883952737                 /storage/home/hcoda1/4/hyu483/conda_envs/qgis332/lib/python3.11/site-packages/numpy/random/_generator.cpython-311-x86_64-linux-gnu.so
1554a6030000-1554a6032000 rw-p 000c8000 00:30 1883952737                 /storage/home/hcoda1/4/hyu483/conda_envs/qgis332/lib/python3.11/site-packages/numpy/random/_generator.cpython-311-x86_64-linux-gnu.so
1554a6032000-1554a6034000 rw-p 00000000 00:00 0 
1554a6034000-1554a6037000 r--p 00000000 00:30 1883952746                 /storage/home/hcoda1/4/hyu483/conda_envs/qgis332/lib/python3.11/site-packages/numpy/random/_sfc64.cpython-311-x86_64-linux-gnu.so
1554a6037000-1554a603e000 r-xp 00003000 00:30 1883952746                 /storage/home/hcoda1/4/hyu483/conda_envs/qgis332/lib/python3.11/site-packages/numpy/random/_sfc64.cpython-311-x86_64-linux-gnu.so
1554a603e000-1554a6041000 r--p 0000a000 00:30 1883952746                 /storage/home/hcoda1/4/hyu483/conda_envs/qgis332/lib/python3.11/site-packages/numpy/random/_sfc64.cpython-311-x86_64-linux-gnu.so
1554a6041000-1554a6042000 r--p 0000c000 00:30 1883952746                 /storage/home/hcoda1/4/hyu483/conda_envs/qgis332/lib/python3.11/site-packages/numpy/random/_sfc64.cpython-311-x86_64-linux-gnu.so
1554a6042000-1554a6043000 rw-p 0000d000 00:30 1883952746                 /storage/home/hcoda1/4/hyu483/conda_envs/qgis332/lib/python3.11/site-packages/numpy/random/_sfc64.cpython-311-x86_64-linux-gnu.so
1554a6043000-1554a6046000 r--p 00000000 00:30 1883952741                 /storage/home/hcoda1/4/hyu483/conda_envs/qgis332/lib/python3.11/site-packages/numpy/random/_pcg64.cpython-311-x86_64-linux-gnu.so
1554a6046000-1554a6054000 r-xp 00003000 00:30 1883952741                 /storage/home/hcoda1/4/hyu483/conda_envs/qgis332/lib/python3.11/site-packages/numpy/random/_pcg64.cpython-311-x86_64-linux-gnu.so
1554a6054000-1554a6059000 r--p 00011000 00:30 1883952741                 /storage/home/hcoda1/4/hyu483/conda_envs/qgis332/lib/python3.11/site-packages/numpy/random/_pcg64.cpython-311-x86_64-linux-gnu.so
1554a6059000-1554a605a000 r--p 00016000 00:30 1883952741                 /storage/home/hcoda1/4/hyu483/conda_envs/qgis332/lib/python3.11/site-packages/numpy/random/_pcg64.cpython-311-x86_64-linux-gnu.so
1554a605a000-1554a605b000 rw-p 00017000 00:30 1883952741                 /storage/home/hcoda1/4/hyu483/conda_envs/qgis332/lib/python3.11/site-packages/numpy/random/_pcg64.cpython-311-x86_64-linux-gnu.so
1554a605b000-1554a6060000 r--p 00000000 00:30 1883952722                 /storage/home/hcoda1/4/hyu483/conda_envs/qgis332/lib/python3.11/site-packages/numpy/random/_bounded_integers.cpython-311-x86_64-linux-gnu.so
1554a6060000-1554a609f000 r-xp 00005000 00:30 1883952722                 /storage/home/hcoda1/4/hyu483/conda_envs/qgis332/lib/python3.11/site-packages/numpy/random/_bounded_integers.cpython-311-x86_64-linux-gnu.so
1554a609f000-1554a60a8000 r--p 00044000 00:30 1883952722                 /storage/home/hcoda1/4/hyu483/conda_envs/qgis332/lib/python3.11/site-packages/numpy/random/_bounded_integers.cpython-311-x86_64-linux-gnu.so
1554a60a8000-1554a60a9000 r--p 0004c000 00:30 1883952722                 /storage/home/hcoda1/4/hyu483/conda_envs/qgis332/lib/python3.11/site-packages/numpy/random/_bounded_integers.cpython-311-x86_64-linux-gnu.so
1554a60a9000-1554a60aa000 rw-p 0004d000 00:30 1883952722                 /storage/home/hcoda1/4/hyu483/conda_envs/qgis332/lib/python3.11/site-packages/numpy/random/_bounded_integers.cpython-311-x86_64-linux-gnu.so
1554a60aa000-1554a60ab000 rw-p 00000000 00:00 0 
1554a60ab000-1554a60af000 r--p 00000000 00:30 1883952724                 /storage/home/hcoda1/4/hyu483/conda_envs/qgis332/lib/python3.11/site-packages/numpy/random/_common.cpython-311-x86_64-linux-gnu.so
1554a60af000-1554a60d9000 r-xp 00004000 00:30 1883952724                 /storage/home/hcoda1/4/hyu483/conda_envs/qgis332/lib/python3.11/site-packages/numpy/random/_common.cpython-311-x86_64-linux-gnu.so
1554a60d9000-1554a60dd000 r--p 0002e000 00:30 1883952724                 /storage/home/hcoda1/4/hyu483/conda_envs/qgis332/lib/python3.11/site-packages/numpy/random/_common.cpython-311-x86_64-linux-gnu.so
1554a60dd000-1554a60de000 r--p 00032000 00:30 1883952724                 /storage/home/hcoda1/4/hyu483/conda_envs/qgis332/lib/python3.11/site-packages/numpy/random/_common.cpython-311-x86_64-linux-gnu.so
1554a60de000-1554a60df000 rw-p 00033000 00:30 1883952724                 /storage/home/hcoda1/4/hyu483/conda_envs/qgis332/lib/python3.11/site-packages/numpy/random/_common.cpython-311-x86_64-linux-gnu.so
1554a60df000-1554a61e0000 rw-p 00000000 00:00 0 
1554a61e0000-1554a61e5000 r--p 00000000 00:30 1883952753                 /storage/home/hcoda1/4/hyu483/conda_envs/qgis332/lib/python3.11/site-packages/numpy/random/mtrand.cpython-311-x86_64-linux-gnu.so
1554a61e5000-1554a622f000 r-xp 00005000 00:30 1883952753                 /storage/home/hcoda1/4/hyu483/conda_envs/qgis332/lib/python3.11/site-packages/numpy/random/mtrand.cpython-311-x86_64-linux-gnu.so
1554a622f000-1554a627f000 r--p 0004f000 00:30 1883952753                 /storage/home/hcoda1/4/hyu483/conda_envs/qgis332/lib/python3.11/site-packages/numpy/random/mtrand.cpython-311-x86_64-linux-gnu.so
1554a627f000-1554a6280000 r--p 0009e000 00:30 1883952753                 /storage/home/hcoda1/4/hyu483/conda_envs/qgis332/lib/python3.11/site-packages/numpy/random/mtrand.cpython-311-x86_64-linux-gnu.so
1554a6280000-1554a6281000 rw-p 0009f000 00:30 1883952753                 /storage/home/hcoda1/4/hyu483/conda_envs/qgis332/lib/python3.11/site-packages/numpy/random/mtrand.cpython-311-x86_64-linux-gnu.so
1554a6281000-1554a6583000 rw-p 00000000 00:00 0 
1554a6583000-1554a6584000 ---p 00000000 00:00 0 
1554a6584000-1554a6784000 rw-p 00000000 00:00 0 
1554a6784000-1554a6785000 ---p 00000000 00:00 0 
1554a6785000-1554a6985000 rw-p 00000000 00:00 0 
1554a6985000-1554a6986000 ---p 00000000 00:00 0 
1554a6986000-1554a6b86000 rw-p 00000000 00:00 0 
1554a6b86000-1554a6b87000 ---p 00000000 00:00 0 
1554a6b87000-1554a6d87000 rw-p 00000000 00:00 0 
1554a6d87000-1554a6d88000 ---p 00000000 00:00 0 
1554a6d88000-1554a6f88000 rw-p 00000000 00:00 0 
1554a6f88000-1554a6f89000 ---p 00000000 00:00 0 
1554a6f89000-1554a7189000 rw-p 00000000 00:00 0 
1554a7189000-1554a718a000 ---p 00000000 00:00 0 
1554a718a000-1554a738a000 rw-p 00000000 00:00 0 
1554a738a000-1554a738b000 ---p 00000000 00:00 0 
1554a738b000-1554a758b000 rw-p 00000000 00:00 0 
1554a758b000-1554a758c000 ---p 00000000 00:00 0 
1554a758c000-1554a778c000 rw-p 00000000 00:00 0 
1554a778c000-1554a778d000 ---p 00000000 00:00 0 
1554a778d000-1554a798d000 rw-p 00000000 00:00 0 
1554a798d000-1554a798e000 ---p 00000000 00:00 0 
1554a798e000-1554a7b8e000 rw-p 00000000 00:00 0 
1554a7b8e000-1554a7b8f000 ---p 00000000 00:00 0 
1554a7b8f000-1554a7d8f000 rw-p 00000000 00:00 0 
1554a7d8f000-1554a7d90000 ---p 00000000 00:00 0 
1554a7d90000-1554a7f90000 rw-p 00000000 00:00 0 
1554a7f90000-1554a7f91000 ---p 00000000 00:00 0 
1554a7f91000-1554a8191000 rw-p 00000000 00:00 0 
1554a8191000-1554a8192000 ---p 00000000 00:00 0 
1554a8192000-1554a8392000 rw-p 00000000 00:00 0 
1554a8392000-155528392000 rw-p 00000000 00:00 0 
155528392000-1555283b5000 r--p 00000000 00:30 1917424039                 /storage/home/hcoda1/4/hyu483/conda_envs/qgis332/lib/libgfortran.so.5.0.0
1555283b5000-155528527000 r-xp 00023000 00:30 1917424039                 /storage/home/hcoda1/4/hyu483/conda_envs/qgis332/lib/libgfortran.so.5.0.0
155528527000-155528557000 r--p 00195000 00:30 1917424039                 /storage/home/hcoda1/4/hyu483/conda_envs/qgis332/lib/libgfortran.so.5.0.0
155528557000-155528558000 r--p 001c5000 00:30 1917424039                 /storage/home/hcoda1/4/hyu483/conda_envs/qgis332/lib/libgfortran.so.5.0.0
155528558000-15552855a000 rw-p 001c6000 00:30 1917424039                 /storage/home/hcoda1/4/hyu483/conda_envs/qgis332/lib/libgfortran.so.5.0.0
15552855a000-1555286c4000 r--p 00000000 00:30 1917435940                 /storage/home/hcoda1/4/hyu483/conda_envs/qgis332/lib/libopenblasp-r0.3.29.so
1555286c4000-1555286c5000 r-xp 0016a000 00:30 1917435940                 /storage/home/hcoda1/4/hyu483/conda_envs/qgis332/lib/libopenblasp-r0.3.29.so
1555286c5000-1555286ca000 ---p 0016b000 00:30 1917435940                 /storage/home/hcoda1/4/hyu483/conda_envs/qgis332/lib/libopenblasp-r0.3.29.so
1555286ca000-15552a911000 r-xp 00170000 00:30 1917435940                 /storage/home/hcoda1/4/hyu483/conda_envs/qgis332/lib/libopenblasp-r0.3.29.so
15552a911000-15552ab5f000 r--p 023b7000 00:30 1917435940                 /storage/home/hcoda1/4/hyu483/conda_envs/qgis332/lib/libopenblasp-r0.3.29.so
15552ab5f000-15552ab6f000 r--p 02604000 00:30 1917435940                 /storage/home/hcoda1/4/hyu483/conda_envs/qgis332/lib/libopenblasp-r0.3.29.so
15552ab6f000-15552ab87000 rw-p 02614000 00:30 1917435940                 /storage/home/hcoda1/4/hyu483/conda_envs/qgis332/lib/libopenblasp-r0.3.29.so
15552ab87000-15552ab9d000 rw-p 00000000 00:00 0 
15552ab9d000-15552abc9000 r--p 00000000 00:30 1883951432                 /storage/home/hcoda1/4/hyu483/conda_envs/qgis332/lib/python3.11/site-packages/numpy/core/_multiarray_umath.cpython-311-x86_64-linux-gnu.so
15552abc9000-15552afdb000 r-xp 0002c000 00:30 1883951432                 /storage/home/hcoda1/4/hyu483/conda_envs/qgis332/lib/python3.11/site-packages/numpy/core/_multiarray_umath.cpython-311-x86_64-linux-gnu.so
15552afdb000-15552b135000 r--p 0043e000 00:30 1883951432                 /storage/home/hcoda1/4/hyu483/conda_envs/qgis332/lib/python3.11/site-packages/numpy/core/_multiarray_umath.cpython-311-x86_64-linux-gnu.so
15552b135000-15552b139000 r--p 00598000 00:30 1883951432                 /storage/home/hcoda1/4/hyu483/conda_envs/qgis332/lib/python3.11/site-packages/numpy/core/_multiarray_umath.cpython-311-x86_64-linux-gnu.so
15552b139000-15552b15b000 rw-p 0059c000 00:30 1883951432                 /storage/home/hcoda1/4/hyu483/conda_envs/qgis332/lib/python3.11/site-packages/numpy/core/_multiarray_umath.cpython-311-x86_64-linux-gnu.so
15552b15b000-15552b37b000 rw-p 00000000 00:00 0 
15552b37b000-15552b37c000 r-xs 00000000 fd:01 1078883627                 /tmp/#1078883627 (deleted)
15552b37c000-15552b383000 r--p 00000000 00:30 1886350787                 /storage/home/hcoda1/4/hyu483/.local/lib/python3.11/site-packages/h3/_cy/util.cpython-311-x86_64-linux-gnu.so
15552b383000-15552b395000 r-xp 00007000 00:30 1886350787                 /storage/home/hcoda1/4/hyu483/.local/lib/python3.11/site-packages/h3/_cy/util.cpython-311-x86_64-linux-gnu.so
15552b395000-15552b3a0000 r--p 00019000 00:30 1886350787                 /storage/home/hcoda1/4/hyu483/.local/lib/python3.11/site-packages/h3/_cy/util.cpython-311-x86_64-linux-gnu.so
15552b3a0000-15552b3a1000 r--p 00023000 00:30 1886350787                 /storage/home/hcoda1/4/hyu483/.local/lib/python3.11/site-packages/h3/_cy/util.cpython-311-x86_64-linux-gnu.so
15552b3a1000-15552b3a2000 rw-p 00024000 00:30 1886350787                 /storage/home/hcoda1/4/hyu483/.local/lib/python3.11/site-packages/h3/_cy/util.cpython-311-x86_64-linux-gnu.so
15552b3a2000-15552b3a3000 rw-p 00000000 00:00 0 
15552b3a3000-15552b3a9000 r--p 00000000 00:30 1886350782                 /storage/home/hcoda1/4/hyu483/.local/lib/python3.11/site-packages/h3/_cy/memory.cpython-311-x86_64-linux-gnu.so
15552b3a9000-15552b3cf000 r-xp 00006000 00:30 1886350782                 /storage/home/hcoda1/4/hyu483/.local/lib/python3.11/site-packages/h3/_cy/memory.cpython-311-x86_64-linux-gnu.so
15552b3cf000-15552b3d7000 r--p 0002c000 00:30 1886350782                 /storage/home/hcoda1/4/hyu483/.local/lib/python3.11/site-packages/h3/_cy/memory.cpython-311-x86_64-linux-gnu.so
15552b3d7000-15552b3d8000 r--p 00033000 00:30 1886350782                 /storage/home/hcoda1/4/hyu483/.local/lib/python3.11/site-packages/h3/_cy/memory.cpython-311-x86_64-linux-gnu.so
15552b3d8000-15552b3da000 rw-p 00034000 00:30 1886350782                 /storage/home/hcoda1/4/hyu483/.local/lib/python3.11/site-packages/h3/_cy/memory.cpython-311-x86_64-linux-gnu.so
15552b3da000-15552b3db000 rw-p 00000000 00:00 0 
15552b3db000-15552b3e6000 r--p 00000000 00:30 1886350768                 /storage/home/hcoda1/4/hyu483/.local/lib/python3.11/site-packages/h3/_cy/cells.cpython-311-x86_64-linux-gnu.so
15552b3e6000-15552b422000 r-xp 0000b000 00:30 1886350768                 /storage/home/hcoda1/4/hyu483/.local/lib/python3.11/site-packages/h3/_cy/cells.cpython-311-x86_64-linux-gnu.so
15552b422000-15552b434000 r--p 00047000 00:30 1886350768                 /storage/home/hcoda1/4/hyu483/.local/lib/python3.11/site-packages/h3/_cy/cells.cpython-311-x86_64-linux-gnu.so
15552b434000-15552b436000 r--p 00058000 00:30 1886350768                 /storage/home/hcoda1/4/hyu483/.local/lib/python3.11/site-packages/h3/_cy/cells.cpython-311-x86_64-linux-gnu.so
15552b436000-15552b439000 rw-p 0005a000 00:30 1886350768                 /storage/home/hcoda1/4/hyu483/.local/lib/python3.11/site-packages/h3/_cy/cells.cpython-311-x86_64-linux-gnu.so
15552b439000-15552b43a000 r--p 00000000 00:00 0 
15552b43a000-15552b43b000 ---p 00000000 00:00 0 
15552b43b000-15552b43c000 r--p 00000000 00:00 0 
15552b43c000-15552b43d000 ---p 00000000 00:00 0 
15552b43d000-15552b43f000 r--p 00000000 00:30 1886351242                 /storage/home/hcoda1/4/hyu483/.local/lib/python3.11/site-packages/f90wrap/sizeof_fortran_t.cpython-311-x86_64-linux-gnu.so
15552b43f000-15552b443000 r-xp 00002000 00:30 1886351242                 /storage/home/hcoda1/4/hyu483/.local/lib/python3.11/site-packages/f90wrap/sizeof_fortran_t.cpython-311-x86_64-linux-gnu.so
15552b443000-15552b445000 r--p 00006000 00:30 1886351242                 /storage/home/hcoda1/4/hyu483/.local/lib/python3.11/site-packages/f90wrap/sizeof_fortran_t.cpython-311-x86_64-linux-gnu.so
15552b445000-15552b446000 r--p 00007000 00:30 1886351242                 /storage/home/hcoda1/4/hyu483/.local/lib/python3.11/site-packages/f90wrap/sizeof_fortran_t.cpython-311-x86_64-linux-gnu.so
15552b446000-15552b447000 rw-p 00008000 00:30 1886351242                 /storage/home/hcoda1/4/hyu483/.local/lib/python3.11/site-packages/f90wrap/sizeof_fortran_t.cpython-311-x86_64-linux-gnu.so
15552b447000-15552b449000 r--p 00000000 00:30 1886351246                 /storage/home/hcoda1/4/hyu483/.local/lib/python3.11/site-packages/f90wrap/arraydata.cpython-311-x86_64-linux-gnu.so
15552b449000-15552b44d000 r-xp 00002000 00:30 1886351246                 /storage/home/hcoda1/4/hyu483/.local/lib/python3.11/site-packages/f90wrap/arraydata.cpython-311-x86_64-linux-gnu.so
15552b44d000-15552b44f000 r--p 00006000 00:30 1886351246                 /storage/home/hcoda1/4/hyu483/.local/lib/python3.11/site-packages/f90wrap/arraydata.cpython-311-x86_64-linux-gnu.so
15552b44f000-15552b450000 r--p 00007000 00:30 1886351246                 /storage/home/hcoda1/4/hyu483/.local/lib/python3.11/site-packages/f90wrap/arraydata.cpython-311-x86_64-linux-gnu.so
15552b450000-15552b451000 rw-p 00008000 00:30 1886351246                 /storage/home/hcoda1/4/hyu483/.local/lib/python3.11/site-packages/f90wrap/arraydata.cpython-311-x86_64-linux-gnu.so
15552b451000-15552b651000 rw-p 00000000 00:00 0 
15552b651000-15552b652000 r--p 00000000 00:30 2094244831                 /storage/home/hcoda1/4/hyu483/conda_envs/qgis332/lib/libsuitesparseconfig.so.5.10.1
15552b652000-15552b653000 r-xp 00001000 00:30 2094244831                 /storage/home/hcoda1/4/hyu483/conda_envs/qgis332/lib/libsuitesparseconfig.so.5.10.1
15552b653000-15552b654000 r--p 00002000 00:30 2094244831                 /storage/home/hcoda1/4/hyu483/conda_envs/qgis332/lib/libsuitesparseconfig.so.5.10.1
15552b654000-15552b655000 r--p 00002000 00:30 2094244831                 /storage/home/hcoda1/4/hyu483/conda_envs/qgis332/lib/libsuitesparseconfig.so.5.10.1
15552b655000-15552b656000 rw-p 00003000 00:30 2094244831                 /storage/home/hcoda1/4/hyu483/conda_envs/qgis332/lib/libsuitesparseconfig.so.5.10.1
15552b656000-15552b657000 r--p 00000000 fd:00 67240390                   /usr/lib/locale/C.utf8/LC_NUMERIC
15552b657000-15552b658000 r--p 00000000 fd:00 67240393                   /usr/lib/locale/C.utf8/LC_TIME
15552b658000-15552b659000 r--p 00000000 fd:00 67240384                   /usr/lib/locale/C.utf8/LC_COLLATE
15552b659000-15552b65a000 r--p 00000000 fd:00 67240388                   /usr/lib/locale/C.utf8/LC_MONETARY
15552b65a000-15552b65b000 r--p 00000000 fd:00 100663744                  /usr/lib/locale/C.utf8/LC_MESSAGES/SYS_LC_MESSAGES
15552b65b000-15552b65c000 r--p 00000000 fd:00 67240391                   /usr/lib/locale/C.utf8/LC_PAPER
15552b65c000-15552b661000 r--p 00000000 00:30 1883952748                 /storage/home/hcoda1/4/hyu483/conda_envs/qgis332/lib/python3.11/site-packages/numpy/random/bit_generator.cpython-311-x86_64-linux-gnu.so
15552b661000-15552b67f000 r-xp 00005000 00:30 1883952748                 /storage/home/hcoda1/4/hyu483/conda_envs/qgis332/lib/python3.11/site-packages/numpy/random/bit_generator.cpython-311-x86_64-linux-gnu.so
15552b67f000-15552b689000 r--p 00023000 00:30 1883952748                 /storage/home/hcoda1/4/hyu483/conda_envs/qgis332/lib/python3.11/site-packages/numpy/random/bit_generator.cpython-311-x86_64-linux-gnu.so
15552b689000-15552b68a000 r--p 0002c000 00:30 1883952748                 /storage/home/hcoda1/4/hyu483/conda_envs/qgis332/lib/python3.11/site-packages/numpy/random/bit_generator.cpython-311-x86_64-linux-gnu.so
15552b68a000-15552b68c000 rw-p 0002d000 00:30 1883952748                 /storage/home/hcoda1/4/hyu483/conda_envs/qgis332/lib/python3.11/site-packages/numpy/random/bit_generator.cpython-311-x86_64-linux-gnu.so
15552b68c000-15552b88c000 rw-p 00000000 00:00 0 
15552b88c000-15552b8e3000 r--p 00000000 00:30 1940392674                 /storage/home/hcoda1/4/hyu483/conda_envs/qgis332/lib/python3.11/site-packages/PyQt5/Qsci.abi3.so
15552b8e3000-15552b98c000 r-xp 00057000 00:30 1940392674                 /storage/home/hcoda1/4/hyu483/conda_envs/qgis332/lib/python3.11/site-packages/PyQt5/Qsci.abi3.so
15552b98c000-15552b9e9000 r--p 00100000 00:30 1940392674                 /storage/home/hcoda1/4/hyu483/conda_envs/qgis332/lib/python3.11/site-packages/PyQt5/Qsci.abi3.so
15552b9e9000-15552b9f0000 r--p 0015d000 00:30 1940392674                 /storage/home/hcoda1/4/hyu483/conda_envs/qgis332/lib/python3.11/site-packages/PyQt5/Qsci.abi3.so
15552b9f0000-15552ba0b000 rw-p 00164000 00:30 1940392674                 /storage/home/hcoda1/4/hyu483/conda_envs/qgis332/lib/python3.11/site-packages/PyQt5/Qsci.abi3.so
15552ba0b000-15552ba4f000 r--p 00000000 00:30 1883959863                 /storage/home/hcoda1/4/hyu483/conda_envs/qgis332/lib/python3.11/site-packages/PyQt5/QtMultimedia.abi3.so
15552ba4f000-15552babe000 r-xp 00044000 00:30 1883959863                 /storage/home/hcoda1/4/hyu483/conda_envs/qgis332/lib/python3.11/site-packages/PyQt5/QtMultimedia.abi3.so
15552babe000-15552bb00000 r--p 000b3000 00:30 1883959863                 /storage/home/hcoda1/4/hyu483/conda_envs/qgis332/lib/python3.11/site-packages/PyQt5/QtMultimedia.abi3.so
15552bb00000-15552bb06000 r--p 000f4000 00:30 1883959863                 /storage/home/hcoda1/4/hyu483/conda_envs/qgis332/lib/python3.11/site-packages/PyQt5/QtMultimedia.abi3.so
15552bb06000-15552bb1f000 rw-p 000fa000 00:30 1883959863                 /storage/home/hcoda1/4/hyu483/conda_envs/qgis332/lib/python3.11/site-packages/PyQt5/QtMultimedia.abi3.so
15552bb1f000-15552be1f000 rw-p 00000000 00:00 0 
15552be1f000-15552c6db000 r--p 00000000 00:30 1889088347                 /storage/home/hcoda1/4/hyu483/conda_envs/qgis332/share/qgis/python/qgis/_core.so
15552c6db000-15552ddc3000 r-xp 008bc000 00:30 1889088347                 /storage/home/hcoda1/4/hyu483/conda_envs/qgis332/share/qgis/python/qgis/_core.so
15552ddc3000-15552ea45000 r--p 01fa4000 00:30 1889088347                 /storage/home/hcoda1/4/hyu483/conda_envs/qgis332/share/qgis/python/qgis/_core.so
15552ea45000-15552eab4000 r--p 02c25000 00:30 1889088347                 /storage/home/hcoda1/4/hyu483/conda_envs/qgis332/share/qgis/python/qgis/_core.so
15552eab4000-15552ec82000 rw-p 02c94000 00:30 1889088347                 /storage/home/hcoda1/4/hyu483/conda_envs/qgis332/share/qgis/python/qgis/_core.so
15552ec82000-15552ec8c000 rw-p 00000000 00:00 0 
15552ec8c000-15552ec92000 r--p 00000000 00:30 1883959876                 /storage/home/hcoda1/4/hyu483/conda_envs/qgis332/lib/python3.11/site-packages/PyQt5/QtSerialPort.abi3.so
15552ec92000-15552ec9a000 r-xp 00006000 00:30 1883959876                 /storage/home/hcoda1/4/hyu483/conda_envs/qgis332/lib/python3.11/site-packages/PyQt5/QtSerialPort.abi3.so
15552ec9a000-15552ec9f000 r--p 0000e000 00:30 1883959876                 /storage/home/hcoda1/4/hyu483/conda_envs/qgis332/lib/python3.11/site-packages/PyQt5/QtSerialPort.abi3.so
15552ec9f000-15552eca0000 r--p 00013000 00:30 1883959876                 /storage/home/hcoda1/4/hyu483/conda_envs/qgis332/lib/python3.11/site-packages/PyQt5/QtSerialPort.abi3.so
15552eca0000-15552eca2000 rw-p 00014000 00:30 1883959876                 /storage/home/hcoda1/4/hyu483/conda_envs/qgis332/lib/python3.11/site-packages/PyQt5/QtSerialPort.abi3.so
15552eca2000-15552ecb2000 r--p 00000000 00:30 1883959868                 /storage/home/hcoda1/4/hyu483/conda_envs/qgis332/lib/python3.11/site-packages/PyQt5/QtPositioning.abi3.so
15552ecb2000-15552ecc9000 r-xp 00010000 00:30 1883959868                 /storage/home/hcoda1/4/hyu483/conda_envs/qgis332/lib/python3.11/site-packages/PyQt5/QtPositioning.abi3.so
15552ecc9000-15552ecd7000 r--p 00027000 00:30 1883959868                 /storage/home/hcoda1/4/hyu483/conda_envs/qgis332/lib/python3.11/site-packages/PyQt5/QtPositioning.abi3.so
15552ecd7000-15552ecd8000 r--p 00034000 00:30 1883959868                 /storage/home/hcoda1/4/hyu483/conda_envs/qgis332/lib/python3.11/site-packages/PyQt5/QtPositioning.abi3.so
15552ecd8000-15552ecde000 rw-p 00035000 00:30 1883959868                 /storage/home/hcoda1/4/hyu483/conda_envs/qgis332/lib/python3.11/site-packages/PyQt5/QtPositioning.abi3.so
15552ecde000-15552eced000 r--p 00000000 00:30 1883959869                 /storage/home/hcoda1/4/hyu483/conda_envs/qgis332/lib/python3.11/site-packages/PyQt5/QtPrintSupport.abi3.so
15552eced000-15552ed06000 r-xp 0000f000 00:30 1883959869                 /storage/home/hcoda1/4/hyu483/conda_envs/qgis332/lib/python3.11/site-packages/PyQt5/QtPrintSupport.abi3.so
15552ed06000-15552ed14000 r--p 00028000 00:30 1883959869                 /storage/home/hcoda1/4/hyu483/conda_envs/qgis332/lib/python3.11/site-packages/PyQt5/QtPrintSupport.abi3.so
15552ed14000-15552ed16000 r--p 00035000 00:30 1883959869                 /storage/home/hcoda1/4/hyu483/conda_envs/qgis332/lib/python3.11/site-packages/PyQt5/QtPrintSupport.abi3.so
15552ed16000-15552ed1b000 rw-p 00037000 00:30 1883959869                 /storage/home/hcoda1/4/hyu483/conda_envs/qgis332/lib/python3.11/site-packages/PyQt5/QtPrintSupport.abi3.so
15552ed1b000-15552ed32000 r--p 00000000 00:30 1883959877                 /storage/home/hcoda1/4/hyu483/conda_envs/qgis332/lib/python3.11/site-packages/PyQt5/QtSql.abi3.so
15552ed32000-15552ed5c000 r-xp 00017000 00:30 1883959877                 /storage/home/hcoda1/4/hyu483/conda_envs/qgis332/lib/python3.11/site-packages/PyQt5/QtSql.abi3.so
15552ed5c000-15552ed71000 r--p 00041000 00:30 1883959877                 /storage/home/hcoda1/4/hyu483/conda_envs/qgis332/lib/python3.11/site-packages/PyQt5/QtSql.abi3.so
15552ed71000-15552ed72000 r--p 00056000 00:30 1883959877                 /storage/home/hcoda1/4/hyu483/conda_envs/qgis332/lib/python3.11/site-packages/PyQt5/QtSql.abi3.so
15552ed72000-15552ed79000 rw-p 00057000 00:30 1883959877                 /storage/home/hcoda1/4/hyu483/conda_envs/qgis332/lib/python3.11/site-packages/PyQt5/QtSql.abi3.so
15552ed79000-15552eeac000 r--p 00000000 00:30 1883959883                 /storage/home/hcoda1/4/hyu483/conda_envs/qgis332/lib/python3.11/site-packages/PyQt5/QtWidgets.abi3.so
15552eeac000-15552f103000 r-xp 00133000 00:30 1883959883                 /storage/home/hcoda1/4/hyu483/conda_envs/qgis332/lib/python3.11/site-packages/PyQt5/QtWidgets.abi3.so
15552f103000-15552f251000 r--p 0038a000 00:30 1883959883                 /storage/home/hcoda1/4/hyu483/conda_envs/qgis332/lib/python3.11/site-packages/PyQt5/QtWidgets.abi3.so
15552f251000-15552f265000 r--p 004d7000 00:30 1883959883                 /storage/home/hcoda1/4/hyu483/conda_envs/qgis332/lib/python3.11/site-packages/PyQt5/QtWidgets.abi3.so
15552f265000-15552f2c0000 rw-p 004eb000 00:30 1883959883                 /storage/home/hcoda1/4/hyu483/conda_envs/qgis332/lib/python3.11/site-packages/PyQt5/QtWidgets.abi3.so
15552f2c0000-15552f3c0000 rw-p 00000000 00:00 0 
15552f3c0000-15552f48f000 r--p 00000000 00:30 1883959860                 /storage/home/hcoda1/4/hyu483/conda_envs/qgis332/lib/python3.11/site-packages/PyQt5/QtGui.abi3.so
15552f48f000-15552f5d8000 r-xp 000cf000 00:30 1883959860                 /storage/home/hcoda1/4/hyu483/conda_envs/qgis332/lib/python3.11/site-packages/PyQt5/QtGui.abi3.so
15552f5d8000-15552f6af000 r--p 00218000 00:30 1883959860                 /storage/home/hcoda1/4/hyu483/conda_envs/qgis332/lib/python3.11/site-packages/PyQt5/QtGui.abi3.so
15552f6af000-15552f6c7000 r--p 002ee000 00:30 1883959860                 /storage/home/hcoda1/4/hyu483/conda_envs/qgis332/lib/python3.11/site-packages/PyQt5/QtGui.abi3.so
15552f6c7000-15552f70e000 rw-p 00306000 00:30 1883959860                 /storage/home/hcoda1/4/hyu483/conda_envs/qgis332/lib/python3.11/site-packages/PyQt5/QtGui.abi3.so
15552f70e000-15552f710000 rw-p 00000000 00:00 0 
15552f710000-15552f746000 r--p 00000000 00:30 1883959865                 /storage/home/hcoda1/4/hyu483/conda_envs/qgis332/lib/python3.11/site-packages/PyQt5/QtNetwork.abi3.so
15552f746000-15552f7a4000 r-xp 00036000 00:30 1883959865                 /storage/home/hcoda1/4/hyu483/conda_envs/qgis332/lib/python3.11/site-packages/PyQt5/QtNetwork.abi3.so
15552f7a4000-15552f7d9000 r--p 00094000 00:30 1883959865                 /storage/home/hcoda1/4/hyu483/conda_envs/qgis332/lib/python3.11/site-packages/PyQt5/QtNetwork.abi3.so
15552f7d9000-15552f7db000 r--p 000c9000 00:30 1883959865                 /storage/home/hcoda1/4/hyu483/conda_envs/qgis332/lib/python3.11/site-packages/PyQt5/QtNetwork.abi3.so
15552f7db000-15552f7ef000 rw-p 000cb000 00:30 1883959865                 /storage/home/hcoda1/4/hyu483/conda_envs/qgis332/lib/python3.11/site-packages/PyQt5/QtNetwork.abi3.so
15552f7ef000-15552f7f0000 rw-p 00000000 00:00 0 
15552f7f0000-15552f803000 r--p 00000000 00:30 1883959885                 /storage/home/hcoda1/4/hyu483/conda_envs/qgis332/lib/python3.11/site-packages/PyQt5/QtXml.abi3.so
15552f803000-15552f825000 r-xp 00013000 00:30 1883959885                 /storage/home/hcoda1/4/hyu483/conda_envs/qgis332/lib/python3.11/site-packages/PyQt5/QtXml.abi3.so
15552f825000-15552f838000 r--p 00035000 00:30 1883959885                 /storage/home/hcoda1/4/hyu483/conda_envs/qgis332/lib/python3.11/site-packages/PyQt5/QtXml.abi3.so
15552f838000-15552f839000 r--p 00048000 00:30 1883959885                 /storage/home/hcoda1/4/hyu483/conda_envs/qgis332/lib/python3.11/site-packages/PyQt5/QtXml.abi3.so
15552f839000-15552f840000 rw-p 00049000 00:30 1883959885                 /storage/home/hcoda1/4/hyu483/conda_envs/qgis332/lib/python3.11/site-packages/PyQt5/QtXml.abi3.so
15552f840000-15552f841000 r--p 00000000 00:30 1932647818                 /storage/home/hcoda1/4/hyu483/conda_envs/qgis332/lib/libabsl_utf8_for_code_point.so.2407.0.0
15552f841000-15552f842000 r-xp 00001000 00:30 1932647818                 /storage/home/hcoda1/4/hyu483/conda_envs/qgis332/lib/libabsl_utf8_for_code_point.so.2407.0.0
15552f842000-15552f843000 r--p 00002000 00:30 1932647818                 /storage/home/hcoda1/4/hyu483/conda_envs/qgis332/lib/libabsl_utf8_for_code_point.so.2407.0.0
15552f843000-15552f844000 r--p 00002000 00:30 1932647818                 /storage/home/hcoda1/4/hyu483/conda_envs/qgis332/lib/libabsl_utf8_for_code_point.so.2407.0.0
15552f844000-15552f845000 rw-p 00003000 00:30 1932647818                 /storage/home/hcoda1/4/hyu483/conda_envs/qgis332/lib/libabsl_utf8_for_code_point.so.2407.0.0
15552f845000-15552f846000 r--p 00000000 00:30 1932647653                 /storage/home/hcoda1/4/hyu483/conda_envs/qgis332/lib/libabsl_decode_rust_punycode.so.2407.0.0
15552f846000-15552f847000 r-xp 00001000 00:30 1932647653                 /storage/home/hcoda1/4/hyu483/conda_envs/qgis332/lib/libabsl_decode_rust_punycode.so.2407.0.0
15552f847000-15552f848000 r--p 00002000 00:30 1932647653                 /storage/home/hcoda1/4/hyu483/conda_envs/qgis332/lib/libabsl_decode_rust_punycode.so.2407.0.0
15552f848000-15552f849000 r--p 00002000 00:30 1932647653                 /storage/home/hcoda1/4/hyu483/conda_envs/qgis332/lib/libabsl_decode_rust_punycode.so.2407.0.0
15552f849000-15552f84a000 rw-p 00003000 00:30 1932647653                 /storage/home/hcoda1/4/hyu483/conda_envs/qgis332/lib/libabsl_decode_rust_punycode.so.2407.0.0
15552f84a000-15552f84b000 r--p 00000000 00:30 1932647657                 /storage/home/hcoda1/4/hyu483/conda_envs/qgis332/lib/libabsl_demangle_rust.so.2407.0.0
15552f84b000-15552f84e000 r-xp 00001000 00:30 1932647657                 /storage/home/hcoda1/4/hyu483/conda_envs/qgis332/lib/libabsl_demangle_rust.so.2407.0.0
15552f84e000-15552f84f000 r--p 00004000 00:30 1932647657                 /storage/home/hcoda1/4/hyu483/conda_envs/qgis332/lib/libabsl_demangle_rust.so.2407.0.0
15552f84f000-15552f850000 r--p 00004000 00:30 1932647657                 /storage/home/hcoda1/4/hyu483/conda_envs/qgis332/lib/libabsl_demangle_rust.so.2407.0.0
15552f850000-15552f851000 rw-p 00005000 00:30 1932647657                 /storage/home/hcoda1/4/hyu483/conda_envs/qgis332/lib/libabsl_demangle_rust.so.2407.0.0
15552f851000-15552f853000 r--p 00000000 00:30 1932647648                 /storage/home/hcoda1/4/hyu483/conda_envs/qgis332/lib/libabsl_crc_internal.so.2407.0.0
15552f853000-15552f855000 r-xp 00002000 00:30 1932647648                 /storage/home/hcoda1/4/hyu483/conda_envs/qgis332/lib/libabsl_crc_internal.so.2407.0.0
15552f855000-15552f856000 r--p 00004000 00:30 1932647648                 /storage/home/hcoda1/4/hyu483/conda_envs/qgis332/lib/libabsl_crc_internal.so.2407.0.0
15552f856000-15552f857000 r--p 00004000 00:30 1932647648                 /storage/home/hcoda1/4/hyu483/conda_envs/qgis332/lib/libabsl_crc_internal.so.2407.0.0
15552f857000-15552f858000 rw-p 00005000 00:30 1932647648                 /storage/home/hcoda1/4/hyu483/conda_envs/qgis332/lib/libabsl_crc_internal.so.2407.0.0
15552f858000-15552f85a000 r--p 00000000 00:30 1932647655                 /storage/home/hcoda1/4/hyu483/conda_envs/qgis332/lib/libabsl_demangle_internal.so.2407.0.0
15552f85a000-15552f865000 r-xp 00002000 00:30 1932647655                 /storage/home/hcoda1/4/hyu483/conda_envs/qgis332/lib/libabsl_demangle_internal.so.2407.0.0
15552f865000-15552f867000 r--p 0000d000 00:30 1932647655                 /storage/home/hcoda1/4/hyu483/conda_envs/qgis332/lib/libabsl_demangle_internal.so.2407.0.0
15552f867000-15552f868000 r--p 0000f000 00:30 1932647655                 /storage/home/hcoda1/4/hyu483/conda_envs/qgis332/lib/libabsl_demangle_internal.so.2407.0.0
15552f868000-15552f869000 rw-p 00010000 00:30 1932647655                 /storage/home/hcoda1/4/hyu483/conda_envs/qgis332/lib/libabsl_demangle_internal.so.2407.0.0
15552f869000-15552f86c000 r--p 00000000 00:30 1932649178                 /storage/home/hcoda1/4/hyu483/conda_envs/qgis332/lib/libcap.so.2.75
15552f86c000-15552f871000 r-xp 00003000 00:30 1932649178                 /storage/home/hcoda1/4/hyu483/conda_envs/qgis332/lib/libcap.so.2.75
15552f871000-15552f873000 r--p 00008000 00:30 1932649178                 /storage/home/hcoda1/4/hyu483/conda_envs/qgis332/lib/libcap.so.2.75
15552f873000-15552f874000 r--p 0000a000 00:30 1932649178                 /storage/home/hcoda1/4/hyu483/conda_envs/qgis332/lib/libcap.so.2.75
15552f874000-15552f875000 rw-p 0000b000 00:30 1932649178                 /storage/home/hcoda1/4/hyu483/conda_envs/qgis332/lib/libcap.so.2.75
15552f875000-15552f87c000 r--p 00000000 00:30 1883930471                 /storage/home/hcoda1/4/hyu483/conda_envs/qgis332/lib/libmp3lame.so.0.0.0
15552f87c000-15552f8ad000 r-xp 00007000 00:30 1883930471                 /storage/home/hcoda1/4/hyu483/conda_envs/qgis332/lib/libmp3lame.so.0.0.0
15552f8ad000-15552f8bd000 r--p 00038000 00:30 1883930471                 /storage/home/hcoda1/4/hyu483/conda_envs/qgis332/lib/libmp3lame.so.0.0.0
15552f8bd000-15552f8bf000 r--p 00047000 00:30 1883930471                 /storage/home/hcoda1/4/hyu483/conda_envs/qgis332/lib/libmp3lame.so.0.0.0
15552f8bf000-15552f8c0000 rw-p 00049000 00:30 1883930471                 /storage/home/hcoda1/4/hyu483/conda_envs/qgis332/lib/libmp3lame.so.0.0.0
15552f8c0000-15552f8ed000 rw-p 00000000 00:00 0 
15552f8ed000-15552f8f4000 r--p 00000000 00:30 1944914538                 /storage/home/hcoda1/4/hyu483/conda_envs/qgis332/lib/libmpg123.so.0.48.3
15552f8f4000-15552f932000 r-xp 00007000 00:30 1944914538                 /storage/home/hcoda1/4/hyu483/conda_envs/qgis332/lib/libmpg123.so.0.48.3
15552f932000-15552f94e000 r--p 00045000 00:30 1944914538                 /storage/home/hcoda1/4/hyu483/conda_envs/qgis332/lib/libmpg123.so.0.48.3
15552f94e000-15552f94f000 r--p 00061000 00:30 1944914538                 /storage/home/hcoda1/4/hyu483/conda_envs/qgis332/lib/libmpg123.so.0.48.3
15552f94f000-15552f950000 rw-p 00062000 00:30 1944914538                 /storage/home/hcoda1/4/hyu483/conda_envs/qgis332/lib/libmpg123.so.0.48.3
15552f950000-15552f952000 r--p 00000000 00:30 1940391637                 /storage/home/hcoda1/4/hyu483/conda_envs/qgis332/lib/libogg.so.0.8.5
15552f952000-15552f955000 r-xp 00002000 00:30 1940391637                 /storage/home/hcoda1/4/hyu483/conda_envs/qgis332/lib/libogg.so.0.8.5
15552f955000-15552f958000 r--p 00005000 00:30 1940391637                 /storage/home/hcoda1/4/hyu483/conda_envs/qgis332/lib/libogg.so.0.8.5
15552f958000-15552f959000 r--p 00008000 00:30 1940391637                 /storage/home/hcoda1/4/hyu483/conda_envs/qgis332/lib/libogg.so.0.8.5
15552f959000-15552f95a000 rw-p 00009000 00:30 1940391637                 /storage/home/hcoda1/4/hyu483/conda_envs/qgis332/lib/libogg.so.0.8.5
15552f95a000-15552f95e000 r--p 00000000 00:30 1940507006                 /storage/home/hcoda1/4/hyu483/conda_envs/qgis332/lib/libopus.so.0.10.1
15552f95e000-15552f9b4000 r-xp 00004000 00:30 1940507006                 /storage/home/hcoda1/4/hyu483/conda_envs/qgis332/lib/libopus.so.0.10.1
15552f9b4000-15552f9c9000 r--p 0005a000 00:30 1940507006                 /storage/home/hcoda1/4/hyu483/conda_envs/qgis332/lib/libopus.so.0.10.1
15552f9c9000-15552f9ca000 r--p 0006f000 00:30 1940507006                 /storage/home/hcoda1/4/hyu483/conda_envs/qgis332/lib/libopus.so.0.10.1
15552f9ca000-15552f9cb000 rw-p 00070000 00:30 1940507006                 /storage/home/hcoda1/4/hyu483/conda_envs/qgis332/lib/libopus.so.0.10.1
15552f9cb000-15552f9df000 r--p 00000000 00:30 1883943814                 /storage/home/hcoda1/4/hyu483/conda_envs/qgis332/lib/libvorbisenc.so.2
15552f9df000-15552f9e3000 r-xp 00014000 00:30 1883943814                 /storage/home/hcoda1/4/hyu483/conda_envs/qgis332/lib/libvorbisenc.so.2
15552f9e3000-15552fa5a000 r--p 00018000 00:30 1883943814                 /storage/home/hcoda1/4/hyu483/conda_envs/qgis332/lib/libvorbisenc.so.2
15552fa5a000-15552fa76000 r--p 0008e000 00:30 1883943814                 /storage/home/hcoda1/4/hyu483/conda_envs/qgis332/lib/libvorbisenc.so.2
15552fa76000-15552fa77000 rw-p 000aa000 00:30 1883943814                 /storage/home/hcoda1/4/hyu483/conda_envs/qgis332/lib/libvorbisenc.so.2
15552fa77000-15552fa7b000 r--p 00000000 00:30 1883943811                 /storage/home/hcoda1/4/hyu483/conda_envs/qgis332/lib/libvorbis.so.0
15552fa7b000-15552fa9f000 r-xp 00004000 00:30 1883943811                 /storage/home/hcoda1/4/hyu483/conda_envs/qgis332/lib/libvorbis.so.0
15552fa9f000-15552fab1000 r--p 00028000 00:30 1883943811                 /storage/home/hcoda1/4/hyu483/conda_envs/qgis332/lib/libvorbis.so.0
15552fab1000-15552fab2000 r--p 00039000 00:30 1883943811                 /storage/home/hcoda1/4/hyu483/conda_envs/qgis332/lib/libvorbis.so.0
15552fab2000-15552fab3000 rw-p 0003a000 00:30 1883943811                 /storage/home/hcoda1/4/hyu483/conda_envs/qgis332/lib/libvorbis.so.0
15552fab3000-15552fabd000 r--p 00000000 00:30 1883949138                 /storage/home/hcoda1/4/hyu483/conda_envs/qgis332/lib/libFLAC.so.12.1.0
15552fabd000-15552fb02000 r-xp 0000a000 00:30 1883949138                 /storage/home/hcoda1/4/hyu483/conda_envs/qgis332/lib/libFLAC.so.12.1.0
15552fb02000-15552fb0c000 r--p 0004f000 00:30 1883949138                 /storage/home/hcoda1/4/hyu483/conda_envs/qgis332/lib/libFLAC.so.12.1.0
15552fb0c000-15552fb0e000 r--p 00058000 00:30 1883949138                 /storage/home/hcoda1/4/hyu483/conda_envs/qgis332/lib/libFLAC.so.12.1.0
15552fb0e000-15552fb0f000 rw-p 0005a000 00:30 1883949138                 /storage/home/hcoda1/4/hyu483/conda_envs/qgis332/lib/libFLAC.so.12.1.0
15552fb0f000-15552fb11000 r--p 00000000 00:30 1932647651                 /storage/home/hcoda1/4/hyu483/conda_envs/qgis332/lib/libabsl_debugging_internal.so.2407.0.0
15552fb11000-15552fb13000 r-xp 00002000 00:30 1932647651                 /storage/home/hcoda1/4/hyu483/conda_envs/qgis332/lib/libabsl_debugging_internal.so.2407.0.0
15552fb13000-15552fb14000 r--p 00004000 00:30 1932647651                 /storage/home/hcoda1/4/hyu483/conda_envs/qgis332/lib/libabsl_debugging_internal.so.2407.0.0
15552fb14000-15552fb15000 r--p 00004000 00:30 1932647651                 /storage/home/hcoda1/4/hyu483/conda_envs/qgis332/lib/libabsl_debugging_internal.so.2407.0.0
15552fb15000-15552fb16000 rw-p 00005000 00:30 1932647651                 /storage/home/hcoda1/4/hyu483/conda_envs/qgis332/lib/libabsl_debugging_internal.so.2407.0.0
15552fb16000-15552fb17000 r--p 00000000 00:30 1932647663                 /storage/home/hcoda1/4/hyu483/conda_envs/qgis332/lib/libabsl_exponential_biased.so.2407.0.0
15552fb17000-15552fb18000 r-xp 00001000 00:30 1932647663                 /storage/home/hcoda1/4/hyu483/conda_envs/qgis332/lib/libabsl_exponential_biased.so.2407.0.0
15552fb18000-15552fb19000 r--p 00002000 00:30 1932647663                 /storage/home/hcoda1/4/hyu483/conda_envs/qgis332/lib/libabsl_exponential_biased.so.2407.0.0
15552fb19000-15552fb1a000 r--p 00002000 00:30 1932647663                 /storage/home/hcoda1/4/hyu483/conda_envs/qgis332/lib/libabsl_exponential_biased.so.2407.0.0
15552fb1a000-15552fb1b000 rw-p 00003000 00:30 1932647663                 /storage/home/hcoda1/4/hyu483/conda_envs/qgis332/lib/libabsl_exponential_biased.so.2407.0.0
15552fb1b000-15552fb1d000 r--p 00000000 00:30 1932647642                 /storage/home/hcoda1/4/hyu483/conda_envs/qgis332/lib/libabsl_crc32c.so.2407.0.0
15552fb1d000-15552fb1e000 r-xp 00002000 00:30 1932647642                 /storage/home/hcoda1/4/hyu483/conda_envs/qgis332/lib/libabsl_crc32c.so.2407.0.0
15552fb1e000-15552fb1f000 r--p 00003000 00:30 1932647642                 /storage/home/hcoda1/4/hyu483/conda_envs/qgis332/lib/libabsl_crc32c.so.2407.0.0
15552fb1f000-15552fb20000 r--p 00003000 00:30 1932647642                 /storage/home/hcoda1/4/hyu483/conda_envs/qgis332/lib/libabsl_crc32c.so.2407.0.0
15552fb20000-15552fb21000 rw-p 00004000 00:30 1932647642                 /storage/home/hcoda1/4/hyu483/conda_envs/qgis332/lib/libabsl_crc32c.so.2407.0.0
15552fb21000-15552fb28000 r--p 00000000 00:30 1932647800                 /storage/home/hcoda1/4/hyu483/conda_envs/qgis332/lib/libabsl_time_zone.so.2407.0.0
15552fb28000-15552fb3c000 r-xp 00007000 00:30 1932647800                 /storage/home/hcoda1/4/hyu483/conda_envs/qgis332/lib/libabsl_time_zone.so.2407.0.0
15552fb3c000-15552fb3f000 r--p 0001b000 00:30 1932647800                 /storage/home/hcoda1/4/hyu483/conda_envs/qgis332/lib/libabsl_time_zone.so.2407.0.0
15552fb3f000-15552fb40000 r--p 0001e000 00:30 1932647800                 /storage/home/hcoda1/4/hyu483/conda_envs/qgis332/lib/libabsl_time_zone.so.2407.0.0
15552fb40000-15552fb41000 rw-p 0001f000 00:30 1932647800                 /storage/home/hcoda1/4/hyu483/conda_envs/qgis332/lib/libabsl_time_zone.so.2407.0.0
15552fb41000-15552fb42000 r--p 00000000 00:30 1932647730                 /storage/home/hcoda1/4/hyu483/conda_envs/qgis332/lib/libabsl_log_sink.so.2407.0.0
15552fb42000-15552fb43000 r-xp 00001000 00:30 1932647730                 /storage/home/hcoda1/4/hyu483/conda_envs/qgis332/lib/libabsl_log_sink.so.2407.0.0
15552fb43000-15552fb44000 r--p 00002000 00:30 1932647730                 /storage/home/hcoda1/4/hyu483/conda_envs/qgis332/lib/libabsl_log_sink.so.2407.0.0
15552fb44000-15552fb45000 r--p 00002000 00:30 1932647730                 /storage/home/hcoda1/4/hyu483/conda_envs/qgis332/lib/libabsl_log_sink.so.2407.0.0
15552fb45000-15552fb46000 rw-p 00003000 00:30 1932647730                 /storage/home/hcoda1/4/hyu483/conda_envs/qgis332/lib/libabsl_log_sink.so.2407.0.0
15552fb46000-15552fb48000 r--p 00000000 00:30 1932647786                 /storage/home/hcoda1/4/hyu483/conda_envs/qgis332/lib/libabsl_symbolize.so.2407.0.0
15552fb48000-15552fb4b000 r-xp 00002000 00:30 1932647786                 /storage/home/hcoda1/4/hyu483/conda_envs/qgis332/lib/libabsl_symbolize.so.2407.0.0
15552fb4b000-15552fb4c000 r--p 00005000 00:30 1932647786                 /storage/home/hcoda1/4/hyu483/conda_envs/qgis332/lib/libabsl_symbolize.so.2407.0.0
15552fb4c000-15552fb4d000 r--p 00006000 00:30 1932647786                 /storage/home/hcoda1/4/hyu483/conda_envs/qgis332/lib/libabsl_symbolize.so.2407.0.0
15552fb4d000-15552fb4e000 rw-p 00007000 00:30 1932647786                 /storage/home/hcoda1/4/hyu483/conda_envs/qgis332/lib/libabsl_symbolize.so.2407.0.0
15552fb4e000-15552fb50000 r--p 00000000 00:30 1917322456                 /storage/home/hcoda1/4/hyu483/conda_envs/qgis332/lib/libXdmcp.so.6.0.0
15552fb50000-15552fb52000 r-xp 00002000 00:30 1917322456                 /storage/home/hcoda1/4/hyu483/conda_envs/qgis332/lib/libXdmcp.so.6.0.0
15552fb52000-15552fb54000 r--p 00004000 00:30 1917322456                 /storage/home/hcoda1/4/hyu483/conda_envs/qgis332/lib/libXdmcp.so.6.0.0
15552fb54000-15552fb55000 r--p 00005000 00:30 1917322456                 /storage/home/hcoda1/4/hyu483/conda_envs/qgis332/lib/libXdmcp.so.6.0.0
15552fb55000-15552fb56000 rw-p 00006000 00:30 1917322456                 /storage/home/hcoda1/4/hyu483/conda_envs/qgis332/lib/libXdmcp.so.6.0.0
15552fb56000-15552fb57000 r--p 00000000 00:30 1917437744                 /storage/home/hcoda1/4/hyu483/conda_envs/qgis332/lib/libXau.so.6.0.0
15552fb57000-15552fb58000 r-xp 00001000 00:30 1917437744                 /storage/home/hcoda1/4/hyu483/conda_envs/qgis332/lib/libXau.so.6.0.0
15552fb58000-15552fb59000 r--p 00002000 00:30 1917437744                 /storage/home/hcoda1/4/hyu483/conda_envs/qgis332/lib/libXau.so.6.0.0
15552fb59000-15552fb5a000 r--p 00002000 00:30 1917437744                 /storage/home/hcoda1/4/hyu483/conda_envs/qgis332/lib/libXau.so.6.0.0
15552fb5a000-15552fb5b000 rw-p 00003000 00:30 1917437744                 /storage/home/hcoda1/4/hyu483/conda_envs/qgis332/lib/libXau.so.6.0.0
15552fb5b000-15552fb7a000 r--p 00000000 00:30 2085784180                 /storage/home/hcoda1/4/hyu483/conda_envs/qgis332/lib/libsystemd.so.0.40.0
15552fb7a000-15552fc28000 r-xp 0001f000 00:30 2085784180                 /storage/home/hcoda1/4/hyu483/conda_envs/qgis332/lib/libsystemd.so.0.40.0
15552fc28000-15552fc6c000 r--p 000cd000 00:30 2085784180                 /storage/home/hcoda1/4/hyu483/conda_envs/qgis332/lib/libsystemd.so.0.40.0
15552fc6c000-15552fc79000 r--p 00111000 00:30 2085784180                 /storage/home/hcoda1/4/hyu483/conda_envs/qgis332/lib/libsystemd.so.0.40.0
15552fc79000-15552fc7a000 rw-p 0011e000 00:30 2085784180                 /storage/home/hcoda1/4/hyu483/conda_envs/qgis332/lib/libsystemd.so.0.40.0
15552fc7a000-15552fc7b000 rw-p 00000000 00:00 0 
15552fc7b000-15552fc84000 r--p 00000000 00:30 1883950922                 /storage/home/hcoda1/4/hyu483/conda_envs/qgis332/lib/libsndfile.so.1.0.37
15552fc84000-15552fce8000 r-xp 00009000 00:30 1883950922                 /storage/home/hcoda1/4/hyu483/conda_envs/qgis332/lib/libsndfile.so.1.0.37
15552fce8000-15552fd07000 r--p 0006d000 00:30 1883950922                 /storage/home/hcoda1/4/hyu483/conda_envs/qgis332/lib/libsndfile.so.1.0.37
15552fd07000-15552fd0a000 r--p 0008c000 00:30 1883950922                 /storage/home/hcoda1/4/hyu483/conda_envs/qgis332/lib/libsndfile.so.1.0.37
15552fd0a000-15552fd0b000 rw-p 0008f000 00:30 1883950922                 /storage/home/hcoda1/4/hyu483/conda_envs/qgis332/lib/libsndfile.so.1.0.37
15552fd0b000-15552fd0d000 rw-p 00000000 00:00 0 
15552fd0d000-15552fd0f000 r--p 00000000 00:30 1932647784                 /storage/home/hcoda1/4/hyu483/conda_envs/qgis332/lib/libabsl_strings_internal.so.2407.0.0
15552fd0f000-15552fd10000 r-xp 00002000 00:30 1932647784                 /storage/home/hcoda1/4/hyu483/conda_envs/qgis332/lib/libabsl_strings_internal.so.2407.0.0
15552fd10000-15552fd11000 r--p 00003000 00:30 1932647784                 /storage/home/hcoda1/4/hyu483/conda_envs/qgis332/lib/libabsl_strings_internal.so.2407.0.0
15552fd11000-15552fd12000 r--p 00003000 00:30 1932647784                 /storage/home/hcoda1/4/hyu483/conda_envs/qgis332/lib/libabsl_strings_internal.so.2407.0.0
15552fd12000-15552fd13000 rw-p 00004000 00:30 1932647784                 /storage/home/hcoda1/4/hyu483/conda_envs/qgis332/lib/libabsl_strings_internal.so.2407.0.0
15552fd13000-15552fd15000 r--p 00000000 00:30 1932647696                 /storage/home/hcoda1/4/hyu483/conda_envs/qgis332/lib/libabsl_int128.so.2407.0.0
15552fd15000-15552fd17000 r-xp 00002000 00:30 1932647696                 /storage/home/hcoda1/4/hyu483/conda_envs/qgis332/lib/libabsl_int128.so.2407.0.0
15552fd17000-15552fd18000 r--p 00004000 00:30 1932647696                 /storage/home/hcoda1/4/hyu483/conda_envs/qgis332/lib/libabsl_int128.so.2407.0.0
15552fd18000-15552fd19000 r--p 00004000 00:30 1932647696                 /storage/home/hcoda1/4/hyu483/conda_envs/qgis332/lib/libabsl_int128.so.2407.0.0
15552fd19000-15552fd1a000 rw-p 00005000 00:30 1932647696                 /storage/home/hcoda1/4/hyu483/conda_envs/qgis332/lib/libabsl_int128.so.2407.0.0
15552fd1a000-15552fd1b000 r--p 00000000 00:30 1932647768                 /storage/home/hcoda1/4/hyu483/conda_envs/qgis332/lib/libabsl_spinlock_wait.so.2407.0.0
15552fd1b000-15552fd1c000 r-xp 00001000 00:30 1932647768                 /storage/home/hcoda1/4/hyu483/conda_envs/qgis332/lib/libabsl_spinlock_wait.so.2407.0.0
15552fd1c000-15552fd1d000 r--p 00002000 00:30 1932647768                 /storage/home/hcoda1/4/hyu483/conda_envs/qgis332/lib/libabsl_spinlock_wait.so.2407.0.0
15552fd1d000-15552fd1e000 r--p 00002000 00:30 1932647768                 /storage/home/hcoda1/4/hyu483/conda_envs/qgis332/lib/libabsl_spinlock_wait.so.2407.0.0
15552fd1e000-15552fd1f000 rw-p 00003000 00:30 1932647768                 /storage/home/hcoda1/4/hyu483/conda_envs/qgis332/lib/libabsl_spinlock_wait.so.2407.0.0
15552fd1f000-15552fd21000 r--p 00000000 00:30 1932647734                 /storage/home/hcoda1/4/hyu483/conda_envs/qgis332/lib/libabsl_malloc_internal.so.2407.0.0
15552fd21000-15552fd23000 r-xp 00002000 00:30 1932647734                 /storage/home/hcoda1/4/hyu483/conda_envs/qgis332/lib/libabsl_malloc_internal.so.2407.0.0
15552fd23000-15552fd24000 r--p 00004000 00:30 1932647734                 /storage/home/hcoda1/4/hyu483/conda_envs/qgis332/lib/libabsl_malloc_internal.so.2407.0.0
15552fd24000-15552fd25000 r--p 00004000 00:30 1932647734                 /storage/home/hcoda1/4/hyu483/conda_envs/qgis332/lib/libabsl_malloc_internal.so.2407.0.0
15552fd25000-15552fd26000 rw-p 00005000 00:30 1932647734                 /storage/home/hcoda1/4/hyu483/conda_envs/qgis332/lib/libabsl_malloc_internal.so.2407.0.0
15552fd26000-15552fd28000 r--p 00000000 00:30 1932647698                 /storage/home/hcoda1/4/hyu483/conda_envs/qgis332/lib/libabsl_kernel_timeout_internal.so.2407.0.0
15552fd28000-15552fd29000 r-xp 00002000 00:30 1932647698                 /storage/home/hcoda1/4/hyu483/conda_envs/qgis332/lib/libabsl_kernel_timeout_internal.so.2407.0.0
15552fd29000-15552fd2a000 r--p 00003000 00:30 1932647698                 /storage/home/hcoda1/4/hyu483/conda_envs/qgis332/lib/libabsl_kernel_timeout_internal.so.2407.0.0
15552fd2a000-15552fd2b000 r--p 00003000 00:30 1932647698                 /storage/home/hcoda1/4/hyu483/conda_envs/qgis332/lib/libabsl_kernel_timeout_internal.so.2407.0.0
15552fd2b000-15552fd2c000 rw-p 00004000 00:30 1932647698                 /storage/home/hcoda1/4/hyu483/conda_envs/qgis332/lib/libabsl_kernel_timeout_internal.so.2407.0.0
15552fd2c000-15552fd2d000 r--p 00000000 00:30 1932647770                 /storage/home/hcoda1/4/hyu483/conda_envs/qgis332/lib/libabsl_stacktrace.so.2407.0.0
15552fd2d000-15552fd2e000 r-xp 00001000 00:30 1932647770                 /storage/home/hcoda1/4/hyu483/conda_envs/qgis332/lib/libabsl_stacktrace.so.2407.0.0
15552fd2e000-15552fd2f000 r--p 00002000 00:30 1932647770                 /storage/home/hcoda1/4/hyu483/conda_envs/qgis332/lib/libabsl_stacktrace.so.2407.0.0
15552fd2f000-15552fd30000 r--p 00002000 00:30 1932647770                 /storage/home/hcoda1/4/hyu483/conda_envs/qgis332/lib/libabsl_stacktrace.so.2407.0.0
15552fd30000-15552fd31000 rw-p 00003000 00:30 1932647770                 /storage/home/hcoda1/4/hyu483/conda_envs/qgis332/lib/libabsl_stacktrace.so.2407.0.0
15552fd31000-15552fd33000 r--p 00000000 00:30 1932647636                 /storage/home/hcoda1/4/hyu483/conda_envs/qgis332/lib/libabsl_cordz_handle.so.2407.0.0
15552fd33000-15552fd34000 r-xp 00002000 00:30 1932647636                 /storage/home/hcoda1/4/hyu483/conda_envs/qgis332/lib/libabsl_cordz_handle.so.2407.0.0
15552fd34000-15552fd35000 r--p 00003000 00:30 1932647636                 /storage/home/hcoda1/4/hyu483/conda_envs/qgis332/lib/libabsl_cordz_handle.so.2407.0.0
15552fd35000-15552fd36000 r--p 00003000 00:30 1932647636                 /storage/home/hcoda1/4/hyu483/conda_envs/qgis332/lib/libabsl_cordz_handle.so.2407.0.0
15552fd36000-15552fd37000 rw-p 00004000 00:30 1932647636                 /storage/home/hcoda1/4/hyu483/conda_envs/qgis332/lib/libabsl_cordz_handle.so.2407.0.0
15552fd37000-15552fd38000 r--p 00000000 00:30 1932647634                 /storage/home/hcoda1/4/hyu483/conda_envs/qgis332/lib/libabsl_cordz_functions.so.2407.0.0
15552fd38000-15552fd39000 r-xp 00001000 00:30 1932647634                 /storage/home/hcoda1/4/hyu483/conda_envs/qgis332/lib/libabsl_cordz_functions.so.2407.0.0
15552fd39000-15552fd3a000 r--p 00002000 00:30 1932647634                 /storage/home/hcoda1/4/hyu483/conda_envs/qgis332/lib/libabsl_cordz_functions.so.2407.0.0
15552fd3a000-15552fd3b000 r--p 00002000 00:30 1932647634                 /storage/home/hcoda1/4/hyu483/conda_envs/qgis332/lib/libabsl_cordz_functions.so.2407.0.0
15552fd3b000-15552fd3c000 rw-p 00003000 00:30 1932647634                 /storage/home/hcoda1/4/hyu483/conda_envs/qgis332/lib/libabsl_cordz_functions.so.2407.0.0
15552fd3c000-15552fd3e000 r--p 00000000 00:30 1932647644                 /storage/home/hcoda1/4/hyu483/conda_envs/qgis332/lib/libabsl_crc_cord_state.so.2407.0.0
15552fd3e000-15552fd41000 r-xp 00002000 00:30 1932647644                 /storage/home/hcoda1/4/hyu483/conda_envs/qgis332/lib/libabsl_crc_cord_state.so.2407.0.0
15552fd41000-15552fd42000 r--p 00005000 00:30 1932647644                 /storage/home/hcoda1/4/hyu483/conda_envs/qgis332/lib/libabsl_crc_cord_state.so.2407.0.0
15552fd42000-15552fd43000 r--p 00005000 00:30 1932647644                 /storage/home/hcoda1/4/hyu483/conda_envs/qgis332/lib/libabsl_crc_cord_state.so.2407.0.0
15552fd43000-15552fd44000 rw-p 00006000 00:30 1932647644                 /storage/home/hcoda1/4/hyu483/conda_envs/qgis332/lib/libabsl_crc_cord_state.so.2407.0.0
15552fd44000-15552fd45000 r--p 00000000 00:30 1932647732                 /storage/home/hcoda1/4/hyu483/conda_envs/qgis332/lib/libabsl_low_level_hash.so.2407.0.0
15552fd45000-15552fd46000 r-xp 00001000 00:30 1932647732                 /storage/home/hcoda1/4/hyu483/conda_envs/qgis332/lib/libabsl_low_level_hash.so.2407.0.0
15552fd46000-15552fd47000 r--p 00002000 00:30 1932647732                 /storage/home/hcoda1/4/hyu483/conda_envs/qgis332/lib/libabsl_low_level_hash.so.2407.0.0
15552fd47000-15552fd48000 r--p 00002000 00:30 1932647732                 /storage/home/hcoda1/4/hyu483/conda_envs/qgis332/lib/libabsl_low_level_hash.so.2407.0.0
15552fd48000-15552fd49000 rw-p 00003000 00:30 1932647732                 /storage/home/hcoda1/4/hyu483/conda_envs/qgis332/lib/libabsl_low_level_hash.so.2407.0.0
15552fd49000-15552fd4a000 r--p 00000000 00:30 1932647626                 /storage/home/hcoda1/4/hyu483/conda_envs/qgis332/lib/libabsl_city.so.2407.0.0
15552fd4a000-15552fd4b000 r-xp 00001000 00:30 1932647626                 /storage/home/hcoda1/4/hyu483/conda_envs/qgis332/lib/libabsl_city.so.2407.0.0
15552fd4b000-15552fd4c000 r--p 00002000 00:30 1932647626                 /storage/home/hcoda1/4/hyu483/conda_envs/qgis332/lib/libabsl_city.so.2407.0.0
15552fd4c000-15552fd4d000 r--p 00002000 00:30 1932647626                 /storage/home/hcoda1/4/hyu483/conda_envs/qgis332/lib/libabsl_city.so.2407.0.0
15552fd4d000-15552fd4e000 rw-p 00003000 00:30 1932647626                 /storage/home/hcoda1/4/hyu483/conda_envs/qgis332/lib/libabsl_city.so.2407.0.0
15552fd4e000-15552fd4f000 r--p 00000000 00:30 1932647764                 /storage/home/hcoda1/4/hyu483/conda_envs/qgis332/lib/libabsl_raw_logging_internal.so.2407.0.0
15552fd4f000-15552fd50000 r-xp 00001000 00:30 1932647764                 /storage/home/hcoda1/4/hyu483/conda_envs/qgis332/lib/libabsl_raw_logging_internal.so.2407.0.0
15552fd50000-15552fd51000 r--p 00002000 00:30 1932647764                 /storage/home/hcoda1/4/hyu483/conda_envs/qgis332/lib/libabsl_raw_logging_internal.so.2407.0.0
15552fd51000-15552fd52000 r--p 00002000 00:30 1932647764                 /storage/home/hcoda1/4/hyu483/conda_envs/qgis332/lib/libabsl_raw_logging_internal.so.2407.0.0
15552fd52000-15552fd53000 rw-p 00003000 00:30 1932647764                 /storage/home/hcoda1/4/hyu483/conda_envs/qgis332/lib/libabsl_raw_logging_internal.so.2407.0.0
15552fd53000-15552fd55000 r--p 00000000 00:30 1932647624                 /storage/home/hcoda1/4/hyu483/conda_envs/qgis332/lib/libabsl_base.so.2407.0.0
15552fd55000-15552fd56000 r-xp 00002000 00:30 1932647624                 /storage/home/hcoda1/4/hyu483/conda_envs/qgis332/lib/libabsl_base.so.2407.0.0
15552fd56000-15552fd57000 r--p 00003000 00:30 1932647624                 /storage/home/hcoda1/4/hyu483/conda_envs/qgis332/lib/libabsl_base.so.2407.0.0
15552fd57000-15552fd58000 r--p 00003000 00:30 1932647624                 /storage/home/hcoda1/4/hyu483/conda_envs/qgis332/lib/libabsl_base.so.2407.0.0
15552fd58000-15552fd59000 rw-p 00004000 00:30 1932647624                 /storage/home/hcoda1/4/hyu483/conda_envs/qgis332/lib/libabsl_base.so.2407.0.0
15552fd59000-15552fd5f000 r--p 00000000 00:30 1932647792                 /storage/home/hcoda1/4/hyu483/conda_envs/qgis332/lib/libabsl_time.so.2407.0.0
15552fd5f000-15552fd6c000 r-xp 00006000 00:30 1932647792                 /storage/home/hcoda1/4/hyu483/conda_envs/qgis332/lib/libabsl_time.so.2407.0.0
15552fd6c000-15552fd6f000 r--p 00013000 00:30 1932647792                 /storage/home/hcoda1/4/hyu483/conda_envs/qgis332/lib/libabsl_time.so.2407.0.0
15552fd6f000-15552fd70000 r--p 00015000 00:30 1932647792                 /storage/home/hcoda1/4/hyu483/conda_envs/qgis332/lib/libabsl_time.so.2407.0.0
15552fd70000-15552fd71000 rw-p 00016000 00:30 1932647792                 /storage/home/hcoda1/4/hyu483/conda_envs/qgis332/lib/libabsl_time.so.2407.0.0
15552fd71000-15552fd73000 r--p 00000000 00:30 1932647706                 /storage/home/hcoda1/4/hyu483/conda_envs/qgis332/lib/libabsl_log_globals.so.2407.0.0
15552fd73000-15552fd74000 r-xp 00002000 00:30 1932647706                 /storage/home/hcoda1/4/hyu483/conda_envs/qgis332/lib/libabsl_log_globals.so.2407.0.0
15552fd74000-15552fd75000 r--p 00003000 00:30 1932647706                 /storage/home/hcoda1/4/hyu483/conda_envs/qgis332/lib/libabsl_log_globals.so.2407.0.0
15552fd75000-15552fd76000 r--p 00003000 00:30 1932647706                 /storage/home/hcoda1/4/hyu483/conda_envs/qgis332/lib/libabsl_log_globals.so.2407.0.0
15552fd76000-15552fd77000 rw-p 00004000 00:30 1932647706                 /storage/home/hcoda1/4/hyu483/conda_envs/qgis332/lib/libabsl_log_globals.so.2407.0.0
15552fd77000-15552fd78000 r--p 00000000 00:30 1932647718                 /storage/home/hcoda1/4/hyu483/conda_envs/qgis332/lib/libabsl_log_internal_globals.so.2407.0.0
15552fd78000-15552fd79000 r-xp 00001000 00:30 1932647718                 /storage/home/hcoda1/4/hyu483/conda_envs/qgis332/lib/libabsl_log_internal_globals.so.2407.0.0
15552fd79000-15552fd7a000 r--p 00002000 00:30 1932647718                 /storage/home/hcoda1/4/hyu483/conda_envs/qgis332/lib/libabsl_log_internal_globals.so.2407.0.0
15552fd7a000-15552fd7b000 r--p 00002000 00:30 1932647718                 /storage/home/hcoda1/4/hyu483/conda_envs/qgis332/lib/libabsl_log_internal_globals.so.2407.0.0
15552fd7b000-15552fd7c000 rw-p 00003000 00:30 1932647718                 /storage/home/hcoda1/4/hyu483/conda_envs/qgis332/lib/libabsl_log_internal_globals.so.2407.0.0
15552fd7c000-15552fd7e000 r--p 00000000 00:30 1932647720                 /storage/home/hcoda1/4/hyu483/conda_envs/qgis332/lib/libabsl_log_internal_log_sink_set.so.2407.0.0
15552fd7e000-15552fd7f000 r-xp 00002000 00:30 1932647720                 /storage/home/hcoda1/4/hyu483/conda_envs/qgis332/lib/libabsl_log_internal_log_sink_set.so.2407.0.0
15552fd7f000-15552fd80000 r--p 00003000 00:30 1932647720                 /storage/home/hcoda1/4/hyu483/conda_envs/qgis332/lib/libabsl_log_internal_log_sink_set.so.2407.0.0
15552fd80000-15552fd81000 r--p 00003000 00:30 1932647720                 /storage/home/hcoda1/4/hyu483/conda_envs/qgis332/lib/libabsl_log_internal_log_sink_set.so.2407.0.0
15552fd81000-15552fd82000 rw-p 00004000 00:30 1932647720                 /storage/home/hcoda1/4/hyu483/conda_envs/qgis332/lib/libabsl_log_internal_log_sink_set.so.2407.0.0
15552fd82000-15552fd83000 r--p 00000000 00:30 1932647778                 /storage/home/hcoda1/4/hyu483/conda_envs/qgis332/lib/libabsl_strerror.so.2407.0.0
15552fd83000-15552fd84000 r-xp 00001000 00:30 1932647778                 /storage/home/hcoda1/4/hyu483/conda_envs/qgis332/lib/libabsl_strerror.so.2407.0.0
15552fd84000-15552fd85000 r--p 00002000 00:30 1932647778                 /storage/home/hcoda1/4/hyu483/conda_envs/qgis332/lib/libabsl_strerror.so.2407.0.0
15552fd85000-15552fd86000 r--p 00002000 00:30 1932647778                 /storage/home/hcoda1/4/hyu483/conda_envs/qgis332/lib/libabsl_strerror.so.2407.0.0
15552fd86000-15552fd87000 rw-p 00003000 00:30 1932647778                 /storage/home/hcoda1/4/hyu483/conda_envs/qgis332/lib/libabsl_strerror.so.2407.0.0
15552fd87000-15552fd88000 r--p 00000000 00:30 1932647726                 /storage/home/hcoda1/4/hyu483/conda_envs/qgis332/lib/libabsl_log_internal_proto.so.2407.0.0
15552fd88000-15552fd89000 r-xp 00001000 00:30 1932647726                 /storage/home/hcoda1/4/hyu483/conda_envs/qgis332/lib/libabsl_log_internal_proto.so.2407.0.0
15552fd89000-15552fd8a000 r--p 00002000 00:30 1932647726                 /storage/home/hcoda1/4/hyu483/conda_envs/qgis332/lib/libabsl_log_internal_proto.so.2407.0.0
15552fd8a000-15552fd8b000 r--p 00002000 00:30 1932647726                 /storage/home/hcoda1/4/hyu483/conda_envs/qgis332/lib/libabsl_log_internal_proto.so.2407.0.0
15552fd8b000-15552fd8c000 rw-p 00003000 00:30 1932647726                 /storage/home/hcoda1/4/hyu483/conda_envs/qgis332/lib/libabsl_log_internal_proto.so.2407.0.0
15552fd8c000-15552fd8e000 r--p 00000000 00:30 1932647716                 /storage/home/hcoda1/4/hyu483/conda_envs/qgis332/lib/libabsl_log_internal_format.so.2407.0.0
15552fd8e000-15552fd8f000 r-xp 00002000 00:30 1932647716                 /storage/home/hcoda1/4/hyu483/conda_envs/qgis332/lib/libabsl_log_internal_format.so.2407.0.0
15552fd8f000-15552fd90000 r--p 00003000 00:30 1932647716                 /storage/home/hcoda1/4/hyu483/conda_envs/qgis332/lib/libabsl_log_internal_format.so.2407.0.0
15552fd90000-15552fd91000 r--p 00003000 00:30 1932647716                 /storage/home/hcoda1/4/hyu483/conda_envs/qgis332/lib/libabsl_log_internal_format.so.2407.0.0
15552fd91000-15552fd92000 rw-p 00004000 00:30 1932647716                 /storage/home/hcoda1/4/hyu483/conda_envs/qgis332/lib/libabsl_log_internal_format.so.2407.0.0
15552fd92000-15552fd93000 r--p 00000000 00:30 1932647661                 /storage/home/hcoda1/4/hyu483/conda_envs/qgis332/lib/libabsl_examine_stack.so.2407.0.0
15552fd93000-15552fd94000 r-xp 00001000 00:30 1932647661                 /storage/home/hcoda1/4/hyu483/conda_envs/qgis332/lib/libabsl_examine_stack.so.2407.0.0
15552fd94000-15552fd95000 r--p 00002000 00:30 1932647661                 /storage/home/hcoda1/4/hyu483/conda_envs/qgis332/lib/libabsl_examine_stack.so.2407.0.0
15552fd95000-15552fd96000 r--p 00002000 00:30 1932647661                 /storage/home/hcoda1/4/hyu483/conda_envs/qgis332/lib/libabsl_examine_stack.so.2407.0.0
15552fd96000-15552fd97000 rw-p 00003000 00:30 1932647661                 /storage/home/hcoda1/4/hyu483/conda_envs/qgis332/lib/libabsl_examine_stack.so.2407.0.0
15552fd97000-15552fd98000 r--p 00000000 00:30 1917321425                 /storage/home/hcoda1/4/hyu483/conda_envs/qgis332/lib/libbrotlicommon.so.1.1.0
15552fd98000-15552fd99000 r-xp 00001000 00:30 1917321425                 /storage/home/hcoda1/4/hyu483/conda_envs/qgis332/lib/libbrotlicommon.so.1.1.0
15552fd99000-15552fdb8000 r--p 00002000 00:30 1917321425                 /storage/home/hcoda1/4/hyu483/conda_envs/qgis332/lib/libbrotlicommon.so.1.1.0
15552fdb8000-15552fdb9000 r--p 00021000 00:30 1917321425                 /storage/home/hcoda1/4/hyu483/conda_envs/qgis332/lib/libbrotlicommon.so.1.1.0
15552fdb9000-15552fdba000 rw-p 00022000 00:30 1917321425                 /storage/home/hcoda1/4/hyu483/conda_envs/qgis332/lib/libbrotlicommon.so.1.1.0
15552fdba000-15552fdbc000 r--p 00000000 00:30 1917424729                 /storage/home/hcoda1/4/hyu483/conda_envs/qgis332/lib/libffi.so.8.1.4
15552fdbc000-15552fdc2000 r-xp 00002000 00:30 1917424729                 /storage/home/hcoda1/4/hyu483/conda_envs/qgis332/lib/libffi.so.8.1.4
15552fdc2000-15552fdc4000 r--p 00008000 00:30 1917424729                 /storage/home/hcoda1/4/hyu483/conda_envs/qgis332/lib/libffi.so.8.1.4
15552fdc4000-15552fdc5000 r--p 00009000 00:30 1917424729                 /storage/home/hcoda1/4/hyu483/conda_envs/qgis332/lib/libffi.so.8.1.4
15552fdc5000-15552fdc6000 rw-p 0000a000 00:30 1917424729                 /storage/home/hcoda1/4/hyu483/conda_envs/qgis332/lib/libffi.so.8.1.4
15552fdc6000-15552fdc8000 r--p 00000000 00:30 1932632619                 /storage/home/hcoda1/4/hyu483/conda_envs/qgis332/lib/libgmodule-2.0.so.0.8400.1
15552fdc8000-15552fdca000 r-xp 00002000 00:30 1932632619                 /storage/home/hcoda1/4/hyu483/conda_envs/qgis332/lib/libgmodule-2.0.so.0.8400.1
15552fdca000-15552fdcb000 r--p 00004000 00:30 1932632619                 /storage/home/hcoda1/4/hyu483/conda_envs/qgis332/lib/libgmodule-2.0.so.0.8400.1
15552fdcb000-15552fdcc000 r--p 00004000 00:30 1932632619                 /storage/home/hcoda1/4/hyu483/conda_envs/qgis332/lib/libgmodule-2.0.so.0.8400.1
15552fdcc000-15552fdcd000 rw-p 00005000 00:30 1932632619                 /storage/home/hcoda1/4/hyu483/conda_envs/qgis332/lib/libgmodule-2.0.so.0.8400.1
15552fdcd000-15552fddb000 r--p 00000000 00:30 1932648602                 /storage/home/hcoda1/4/hyu483/conda_envs/qgis332/lib/libxcb.so.1.1.0
15552fddb000-15552fdef000 r-xp 0000e000 00:30 1932648602                 /storage/home/hcoda1/4/hyu483/conda_envs/qgis332/lib/libxcb.so.1.1.0
15552fdef000-15552fdf8000 r--p 00022000 00:30 1932648602                 /storage/home/hcoda1/4/hyu483/conda_envs/qgis332/lib/libxcb.so.1.1.0
15552fdf8000-15552fdf9000 r--p 0002a000 00:30 1932648602                 /storage/home/hcoda1/4/hyu483/conda_envs/qgis332/lib/libxcb.so.1.1.0
15552fdf9000-15552fdfa000 rw-p 0002b000 00:30 1932648602                 /storage/home/hcoda1/4/hyu483/conda_envs/qgis332/lib/libxcb.so.1.1.0
15552fdfa000-15552fe09000 r--p 00000000 00:30 1883928323                 /storage/home/hcoda1/4/hyu483/conda_envs/qgis332/lib/libdbus-1.so.3.24.0
15552fe09000-15552fe37000 r-xp 0000f000 00:30 1883928323                 /storage/home/hcoda1/4/hyu483/conda_envs/qgis332/lib/libdbus-1.so.3.24.0
15552fe37000-15552fe4c000 r--p 0003d000 00:30 1883928323                 /storage/home/hcoda1/4/hyu483/conda_envs/qgis332/lib/libdbus-1.so.3.24.0
15552fe4c000-15552fe4e000 r--p 00051000 00:30 1883928323                 /storage/home/hcoda1/4/hyu483/conda_envs/qgis332/lib/libdbus-1.so.3.24.0
15552fe4e000-15552fe4f000 rw-p 00053000 00:30 1883928323                 /storage/home/hcoda1/4/hyu483/conda_envs/qgis332/lib/libdbus-1.so.3.24.0
15552fe4f000-15552fe66000 r--p 00000000 00:30 2085794105                 /storage/home/hcoda1/4/hyu483/conda_envs/qgis332/lib/pulseaudio/libpulsecommon-17.0.so
15552fe66000-15552fe91000 r-xp 00017000 00:30 2085794105                 /storage/home/hcoda1/4/hyu483/conda_envs/qgis332/lib/pulseaudio/libpulsecommon-17.0.so
15552fe91000-15552fea8000 r--p 00042000 00:30 2085794105                 /storage/home/hcoda1/4/hyu483/conda_envs/qgis332/lib/pulseaudio/libpulsecommon-17.0.so
15552fea8000-15552feaa000 r--p 00059000 00:30 2085794105                 /storage/home/hcoda1/4/hyu483/conda_envs/qgis332/lib/pulseaudio/libpulsecommon-17.0.so
15552feaa000-15552feab000 rw-p 0005b000 00:30 2085794105                 /storage/home/hcoda1/4/hyu483/conda_envs/qgis332/lib/pulseaudio/libpulsecommon-17.0.so
15552feab000-15552feae000 r--p 00000000 00:30 1883937156                 /storage/home/hcoda1/4/hyu483/conda_envs/qgis332/lib/libgraphite2.so.3.2.1
15552feae000-15552feca000 r-xp 00003000 00:30 1883937156                 /storage/home/hcoda1/4/hyu483/conda_envs/qgis332/lib/libgraphite2.so.3.2.1
15552feca000-15552fecf000 r--p 0001f000 00:30 1883937156                 /storage/home/hcoda1/4/hyu483/conda_envs/qgis332/lib/libgraphite2.so.3.2.1
15552fecf000-15552fed1000 r--p 00023000 00:30 1883937156                 /storage/home/hcoda1/4/hyu483/conda_envs/qgis332/lib/libgraphite2.so.3.2.1
15552fed1000-15552fed2000 rw-p 00025000 00:30 1883937156                 /storage/home/hcoda1/4/hyu483/conda_envs/qgis332/lib/libgraphite2.so.3.2.1
15552fed2000-15552fee0000 r--p 00000000 00:30 1917424817                 /storage/home/hcoda1/4/hyu483/conda_envs/qgis332/lib/libfreetype.so.6.20.2
15552fee0000-15552ff5e000 r-xp 0000e000 00:30 1917424817                 /storage/home/hcoda1/4/hyu483/conda_envs/qgis332/lib/libfreetype.so.6.20.2
15552ff5e000-15552ff86000 r--p 0008c000 00:30 1917424817                 /storage/home/hcoda1/4/hyu483/conda_envs/qgis332/lib/libfreetype.so.6.20.2
15552ff86000-15552ff8e000 r--p 000b3000 00:30 1917424817                 /storage/home/hcoda1/4/hyu483/conda_envs/qgis332/lib/libfreetype.so.6.20.2
15552ff8e000-15552ff8f000 rw-p 000bb000 00:30 1917424817                 /storage/home/hcoda1/4/hyu483/conda_envs/qgis332/lib/libfreetype.so.6.20.2
15552ff8f000-15552ff92000 r--p 00000000 00:30 1932634294                 /storage/home/hcoda1/4/hyu483/conda_envs/qgis332/lib/libGLX.so.0.0.0
15552ff92000-15552ffac000 r-xp 00003000 00:30 1932634294                 /storage/home/hcoda1/4/hyu483/conda_envs/qgis332/lib/libGLX.so.0.0.0
15552ffac000-15552ffaf000 r--p 0001d000 00:30 1932634294                 /storage/home/hcoda1/4/hyu483/conda_envs/qgis332/lib/libGLX.so.0.0.0
15552ffaf000-15552ffb0000 r--p 00020000 00:30 1932634294                 /storage/home/hcoda1/4/hyu483/conda_envs/qgis332/lib/libGLX.so.0.0.0
15552ffb0000-15552ffb1000 rw-p 00021000 00:30 1932634294                 /storage/home/hcoda1/4/hyu483/conda_envs/qgis332/lib/libGLX.so.0.0.0
15552ffb1000-15552ffc1000 rw-p 00000000 00:00 0 
15552ffc1000-155530002000 r--p 00000000 00:30 1932645527                 /storage/home/hcoda1/4/hyu483/conda_envs/qgis332/lib/libGLdispatch.so.0.0.0
155530002000-155530041000 r-xp 00041000 00:30 1932645527                 /storage/home/hcoda1/4/hyu483/conda_envs/qgis332/lib/libGLdispatch.so.0.0.0
155530041000-155530054000 r--p 00080000 00:30 1932645527                 /storage/home/hcoda1/4/hyu483/conda_envs/qgis332/lib/libGLdispatch.so.0.0.0
155530054000-155530070000 r--p 00093000 00:30 1932645527                 /storage/home/hcoda1/4/hyu483/conda_envs/qgis332/lib/libGLdispatch.so.0.0.0
155530070000-155530071000 rw-p 000af000 00:30 1932645527                 /storage/home/hcoda1/4/hyu483/conda_envs/qgis332/lib/libGLdispatch.so.0.0.0
155530071000-155530079000 rw-p 00000000 00:00 0 
155530079000-15553007c000 r--p 00000000 00:30 1932647790                 /storage/home/hcoda1/4/hyu483/conda_envs/qgis332/lib/libabsl_throw_delegate.so.2407.0.0
15553007c000-15553007d000 r-xp 00003000 00:30 1932647790                 /storage/home/hcoda1/4/hyu483/conda_envs/qgis332/lib/libabsl_throw_delegate.so.2407.0.0
15553007d000-15553007e000 r--p 00004000 00:30 1932647790                 /storage/home/hcoda1/4/hyu483/conda_envs/qgis332/lib/libabsl_throw_delegate.so.2407.0.0
15553007e000-15553007f000 r--p 00004000 00:30 1932647790                 /storage/home/hcoda1/4/hyu483/conda_envs/qgis332/lib/libabsl_throw_delegate.so.2407.0.0
15553007f000-155530080000 rw-p 00005000 00:30 1932647790                 /storage/home/hcoda1/4/hyu483/conda_envs/qgis332/lib/libabsl_throw_delegate.so.2407.0.0
155530080000-155530086000 r--p 00000000 00:30 1932647782                 /storage/home/hcoda1/4/hyu483/conda_envs/qgis332/lib/libabsl_strings.so.2407.0.0
155530086000-155530099000 r-xp 00006000 00:30 1932647782                 /storage/home/hcoda1/4/hyu483/conda_envs/qgis332/lib/libabsl_strings.so.2407.0.0
155530099000-1555300a1000 r--p 00019000 00:30 1932647782                 /storage/home/hcoda1/4/hyu483/conda_envs/qgis332/lib/libabsl_strings.so.2407.0.0
1555300a1000-1555300a2000 r--p 00020000 00:30 1932647782                 /storage/home/hcoda1/4/hyu483/conda_envs/qgis332/lib/libabsl_strings.so.2407.0.0
1555300a2000-1555300a3000 rw-p 00021000 00:30 1932647782                 /storage/home/hcoda1/4/hyu483/conda_envs/qgis332/lib/libabsl_strings.so.2407.0.0
1555300a3000-1555300a9000 r--p 00000000 00:30 1932647776                 /storage/home/hcoda1/4/hyu483/conda_envs/qgis332/lib/libabsl_str_format_internal.so.2407.0.0
1555300a9000-1555300bc000 r-xp 00006000 00:30 1932647776                 /storage/home/hcoda1/4/hyu483/conda_envs/qgis332/lib/libabsl_str_format_internal.so.2407.0.0
1555300bc000-1555300bf000 r--p 00019000 00:30 1932647776                 /storage/home/hcoda1/4/hyu483/conda_envs/qgis332/lib/libabsl_str_format_internal.so.2407.0.0
1555300bf000-1555300c0000 r--p 0001c000 00:30 1932647776                 /storage/home/hcoda1/4/hyu483/conda_envs/qgis332/lib/libabsl_str_format_internal.so.2407.0.0
1555300c0000-1555300c1000 rw-p 0001d000 00:30 1932647776                 /storage/home/hcoda1/4/hyu483/conda_envs/qgis332/lib/libabsl_str_format_internal.so.2407.0.0
1555300c1000-1555300c6000 r--p 00000000 00:30 1932647788                 /storage/home/hcoda1/4/hyu483/conda_envs/qgis332/lib/libabsl_synchronization.so.2407.0.0
1555300c6000-1555300cb000 r-xp 00005000 00:30 1932647788                 /storage/home/hcoda1/4/hyu483/conda_envs/qgis332/lib/libabsl_synchronization.so.2407.0.0
1555300cb000-1555300ce000 r--p 0000a000 00:30 1932647788                 /storage/home/hcoda1/4/hyu483/conda_envs/qgis332/lib/libabsl_synchronization.so.2407.0.0
1555300ce000-1555300cf000 r--p 0000c000 00:30 1932647788                 /storage/home/hcoda1/4/hyu483/conda_envs/qgis332/lib/libabsl_synchronization.so.2407.0.0
1555300cf000-1555300d0000 rw-p 0000d000 00:30 1932647788                 /storage/home/hcoda1/4/hyu483/conda_envs/qgis332/lib/libabsl_synchronization.so.2407.0.0
1555300d0000-1555300d2000 rw-p 00000000 00:00 0 
1555300d2000-1555300d5000 r--p 00000000 00:30 1932647632                 /storage/home/hcoda1/4/hyu483/conda_envs/qgis332/lib/libabsl_cord_internal.so.2407.0.0
1555300d5000-1555300e3000 r-xp 00003000 00:30 1932647632                 /storage/home/hcoda1/4/hyu483/conda_envs/qgis332/lib/libabsl_cord_internal.so.2407.0.0
1555300e3000-1555300e5000 r--p 00011000 00:30 1932647632                 /storage/home/hcoda1/4/hyu483/conda_envs/qgis332/lib/libabsl_cord_internal.so.2407.0.0
1555300e5000-1555300e6000 r--p 00012000 00:30 1932647632                 /storage/home/hcoda1/4/hyu483/conda_envs/qgis332/lib/libabsl_cord_internal.so.2407.0.0
1555300e6000-1555300e7000 rw-p 00013000 00:30 1932647632                 /storage/home/hcoda1/4/hyu483/conda_envs/qgis332/lib/libabsl_cord_internal.so.2407.0.0
1555300e7000-1555300e9000 r--p 00000000 00:30 1932647638                 /storage/home/hcoda1/4/hyu483/conda_envs/qgis332/lib/libabsl_cordz_info.so.2407.0.0
1555300e9000-1555300eb000 r-xp 00002000 00:30 1932647638                 /storage/home/hcoda1/4/hyu483/conda_envs/qgis332/lib/libabsl_cordz_info.so.2407.0.0
1555300eb000-1555300ec000 r--p 00004000 00:30 1932647638                 /storage/home/hcoda1/4/hyu483/conda_envs/qgis332/lib/libabsl_cordz_info.so.2407.0.0
1555300ec000-1555300ed000 r--p 00004000 00:30 1932647638                 /storage/home/hcoda1/4/hyu483/conda_envs/qgis332/lib/libabsl_cordz_info.so.2407.0.0
1555300ed000-1555300ee000 rw-p 00005000 00:30 1932647638                 /storage/home/hcoda1/4/hyu483/conda_envs/qgis332/lib/libabsl_cordz_info.so.2407.0.0
1555300ee000-1555300f4000 r--p 00000000 00:30 1932647630                 /storage/home/hcoda1/4/hyu483/conda_envs/qgis332/lib/libabsl_cord.so.2407.0.0
1555300f4000-15553010c000 r-xp 00006000 00:30 1932647630                 /storage/home/hcoda1/4/hyu483/conda_envs/qgis332/lib/libabsl_cord.so.2407.0.0
15553010c000-15553010f000 r--p 0001e000 00:30 1932647630                 /storage/home/hcoda1/4/hyu483/conda_envs/qgis332/lib/libabsl_cord.so.2407.0.0
15553010f000-155530110000 r--p 00020000 00:30 1932647630                 /storage/home/hcoda1/4/hyu483/conda_envs/qgis332/lib/libabsl_cord.so.2407.0.0
155530110000-155530111000 rw-p 00021000 00:30 1932647630                 /storage/home/hcoda1/4/hyu483/conda_envs/qgis332/lib/libabsl_cord.so.2407.0.0
155530111000-155530112000 r--p 00000000 00:30 1932647692                 /storage/home/hcoda1/4/hyu483/conda_envs/qgis332/lib/libabsl_hash.so.2407.0.0
155530112000-155530113000 r-xp 00001000 00:30 1932647692                 /storage/home/hcoda1/4/hyu483/conda_envs/qgis332/lib/libabsl_hash.so.2407.0.0
155530113000-155530114000 r--p 00002000 00:30 1932647692                 /storage/home/hcoda1/4/hyu483/conda_envs/qgis332/lib/libabsl_hash.so.2407.0.0
155530114000-155530115000 r--p 00002000 00:30 1932647692                 /storage/home/hcoda1/4/hyu483/conda_envs/qgis332/lib/libabsl_hash.so.2407.0.0
155530115000-155530116000 rw-p 00003000 00:30 1932647692                 /storage/home/hcoda1/4/hyu483/conda_envs/qgis332/lib/libabsl_hash.so.2407.0.0
155530116000-155530118000 r--p 00000000 00:30 1932647762                 /storage/home/hcoda1/4/hyu483/conda_envs/qgis332/lib/libabsl_raw_hash_set.so.2407.0.0
155530118000-155530119000 r-xp 00002000 00:30 1932647762                 /storage/home/hcoda1/4/hyu483/conda_envs/qgis332/lib/libabsl_raw_hash_set.so.2407.0.0
155530119000-15553011a000 r--p 00003000 00:30 1932647762                 /storage/home/hcoda1/4/hyu483/conda_envs/qgis332/lib/libabsl_raw_hash_set.so.2407.0.0
15553011a000-15553011b000 r--p 00003000 00:30 1932647762                 /storage/home/hcoda1/4/hyu483/conda_envs/qgis332/lib/libabsl_raw_hash_set.so.2407.0.0
15553011b000-15553011c000 rw-p 00004000 00:30 1932647762                 /storage/home/hcoda1/4/hyu483/conda_envs/qgis332/lib/libabsl_raw_hash_set.so.2407.0.0
15553011c000-15553011d000 r--p 00000000 00:30 1932647724                 /storage/home/hcoda1/4/hyu483/conda_envs/qgis332/lib/libabsl_log_internal_nullguard.so.2407.0.0
15553011d000-15553011e000 r-xp 00001000 00:30 1932647724                 /storage/home/hcoda1/4/hyu483/conda_envs/qgis332/lib/libabsl_log_internal_nullguard.so.2407.0.0
15553011e000-15553011f000 r--p 00002000 00:30 1932647724                 /storage/home/hcoda1/4/hyu483/conda_envs/qgis332/lib/libabsl_log_internal_nullguard.so.2407.0.0
15553011f000-155530120000 r--p 00002000 00:30 1932647724                 /storage/home/hcoda1/4/hyu483/conda_envs/qgis332/lib/libabsl_log_internal_nullguard.so.2407.0.0
155530120000-155530121000 rw-p 00003000 00:30 1932647724                 /storage/home/hcoda1/4/hyu483/conda_envs/qgis332/lib/libabsl_log_internal_nullguard.so.2407.0.0
155530121000-155530127000 r--p 00000000 00:30 1932647722                 /storage/home/hcoda1/4/hyu483/conda_envs/qgis332/lib/libabsl_log_internal_message.so.2407.0.0
155530127000-15553012a000 r-xp 00006000 00:30 1932647722                 /storage/home/hcoda1/4/hyu483/conda_envs/qgis332/lib/libabsl_log_internal_message.so.2407.0.0
15553012a000-15553012c000 r--p 00009000 00:30 1932647722                 /storage/home/hcoda1/4/hyu483/conda_envs/qgis332/lib/libabsl_log_internal_message.so.2407.0.0
15553012c000-15553012d000 r--p 0000a000 00:30 1932647722                 /storage/home/hcoda1/4/hyu483/conda_envs/qgis332/lib/libabsl_log_internal_message.so.2407.0.0
15553012d000-15553012e000 rw-p 0000b000 00:30 1932647722                 /storage/home/hcoda1/4/hyu483/conda_envs/qgis332/lib/libabsl_log_internal_message.so.2407.0.0
15553012e000-155530131000 r--p 00000000 00:30 1932647710                 /storage/home/hcoda1/4/hyu483/conda_envs/qgis332/lib/libabsl_log_internal_check_op.so.2407.0.0
155530131000-155530134000 r-xp 00003000 00:30 1932647710                 /storage/home/hcoda1/4/hyu483/conda_envs/qgis332/lib/libabsl_log_internal_check_op.so.2407.0.0
155530134000-155530135000 r--p 00006000 00:30 1932647710                 /storage/home/hcoda1/4/hyu483/conda_envs/qgis332/lib/libabsl_log_internal_check_op.so.2407.0.0
155530135000-155530136000 r--p 00006000 00:30 1932647710                 /storage/home/hcoda1/4/hyu483/conda_envs/qgis332/lib/libabsl_log_internal_check_op.so.2407.0.0
155530136000-155530137000 rw-p 00007000 00:30 1932647710                 /storage/home/hcoda1/4/hyu483/conda_envs/qgis332/lib/libabsl_log_internal_check_op.so.2407.0.0
155530137000-155530138000 r--p 00000000 00:30 1932649572                 /storage/home/hcoda1/4/hyu483/conda_envs/qgis332/lib/libutf8_validity.so
155530138000-155530139000 r-xp 00001000 00:30 1932649572                 /storage/home/hcoda1/4/hyu483/conda_envs/qgis332/lib/libutf8_validity.so
155530139000-15553013a000 r--p 00002000 00:30 1932649572                 /storage/home/hcoda1/4/hyu483/conda_envs/qgis332/lib/libutf8_validity.so
15553013a000-15553013b000 r--p 00002000 00:30 1932649572                 /storage/home/hcoda1/4/hyu483/conda_envs/qgis332/lib/libutf8_validity.so
15553013b000-15553013c000 rw-p 00003000 00:30 1932649572                 /storage/home/hcoda1/4/hyu483/conda_envs/qgis332/lib/libutf8_validity.so
15553013c000-15553013d000 r--p 00000000 00:30 1917421784                 /storage/home/hcoda1/4/hyu483/conda_envs/qgis332/lib/libbrotlidec.so.1.1.0
15553013d000-155530145000 r-xp 00001000 00:30 1917421784                 /storage/home/hcoda1/4/hyu483/conda_envs/qgis332/lib/libbrotlidec.so.1.1.0
155530145000-155530148000 r--p 00009000 00:30 1917421784                 /storage/home/hcoda1/4/hyu483/conda_envs/qgis332/lib/libbrotlidec.so.1.1.0
155530148000-155530149000 r--p 0000b000 00:30 1917421784                 /storage/home/hcoda1/4/hyu483/conda_envs/qgis332/lib/libbrotlidec.so.1.1.0
155530149000-15553014a000 rw-p 0000c000 00:30 1917421784                 /storage/home/hcoda1/4/hyu483/conda_envs/qgis332/lib/libbrotlidec.so.1.1.0
15553014a000-15553015b000 r--p 00000000 00:30 1932632621                 /storage/home/hcoda1/4/hyu483/conda_envs/qgis332/lib/libgobject-2.0.so.0.8400.1
15553015b000-15553018f000 r-xp 00011000 00:30 1932632621                 /storage/home/hcoda1/4/hyu483/conda_envs/qgis332/lib/libgobject-2.0.so.0.8400.1
15553018f000-1555301a9000 r--p 00045000 00:30 1932632621                 /storage/home/hcoda1/4/hyu483/conda_envs/qgis332/lib/libgobject-2.0.so.0.8400.1
1555301a9000-1555301ac000 r--p 0005f000 00:30 1932632621                 /storage/home/hcoda1/4/hyu483/conda_envs/qgis332/lib/libgobject-2.0.so.0.8400.1
1555301ac000-1555301ad000 rw-p 00062000 00:30 1932632621                 /storage/home/hcoda1/4/hyu483/conda_envs/qgis332/lib/libgobject-2.0.so.0.8400.1
1555301ad000-1555301ae000 r--p 00000000 00:30 2007949724                 /storage/home/hcoda1/4/hyu483/conda_envs/qgis332/lib/libgstfft-1.0.so.0.2411.0
1555301ae000-1555301b6000 r-xp 00001000 00:30 2007949724                 /storage/home/hcoda1/4/hyu483/conda_envs/qgis332/lib/libgstfft-1.0.so.0.2411.0
1555301b6000-1555301b8000 r--p 00009000 00:30 2007949724                 /storage/home/hcoda1/4/hyu483/conda_envs/qgis332/lib/libgstfft-1.0.so.0.2411.0
1555301b8000-1555301b9000 r--p 0000a000 00:30 2007949724                 /storage/home/hcoda1/4/hyu483/conda_envs/qgis332/lib/libgstfft-1.0.so.0.2411.0
1555301b9000-1555301ba000 rw-p 0000b000 00:30 2007949724                 /storage/home/hcoda1/4/hyu483/conda_envs/qgis332/lib/libgstfft-1.0.so.0.2411.0
1555301ba000-1555301d8000 r--p 00000000 00:30 2007949746                 /storage/home/hcoda1/4/hyu483/conda_envs/qgis332/lib/libgstvideo-1.0.so.0.2411.0
1555301d8000-155530262000 r-xp 0001e000 00:30 2007949746                 /storage/home/hcoda1/4/hyu483/conda_envs/qgis332/lib/libgstvideo-1.0.so.0.2411.0
155530262000-15553028d000 r--p 000a8000 00:30 2007949746                 /storage/home/hcoda1/4/hyu483/conda_envs/qgis332/lib/libgstvideo-1.0.so.0.2411.0
15553028d000-1555302a0000 r--p 000d2000 00:30 2007949746                 /storage/home/hcoda1/4/hyu483/conda_envs/qgis332/lib/libgstvideo-1.0.so.0.2411.0
1555302a0000-1555302a1000 rw-p 000e5000 00:30 2007949746                 /storage/home/hcoda1/4/hyu483/conda_envs/qgis332/lib/libgstvideo-1.0.so.0.2411.0
1555302a1000-1555302ac000 r--p 00000000 00:30 2085771266                 /storage/home/hcoda1/4/hyu483/conda_envs/qgis332/lib/libgsttag-1.0.so.0.2411.0
1555302ac000-1555302cc000 r-xp 0000b000 00:30 2085771266                 /storage/home/hcoda1/4/hyu483/conda_envs/qgis332/lib/libgsttag-1.0.so.0.2411.0
1555302cc000-1555302df000 r--p 0002b000 00:30 2085771266                 /storage/home/hcoda1/4/hyu483/conda_envs/qgis332/lib/libgsttag-1.0.so.0.2411.0
1555302df000-1555302e1000 r--p 0003e000 00:30 2085771266                 /storage/home/hcoda1/4/hyu483/conda_envs/qgis332/lib/libgsttag-1.0.so.0.2411.0
1555302e1000-1555302e2000 rw-p 00040000 00:30 2085771266                 /storage/home/hcoda1/4/hyu483/conda_envs/qgis332/lib/libgsttag-1.0.so.0.2411.0
1555302e2000-1555302f4000 r--p 00000000 00:30 2085771253                 /storage/home/hcoda1/4/hyu483/conda_envs/qgis332/lib/libgstaudio-1.0.so.0.2411.0
1555302f4000-155530340000 r-xp 00012000 00:30 2085771253                 /storage/home/hcoda1/4/hyu483/conda_envs/qgis332/lib/libgstaudio-1.0.so.0.2411.0
155530340000-15553035f000 r--p 0005e000 00:30 2085771253                 /storage/home/hcoda1/4/hyu483/conda_envs/qgis332/lib/libgstaudio-1.0.so.0.2411.0
15553035f000-155530363000 r--p 0007c000 00:30 2085771253                 /storage/home/hcoda1/4/hyu483/conda_envs/qgis332/lib/libgstaudio-1.0.so.0.2411.0
155530363000-155530364000 rw-p 00080000 00:30 2085771253                 /storage/home/hcoda1/4/hyu483/conda_envs/qgis332/lib/libgstaudio-1.0.so.0.2411.0
155530364000-155530375000 r--p 00000000 00:30 2085771263                 /storage/home/hcoda1/4/hyu483/conda_envs/qgis332/lib/libgstpbutils-1.0.so.0.2411.0
155530375000-155530393000 r-xp 00011000 00:30 2085771263                 /storage/home/hcoda1/4/hyu483/conda_envs/qgis332/lib/libgstpbutils-1.0.so.0.2411.0
155530393000-1555303a3000 r--p 0002f000 00:30 2085771263                 /storage/home/hcoda1/4/hyu483/conda_envs/qgis332/lib/libgstpbutils-1.0.so.0.2411.0
1555303a3000-1555303a6000 r--p 0003f000 00:30 2085771263                 /storage/home/hcoda1/4/hyu483/conda_envs/qgis332/lib/libgstpbutils-1.0.so.0.2411.0
1555303a6000-1555303a7000 rw-p 00042000 00:30 2085771263                 /storage/home/hcoda1/4/hyu483/conda_envs/qgis332/lib/libgstpbutils-1.0.so.0.2411.0
1555303a7000-1555303da000 r--p 00000000 00:30 2085784405                 /storage/home/hcoda1/4/hyu483/conda_envs/qgis332/lib/libgstreamer-1.0.so.0.2411.0
1555303da000-155530499000 r-xp 00033000 00:30 2085784405                 /storage/home/hcoda1/4/hyu483/conda_envs/qgis332/lib/libgstreamer-1.0.so.0.2411.0
155530499000-1555304f9000 r--p 000f2000 00:30 2085784405                 /storage/home/hcoda1/4/hyu483/conda_envs/qgis332/lib/libgstreamer-1.0.so.0.2411.0
1555304f9000-155530500000 r--p 00151000 00:30 2085784405                 /storage/home/hcoda1/4/hyu483/conda_envs/qgis332/lib/libgstreamer-1.0.so.0.2411.0
155530500000-155530502000 rw-p 00158000 00:30 2085784405                 /storage/home/hcoda1/4/hyu483/conda_envs/qgis332/lib/libgstreamer-1.0.so.0.2411.0
155530502000-155530503000 rw-p 00000000 00:00 0 
155530503000-155530514000 r--p 00000000 00:30 2007947251                 /storage/home/hcoda1/4/hyu483/conda_envs/qgis332/lib/libgstbase-1.0.so.0.2411.0
155530514000-155530569000 r-xp 00011000 00:30 2007947251                 /storage/home/hcoda1/4/hyu483/conda_envs/qgis332/lib/libgstbase-1.0.so.0.2411.0
155530569000-15553058a000 r--p 00066000 00:30 2007947251                 /storage/home/hcoda1/4/hyu483/conda_envs/qgis332/lib/libgstbase-1.0.so.0.2411.0
15553058a000-15553058c000 r--p 00087000 00:30 2007947251                 /storage/home/hcoda1/4/hyu483/conda_envs/qgis332/lib/libgstbase-1.0.so.0.2411.0
15553058c000-15553058d000 rw-p 00089000 00:30 2007947251                 /storage/home/hcoda1/4/hyu483/conda_envs/qgis332/lib/libgstbase-1.0.so.0.2411.0
15553058d000-155530592000 r--p 00000000 00:30 2007949719                 /storage/home/hcoda1/4/hyu483/conda_envs/qgis332/lib/libgstapp-1.0.so.0.2411.0
155530592000-15553059d000 r-xp 00005000 00:30 2007949719                 /storage/home/hcoda1/4/hyu483/conda_envs/qgis332/lib/libgstapp-1.0.so.0.2411.0
15553059d000-1555305a2000 r--p 00010000 00:30 2007949719                 /storage/home/hcoda1/4/hyu483/conda_envs/qgis332/lib/libgstapp-1.0.so.0.2411.0
1555305a2000-1555305a3000 r--p 00015000 00:30 2007949719                 /storage/home/hcoda1/4/hyu483/conda_envs/qgis332/lib/libgstapp-1.0.so.0.2411.0
1555305a3000-1555305a4000 rw-p 00016000 00:30 2007949719                 /storage/home/hcoda1/4/hyu483/conda_envs/qgis332/lib/libgstapp-1.0.so.0.2411.0
1555305a4000-1555305e1000 r--p 00000000 00:30 2085784167                 /storage/home/hcoda1/4/hyu483/conda_envs/qgis332/lib/libgio-2.0.so.0.8400.1
1555305e1000-1555306ed000 r-xp 0003d000 00:30 2085784167                 /storage/home/hcoda1/4/hyu483/conda_envs/qgis332/lib/libgio-2.0.so.0.8400.1
1555306ed000-155530774000 r--p 00149000 00:30 2085784167                 /storage/home/hcoda1/4/hyu483/conda_envs/qgis332/lib/libgio-2.0.so.0.8400.1
155530774000-15553077c000 r--p 001cf000 00:30 2085784167                 /storage/home/hcoda1/4/hyu483/conda_envs/qgis332/lib/libgio-2.0.so.0.8400.1
15553077c000-15553077d000 rw-p 001d7000 00:30 2085784167                 /storage/home/hcoda1/4/hyu483/conda_envs/qgis332/lib/libgio-2.0.so.0.8400.1
15553077d000-15553077f000 rw-p 00000000 00:00 0 
15553077f000-15553078a000 r--p 00000000 00:30 2007931286                 /storage/home/hcoda1/4/hyu483/conda_envs/qgis332/lib/libxslt.so.1.1.43
15553078a000-1555307ae000 r-xp 0000b000 00:30 2007931286                 /storage/home/hcoda1/4/hyu483/conda_envs/qgis332/lib/libxslt.so.1.1.43
1555307ae000-1555307bb000 r--p 0002f000 00:30 2007931286                 /storage/home/hcoda1/4/hyu483/conda_envs/qgis332/lib/libxslt.so.1.1.43
1555307bb000-1555307bc000 r--p 0003c000 00:30 2007931286                 /storage/home/hcoda1/4/hyu483/conda_envs/qgis332/lib/libxslt.so.1.1.43
1555307bc000-1555307bd000 rw-p 0003d000 00:30 2007931286                 /storage/home/hcoda1/4/hyu483/conda_envs/qgis332/lib/libxslt.so.1.1.43
1555307bd000-1555307d9000 r--p 00000000 00:30 2036220337                 /storage/home/hcoda1/4/hyu483/conda_envs/qgis332/lib/libQt5Sensors.so.5.15.15
1555307d9000-1555307e5000 r-xp 0001c000 00:30 2036220337                 /storage/home/hcoda1/4/hyu483/conda_envs/qgis332/lib/libQt5Sensors.so.5.15.15
1555307e5000-1555307f1000 r--p 00028000 00:30 2036220337                 /storage/home/hcoda1/4/hyu483/conda_envs/qgis332/lib/libQt5Sensors.so.5.15.15
1555307f1000-1555307f5000 r--p 00034000 00:30 2036220337                 /storage/home/hcoda1/4/hyu483/conda_envs/qgis332/lib/libQt5Sensors.so.5.15.15
1555307f5000-1555307f6000 rw-p 00038000 00:30 2036220337                 /storage/home/hcoda1/4/hyu483/conda_envs/qgis332/lib/libQt5Sensors.so.5.15.15
1555307f6000-155530814000 r--p 00000000 00:30 2085784136                 /storage/home/hcoda1/4/hyu483/conda_envs/qgis332/lib/libX11.so.6.4.0
155530814000-1555308a2000 r-xp 0001e000 00:30 2085784136                 /storage/home/hcoda1/4/hyu483/conda_envs/qgis332/lib/libX11.so.6.4.0
1555308a2000-155530938000 r--p 000ac000 00:30 2085784136                 /storage/home/hcoda1/4/hyu483/conda_envs/qgis332/lib/libX11.so.6.4.0
155530938000-15553093b000 r--p 00141000 00:30 2085784136                 /storage/home/hcoda1/4/hyu483/conda_envs/qgis332/lib/libX11.so.6.4.0
15553093b000-15553093f000 rw-p 00144000 00:30 2085784136                 /storage/home/hcoda1/4/hyu483/conda_envs/qgis332/lib/libX11.so.6.4.0
15553093f000-155530949000 r--p 00000000 00:30 2036222285                 /storage/home/hcoda1/4/hyu483/conda_envs/qgis332/lib/libQt5WebChannel.so.5.15.15
155530949000-155530956000 r-xp 0000a000 00:30 2036222285                 /storage/home/hcoda1/4/hyu483/conda_envs/qgis332/lib/libQt5WebChannel.so.5.15.15
155530956000-15553095d000 r--p 00017000 00:30 2036222285                 /storage/home/hcoda1/4/hyu483/conda_envs/qgis332/lib/libQt5WebChannel.so.5.15.15
15553095d000-15553095e000 r--p 0001e000 00:30 2036222285                 /storage/home/hcoda1/4/hyu483/conda_envs/qgis332/lib/libQt5WebChannel.so.5.15.15
15553095e000-15553095f000 rw-p 0001f000 00:30 2036222285                 /storage/home/hcoda1/4/hyu483/conda_envs/qgis332/lib/libQt5WebChannel.so.5.15.15
15553095f000-15553097b000 r--p 00000000 00:30 2036218912                 /storage/home/hcoda1/4/hyu483/conda_envs/qgis332/lib/libQt5QmlModels.so.5.15.15
15553097b000-1555309a9000 r-xp 0001c000 00:30 2036218912                 /storage/home/hcoda1/4/hyu483/conda_envs/qgis332/lib/libQt5QmlModels.so.5.15.15
1555309a9000-1555309c2000 r--p 0004a000 00:30 2036218912                 /storage/home/hcoda1/4/hyu483/conda_envs/qgis332/lib/libQt5QmlModels.so.5.15.15
1555309c2000-1555309c6000 r--p 00062000 00:30 2036218912                 /storage/home/hcoda1/4/hyu483/conda_envs/qgis332/lib/libQt5QmlModels.so.5.15.15
1555309c6000-1555309c7000 rw-p 00066000 00:30 2036218912                 /storage/home/hcoda1/4/hyu483/conda_envs/qgis332/lib/libQt5QmlModels.so.5.15.15
1555309c7000-155530ae6000 r--p 00000000 00:30 2036218982                 /storage/home/hcoda1/4/hyu483/conda_envs/qgis332/lib/libQt5Quick.so.5.15.15
155530ae6000-155530ca8000 r-xp 0011f000 00:30 2036218982                 /storage/home/hcoda1/4/hyu483/conda_envs/qgis332/lib/libQt5Quick.so.5.15.15
155530ca8000-155530dc9000 r--p 002e1000 00:30 2036218982                 /storage/home/hcoda1/4/hyu483/conda_envs/qgis332/lib/libQt5Quick.so.5.15.15
155530dc9000-155530df2000 r--p 00402000 00:30 2036218982                 /storage/home/hcoda1/4/hyu483/conda_envs/qgis332/lib/libQt5Quick.so.5.15.15
155530df2000-155530df7000 rw-p 0042b000 00:30 2036218982                 /storage/home/hcoda1/4/hyu483/conda_envs/qgis332/lib/libQt5Quick.so.5.15.15
155530df7000-155530df9000 rw-p 00000000 00:00 0 
155530df9000-155530e17000 r--p 00000000 00:30 2036218825                 /storage/home/hcoda1/4/hyu483/conda_envs/qgis332/lib/libQt5OpenGL.so.5.15.15
155530e17000-155530e34000 r-xp 0001e000 00:30 2036218825                 /storage/home/hcoda1/4/hyu483/conda_envs/qgis332/lib/libQt5OpenGL.so.5.15.15
155530e34000-155530e44000 r--p 0003b000 00:30 2036218825                 /storage/home/hcoda1/4/hyu483/conda_envs/qgis332/lib/libQt5OpenGL.so.5.15.15
155530e44000-155530e46000 r--p 0004a000 00:30 2036218825                 /storage/home/hcoda1/4/hyu483/conda_envs/qgis332/lib/libQt5OpenGL.so.5.15.15
155530e46000-155530e47000 rw-p 0004c000 00:30 2036218825                 /storage/home/hcoda1/4/hyu483/conda_envs/qgis332/lib/libQt5OpenGL.so.5.15.15
155530e47000-155530e48000 rw-p 00000000 00:00 0 
155530e48000-155530e5f000 r--p 00000000 00:30 2036218285                 /storage/home/hcoda1/4/hyu483/conda_envs/qgis332/lib/libQt5DBus.so.5.15.15
155530e5f000-155530e93000 r-xp 00017000 00:30 2036218285                 /storage/home/hcoda1/4/hyu483/conda_envs/qgis332/lib/libQt5DBus.so.5.15.15
155530e93000-155530eac000 r--p 0004b000 00:30 2036218285                 /storage/home/hcoda1/4/hyu483/conda_envs/qgis332/lib/libQt5DBus.so.5.15.15
155530eac000-155530eae000 r--p 00063000 00:30 2036218285                 /storage/home/hcoda1/4/hyu483/conda_envs/qgis332/lib/libQt5DBus.so.5.15.15
155530eae000-155530eaf000 rw-p 00065000 00:30 2036218285                 /storage/home/hcoda1/4/hyu483/conda_envs/qgis332/lib/libQt5DBus.so.5.15.15
155530eaf000-155530eb0000 rw-p 00000000 00:00 0 
155530eb0000-155530ebe000 r--p 00000000 00:30 2085794172                 /storage/home/hcoda1/4/hyu483/conda_envs/qgis332/lib/libpulse.so.0.24.3
155530ebe000-155530edb000 r-xp 0000e000 00:30 2085794172                 /storage/home/hcoda1/4/hyu483/conda_envs/qgis332/lib/libpulse.so.0.24.3
155530edb000-155530ee5000 r--p 0002b000 00:30 2085794172                 /storage/home/hcoda1/4/hyu483/conda_envs/qgis332/lib/libpulse.so.0.24.3
155530ee5000-155530ee7000 r--p 00035000 00:30 2085794172                 /storage/home/hcoda1/4/hyu483/conda_envs/qgis332/lib/libpulse.so.0.24.3
155530ee7000-155530ee8000 rw-p 00037000 00:30 2085794172                 /storage/home/hcoda1/4/hyu483/conda_envs/qgis332/lib/libpulse.so.0.24.3
155530ee8000-155530ee9000 r--p 00000000 00:30 2007947958                 /storage/home/hcoda1/4/hyu483/conda_envs/qgis332/lib/libpulse-mainloop-glib.so.0.0.6
155530ee9000-155530eeb000 r-xp 00001000 00:30 2007947958                 /storage/home/hcoda1/4/hyu483/conda_envs/qgis332/lib/libpulse-mainloop-glib.so.0.0.6
155530eeb000-155530eec000 r--p 00003000 00:30 2007947958                 /storage/home/hcoda1/4/hyu483/conda_envs/qgis332/lib/libpulse-mainloop-glib.so.0.0.6
155530eec000-155530eed000 r--p 00003000 00:30 2007947958                 /storage/home/hcoda1/4/hyu483/conda_envs/qgis332/lib/libpulse-mainloop-glib.so.0.0.6
155530eed000-155530eee000 rw-p 00004000 00:30 2007947958                 /storage/home/hcoda1/4/hyu483/conda_envs/qgis332/lib/libpulse-mainloop-glib.so.0.0.6
155530eee000-155530efd000 r--p 00000000 00:30 2007949872                 /storage/home/hcoda1/4/hyu483/conda_envs/qgis332/lib/libharfbuzz.so.0.61121.0
155530efd000-155530ff1000 r-xp 0000f000 00:30 2007949872                 /storage/home/hcoda1/4/hyu483/conda_envs/qgis332/lib/libharfbuzz.so.0.61121.0
155530ff1000-15553102b000 r--p 00103000 00:30 2007949872                 /storage/home/hcoda1/4/hyu483/conda_envs/qgis332/lib/libharfbuzz.so.0.61121.0
15553102b000-15553102d000 r--p 0013c000 00:30 2007949872                 /storage/home/hcoda1/4/hyu483/conda_envs/qgis332/lib/libharfbuzz.so.0.61121.0
15553102d000-15553102e000 rw-p 0013e000 00:30 2007949872                 /storage/home/hcoda1/4/hyu483/conda_envs/qgis332/lib/libharfbuzz.so.0.61121.0
15553102e000-155531075000 r--p 00000000 00:30 1932540511                 /storage/home/hcoda1/4/hyu483/conda_envs/qgis332/lib/libGL.so.1.7.0
155531075000-155531094000 r-xp 00047000 00:30 1932540511                 /storage/home/hcoda1/4/hyu483/conda_envs/qgis332/lib/libGL.so.1.7.0
155531094000-1555310a9000 r--p 00066000 00:30 1932540511                 /storage/home/hcoda1/4/hyu483/conda_envs/qgis332/lib/libGL.so.1.7.0
1555310a9000-1555310b7000 r--p 0007a000 00:30 1932540511                 /storage/home/hcoda1/4/hyu483/conda_envs/qgis332/lib/libGL.so.1.7.0
1555310b7000-1555310b8000 rw-p 00088000 00:30 1932540511                 /storage/home/hcoda1/4/hyu483/conda_envs/qgis332/lib/libGL.so.1.7.0
1555310b8000-1555310b9000 rw-p 00000000 00:00 0 
1555310b9000-1555310d1000 r--p 00000000 00:30 2036218848                 /storage/home/hcoda1/4/hyu483/conda_envs/qgis332/lib/libQt5Positioning.so.5.15.15
1555310d1000-155531101000 r-xp 00018000 00:30 2036218848                 /storage/home/hcoda1/4/hyu483/conda_envs/qgis332/lib/libQt5Positioning.so.5.15.15
155531101000-155531116000 r--p 00048000 00:30 2036218848                 /storage/home/hcoda1/4/hyu483/conda_envs/qgis332/lib/libQt5Positioning.so.5.15.15
155531116000-155531118000 r--p 0005d000 00:30 2036218848                 /storage/home/hcoda1/4/hyu483/conda_envs/qgis332/lib/libQt5Positioning.so.5.15.15
155531118000-155531119000 rw-p 0005f000 00:30 2036218848                 /storage/home/hcoda1/4/hyu483/conda_envs/qgis332/lib/libQt5Positioning.so.5.15.15
155531119000-1555311ff000 r--p 00000000 00:30 2007953493                 /storage/home/hcoda1/4/hyu483/conda_envs/qgis332/lib/libpdalcpp.so.18.1.0
1555311ff000-155531a46000 r-xp 000e6000 00:30 2007953493                 /storage/home/hcoda1/4/hyu483/conda_envs/qgis332/lib/libpdalcpp.so.18.1.0
155531a46000-155531b74000 r--p 0092d000 00:30 2007953493                 /storage/home/hcoda1/4/hyu483/conda_envs/qgis332/lib/libpdalcpp.so.18.1.0
155531b74000-155531bae000 r--p 00a5a000 00:30 2007953493                 /storage/home/hcoda1/4/hyu483/conda_envs/qgis332/lib/libpdalcpp.so.18.1.0
155531bae000-155531bb1000 rw-p 00a94000 00:30 2007953493                 /storage/home/hcoda1/4/hyu483/conda_envs/qgis332/lib/libpdalcpp.so.18.1.0
155531bb1000-155531cbd000 rw-p 00000000 00:00 0 
155531cbd000-155531d14000 r--p 00000000 00:30 1896366959                 /storage/home/hcoda1/4/hyu483/conda_envs/qgis332/lib/libdraco.so.9.0.0
155531d14000-155531e2d000 r-xp 00057000 00:30 1896366959                 /storage/home/hcoda1/4/hyu483/conda_envs/qgis332/lib/libdraco.so.9.0.0
155531e2d000-155531e5c000 r--p 00170000 00:30 1896366959                 /storage/home/hcoda1/4/hyu483/conda_envs/qgis332/lib/libdraco.so.9.0.0
155531e5c000-155531e62000 r--p 0019f000 00:30 1896366959                 /storage/home/hcoda1/4/hyu483/conda_envs/qgis332/lib/libdraco.so.9.0.0
155531e62000-155531e63000 rw-p 001a5000 00:30 1896366959                 /storage/home/hcoda1/4/hyu483/conda_envs/qgis332/lib/libdraco.so.9.0.0
155531e63000-155531e88000 r--p 00000000 00:30 2036218864                 /storage/home/hcoda1/4/hyu483/conda_envs/qgis332/lib/libQt5PrintSupport.so.5.15.15
155531e88000-155531ea9000 r-xp 00025000 00:30 2036218864                 /storage/home/hcoda1/4/hyu483/conda_envs/qgis332/lib/libQt5PrintSupport.so.5.15.15
155531ea9000-155531ec0000 r--p 00046000 00:30 2036218864                 /storage/home/hcoda1/4/hyu483/conda_envs/qgis332/lib/libQt5PrintSupport.so.5.15.15
155531ec0000-155531ec4000 r--p 0005c000 00:30 2036218864                 /storage/home/hcoda1/4/hyu483/conda_envs/qgis332/lib/libQt5PrintSupport.so.5.15.15
155531ec4000-155531ec6000 rw-p 00060000 00:30 2036218864                 /storage/home/hcoda1/4/hyu483/conda_envs/qgis332/lib/libQt5PrintSupport.so.5.15.15
155531ec6000-155531ed3000 r--p 00000000 00:30 1893824152                 /storage/home/hcoda1/4/hyu483/conda_envs/qgis332/lib/libqt5keychain.so.0.14.3
155531ed3000-155531ee7000 r-xp 0000d000 00:30 1893824152                 /storage/home/hcoda1/4/hyu483/conda_envs/qgis332/lib/libqt5keychain.so.0.14.3
155531ee7000-155531eef000 r--p 00021000 00:30 1893824152                 /storage/home/hcoda1/4/hyu483/conda_envs/qgis332/lib/libqt5keychain.so.0.14.3
155531eef000-155531ef1000 r--p 00029000 00:30 1893824152                 /storage/home/hcoda1/4/hyu483/conda_envs/qgis332/lib/libqt5keychain.so.0.14.3
155531ef1000-155531ef2000 rw-p 0002b000 00:30 1893824152                 /storage/home/hcoda1/4/hyu483/conda_envs/qgis332/lib/libqt5keychain.so.0.14.3
155531ef2000-155531f19000 r--p 00000000 00:30 1932649565                 /storage/home/hcoda1/4/hyu483/conda_envs/qgis332/lib/libprotobuf-lite.so.28.3.0
155531f19000-155531f64000 r-xp 00027000 00:30 1932649565                 /storage/home/hcoda1/4/hyu483/conda_envs/qgis332/lib/libprotobuf-lite.so.28.3.0
155531f64000-155531f77000 r--p 00072000 00:30 1932649565                 /storage/home/hcoda1/4/hyu483/conda_envs/qgis332/lib/libprotobuf-lite.so.28.3.0
155531f77000-155531f79000 r--p 00085000 00:30 1932649565                 /storage/home/hcoda1/4/hyu483/conda_envs/qgis332/lib/libprotobuf-lite.so.28.3.0
155531f79000-155531f7a000 rw-p 00087000 00:30 1932649565                 /storage/home/hcoda1/4/hyu483/conda_envs/qgis332/lib/libprotobuf-lite.so.28.3.0
155531f7a000-155531f7f000 r--p 00000000 00:30 1932649746                 /storage/home/hcoda1/4/hyu483/conda_envs/qgis332/lib/libzip.so.5.5
155531f7f000-155531f94000 r-xp 00005000 00:30 1932649746                 /storage/home/hcoda1/4/hyu483/conda_envs/qgis332/lib/libzip.so.5.5
155531f94000-155531f9a000 r--p 0001a000 00:30 1932649746                 /storage/home/hcoda1/4/hyu483/conda_envs/qgis332/lib/libzip.so.5.5
155531f9a000-155531f9b000 r--p 0001f000 00:30 1932649746                 /storage/home/hcoda1/4/hyu483/conda_envs/qgis332/lib/libzip.so.5.5
155531f9b000-155531f9c000 rw-p 00020000 00:30 1932649746                 /storage/home/hcoda1/4/hyu483/conda_envs/qgis332/lib/libzip.so.5.5
155531f9c000-155531fcd000 r--p 00000000 00:30 1932648081                 /storage/home/hcoda1/4/hyu483/conda_envs/qgis332/lib/libspatialindex.so.8.0.0
155531fcd000-15553207c000 r-xp 00031000 00:30 1932648081                 /storage/home/hcoda1/4/hyu483/conda_envs/qgis332/lib/libspatialindex.so.8.0.0
15553207c000-1555320a4000 r--p 000e0000 00:30 1932648081                 /storage/home/hcoda1/4/hyu483/conda_envs/qgis332/lib/libspatialindex.so.8.0.0
1555320a4000-1555320a9000 r--p 00107000 00:30 1932648081                 /storage/home/hcoda1/4/hyu483/conda_envs/qgis332/lib/libspatialindex.so.8.0.0
1555320a9000-1555320aa000 rw-p 0010c000 00:30 1932648081                 /storage/home/hcoda1/4/hyu483/conda_envs/qgis332/lib/libspatialindex.so.8.0.0
1555320aa000-1555320ad000 r--p 00000000 00:30 2036218261                 /storage/home/hcoda1/4/hyu483/conda_envs/qgis332/lib/libQt5Concurrent.so.5.15.15
1555320ad000-1555320af000 r-xp 00003000 00:30 2036218261                 /storage/home/hcoda1/4/hyu483/conda_envs/qgis332/lib/libQt5Concurrent.so.5.15.15
1555320af000-1555320b0000 r--p 00005000 00:30 2036218261                 /storage/home/hcoda1/4/hyu483/conda_envs/qgis332/lib/libQt5Concurrent.so.5.15.15
1555320b0000-1555320b1000 r--p 00005000 00:30 2036218261                 /storage/home/hcoda1/4/hyu483/conda_envs/qgis332/lib/libQt5Concurrent.so.5.15.15
1555320b1000-1555320b2000 rw-p 00006000 00:30 2036218261                 /storage/home/hcoda1/4/hyu483/conda_envs/qgis332/lib/libQt5Concurrent.so.5.15.15
1555320b2000-1555320b9000 r--p 00000000 00:30 1883928113                 /storage/home/hcoda1/4/hyu483/conda_envs/qgis332/lib/libOpenCL.so.1.0.0
1555320b9000-1555320da000 r-xp 00007000 00:30 1883928113                 /storage/home/hcoda1/4/hyu483/conda_envs/qgis332/lib/libOpenCL.so.1.0.0
1555320da000-1555320e9000 r--p 00028000 00:30 1883928113                 /storage/home/hcoda1/4/hyu483/conda_envs/qgis332/lib/libOpenCL.so.1.0.0
1555320e9000-1555320ea000 r--p 00037000 00:30 1883928113                 /storage/home/hcoda1/4/hyu483/conda_envs/qgis332/lib/libOpenCL.so.1.0.0
1555320ea000-1555320eb000 rw-p 00038000 00:30 1883928113                 /storage/home/hcoda1/4/hyu483/conda_envs/qgis332/lib/libOpenCL.so.1.0.0
1555320eb000-155532191000 r--p 00000000 00:30 2036218894                 /storage/home/hcoda1/4/hyu483/conda_envs/qgis332/lib/libQt5Qml.so.5.15.15
155532191000-155532333000 r-xp 000a6000 00:30 2036218894                 /storage/home/hcoda1/4/hyu483/conda_envs/qgis332/lib/libQt5Qml.so.5.15.15
155532333000-15553240a000 r--p 00248000 00:30 2036218894                 /storage/home/hcoda1/4/hyu483/conda_envs/qgis332/lib/libQt5Qml.so.5.15.15
15553240a000-155532424000 r--p 0031e000 00:30 2036218894                 /storage/home/hcoda1/4/hyu483/conda_envs/qgis332/lib/libQt5Qml.so.5.15.15
155532424000-155532426000 rw-p 00338000 00:30 2036218894                 /storage/home/hcoda1/4/hyu483/conda_envs/qgis332/lib/libQt5Qml.so.5.15.15
155532426000-155532429000 rw-p 00000000 00:00 0 
155532429000-155532430000 r--p 00000000 00:30 2036221489                 /storage/home/hcoda1/4/hyu483/conda_envs/qgis332/lib/libQt5SerialPort.so.5.15.15
155532430000-155532437000 r-xp 00007000 00:30 2036221489                 /storage/home/hcoda1/4/hyu483/conda_envs/qgis332/lib/libQt5SerialPort.so.5.15.15
155532437000-15553243c000 r--p 0000e000 00:30 2036221489                 /storage/home/hcoda1/4/hyu483/conda_envs/qgis332/lib/libQt5SerialPort.so.5.15.15
15553243c000-15553243d000 r--p 00012000 00:30 2036221489                 /storage/home/hcoda1/4/hyu483/conda_envs/qgis332/lib/libQt5SerialPort.so.5.15.15
15553243d000-15553243e000 rw-p 00013000 00:30 2036221489                 /storage/home/hcoda1/4/hyu483/conda_envs/qgis332/lib/libQt5SerialPort.so.5.15.15
15553243e000-155532518000 r--p 00000000 00:30 1932648804                 /storage/home/hcoda1/4/hyu483/conda_envs/qgis332/lib/libexiv2.so.0.28.5
155532518000-1555326ef000 r-xp 000da000 00:30 1932648804                 /storage/home/hcoda1/4/hyu483/conda_envs/qgis332/lib/libexiv2.so.0.28.5
1555326ef000-1555327c9000 r--p 002b1000 00:30 1932648804                 /storage/home/hcoda1/4/hyu483/conda_envs/qgis332/lib/libexiv2.so.0.28.5
1555327c9000-155532826000 r--p 0038b000 00:30 1932648804                 /storage/home/hcoda1/4/hyu483/conda_envs/qgis332/lib/libexiv2.so.0.28.5
155532826000-155532827000 rw-p 003e8000 00:30 1932648804                 /storage/home/hcoda1/4/hyu483/conda_envs/qgis332/lib/libexiv2.so.0.28.5
155532827000-15553282b000 rw-p 00000000 00:00 0 
15553282b000-15553574f000 r-xp 00000000 00:30 1889083960                 /storage/home/hcoda1/4/hyu483/conda_envs/qgis332/lib/libQt5WebKit.so.5.212.0
15553574f000-1555358fa000 r--p 02f23000 00:30 1889083960                 /storage/home/hcoda1/4/hyu483/conda_envs/qgis332/lib/libQt5WebKit.so.5.212.0
1555358fa000-155535912000 rw-p 030ce000 00:30 1889083960                 /storage/home/hcoda1/4/hyu483/conda_envs/qgis332/lib/libQt5WebKit.so.5.212.0
155535912000-15553592b000 rw-p 00000000 00:00 0 
15553592b000-155535976000 r-xp 00000000 00:30 1889083965                 /storage/home/hcoda1/4/hyu483/conda_envs/qgis332/lib/libQt5WebKitWidgets.so.5.212.0
155535976000-15553597b000 r--p 0004a000 00:30 1889083965                 /storage/home/hcoda1/4/hyu483/conda_envs/qgis332/lib/libQt5WebKitWidgets.so.5.212.0
15553597b000-15553597c000 rw-p 0004f000 00:30 1889083965                 /storage/home/hcoda1/4/hyu483/conda_envs/qgis332/lib/libQt5WebKitWidgets.so.5.212.0
15553597c000-15553598f000 r--p 00000000 00:30 2036221498                 /storage/home/hcoda1/4/hyu483/conda_envs/qgis332/lib/libQt5Sql.so.5.15.15
15553598f000-1555359a3000 r-xp 00013000 00:30 2036221498                 /storage/home/hcoda1/4/hyu483/conda_envs/qgis332/lib/libQt5Sql.so.5.15.15
1555359a3000-1555359ad000 r--p 00027000 00:30 2036221498                 /storage/home/hcoda1/4/hyu483/conda_envs/qgis332/lib/libQt5Sql.so.5.15.15
1555359ad000-1555359af000 r--p 00030000 00:30 2036221498                 /storage/home/hcoda1/4/hyu483/conda_envs/qgis332/lib/libQt5Sql.so.5.15.15
1555359af000-1555359b0000 rw-p 00032000 00:30 2036221498                 /storage/home/hcoda1/4/hyu483/conda_envs/qgis332/lib/libQt5Sql.so.5.15.15
1555359b0000-1555359cc000 r--p 00000000 00:30 2036222195                 /storage/home/hcoda1/4/hyu483/conda_envs/qgis332/lib/libQt5Svg.so.5.15.15
1555359cc000-1555359ed000 r-xp 0001c000 00:30 2036222195                 /storage/home/hcoda1/4/hyu483/conda_envs/qgis332/lib/libQt5Svg.so.5.15.15
1555359ed000-1555359f9000 r--p 0003d000 00:30 2036222195                 /storage/home/hcoda1/4/hyu483/conda_envs/qgis332/lib/libQt5Svg.so.5.15.15
1555359f9000-1555359fb000 r--p 00049000 00:30 2036222195                 /storage/home/hcoda1/4/hyu483/conda_envs/qgis332/lib/libQt5Svg.so.5.15.15
1555359fb000-1555359fc000 rw-p 0004b000 00:30 2036222195                 /storage/home/hcoda1/4/hyu483/conda_envs/qgis332/lib/libQt5Svg.so.5.15.15
1555359fc000-155535a09000 r--p 00000000 00:30 2036218684                 /storage/home/hcoda1/4/hyu483/conda_envs/qgis332/lib/libQt5MultimediaWidgets.so.5.15.15
155535a09000-155535a11000 r-xp 0000d000 00:30 2036218684                 /storage/home/hcoda1/4/hyu483/conda_envs/qgis332/lib/libQt5MultimediaWidgets.so.5.15.15
155535a11000-155535a17000 r--p 00015000 00:30 2036218684                 /storage/home/hcoda1/4/hyu483/conda_envs/qgis332/lib/libQt5MultimediaWidgets.so.5.15.15
155535a17000-155535a19000 r--p 0001b000 00:30 2036218684                 /storage/home/hcoda1/4/hyu483/conda_envs/qgis332/lib/libQt5MultimediaWidgets.so.5.15.15
155535a19000-155535a1a000 rw-p 0001d000 00:30 2036218684                 /storage/home/hcoda1/4/hyu483/conda_envs/qgis332/lib/libQt5MultimediaWidgets.so.5.15.15
155535a1a000-155535a24000 r--p 00000000 00:30 2036220084                 /storage/home/hcoda1/4/hyu483/conda_envs/qgis332/lib/libQt5QuickWidgets.so.5.15.15
155535a24000-155535a29000 r-xp 0000a000 00:30 2036220084                 /storage/home/hcoda1/4/hyu483/conda_envs/qgis332/lib/libQt5QuickWidgets.so.5.15.15
155535a29000-155535a2c000 r--p 0000f000 00:30 2036220084                 /storage/home/hcoda1/4/hyu483/conda_envs/qgis332/lib/libQt5QuickWidgets.so.5.15.15
155535a2c000-155535a2d000 r--p 00011000 00:30 2036220084                 /storage/home/hcoda1/4/hyu483/conda_envs/qgis332/lib/libQt5QuickWidgets.so.5.15.15
155535a2d000-155535a2e000 rw-p 00012000 00:30 2036220084                 /storage/home/hcoda1/4/hyu483/conda_envs/qgis332/lib/libQt5QuickWidgets.so.5.15.15
155535a2e000-155535ab9000 r--p 00000000 00:30 1889086906                 /storage/home/hcoda1/4/hyu483/conda_envs/qgis332/lib/libqwt.so.6.3.0
155535ab9000-155535b84000 r-xp 0008b000 00:30 1889086906                 /storage/home/hcoda1/4/hyu483/conda_envs/qgis332/lib/libqwt.so.6.3.0
155535b84000-155535bc6000 r--p 00156000 00:30 1889086906                 /storage/home/hcoda1/4/hyu483/conda_envs/qgis332/lib/libqwt.so.6.3.0
155535bc6000-155535bd2000 r--p 00197000 00:30 1889086906                 /storage/home/hcoda1/4/hyu483/conda_envs/qgis332/lib/libqwt.so.6.3.0
155535bd2000-155535bd7000 rw-p 001a3000 00:30 1889086906                 /storage/home/hcoda1/4/hyu483/conda_envs/qgis332/lib/libqwt.so.6.3.0
155535bd7000-155535bdc000 r--p 00000000 00:30 1902568261                 /storage/home/hcoda1/4/hyu483/conda_envs/qgis332/lib/libqgis_native.so.3.40.3
155535bdc000-155535be6000 r-xp 00005000 00:30 1902568261                 /storage/home/hcoda1/4/hyu483/conda_envs/qgis332/lib/libqgis_native.so.3.40.3
155535be6000-155535be9000 r--p 0000f000 00:30 1902568261                 /storage/home/hcoda1/4/hyu483/conda_envs/qgis332/lib/libqgis_native.so.3.40.3
155535be9000-155535bea000 r--p 00011000 00:30 1902568261                 /storage/home/hcoda1/4/hyu483/conda_envs/qgis332/lib/libqgis_native.so.3.40.3
155535bea000-155535beb000 rw-p 00012000 00:30 1902568261                 /storage/home/hcoda1/4/hyu483/conda_envs/qgis332/lib/libqgis_native.so.3.40.3
155535beb000-155535c2f000 r--p 00000000 00:30 2036218706                 /storage/home/hcoda1/4/hyu483/conda_envs/qgis332/lib/libQt5Network.so.5.15.15
155535c2f000-155535cc5000 r-xp 00044000 00:30 2036218706                 /storage/home/hcoda1/4/hyu483/conda_envs/qgis332/lib/libQt5Network.so.5.15.15
155535cc5000-155535d18000 r--p 000da000 00:30 2036218706                 /storage/home/hcoda1/4/hyu483/conda_envs/qgis332/lib/libQt5Network.so.5.15.15
155535d18000-155535d1e000 r--p 0012d000 00:30 2036218706                 /storage/home/hcoda1/4/hyu483/conda_envs/qgis332/lib/libQt5Network.so.5.15.15
155535d1e000-155535d21000 rw-p 00133000 00:30 2036218706                 /storage/home/hcoda1/4/hyu483/conda_envs/qgis332/lib/libQt5Network.so.5.15.15
155535d21000-155535d69000 r--p 00000000 00:30 2036218665                 /storage/home/hcoda1/4/hyu483/conda_envs/qgis332/lib/libQt5Multimedia.so.5.15.15
155535d69000-155535da4000 r-xp 00048000 00:30 2036218665                 /storage/home/hcoda1/4/hyu483/conda_envs/qgis332/lib/libQt5Multimedia.so.5.15.15
155535da4000-155535dd9000 r--p 00083000 00:30 2036218665                 /storage/home/hcoda1/4/hyu483/conda_envs/qgis332/lib/libQt5Multimedia.so.5.15.15
155535dd9000-155535de1000 r--p 000b8000 00:30 2036218665                 /storage/home/hcoda1/4/hyu483/conda_envs/qgis332/lib/libQt5Multimedia.so.5.15.15
155535de1000-155535de2000 rw-p 000c0000 00:30 2036218665                 /storage/home/hcoda1/4/hyu483/conda_envs/qgis332/lib/libQt5Multimedia.so.5.15.15
155535de2000-155535de3000 rw-p 00000000 00:00 0 
155535de3000-155535e48000 r--p 00000000 00:30 1940392821                 /storage/home/hcoda1/4/hyu483/conda_envs/qgis332/lib/libqscintilla2_qt5.so.15.2.1
155535e48000-1555360c4000 r-xp 00065000 00:30 1940392821                 /storage/home/hcoda1/4/hyu483/conda_envs/qgis332/lib/libqscintilla2_qt5.so.15.2.1
1555360c4000-155536148000 r--p 002e1000 00:30 1940392821                 /storage/home/hcoda1/4/hyu483/conda_envs/qgis332/lib/libqscintilla2_qt5.so.15.2.1
155536148000-155536156000 r--p 00365000 00:30 1940392821                 /storage/home/hcoda1/4/hyu483/conda_envs/qgis332/lib/libqscintilla2_qt5.so.15.2.1
155536156000-15553615b000 rw-p 00373000 00:30 1940392821                 /storage/home/hcoda1/4/hyu483/conda_envs/qgis332/lib/libqscintilla2_qt5.so.15.2.1
15553615b000-15553615e000 rw-p 00000000 00:00 0 
15553615e000-155536244000 r--p 00000000 00:30 2036218636                 /storage/home/hcoda1/4/hyu483/conda_envs/qgis332/lib/libQt5Gui.so.5.15.15
155536244000-15553646d000 r-xp 000e6000 00:30 2036218636                 /storage/home/hcoda1/4/hyu483/conda_envs/qgis332/lib/libQt5Gui.so.5.15.15
15553646d000-155536561000 r--p 0030f000 00:30 2036218636                 /storage/home/hcoda1/4/hyu483/conda_envs/qgis332/lib/libQt5Gui.so.5.15.15
155536561000-155536571000 r--p 00403000 00:30 2036218636                 /storage/home/hcoda1/4/hyu483/conda_envs/qgis332/lib/libQt5Gui.so.5.15.15
155536571000-155536575000 rw-p 00413000 00:30 2036218636                 /storage/home/hcoda1/4/hyu483/conda_envs/qgis332/lib/libQt5Gui.so.5.15.15
155536575000-155536580000 rw-p 00000000 00:00 0 
155536580000-1555366dc000 r--p 00000000 00:30 2036222322                 /storage/home/hcoda1/4/hyu483/conda_envs/qgis332/lib/libQt5Widgets.so.5.15.15
1555366dc000-155536924000 r-xp 0015c000 00:30 2036222322                 /storage/home/hcoda1/4/hyu483/conda_envs/qgis332/lib/libQt5Widgets.so.5.15.15
155536924000-155536a85000 r--p 003a4000 00:30 2036222322                 /storage/home/hcoda1/4/hyu483/conda_envs/qgis332/lib/libQt5Widgets.so.5.15.15
155536a85000-155536ab2000 r--p 00505000 00:30 2036222322                 /storage/home/hcoda1/4/hyu483/conda_envs/qgis332/lib/libQt5Widgets.so.5.15.15
155536ab2000-155536ab7000 rw-p 00532000 00:30 2036222322                 /storage/home/hcoda1/4/hyu483/conda_envs/qgis332/lib/libQt5Widgets.so.5.15.15
155536ab7000-155536b0c000 r--p 00000000 00:30 1885650896                 /storage/home/hcoda1/4/hyu483/conda_envs/qgis332/lib/libqca-qt5.so.2.3.7
155536b0c000-155536b9b000 r-xp 00055000 00:30 1885650896                 /storage/home/hcoda1/4/hyu483/conda_envs/qgis332/lib/libqca-qt5.so.2.3.7
155536b9b000-155536bd3000 r--p 000e4000 00:30 1885650896                 /storage/home/hcoda1/4/hyu483/conda_envs/qgis332/lib/libqca-qt5.so.2.3.7
155536bd3000-155536bdd000 r--p 0011c000 00:30 1885650896                 /storage/home/hcoda1/4/hyu483/conda_envs/qgis332/lib/libqca-qt5.so.2.3.7
155536bdd000-155536bde000 rw-p 00126000 00:30 1885650896                 /storage/home/hcoda1/4/hyu483/conda_envs/qgis332/lib/libqca-qt5.so.2.3.7
155536bde000-155536bf0000 r--p 00000000 00:30 2036222370                 /storage/home/hcoda1/4/hyu483/conda_envs/qgis332/lib/libQt5Xml.so.5.15.15
155536bf0000-155536c06000 r-xp 00012000 00:30 2036222370                 /storage/home/hcoda1/4/hyu483/conda_envs/qgis332/lib/libQt5Xml.so.5.15.15
155536c06000-155536c11000 r--p 00028000 00:30 2036222370                 /storage/home/hcoda1/4/hyu483/conda_envs/qgis332/lib/libQt5Xml.so.5.15.15
155536c11000-155536c13000 r--p 00033000 00:30 2036222370                 /storage/home/hcoda1/4/hyu483/conda_envs/qgis332/lib/libQt5Xml.so.5.15.15
155536c13000-155536c14000 rw-p 00035000 00:30 2036222370                 /storage/home/hcoda1/4/hyu483/conda_envs/qgis332/lib/libQt5Xml.so.5.15.15
155536c14000-155537006000 r--p 00000000 00:30 1902568256                 /storage/home/hcoda1/4/hyu483/conda_envs/qgis332/lib/libqgis_core.so.3.40.3
155537006000-1555387c1000 r-xp 003f2000 00:30 1902568256                 /storage/home/hcoda1/4/hyu483/conda_envs/qgis332/lib/libqgis_core.so.3.40.3
1555387c1000-155539383000 r--p 01bad000 00:30 1902568256                 /storage/home/hcoda1/4/hyu483/conda_envs/qgis332/lib/libqgis_core.so.3.40.3
155539383000-1555393f4000 r--p 0276f000 00:30 1902568256                 /storage/home/hcoda1/4/hyu483/conda_envs/qgis332/lib/libqgis_core.so.3.40.3
1555393f4000-1555393f6000 rw-p 027e0000 00:30 1902568256                 /storage/home/hcoda1/4/hyu483/conda_envs/qgis332/lib/libqgis_core.so.3.40.3
1555393f6000-1555393f8000 rw-p 00000000 00:00 0 
1555393f8000-1555398de000 r--p 00000000 00:30 1902568259                 /storage/home/hcoda1/4/hyu483/conda_envs/qgis332/lib/libqgis_gui.so.3.40.3
1555398de000-15553a896000 r-xp 004e6000 00:30 1902568259                 /storage/home/hcoda1/4/hyu483/conda_envs/qgis332/lib/libqgis_gui.so.3.40.3
15553a896000-15553ad3e000 r--p 0149e000 00:30 1902568259                 /storage/home/hcoda1/4/hyu483/conda_envs/qgis332/lib/libqgis_gui.so.3.40.3
15553ad3e000-15553ae0d000 r--p 01946000 00:30 1902568259                 /storage/home/hcoda1/4/hyu483/conda_envs/qgis332/lib/libqgis_gui.so.3.40.3
15553ae0d000-15553ae0e000 rw-p 01a15000 00:30 1902568259                 /storage/home/hcoda1/4/hyu483/conda_envs/qgis332/lib/libqgis_gui.so.3.40.3
15553ae0e000-15553ae0f000 rw-p 00000000 00:00 0 
15553ae0f000-15553af00000 r--p 00000000 00:30 1883928228                 /storage/home/hcoda1/4/hyu483/conda_envs/qgis332/lib/libpython3.11.so.1.0
15553af00000-15553b143000 r-xp 000f1000 00:30 1883928228                 /storage/home/hcoda1/4/hyu483/conda_envs/qgis332/lib/libpython3.11.so.1.0
15553b143000-15553b230000 r--p 00334000 00:30 1883928228                 /storage/home/hcoda1/4/hyu483/conda_envs/qgis332/lib/libpython3.11.so.1.0
15553b230000-15553b25f000 r--p 00421000 00:30 1883928228                 /storage/home/hcoda1/4/hyu483/conda_envs/qgis332/lib/libpython3.11.so.1.0
15553b25f000-15553b390000 rw-p 00450000 00:30 1883928228                 /storage/home/hcoda1/4/hyu483/conda_envs/qgis332/lib/libpython3.11.so.1.0
15553b390000-15553b3d2000 rw-p 00000000 00:00 0 
15553b3d2000-15553beb4000 r--p 00000000 00:30 1889088350                 /storage/home/hcoda1/4/hyu483/conda_envs/qgis332/share/qgis/python/qgis/_gui.so
15553beb4000-15553dafe000 r-xp 00ae2000 00:30 1889088350                 /storage/home/hcoda1/4/hyu483/conda_envs/qgis332/share/qgis/python/qgis/_gui.so
15553dafe000-15553e785000 r--p 0272c000 00:30 1889088350                 /storage/home/hcoda1/4/hyu483/conda_envs/qgis332/share/qgis/python/qgis/_gui.so
15553e785000-15553e823000 r--p 033b2000 00:30 1889088350                 /storage/home/hcoda1/4/hyu483/conda_envs/qgis332/share/qgis/python/qgis/_gui.so
15553e823000-15553e97b000 rw-p 03450000 00:30 1889088350                 /storage/home/hcoda1/4/hyu483/conda_envs/qgis332/share/qgis/python/qgis/_gui.so
15553e97b000-15553e97e000 rw-p 00000000 00:00 0 
15553e97e000-15553e985000 r--p 00000000 00:30 1883955979                 /storage/home/hcoda1/4/hyu483/conda_envs/qgis332/lib/python3.11/site-packages/PyQt5/sip.cpython-311-x86_64-linux-gnu.so
15553e985000-15553e99a000 r-xp 00007000 00:30 1883955979                 /storage/home/hcoda1/4/hyu483/conda_envs/qgis332/lib/python3.11/site-packages/PyQt5/sip.cpython-311-x86_64-linux-gnu.so
15553e99a000-15553e9a1000 r--p 0001c000 00:30 1883955979                 /storage/home/hcoda1/4/hyu483/conda_envs/qgis332/lib/python3.11/site-packages/PyQt5/sip.cpython-311-x86_64-linux-gnu.so
15553e9a1000-15553e9a2000 r--p 00023000 00:30 1883955979                 /storage/home/hcoda1/4/hyu483/conda_envs/qgis332/lib/python3.11/site-packages/PyQt5/sip.cpython-311-x86_64-linux-gnu.so
15553e9a2000-15553e9a4000 rw-p 00024000 00:30 1883955979                 /storage/home/hcoda1/4/hyu483/conda_envs/qgis332/lib/python3.11/site-packages/PyQt5/sip.cpython-311-x86_64-linux-gnu.so
15553e9a4000-15553e9c5000 r--p 00000000 00:30 2085784170                 /storage/home/hcoda1/4/hyu483/conda_envs/qgis332/lib/libglib-2.0.so.0.8400.1
15553e9c5000-15553ea60000 r-xp 00021000 00:30 2085784170                 /storage/home/hcoda1/4/hyu483/conda_envs/qgis332/lib/libglib-2.0.so.0.8400.1
15553ea60000-15553eaf4000 r--p 000bc000 00:30 2085784170                 /storage/home/hcoda1/4/hyu483/conda_envs/qgis332/lib/libglib-2.0.so.0.8400.1
15553eaf4000-15553eaf5000 r--p 00150000 00:30 2085784170                 /storage/home/hcoda1/4/hyu483/conda_envs/qgis332/lib/libglib-2.0.so.0.8400.1
15553eaf5000-15553eaf6000 rw-p 00151000 00:30 2085784170                 /storage/home/hcoda1/4/hyu483/conda_envs/qgis332/lib/libglib-2.0.so.0.8400.1
15553eaf6000-15553eaf7000 rw-p 00000000 00:00 0 
15553eaf7000-15553eaf8000 r--p 00000000 00:30 1932632623                 /storage/home/hcoda1/4/hyu483/conda_envs/qgis332/lib/libgthread-2.0.so.0.8400.1
15553eaf8000-15553eaf9000 r-xp 00001000 00:30 1932632623                 /storage/home/hcoda1/4/hyu483/conda_envs/qgis332/lib/libgthread-2.0.so.0.8400.1
15553eaf9000-15553eafa000 r--p 00002000 00:30 1932632623                 /storage/home/hcoda1/4/hyu483/conda_envs/qgis332/lib/libgthread-2.0.so.0.8400.1
15553eafa000-15553eafb000 r--p 00002000 00:30 1932632623                 /storage/home/hcoda1/4/hyu483/conda_envs/qgis332/lib/libgthread-2.0.so.0.8400.1
15553eafb000-15553eafc000 rw-p 00003000 00:30 1932632623                 /storage/home/hcoda1/4/hyu483/conda_envs/qgis332/lib/libgthread-2.0.so.0.8400.1
15553eafc000-15553eb93000 r--p 00000000 00:30 2085794865                 /storage/home/hcoda1/4/hyu483/conda_envs/qgis332/lib/libQt5Core.so.5.15.15
15553eb93000-15553ed6e000 r-xp 00097000 00:30 2085794865                 /storage/home/hcoda1/4/hyu483/conda_envs/qgis332/lib/libQt5Core.so.5.15.15
15553ed6e000-15553ef70000 r--p 00272000 00:30 2085794865                 /storage/home/hcoda1/4/hyu483/conda_envs/qgis332/lib/libQt5Core.so.5.15.15
15553ef70000-15553ef7d000 r--p 00473000 00:30 2085794865                 /storage/home/hcoda1/4/hyu483/conda_envs/qgis332/lib/libQt5Core.so.5.15.15
15553ef7d000-15553ef7f000 rw-p 00480000 00:30 2085794865                 /storage/home/hcoda1/4/hyu483/conda_envs/qgis332/lib/libQt5Core.so.5.15.15
15553ef7f000-15553ef83000 rw-p 00000000 00:00 0 
15553ef83000-15553f031000 r--p 00000000 00:30 1883959857                 /storage/home/hcoda1/4/hyu483/conda_envs/qgis332/lib/python3.11/site-packages/PyQt5/QtCore.abi3.so
15553f031000-15553f18d000 r-xp 000ae000 00:30 1883959857                 /storage/home/hcoda1/4/hyu483/conda_envs/qgis332/lib/python3.11/site-packages/PyQt5/QtCore.abi3.so
15553f18d000-15553f24a000 r--p 0020a000 00:30 1883959857                 /storage/home/hcoda1/4/hyu483/conda_envs/qgis332/lib/python3.11/site-packages/PyQt5/QtCore.abi3.so
15553f24a000-15553f24f000 r--p 002c6000 00:30 1883959857                 /storage/home/hcoda1/4/hyu483/conda_envs/qgis332/lib/python3.11/site-packages/PyQt5/QtCore.abi3.so
15553f24f000-15553f299000 rw-p 002cb000 00:30 1883959857                 /storage/home/hcoda1/4/hyu483/conda_envs/qgis332/lib/python3.11/site-packages/PyQt5/QtCore.abi3.so
15553f299000-15553f29a000 rw-p 00000000 00:00 0 
15553f29a000-15553f29b000 rw-s 00000000 00:63 265                        /dev/shm/sem.mp-slgjuw36 (deleted)
15553f29b000-15553f29c000 rw-s 00000000 00:63 264                        /dev/shm/sem.mp-9tcpoui4 (deleted)
15553f29c000-15553f79c000 rw-p 00000000 00:00 0 
15553f79c000-15553f79e000 r--p 00000000 00:30 1917423856                 /storage/home/hcoda1/4/hyu483/conda_envs/qgis332/lib/libuuid.so.1.3.0
15553f79e000-15553f7a2000 r-xp 00002000 00:30 1917423856                 /storage/home/hcoda1/4/hyu483/conda_envs/qgis332/lib/libuuid.so.1.3.0
15553f7a2000-15553f7a3000 r--p 00006000 00:30 1917423856                 /storage/home/hcoda1/4/hyu483/conda_envs/qgis332/lib/libuuid.so.1.3.0
15553f7a3000-15553f7a4000 r--p 00006000 00:30 1917423856                 /storage/home/hcoda1/4/hyu483/conda_envs/qgis332/lib/libuuid.so.1.3.0
15553f7a4000-15553f7a5000 rw-p 00007000 00:30 1917423856                 /storage/home/hcoda1/4/hyu483/conda_envs/qgis332/lib/libuuid.so.1.3.0
15553f7a5000-15553f7a8000 r--p 00000000 00:30 1883947907                 /storage/home/hcoda1/4/hyu483/conda_envs/qgis332/lib/python3.11/lib-dynload/unicodedata.cpython-311-x86_64-linux-gnu.so
15553f7a8000-15553f7ab000 r-xp 00003000 00:30 1883947907                 /storage/home/hcoda1/4/hyu483/conda_envs/qgis332/lib/python3.11/lib-dynload/unicodedata.cpython-311-x86_64-linux-gnu.so
15553f7ab000-15553f8b7000 r--p 00006000 00:30 1883947907                 /storage/home/hcoda1/4/hyu483/conda_envs/qgis332/lib/python3.11/lib-dynload/unicodedata.cpython-311-x86_64-linux-gnu.so
15553f8b7000-15553f8b8000 r--p 00112000 00:30 1883947907                 /storage/home/hcoda1/4/hyu483/conda_envs/qgis332/lib/python3.11/lib-dynload/unicodedata.cpython-311-x86_64-linux-gnu.so
15553f8b8000-15553f8b9000 rw-p 00113000 00:30 1883947907                 /storage/home/hcoda1/4/hyu483/conda_envs/qgis332/lib/python3.11/lib-dynload/unicodedata.cpython-311-x86_64-linux-gnu.so
15553f8b9000-15553f9b9000 rw-p 00000000 00:00 0 
15553f9b9000-15553f9be000 r--p 00000000 00:30 1883947900                 /storage/home/hcoda1/4/hyu483/conda_envs/qgis332/lib/python3.11/lib-dynload/pyexpat.cpython-311-x86_64-linux-gnu.so
15553f9be000-15553f9c3000 r-xp 00005000 00:30 1883947900                 /storage/home/hcoda1/4/hyu483/conda_envs/qgis332/lib/python3.11/lib-dynload/pyexpat.cpython-311-x86_64-linux-gnu.so
15553f9c3000-15553f9c7000 r--p 0000a000 00:30 1883947900                 /storage/home/hcoda1/4/hyu483/conda_envs/qgis332/lib/python3.11/lib-dynload/pyexpat.cpython-311-x86_64-linux-gnu.so
15553f9c7000-15553f9c8000 r--p 0000d000 00:30 1883947900                 /storage/home/hcoda1/4/hyu483/conda_envs/qgis332/lib/python3.11/lib-dynload/pyexpat.cpython-311-x86_64-linux-gnu.so
15553f9c8000-15553f9ca000 rw-p 0000e000 00:30 1883947900                 /storage/home/hcoda1/4/hyu483/conda_envs/qgis332/lib/python3.11/lib-dynload/pyexpat.cpython-311-x86_64-linux-gnu.so
15553f9ca000-15553fdca000 rw-p 00000000 00:00 0 
15553fdca000-15553fdcf000 r--p 00000000 00:30 1883947835                 /storage/home/hcoda1/4/hyu483/conda_envs/qgis332/lib/python3.11/lib-dynload/_asyncio.cpython-311-x86_64-linux-gnu.so
15553fdcf000-15553fdd4000 r-xp 00005000 00:30 1883947835                 /storage/home/hcoda1/4/hyu483/conda_envs/qgis332/lib/python3.11/lib-dynload/_asyncio.cpython-311-x86_64-linux-gnu.so
15553fdd4000-15553fdd8000 r--p 0000a000 00:30 1883947835                 /storage/home/hcoda1/4/hyu483/conda_envs/qgis332/lib/python3.11/lib-dynload/_asyncio.cpython-311-x86_64-linux-gnu.so
15553fdd8000-15553fdd9000 r--p 0000d000 00:30 1883947835                 /storage/home/hcoda1/4/hyu483/conda_envs/qgis332/lib/python3.11/lib-dynload/_asyncio.cpython-311-x86_64-linux-gnu.so
15553fdd9000-15553fddb000 rw-p 0000e000 00:30 1883947835                 /storage/home/hcoda1/4/hyu483/conda_envs/qgis332/lib/python3.11/lib-dynload/_asyncio.cpython-311-x86_64-linux-gnu.so
15553fddb000-15553fedb000 rw-p 00000000 00:00 0 
15553fedb000-15553feee000 r--p 00000000 00:30 1883947875                 /storage/home/hcoda1/4/hyu483/conda_envs/qgis332/lib/python3.11/lib-dynload/_ssl.cpython-311-x86_64-linux-gnu.so
15553feee000-15553fef8000 r-xp 00013000 00:30 1883947875                 /storage/home/hcoda1/4/hyu483/conda_envs/qgis332/lib/python3.11/lib-dynload/_ssl.cpython-311-x86_64-linux-gnu.so
15553fef8000-15553ff06000 r--p 0001d000 00:30 1883947875                 /storage/home/hcoda1/4/hyu483/conda_envs/qgis332/lib/python3.11/lib-dynload/_ssl.cpython-311-x86_64-linux-gnu.so
15553ff06000-15553ff07000 r--p 0002b000 00:30 1883947875                 /storage/home/hcoda1/4/hyu483/conda_envs/qgis332/lib/python3.11/lib-dynload/_ssl.cpython-311-x86_64-linux-gnu.so
15553ff07000-15553ff0f000 rw-p 0002c000 00:30 1883947875                 /storage/home/hcoda1/4/hyu483/conda_envs/qgis332/lib/python3.11/lib-dynload/_ssl.cpython-311-x86_64-linux-gnu.so
15553ff0f000-15553ff17000 r--p 00000000 00:30 1883947874                 /storage/home/hcoda1/4/hyu483/conda_envs/qgis332/lib/python3.11/lib-dynload/_sqlite3.cpython-311-x86_64-linux-gnu.so
15553ff17000-15553ff25000 r-xp 00008000 00:30 1883947874                 /storage/home/hcoda1/4/hyu483/conda_envs/qgis332/lib/python3.11/lib-dynload/_sqlite3.cpython-311-x86_64-linux-gnu.so
15553ff25000-15553ff2c000 r--p 00016000 00:30 1883947874                 /storage/home/hcoda1/4/hyu483/conda_envs/qgis332/lib/python3.11/lib-dynload/_sqlite3.cpython-311-x86_64-linux-gnu.so
15553ff2c000-15553ff2e000 r--p 0001c000 00:30 1883947874                 /storage/home/hcoda1/4/hyu483/conda_envs/qgis332/lib/python3.11/lib-dynload/_sqlite3.cpython-311-x86_64-linux-gnu.so
15553ff2e000-15553ff30000 rw-p 0001e000 00:30 1883947874                 /storage/home/hcoda1/4/hyu483/conda_envs/qgis332/lib/python3.11/lib-dynload/_sqlite3.cpython-311-x86_64-linux-gnu.so
15553ff30000-155540130000 rw-p 00000000 00:00 0 
155540130000-155540131000 r--p 00000000 fd:00 67240389                   /usr/lib/locale/C.utf8/LC_NAME
155540131000-155540132000 r--p 00000000 fd:00 67240514                   /usr/lib/locale/C.utf8/LC_ADDRESS
155540132000-155540133000 r--p 00000000 fd:00 67240392                   /usr/lib/locale/C.utf8/LC_TELEPHONE
155540133000-155540134000 r--p 00000000 fd:00 67240387                   /usr/lib/locale/C.utf8/LC_MEASUREMENT
155540134000-155540135000 r--p 00000000 fd:00 67240386                   /usr/lib/locale/C.utf8/LC_IDENTIFICATION
155540135000-155540138000 r--p 00000000 00:30 1883952743                 /storage/home/hcoda1/4/hyu483/conda_envs/qgis332/lib/python3.11/site-packages/numpy/random/_philox.cpython-311-x86_64-linux-gnu.so
155540138000-155540142000 r-xp 00003000 00:30 1883952743                 /storage/home/hcoda1/4/hyu483/conda_envs/qgis332/lib/python3.11/site-packages/numpy/random/_philox.cpython-311-x86_64-linux-gnu.so
155540142000-155540146000 r--p 0000d000 00:30 1883952743                 /storage/home/hcoda1/4/hyu483/conda_envs/qgis332/lib/python3.11/site-packages/numpy/random/_philox.cpython-311-x86_64-linux-gnu.so
155540146000-155540147000 r--p 00011000 00:30 1883952743                 /storage/home/hcoda1/4/hyu483/conda_envs/qgis332/lib/python3.11/site-packages/numpy/random/_philox.cpython-311-x86_64-linux-gnu.so
155540147000-155540148000 rw-p 00012000 00:30 1883952743                 /storage/home/hcoda1/4/hyu483/conda_envs/qgis332/lib/python3.11/site-packages/numpy/random/_philox.cpython-311-x86_64-linux-gnu.so
155540148000-15554014b000 r--p 00000000 00:30 1883952739                 /storage/home/hcoda1/4/hyu483/conda_envs/qgis332/lib/python3.11/site-packages/numpy/random/_mt19937.cpython-311-x86_64-linux-gnu.so
15554014b000-155540158000 r-xp 00003000 00:30 1883952739                 /storage/home/hcoda1/4/hyu483/conda_envs/qgis332/lib/python3.11/site-packages/numpy/random/_mt19937.cpython-311-x86_64-linux-gnu.so
155540158000-15554015d000 r--p 00010000 00:30 1883952739                 /storage/home/hcoda1/4/hyu483/conda_envs/qgis332/lib/python3.11/site-packages/numpy/random/_mt19937.cpython-311-x86_64-linux-gnu.so
15554015d000-15554015e000 r--p 00014000 00:30 1883952739                 /storage/home/hcoda1/4/hyu483/conda_envs/qgis332/lib/python3.11/site-packages/numpy/random/_mt19937.cpython-311-x86_64-linux-gnu.so
15554015e000-15554015f000 rw-p 00015000 00:30 1883952739                 /storage/home/hcoda1/4/hyu483/conda_envs/qgis332/lib/python3.11/site-packages/numpy/random/_mt19937.cpython-311-x86_64-linux-gnu.so
15554015f000-155540160000 r--p 00000000 00:30 1883952448                 /storage/home/hcoda1/4/hyu483/conda_envs/qgis332/lib/python3.11/site-packages/numpy/fft/_pocketfft_internal.cpython-311-x86_64-linux-gnu.so
155540160000-15554016f000 r-xp 00001000 00:30 1883952448                 /storage/home/hcoda1/4/hyu483/conda_envs/qgis332/lib/python3.11/site-packages/numpy/fft/_pocketfft_internal.cpython-311-x86_64-linux-gnu.so
15554016f000-155540171000 r--p 00010000 00:30 1883952448                 /storage/home/hcoda1/4/hyu483/conda_envs/qgis332/lib/python3.11/site-packages/numpy/fft/_pocketfft_internal.cpython-311-x86_64-linux-gnu.so
155540171000-155540172000 r--p 00011000 00:30 1883952448                 /storage/home/hcoda1/4/hyu483/conda_envs/qgis332/lib/python3.11/site-packages/numpy/fft/_pocketfft_internal.cpython-311-x86_64-linux-gnu.so
155540172000-155540173000 rw-p 00012000 00:30 1883952448                 /storage/home/hcoda1/4/hyu483/conda_envs/qgis332/lib/python3.11/site-packages/numpy/fft/_pocketfft_internal.cpython-311-x86_64-linux-gnu.so
155540173000-15554017a000 r--p 00000000 00:30 1883952590                 /storage/home/hcoda1/4/hyu483/conda_envs/qgis332/lib/python3.11/site-packages/numpy/linalg/_umath_linalg.cpython-311-x86_64-linux-gnu.so
15554017a000-15554019a000 r-xp 00007000 00:30 1883952590                 /storage/home/hcoda1/4/hyu483/conda_envs/qgis332/lib/python3.11/site-packages/numpy/linalg/_umath_linalg.cpython-311-x86_64-linux-gnu.so
15554019a000-15554019f000 r--p 00027000 00:30 1883952590                 /storage/home/hcoda1/4/hyu483/conda_envs/qgis332/lib/python3.11/site-packages/numpy/linalg/_umath_linalg.cpython-311-x86_64-linux-gnu.so
15554019f000-1555401a0000 r--p 0002c000 00:30 1883952590                 /storage/home/hcoda1/4/hyu483/conda_envs/qgis332/lib/python3.11/site-packages/numpy/linalg/_umath_linalg.cpython-311-x86_64-linux-gnu.so
1555401a0000-1555401a1000 rw-p 0002d000 00:30 1883952590                 /storage/home/hcoda1/4/hyu483/conda_envs/qgis332/lib/python3.11/site-packages/numpy/linalg/_umath_linalg.cpython-311-x86_64-linux-gnu.so
1555401a1000-1555401a8000 r--p 00000000 00:30 1883947848                 /storage/home/hcoda1/4/hyu483/conda_envs/qgis332/lib/python3.11/lib-dynload/_ctypes.cpython-311-x86_64-linux-gnu.so
1555401a8000-1555401b5000 r-xp 00007000 00:30 1883947848                 /storage/home/hcoda1/4/hyu483/conda_envs/qgis332/lib/python3.11/lib-dynload/_ctypes.cpython-311-x86_64-linux-gnu.so
1555401b5000-1555401bb000 r--p 00014000 00:30 1883947848                 /storage/home/hcoda1/4/hyu483/conda_envs/qgis332/lib/python3.11/lib-dynload/_ctypes.cpython-311-x86_64-linux-gnu.so
1555401bb000-1555401bc000 r--p 00019000 00:30 1883947848                 /storage/home/hcoda1/4/hyu483/conda_envs/qgis332/lib/python3.11/lib-dynload/_ctypes.cpython-311-x86_64-linux-gnu.so
1555401bc000-1555401c0000 rw-p 0001a000 00:30 1883947848                 /storage/home/hcoda1/4/hyu483/conda_envs/qgis332/lib/python3.11/lib-dynload/_ctypes.cpython-311-x86_64-linux-gnu.so
1555401c0000-1555401c9000 r--p 00000000 00:30 1883951431                 /storage/home/hcoda1/4/hyu483/conda_envs/qgis332/lib/python3.11/site-packages/numpy/core/_multiarray_tests.cpython-311-x86_64-linux-gnu.so
1555401c9000-1555401dc000 r-xp 00009000 00:30 1883951431                 /storage/home/hcoda1/4/hyu483/conda_envs/qgis332/lib/python3.11/site-packages/numpy/core/_multiarray_tests.cpython-311-x86_64-linux-gnu.so
1555401dc000-1555401e1000 r--p 0001c000 00:30 1883951431                 /storage/home/hcoda1/4/hyu483/conda_envs/qgis332/lib/python3.11/site-packages/numpy/core/_multiarray_tests.cpython-311-x86_64-linux-gnu.so
1555401e1000-1555401e2000 r--p 00021000 00:30 1883951431                 /storage/home/hcoda1/4/hyu483/conda_envs/qgis332/lib/python3.11/site-packages/numpy/core/_multiarray_tests.cpython-311-x86_64-linux-gnu.so
1555401e2000-1555401e3000 rw-p 00022000 00:30 1883951431                 /storage/home/hcoda1/4/hyu483/conda_envs/qgis332/lib/python3.11/site-packages/numpy/core/_multiarray_tests.cpython-311-x86_64-linux-gnu.so
1555401e3000-1555401e6000 r--p 00000000 00:30 1917435680                 /storage/home/hcoda1/4/hyu483/conda_envs/qgis332/lib/libquadmath.so.0.0.0
1555401e6000-155540203000 r-xp 00003000 00:30 1917435680                 /storage/home/hcoda1/4/hyu483/conda_envs/qgis332/lib/libquadmath.so.0.0.0
155540203000-155540219000 r--p 00020000 00:30 1917435680                 /storage/home/hcoda1/4/hyu483/conda_envs/qgis332/lib/libquadmath.so.0.0.0
155540219000-15554021a000 r--p 00036000 00:30 1917435680                 /storage/home/hcoda1/4/hyu483/conda_envs/qgis332/lib/libquadmath.so.0.0.0
15554021a000-15554021b000 rw-p 00037000 00:30 1917435680                 /storage/home/hcoda1/4/hyu483/conda_envs/qgis332/lib/libquadmath.so.0.0.0
15554021b000-15554031b000 rw-p 00000000 00:00 0 
15554031b000-15554031f000 r--p 00000000 00:30 1883947855                 /storage/home/hcoda1/4/hyu483/conda_envs/qgis332/lib/python3.11/lib-dynload/_hashlib.cpython-311-x86_64-linux-gnu.so
15554031f000-155540324000 r-xp 00004000 00:30 1883947855                 /storage/home/hcoda1/4/hyu483/conda_envs/qgis332/lib/python3.11/lib-dynload/_hashlib.cpython-311-x86_64-linux-gnu.so
155540324000-155540328000 r--p 00009000 00:30 1883947855                 /storage/home/hcoda1/4/hyu483/conda_envs/qgis332/lib/python3.11/lib-dynload/_hashlib.cpython-311-x86_64-linux-gnu.so
155540328000-155540329000 r--p 0000d000 00:30 1883947855                 /storage/home/hcoda1/4/hyu483/conda_envs/qgis332/lib/python3.11/lib-dynload/_hashlib.cpython-311-x86_64-linux-gnu.so
155540329000-15554032a000 rw-p 0000e000 00:30 1883947855                 /storage/home/hcoda1/4/hyu483/conda_envs/qgis332/lib/python3.11/lib-dynload/_hashlib.cpython-311-x86_64-linux-gnu.so
15554032a000-155540a2a000 rw-p 00000000 00:00 0 
155540a2a000-155540a36000 r--p 00000000 00:30 2007942052                 /storage/home/hcoda1/4/hyu483/conda_envs/qgis332/lib/python3.11/site-packages/osgeo/_osr.cpython-311-x86_64-linux-gnu.so
155540a36000-155540a75000 r-xp 0000c000 00:30 2007942052                 /storage/home/hcoda1/4/hyu483/conda_envs/qgis332/lib/python3.11/site-packages/osgeo/_osr.cpython-311-x86_64-linux-gnu.so
155540a75000-155540a98000 r--p 0004b000 00:30 2007942052                 /storage/home/hcoda1/4/hyu483/conda_envs/qgis332/lib/python3.11/site-packages/osgeo/_osr.cpython-311-x86_64-linux-gnu.so
155540a98000-155540a99000 r--p 0006e000 00:30 2007942052                 /storage/home/hcoda1/4/hyu483/conda_envs/qgis332/lib/python3.11/site-packages/osgeo/_osr.cpython-311-x86_64-linux-gnu.so
155540a99000-155540a9c000 rw-p 0006f000 00:30 2007942052                 /storage/home/hcoda1/4/hyu483/conda_envs/qgis332/lib/python3.11/site-packages/osgeo/_osr.cpython-311-x86_64-linux-gnu.so
155540a9c000-155540ab1000 r--p 00000000 00:30 2007942046                 /storage/home/hcoda1/4/hyu483/conda_envs/qgis332/lib/python3.11/site-packages/osgeo/_ogr.cpython-311-x86_64-linux-gnu.so
155540ab1000-155540b1d000 r-xp 00015000 00:30 2007942046                 /storage/home/hcoda1/4/hyu483/conda_envs/qgis332/lib/python3.11/site-packages/osgeo/_ogr.cpython-311-x86_64-linux-gnu.so
155540b1d000-155540b5e000 r--p 00081000 00:30 2007942046                 /storage/home/hcoda1/4/hyu483/conda_envs/qgis332/lib/python3.11/site-packages/osgeo/_ogr.cpython-311-x86_64-linux-gnu.so
155540b5e000-155540b60000 r--p 000c1000 00:30 2007942046                 /storage/home/hcoda1/4/hyu483/conda_envs/qgis332/lib/python3.11/site-packages/osgeo/_ogr.cpython-311-x86_64-linux-gnu.so
155540b60000-155540b65000 rw-p 000c3000 00:30 2007942046                 /storage/home/hcoda1/4/hyu483/conda_envs/qgis332/lib/python3.11/site-packages/osgeo/_ogr.cpython-311-x86_64-linux-gnu.so
155540b65000-155540c66000 rw-p 00000000 00:00 0 
155540c66000-155540c67000 rw-s 00000000 00:63 263                        /dev/shm/sem.mp-x9mx3s1j (deleted)
155540c67000-155540c69000 r--p 00000000 00:30 1883947837                 /storage/home/hcoda1/4/hyu483/conda_envs/qgis332/lib/python3.11/lib-dynload/_blake2.cpython-311-x86_64-linux-gnu.so
155540c69000-155540c70000 r-xp 00002000 00:30 1883947837                 /storage/home/hcoda1/4/hyu483/conda_envs/qgis332/lib/python3.11/lib-dynload/_blake2.cpython-311-x86_64-linux-gnu.so
155540c70000-155540c72000 r--p 00009000 00:30 1883947837                 /storage/home/hcoda1/4/hyu483/conda_envs/qgis332/lib/python3.11/lib-dynload/_blake2.cpython-311-x86_64-linux-gnu.so
155540c72000-155540c73000 r--p 0000a000 00:30 1883947837                 /storage/home/hcoda1/4/hyu483/conda_envs/qgis332/lib/python3.11/lib-dynload/_blake2.cpython-311-x86_64-linux-gnu.so
155540c73000-155540c74000 rw-p 0000b000 00:30 1883947837                 /storage/home/hcoda1/4/hyu483/conda_envs/qgis332/lib/python3.11/lib-dynload/_blake2.cpython-311-x86_64-linux-gnu.so
155540c74000-155540c77000 r--p 00000000 00:30 1883947847                 /storage/home/hcoda1/4/hyu483/conda_envs/qgis332/lib/python3.11/lib-dynload/_csv.cpython-311-x86_64-linux-gnu.so
155540c77000-155540c7b000 r-xp 00003000 00:30 1883947847                 /storage/home/hcoda1/4/hyu483/conda_envs/qgis332/lib/python3.11/lib-dynload/_csv.cpython-311-x86_64-linux-gnu.so
155540c7b000-155540c7e000 r--p 00007000 00:30 1883947847                 /storage/home/hcoda1/4/hyu483/conda_envs/qgis332/lib/python3.11/lib-dynload/_csv.cpython-311-x86_64-linux-gnu.so
155540c7e000-155540c7f000 r--p 00009000 00:30 1883947847                 /storage/home/hcoda1/4/hyu483/conda_envs/qgis332/lib/python3.11/lib-dynload/_csv.cpython-311-x86_64-linux-gnu.so
155540c7f000-155540c80000 rw-p 0000a000 00:30 1883947847                 /storage/home/hcoda1/4/hyu483/conda_envs/qgis332/lib/python3.11/lib-dynload/_csv.cpython-311-x86_64-linux-gnu.so
155540c80000-155540c87000 r--p 00000000 00:30 1883947853                 /storage/home/hcoda1/4/hyu483/conda_envs/qgis332/lib/python3.11/lib-dynload/_decimal.cpython-311-x86_64-linux-gnu.so
155540c87000-155540cb9000 r-xp 00007000 00:30 1883947853                 /storage/home/hcoda1/4/hyu483/conda_envs/qgis332/lib/python3.11/lib-dynload/_decimal.cpython-311-x86_64-linux-gnu.so
155540cb9000-155540cc9000 r--p 00039000 00:30 1883947853                 /storage/home/hcoda1/4/hyu483/conda_envs/qgis332/lib/python3.11/lib-dynload/_decimal.cpython-311-x86_64-linux-gnu.so
155540cc9000-155540cca000 r--p 00049000 00:30 1883947853                 /storage/home/hcoda1/4/hyu483/conda_envs/qgis332/lib/python3.11/lib-dynload/_decimal.cpython-311-x86_64-linux-gnu.so
155540cca000-155540ccd000 rw-p 0004a000 00:30 1883947853                 /storage/home/hcoda1/4/hyu483/conda_envs/qgis332/lib/python3.11/lib-dynload/_decimal.cpython-311-x86_64-linux-gnu.so
155540ccd000-155540cda000 r--p 00000000 00:30 1932649910                 /storage/home/hcoda1/4/hyu483/conda_envs/qgis332/lib/libminizip.so.4.0.10
155540cda000-155540cec000 r-xp 0000d000 00:30 1932649910                 /storage/home/hcoda1/4/hyu483/conda_envs/qgis332/lib/libminizip.so.4.0.10
155540cec000-155540cf2000 r--p 0001f000 00:30 1932649910                 /storage/home/hcoda1/4/hyu483/conda_envs/qgis332/lib/libminizip.so.4.0.10
155540cf2000-155540cf3000 r--p 00025000 00:30 1932649910                 /storage/home/hcoda1/4/hyu483/conda_envs/qgis332/lib/libminizip.so.4.0.10
155540cf3000-155540cf4000 rw-p 00026000 00:30 1932649910                 /storage/home/hcoda1/4/hyu483/conda_envs/qgis332/lib/libminizip.so.4.0.10
155540cf4000-155540cf8000 r--p 00000000 fd:00 33554588                   /usr/lib64/libresolv.so.2
155540cf8000-155540d01000 r-xp 00004000 fd:00 33554588                   /usr/lib64/libresolv.so.2
155540d01000-155540d04000 r--p 0000d000 fd:00 33554588                   /usr/lib64/libresolv.so.2
155540d04000-155540d05000 r--p 0000f000 fd:00 33554588                   /usr/lib64/libresolv.so.2
155540d05000-155540d06000 rw-p 00010000 fd:00 33554588                   /usr/lib64/libresolv.so.2
155540d06000-155540d08000 rw-p 00000000 00:00 0 
155540d08000-155540d09000 rw-s 00000000 00:63 262                        /dev/shm/sem.mp-aaj7sjj4 (deleted)
155540d09000-155540d0b000 r--p 00000000 00:30 1883947858                 /storage/home/hcoda1/4/hyu483/conda_envs/qgis332/lib/python3.11/lib-dynload/_lsprof.cpython-311-x86_64-linux-gnu.so
155540d0b000-155540d0d000 r-xp 00002000 00:30 1883947858                 /storage/home/hcoda1/4/hyu483/conda_envs/qgis332/lib/python3.11/lib-dynload/_lsprof.cpython-311-x86_64-linux-gnu.so
155540d0d000-155540d0e000 r--p 00004000 00:30 1883947858                 /storage/home/hcoda1/4/hyu483/conda_envs/qgis332/lib/python3.11/lib-dynload/_lsprof.cpython-311-x86_64-linux-gnu.so
155540d0e000-155540d0f000 r--p 00005000 00:30 1883947858                 /storage/home/hcoda1/4/hyu483/conda_envs/qgis332/lib/python3.11/lib-dynload/_lsprof.cpython-311-x86_64-linux-gnu.so
155540d0f000-155540d10000 rw-p 00006000 00:30 1883947858                 /storage/home/hcoda1/4/hyu483/conda_envs/qgis332/lib/python3.11/lib-dynload/_lsprof.cpython-311-x86_64-linux-gnu.so
155540d10000-155540d12000 r--p 00000000 00:30 2007942029                 /storage/home/hcoda1/4/hyu483/conda_envs/qgis332/lib/python3.11/site-packages/osgeo/_gdalconst.cpython-311-x86_64-linux-gnu.so
155540d12000-155540d18000 r-xp 00002000 00:30 2007942029                 /storage/home/hcoda1/4/hyu483/conda_envs/qgis332/lib/python3.11/site-packages/osgeo/_gdalconst.cpython-311-x86_64-linux-gnu.so
155540d18000-155540d1a000 r--p 00008000 00:30 2007942029                 /storage/home/hcoda1/4/hyu483/conda_envs/qgis332/lib/python3.11/site-packages/osgeo/_gdalconst.cpython-311-x86_64-linux-gnu.so
155540d1a000-155540d1b000 r--p 00009000 00:30 2007942029                 /storage/home/hcoda1/4/hyu483/conda_envs/qgis332/lib/python3.11/site-packages/osgeo/_gdalconst.cpython-311-x86_64-linux-gnu.so
155540d1b000-155540d1c000 rw-p 0000a000 00:30 2007942029                 /storage/home/hcoda1/4/hyu483/conda_envs/qgis332/lib/python3.11/site-packages/osgeo/_gdalconst.cpython-311-x86_64-linux-gnu.so
155540d1c000-155540d1e000 r--p 00000000 00:30 1917445387                 /storage/home/hcoda1/4/hyu483/conda_envs/qgis332/lib/libkeyutils.so.1.9
155540d1e000-155540d20000 r-xp 00002000 00:30 1917445387                 /storage/home/hcoda1/4/hyu483/conda_envs/qgis332/lib/libkeyutils.so.1.9
155540d20000-155540d21000 r--p 00004000 00:30 1917445387                 /storage/home/hcoda1/4/hyu483/conda_envs/qgis332/lib/libkeyutils.so.1.9
155540d21000-155540d22000 r--p 00004000 00:30 1917445387                 /storage/home/hcoda1/4/hyu483/conda_envs/qgis332/lib/libkeyutils.so.1.9
155540d22000-155540d23000 rw-p 00005000 00:30 1917445387                 /storage/home/hcoda1/4/hyu483/conda_envs/qgis332/lib/libkeyutils.so.1.9
155540d23000-155540d27000 r--p 00000000 00:30 1917424600                 /storage/home/hcoda1/4/hyu483/conda_envs/qgis332/lib/libkrb5support.so.0.1
155540d27000-155540d2d000 r-xp 00004000 00:30 1917424600                 /storage/home/hcoda1/4/hyu483/conda_envs/qgis332/lib/libkrb5support.so.0.1
155540d2d000-155540d2f000 r--p 0000a000 00:30 1917424600                 /storage/home/hcoda1/4/hyu483/conda_envs/qgis332/lib/libkrb5support.so.0.1
155540d2f000-155540d30000 r--p 0000c000 00:30 1917424600                 /storage/home/hcoda1/4/hyu483/conda_envs/qgis332/lib/libkrb5support.so.0.1
155540d30000-155540d31000 rw-p 0000d000 00:30 1917424600                 /storage/home/hcoda1/4/hyu483/conda_envs/qgis332/lib/libkrb5support.so.0.1
155540d31000-155540d33000 r--p 00000000 00:30 1917424554                 /storage/home/hcoda1/4/hyu483/conda_envs/qgis332/lib/libcom_err.so.3.0
155540d33000-155540d34000 r-xp 00002000 00:30 1917424554                 /storage/home/hcoda1/4/hyu483/conda_envs/qgis332/lib/libcom_err.so.3.0
155540d34000-155540d35000 r--p 00003000 00:30 1917424554                 /storage/home/hcoda1/4/hyu483/conda_envs/qgis332/lib/libcom_err.so.3.0
155540d35000-155540d36000 r--p 00003000 00:30 1917424554                 /storage/home/hcoda1/4/hyu483/conda_envs/qgis332/lib/libcom_err.so.3.0
155540d36000-155540d37000 rw-p 00004000 00:30 1917424554                 /storage/home/hcoda1/4/hyu483/conda_envs/qgis332/lib/libcom_err.so.3.0
155540d37000-155540d3d000 r--p 00000000 00:30 1917424588                 /storage/home/hcoda1/4/hyu483/conda_envs/qgis332/lib/libk5crypto.so.3.1
155540d3d000-155540d48000 r-xp 00006000 00:30 1917424588                 /storage/home/hcoda1/4/hyu483/conda_envs/qgis332/lib/libk5crypto.so.3.1
155540d48000-155540d4c000 r--p 00011000 00:30 1917424588                 /storage/home/hcoda1/4/hyu483/conda_envs/qgis332/lib/libk5crypto.so.3.1
155540d4c000-155540d4e000 r--p 00014000 00:30 1917424588                 /storage/home/hcoda1/4/hyu483/conda_envs/qgis332/lib/libk5crypto.so.3.1
155540d4e000-155540d4f000 rw-p 00016000 00:30 1917424588                 /storage/home/hcoda1/4/hyu483/conda_envs/qgis332/lib/libk5crypto.so.3.1
155540d4f000-155540d73000 r--p 00000000 00:30 1883927888                 /storage/home/hcoda1/4/hyu483/conda_envs/qgis332/lib/libkrb5.so.3.3
155540d73000-155540dcd000 r-xp 00024000 00:30 1883927888                 /storage/home/hcoda1/4/hyu483/conda_envs/qgis332/lib/libkrb5.so.3.3
155540dcd000-155540e15000 r--p 0007e000 00:30 1883927888                 /storage/home/hcoda1/4/hyu483/conda_envs/qgis332/lib/libkrb5.so.3.3
155540e15000-155540e23000 r--p 000c5000 00:30 1883927888                 /storage/home/hcoda1/4/hyu483/conda_envs/qgis332/lib/libkrb5.so.3.3
155540e23000-155540e25000 rw-p 000d3000 00:30 1883927888                 /storage/home/hcoda1/4/hyu483/conda_envs/qgis332/lib/libkrb5.so.3.3
155540e25000-155540eed000 r--p 00000000 00:30 1932646517                 /storage/home/hcoda1/4/hyu483/conda_envs/qgis332/lib/libgeos.so.3.13.0
155540eed000-1555410f8000 r-xp 000c8000 00:30 1932646517                 /storage/home/hcoda1/4/hyu483/conda_envs/qgis332/lib/libgeos.so.3.13.0
1555410f8000-155541172000 r--p 002d3000 00:30 1932646517                 /storage/home/hcoda1/4/hyu483/conda_envs/qgis332/lib/libgeos.so.3.13.0
155541172000-155541182000 r--p 0034c000 00:30 1932646517                 /storage/home/hcoda1/4/hyu483/conda_envs/qgis332/lib/libgeos.so.3.13.0
155541182000-155541183000 rw-p 0035c000 00:30 1932646517                 /storage/home/hcoda1/4/hyu483/conda_envs/qgis332/lib/libgeos.so.3.13.0
155541183000-155541184000 r--p 00000000 00:30 1917422071                 /storage/home/hcoda1/4/hyu483/conda_envs/qgis332/lib/libcharset.so.1.0.0
155541184000-155541185000 r-xp 00001000 00:30 1917422071                 /storage/home/hcoda1/4/hyu483/conda_envs/qgis332/lib/libcharset.so.1.0.0
155541185000-155541186000 r--p 00002000 00:30 1917422071                 /storage/home/hcoda1/4/hyu483/conda_envs/qgis332/lib/libcharset.so.1.0.0
155541186000-155541187000 r--p 00002000 00:30 1917422071                 /storage/home/hcoda1/4/hyu483/conda_envs/qgis332/lib/libcharset.so.1.0.0
155541187000-155541188000 rw-p 00003000 00:30 1917422071                 /storage/home/hcoda1/4/hyu483/conda_envs/qgis332/lib/libcharset.so.1.0.0
155541188000-15554118a000 r--p 00000000 00:30 1932632488                 /storage/home/hcoda1/4/hyu483/conda_envs/qgis332/lib/libfreexl.so.1.2.0
15554118a000-155541195000 r-xp 00002000 00:30 1932632488                 /storage/home/hcoda1/4/hyu483/conda_envs/qgis332/lib/libfreexl.so.1.2.0
155541195000-155541198000 r--p 0000d000 00:30 1932632488                 /storage/home/hcoda1/4/hyu483/conda_envs/qgis332/lib/libfreexl.so.1.2.0
155541198000-155541199000 r--p 0000f000 00:30 1932632488                 /storage/home/hcoda1/4/hyu483/conda_envs/qgis332/lib/libfreexl.so.1.2.0
155541199000-15554119a000 rw-p 00010000 00:30 1932632488                 /storage/home/hcoda1/4/hyu483/conda_envs/qgis332/lib/libfreexl.so.1.2.0
15554119a000-1555411ac000 r--p 00000000 00:30 1932649579                 /storage/home/hcoda1/4/hyu483/conda_envs/qgis332/lib/librttopo.so.1.1.0
1555411ac000-1555411f6000 r-xp 00012000 00:30 1932649579                 /storage/home/hcoda1/4/hyu483/conda_envs/qgis332/lib/librttopo.so.1.1.0
1555411f6000-15554120d000 r--p 0005c000 00:30 1932649579                 /storage/home/hcoda1/4/hyu483/conda_envs/qgis332/lib/librttopo.so.1.1.0
15554120d000-15554120f000 r--p 00073000 00:30 1932649579                 /storage/home/hcoda1/4/hyu483/conda_envs/qgis332/lib/librttopo.so.1.1.0
15554120f000-155541210000 rw-p 00075000 00:30 1932649579                 /storage/home/hcoda1/4/hyu483/conda_envs/qgis332/lib/librttopo.so.1.1.0
155541210000-155541212000 r--p 00000000 00:30 1917429479                 /storage/home/hcoda1/4/hyu483/conda_envs/qgis332/lib/liburiparser.so.1.0.31
155541212000-15554121d000 r-xp 00002000 00:30 1917429479                 /storage/home/hcoda1/4/hyu483/conda_envs/qgis332/lib/liburiparser.so.1.0.31
15554121d000-15554121f000 r--p 0000d000 00:30 1917429479                 /storage/home/hcoda1/4/hyu483/conda_envs/qgis332/lib/liburiparser.so.1.0.31
15554121f000-155541220000 r--p 0000e000 00:30 1917429479                 /storage/home/hcoda1/4/hyu483/conda_envs/qgis332/lib/liburiparser.so.1.0.31
155541220000-155541221000 rw-p 0000f000 00:30 1917429479                 /storage/home/hcoda1/4/hyu483/conda_envs/qgis332/lib/liburiparser.so.1.0.31
155541221000-155541222000 r--p 00000000 00:30 1932645735                 /storage/home/hcoda1/4/hyu483/conda_envs/qgis332/lib/libsharpyuv.so.0.1.1
155541222000-15554122a000 r-xp 00001000 00:30 1932645735                 /storage/home/hcoda1/4/hyu483/conda_envs/qgis332/lib/libsharpyuv.so.0.1.1
15554122a000-15554122b000 r--p 00009000 00:30 1932645735                 /storage/home/hcoda1/4/hyu483/conda_envs/qgis332/lib/libsharpyuv.so.0.1.1
15554122b000-15554122c000 r--p 00009000 00:30 1932645735                 /storage/home/hcoda1/4/hyu483/conda_envs/qgis332/lib/libsharpyuv.so.0.1.1
15554122c000-15554122d000 rw-p 0000a000 00:30 1932645735                 /storage/home/hcoda1/4/hyu483/conda_envs/qgis332/lib/libsharpyuv.so.0.1.1
15554122d000-15554122e000 rw-p 00000000 00:00 0 
15554122e000-155542f7f000 r--p 00000000 00:30 1932649138                 /storage/home/hcoda1/4/hyu483/conda_envs/qgis332/lib/libicudata.so.75.1
155542f7f000-155542f80000 r--p 01d50000 00:30 1932649138                 /storage/home/hcoda1/4/hyu483/conda_envs/qgis332/lib/libicudata.so.75.1
155542f80000-15554308b000 r--p 00000000 00:30 1932649142                 /storage/home/hcoda1/4/hyu483/conda_envs/qgis332/lib/libicui18n.so.75.1
15554308b000-155543256000 r-xp 0010b000 00:30 1932649142                 /storage/home/hcoda1/4/hyu483/conda_envs/qgis332/lib/libicui18n.so.75.1
155543256000-1555432f4000 r--p 002d6000 00:30 1932649142                 /storage/home/hcoda1/4/hyu483/conda_envs/qgis332/lib/libicui18n.so.75.1
1555432f4000-155543307000 r--p 00373000 00:30 1932649142                 /storage/home/hcoda1/4/hyu483/conda_envs/qgis332/lib/libicui18n.so.75.1
155543307000-155543308000 rw-p 00386000 00:30 1932649142                 /storage/home/hcoda1/4/hyu483/conda_envs/qgis332/lib/libicui18n.so.75.1
155543308000-155543309000 rw-p 00000000 00:00 0 
155543309000-15554330b000 r--p 00000000 00:30 1917445108                 /storage/home/hcoda1/4/hyu483/conda_envs/qgis332/lib/libnsl.so.3.0.0
15554330b000-15554330d000 r-xp 00002000 00:30 1917445108                 /storage/home/hcoda1/4/hyu483/conda_envs/qgis332/lib/libnsl.so.3.0.0
15554330d000-15554330e000 r--p 00004000 00:30 1917445108                 /storage/home/hcoda1/4/hyu483/conda_envs/qgis332/lib/libnsl.so.3.0.0
15554330e000-15554330f000 r--p 00005000 00:30 1917445108                 /storage/home/hcoda1/4/hyu483/conda_envs/qgis332/lib/libnsl.so.3.0.0
15554330f000-155543310000 rw-p 00006000 00:30 1917445108                 /storage/home/hcoda1/4/hyu483/conda_envs/qgis332/lib/libnsl.so.3.0.0
155543310000-155543314000 r--p 00000000 00:30 1917322291                 /storage/home/hcoda1/4/hyu483/conda_envs/qgis332/lib/libsnappy.so.1.2.1
155543314000-15554331b000 r-xp 00004000 00:30 1917322291                 /storage/home/hcoda1/4/hyu483/conda_envs/qgis332/lib/libsnappy.so.1.2.1
15554331b000-15554331d000 r--p 0000b000 00:30 1917322291                 /storage/home/hcoda1/4/hyu483/conda_envs/qgis332/lib/libsnappy.so.1.2.1
15554331d000-15554331e000 r--p 0000c000 00:30 1917322291                 /storage/home/hcoda1/4/hyu483/conda_envs/qgis332/lib/libsnappy.so.1.2.1
15554331e000-15554331f000 rw-p 0000d000 00:30 1917322291                 /storage/home/hcoda1/4/hyu483/conda_envs/qgis332/lib/libsnappy.so.1.2.1
15554331f000-15554338b000 r--p 00000000 00:30 1932649154                 /storage/home/hcoda1/4/hyu483/conda_envs/qgis332/lib/libicuuc.so.75.1
15554338b000-15554348c000 r-xp 0006c000 00:30 1932649154                 /storage/home/hcoda1/4/hyu483/conda_envs/qgis332/lib/libicuuc.so.75.1
15554348c000-155543520000 r--p 0016d000 00:30 1932649154                 /storage/home/hcoda1/4/hyu483/conda_envs/qgis332/lib/libicuuc.so.75.1
155543520000-155543533000 r--p 00200000 00:30 1932649154                 /storage/home/hcoda1/4/hyu483/conda_envs/qgis332/lib/libicuuc.so.75.1
155543533000-155543534000 rw-p 00213000 00:30 1932649154                 /storage/home/hcoda1/4/hyu483/conda_envs/qgis332/lib/libicuuc.so.75.1
155543534000-155543536000 rw-p 00000000 00:00 0 
155543536000-155543544000 r--p 00000000 00:30 1883927884                 /storage/home/hcoda1/4/hyu483/conda_envs/qgis332/lib/libgssapi_krb5.so.2.2
155543544000-155543579000 r-xp 0000e000 00:30 1883927884                 /storage/home/hcoda1/4/hyu483/conda_envs/qgis332/lib/libgssapi_krb5.so.2.2
155543579000-155543586000 r--p 00043000 00:30 1883927884                 /storage/home/hcoda1/4/hyu483/conda_envs/qgis332/lib/libgssapi_krb5.so.2.2
155543586000-155543588000 r--p 00050000 00:30 1883927884                 /storage/home/hcoda1/4/hyu483/conda_envs/qgis332/lib/libgssapi_krb5.so.2.2
155543588000-155543589000 rw-p 00052000 00:30 1883927884                 /storage/home/hcoda1/4/hyu483/conda_envs/qgis332/lib/libgssapi_krb5.so.2.2
155543589000-1555435ad000 r--p 00000000 00:30 1966296730                 /storage/home/hcoda1/4/hyu483/conda_envs/qgis332/lib/libssl.so.3
1555435ad000-155543647000 r-xp 00024000 00:30 1966296730                 /storage/home/hcoda1/4/hyu483/conda_envs/qgis332/lib/libssl.so.3
155543647000-155543677000 r--p 000be000 00:30 1966296730                 /storage/home/hcoda1/4/hyu483/conda_envs/qgis332/lib/libssl.so.3
155543677000-155543681000 r--p 000ee000 00:30 1966296730                 /storage/home/hcoda1/4/hyu483/conda_envs/qgis332/lib/libssl.so.3
155543681000-155543685000 rw-p 000f8000 00:30 1966296730                 /storage/home/hcoda1/4/hyu483/conda_envs/qgis332/lib/libssl.so.3
155543685000-15554368d000 r--p 00000000 00:30 1932648097                 /storage/home/hcoda1/4/hyu483/conda_envs/qgis332/lib/libssh2.so.1.0.1
15554368d000-1555436c1000 r-xp 00008000 00:30 1932648097                 /storage/home/hcoda1/4/hyu483/conda_envs/qgis332/lib/libssh2.so.1.0.1
1555436c1000-1555436d0000 r--p 0003c000 00:30 1932648097                 /storage/home/hcoda1/4/hyu483/conda_envs/qgis332/lib/libssh2.so.1.0.1
1555436d0000-1555436d2000 r--p 0004a000 00:30 1932648097                 /storage/home/hcoda1/4/hyu483/conda_envs/qgis332/lib/libssh2.so.1.0.1
1555436d2000-1555436d3000 rw-p 0004c000 00:30 1932648097                 /storage/home/hcoda1/4/hyu483/conda_envs/qgis332/lib/libssh2.so.1.0.1
1555436d3000-1555436d9000 r--p 00000000 00:30 1932649284                 /storage/home/hcoda1/4/hyu483/conda_envs/qgis332/lib/libnghttp2.so.14.28.3
1555436d9000-1555436ee000 r-xp 00006000 00:30 1932649284                 /storage/home/hcoda1/4/hyu483/conda_envs/qgis332/lib/libnghttp2.so.14.28.3
1555436ee000-1555436fb000 r--p 0001b000 00:30 1932649284                 /storage/home/hcoda1/4/hyu483/conda_envs/qgis332/lib/libnghttp2.so.14.28.3
1555436fb000-1555436fe000 r--p 00027000 00:30 1932649284                 /storage/home/hcoda1/4/hyu483/conda_envs/qgis332/lib/libnghttp2.so.14.28.3
1555436fe000-1555436ff000 rw-p 0002a000 00:30 1932649284                 /storage/home/hcoda1/4/hyu483/conda_envs/qgis332/lib/libnghttp2.so.14.28.3
1555436ff000-155543702000 r--p 00000000 00:30 1917418657                 /storage/home/hcoda1/4/hyu483/conda_envs/qgis332/lib/liblzo2.so.2.0.0
155543702000-15554372f000 r-xp 00003000 00:30 1917418657                 /storage/home/hcoda1/4/hyu483/conda_envs/qgis332/lib/liblzo2.so.2.0.0
15554372f000-155543732000 r--p 00030000 00:30 1917418657                 /storage/home/hcoda1/4/hyu483/conda_envs/qgis332/lib/liblzo2.so.2.0.0
155543732000-155543733000 r--p 00033000 00:30 1917418657                 /storage/home/hcoda1/4/hyu483/conda_envs/qgis332/lib/liblzo2.so.2.0.0
155543733000-155543734000 rw-p 00034000 00:30 1917418657                 /storage/home/hcoda1/4/hyu483/conda_envs/qgis332/lib/liblzo2.so.2.0.0
155543734000-155543737000 r--p 00000000 00:30 1917422021                 /storage/home/hcoda1/4/hyu483/conda_envs/qgis332/lib/libiconv.so.2.7.0
155543737000-15554374c000 r-xp 00003000 00:30 1917422021                 /storage/home/hcoda1/4/hyu483/conda_envs/qgis332/lib/libiconv.so.2.7.0
15554374c000-15554381b000 r--p 00018000 00:30 1917422021                 /storage/home/hcoda1/4/hyu483/conda_envs/qgis332/lib/libiconv.so.2.7.0
15554381b000-15554381d000 r--p 000e6000 00:30 1917422021                 /storage/home/hcoda1/4/hyu483/conda_envs/qgis332/lib/libiconv.so.2.7.0
15554381d000-15554381e000 rw-p 000e8000 00:30 1917422021                 /storage/home/hcoda1/4/hyu483/conda_envs/qgis332/lib/libiconv.so.2.7.0
15554381e000-155543823000 r--p 00000000 00:30 1932645664                 /storage/home/hcoda1/4/hyu483/conda_envs/qgis332/lib/libjson-c.so.5.4.0
155543823000-15554382c000 r-xp 00005000 00:30 1932645664                 /storage/home/hcoda1/4/hyu483/conda_envs/qgis332/lib/libjson-c.so.5.4.0
15554382c000-155543830000 r--p 0000e000 00:30 1932645664                 /storage/home/hcoda1/4/hyu483/conda_envs/qgis332/lib/libjson-c.so.5.4.0
155543830000-155543831000 r--p 00011000 00:30 1932645664                 /storage/home/hcoda1/4/hyu483/conda_envs/qgis332/lib/libjson-c.so.5.4.0
155543831000-155543832000 rw-p 00012000 00:30 1932645664                 /storage/home/hcoda1/4/hyu483/conda_envs/qgis332/lib/libjson-c.so.5.4.0
155543832000-1555438b0000 r--p 00000000 00:30 2085784332                 /storage/home/hcoda1/4/hyu483/conda_envs/qgis332/lib/libproj.so.25.9.5.1
1555438b0000-155543b93000 r-xp 0007e000 00:30 2085784332                 /storage/home/hcoda1/4/hyu483/conda_envs/qgis332/lib/libproj.so.25.9.5.1
155543b93000-155543c37000 r--p 00361000 00:30 2085784332                 /storage/home/hcoda1/4/hyu483/conda_envs/qgis332/lib/libproj.so.25.9.5.1
155543c37000-155543c53000 r--p 00405000 00:30 2085784332                 /storage/home/hcoda1/4/hyu483/conda_envs/qgis332/lib/libproj.so.25.9.5.1
155543c53000-155543c54000 rw-p 00421000 00:30 2085784332                 /storage/home/hcoda1/4/hyu483/conda_envs/qgis332/lib/libproj.so.25.9.5.1
155543c54000-155543c57000 rw-p 00000000 00:00 0 
155543c57000-155543c6e000 r--p 00000000 00:30 1932646520                 /storage/home/hcoda1/4/hyu483/conda_envs/qgis332/lib/libgeos_c.so.1.19.0
155543c6e000-155543c9a000 r-xp 00017000 00:30 1932646520                 /storage/home/hcoda1/4/hyu483/conda_envs/qgis332/lib/libgeos_c.so.1.19.0
155543c9a000-155543caa000 r--p 00043000 00:30 1932646520                 /storage/home/hcoda1/4/hyu483/conda_envs/qgis332/lib/libgeos_c.so.1.19.0
155543caa000-155543cac000 r--p 00052000 00:30 1932646520                 /storage/home/hcoda1/4/hyu483/conda_envs/qgis332/lib/libgeos_c.so.1.19.0
155543cac000-155543cad000 rw-p 00054000 00:30 1932646520                 /storage/home/hcoda1/4/hyu483/conda_envs/qgis332/lib/libgeos_c.so.1.19.0
155543cad000-155543cb1000 r--p 00000000 00:30 1917321451                 /storage/home/hcoda1/4/hyu483/conda_envs/qgis332/lib/libexpat.so.1.10.1
155543cb1000-155543ccd000 r-xp 00004000 00:30 1917321451                 /storage/home/hcoda1/4/hyu483/conda_envs/qgis332/lib/libexpat.so.1.10.1
155543ccd000-155543cd5000 r--p 00020000 00:30 1917321451                 /storage/home/hcoda1/4/hyu483/conda_envs/qgis332/lib/libexpat.so.1.10.1
155543cd5000-155543cd7000 r--p 00028000 00:30 1917321451                 /storage/home/hcoda1/4/hyu483/conda_envs/qgis332/lib/libexpat.so.1.10.1
155543cd7000-155543cd8000 rw-p 0002a000 00:30 1917321451                 /storage/home/hcoda1/4/hyu483/conda_envs/qgis332/lib/libexpat.so.1.10.1
155543cd8000-155543cfd000 r--p 00000000 00:30 2007946888                 /storage/home/hcoda1/4/hyu483/conda_envs/qgis332/lib/libspatialite.so.8.1.0
155543cfd000-155544171000 r-xp 00025000 00:30 2007946888                 /storage/home/hcoda1/4/hyu483/conda_envs/qgis332/lib/libspatialite.so.8.1.0
155544171000-155544479000 r--p 00499000 00:30 2007946888                 /storage/home/hcoda1/4/hyu483/conda_envs/qgis332/lib/libspatialite.so.8.1.0
155544479000-15554447d000 r--p 007a1000 00:30 2007946888                 /storage/home/hcoda1/4/hyu483/conda_envs/qgis332/lib/libspatialite.so.8.1.0
15554447d000-15554447f000 rw-p 007a5000 00:30 2007946888                 /storage/home/hcoda1/4/hyu483/conda_envs/qgis332/lib/libspatialite.so.8.1.0
15554447f000-155544480000 rw-p 00000000 00:00 0 
155544480000-155544483000 r--p 00000000 00:30 1932649926                 /storage/home/hcoda1/4/hyu483/conda_envs/qgis332/lib/libpcre2-8.so.0.13.0
155544483000-1555444fa000 r-xp 00003000 00:30 1932649926                 /storage/home/hcoda1/4/hyu483/conda_envs/qgis332/lib/libpcre2-8.so.0.13.0
1555444fa000-155544528000 r--p 0007a000 00:30 1932649926                 /storage/home/hcoda1/4/hyu483/conda_envs/qgis332/lib/libpcre2-8.so.0.13.0
155544528000-155544529000 r--p 000a7000 00:30 1932649926                 /storage/home/hcoda1/4/hyu483/conda_envs/qgis332/lib/libpcre2-8.so.0.13.0
155544529000-15554452a000 rw-p 000a8000 00:30 1932649926                 /storage/home/hcoda1/4/hyu483/conda_envs/qgis332/lib/libpcre2-8.so.0.13.0
15554452a000-155544538000 r--p 00000000 00:30 1917444996                 /storage/home/hcoda1/4/hyu483/conda_envs/qgis332/lib/libkmlengine.so.1.3.0
155544538000-15554455e000 r-xp 0000e000 00:30 1917444996                 /storage/home/hcoda1/4/hyu483/conda_envs/qgis332/lib/libkmlengine.so.1.3.0
15554455e000-155544566000 r--p 00034000 00:30 1917444996                 /storage/home/hcoda1/4/hyu483/conda_envs/qgis332/lib/libkmlengine.so.1.3.0
155544566000-155544568000 r--p 0003b000 00:30 1917444996                 /storage/home/hcoda1/4/hyu483/conda_envs/qgis332/lib/libkmlengine.so.1.3.0
155544568000-155544569000 rw-p 0003d000 00:30 1917444996                 /storage/home/hcoda1/4/hyu483/conda_envs/qgis332/lib/libkmlengine.so.1.3.0
155544569000-15554459c000 r--p 00000000 00:30 1917444995                 /storage/home/hcoda1/4/hyu483/conda_envs/qgis332/lib/libkmldom.so.1.3.0
15554459c000-1555445fb000 r-xp 00033000 00:30 1917444995                 /storage/home/hcoda1/4/hyu483/conda_envs/qgis332/lib/libkmldom.so.1.3.0
1555445fb000-155544619000 r--p 00092000 00:30 1917444995                 /storage/home/hcoda1/4/hyu483/conda_envs/qgis332/lib/libkmldom.so.1.3.0
155544619000-155544620000 r--p 000af000 00:30 1917444995                 /storage/home/hcoda1/4/hyu483/conda_envs/qgis332/lib/libkmldom.so.1.3.0
155544620000-155544622000 rw-p 000b6000 00:30 1917444995                 /storage/home/hcoda1/4/hyu483/conda_envs/qgis332/lib/libkmldom.so.1.3.0
155544622000-15554462b000 r--p 00000000 00:30 1917445002                 /storage/home/hcoda1/4/hyu483/conda_envs/qgis332/lib/libkmlbase.so.1.3.0
15554462b000-155544640000 r-xp 00009000 00:30 1917445002                 /storage/home/hcoda1/4/hyu483/conda_envs/qgis332/lib/libkmlbase.so.1.3.0
155544640000-155544645000 r--p 0001e000 00:30 1917445002                 /storage/home/hcoda1/4/hyu483/conda_envs/qgis332/lib/libkmlbase.so.1.3.0
155544645000-155544646000 r--p 00022000 00:30 1917445002                 /storage/home/hcoda1/4/hyu483/conda_envs/qgis332/lib/libkmlbase.so.1.3.0
155544646000-155544647000 rw-p 00023000 00:30 1917445002                 /storage/home/hcoda1/4/hyu483/conda_envs/qgis332/lib/libkmlbase.so.1.3.0
155544647000-15554465b000 r--p 00000000 00:30 1917423161                 /storage/home/hcoda1/4/hyu483/conda_envs/qgis332/lib/libsqlite3.so.3.49.2
15554465b000-15554477f000 r-xp 00014000 00:30 1917423161                 /storage/home/hcoda1/4/hyu483/conda_envs/qgis332/lib/libsqlite3.so.3.49.2
15554477f000-1555447bb000 r--p 00138000 00:30 1917423161                 /storage/home/hcoda1/4/hyu483/conda_envs/qgis332/lib/libsqlite3.so.3.49.2
1555447bb000-1555447bf000 r--p 00173000 00:30 1917423161                 /storage/home/hcoda1/4/hyu483/conda_envs/qgis332/lib/libsqlite3.so.3.49.2
1555447bf000-1555447c3000 rw-p 00177000 00:30 1917423161                 /storage/home/hcoda1/4/hyu483/conda_envs/qgis332/lib/libsqlite3.so.3.49.2
1555447c3000-1555447c4000 rw-p 00000000 00:00 0 
1555447c4000-1555447c7000 r--p 00000000 00:30 1932645738                 /storage/home/hcoda1/4/hyu483/conda_envs/qgis332/lib/libwebp.so.7.1.10
1555447c7000-15554485f000 r-xp 00003000 00:30 1932645738                 /storage/home/hcoda1/4/hyu483/conda_envs/qgis332/lib/libwebp.so.7.1.10
15554485f000-155544873000 r--p 0009b000 00:30 1932645738                 /storage/home/hcoda1/4/hyu483/conda_envs/qgis332/lib/libwebp.so.7.1.10
155544873000-155544874000 r--p 000ae000 00:30 1932645738                 /storage/home/hcoda1/4/hyu483/conda_envs/qgis332/lib/libwebp.so.7.1.10
155544874000-155544875000 rw-p 000af000 00:30 1932645738                 /storage/home/hcoda1/4/hyu483/conda_envs/qgis332/lib/libwebp.so.7.1.10
155544875000-155544876000 rw-p 00000000 00:00 0 
155544876000-155544879000 r--p 00000000 00:30 1917448003                 /storage/home/hcoda1/4/hyu483/conda_envs/qgis332/lib/libgif.so.7.2.0
155544879000-155544880000 r-xp 00003000 00:30 1917448003                 /storage/home/hcoda1/4/hyu483/conda_envs/qgis332/lib/libgif.so.7.2.0
155544880000-155544882000 r--p 0000a000 00:30 1917448003                 /storage/home/hcoda1/4/hyu483/conda_envs/qgis332/lib/libgif.so.7.2.0
155544882000-155544883000 r--p 0000c000 00:30 1917448003                 /storage/home/hcoda1/4/hyu483/conda_envs/qgis332/lib/libgif.so.7.2.0
155544883000-155544884000 rw-p 0000d000 00:30 1917448003                 /storage/home/hcoda1/4/hyu483/conda_envs/qgis332/lib/libgif.so.7.2.0
155544884000-155544892000 r--p 00000000 00:30 1917423026                 /storage/home/hcoda1/4/hyu483/conda_envs/qgis332/lib/libLerc.so.4
155544892000-155544945000 r-xp 0000e000 00:30 1917423026                 /storage/home/hcoda1/4/hyu483/conda_envs/qgis332/lib/libLerc.so.4
155544945000-155544950000 r--p 000c1000 00:30 1917423026                 /storage/home/hcoda1/4/hyu483/conda_envs/qgis332/lib/libLerc.so.4
155544950000-155544951000 r--p 000cc000 00:30 1917423026                 /storage/home/hcoda1/4/hyu483/conda_envs/qgis332/lib/libLerc.so.4
155544951000-155544952000 rw-p 000cd000 00:30 1917423026                 /storage/home/hcoda1/4/hyu483/conda_envs/qgis332/lib/libLerc.so.4
155544952000-155544959000 r--p 00000000 00:30 1917439818                 /storage/home/hcoda1/4/hyu483/conda_envs/qgis332/lib/libpng16.so.16.47.0
155544959000-155544982000 r-xp 00007000 00:30 1917439818                 /storage/home/hcoda1/4/hyu483/conda_envs/qgis332/lib/libpng16.so.16.47.0
155544982000-15554498d000 r--p 00030000 00:30 1917439818                 /storage/home/hcoda1/4/hyu483/conda_envs/qgis332/lib/libpng16.so.16.47.0
15554498d000-15554498e000 r--p 0003b000 00:30 1917439818                 /storage/home/hcoda1/4/hyu483/conda_envs/qgis332/lib/libpng16.so.16.47.0
15554498e000-15554498f000 rw-p 0003c000 00:30 1917439818                 /storage/home/hcoda1/4/hyu483/conda_envs/qgis332/lib/libpng16.so.16.47.0
15554498f000-15554499f000 r--p 00000000 00:30 2007944320                 /storage/home/hcoda1/4/hyu483/conda_envs/qgis332/lib/libgeotiff.so.5.2.4
15554499f000-1555449ab000 r-xp 00010000 00:30 2007944320                 /storage/home/hcoda1/4/hyu483/conda_envs/qgis332/lib/libgeotiff.so.5.2.4
1555449ab000-1555449ba000 r--p 0001c000 00:30 2007944320                 /storage/home/hcoda1/4/hyu483/conda_envs/qgis332/lib/libgeotiff.so.5.2.4
1555449ba000-1555449c3000 r--p 0002b000 00:30 2007944320                 /storage/home/hcoda1/4/hyu483/conda_envs/qgis332/lib/libgeotiff.so.5.2.4
1555449c3000-1555449c4000 rw-p 00034000 00:30 2007944320                 /storage/home/hcoda1/4/hyu483/conda_envs/qgis332/lib/libgeotiff.so.5.2.4
1555449c4000-1555449cd000 r--p 00000000 00:30 1932649728                 /storage/home/hcoda1/4/hyu483/conda_envs/qgis332/lib/libtiff.so.6.1.0
1555449cd000-155544a22000 r-xp 00009000 00:30 1932649728                 /storage/home/hcoda1/4/hyu483/conda_envs/qgis332/lib/libtiff.so.6.1.0
155544a22000-155544a53000 r--p 0005e000 00:30 1932649728                 /storage/home/hcoda1/4/hyu483/conda_envs/qgis332/lib/libtiff.so.6.1.0
155544a53000-155544a58000 r--p 0008f000 00:30 1932649728                 /storage/home/hcoda1/4/hyu483/conda_envs/qgis332/lib/libtiff.so.6.1.0
155544a58000-155544a59000 rw-p 00094000 00:30 1932649728                 /storage/home/hcoda1/4/hyu483/conda_envs/qgis332/lib/libtiff.so.6.1.0
155544a59000-155544a5f000 r--p 00000000 00:30 1932645689                 /storage/home/hcoda1/4/hyu483/conda_envs/qgis332/lib/libjpeg.so.8.3.2
155544a5f000-155544af5000 r-xp 00006000 00:30 1932645689                 /storage/home/hcoda1/4/hyu483/conda_envs/qgis332/lib/libjpeg.so.8.3.2
155544af5000-155544b1e000 r--p 0009c000 00:30 1932645689                 /storage/home/hcoda1/4/hyu483/conda_envs/qgis332/lib/libjpeg.so.8.3.2
155544b1e000-155544b1f000 r--p 000c5000 00:30 1932645689                 /storage/home/hcoda1/4/hyu483/conda_envs/qgis332/lib/libjpeg.so.8.3.2
155544b1f000-155544b20000 rw-p 000c6000 00:30 1932645689                 /storage/home/hcoda1/4/hyu483/conda_envs/qgis332/lib/libjpeg.so.8.3.2
155544b20000-155544c3d000 r--p 00000000 00:30 1932533409                 /storage/home/hcoda1/4/hyu483/conda_envs/qgis332/lib/libxerces-c-3.2.so
155544c3d000-155544db9000 r-xp 0011d000 00:30 1932533409                 /storage/home/hcoda1/4/hyu483/conda_envs/qgis332/lib/libxerces-c-3.2.so
155544db9000-155544e7f000 r--p 00299000 00:30 1932533409                 /storage/home/hcoda1/4/hyu483/conda_envs/qgis332/lib/libxerces-c-3.2.so
155544e7f000-155544e97000 r--p 0035f000 00:30 1932533409                 /storage/home/hcoda1/4/hyu483/conda_envs/qgis332/lib/libxerces-c-3.2.so
155544e97000-155544eb9000 rw-p 00377000 00:30 1932533409                 /storage/home/hcoda1/4/hyu483/conda_envs/qgis332/lib/libxerces-c-3.2.so
155544eb9000-155544ebb000 r--p 00000000 00:30 1932648739                 /storage/home/hcoda1/4/hyu483/conda_envs/qgis332/lib/libblosc.so.1.21.6
155544ebb000-155544ec7000 r-xp 00002000 00:30 1932648739                 /storage/home/hcoda1/4/hyu483/conda_envs/qgis332/lib/libblosc.so.1.21.6
155544ec7000-155544ec9000 r--p 0000e000 00:30 1932648739                 /storage/home/hcoda1/4/hyu483/conda_envs/qgis332/lib/libblosc.so.1.21.6
155544ec9000-155544eca000 r--p 00010000 00:30 1932648739                 /storage/home/hcoda1/4/hyu483/conda_envs/qgis332/lib/libblosc.so.1.21.6
155544eca000-155544ecb000 rw-p 00011000 00:30 1932648739                 /storage/home/hcoda1/4/hyu483/conda_envs/qgis332/lib/libblosc.so.1.21.6
155544ecb000-155544ece000 r--p 00000000 00:30 1932648629                 /storage/home/hcoda1/4/hyu483/conda_envs/qgis332/lib/liblz4.so.1.10.0
155544ece000-155544ef4000 r-xp 00003000 00:30 1932648629                 /storage/home/hcoda1/4/hyu483/conda_envs/qgis332/lib/liblz4.so.1.10.0
155544ef4000-155544ef7000 r--p 00029000 00:30 1932648629                 /storage/home/hcoda1/4/hyu483/conda_envs/qgis332/lib/liblz4.so.1.10.0
155544ef7000-155544ef8000 r--p 0002b000 00:30 1932648629                 /storage/home/hcoda1/4/hyu483/conda_envs/qgis332/lib/liblz4.so.1.10.0
155544ef8000-155544ef9000 rw-p 0002c000 00:30 1932648629                 /storage/home/hcoda1/4/hyu483/conda_envs/qgis332/lib/liblz4.so.1.10.0
155544ef9000-155544efa000 r--p 00000000 00:30 1932645672                 /storage/home/hcoda1/4/hyu483/conda_envs/qgis332/lib/libdeflate.so.0
155544efa000-155544f0a000 r-xp 00001000 00:30 1932645672                 /storage/home/hcoda1/4/hyu483/conda_envs/qgis332/lib/libdeflate.so.0
155544f0a000-155544f0f000 r--p 00011000 00:30 1932645672                 /storage/home/hcoda1/4/hyu483/conda_envs/qgis332/lib/libdeflate.so.0
155544f0f000-155544f10000 r--p 00015000 00:30 1932645672                 /storage/home/hcoda1/4/hyu483/conda_envs/qgis332/lib/libdeflate.so.0
155544f10000-155544f11000 rw-p 00016000 00:30 1932645672                 /storage/home/hcoda1/4/hyu483/conda_envs/qgis332/lib/libdeflate.so.0
155544f11000-155544f1f000 r--p 00000000 00:30 1917439634                 /storage/home/hcoda1/4/hyu483/conda_envs/qgis332/lib/libzstd.so.1.5.7
155544f1f000-155545012000 r-xp 0000e000 00:30 1917439634                 /storage/home/hcoda1/4/hyu483/conda_envs/qgis332/lib/libzstd.so.1.5.7
155545012000-155545028000 r--p 00101000 00:30 1917439634                 /storage/home/hcoda1/4/hyu483/conda_envs/qgis332/lib/libzstd.so.1.5.7
155545028000-155545029000 r--p 00117000 00:30 1917439634                 /storage/home/hcoda1/4/hyu483/conda_envs/qgis332/lib/libzstd.so.1.5.7
155545029000-15554502a000 rw-p 00118000 00:30 1917439634                 /storage/home/hcoda1/4/hyu483/conda_envs/qgis332/lib/libzstd.so.1.5.7
15554502a000-155545118000 r--p 00000000 00:30 1966296576                 /storage/home/hcoda1/4/hyu483/conda_envs/qgis332/lib/libcrypto.so.3
155545118000-15554547a000 r-xp 000ee000 00:30 1966296576                 /storage/home/hcoda1/4/hyu483/conda_envs/qgis332/lib/libcrypto.so.3
15554547a000-1555455b0000 r--p 00450000 00:30 1966296576                 /storage/home/hcoda1/4/hyu483/conda_envs/qgis332/lib/libcrypto.so.3
1555455b0000-155545632000 r--p 00585000 00:30 1966296576                 /storage/home/hcoda1/4/hyu483/conda_envs/qgis332/lib/libcrypto.so.3
155545632000-155545635000 rw-p 00607000 00:30 1966296576                 /storage/home/hcoda1/4/hyu483/conda_envs/qgis332/lib/libcrypto.so.3
155545635000-155545638000 rw-p 00000000 00:00 0 
155545638000-15554566e000 r--p 00000000 00:30 2085784185                 /storage/home/hcoda1/4/hyu483/conda_envs/qgis332/lib/libxml2.so.2.13.8
15554566e000-155545746000 r-xp 00036000 00:30 2085784185                 /storage/home/hcoda1/4/hyu483/conda_envs/qgis332/lib/libxml2.so.2.13.8
155545746000-15554578c000 r--p 0010e000 00:30 2085784185                 /storage/home/hcoda1/4/hyu483/conda_envs/qgis332/lib/libxml2.so.2.13.8
15554578c000-155545797000 r--p 00153000 00:30 2085784185                 /storage/home/hcoda1/4/hyu483/conda_envs/qgis332/lib/libxml2.so.2.13.8
155545797000-155545798000 rw-p 0015e000 00:30 2085784185                 /storage/home/hcoda1/4/hyu483/conda_envs/qgis332/lib/libxml2.so.2.13.8
155545798000-155545799000 rw-p 00000000 00:00 0 
155545799000-1555457ad000 r--p 00000000 00:30 2085784164                 /storage/home/hcoda1/4/hyu483/conda_envs/qgis332/lib/libcurl.so.4.8.0
1555457ad000-155545843000 r-xp 00014000 00:30 2085784164                 /storage/home/hcoda1/4/hyu483/conda_envs/qgis332/lib/libcurl.so.4.8.0
155545843000-155545870000 r--p 000aa000 00:30 2085784164                 /storage/home/hcoda1/4/hyu483/conda_envs/qgis332/lib/libcurl.so.4.8.0
155545870000-155545876000 r--p 000d7000 00:30 2085784164                 /storage/home/hcoda1/4/hyu483/conda_envs/qgis332/lib/libcurl.so.4.8.0
155545876000-155545877000 rw-p 000dd000 00:30 2085784164                 /storage/home/hcoda1/4/hyu483/conda_envs/qgis332/lib/libcurl.so.4.8.0
155545877000-15554588a000 r--p 00000000 00:30 1932536878                 /storage/home/hcoda1/4/hyu483/conda_envs/qgis332/lib/libarchive.so.13.7.7
15554588a000-155545918000 r-xp 00013000 00:30 1932536878                 /storage/home/hcoda1/4/hyu483/conda_envs/qgis332/lib/libarchive.so.13.7.7
155545918000-155545941000 r--p 000a1000 00:30 1932536878                 /storage/home/hcoda1/4/hyu483/conda_envs/qgis332/lib/libarchive.so.13.7.7
155545941000-155545945000 r--p 000c9000 00:30 1932536878                 /storage/home/hcoda1/4/hyu483/conda_envs/qgis332/lib/libarchive.so.13.7.7
155545945000-155545946000 rw-p 000cd000 00:30 1932536878                 /storage/home/hcoda1/4/hyu483/conda_envs/qgis332/lib/libarchive.so.13.7.7
155545946000-15554594a000 r--p 00000000 00:30 1917435685                 /storage/home/hcoda1/4/hyu483/conda_envs/qgis332/lib/libgcc_s.so.1
15554594a000-15554595f000 r-xp 00004000 00:30 1917435685                 /storage/home/hcoda1/4/hyu483/conda_envs/qgis332/lib/libgcc_s.so.1
15554595f000-155545963000 r--p 00019000 00:30 1917435685                 /storage/home/hcoda1/4/hyu483/conda_envs/qgis332/lib/libgcc_s.so.1
155545963000-155545964000 r--p 0001c000 00:30 1917435685                 /storage/home/hcoda1/4/hyu483/conda_envs/qgis332/lib/libgcc_s.so.1
155545964000-155545965000 rw-p 0001d000 00:30 1917435685                 /storage/home/hcoda1/4/hyu483/conda_envs/qgis332/lib/libgcc_s.so.1
155545965000-155545a13000 r--p 00000000 00:30 1917447939                 /storage/home/hcoda1/4/hyu483/conda_envs/qgis332/lib/libstdc++.so.6.0.34
155545a13000-155545ab4000 r-xp 000ae000 00:30 1917447939                 /storage/home/hcoda1/4/hyu483/conda_envs/qgis332/lib/libstdc++.so.6.0.34
155545ab4000-155545b3c000 r--p 0014f000 00:30 1917447939                 /storage/home/hcoda1/4/hyu483/conda_envs/qgis332/lib/libstdc++.so.6.0.34
155545b3c000-155545b4a000 r--p 001d7000 00:30 1917447939                 /storage/home/hcoda1/4/hyu483/conda_envs/qgis332/lib/libstdc++.so.6.0.34
155545b4a000-155545b4e000 rw-p 001e5000 00:30 1917447939                 /storage/home/hcoda1/4/hyu483/conda_envs/qgis332/lib/libstdc++.so.6.0.34
155545b4e000-155545b52000 rw-p 00000000 00:00 0 
155545b52000-155545d97000 r--p 00000000 00:30 2085794100                 /storage/home/hcoda1/4/hyu483/conda_envs/qgis332/lib/libgdal.so.36.3.10.2
155545d97000-155546fb3000 r-xp 00245000 00:30 2085794100                 /storage/home/hcoda1/4/hyu483/conda_envs/qgis332/lib/libgdal.so.36.3.10.2
155546fb3000-1555473cd000 r--p 01461000 00:30 2085794100                 /storage/home/hcoda1/4/hyu483/conda_envs/qgis332/lib/libgdal.so.36.3.10.2
1555473cd000-15554746f000 r--p 0187b000 00:30 2085794100                 /storage/home/hcoda1/4/hyu483/conda_envs/qgis332/lib/libgdal.so.36.3.10.2
15554746f000-155547470000 rw-p 0191d000 00:30 2085794100                 /storage/home/hcoda1/4/hyu483/conda_envs/qgis332/lib/libgdal.so.36.3.10.2
155547470000-155547474000 rw-p 00000000 00:00 0 
155547474000-155547495000 r--p 00000000 00:30 2007942026                 /storage/home/hcoda1/4/hyu483/conda_envs/qgis332/lib/python3.11/site-packages/osgeo/_gdal.cpython-311-x86_64-linux-gnu.so
155547495000-15554753e000 r-xp 00021000 00:30 2007942026                 /storage/home/hcoda1/4/hyu483/conda_envs/qgis332/lib/python3.11/site-packages/osgeo/_gdal.cpython-311-x86_64-linux-gnu.so
15554753e000-15554758c000 r--p 000ca000 00:30 2007942026                 /storage/home/hcoda1/4/hyu483/conda_envs/qgis332/lib/python3.11/site-packages/osgeo/_gdal.cpython-311-x86_64-linux-gnu.so
15554758c000-15554758e000 r--p 00118000 00:30 2007942026                 /storage/home/hcoda1/4/hyu483/conda_envs/qgis332/lib/python3.11/site-packages/osgeo/_gdal.cpython-311-x86_64-linux-gnu.so
15554758e000-155547597000 rw-p 0011a000 00:30 2007942026                 /storage/home/hcoda1/4/hyu483/conda_envs/qgis332/lib/python3.11/site-packages/osgeo/_gdal.cpython-311-x86_64-linux-gnu.so
155547597000-155547598000 rw-p 00000000 00:00 0 
155547598000-15554759d000 r--p 00000000 00:30 1917322248                 /storage/home/hcoda1/4/hyu483/conda_envs/qgis332/lib/liblzma.so.5
15554759d000-1555475bb000 r-xp 00005000 00:30 1917322248                 /storage/home/hcoda1/4/hyu483/conda_envs/qgis332/lib/liblzma.so.5
1555475bb000-1555475c7000 r--p 00023000 00:30 1917322248                 /storage/home/hcoda1/4/hyu483/conda_envs/qgis332/lib/liblzma.so.5
1555475c7000-1555475c8000 r--p 0002f000 00:30 1917322248                 /storage/home/hcoda1/4/hyu483/conda_envs/qgis332/lib/liblzma.so.5
1555475c8000-1555475c9000 rw-p 00030000 00:30 1917322248                 /storage/home/hcoda1/4/hyu483/conda_envs/qgis332/lib/liblzma.so.5
1555475c9000-1555475cc000 r--p 00000000 00:30 1883947859                 /storage/home/hcoda1/4/hyu483/conda_envs/qgis332/lib/python3.11/lib-dynload/_lzma.cpython-311-x86_64-linux-gnu.so
1555475cc000-1555475d0000 r-xp 00003000 00:30 1883947859                 /storage/home/hcoda1/4/hyu483/conda_envs/qgis332/lib/python3.11/lib-dynload/_lzma.cpython-311-x86_64-linux-gnu.so
1555475d0000-1555475d3000 r--p 00007000 00:30 1883947859                 /storage/home/hcoda1/4/hyu483/conda_envs/qgis332/lib/python3.11/lib-dynload/_lzma.cpython-311-x86_64-linux-gnu.so
1555475d3000-1555475d4000 r--p 00009000 00:30 1883947859                 /storage/home/hcoda1/4/hyu483/conda_envs/qgis332/lib/python3.11/lib-dynload/_lzma.cpython-311-x86_64-linux-gnu.so
1555475d4000-1555475d5000 rw-p 0000a000 00:30 1883947859                 /storage/home/hcoda1/4/hyu483/conda_envs/qgis332/lib/python3.11/lib-dynload/_lzma.cpython-311-x86_64-linux-gnu.so
1555475d5000-1555475d7000 r--p 00000000 00:30 1917424859                 /storage/home/hcoda1/4/hyu483/conda_envs/qgis332/lib/libbz2.so.1.0.8
1555475d7000-1555475e5000 r-xp 00002000 00:30 1917424859                 /storage/home/hcoda1/4/hyu483/conda_envs/qgis332/lib/libbz2.so.1.0.8
1555475e5000-1555475e7000 r--p 00010000 00:30 1917424859                 /storage/home/hcoda1/4/hyu483/conda_envs/qgis332/lib/libbz2.so.1.0.8
1555475e7000-1555475e8000 r--p 00011000 00:30 1917424859                 /storage/home/hcoda1/4/hyu483/conda_envs/qgis332/lib/libbz2.so.1.0.8
1555475e8000-1555475e9000 rw-p 00012000 00:30 1917424859                 /storage/home/hcoda1/4/hyu483/conda_envs/qgis332/lib/libbz2.so.1.0.8
1555475e9000-1555475eb000 r--p 00000000 00:30 1883947838                 /storage/home/hcoda1/4/hyu483/conda_envs/qgis332/lib/python3.11/lib-dynload/_bz2.cpython-311-x86_64-linux-gnu.so
1555475eb000-1555475ed000 r-xp 00002000 00:30 1883947838                 /storage/home/hcoda1/4/hyu483/conda_envs/qgis332/lib/python3.11/lib-dynload/_bz2.cpython-311-x86_64-linux-gnu.so
1555475ed000-1555475ef000 r--p 00004000 00:30 1883947838                 /storage/home/hcoda1/4/hyu483/conda_envs/qgis332/lib/python3.11/lib-dynload/_bz2.cpython-311-x86_64-linux-gnu.so
1555475ef000-1555475f0000 r--p 00005000 00:30 1883947838                 /storage/home/hcoda1/4/hyu483/conda_envs/qgis332/lib/python3.11/lib-dynload/_bz2.cpython-311-x86_64-linux-gnu.so
1555475f0000-1555475f1000 rw-p 00006000 00:30 1883947838                 /storage/home/hcoda1/4/hyu483/conda_envs/qgis332/lib/python3.11/lib-dynload/_bz2.cpython-311-x86_64-linux-gnu.so
1555475f1000-1555475f4000 r--p 00000000 00:30 1883947910                 /storage/home/hcoda1/4/hyu483/conda_envs/qgis332/lib/python3.11/lib-dynload/zlib.cpython-311-x86_64-linux-gnu.so
1555475f4000-1555475f8000 r-xp 00003000 00:30 1883947910                 /storage/home/hcoda1/4/hyu483/conda_envs/qgis332/lib/python3.11/lib-dynload/zlib.cpython-311-x86_64-linux-gnu.so
1555475f8000-1555475fb000 r--p 00007000 00:30 1883947910                 /storage/home/hcoda1/4/hyu483/conda_envs/qgis332/lib/python3.11/lib-dynload/zlib.cpython-311-x86_64-linux-gnu.so
1555475fb000-1555475fc000 r--p 00009000 00:30 1883947910                 /storage/home/hcoda1/4/hyu483/conda_envs/qgis332/lib/python3.11/lib-dynload/zlib.cpython-311-x86_64-linux-gnu.so
1555475fc000-1555475fd000 rw-p 0000a000 00:30 1883947910                 /storage/home/hcoda1/4/hyu483/conda_envs/qgis332/lib/python3.11/lib-dynload/zlib.cpython-311-x86_64-linux-gnu.so
1555475fd000-1555475ff000 r--p 00000000 00:30 1883947867                 /storage/home/hcoda1/4/hyu483/conda_envs/qgis332/lib/python3.11/lib-dynload/_queue.cpython-311-x86_64-linux-gnu.so
1555475ff000-155547600000 r-xp 00002000 00:30 1883947867                 /storage/home/hcoda1/4/hyu483/conda_envs/qgis332/lib/python3.11/lib-dynload/_queue.cpython-311-x86_64-linux-gnu.so
155547600000-155547601000 r--p 00003000 00:30 1883947867                 /storage/home/hcoda1/4/hyu483/conda_envs/qgis332/lib/python3.11/lib-dynload/_queue.cpython-311-x86_64-linux-gnu.so
155547601000-155547602000 r--p 00003000 00:30 1883947867                 /storage/home/hcoda1/4/hyu483/conda_envs/qgis332/lib/python3.11/lib-dynload/_queue.cpython-311-x86_64-linux-gnu.so
155547602000-155547603000 rw-p 00004000 00:30 1883947867                 /storage/home/hcoda1/4/hyu483/conda_envs/qgis332/lib/python3.11/lib-dynload/_queue.cpython-311-x86_64-linux-gnu.so
155547603000-155547604000 r--p 00000000 00:30 1883947856                 /storage/home/hcoda1/4/hyu483/conda_envs/qgis332/lib/python3.11/lib-dynload/_heapq.cpython-311-x86_64-linux-gnu.so
155547604000-155547607000 r-xp 00001000 00:30 1883947856                 /storage/home/hcoda1/4/hyu483/conda_envs/qgis332/lib/python3.11/lib-dynload/_heapq.cpython-311-x86_64-linux-gnu.so
155547607000-15554760a000 r--p 00004000 00:30 1883947856                 /storage/home/hcoda1/4/hyu483/conda_envs/qgis332/lib/python3.11/lib-dynload/_heapq.cpython-311-x86_64-linux-gnu.so
15554760a000-15554760b000 r--p 00006000 00:30 1883947856                 /storage/home/hcoda1/4/hyu483/conda_envs/qgis332/lib/python3.11/lib-dynload/_heapq.cpython-311-x86_64-linux-gnu.so
15554760b000-15554760c000 rw-p 00007000 00:30 1883947856                 /storage/home/hcoda1/4/hyu483/conda_envs/qgis332/lib/python3.11/lib-dynload/_heapq.cpython-311-x86_64-linux-gnu.so
15554760c000-15554760e000 r--p 00000000 00:30 1893821922                 /storage/home/hcoda1/4/hyu483/conda_envs/qgis332/lib/python3.11/site-packages/psutil/_psutil_posix.abi3.so
15554760e000-155547610000 r-xp 00002000 00:30 1893821922                 /storage/home/hcoda1/4/hyu483/conda_envs/qgis332/lib/python3.11/site-packages/psutil/_psutil_posix.abi3.so
155547610000-155547611000 r--p 00004000 00:30 1893821922                 /storage/home/hcoda1/4/hyu483/conda_envs/qgis332/lib/python3.11/site-packages/psutil/_psutil_posix.abi3.so
155547611000-155547612000 r--p 00004000 00:30 1893821922                 /storage/home/hcoda1/4/hyu483/conda_envs/qgis332/lib/python3.11/site-packages/psutil/_psutil_posix.abi3.so
155547612000-155547613000 rw-p 00005000 00:30 1893821922                 /storage/home/hcoda1/4/hyu483/conda_envs/qgis332/lib/python3.11/site-packages/psutil/_psutil_posix.abi3.so
155547613000-155547616000 r--p 00000000 00:30 1893822620                 /storage/home/hcoda1/4/hyu483/conda_envs/qgis332/lib/python3.11/site-packages/psutil/_psutil_linux.abi3.so
155547616000-155547619000 r-xp 00003000 00:30 1893822620                 /storage/home/hcoda1/4/hyu483/conda_envs/qgis332/lib/python3.11/site-packages/psutil/_psutil_linux.abi3.so
155547619000-15554761a000 r--p 00006000 00:30 1893822620                 /storage/home/hcoda1/4/hyu483/conda_envs/qgis332/lib/python3.11/site-packages/psutil/_psutil_linux.abi3.so
15554761a000-15554761b000 r--p 00006000 00:30 1893822620                 /storage/home/hcoda1/4/hyu483/conda_envs/qgis332/lib/python3.11/site-packages/psutil/_psutil_linux.abi3.so
15554761b000-15554761c000 rw-p 00007000 00:30 1893822620                 /storage/home/hcoda1/4/hyu483/conda_envs/qgis332/lib/python3.11/site-packages/psutil/_psutil_linux.abi3.so
15554761c000-15554761e000 r--p 00000000 00:30 1883947902                 /storage/home/hcoda1/4/hyu483/conda_envs/qgis332/lib/python3.11/lib-dynload/resource.cpython-311-x86_64-linux-gnu.so
15554761e000-15554761f000 r-xp 00002000 00:30 1883947902                 /storage/home/hcoda1/4/hyu483/conda_envs/qgis332/lib/python3.11/lib-dynload/resource.cpython-311-x86_64-linux-gnu.so
15554761f000-155547620000 r--p 00003000 00:30 1883947902                 /storage/home/hcoda1/4/hyu483/conda_envs/qgis332/lib/python3.11/lib-dynload/resource.cpython-311-x86_64-linux-gnu.so
155547620000-155547621000 r--p 00003000 00:30 1883947902                 /storage/home/hcoda1/4/hyu483/conda_envs/qgis332/lib/python3.11/lib-dynload/resource.cpython-311-x86_64-linux-gnu.so
155547621000-155547622000 rw-p 00004000 00:30 1883947902                 /storage/home/hcoda1/4/hyu483/conda_envs/qgis332/lib/python3.11/lib-dynload/resource.cpython-311-x86_64-linux-gnu.so
155547622000-155547625000 r--p 00000000 00:30 1917447966                 /storage/home/hcoda1/4/hyu483/conda_envs/qgis332/lib/libz.so.1.3.1
155547625000-155547634000 r-xp 00003000 00:30 1917447966                 /storage/home/hcoda1/4/hyu483/conda_envs/qgis332/lib/libz.so.1.3.1
155547634000-15554763b000 r--p 00012000 00:30 1917447966                 /storage/home/hcoda1/4/hyu483/conda_envs/qgis332/lib/libz.so.1.3.1
15554763b000-15554763c000 r--p 00018000 00:30 1917447966                 /storage/home/hcoda1/4/hyu483/conda_envs/qgis332/lib/libz.so.1.3.1
15554763c000-15554763d000 rw-p 00019000 00:30 1917447966                 /storage/home/hcoda1/4/hyu483/conda_envs/qgis332/lib/libz.so.1.3.1
15554763d000-15554763f000 r--p 00000000 00:30 1883947892                 /storage/home/hcoda1/4/hyu483/conda_envs/qgis332/lib/python3.11/lib-dynload/binascii.cpython-311-x86_64-linux-gnu.so
15554763f000-155547642000 r-xp 00002000 00:30 1883947892                 /storage/home/hcoda1/4/hyu483/conda_envs/qgis332/lib/python3.11/lib-dynload/binascii.cpython-311-x86_64-linux-gnu.so
155547642000-155547644000 r--p 00005000 00:30 1883947892                 /storage/home/hcoda1/4/hyu483/conda_envs/qgis332/lib/python3.11/lib-dynload/binascii.cpython-311-x86_64-linux-gnu.so
155547644000-155547645000 r--p 00006000 00:30 1883947892                 /storage/home/hcoda1/4/hyu483/conda_envs/qgis332/lib/python3.11/lib-dynload/binascii.cpython-311-x86_64-linux-gnu.so
155547645000-155547646000 rw-p 00007000 00:30 1883947892                 /storage/home/hcoda1/4/hyu483/conda_envs/qgis332/lib/python3.11/lib-dynload/binascii.cpython-311-x86_64-linux-gnu.so
155547646000-155547746000 rw-p 00000000 00:00 0 
155547746000-15554774b000 r--p 00000000 00:30 1883947852                 /storage/home/hcoda1/4/hyu483/conda_envs/qgis332/lib/python3.11/lib-dynload/_datetime.cpython-311-x86_64-linux-gnu.so
15554774b000-15554775c000 r-xp 00005000 00:30 1883947852                 /storage/home/hcoda1/4/hyu483/conda_envs/qgis332/lib/python3.11/lib-dynload/_datetime.cpython-311-x86_64-linux-gnu.so
15554775c000-155547762000 r--p 00016000 00:30 1883947852                 /storage/home/hcoda1/4/hyu483/conda_envs/qgis332/lib/python3.11/lib-dynload/_datetime.cpython-311-x86_64-linux-gnu.so
155547762000-155547763000 r--p 0001b000 00:30 1883947852                 /storage/home/hcoda1/4/hyu483/conda_envs/qgis332/lib/python3.11/lib-dynload/_datetime.cpython-311-x86_64-linux-gnu.so
155547763000-155547765000 rw-p 0001c000 00:30 1883947852                 /storage/home/hcoda1/4/hyu483/conda_envs/qgis332/lib/python3.11/lib-dynload/_datetime.cpython-311-x86_64-linux-gnu.so
155547765000-155547766000 r--p 00000000 00:30 1883947885                 /storage/home/hcoda1/4/hyu483/conda_envs/qgis332/lib/python3.11/lib-dynload/_typing.cpython-311-x86_64-linux-gnu.so
155547766000-155547767000 r-xp 00001000 00:30 1883947885                 /storage/home/hcoda1/4/hyu483/conda_envs/qgis332/lib/python3.11/lib-dynload/_typing.cpython-311-x86_64-linux-gnu.so
155547767000-155547768000 r--p 00002000 00:30 1883947885                 /storage/home/hcoda1/4/hyu483/conda_envs/qgis332/lib/python3.11/lib-dynload/_typing.cpython-311-x86_64-linux-gnu.so
155547768000-155547769000 r--p 00002000 00:30 1883947885                 /storage/home/hcoda1/4/hyu483/conda_envs/qgis332/lib/python3.11/lib-dynload/_typing.cpython-311-x86_64-linux-gnu.so
155547769000-15554776a000 rw-p 00003000 00:30 1883947885                 /storage/home/hcoda1/4/hyu483/conda_envs/qgis332/lib/python3.11/lib-dynload/_typing.cpython-311-x86_64-linux-gnu.so
15554776a000-15554786a000 rw-p 00000000 00:00 0 
15554786a000-15554786b000 r--p 00000000 00:30 1883947865                 /storage/home/hcoda1/4/hyu483/conda_envs/qgis332/lib/python3.11/lib-dynload/_posixshmem.cpython-311-x86_64-linux-gnu.so
15554786b000-15554786c000 r-xp 00001000 00:30 1883947865                 /storage/home/hcoda1/4/hyu483/conda_envs/qgis332/lib/python3.11/lib-dynload/_posixshmem.cpython-311-x86_64-linux-gnu.so
15554786c000-15554786d000 r--p 00002000 00:30 1883947865                 /storage/home/hcoda1/4/hyu483/conda_envs/qgis332/lib/python3.11/lib-dynload/_posixshmem.cpython-311-x86_64-linux-gnu.so
15554786d000-15554786e000 r--p 00002000 00:30 1883947865                 /storage/home/hcoda1/4/hyu483/conda_envs/qgis332/lib/python3.11/lib-dynload/_posixshmem.cpython-311-x86_64-linux-gnu.so
15554786e000-15554786f000 rw-p 00003000 00:30 1883947865                 /storage/home/hcoda1/4/hyu483/conda_envs/qgis332/lib/python3.11/lib-dynload/_posixshmem.cpython-311-x86_64-linux-gnu.so
15554786f000-155547871000 r--p 00000000 00:30 1883947862                 /storage/home/hcoda1/4/hyu483/conda_envs/qgis332/lib/python3.11/lib-dynload/_multiprocessing.cpython-311-x86_64-linux-gnu.so
155547871000-155547872000 r-xp 00002000 00:30 1883947862                 /storage/home/hcoda1/4/hyu483/conda_envs/qgis332/lib/python3.11/lib-dynload/_multiprocessing.cpython-311-x86_64-linux-gnu.so
155547872000-155547873000 r--p 00003000 00:30 1883947862                 /storage/home/hcoda1/4/hyu483/conda_envs/qgis332/lib/python3.11/lib-dynload/_multiprocessing.cpython-311-x86_64-linux-gnu.so
155547873000-155547874000 r--p 00003000 00:30 1883947862                 /storage/home/hcoda1/4/hyu483/conda_envs/qgis332/lib/python3.11/lib-dynload/_multiprocessing.cpython-311-x86_64-linux-gnu.so
155547874000-155547875000 rw-p 00004000 00:30 1883947862                 /storage/home/hcoda1/4/hyu483/conda_envs/qgis332/lib/python3.11/lib-dynload/_multiprocessing.cpython-311-x86_64-linux-gnu.so
155547875000-155547876000 r--p 00000000 00:30 1883947886                 /storage/home/hcoda1/4/hyu483/conda_envs/qgis332/lib/python3.11/lib-dynload/_uuid.cpython-311-x86_64-linux-gnu.so
155547876000-155547877000 r-xp 00001000 00:30 1883947886                 /storage/home/hcoda1/4/hyu483/conda_envs/qgis332/lib/python3.11/lib-dynload/_uuid.cpython-311-x86_64-linux-gnu.so
155547877000-155547878000 r--p 00002000 00:30 1883947886                 /storage/home/hcoda1/4/hyu483/conda_envs/qgis332/lib/python3.11/lib-dynload/_uuid.cpython-311-x86_64-linux-gnu.so
155547878000-155547879000 r--p 00002000 00:30 1883947886                 /storage/home/hcoda1/4/hyu483/conda_envs/qgis332/lib/python3.11/lib-dynload/_uuid.cpython-311-x86_64-linux-gnu.so
155547879000-15554787a000 rw-p 00003000 00:30 1883947886                 /storage/home/hcoda1/4/hyu483/conda_envs/qgis332/lib/python3.11/lib-dynload/_uuid.cpython-311-x86_64-linux-gnu.so
15554787a000-15554787b000 r--p 00000000 00:30 1883947845                 /storage/home/hcoda1/4/hyu483/conda_envs/qgis332/lib/python3.11/lib-dynload/_contextvars.cpython-311-x86_64-linux-gnu.so
15554787b000-15554787c000 r-xp 00001000 00:30 1883947845                 /storage/home/hcoda1/4/hyu483/conda_envs/qgis332/lib/python3.11/lib-dynload/_contextvars.cpython-311-x86_64-linux-gnu.so
15554787c000-15554787d000 r--p 00002000 00:30 1883947845                 /storage/home/hcoda1/4/hyu483/conda_envs/qgis332/lib/python3.11/lib-dynload/_contextvars.cpython-311-x86_64-linux-gnu.so
15554787d000-15554787e000 r--p 00002000 00:30 1883947845                 /storage/home/hcoda1/4/hyu483/conda_envs/qgis332/lib/python3.11/lib-dynload/_contextvars.cpython-311-x86_64-linux-gnu.so
15554787e000-15554787f000 rw-p 00003000 00:30 1883947845                 /storage/home/hcoda1/4/hyu483/conda_envs/qgis332/lib/python3.11/lib-dynload/_contextvars.cpython-311-x86_64-linux-gnu.so
15554787f000-155547882000 r--p 00000000 00:30 1883947857                 /storage/home/hcoda1/4/hyu483/conda_envs/qgis332/lib/python3.11/lib-dynload/_json.cpython-311-x86_64-linux-gnu.so
155547882000-155547889000 r-xp 00003000 00:30 1883947857                 /storage/home/hcoda1/4/hyu483/conda_envs/qgis332/lib/python3.11/lib-dynload/_json.cpython-311-x86_64-linux-gnu.so
155547889000-15554788b000 r--p 0000a000 00:30 1883947857                 /storage/home/hcoda1/4/hyu483/conda_envs/qgis332/lib/python3.11/lib-dynload/_json.cpython-311-x86_64-linux-gnu.so
15554788b000-15554788c000 r--p 0000b000 00:30 1883947857                 /storage/home/hcoda1/4/hyu483/conda_envs/qgis332/lib/python3.11/lib-dynload/_json.cpython-311-x86_64-linux-gnu.so
15554788c000-15554788d000 rw-p 0000c000 00:30 1883947857                 /storage/home/hcoda1/4/hyu483/conda_envs/qgis332/lib/python3.11/lib-dynload/_json.cpython-311-x86_64-linux-gnu.so
15554788d000-15554788e000 r--p 00000000 00:30 1883947863                 /storage/home/hcoda1/4/hyu483/conda_envs/qgis332/lib/python3.11/lib-dynload/_opcode.cpython-311-x86_64-linux-gnu.so
15554788e000-15554788f000 r-xp 00001000 00:30 1883947863                 /storage/home/hcoda1/4/hyu483/conda_envs/qgis332/lib/python3.11/lib-dynload/_opcode.cpython-311-x86_64-linux-gnu.so
15554788f000-155547890000 r--p 00002000 00:30 1883947863                 /storage/home/hcoda1/4/hyu483/conda_envs/qgis332/lib/python3.11/lib-dynload/_opcode.cpython-311-x86_64-linux-gnu.so
155547890000-155547891000 r--p 00002000 00:30 1883947863                 /storage/home/hcoda1/4/hyu483/conda_envs/qgis332/lib/python3.11/lib-dynload/_opcode.cpython-311-x86_64-linux-gnu.so
155547891000-155547892000 rw-p 00003000 00:30 1883947863                 /storage/home/hcoda1/4/hyu483/conda_envs/qgis332/lib/python3.11/lib-dynload/_opcode.cpython-311-x86_64-linux-gnu.so
155547892000-155547894000 r--p 00000000 00:30 1883947872                 /storage/home/hcoda1/4/hyu483/conda_envs/qgis332/lib/python3.11/lib-dynload/_sha512.cpython-311-x86_64-linux-gnu.so
155547894000-155547898000 r-xp 00002000 00:30 1883947872                 /storage/home/hcoda1/4/hyu483/conda_envs/qgis332/lib/python3.11/lib-dynload/_sha512.cpython-311-x86_64-linux-gnu.so
155547898000-155547899000 r--p 00006000 00:30 1883947872                 /storage/home/hcoda1/4/hyu483/conda_envs/qgis332/lib/python3.11/lib-dynload/_sha512.cpython-311-x86_64-linux-gnu.so
155547899000-15554789a000 r--p 00006000 00:30 1883947872                 /storage/home/hcoda1/4/hyu483/conda_envs/qgis332/lib/python3.11/lib-dynload/_sha512.cpython-311-x86_64-linux-gnu.so
15554789a000-15554789b000 rw-p 00007000 00:30 1883947872                 /storage/home/hcoda1/4/hyu483/conda_envs/qgis332/lib/python3.11/lib-dynload/_sha512.cpython-311-x86_64-linux-gnu.so
15554789b000-15554789d000 r--p 00000000 00:30 1883947868                 /storage/home/hcoda1/4/hyu483/conda_envs/qgis332/lib/python3.11/lib-dynload/_random.cpython-311-x86_64-linux-gnu.so
15554789d000-15554789f000 r-xp 00002000 00:30 1883947868                 /storage/home/hcoda1/4/hyu483/conda_envs/qgis332/lib/python3.11/lib-dynload/_random.cpython-311-x86_64-linux-gnu.so
15554789f000-1555478a0000 r--p 00004000 00:30 1883947868                 /storage/home/hcoda1/4/hyu483/conda_envs/qgis332/lib/python3.11/lib-dynload/_random.cpython-311-x86_64-linux-gnu.so
1555478a0000-1555478a1000 r--p 00004000 00:30 1883947868                 /storage/home/hcoda1/4/hyu483/conda_envs/qgis332/lib/python3.11/lib-dynload/_random.cpython-311-x86_64-linux-gnu.so
1555478a1000-1555478a2000 rw-p 00005000 00:30 1883947868                 /storage/home/hcoda1/4/hyu483/conda_envs/qgis332/lib/python3.11/lib-dynload/_random.cpython-311-x86_64-linux-gnu.so
1555478a2000-1555478a4000 r--p 00000000 00:30 1883947836                 /storage/home/hcoda1/4/hyu483/conda_envs/qgis332/lib/python3.11/lib-dynload/_bisect.cpython-311-x86_64-linux-gnu.so
1555478a4000-1555478a5000 r-xp 00002000 00:30 1883947836                 /storage/home/hcoda1/4/hyu483/conda_envs/qgis332/lib/python3.11/lib-dynload/_bisect.cpython-311-x86_64-linux-gnu.so
1555478a5000-1555478a6000 r--p 00003000 00:30 1883947836                 /storage/home/hcoda1/4/hyu483/conda_envs/qgis332/lib/python3.11/lib-dynload/_bisect.cpython-311-x86_64-linux-gnu.so
1555478a6000-1555478a7000 r--p 00003000 00:30 1883947836                 /storage/home/hcoda1/4/hyu483/conda_envs/qgis332/lib/python3.11/lib-dynload/_bisect.cpython-311-x86_64-linux-gnu.so
1555478a7000-1555478a8000 rw-p 00004000 00:30 1883947836                 /storage/home/hcoda1/4/hyu483/conda_envs/qgis332/lib/python3.11/lib-dynload/_bisect.cpython-311-x86_64-linux-gnu.so
1555478a8000-1555478ac000 r--p 00000000 00:30 1883947890                 /storage/home/hcoda1/4/hyu483/conda_envs/qgis332/lib/python3.11/lib-dynload/array.cpython-311-x86_64-linux-gnu.so
1555478ac000-1555478b3000 r-xp 00004000 00:30 1883947890                 /storage/home/hcoda1/4/hyu483/conda_envs/qgis332/lib/python3.11/lib-dynload/array.cpython-311-x86_64-linux-gnu.so
1555478b3000-1555478b7000 r--p 0000b000 00:30 1883947890                 /storage/home/hcoda1/4/hyu483/conda_envs/qgis332/lib/python3.11/lib-dynload/array.cpython-311-x86_64-linux-gnu.so
1555478b7000-1555478b8000 r--p 0000f000 00:30 1883947890                 /storage/home/hcoda1/4/hyu483/conda_envs/qgis332/lib/python3.11/lib-dynload/array.cpython-311-x86_64-linux-gnu.so
1555478b8000-1555478b9000 rw-p 00010000 00:30 1883947890                 /storage/home/hcoda1/4/hyu483/conda_envs/qgis332/lib/python3.11/lib-dynload/array.cpython-311-x86_64-linux-gnu.so
1555478b9000-1555478bd000 r--p 00000000 00:30 1883947896                 /storage/home/hcoda1/4/hyu483/conda_envs/qgis332/lib/python3.11/lib-dynload/math.cpython-311-x86_64-linux-gnu.so
1555478bd000-1555478c4000 r-xp 00004000 00:30 1883947896                 /storage/home/hcoda1/4/hyu483/conda_envs/qgis332/lib/python3.11/lib-dynload/math.cpython-311-x86_64-linux-gnu.so
1555478c4000-1555478c9000 r--p 0000b000 00:30 1883947896                 /storage/home/hcoda1/4/hyu483/conda_envs/qgis332/lib/python3.11/lib-dynload/math.cpython-311-x86_64-linux-gnu.so
1555478c9000-1555478ca000 r--p 0000f000 00:30 1883947896                 /storage/home/hcoda1/4/hyu483/conda_envs/qgis332/lib/python3.11/lib-dynload/math.cpython-311-x86_64-linux-gnu.so
1555478ca000-1555478cb000 rw-p 00010000 00:30 1883947896                 /storage/home/hcoda1/4/hyu483/conda_envs/qgis332/lib/python3.11/lib-dynload/math.cpython-311-x86_64-linux-gnu.so
1555478cb000-1555478d0000 r--p 00000000 00:30 1883947873                 /storage/home/hcoda1/4/hyu483/conda_envs/qgis332/lib/python3.11/lib-dynload/_socket.cpython-311-x86_64-linux-gnu.so
1555478d0000-1555478d8000 r-xp 00005000 00:30 1883947873                 /storage/home/hcoda1/4/hyu483/conda_envs/qgis332/lib/python3.11/lib-dynload/_socket.cpython-311-x86_64-linux-gnu.so
1555478d8000-1555478e0000 r--p 0000d000 00:30 1883947873                 /storage/home/hcoda1/4/hyu483/conda_envs/qgis332/lib/python3.11/lib-dynload/_socket.cpython-311-x86_64-linux-gnu.so
1555478e0000-1555478e1000 r--p 00014000 00:30 1883947873                 /storage/home/hcoda1/4/hyu483/conda_envs/qgis332/lib/python3.11/lib-dynload/_socket.cpython-311-x86_64-linux-gnu.so
1555478e1000-1555478e2000 rw-p 00015000 00:30 1883947873                 /storage/home/hcoda1/4/hyu483/conda_envs/qgis332/lib/python3.11/lib-dynload/_socket.cpython-311-x86_64-linux-gnu.so
1555478e2000-1555478e7000 r--p 00000000 00:30 1883947864                 /storage/home/hcoda1/4/hyu483/conda_envs/qgis332/lib/python3.11/lib-dynload/_pickle.cpython-311-x86_64-linux-gnu.so
1555478e7000-1555478f8000 r-xp 00005000 00:30 1883947864                 /storage/home/hcoda1/4/hyu483/conda_envs/qgis332/lib/python3.11/lib-dynload/_pickle.cpython-311-x86_64-linux-gnu.so
1555478f8000-1555478fe000 r--p 00016000 00:30 1883947864                 /storage/home/hcoda1/4/hyu483/conda_envs/qgis332/lib/python3.11/lib-dynload/_pickle.cpython-311-x86_64-linux-gnu.so
1555478fe000-1555478ff000 r--p 0001c000 00:30 1883947864                 /storage/home/hcoda1/4/hyu483/conda_envs/qgis332/lib/python3.11/lib-dynload/_pickle.cpython-311-x86_64-linux-gnu.so
1555478ff000-155547900000 rw-p 0001d000 00:30 1883947864                 /storage/home/hcoda1/4/hyu483/conda_envs/qgis332/lib/python3.11/lib-dynload/_pickle.cpython-311-x86_64-linux-gnu.so
155547900000-155547c00000 rw-p 00000000 00:00 0 
155547c00000-155555130000 r--p 00000000 fd:00 102696584                  /usr/lib/locale/locale-archive
155555130000-155555133000 r--p 00000000 00:30 1883947903                 /storage/home/hcoda1/4/hyu483/conda_envs/qgis332/lib/python3.11/lib-dynload/select.cpython-311-x86_64-linux-gnu.so
155555133000-155555136000 r-xp 00003000 00:30 1883947903                 /storage/home/hcoda1/4/hyu483/conda_envs/qgis332/lib/python3.11/lib-dynload/select.cpython-311-x86_64-linux-gnu.so
155555136000-155555138000 r--p 00006000 00:30 1883947903                 /storage/home/hcoda1/4/hyu483/conda_envs/qgis332/lib/python3.11/lib-dynload/select.cpython-311-x86_64-linux-gnu.so
155555138000-155555139000 r--p 00008000 00:30 1883947903                 /storage/home/hcoda1/4/hyu483/conda_envs/qgis332/lib/python3.11/lib-dynload/select.cpython-311-x86_64-linux-gnu.so
155555139000-15555513a000 rw-p 00009000 00:30 1883947903                 /storage/home/hcoda1/4/hyu483/conda_envs/qgis332/lib/python3.11/lib-dynload/select.cpython-311-x86_64-linux-gnu.so
15555513a000-15555513e000 r--p 00000000 00:30 1883947877                 /storage/home/hcoda1/4/hyu483/conda_envs/qgis332/lib/python3.11/lib-dynload/_struct.cpython-311-x86_64-linux-gnu.so
15555513e000-155555143000 r-xp 00004000 00:30 1883947877                 /storage/home/hcoda1/4/hyu483/conda_envs/qgis332/lib/python3.11/lib-dynload/_struct.cpython-311-x86_64-linux-gnu.so
155555143000-155555147000 r--p 00009000 00:30 1883947877                 /storage/home/hcoda1/4/hyu483/conda_envs/qgis332/lib/python3.11/lib-dynload/_struct.cpython-311-x86_64-linux-gnu.so
155555147000-155555148000 r--p 0000c000 00:30 1883947877                 /storage/home/hcoda1/4/hyu483/conda_envs/qgis332/lib/python3.11/lib-dynload/_struct.cpython-311-x86_64-linux-gnu.so
155555148000-155555149000 rw-p 0000d000 00:30 1883947877                 /storage/home/hcoda1/4/hyu483/conda_envs/qgis332/lib/python3.11/lib-dynload/_struct.cpython-311-x86_64-linux-gnu.so
155555149000-1555551ab000 rw-p 00000000 00:00 0 
1555551ab000-155555200000 r--p 00000000 fd:00 67240385                   /usr/lib/locale/C.utf8/LC_CTYPE
155555200000-155555228000 r--p 00000000 fd:00 33554577                   /usr/lib64/libc.so.6
155555228000-15555539d000 r-xp 00028000 fd:00 33554577                   /usr/lib64/libc.so.6
15555539d000-1555553f5000 r--p 0019d000 fd:00 33554577                   /usr/lib64/libc.so.6
1555553f5000-1555553f9000 r--p 001f5000 fd:00 33554577                   /usr/lib64/libc.so.6
1555553f9000-1555553fb000 rw-p 001f9000 fd:00 33554577                   /usr/lib64/libc.so.6
1555553fb000-155555408000 rw-p 00000000 00:00 0 
155555408000-15555540a000 r--p 00000000 00:30 1883947866                 /storage/home/hcoda1/4/hyu483/conda_envs/qgis332/lib/python3.11/lib-dynload/_posixsubprocess.cpython-311-x86_64-linux-gnu.so
15555540a000-15555540c000 r-xp 00002000 00:30 1883947866                 /storage/home/hcoda1/4/hyu483/conda_envs/qgis332/lib/python3.11/lib-dynload/_posixsubprocess.cpython-311-x86_64-linux-gnu.so
15555540c000-15555540d000 r--p 00004000 00:30 1883947866                 /storage/home/hcoda1/4/hyu483/conda_envs/qgis332/lib/python3.11/lib-dynload/_posixsubprocess.cpython-311-x86_64-linux-gnu.so
15555540d000-15555540e000 r--p 00004000 00:30 1883947866                 /storage/home/hcoda1/4/hyu483/conda_envs/qgis332/lib/python3.11/lib-dynload/_posixsubprocess.cpython-311-x86_64-linux-gnu.so
15555540e000-15555540f000 rw-p 00005000 00:30 1883947866                 /storage/home/hcoda1/4/hyu483/conda_envs/qgis332/lib/python3.11/lib-dynload/_posixsubprocess.cpython-311-x86_64-linux-gnu.so
15555540f000-155555411000 rw-p 00000000 00:00 0 
155555411000-155555412000 r--p 00000000 fd:00 33554589                   /usr/lib64/librt.so.1
155555412000-155555413000 r-xp 00001000 fd:00 33554589                   /usr/lib64/librt.so.1
155555413000-155555414000 r--p 00002000 fd:00 33554589                   /usr/lib64/librt.so.1
155555414000-155555415000 r--p 00002000 fd:00 33554589                   /usr/lib64/librt.so.1
155555415000-155555416000 rw-p 00003000 fd:00 33554589                   /usr/lib64/librt.so.1
155555416000-155555423000 r--p 00000000 fd:00 33554580                   /usr/lib64/libm.so.6
155555423000-155555493000 r-xp 0000d000 fd:00 33554580                   /usr/lib64/libm.so.6
155555493000-1555554ef000 r--p 0007d000 fd:00 33554580                   /usr/lib64/libm.so.6
1555554ef000-1555554f0000 r--p 000d8000 fd:00 33554580                   /usr/lib64/libm.so.6
1555554f0000-1555554f1000 rw-p 000d9000 fd:00 33554580                   /usr/lib64/libm.so.6
1555554f1000-1555554f3000 rw-p 00000000 00:00 0 
1555554f3000-1555554f4000 r--p 00000000 fd:00 33554591                   /usr/lib64/libutil.so.1
1555554f4000-1555554f5000 r-xp 00001000 fd:00 33554591                   /usr/lib64/libutil.so.1
1555554f5000-1555554f6000 r--p 00002000 fd:00 33554591                   /usr/lib64/libutil.so.1
1555554f6000-1555554f7000 r--p 00002000 fd:00 33554591                   /usr/lib64/libutil.so.1
1555554f7000-1555554f8000 rw-p 00003000 fd:00 33554591                   /usr/lib64/libutil.so.1
1555554f8000-1555554f9000 r--p 00000000 fd:00 33554579                   /usr/lib64/libdl.so.2
1555554f9000-1555554fa000 r-xp 00001000 fd:00 33554579                   /usr/lib64/libdl.so.2
1555554fa000-1555554fb000 r--p 00002000 fd:00 33554579                   /usr/lib64/libdl.so.2
1555554fb000-1555554fc000 r--p 00002000 fd:00 33554579                   /usr/lib64/libdl.so.2
1555554fc000-1555554fd000 rw-p 00003000 fd:00 33554579                   /usr/lib64/libdl.so.2
1555554fd000-1555554fe000 r--p 00000000 fd:00 33554587                   /usr/lib64/libpthread.so.0
1555554fe000-1555554ff000 r-xp 00001000 fd:00 33554587                   /usr/lib64/libpthread.so.0
1555554ff000-155555500000 r--p 00002000 fd:00 33554587                   /usr/lib64/libpthread.so.0
155555500000-155555501000 r--p 00002000 fd:00 33554587                   /usr/lib64/libpthread.so.0
155555501000-155555502000 rw-p 00003000 fd:00 33554587                   /usr/lib64/libpthread.so.0
155555502000-155555503000 rw-s 00000000 00:63 261                        /dev/shm/sem.mp-w1z1dv85 (deleted)
155555503000-155555504000 rw-s 00000000 00:63 260                        /dev/shm/sem.mp-fp5eeood (deleted)
155555504000-155555506000 r--p 00000000 00:30 1883947894                 /storage/home/hcoda1/4/hyu483/conda_envs/qgis332/lib/python3.11/lib-dynload/fcntl.cpython-311-x86_64-linux-gnu.so
155555506000-155555507000 r-xp 00002000 00:30 1883947894                 /storage/home/hcoda1/4/hyu483/conda_envs/qgis332/lib/python3.11/lib-dynload/fcntl.cpython-311-x86_64-linux-gnu.so
155555507000-155555509000 r--p 00003000 00:30 1883947894                 /storage/home/hcoda1/4/hyu483/conda_envs/qgis332/lib/python3.11/lib-dynload/fcntl.cpython-311-x86_64-linux-gnu.so
155555509000-15555550a000 r--p 00004000 00:30 1883947894                 /storage/home/hcoda1/4/hyu483/conda_envs/qgis332/lib/python3.11/lib-dynload/fcntl.cpython-311-x86_64-linux-gnu.so
15555550a000-15555550b000 rw-p 00005000 00:30 1883947894                 /storage/home/hcoda1/4/hyu483/conda_envs/qgis332/lib/python3.11/lib-dynload/fcntl.cpython-311-x86_64-linux-gnu.so
15555550b000-15555550f000 rw-p 00000000 00:00 0 
15555550f000-155555516000 r--s 00000000 fd:00 67242496                   /usr/lib64/gconv/gconv-modules.cache
155555516000-155555518000 rw-p 00000000 00:00 0 
155555518000-15555551c000 r--p 00000000 00:00 0                          [vvar]
15555551c000-15555551e000 r-xp 00000000 00:00 0                          [vdso]
15555551e000-155555520000 r--p 00000000 fd:00 33554572                   /usr/lib64/ld-linux-x86-64.so.2
155555520000-155555547000 r-xp 00002000 fd:00 33554572                   /usr/lib64/ld-linux-x86-64.so.2
155555547000-155555552000 r--p 00029000 fd:00 33554572                   /usr/lib64/ld-linux-x86-64.so.2
155555552000-155555554000 r--p 00034000 fd:00 33554572                   /usr/lib64/ld-linux-x86-64.so.2
155555554000-155555556000 rw-p 00036000 fd:00 33554572                   /usr/lib64/ld-linux-x86-64.so.2
555555554000-555555644000 r--p 00000000 00:30 1883928226                 /storage/home/hcoda1/4/hyu483/conda_envs/qgis332/bin/python3.11
555555644000-555555881000 r-xp 000f0000 00:30 1883928226                 /storage/home/hcoda1/4/hyu483/conda_envs/qgis332/bin/python3.11
555555881000-55555596d000 r--p 0032d000 00:30 1883928226                 /storage/home/hcoda1/4/hyu483/conda_envs/qgis332/bin/python3.11
55555596d000-55555599c000 r--p 00419000 00:30 1883928226                 /storage/home/hcoda1/4/hyu483/conda_envs/qgis332/bin/python3.11
55555599c000-555555acd000 rw-p 00448000 00:30 1883928226                 /storage/home/hcoda1/4/hyu483/conda_envs/qgis332/bin/python3.11
555555acd000-555555b0f000 rw-p 00000000 00:00 0 
555555b0f000-55555f259000 rw-p 00000000 00:00 0                          [heap]
55555f259000-55555f817000 rw-p 00000000 00:00 0                          [heap]
55555f817000-55555fa01000 rw-p 00000000 00:00 0                          [heap]
55555fa01000-55555ffc1000 rw-p 00000000 00:00 0                          [heap]
55555ffc1000-55556086e000 rw-p 00000000 00:00 0                          [heap]
55556086e000-555562cf6000 rw-p 00000000 00:00 0                          [heap]
555562cf6000-555562e68000 rw-p 00000000 00:00 0                          [heap]
555562e68000-555563570000 rw-p 00000000 00:00 0                          [heap]
555563570000-555563666000 rw-p 00000000 00:00 0                          [heap]
555563666000-5555650ed000 rw-p 00000000 00:00 0                          [heap]
5555650ed000-5555652c7000 rw-p 00000000 00:00 0                          [heap]
5555652c7000-555565e8e000 rw-p 00000000 00:00 0                          [heap]
555565e8e000-555565f0f000 rw-p 00000000 00:00 0                          [heap]
555565f0f000-555569517000 rw-p 00000000 00:00 0                          [heap]
555569517000-555569845000 rw-p 00000000 00:00 0                          [heap]
7fffffeff000-7ffffff03000 ---p 00000000 00:00 0 
7ffffff03000-7ffffffff000 rw-p 00000000 00:00 0                          [stack]
ffffffffff600000-ffffffffff601000 --xp 00000000 00:00 0                  [vsyscall]


VM Arguments:
java_command: <unknown>
java_class_path (initial): /storage/home/hcoda1/4/hyu483/qgis_332/profiles/default/python/plugins/processing_umep/functions/URock/h2gis-standalone/h2gis-dist-2.2.3.jar:/storage/home/hcoda1/4/hyu483/.local/lib/python3.11/site-packages/org.jpype.jar
Launcher Type: generic

[Global flags]
     intx CICompilerCount                          = 12                                        {product} {ergonomic}
     uint ConcGCThreads                            = 3                                         {product} {ergonomic}
     uint G1ConcRefinementThreads                  = 13                                        {product} {ergonomic}
   size_t G1HeapRegionSize                         = 16777216                                  {product} {ergonomic}
    uintx GCDrainStackTargetSize                   = 64                                        {product} {ergonomic}
   size_t InitialHeapSize                          = 2147483648                                {product} {ergonomic}
   size_t MarkStackSize                            = 4194304                                   {product} {ergonomic}
   size_t MaxHeapSize                              = 32178700288                               {product} {ergonomic}
   size_t MaxNewSize                               = 19293798400                               {product} {ergonomic}
   size_t MinHeapDeltaBytes                        = 16777216                                  {product} {ergonomic}
   size_t MinHeapSize                              = 16777216                                  {product} {ergonomic}
    uintx NonNMethodCodeHeapSize                   = 7602480                                {pd product} {ergonomic}
    uintx NonProfiledCodeHeapSize                  = 122027880                              {pd product} {ergonomic}
    uintx ProfiledCodeHeapSize                     = 122027880                              {pd product} {ergonomic}
    uintx ReservedCodeCacheSize                    = 251658240                              {pd product} {ergonomic}
     bool SegmentedCodeCache                       = true                                      {product} {ergonomic}
   size_t SoftMaxHeapSize                          = 32178700288                            {manageable} {ergonomic}
     bool UseCompressedClassPointers               = true                           {product lp64_product} {ergonomic}
     bool UseCompressedOops                        = true                           {product lp64_product} {ergonomic}
     bool UseG1GC                                  = true                                      {product} {ergonomic}

Logging:
Log output configuration:
 #0: stdout all=off uptime,level,tags
 #1: stderr all=off uptime,level,tags

Environment Variables:
JAVA_HOME=/usr/lib/jvm/java-17-openjdk-17.0.16.0.8-2.el9.x86_64
PATH=/storage/home/hcoda1/4/hyu483/conda_envs/qgis332/bin:/usr/local/pace-apps/manual/packages/miniforge/24.3.0-0/condabin:/opt/pace-common/bin:/opt/slurm/current/bin:/usr/local/pace-apps/spack/packages/linux-rhel9-x86_64_v3/gcc-12.3.0/mvapich2-2.3.7-1-qv3gjagtbx5e3rlbdy6iy2sfczryftyt/bin:/opt/pmix/4.2.6/bin:/usr/local/pace-apps/spack/packages/linux-rhel9-x86_64_v3/gcc-11.3.1/gcc-12.3.0-ukkkutsxfl5kpnnaxflpkq2jtliwthfz/bin:/opt/TurboVNC/bin:/usr/local/bin:/usr/bin:/usr/local/sbin:/usr/sbin:/opt/mellanox/doca/tools:/opt/iozone/bin:/storage/home/hcoda1/4/hyu483/bin
LD_LIBRARY_PATH=/opt/slurm/current/lib:/usr/local/pace-apps/spack/packages/linux-rhel9-x86_64_v3/gcc-12.3.0/mvapich2-2.3.7-1-qv3gjagtbx5e3rlbdy6iy2sfczryftyt/lib:/opt/slurm/current/lib:/opt/pmix/4.2.6/lib:/usr/local/pace-apps/spack/packages/linux-rhel9-x86_64_v3/gcc-12.3.0/libpciaccess-0.17-pjfe4ct4gfm5k26s36hmewhbz4k232dl/lib:/usr/local/pace-apps/spack/packages/linux-rhel9-x86_64_v3/gcc-11.3.1/gcc-12.3.0-ukkkutsxfl5kpnnaxflpkq2jtliwthfz/lib64:/usr/local/pace-apps/spack/packages/linux-rhel9-x86_64_v3/gcc-11.3.1/gcc-12.3.0-ukkkutsxfl5kpnnaxflpkq2jtliwthfz/lib:/usr/local/pace-apps/spack/packages/linux-rhel9-x86_64_v3/gcc-12.3.0/zlib-1.2.13-3qhjpij2pji47kfanmlflvwk5ljcn5lh/lib:/usr/local/pace-apps/spack/packages/linux-rhel9-x86_64_v3/gcc-12.3.0/mpc-1.3.1-3zvixith5i243hwiill4exyu3lf2q6ad/lib:/usr/local/pace-apps/spack/packages/linux-rhel9-x86_64_v3/gcc-12.3.0/mpfr-4.2.0-tox4bdsc25zr763rnq5gzlukfbvw7uj7/lib:/usr/local/pace-apps/spack/packages/linux-rhel9-x86_64_v3/gcc-12.3.0/gmp-6.2.1-n7dzsse5e3f6w5z6q6cuqursydg6yypo/lib::
SHELL=/bin/bash
DISPLAY=:1.0
LANG=C.UTF-8
TERM=xterm-256color
TMPDIR=/tmp

Active Locale:
LC_ALL=LC_CTYPE=en_US.UTF-8;LC_NUMERIC=C;LC_TIME=en_US.UTF-8;LC_COLLATE=en_US.UTF-8;LC_MONETARY=en_US.UTF-8;LC_MESSAGES=en_US.UTF-8;LC_PAPER=C.UTF-8;LC_NAME=C.UTF-8;LC_ADDRESS=C.UTF-8;LC_TELEPHONE=C.UTF-8;LC_MEASUREMENT=C.UTF-8;LC_IDENTIFICATION=C.UTF-8
LC_COLLATE=en_US.UTF-8
LC_CTYPE=en_US.UTF-8
LC_MESSAGES=en_US.UTF-8
LC_MONETARY=en_US.UTF-8
LC_NUMERIC=C
LC_TIME=en_US.UTF-8

Signal Handlers:
   SIGSEGV: crash_handler in libjvm.so, mask=11100100010111111101111111111110, flags=SA_RESTART|SA_SIGINFO, unblocked
    SIGBUS: crash_handler in libjvm.so, mask=11100100010111111101111111111110, flags=SA_RESTART|SA_SIGINFO, unblocked
    SIGFPE: crash_handler in libjvm.so, mask=11100100010111111101111111111110, flags=SA_RESTART|SA_SIGINFO, unblocked
   SIGPIPE: SIG_IGN, mask=00000000000000000000000000000000, flags=none, blocked
  *** Handler was modified!
  *** Expected: 0x000055555c820340, mask=00001111101010110011100000111010, flags=SA_RESTART|SA_SIGINFO
   SIGXFSZ: javaSignalHandler in libjvm.so, mask=11100100010111111101111111111110, flags=SA_RESTART|SA_SIGINFO, blocked
    SIGILL: crash_handler in libjvm.so, mask=11100100010111111101111111111110, flags=SA_RESTART|SA_SIGINFO, unblocked
   SIGUSR2: SR_handler in libjvm.so, mask=00000000000000000000000000000000, flags=SA_RESTART|SA_SIGINFO, blocked
  *** Handler was modified!
  *** Expected: 0x000055555c81fc40, mask=00001011101111111000000100111010, flags=SA_RESTART|SA_SIGINFO
    SIGHUP: UserHandler in libjvm.so, mask=11100100010111111101111111111110, flags=SA_RESTART|SA_SIGINFO, blocked
    SIGINT: UserHandler in libjvm.so, mask=11100100010111111101111111111110, flags=SA_RESTART|SA_SIGINFO, blocked
   SIGTERM: UserHandler in libjvm.so, mask=11100100010111111101111111111110, flags=SA_RESTART|SA_SIGINFO, blocked
   SIGQUIT: UserHandler in libjvm.so, mask=11100100010111111101111111111110, flags=SA_RESTART|SA_SIGINFO, blocked
   SIGTRAP: crash_handler in libjvm.so, mask=11100100010111111101111111111110, flags=SA_RESTART|SA_SIGINFO, unblocked


Periodic native trim disabled


---------------  S Y S T E M  ---------------

OS:
Red Hat Enterprise Linux release 9.6 (Plow)
uname: Linux 5.14.0-570.37.1.el9_6.x86_64 #1 SMP PREEMPT_DYNAMIC Sat Aug 16 01:10:00 EDT 2025 x86_64
OS uptime: 73 days 5:24 hours
libc: glibc 2.34 NPTL 2.34 
rlimit (soft/hard): STACK infinity/infinity , CORE infinity/infinity , NPROC 2060845/2060845 , NOFILE 131072/131072 , AS infinity/infinity , CPU infinity/infinity , DATA infinity/infinity , FSIZE infinity/infinity , MEMLOCK infinity/infinity
load average: 2.08 2.31 7.16

/proc/meminfo:
MemTotal:       527658784 kB
MemFree:        460588136 kB
MemAvailable:   507226540 kB
Buffers:            8460 kB
Cached:         46535828 kB
SwapCached:            8 kB
Active:         16529828 kB
Inactive:       39230608 kB
Active(anon):    9333232 kB
Inactive(anon):    16444 kB
Active(file):    7196596 kB
Inactive(file): 39214164 kB
Unevictable:       37788 kB
Mlocked:           34716 kB
SwapTotal:       8388604 kB
SwapFree:        8388092 kB
Zswap:                 0 kB
Zswapped:              0 kB
Dirty:              1112 kB
Writeback:             0 kB
AnonPages:       9211520 kB
Mapped:          1033836 kB
Shmem:            173600 kB
KReclaimable:    3874564 kB
Slab:            8198588 kB
SReclaimable:    3874564 kB
SUnreclaim:      4324024 kB
KernelStack:       50144 kB
PageTables:        46624 kB
SecPageTables:     59468 kB
NFS_Unstable:          0 kB
Bounce:                0 kB
WritebackTmp:          0 kB
CommitLimit:    272217996 kB
Committed_AS:   52916808 kB
VmallocTotal:   34359738367 kB
VmallocUsed:      402196 kB
VmallocChunk:          0 kB
Percpu:           304640 kB
HardwareCorrupted:     0 kB
AnonHugePages:   5842944 kB
ShmemHugePages:        0 kB
ShmemPmdMapped:        0 kB
FileHugePages:         0 kB
FilePmdMapped:         0 kB
CmaTotal:              0 kB
CmaFree:               0 kB
Unaccepted:            0 kB
HugePages_Total:       0
HugePages_Free:        0
HugePages_Rsvd:        0
HugePages_Surp:        0
Hugepagesize:       2048 kB
Hugetlb:               0 kB
DirectMap4k:      860812 kB
DirectMap2M:    12623872 kB
DirectMap1G:    523239424 kB

/sys/kernel/mm/transparent_hugepage/enabled: [always] madvise never
/sys/kernel/mm/transparent_hugepage/hpage_pmd_size: 2097152
/sys/kernel/mm/transparent_hugepage/defrag (defrag/compaction efforts parameter): always defer defer+madvise [madvise] never

Process Memory:
Virtual Size: 42194936K (peak: 42604044K)
Resident Set Size: 3777104K (peak: 3834900K) (anon: 3416656K, file: 360448K, shmem: 0K)
Swapped out: 0K
C-Heap outstanding allocations: 1163161K, retained: 468290K
glibc malloc tunables: (default)

/proc/sys/kernel/threads-max (system-wide limit on the number of threads): 4121690
/proc/sys/vm/max_map_count (maximum number of memory map areas a process may have): 983040
/proc/sys/vm/swappiness (control to define how aggressively the kernel swaps out anonymous memory): 10
/proc/sys/kernel/pid_max (system-wide limit on number of process identifiers): 4194304

container (cgroup) information:
container_type: cgroupv2
cpu_cpuset_cpus: not supported
cpu_memory_nodes: not supported
active_processor_count: 16
cpu_quota: no quota
cpu_period: 100000
cpu_shares: no shares
memory_limit_in_bytes: unlimited
memory_and_swap_limit_in_bytes: unlimited
memory_soft_limit_in_bytes: 0
memory_usage_in_bytes: 34467560 k
memory_max_usage_in_bytes: not supported
memory_swap_current_in_bytes: 0
memory_swap_max_limit_in_bytes: unlimited
maximum number of tasks: not supported
current number of tasks: not supported

Steal ticks since vm start: 0
Steal ticks percentage since vm start:  0.000

CPU: total 128 (initial active 16) (64 cores per cpu, 1 threads per core) family 25 model 1 stepping 1 microcode 0xa0011d5, cx8, cmov, fxsr, mmx, 3dnowpref, sse, sse2, sse3, ssse3, sse4a, sse4.1, sse4.2, popcnt, lzcnt, tsc, tscinvbit, avx, avx2, aes, clmul, bmi1, bmi2, adx, sha, fma, vzeroupper, clflush, clflushopt
CPU Model and flags from /proc/cpuinfo:
model name	: AMD EPYC 7713 64-Core Processor
flags		: fpu vme de pse tsc msr pae mce cx8 apic sep mtrr pge mca cmov pat pse36 clflush mmx fxsr sse sse2 ht syscall nx mmxext fxsr_opt pdpe1gb rdtscp lm constant_tsc rep_good nopl xtopology nonstop_tsc cpuid extd_apicid aperfmperf rapl pni pclmulqdq monitor ssse3 fma cx16 pcid sse4_1 sse4_2 movbe popcnt aes xsave avx f16c rdrand lahf_lm cmp_legacy svm extapic cr8_legacy abm sse4a misalignsse 3dnowprefetch osvw ibs skinit wdt tce topoext perfctr_core perfctr_nb bpext perfctr_llc mwaitx cpb cat_l3 cdp_l3 hw_pstate ssbd mba ibrs ibpb stibp vmmcall fsgsbase bmi1 avx2 smep bmi2 invpcid cqm rdt_a rdseed adx smap clflushopt clwb sha_ni xsaveopt xsavec xgetbv1 xsaves cqm_llc cqm_occup_llc cqm_mbm_total cqm_mbm_local clzero irperf xsaveerptr rdpru wbnoinvd amd_ppin brs arat npt lbrv svm_lock nrip_save tsc_scale vmcb_clean flushbyasid decodeassists pausefilter pfthreshold v_vmsave_vmload vgif v_spec_ctrl umip pku ospke vaes vpclmulqdq rdpid overflow_recov succor smca debug_swap

Online cpus: 0-127
Offline cpus: 
BIOS frequency limitation: 2000000
Frequency switch latency (ns): 0
Available cpu frequencies: 2000000 1700000 1500000 
Current governor: performance
Core performance/turbo boost: 1

Memory: 4k page, physical 527658784k(460589160k free), swap 8388604k(8388092k free)
Page Sizes: 4k

vm_info: OpenJDK 64-Bit Server VM (17.0.16+8-LTS) for linux-amd64 JRE (17.0.16+8-LTS), built on Jul 15 2025 00:00:00 by "mockbuild" with gcc 8.5.0 20210514 (Red Hat 8.5.0-18)

END.
