#
# A fatal error has been detected by the Java Runtime Environment:
#
#  SIGSEGV (0xb) at pc=0x0000555555764228, pid=2590863, tid=2660269
#
# JRE version: OpenJDK Runtime Environment (Red_Hat-17.0.16.0.8-1) (17.0.16+8) (build 17.0.16+8-LTS)
# Java VM: OpenJDK 64-Bit Server VM (Red_Hat-17.0.16.0.8-1) (17.0.16+8-LTS, mixed mode, sharing, tiered, compressed oops, compressed class ptrs, g1 gc, linux-amd64)
# Problematic frame:
# C  [python+0x210228]  PyObject_RichCompareBool+0x38
#
# Core dump will be written. Default location: /var/tmp/cores/core.%e.2590863.%t.%h.dump
#
# If you would like to submit a bug report, please visit:
#   https://access.redhat.com/support/cases/
# The crash happened outside the Java Virtual Machine in native code.
# See problematic frame for where to report the bug.
#

---------------  S U M M A R Y ------------

Command Line: 

Host: AMD EPYC 7713 64-Core Processor, 128 cores, 503G, Red Hat Enterprise Linux release 9.6 (Plow)
Time: Sat Dec 20 16:28:07 2025 EST elapsed time: 801.756851 seconds (0d 0h 13m 21s)

---------------  T H R E A D  ---------------

Current thread (0x00001553ac0011b0):  JavaThread "SIGTERM handler" daemon [_thread_in_native, id=2660269, stack(0x000015538aefc000,0x000015538affc000)]

Stack: [0x000015538aefc000,0x000015538affc000],  sp=0x000015538affa5c0,  free space=1017k
Native frames: (J=compiled Java code, j=interpreted, Vv=VM code, C=native code)
C  [python+0x210228]  PyObject_RichCompareBool+0x38

Java frames: (J=compiled Java code, j=interpreted, Vv=VM code)
j  org.jpype.JPypeSignal.interruptPy(I)V+0
j  org.jpype.JPypeSignal.lambda$getSignalHandler$0(ILjava/lang/Object;Ljava/lang/reflect/Method;[Ljava/lang/Object;)Ljava/lang/Object;+7
j  org.jpype.JPypeSignal$$Lambda$14+0x00001553b6006ac0.invoke(Ljava/lang/Object;Ljava/lang/reflect/Method;[Ljava/lang/Object;)Ljava/lang/Object;+7
j  jdk.proxy2.$Proxy3.handle(Lsun/misc/Signal;)V+16 jdk.proxy2
j  sun.misc.Signal$InternalMiscHandler.handle(Ljdk/internal/misc/Signal;)V+8 jdk.unsupported@17.0.16
j  jdk.internal.misc.Signal$1.run()V+8 java.base@17.0.16
j  java.lang.Thread.run()V+11 java.base@17.0.16
v  ~StubRoutines::call_stub

siginfo: si_signo: 11 (SIGSEGV), si_code: 1 (SEGV_MAPERR), si_addr: 0x0000000000000020

Registers:
RAX=0x0000555555a92980, RBX=0x0000555555aa3ba8, RCX=0x000000000000000c, RDX=0x0000000000000002
RSP=0x000015538affa5c0, RBP=0x0000000000000002, RSI=0x0000555555aa3ba8, RDI=0x0000555555aa3b88
R8 =0x0000155437fa4b6a, R9 =0x0000000000000000, R10=0x0000155446a6c5ab, R11=0x0000000082177e90
R12=0x0000555555aa3b88, R13=0x0000000000000000, R14=0x000015538affa6b8, R15=0x00001553ac0011b0
RIP=0x0000555555764228, EFLAGS=0x0000000000010202, CSGSFS=0x002b000000000033, ERR=0x0000000000000004
  TRAPNO=0x000000000000000e

XMM[0]=0x0000000000000000 0x0000000000000000
XMM[1]=0xff00000000000000 0x0000000000000000
XMM[2]=0x0000000000000000 0x00000000000000ff
XMM[3]=0x0000000000000000 0x00000000000000ff
XMM[4]=0x0000000000000000 0x0000000000000000
XMM[5]=0x00001555552910ff 0x0000000000000001
XMM[6]=0x000000000066f780 0x0000000000000004
XMM[7]=0x0000000000000200 0x0000155368000020
XMM[8]=0x7c8b483824448b4c 0x30244c8b4c282454
XMM[9]=0x2020200020200000 0x0000000000000000
XMM[10]=0x3f3f3f3f3f3f3f3f 0x3f3f3f3f3f3f3f3f
XMM[11]=0x9999999999999999 0x9999999999999999
XMM[12]=0x2020202020202020 0x2020202020202020
XMM[13]=0x550c7dc3243185be 0x12835b01d807aa98
XMM[14]=0xab1c5ed5923f82a4 0x59f111f13956c25b
XMM[15]=0x0000000000000000 0x0000000000000000
  MXCSR=0x00001fa3


Register to memory mapping:

RAX=0x0000555555a92980: PyLong_Type+0x0000000000000000 in /storage/home/hcoda1/4/hyu483/conda_envs/qgis332/bin/python at 0x0000555555554000
RBX=0x0000555555aa3ba8: _PyRuntime+0x0000000000000368 in /storage/home/hcoda1/4/hyu483/conda_envs/qgis332/bin/python at 0x0000555555554000
RCX=0x000000000000000c is an unknown value
RDX=0x0000000000000002 is an unknown value
RSP=0x000015538affa5c0 is pointing into the stack for thread: 0x00001553ac0011b0
RBP=0x0000000000000002 is an unknown value
RSI=0x0000555555aa3ba8: _PyRuntime+0x0000000000000368 in /storage/home/hcoda1/4/hyu483/conda_envs/qgis332/bin/python at 0x0000555555554000
RDI=0x0000555555aa3b88: _PyRuntime+0x0000000000000348 in /storage/home/hcoda1/4/hyu483/conda_envs/qgis332/bin/python at 0x0000555555554000
R8 =0x0000155437fa4b6a points into unknown readable memory: 04 04 04 04 04 04
R9 =0x0 is NULL
R10=0x0000155446a6c5ab is at code_begin+843 in an Interpreter codelet
method entry point (kind = native)  [0x0000155446a6c260, 0x0000155446a6cac0]  2144 bytes
R11=0x0000000082177e90 is an oop: java.lang.Class 
{0x0000000082177e90} - klass: 'java/lang/Class'
 - ---- fields (total size 15 words):
 - private volatile transient 'classRedefinedCount' 'I' @12  0
 - private volatile transient 'cachedConstructor' 'Ljava/lang/reflect/Constructor;' @40  NULL (0)
 - private transient 'name' 'Ljava/lang/String;' @44  "org.jpype.JPypeSignal"{0x0000000082177f08} (1042efe1)
 - private transient 'module' 'Ljava/lang/Module;' @48  a 'java/lang/Module'{0x00000007fef56a80} (ffdead50)
 - private final 'classLoader' 'Ljava/lang/ClassLoader;' @52  a 'jdk/internal/loader/ClassLoaders$AppClassLoader'{0x00000007fef562f8} (ffdeac5f)
 - private transient 'classData' 'Ljava/lang/Object;' @56  NULL (0)
 - private transient 'packageName' 'Ljava/lang/String;' @60  "org.jpype"{0x0000000082129ed8} (104253db)
 - private final 'componentType' 'Ljava/lang/Class;' @64  NULL (0)
 - private volatile transient 'reflectionData' 'Ljava/lang/ref/SoftReference;' @68  NULL (0)
 - private volatile transient 'genericInfo' 'Lsun/reflect/generics/repository/ClassRepository;' @72  NULL (0)
 - private volatile transient 'enumConstants' '[Ljava/lang/Object;' @76  NULL (0)
 - private volatile transient 'enumConstantDirectory' 'Ljava/util/Map;' @80  NULL (0)
 - private volatile transient 'annotationData' 'Ljava/lang/Class$AnnotationData;' @84  NULL (0)
 - private volatile transient 'annotationType' 'Lsun/reflect/annotation/AnnotationType;' @88  NULL (0)
 - transient 'classValueMap' 'Ljava/lang/ClassValue$ClassValueMap;' @92  NULL (0)
 - signature: Lorg/jpype/JPypeSignal;
 - fake entry for mirror: 'org/jpype/JPypeSignal'
 - fake entry for array: NULL
 - fake entry for oop_size: 15
 - fake entry for static_oop_field_count: 1
 - static 'main' 'Ljava/lang/Thread;' @112  a 'java/lang/Thread'{0x0000000082001580} (104002b0)
R12=0x0000555555aa3b88: _PyRuntime+0x0000000000000348 in /storage/home/hcoda1/4/hyu483/conda_envs/qgis332/bin/python at 0x0000555555554000
R13=0x0 is NULL
R14=0x000015538affa6b8 is pointing into the stack for thread: 0x00001553ac0011b0
R15=0x00001553ac0011b0 is a thread


Top of Stack: (sp=0x000015538affa5c0)
0x000015538affa5c0:   000015538affa628 000015538affa5c8
0x000015538affa5d0:   0000000000000000 000000000000000f
0x000015538affa5e0:   0000555555aa3b88 0000000000000000
0x000015538affa5f0:   00001553b141a730 000015538affa6b8
0x000015538affa600:   00001553ac0011b0 000055555582328a
0x000015538affa610:   000000000000000c 00005555556fdec6
0x000015538affa620:   000000000000000c 00001553b141a730
0x000015538affa630:   000015538affa698 0000155446a6c5da
0x000015538affa640:   0000000000000000 000015538affa638
0x000015538affa650:   000015538affa650 0000000000000000
0x000015538affa660:   000015538affa6b8 00001553b141a8f8
0x000015538affa670:   0000000000000000 0000000082177e90
0x000015538affa680:   00001553b141a730 0000000000000000
0x000015538affa690:   000015538affa6b8 000015538affa708
0x000015538affa6a0:   0000155446a68260 0000000082177e90
0x000015538affa6b0:   0000155446a69ff8 000000000000000f
0x000015538affa6c0:   000015538affa6c0 00001553b141a867
0x000015538affa6d0:   000015538affa730 00001553b141a8f8
0x000015538affa6e0:   0000000000000000 0000000082177e90
0x000015538affa6f0:   00001553b141a870 000015538affa6b8
0x000015538affa700:   000015538affa718 000015538affa780
0x000015538affa710:   0000155446a683b9 00000000b296d488
0x000015538affa720:   0000000082179d88 0000000082179f00
0x000015538affa730:   000000000000000f 000015538affa738
0x000015538affa740:   00001553b141ae1f 000015538affa7a8
0x000015538affa750:   00001553b141ae80 0000000000000000
0x000015538affa760:   00000000821793b8 00001553b141ae28
0x000015538affa770:   000015538affa718 000015538affa790
0x000015538affa780:   000015538affa7f8 0000155446a6883f
0x000015538affa790:   00000000b296d488 0000000082179d88
0x000015538affa7a0:   0000000082179f00 0000000082179ef0
0x000015538affa7b0:   000015538affa7b0 00001553b141b8d8 

Instructions: (pc=0x0000555555764228)
0x0000555555764128:   31 c9 4c 8d 15 ff a7 32 00 89 4c 24 0c 48 85 c0
0x0000555555764138:   0f 84 3d ff ff ff 4c 89 14 24 4c 89 ff ba 02 00
0x0000555555764148:   00 00 48 89 de ff d0 4c 8b 14 24 48 89 c7 4c 39
0x0000555555764158:   d0 0f 85 a9 fe ff ff 49 ff 0a 0f 84 e2 6c f0 ff
0x0000555555764168:   83 7c 24 0c 00 0f 85 3e ff ff ff 48 8b 53 08 e9
0x0000555555764178:   ff fe ff ff 4c 8b 92 c8 00 00 00 4d 85 d2 0f 84
0x0000555555764188:   55 6d f0 ff 48 89 df 8b 15 43 7f 23 00 4c 89 fe
0x0000555555764198:   41 ff d2 4c 8d 15 8e a7 32 00 48 89 c7 4c 39 d0
0x00005555557641a8:   0f 85 5a fe ff ff 48 ff 0d 7b a7 32 00 0f 84 e4
0x00005555557641b8:   6c f0 ff 49 8b 47 08 c7 44 24 0c 01 00 00 00 48
0x00005555557641c8:   8b 80 c8 00 00 00 48 85 c0 0f 85 67 ff ff ff e9
0x00005555557641d8:   d5 fe ff ff 41 83 ce ff e9 67 fe ff ff e9 19 6d
0x00005555557641e8:   f0 ff e9 83 6c f0 ff 90 41 57 41 56 41 55 41 54
0x00005555557641f8:   49 89 fc 55 89 d5 53 48 89 f3 48 83 ec 18 48 39
0x0000555555764208:   f7 0f 84 b1 00 00 00 4c 8b 2d 6a f8 33 00 4d 85
0x0000555555764218:   e4 0f 84 7a 71 f0 ff 48 85 db 0f 84 71 71 f0 ff
0x0000555555764228:   41 8b 45 20 8d 50 ff 41 89 55 20 85 c0 0f 8e 7f
0x0000555555764238:   71 f0 ff 48 8b 53 08 49 8b 44 24 08 48 39 d0 0f
0x0000555555764248:   85 60 01 00 00 48 8b 80 c8 00 00 00 48 85 c0 0f
0x0000555555764258:   84 80 00 00 00 4c 89 e7 89 ea 48 89 de ff d0 48
0x0000555555764268:   89 c7 48 8d 05 bf a6 32 00 48 39 c7 74 5a 41 ff
0x0000555555764278:   45 20 48 85 ff 0f 84 22 01 00 00 48 8d 05 b6 f0
0x0000555555764288:   33 00 48 39 47 08 0f 85 c7 70 f0 ff 48 8d 05 45
0x0000555555764298:   f2 33 00 31 db 48 39 c7 0f 94 c3 48 ff 0f 0f 84
0x00005555557642a8:   e1 70 f0 ff 48 83 c4 18 89 d8 5b 5d 41 5c 41 5d
0x00005555557642b8:   41 5e 41 5f c3 0f 1f 00 83 fa 02 0f 85 56 01 00
0x00005555557642c8:   00 bb 01 00 00 00 eb dc 48 ff 0f 0f 84 66 70 f0
0x00005555557642d8:   ff 48 8b 53 08 48 8b 8a c8 00 00 00 48 85 c9 74
0x00005555557642e8:   31 48 63 c5 48 8d 15 dd 7d 23 00 48 89 df 4c 89
0x00005555557642f8:   e6 8b 14 82 ff d1 48 89 c7 48 8d 05 28 a6 32 00
0x0000555555764308:   48 39 c7 0f 85 65 ff ff ff 48 ff 0f 0f 84 19 70
0x0000555555764318:   f0 ff 83 fd 02 75 26 49 39 dc 0f 84 27 70 f0 ff 


Stack slot to memory mapping:
stack at sp + 0 slots: 0x000015538affa628 is pointing into the stack for thread: 0x00001553ac0011b0
stack at sp + 1 slots: 0x000015538affa5c8 is pointing into the stack for thread: 0x00001553ac0011b0
stack at sp + 2 slots: 0x0 is NULL
stack at sp + 3 slots: 0x000000000000000f is an unknown value
stack at sp + 4 slots: 0x0000555555aa3b88: _PyRuntime+0x0000000000000348 in /storage/home/hcoda1/4/hyu483/conda_envs/qgis332/bin/python at 0x0000555555554000
stack at sp + 5 slots: 0x0 is NULL
stack at sp + 6 slots: {method} {0x00001553b141a730} 'interruptPy' '(I)V' in 'org/jpype/JPypeSignal'
stack at sp + 7 slots: 0x000015538affa6b8 is pointing into the stack for thread: 0x00001553ac0011b0


---------------  P R O C E S S  ---------------

Threads class SMR info:
_java_thread_list=0x00001553ac001b80, length=23, elements={
0x000055555cc1d3a0, 0x000055555ea7bad0, 0x000055555ea7d420, 0x000055555ea819b0,
0x000055555ea832d0, 0x000055555ea84c50, 0x000055555ea868c0, 0x000055555ea90350,
0x000055555ea91d30, 0x000055555ea986b0, 0x000055555ea9d1f0, 0x000055555ec4f020,
0x000055555fb31ec0, 0x00005555666e5160, 0x000055556685e140, 0x0000555565cfc7f0,
0x0000155340365aa0, 0x0000555566c7d600, 0x0000555560062750, 0x000055555f09b9d0,
0x000055556457dbe0, 0x0000155308001050, 0x00001553ac0011b0
}

Java Threads: ( => current thread )
  0x000055555cc1d3a0 JavaThread "main" [_thread_in_native, id=2590863, stack(0x00007fffffeff000,0x00007ffffffff000)]
  0x000055555ea7bad0 JavaThread "Reference Handler" daemon [_thread_blocked, id=2591242, stack(0x00001553b0f00000,0x00001553b1000000)]
  0x000055555ea7d420 JavaThread "Finalizer" daemon [_thread_blocked, id=2591243, stack(0x00001553b0b00000,0x00001553b0c00000)]
  0x000055555ea819b0 JavaThread "Signal Dispatcher" daemon [_thread_blocked, id=2591249, stack(0x00001553b09ff000,0x00001553b0aff000)]
  0x000055555ea832d0 JavaThread "Service Thread" daemon [_thread_blocked, id=2591251, stack(0x00001553b08fe000,0x00001553b09fe000)]
  0x000055555ea84c50 JavaThread "Monitor Deflation Thread" daemon [_thread_blocked, id=2591252, stack(0x00001553b07fd000,0x00001553b08fd000)]
  0x000055555ea868c0 JavaThread "C2 CompilerThread0" daemon [_thread_blocked, id=2591253, stack(0x00001553b06fc000,0x00001553b07fc000)]
  0x000055555ea90350 JavaThread "C1 CompilerThread0" daemon [_thread_blocked, id=2591254, stack(0x00001553b05fb000,0x00001553b06fb000)]
  0x000055555ea91d30 JavaThread "Sweeper thread" daemon [_thread_blocked, id=2591255, stack(0x00001553b04fa000,0x00001553b05fa000)]
  0x000055555ea986b0 JavaThread "Notification Thread" daemon [_thread_blocked, id=2591260, stack(0x00001553b03f9000,0x00001553b04f9000)]
  0x000055555ea9d1f0 JavaThread "Common-Cleaner" daemon [_thread_blocked, id=2591266, stack(0x00001553b01f7000,0x00001553b02f7000)]
  0x000055555ec4f020 JavaThread "Python Reference Queue" daemon [_thread_blocked, id=2591316, stack(0x000015538bb00000,0x000015538bc00000)]
  0x000055555fb31ec0 JavaThread "H2 File Lock Watchdog /tmp/URock_2025-12-20T1616277683fa93-0b09-427d-8e42-2be20562ca0c/myDbH2.lock.db" daemon [_thread_blocked, id=2618097, stack(0x000015538bf00000,0x000015538c000000)]
  0x00005555666e5160 JavaThread "H2 TCP Server (tcp://172.27.150.14:42081)" daemon [_thread_in_native, id=2618221, stack(0x000015538affd000,0x000015538b0fd000)]
  0x000055556685e140 JavaThread "MVStore background writer /tmp/URock_2025-12-20T1616277683fa93-0b09-427d-8e42-2be20562ca0c/myDbH2.mv.db" daemon [_thread_blocked, id=2618223, stack(0x00001553898f4000,0x00001553899f4000)]
  0x0000555565cfc7f0 JavaThread "H2-serialization" daemon [_thread_blocked, id=2618351, stack(0x00001553135ff000,0x00001553137ff000)]
  0x0000155340365aa0 JavaThread "H2-save" daemon [_thread_blocked, id=2618380, stack(0x0000155388aec000,0x0000155388cec000)]
  0x0000555566c7d600 JavaThread "H2 File Lock Watchdog /tmp/URock_2025-12-20T161729620b4c6b-0551-499d-8ca1-b7074a3900e9/myDbH2.lock.db" daemon [_thread_blocked, id=2632292, stack(0x00001553896f2000,0x00001553897f2000)]
  0x0000555560062750 JavaThread "H2 TCP Server (tcp://172.27.150.14:41479)" daemon [_thread_in_native, id=2632345, stack(0x000015538b700000,0x000015538b800000)]
  0x000055555f09b9d0 JavaThread "MVStore background writer /tmp/URock_2025-12-20T161729620b4c6b-0551-499d-8ca1-b7074a3900e9/myDbH2.mv.db" daemon [_thread_blocked, id=2632347, stack(0x0000155312c2a000,0x0000155312d2a000)]
  0x000055556457dbe0 JavaThread "H2-serialization" daemon [_thread_blocked, id=2632377, stack(0x00001553899f5000,0x0000155389af5000)]
  0x0000155308001050 JavaThread "H2-save" daemon [_thread_blocked, id=2632394, stack(0x00001553132fc000,0x00001553133fc000)]
=>0x00001553ac0011b0 JavaThread "SIGTERM handler" daemon [_thread_in_native, id=2660269, stack(0x000015538aefc000,0x000015538affc000)]

Other Threads:
  0x000055555ea77850 VMThread "VM Thread" [stack: 0x00001553f602e000,0x00001553f612e000] [id=2591239]
  0x000055555cbc5c20 WatcherThread [stack: 0x00001553b02f8000,0x00001553b03f8000] [id=2591262]
  0x000055555ca0d480 GCTaskThread "GC Thread#0" [stack: 0x0000155458b30000,0x0000155458d30000] [id=2591223]
  0x0000155520001a00 GCTaskThread "GC Thread#1" [stack: 0x000015538b300000,0x000015538b400000] [id=2591328]
  0x00001555200028d0 GCTaskThread "GC Thread#2" [stack: 0x000015538b1ff000,0x000015538b2ff000] [id=2591329]
  0x000015552091b930 GCTaskThread "GC Thread#3" [stack: 0x000015538a4ff000,0x000015538a6ff000] [id=2591433]
  0x0000155520511f10 GCTaskThread "GC Thread#4" [stack: 0x000015538a2fe000,0x000015538a4fe000] [id=2591434]
  0x00001555205125d0 GCTaskThread "GC Thread#5" [stack: 0x000015538a1fd000,0x000015538a2fd000] [id=2591435]
  0x0000155520513420 GCTaskThread "GC Thread#6" [stack: 0x000015538a0fc000,0x000015538a1fc000] [id=2591436]
  0x0000155520514330 GCTaskThread "GC Thread#7" [stack: 0x0000155389ffb000,0x000015538a0fb000] [id=2591437]
  0x00001555205152b0 GCTaskThread "GC Thread#8" [stack: 0x00001553897f3000,0x00001553898f3000] [id=2591460]
  0x000015552091e580 GCTaskThread "GC Thread#9" [stack: 0x00001553894f1000,0x00001553896f1000] [id=2591595]
  0x000015552091f170 GCTaskThread "GC Thread#10" [stack: 0x00001553892f0000,0x00001553894f0000] [id=2591598]
  0x000015552050e310 GCTaskThread "GC Thread#11" [stack: 0x00001553890ef000,0x00001553892ef000] [id=2591710]
  0x000015552050e980 GCTaskThread "GC Thread#12" [stack: 0x0000155388eee000,0x00001553890ee000] [id=2591711]
  0x000055555ccd7350 ConcurrentGCThread "G1 Main Marker" [stack: 0x000015545892f000,0x0000155458b2f000] [id=2591224]
  0x000055555c819560 ConcurrentGCThread "G1 Conc#0" [stack: 0x000015544e900000,0x000015544ea00000] [id=2591225]
  0x000055555cbcaf20 ConcurrentGCThread "G1 Refine#0" [stack: 0x00001553f6230000,0x00001553f6330000] [id=2591228]
  0x00001555280104e0 ConcurrentGCThread "G1 Refine#1" [stack: 0x000015538b0fe000,0x000015538b1fe000] [id=2598713]
  0x0000155344d43580 ConcurrentGCThread "G1 Refine#2" [stack: 0x0000155389efa000,0x0000155389ffa000] [id=2598714]
  0x0000155370661850 ConcurrentGCThread "G1 Refine#3" [stack: 0x0000155389cf8000,0x0000155389df8000] [id=2613903]
  0x000015537c1c9310 ConcurrentGCThread "G1 Refine#4" [stack: 0x0000155389af6000,0x0000155389bf6000] [id=2613904]
  0x0000155334458330 ConcurrentGCThread "G1 Refine#5" [stack: 0x00001553b00f6000,0x00001553b01f6000] [id=2613905]
  0x000055555cd13ea0 ConcurrentGCThread "G1 Service" [stack: 0x00001553f612f000,0x00001553f622f000] [id=2591229]

Threads with active compile tasks:

VM state: not at safepoint (normal execution)

VM Mutex/Monitor currently owned by a thread: None

Heap address: 0x0000000082000000, size: 30688 MB, Compressed Oops mode: Zero based, Oop shift amount: 3

CDS archive(s) mapped at: [0x00001553b5000000-0x00001553b5bcc000-0x00001553b5bcc000), size 12369920, SharedBaseAddress: 0x00001553b5000000, ArchiveRelocationMode: 1.
Compressed class space mapped at: 0x00001553b6000000-0x00001553f6000000, reserved size: 1073741824
Narrow klass base: 0x00001553b5000000, Narrow klass shift: 0, Narrow klass range: 0x100000000

GC Precious Log:
 CPUs: 128 total, 16 available
 Memory: 503G
 Large Page Support: Disabled
 NUMA Support: Disabled
 Compressed Oops: Enabled (Zero based)
 Heap Region Size: 16M
 Heap Min Capacity: 16M
 Heap Initial Capacity: 2G
 Heap Max Capacity: 30688M
 Pre-touch: Disabled
 Parallel Workers: 13
 Concurrent Workers: 3
 Concurrent Refinement Workers: 13
 Periodic GC: Disabled

Heap:
 garbage-first heap   total 1245184K, used 537686K [0x0000000082000000, 0x0000000800000000)
  region size 16384K, 28 young (458752K), 2 survivors (32768K)
 Metaspace       used 20721K, committed 21120K, reserved 1114112K
  class space    used 1701K, committed 1920K, reserved 1048576K

Heap Regions: E=young(eden), S=young(survivor), O=old, HS=humongous(starts), HC=humongous(continues), CS=collection set, F=free, OA=open archive, CA=closed archive, TAMS=top-at-mark-start (previous, next)
|   0|0x0000000082000000, 0x0000000082ffffd8, 0x0000000083000000| 99%| O|  |TAMS 0x0000000082ffffd8, 0x0000000082000000| Untracked 
|   1|0x0000000083000000, 0x0000000083fffff8, 0x0000000084000000| 99%| O|  |TAMS 0x0000000083fffff8, 0x0000000083000000| Untracked 
|   2|0x0000000084000000, 0x00000000847f1540, 0x0000000085000000| 49%| O|  |TAMS 0x0000000084000000, 0x0000000084000000| Untracked 
|   3|0x0000000085000000, 0x0000000085f4dd10, 0x0000000086000000| 95%| O|  |TAMS 0x0000000085f4dd10, 0x0000000085000000| Untracked 
|   4|0x0000000086000000, 0x0000000086806bc0, 0x0000000087000000| 50%| O|  |TAMS 0x0000000086000000, 0x0000000086000000| Untracked 
|   5|0x0000000087000000, 0x0000000088000000, 0x0000000088000000|100%| O|  |TAMS 0x0000000087000000, 0x0000000087000000| Untracked 
|   6|0x0000000088000000, 0x0000000088c67c00, 0x0000000089000000| 77%| O|  |TAMS 0x0000000088000000, 0x0000000088000000| Untracked 
|   7|0x0000000089000000, 0x0000000089000000, 0x000000008a000000|  0%| F|  |TAMS 0x0000000089000000, 0x0000000089000000| Untracked 
|   8|0x000000008a000000, 0x000000008a000000, 0x000000008b000000|  0%| F|  |TAMS 0x000000008a000000, 0x000000008a000000| Untracked 
|   9|0x000000008b000000, 0x000000008b000000, 0x000000008c000000|  0%| F|  |TAMS 0x000000008b000000, 0x000000008b000000| Untracked 
|  10|0x000000008c000000, 0x000000008c000000, 0x000000008d000000|  0%| F|  |TAMS 0x000000008c000000, 0x000000008c000000| Untracked 
|  11|0x000000008d000000, 0x000000008d000000, 0x000000008e000000|  0%| F|  |TAMS 0x000000008d000000, 0x000000008d000000| Untracked 
|  12|0x000000008e000000, 0x000000008e17aee0, 0x000000008f000000|  9%| S|CS|TAMS 0x000000008e000000, 0x000000008e000000| Complete 
|  13|0x000000008f000000, 0x000000008f000000, 0x0000000090000000|  0%| F|  |TAMS 0x000000008f000000, 0x000000008f000000| Untracked 
|  14|0x0000000090000000, 0x0000000091000000, 0x0000000091000000|100%| S|CS|TAMS 0x0000000090000000, 0x0000000090000000| Complete 
|  15|0x0000000091000000, 0x0000000091000000, 0x0000000092000000|  0%| F|  |TAMS 0x0000000091000000, 0x0000000091000000| Untracked 
|  16|0x0000000092000000, 0x0000000092000000, 0x0000000093000000|  0%| F|  |TAMS 0x0000000092000000, 0x0000000092000000| Untracked 
|  17|0x0000000093000000, 0x0000000093000000, 0x0000000094000000|  0%| F|  |TAMS 0x0000000093000000, 0x0000000093000000| Untracked 
|  18|0x0000000094000000, 0x0000000094000000, 0x0000000095000000|  0%| F|  |TAMS 0x0000000094000000, 0x0000000094000000| Untracked 
|  19|0x0000000095000000, 0x0000000095000000, 0x0000000096000000|  0%| F|  |TAMS 0x0000000095000000, 0x0000000095000000| Untracked 
|  20|0x0000000096000000, 0x0000000096000000, 0x0000000097000000|  0%| F|  |TAMS 0x0000000096000000, 0x0000000096000000| Untracked 
|  21|0x0000000097000000, 0x0000000097000000, 0x0000000098000000|  0%| F|  |TAMS 0x0000000097000000, 0x0000000097000000| Untracked 
|  22|0x0000000098000000, 0x0000000098000000, 0x0000000099000000|  0%| F|  |TAMS 0x0000000098000000, 0x0000000098000000| Untracked 
|  23|0x0000000099000000, 0x0000000099000000, 0x000000009a000000|  0%| F|  |TAMS 0x0000000099000000, 0x0000000099000000| Untracked 
|  24|0x000000009a000000, 0x000000009a000000, 0x000000009b000000|  0%| F|  |TAMS 0x000000009a000000, 0x000000009a000000| Untracked 
|  25|0x000000009b000000, 0x000000009b000000, 0x000000009c000000|  0%| F|  |TAMS 0x000000009b000000, 0x000000009b000000| Untracked 
|  26|0x000000009c000000, 0x000000009c000000, 0x000000009d000000|  0%| F|  |TAMS 0x000000009c000000, 0x000000009c000000| Untracked 
|  27|0x000000009d000000, 0x000000009d000000, 0x000000009e000000|  0%| F|  |TAMS 0x000000009d000000, 0x000000009d000000| Untracked 
|  28|0x000000009e000000, 0x000000009e000000, 0x000000009f000000|  0%| F|  |TAMS 0x000000009e000000, 0x000000009e000000| Untracked 
|  29|0x000000009f000000, 0x000000009f000000, 0x00000000a0000000|  0%| F|  |TAMS 0x000000009f000000, 0x000000009f000000| Untracked 
|  30|0x00000000a0000000, 0x00000000a0000000, 0x00000000a1000000|  0%| F|  |TAMS 0x00000000a0000000, 0x00000000a0000000| Untracked 
|  31|0x00000000a1000000, 0x00000000a1000000, 0x00000000a2000000|  0%| F|  |TAMS 0x00000000a1000000, 0x00000000a1000000| Untracked 
|  32|0x00000000a2000000, 0x00000000a2000000, 0x00000000a3000000|  0%| F|  |TAMS 0x00000000a2000000, 0x00000000a2000000| Untracked 
|  33|0x00000000a3000000, 0x00000000a3000000, 0x00000000a4000000|  0%| F|  |TAMS 0x00000000a3000000, 0x00000000a3000000| Untracked 
|  34|0x00000000a4000000, 0x00000000a4000000, 0x00000000a5000000|  0%| F|  |TAMS 0x00000000a4000000, 0x00000000a4000000| Untracked 
|  35|0x00000000a5000000, 0x00000000a5000000, 0x00000000a6000000|  0%| F|  |TAMS 0x00000000a5000000, 0x00000000a5000000| Untracked 
|  36|0x00000000a6000000, 0x00000000a6000000, 0x00000000a7000000|  0%| F|  |TAMS 0x00000000a6000000, 0x00000000a6000000| Untracked 
|  37|0x00000000a7000000, 0x00000000a7000000, 0x00000000a8000000|  0%| F|  |TAMS 0x00000000a7000000, 0x00000000a7000000| Untracked 
|  38|0x00000000a8000000, 0x00000000a8000000, 0x00000000a9000000|  0%| F|  |TAMS 0x00000000a8000000, 0x00000000a8000000| Untracked 
|  39|0x00000000a9000000, 0x00000000a9000000, 0x00000000aa000000|  0%| F|  |TAMS 0x00000000a9000000, 0x00000000a9000000| Untracked 
|  40|0x00000000aa000000, 0x00000000aa000000, 0x00000000ab000000|  0%| F|  |TAMS 0x00000000aa000000, 0x00000000aa000000| Untracked 
|  41|0x00000000ab000000, 0x00000000ab000000, 0x00000000ac000000|  0%| F|  |TAMS 0x00000000ab000000, 0x00000000ab000000| Untracked 
|  42|0x00000000ac000000, 0x00000000ac000000, 0x00000000ad000000|  0%| F|  |TAMS 0x00000000ac000000, 0x00000000ac000000| Untracked 
|  43|0x00000000ad000000, 0x00000000ad000000, 0x00000000ae000000|  0%| F|  |TAMS 0x00000000ad000000, 0x00000000ad000000| Untracked 
|  44|0x00000000ae000000, 0x00000000ae000000, 0x00000000af000000|  0%| F|  |TAMS 0x00000000ae000000, 0x00000000ae000000| Untracked 
|  45|0x00000000af000000, 0x00000000af000000, 0x00000000b0000000|  0%| F|  |TAMS 0x00000000af000000, 0x00000000af000000| Untracked 
|  46|0x00000000b0000000, 0x00000000b0000000, 0x00000000b1000000|  0%| F|  |TAMS 0x00000000b0000000, 0x00000000b0000000| Untracked 
|  47|0x00000000b1000000, 0x00000000b1000000, 0x00000000b2000000|  0%| F|  |TAMS 0x00000000b1000000, 0x00000000b1000000| Untracked 
|  48|0x00000000b2000000, 0x00000000b2baaba8, 0x00000000b3000000| 72%| E|  |TAMS 0x00000000b2000000, 0x00000000b2000000| Complete 
|  49|0x00000000b3000000, 0x00000000b4000000, 0x00000000b4000000|100%| E|CS|TAMS 0x00000000b3000000, 0x00000000b3000000| Complete 
|  50|0x00000000b4000000, 0x00000000b5000000, 0x00000000b5000000|100%| E|CS|TAMS 0x00000000b4000000, 0x00000000b4000000| Complete 
|  51|0x00000000b5000000, 0x00000000b6000000, 0x00000000b6000000|100%| E|CS|TAMS 0x00000000b5000000, 0x00000000b5000000| Complete 
|  52|0x00000000b6000000, 0x00000000b7000000, 0x00000000b7000000|100%| E|CS|TAMS 0x00000000b6000000, 0x00000000b6000000| Complete 
|  53|0x00000000b7000000, 0x00000000b8000000, 0x00000000b8000000|100%| E|CS|TAMS 0x00000000b7000000, 0x00000000b7000000| Complete 
|  54|0x00000000b8000000, 0x00000000b9000000, 0x00000000b9000000|100%| E|CS|TAMS 0x00000000b8000000, 0x00000000b8000000| Complete 
|  55|0x00000000b9000000, 0x00000000ba000000, 0x00000000ba000000|100%| E|CS|TAMS 0x00000000b9000000, 0x00000000b9000000| Complete 
|  56|0x00000000ba000000, 0x00000000bb000000, 0x00000000bb000000|100%| E|CS|TAMS 0x00000000ba000000, 0x00000000ba000000| Complete 
|  57|0x00000000bb000000, 0x00000000bc000000, 0x00000000bc000000|100%| E|CS|TAMS 0x00000000bb000000, 0x00000000bb000000| Complete 
|  58|0x00000000bc000000, 0x00000000bd000000, 0x00000000bd000000|100%| E|CS|TAMS 0x00000000bc000000, 0x00000000bc000000| Complete 
|  59|0x00000000bd000000, 0x00000000be000000, 0x00000000be000000|100%| E|CS|TAMS 0x00000000bd000000, 0x00000000bd000000| Complete 
|  60|0x00000000be000000, 0x00000000bf000000, 0x00000000bf000000|100%| E|CS|TAMS 0x00000000be000000, 0x00000000be000000| Complete 
|  61|0x00000000bf000000, 0x00000000c0000000, 0x00000000c0000000|100%| E|CS|TAMS 0x00000000bf000000, 0x00000000bf000000| Complete 
|  62|0x00000000c0000000, 0x00000000c1000000, 0x00000000c1000000|100%| E|CS|TAMS 0x00000000c0000000, 0x00000000c0000000| Complete 
|  63|0x00000000c1000000, 0x00000000c2000000, 0x00000000c2000000|100%| E|CS|TAMS 0x00000000c1000000, 0x00000000c1000000| Complete 
|  64|0x00000000c2000000, 0x00000000c3000000, 0x00000000c3000000|100%| E|CS|TAMS 0x00000000c2000000, 0x00000000c2000000| Complete 
|  65|0x00000000c3000000, 0x00000000c4000000, 0x00000000c4000000|100%| E|CS|TAMS 0x00000000c3000000, 0x00000000c3000000| Complete 
|  66|0x00000000c4000000, 0x00000000c5000000, 0x00000000c5000000|100%| E|CS|TAMS 0x00000000c4000000, 0x00000000c4000000| Complete 
|  67|0x00000000c5000000, 0x00000000c6000000, 0x00000000c6000000|100%| E|CS|TAMS 0x00000000c5000000, 0x00000000c5000000| Complete 
|  68|0x00000000c6000000, 0x00000000c7000000, 0x00000000c7000000|100%| E|CS|TAMS 0x00000000c6000000, 0x00000000c6000000| Complete 
|  69|0x00000000c7000000, 0x00000000c8000000, 0x00000000c8000000|100%| E|CS|TAMS 0x00000000c7000000, 0x00000000c7000000| Complete 
|  70|0x00000000c8000000, 0x00000000c9000000, 0x00000000c9000000|100%| E|CS|TAMS 0x00000000c8000000, 0x00000000c8000000| Complete 
|  71|0x00000000c9000000, 0x00000000ca000000, 0x00000000ca000000|100%| E|CS|TAMS 0x00000000c9000000, 0x00000000c9000000| Complete 
|  72|0x00000000ca000000, 0x00000000cb000000, 0x00000000cb000000|100%| E|CS|TAMS 0x00000000ca000000, 0x00000000ca000000| Complete 
|  73|0x00000000cb000000, 0x00000000cc000000, 0x00000000cc000000|100%| E|CS|TAMS 0x00000000cb000000, 0x00000000cb000000| Complete 
|1916|0x00000007fe000000, 0x00000007fef75000, 0x00000007ff000000| 96%|OA|  |TAMS 0x00000007fef75000, 0x00000007fe000000| Untracked 
|1917|0x00000007ff000000, 0x00000007ff078000, 0x0000000800000000|  2%|CA|  |TAMS 0x00000007ff000000, 0x00000007ff000000| Untracked 

Card table byte_map: [0x0000155437e20000,0x000015543ba10000] _byte_map_base: 0x0000155437a10000

Marking Bits (Prev, Next): (CMBitMap*) 0x000055555ccc7830, (CMBitMap*) 0x000055555ccc77f0
 Prev Bits: [0x00001553f8330000, 0x00001554162b0000)
 Next Bits: [0x00001554162b0000, 0x0000155434230000)

Polling page: 0x0000155518bcc000

Metaspace:

Usage:
  Non-class:     18.57 MB used.
      Class:      1.66 MB used.
       Both:     20.24 MB used.

Virtual space:
  Non-class space:       64.00 MB reserved,      18.75 MB ( 29%) committed,  1 nodes.
      Class space:        1.00 GB reserved,       1.88 MB ( <1%) committed,  1 nodes.
             Both:        1.06 GB reserved,      20.62 MB (  2%) committed. 

Chunk freelists:
   Non-Class:  12.63 MB
       Class:  14.11 MB
        Both:  26.74 MB

MaxMetaspaceSize: unlimited
CompressedClassSpaceSize: 1.00 GB
Initial GC threshold: 21.00 MB
Current GC threshold: 34.06 MB
CDS: on
MetaspaceReclaimPolicy: balanced
 - commit_granule_bytes: 65536.
 - commit_granule_words: 8192.
 - virtual_space_node_default_size: 8388608.
 - enlarge_chunks_in_place: 1.
 - new_chunks_are_fully_committed: 0.
 - uncommit_free_chunks: 1.
 - use_allocation_guard: 0.
 - handle_deallocations: 1.


Internal statistics:

num_allocs_failed_limit: 0.
num_arena_births: 378.
num_arena_deaths: 2.
num_vsnodes_births: 2.
num_vsnodes_deaths: 0.
num_space_committed: 330.
num_space_uncommitted: 0.
num_chunks_returned_to_freelist: 3.
num_chunks_taken_from_freelist: 1077.
num_chunk_merges: 0.
num_chunk_splits: 723.
num_chunks_enlarged: 501.
num_inconsistent_stats: 0.

CodeHeap 'non-profiled nmethods': size=119168Kb used=13225Kb max_used=13314Kb free=105942Kb
 bounds [0x00001554471a0000, 0x0000155447eb0000, 0x000015544e600000]
CodeHeap 'profiled nmethods': size=119164Kb used=12682Kb max_used=13780Kb free=106481Kb
 bounds [0x000015543f600000, 0x0000155440380000, 0x0000155446a5f000]
CodeHeap 'non-nmethods': size=7428Kb used=1288Kb max_used=3056Kb free=6139Kb
 bounds [0x0000155446a5f000, 0x0000155446d6f000, 0x00001554471a0000]
 total_blobs=8274 nmethods=7659 adapters=526
 compilation: enabled
              stopped_count=0, restarted_count=0
 full_count=0

Compilation events (20 events):
Event: 416.033 Thread 0x000055555ea868c0 11391       4       org.h2.mvstore.MVStore::getTimeAbsolute (37 bytes)
Event: 416.034 Thread 0x000055555ea868c0 nmethod 11391 0x0000155447790710 code [0x00001554477908a0, 0x0000155447790958]
Event: 418.691 Thread 0x000055555ea868c0 11392   !   4       org.h2.mvstore.MVStore::tryCommit (59 bytes)
Event: 418.709 Thread 0x000055555ea868c0 nmethod 11392 0x000015544778ef10 code [0x000015544778f180, 0x000015544778fd40]
Event: 432.134 Thread 0x000055555ea868c0 11393       4       org.h2.mvstore.FileStore::getTimeSinceCreation (17 bytes)
Event: 432.135 Thread 0x000055555ea868c0 nmethod 11393 0x000015544778eb90 code [0x000015544778ed20, 0x000015544778ee18]
Event: 473.514 Thread 0x000055555ea868c0 11394       4       org.h2.mvstore.RandomAccessStore::doHousekeeping (207 bytes)
Event: 473.537 Thread 0x000055555ea868c0 nmethod 11394 0x000015544778ce10 code [0x000015544778d080, 0x000015544778df08]
Event: 473.674 Thread 0x000055555ea868c0 11395   !   4       org.h2.mvstore.FileStore::writeInBackground (92 bytes)
Event: 473.678 Thread 0x000055555ea868c0 nmethod 11395 0x000015544778c710 code [0x000015544778c8c0, 0x000015544778cb28]
Event: 504.581 Thread 0x000055555ea868c0 11396       4       org.h2.mvstore.FileStore::hasChangesSince (25 bytes)
Event: 504.584 Thread 0x000055555ea868c0 nmethod 11396 0x000015544778be90 code [0x000015544778c040, 0x000015544778c328]
Event: 522.513 Thread 0x000055555ea868c0 11397   !   4       java.nio.ByteBuffer::wrap (21 bytes)
Event: 522.516 Thread 0x000055555ea868c0 nmethod 11397 0x000015544778b790 code [0x000015544778b920, 0x000015544778bbb8]
Event: 547.517 Thread 0x000055555ea868c0 11398       4       java.util.Collections$UnmodifiableCollection$1::hasNext (10 bytes)
Event: 547.518 Thread 0x000055555ea868c0 nmethod 11398 0x000015544778b490 code [0x000015544778b620, 0x000015544778b6d8]
Event: 582.201 Thread 0x000055555ea868c0 11399       4       java.lang.ref.ReferenceQueue::reallyPoll (65 bytes)
Event: 582.204 Thread 0x000055555ea868c0 nmethod 11399 0x000015544778af10 code [0x000015544778b0a0, 0x000015544778b3b8]
Event: 680.543 Thread 0x000055555ea868c0 11400       4       java.util.Collections$UnmodifiableCollection$1::next (10 bytes)
Event: 680.544 Thread 0x000055555ea868c0 nmethod 11400 0x000015544778ab10 code [0x000015544778aca0, 0x000015544778add8]

GC Heap History (20 events):
Event: 175.024 GC heap before
{Heap before GC invocations=93 (full 16):
 garbage-first heap   total 1507328K, used 1015888K [0x0000000082000000, 0x0000000800000000)
  region size 16384K, 55 young (901120K), 3 survivors (49152K)
 Metaspace       used 20718K, committed 21056K, reserved 1114112K
  class space    used 1700K, committed 1920K, reserved 1048576K
}
Event: 175.034 GC heap after
{Heap after GC invocations=94 (full 16):
 garbage-first heap   total 1507328K, used 165216K [0x0000000082000000, 0x0000000800000000)
  region size 16384K, 3 young (49152K), 3 survivors (49152K)
 Metaspace       used 20718K, committed 21056K, reserved 1114112K
  class space    used 1700K, committed 1920K, reserved 1048576K
}
Event: 175.981 GC heap before
{Heap before GC invocations=94 (full 16):
 garbage-first heap   total 1507328K, used 1017184K [0x0000000082000000, 0x0000000800000000)
  region size 16384K, 55 young (901120K), 3 survivors (49152K)
 Metaspace       used 20719K, committed 21056K, reserved 1114112K
  class space    used 1700K, committed 1920K, reserved 1048576K
}
Event: 175.989 GC heap after
{Heap after GC invocations=95 (full 16):
 garbage-first heap   total 1507328K, used 159045K [0x0000000082000000, 0x0000000800000000)
  region size 16384K, 3 young (49152K), 3 survivors (49152K)
 Metaspace       used 20719K, committed 21056K, reserved 1114112K
  class space    used 1700K, committed 1920K, reserved 1048576K
}
Event: 177.054 GC heap before
{Heap before GC invocations=95 (full 16):
 garbage-first heap   total 1507328K, used 1011013K [0x0000000082000000, 0x0000000800000000)
  region size 16384K, 55 young (901120K), 3 survivors (49152K)
 Metaspace       used 20719K, committed 21056K, reserved 1114112K
  class space    used 1700K, committed 1920K, reserved 1048576K
}
Event: 177.062 GC heap after
{Heap after GC invocations=96 (full 16):
 garbage-first heap   total 1507328K, used 161764K [0x0000000082000000, 0x0000000800000000)
  region size 16384K, 3 young (49152K), 3 survivors (49152K)
 Metaspace       used 20719K, committed 21056K, reserved 1114112K
  class space    used 1700K, committed 1920K, reserved 1048576K
}
Event: 178.337 GC heap before
{Heap before GC invocations=96 (full 16):
 garbage-first heap   total 1507328K, used 800740K [0x0000000082000000, 0x0000000800000000)
  region size 16384K, 43 young (704512K), 3 survivors (49152K)
 Metaspace       used 20719K, committed 21056K, reserved 1114112K
  class space    used 1700K, committed 1920K, reserved 1048576K
}
Event: 178.388 GC heap after
{Heap after GC invocations=97 (full 17):
 garbage-first heap   total 557056K, used 81099K [0x0000000082000000, 0x0000000800000000)
  region size 16384K, 0 young (0K), 0 survivors (0K)
 Metaspace       used 20719K, committed 21056K, reserved 1114112K
  class space    used 1700K, committed 1920K, reserved 1048576K
}
Event: 180.603 GC heap before
{Heap before GC invocations=97 (full 17):
 garbage-first heap   total 557056K, used 81099K [0x0000000082000000, 0x0000000800000000)
  region size 16384K, 1 young (16384K), 0 survivors (0K)
 Metaspace       used 20719K, committed 21056K, reserved 1114112K
  class space    used 1700K, committed 1920K, reserved 1048576K
}
Event: 180.681 GC heap after
{Heap after GC invocations=98 (full 18):
 garbage-first heap   total 393216K, used 81099K [0x0000000082000000, 0x0000000800000000)
  region size 16384K, 0 young (0K), 0 survivors (0K)
 Metaspace       used 20719K, committed 21056K, reserved 1114112K
  class space    used 1700K, committed 1920K, reserved 1048576K
}
Event: 181.383 GC heap before
{Heap before GC invocations=98 (full 18):
 garbage-first heap   total 393216K, used 81099K [0x0000000082000000, 0x0000000800000000)
  region size 16384K, 1 young (16384K), 0 survivors (0K)
 Metaspace       used 20719K, committed 21056K, reserved 1114112K
  class space    used 1700K, committed 1920K, reserved 1048576K
}
Event: 181.451 GC heap after
{Heap after GC invocations=99 (full 19):
 garbage-first heap   total 393216K, used 81099K [0x0000000082000000, 0x0000000800000000)
  region size 16384K, 0 young (0K), 0 survivors (0K)
 Metaspace       used 20719K, committed 21056K, reserved 1114112K
  class space    used 1700K, committed 1920K, reserved 1048576K
}
Event: 203.961 GC heap before
{Heap before GC invocations=99 (full 19):
 garbage-first heap   total 393216K, used 261323K [0x0000000082000000, 0x0000000800000000)
  region size 16384K, 11 young (180224K), 0 survivors (0K)
 Metaspace       used 20719K, committed 21056K, reserved 1114112K
  class space    used 1700K, committed 1920K, reserved 1048576K
}
Event: 203.971 GC heap after
{Heap after GC invocations=100 (full 19):
 garbage-first heap   total 393216K, used 111696K [0x0000000082000000, 0x0000000800000000)
  region size 16384K, 2 young (32768K), 2 survivors (32768K)
 Metaspace       used 20719K, committed 21056K, reserved 1114112K
  class space    used 1700K, committed 1920K, reserved 1048576K
}
Event: 204.479 GC heap before
{Heap before GC invocations=100 (full 19):
 garbage-first heap   total 393216K, used 259152K [0x0000000082000000, 0x0000000800000000)
  region size 16384K, 11 young (180224K), 2 survivors (32768K)
 Metaspace       used 20719K, committed 21056K, reserved 1114112K
  class space    used 1700K, committed 1920K, reserved 1048576K
}
Event: 204.492 GC heap after
{Heap after GC invocations=101 (full 19):
 garbage-first heap   total 393216K, used 121114K [0x0000000082000000, 0x0000000800000000)
  region size 16384K, 1 young (16384K), 1 survivors (16384K)
 Metaspace       used 20719K, committed 21056K, reserved 1114112K
  class space    used 1700K, committed 1920K, reserved 1048576K
}
Event: 204.612 GC heap before
{Heap before GC invocations=101 (full 19):
 garbage-first heap   total 393216K, used 252186K [0x0000000082000000, 0x0000000800000000)
  region size 16384K, 9 young (147456K), 1 survivors (16384K)
 Metaspace       used 20719K, committed 21056K, reserved 1114112K
  class space    used 1700K, committed 1920K, reserved 1048576K
}
Event: 204.620 GC heap after
{Heap after GC invocations=102 (full 19):
 garbage-first heap   total 393216K, used 125219K [0x0000000082000000, 0x0000000800000000)
  region size 16384K, 2 young (32768K), 2 survivors (32768K)
 Metaspace       used 20719K, committed 21056K, reserved 1114112K
  class space    used 1700K, committed 1920K, reserved 1048576K
}
Event: 204.917 GC heap before
{Heap before GC invocations=102 (full 19):
 garbage-first heap   total 393216K, used 239907K [0x0000000082000000, 0x0000000800000000)
  region size 16384K, 9 young (147456K), 2 survivors (32768K)
 Metaspace       used 20719K, committed 21056K, reserved 1114112K
  class space    used 1700K, committed 1920K, reserved 1048576K
}
Event: 204.924 GC heap after
{Heap after GC invocations=103 (full 19):
 garbage-first heap   total 1245184K, used 128086K [0x0000000082000000, 0x0000000800000000)
  region size 16384K, 2 young (32768K), 2 survivors (32768K)
 Metaspace       used 20719K, committed 21056K, reserved 1114112K
  class space    used 1700K, committed 1920K, reserved 1048576K
}

Dll operation events (9 events):
Event: 0.013 Loaded shared library /usr/lib/jvm/java-17-openjdk-17.0.16.0.8-2.el9.x86_64/lib/libjava.so
Event: 0.028 Loaded shared library /usr/lib/jvm/java-17-openjdk-17.0.16.0.8-2.el9.x86_64/lib/libjsvml.so
Event: 0.040 Loaded shared library /usr/lib/jvm/java-17-openjdk-17.0.16.0.8-2.el9.x86_64/lib/libnio.so
Event: 0.043 Loaded shared library /usr/lib/jvm/java-17-openjdk-17.0.16.0.8-2.el9.x86_64/lib/libzip.so
Event: 0.118 Loaded shared library /storage/home/hcoda1/4/hyu483/.local/lib/python3.11/site-packages/_jpype.cpython-311-x86_64-linux-gnu.so
Event: 0.156 Loaded shared library /usr/lib/jvm/java-17-openjdk-17.0.16.0.8-2.el9.x86_64/lib/libjimage.so
Event: 1.068 Loaded shared library /usr/lib/jvm/java-17-openjdk-17.0.16.0.8-2.el9.x86_64/lib/libsystemconf.so
Event: 1.199 Loaded shared library /usr/lib/jvm/java-17-openjdk-17.0.16.0.8-2.el9.x86_64/lib/libnet.so
Event: 1.253 Loaded shared library /usr/lib/jvm/java-17-openjdk-17.0.16.0.8-2.el9.x86_64/lib/libextnet.so

Deoptimization events (20 events):
Event: 168.961 Thread 0x000055555cc1d3a0 Uncommon trap: trap_request=0xffffffc6 fr.pc=0x000015544760988c relative=0x0000000000002c6c
Event: 168.961 Thread 0x000055555cc1d3a0 Uncommon trap: reason=bimorphic_or_optimized_type_check action=maybe_recompile pc=0x000015544760988c method=org.h2.value.TypeInfo.getHigherType([Lorg/h2/value/Typed;)Lorg/h2/value/TypeInfo; @ 81 c2
Event: 168.961 Thread 0x000055555cc1d3a0 DEOPT PACKING pc=0x000015544760988c sp=0x00007fffffff01b0
Event: 168.961 Thread 0x000055555cc1d3a0 DEOPT UNPACKING pc=0x0000155446ab5699 sp=0x00007fffffff0000 mode 2
Event: 168.961 Thread 0x000055555cc1d3a0 Uncommon trap: trap_request=0xffffffc6 fr.pc=0x000015544760988c relative=0x0000000000002c6c
Event: 168.961 Thread 0x000055555cc1d3a0 Uncommon trap: reason=bimorphic_or_optimized_type_check action=maybe_recompile pc=0x000015544760988c method=org.h2.value.TypeInfo.getHigherType([Lorg/h2/value/Typed;)Lorg/h2/value/TypeInfo; @ 81 c2
Event: 168.961 Thread 0x000055555cc1d3a0 DEOPT PACKING pc=0x000015544760988c sp=0x00007fffffff01b0
Event: 168.961 Thread 0x000055555cc1d3a0 DEOPT UNPACKING pc=0x0000155446ab5699 sp=0x00007fffffff0000 mode 2
Event: 168.961 Thread 0x000055555cc1d3a0 Uncommon trap: trap_request=0xffffffc6 fr.pc=0x000015544760988c relative=0x0000000000002c6c
Event: 168.961 Thread 0x000055555cc1d3a0 Uncommon trap: reason=bimorphic_or_optimized_type_check action=maybe_recompile pc=0x000015544760988c method=org.h2.value.TypeInfo.getHigherType([Lorg/h2/value/Typed;)Lorg/h2/value/TypeInfo; @ 81 c2
Event: 168.961 Thread 0x000055555cc1d3a0 DEOPT PACKING pc=0x000015544760988c sp=0x00007fffffff01b0
Event: 168.961 Thread 0x000055555cc1d3a0 DEOPT UNPACKING pc=0x0000155446ab5699 sp=0x00007fffffff0000 mode 2
Event: 168.961 Thread 0x000055555cc1d3a0 Uncommon trap: trap_request=0xffffffc6 fr.pc=0x000015544760988c relative=0x0000000000002c6c
Event: 168.961 Thread 0x000055555cc1d3a0 Uncommon trap: reason=bimorphic_or_optimized_type_check action=maybe_recompile pc=0x000015544760988c method=org.h2.value.TypeInfo.getHigherType([Lorg/h2/value/Typed;)Lorg/h2/value/TypeInfo; @ 81 c2
Event: 168.961 Thread 0x000055555cc1d3a0 DEOPT PACKING pc=0x000015544760988c sp=0x00007fffffff0200
Event: 168.961 Thread 0x000055555cc1d3a0 DEOPT UNPACKING pc=0x0000155446ab5699 sp=0x00007fffffff0050 mode 2
Event: 169.816 Thread 0x000055555cc1d3a0 Uncommon trap: trap_request=0xffffff45 fr.pc=0x000015544768bca8 relative=0x0000000000000408
Event: 169.816 Thread 0x000055555cc1d3a0 Uncommon trap: reason=unstable_if action=reinterpret pc=0x000015544768bca8 method=jdk.internal.math.FDBigInteger.leftInplaceSub(Ljdk/internal/math/FDBigInteger;)Ljdk/internal/math/FDBigInteger; @ 96 c2
Event: 169.816 Thread 0x000055555cc1d3a0 DEOPT PACKING pc=0x000015544768bca8 sp=0x00007fffffff09b0
Event: 169.816 Thread 0x000055555cc1d3a0 DEOPT UNPACKING pc=0x0000155446ab5699 sp=0x00007fffffff0920 mode 2

Classes loaded (20 events):
Event: 7.049 Loading class java/math/BigDecimal$LongOverflow
Event: 7.049 Loading class java/math/BigDecimal$LongOverflow done
Event: 7.050 Loading class java/math/BigDecimal$UnsafeHolder
Event: 7.050 Loading class java/math/BigDecimal$UnsafeHolder done
Event: 11.949 Loading class sun/text/resources/cldr/FormatData_en_US
Event: 11.949 Loading class sun/text/resources/cldr/FormatData_en_US done
Event: 23.700 Loading class jdk/internal/reflect/UnsafeQualifiedStaticObjectFieldAccessorImpl
Event: 23.700 Loading class jdk/internal/reflect/UnsafeQualifiedStaticObjectFieldAccessorImpl done
Event: 24.819 Loading class jdk/internal/misc/ScopedMemoryAccess$Scope$Handle
Event: 24.819 Loading class jdk/internal/misc/ScopedMemoryAccess$Scope$Handle done
Event: 48.606 Loading class java/util/zip/GZIPOutputStream
Event: 48.607 Loading class java/util/zip/GZIPOutputStream done
Event: 48.612 Loading class java/io/CharArrayReader
Event: 48.612 Loading class java/io/CharArrayReader done
Event: 49.577 Loading class java/util/PriorityQueue$Itr
Event: 49.577 Loading class java/util/PriorityQueue$Itr done
Event: 58.826 Loading class java/nio/ByteBufferAsLongBufferB
Event: 58.827 Loading class java/nio/ByteBufferAsLongBufferB done
Event: 687.248 Loading class jdk/internal/misc/Signal$1
Event: 687.248 Loading class jdk/internal/misc/Signal$1 done

Classes unloaded (1 events):
Event: 2.276 Thread 0x000055555ea77850 Unloading class 0x00001553b6129400 'java/lang/invoke/LambdaForm$MH+0x00001553b6129400'

Classes redefined (0 events):
No events

Internal exceptions (20 events):
Event: 58.826 Thread 0x000055555cc1d3a0 Implicit null exception at 0x00001554478f4d8c to 0x00001554478f5f94
Event: 70.135 Thread 0x000055555cc1d3a0 Exception <a 'sun/nio/fs/UnixException'{0x00000000a75bbfc0}> (0x00000000a75bbfc0) 
thrown [src/hotspot/share/prims/jni.cpp, line 516]
Event: 71.328 Thread 0x000055555cc1d3a0 Exception <a 'sun/nio/fs/UnixException'{0x00000000b6f04af0}> (0x00000000b6f04af0) 
thrown [src/hotspot/share/prims/jni.cpp, line 516]
Event: 102.046 Thread 0x000055555cc1d3a0 Exception <a 'sun/nio/fs/UnixException'{0x00000000b49cbb10}> (0x00000000b49cbb10) 
thrown [src/hotspot/share/prims/jni.cpp, line 516]
Event: 102.047 Thread 0x000055555cc1d3a0 Exception <a 'sun/nio/fs/UnixException'{0x00000000b49ceb60}> (0x00000000b49ceb60) 
thrown [src/hotspot/share/prims/jni.cpp, line 516]
Event: 102.082 Thread 0x000055555cc1d3a0 Exception <a 'java/lang/NoSuchMethodError'{0x00000000b4a85290}: 'java.lang.Object java.lang.invoke.DirectMethodHandle$Holder.newInvokeSpecial(java.lang.Object, java.lang.Object, int)'> (0x00000000b4a85290) 
thrown [src/hotspot/share/interpreter/linkResolver.cpp, line 759]
Event: 102.397 Thread 0x000055555cc1d3a0 Exception <a 'java/lang/NoSuchMethodError'{0x00000000a1e3bc80}: 'java.lang.Object java.lang.invoke.DirectMethodHandle$Holder.newInvokeSpecial(java.lang.Object, java.lang.Object, int, long)'> (0x00000000a1e3bc80) 
thrown [src/hotspot/share/interpreter/linkResolver.cpp, line 759]
Event: 102.443 Thread 0x000055555ee04bb0 Exception <a 'java/lang/InterruptedException'{0x00000000cb8e2ac8}: sleep interrupted> (0x00000000cb8e2ac8) 
thrown [src/hotspot/share/prims/jvm.cpp, line 3064]
Event: 102.447 Thread 0x000055555cc1d3a0 Exception <a 'sun/nio/fs/UnixException'{0x00000000cb486090}> (0x00000000cb486090) 
thrown [src/hotspot/share/prims/jni.cpp, line 516]
Event: 102.448 Thread 0x000055555cc1d3a0 Exception <a 'sun/nio/fs/UnixException'{0x00000000cb48dc90}> (0x00000000cb48dc90) 
thrown [src/hotspot/share/prims/jni.cpp, line 516]
Event: 120.311 Thread 0x000055555cc1d3a0 Exception <a 'sun/nio/fs/UnixException'{0x00000000d585f758}> (0x00000000d585f758) 
thrown [src/hotspot/share/prims/jni.cpp, line 516]
Event: 121.710 Thread 0x000055555cc1d3a0 Exception <a 'sun/nio/fs/UnixException'{0x00000000c7c18cf0}> (0x00000000c7c18cf0) 
thrown [src/hotspot/share/prims/jni.cpp, line 516]
Event: 164.374 Thread 0x000055555cc1d3a0 Exception <a 'sun/nio/fs/UnixException'{0x00000000c83f13c0}> (0x00000000c83f13c0) 
thrown [src/hotspot/share/prims/jni.cpp, line 516]
Event: 164.375 Thread 0x000055555cc1d3a0 Exception <a 'sun/nio/fs/UnixException'{0x00000000c83f4410}> (0x00000000c83f4410) 
thrown [src/hotspot/share/prims/jni.cpp, line 516]
Event: 164.757 Thread 0x0000555560062750 Exception <a 'java/lang/InterruptedException'{0x00000000bef2c090}: sleep interrupted> (0x00000000bef2c090) 
thrown [src/hotspot/share/prims/jvm.cpp, line 3064]
Event: 164.761 Thread 0x000055555cc1d3a0 Exception <a 'sun/nio/fs/UnixException'{0x00000000beb0d978}> (0x00000000beb0d978) 
thrown [src/hotspot/share/prims/jni.cpp, line 516]
Event: 164.762 Thread 0x000055555cc1d3a0 Exception <a 'sun/nio/fs/UnixException'{0x00000000beb15578}> (0x00000000beb15578) 
thrown [src/hotspot/share/prims/jni.cpp, line 516]
Event: 167.980 Thread 0x000055555cc1d3a0 Implicit null exception at 0x00001554474674ef to 0x00001554474676bc
Event: 176.844 Thread 0x000055555cc1d3a0 Exception <a 'sun/nio/fs/UnixException'{0x00000000b313ec68}> (0x00000000b313ec68) 
thrown [src/hotspot/share/prims/jni.cpp, line 516]
Event: 177.672 Thread 0x000055555cc1d3a0 Exception <a 'sun/nio/fs/UnixException'{0x00000000b94b82d0}> (0x00000000b94b82d0) 
thrown [src/hotspot/share/prims/jni.cpp, line 516]

VM Operations (20 events):
Event: 180.094 Executing VM operation: HandshakeAllThreads
Event: 180.094 Executing VM operation: HandshakeAllThreads done
Event: 180.603 Executing VM operation: G1CollectFull
Event: 180.681 Executing VM operation: G1CollectFull done
Event: 181.383 Executing VM operation: G1CollectFull
Event: 181.451 Executing VM operation: G1CollectFull done
Event: 203.961 Executing VM operation: G1CollectForAllocation
Event: 203.971 Executing VM operation: G1CollectForAllocation done
Event: 204.478 Executing VM operation: G1CollectForAllocation
Event: 204.492 Executing VM operation: G1CollectForAllocation done
Event: 204.612 Executing VM operation: G1CollectForAllocation
Event: 204.620 Executing VM operation: G1CollectForAllocation done
Event: 204.917 Executing VM operation: G1CollectForAllocation
Event: 204.924 Executing VM operation: G1CollectForAllocation done
Event: 211.925 Executing VM operation: Cleanup
Event: 211.925 Executing VM operation: Cleanup done
Event: 240.109 Executing VM operation: HandshakeAllThreads
Event: 240.109 Executing VM operation: HandshakeAllThreads done
Event: 311.113 Executing VM operation: Cleanup
Event: 311.113 Executing VM operation: Cleanup done

Memory protections (20 events):
Event: 164.761 Protecting memory [0x0000155312c2a000,0x0000155312c2e000] with protection modes 0
Event: 164.763 Protecting memory [0x0000155312c2a000,0x0000155312c2e000] with protection modes 0
Event: 164.776 Protecting memory [0x00001553132fc000,0x0000155313300000] with protection modes 0
Event: 164.903 Protecting memory [0x00001553899f5000,0x00001553899f9000] with protection modes 0
Event: 164.929 Protecting memory [0x00001553132fc000,0x0000155313300000] with protection modes 0
Event: 164.948 Protecting memory [0x000015538aefc000,0x000015538af00000] with protection modes 0
Event: 164.961 Protecting memory [0x00001553134fe000,0x0000155313502000] with protection modes 0
Event: 164.977 Protecting memory [0x000015538a700000,0x000015538a704000] with protection modes 0
Event: 165.372 Protecting memory [0x00001553133fd000,0x0000155313401000] with protection modes 0
Event: 165.384 Protecting memory [0x0000155389bf7000,0x0000155389bfb000] with protection modes 0
Event: 165.395 Protecting memory [0x0000155389df9000,0x0000155389dfd000] with protection modes 0
Event: 165.411 Protecting memory [0x0000155313800000,0x0000155313804000] with protection modes 0
Event: 165.423 Protecting memory [0x00001553130fb000,0x00001553130ff000] with protection modes 0
Event: 168.966 Protecting memory [0x000015538aefc000,0x000015538af00000] with protection modes 0
Event: 687.249 Protecting memory [0x000015538aefc000,0x000015538af00000] with protection modes 0
Event: 687.752 Protecting memory [0x000015538aefc000,0x000015538af00000] with protection modes 0
Event: 687.929 Protecting memory [0x000015538aefc000,0x000015538af00000] with protection modes 0
Event: 688.108 Protecting memory [0x000015538aefc000,0x000015538af00000] with protection modes 0
Event: 801.642 Protecting memory [0x000015538aefc000,0x000015538af00000] with protection modes 0
Event: 801.741 Protecting memory [0x000015538aefc000,0x000015538af00000] with protection modes 0

Nmethod flushes (20 events):
Event: 166.680 Thread 0x000055555ea91d30 flushing  nmethod 0x000015544006c290
Event: 166.680 Thread 0x000055555ea91d30 flushing  nmethod 0x000015544006e110
Event: 166.680 Thread 0x000055555ea91d30 flushing  nmethod 0x0000155440070b90
Event: 166.681 Thread 0x000055555ea91d30 flushing  nmethod 0x000015544009f490
Event: 166.681 Thread 0x000055555ea91d30 flushing  nmethod 0x00001554400b4d90
Event: 166.681 Thread 0x000055555ea91d30 flushing  nmethod 0x00001554400d9c90
Event: 166.681 Thread 0x000055555ea91d30 flushing  nmethod 0x00001554400f6e90
Event: 166.681 Thread 0x000055555ea91d30 flushing  nmethod 0x0000155440140810
Event: 166.681 Thread 0x000055555ea91d30 flushing  nmethod 0x0000155440187b90
Event: 166.681 Thread 0x000055555ea91d30 flushing  nmethod 0x000015544018ac10
Event: 166.681 Thread 0x000055555ea91d30 flushing  nmethod 0x000015544018fc10
Event: 166.681 Thread 0x000055555ea91d30 flushing  nmethod 0x00001554401dc090
Event: 166.681 Thread 0x000055555ea91d30 flushing  nmethod 0x00001554401f1610
Event: 166.681 Thread 0x000055555ea91d30 flushing  nmethod 0x0000155440215d90
Event: 166.681 Thread 0x000055555ea91d30 flushing  nmethod 0x0000155440239b10
Event: 166.681 Thread 0x000055555ea91d30 flushing  nmethod 0x000015544023f090
Event: 166.682 Thread 0x000055555ea91d30 flushing  nmethod 0x0000155440257f90
Event: 166.682 Thread 0x000055555ea91d30 flushing  nmethod 0x00001554402c0490
Event: 166.682 Thread 0x000055555ea91d30 flushing  nmethod 0x00001554402ee290
Event: 166.682 Thread 0x000055555ea91d30 flushing  nmethod 0x0000155440344490

Events (20 events):
Event: 165.658 Thread 0x00001552f8695c40 Thread exited: 0x00001552f8695c40
Event: 165.658 Thread 0x000015539cfa9db0 Thread exited: 0x000015539cfa9db0
Event: 165.668 Thread 0x0000155300322e60 Thread exited: 0x0000155300322e60
Event: 166.235 Thread 0x000015539c05c6f0 Thread exited: 0x000015539c05c6f0
Event: 166.235 Thread 0x0000155368185010 Thread exited: 0x0000155368185010
Event: 166.578 Thread 0x00001553a0017700 Thread exited: 0x00001553a0017700
Event: 166.578 Thread 0x000015539c94ed50 Thread exited: 0x000015539c94ed50
Event: 168.966 Thread 0x000055555ea868c0 Thread added: 0x000015539d7fa810
Event: 169.281 Thread 0x000015539d7fa810 Thread exited: 0x000015539d7fa810
Event: 687.248 Thread 0x000055555ea819b0 Thread added: 0x00001553ac0011d0
Event: 687.249 Thread 0x00001553ac0011d0 Thread exited: 0x00001553ac0011d0
Event: 687.752 Thread 0x000055555ea819b0 Thread added: 0x00001553ac0011b0
Event: 687.752 Thread 0x00001553ac0011b0 Thread exited: 0x00001553ac0011b0
Event: 687.929 Thread 0x000055555ea819b0 Thread added: 0x00001553ac0011b0
Event: 687.929 Thread 0x00001553ac0011b0 Thread exited: 0x00001553ac0011b0
Event: 688.108 Thread 0x000055555ea819b0 Thread added: 0x00001553ac0011b0
Event: 688.109 Thread 0x00001553ac0011b0 Thread exited: 0x00001553ac0011b0
Event: 801.642 Thread 0x000055555ea819b0 Thread added: 0x00001553ac0011b0
Event: 801.642 Thread 0x00001553ac0011b0 Thread exited: 0x00001553ac0011b0
Event: 801.741 Thread 0x000055555ea819b0 Thread added: 0x00001553ac0011b0


Dynamic libraries:
82000000-cc000000 rw-p 00000000 00:00 0 
cc000000-7fe000000 ---p 00000000 00:00 0 
7fe000000-7fef00000 rw-p 00000000 00:00 0 
7fef00000-7fef75000 rw-p 00c7c000 fd:00 104324289                        /usr/lib/jvm/java-17-openjdk-17.0.16.0.8-2.el9.x86_64/lib/server/classes.jsa
7fef75000-7ff000000 rw-p 00000000 00:00 0 
7ff000000-7ff078000 rw-p 00c04000 fd:00 104324289                        /usr/lib/jvm/java-17-openjdk-17.0.16.0.8-2.el9.x86_64/lib/server/classes.jsa
7ff078000-800000000 rw-p 00000000 00:00 0 
1552e4000000-1552e4021000 rw-p 00000000 00:00 0 
1552e4021000-1552e8000000 ---p 00000000 00:00 0 
1552e8000000-1552e8021000 rw-p 00000000 00:00 0 
1552e8021000-1552ec000000 ---p 00000000 00:00 0 
1552f0000000-1552f0637000 rw-p 00000000 00:00 0 
1552f0637000-1552f4000000 ---p 00000000 00:00 0 
1552f4000000-1552f4633000 rw-p 00000000 00:00 0 
1552f4633000-1552f8000000 ---p 00000000 00:00 0 
1552f8000000-1552f90f8000 rw-p 00000000 00:00 0 
1552f90f8000-1552fc000000 ---p 00000000 00:00 0 
1552fc000000-1552fc742000 rw-p 00000000 00:00 0 
1552fc742000-155300000000 ---p 00000000 00:00 0 
155300000000-15530113b000 rw-p 00000000 00:00 0 
15530113b000-155304000000 ---p 00000000 00:00 0 
155304000000-155305940000 rw-p 00000000 00:00 0 
155305940000-155308000000 ---p 00000000 00:00 0 
155308000000-155308021000 rw-p 00000000 00:00 0 
155308021000-15530c000000 ---p 00000000 00:00 0 
15530c000000-15530c461000 rw-p 00000000 00:00 0 
15530c461000-155310000000 ---p 00000000 00:00 0 
155310428000-155310528000 rw-p 00000000 00:00 0 
155312a28000-155312a29000 ---p 00000000 00:00 0 
155312a29000-155312c29000 rw-p 00000000 00:00 0 
155312c29000-155312c2a000 ---p 00000000 00:00 0 
155312c2a000-155312c2e000 ---p 00000000 00:00 0 
155312c2e000-155312e2a000 rw-p 00000000 00:00 0 
155312ef9000-155312efa000 ---p 00000000 00:00 0 
155312efa000-1553130fa000 rw-p 00000000 00:00 0 
1553130fa000-1553130fb000 ---p 00000000 00:00 0 
1553130fb000-1553130ff000 ---p 00000000 00:00 0 
1553130ff000-1553132fb000 rw-p 00000000 00:00 0 
1553132fb000-1553132fc000 ---p 00000000 00:00 0 
1553132fc000-155313300000 ---p 00000000 00:00 0 
155313300000-1553133fc000 rw-p 00000000 00:00 0 
1553133fc000-1553133fd000 ---p 00000000 00:00 0 
1553133fd000-155313401000 ---p 00000000 00:00 0 
155313401000-1553134fd000 rw-p 00000000 00:00 0 
1553134fd000-1553134fe000 ---p 00000000 00:00 0 
1553134fe000-155313502000 ---p 00000000 00:00 0 
155313502000-1553135fe000 rw-p 00000000 00:00 0 
1553135fe000-1553135ff000 ---p 00000000 00:00 0 
1553135ff000-155313603000 ---p 00000000 00:00 0 
155313603000-1553137ff000 rw-p 00000000 00:00 0 
1553137ff000-155313800000 ---p 00000000 00:00 0 
155313800000-155313804000 ---p 00000000 00:00 0 
155313804000-155314021000 rw-p 00000000 00:00 0 
155314021000-155318000000 ---p 00000000 00:00 0 
155318000000-155318883000 rw-p 00000000 00:00 0 
155318883000-15531c000000 ---p 00000000 00:00 0 
15531c000000-15531c021000 rw-p 00000000 00:00 0 
15531c021000-155320000000 ---p 00000000 00:00 0 
155320000000-1553214dc000 rw-p 00000000 00:00 0 
1553214dc000-155324000000 ---p 00000000 00:00 0 
155324000000-15532512a000 rw-p 00000000 00:00 0 
15532512a000-155328000000 ---p 00000000 00:00 0 
155328000000-155328021000 rw-p 00000000 00:00 0 
155328021000-15532c000000 ---p 00000000 00:00 0 
15532c000000-15532c021000 rw-p 00000000 00:00 0 
15532c021000-155330000000 ---p 00000000 00:00 0 
155330000000-155330021000 rw-p 00000000 00:00 0 
155330021000-155334000000 ---p 00000000 00:00 0 
155334000000-155335bb6000 rw-p 00000000 00:00 0 
155335bb6000-155338000000 ---p 00000000 00:00 0 
155338000000-155338d7b000 rw-p 00000000 00:00 0 
155338d7b000-15533c000000 ---p 00000000 00:00 0 
15533c000000-15533d865000 rw-p 00000000 00:00 0 
15533d865000-155340000000 ---p 00000000 00:00 0 
155340000000-15534194e000 rw-p 00000000 00:00 0 
15534194e000-155344000000 ---p 00000000 00:00 0 
155344000000-15534541b000 rw-p 00000000 00:00 0 
15534541b000-155348000000 ---p 00000000 00:00 0 
155348000000-1553498ef000 rw-p 00000000 00:00 0 
1553498ef000-15534c000000 ---p 00000000 00:00 0 
15534c000000-15534c021000 rw-p 00000000 00:00 0 
15534c021000-155350000000 ---p 00000000 00:00 0 
155350000000-155350021000 rw-p 00000000 00:00 0 
155350021000-155354000000 ---p 00000000 00:00 0 
155354000000-155354021000 rw-p 00000000 00:00 0 
155354021000-155358000000 ---p 00000000 00:00 0 
155358000000-155358021000 rw-p 00000000 00:00 0 
155358021000-15535c000000 ---p 00000000 00:00 0 
15535c000000-15535c700000 rw-p 00000000 00:00 0 
15535c700000-155360000000 ---p 00000000 00:00 0 
155360000000-155360021000 rw-p 00000000 00:00 0 
155360021000-155364000000 ---p 00000000 00:00 0 
155364000000-155364869000 rw-p 00000000 00:00 0 
155364869000-155368000000 ---p 00000000 00:00 0 
155368000000-155368b80000 rw-p 00000000 00:00 0 
155368b80000-15536c000000 ---p 00000000 00:00 0 
15536c000000-15536c021000 rw-p 00000000 00:00 0 
15536c021000-155370000000 ---p 00000000 00:00 0 
155370000000-155371f3d000 rw-p 00000000 00:00 0 
155371f3d000-155374000000 ---p 00000000 00:00 0 
155374000000-1553768be000 rw-p 00000000 00:00 0 
1553768be000-155378000000 ---p 00000000 00:00 0 
155378000000-155378021000 rw-p 00000000 00:00 0 
155378021000-15537c000000 ---p 00000000 00:00 0 
15537c000000-15537de9d000 rw-p 00000000 00:00 0 
15537de9d000-155380000000 ---p 00000000 00:00 0 
155380000000-155380021000 rw-p 00000000 00:00 0 
155380021000-155384000000 ---p 00000000 00:00 0 
155384000000-15538467a000 rw-p 00000000 00:00 0 
15538467a000-155388000000 ---p 00000000 00:00 0 
1553880eb000-155388aeb000 rw-p 00000000 00:00 0 
155388aeb000-155388aec000 ---p 00000000 00:00 0 
155388aec000-155388af0000 ---p 00000000 00:00 0 
155388af0000-155388cec000 rw-p 00000000 00:00 0 
155388cec000-155388ced000 ---p 00000000 00:00 0 
155388ced000-155388eed000 rw-p 00000000 00:00 0 
155388eed000-155388eee000 ---p 00000000 00:00 0 
155388eee000-1553890ee000 rw-p 00000000 00:00 0 
1553890ee000-1553890ef000 ---p 00000000 00:00 0 
1553890ef000-1553892ef000 rw-p 00000000 00:00 0 
1553892ef000-1553892f0000 ---p 00000000 00:00 0 
1553892f0000-1553894f0000 rw-p 00000000 00:00 0 
1553894f0000-1553894f1000 ---p 00000000 00:00 0 
1553894f1000-1553896f1000 rw-p 00000000 00:00 0 
1553896f1000-1553896f2000 ---p 00000000 00:00 0 
1553896f2000-1553896f6000 ---p 00000000 00:00 0 
1553896f6000-1553897f2000 rw-p 00000000 00:00 0 
1553897f2000-1553897f3000 ---p 00000000 00:00 0 
1553897f3000-1553898f3000 rw-p 00000000 00:00 0 
1553898f3000-1553898f4000 ---p 00000000 00:00 0 
1553898f4000-1553898f8000 ---p 00000000 00:00 0 
1553898f8000-1553899f4000 rw-p 00000000 00:00 0 
1553899f4000-1553899f5000 ---p 00000000 00:00 0 
1553899f5000-1553899f9000 ---p 00000000 00:00 0 
1553899f9000-155389af5000 rw-p 00000000 00:00 0 
155389af5000-155389af6000 ---p 00000000 00:00 0 
155389af6000-155389afa000 ---p 00000000 00:00 0 
155389afa000-155389bf6000 rw-p 00000000 00:00 0 
155389bf6000-155389bf7000 ---p 00000000 00:00 0 
155389bf7000-155389bfb000 ---p 00000000 00:00 0 
155389bfb000-155389cf7000 rw-p 00000000 00:00 0 
155389cf7000-155389cf8000 ---p 00000000 00:00 0 
155389cf8000-155389cfc000 ---p 00000000 00:00 0 
155389cfc000-155389df8000 rw-p 00000000 00:00 0 
155389df8000-155389df9000 ---p 00000000 00:00 0 
155389df9000-155389dfd000 ---p 00000000 00:00 0 
155389dfd000-155389ef9000 rw-p 00000000 00:00 0 
155389ef9000-155389efa000 ---p 00000000 00:00 0 
155389efa000-155389efe000 ---p 00000000 00:00 0 
155389efe000-155389ffa000 rw-p 00000000 00:00 0 
155389ffa000-155389ffb000 ---p 00000000 00:00 0 
155389ffb000-15538a0fb000 rw-p 00000000 00:00 0 
15538a0fb000-15538a0fc000 ---p 00000000 00:00 0 
15538a0fc000-15538a1fc000 rw-p 00000000 00:00 0 
15538a1fc000-15538a1fd000 ---p 00000000 00:00 0 
15538a1fd000-15538a2fd000 rw-p 00000000 00:00 0 
15538a2fd000-15538a2fe000 ---p 00000000 00:00 0 
15538a2fe000-15538a4fe000 rw-p 00000000 00:00 0 
15538a4fe000-15538a4ff000 ---p 00000000 00:00 0 
15538a4ff000-15538a6ff000 rw-p 00000000 00:00 0 
15538a6ff000-15538a700000 ---p 00000000 00:00 0 
15538a700000-15538a704000 ---p 00000000 00:00 0 
15538a704000-15538a800000 rw-p 00000000 00:00 0 
15538a800000-15538a802000 r-xp 00000000 fd:00 37598114                   /usr/lib/jvm/java-17-openjdk-17.0.16.0.8-2.el9.x86_64/lib/libextnet.so
15538a802000-15538aa01000 ---p 00002000 fd:00 37598114                   /usr/lib/jvm/java-17-openjdk-17.0.16.0.8-2.el9.x86_64/lib/libextnet.so
15538aa01000-15538aa02000 r--p 00001000 fd:00 37598114                   /usr/lib/jvm/java-17-openjdk-17.0.16.0.8-2.el9.x86_64/lib/libextnet.so
15538aa02000-15538aa03000 rw-p 00000000 00:00 0 
15538aac9000-15538aae6000 r--p 00000000 00:30 1893978436                 /storage/home/hcoda1/4/hyu483/conda_envs/qgis332/lib/libnss3.so
15538aae6000-15538abba000 r-xp 0001d000 00:30 1893978436                 /storage/home/hcoda1/4/hyu483/conda_envs/qgis332/lib/libnss3.so
15538abba000-15538abf6000 r--p 000f1000 00:30 1893978436                 /storage/home/hcoda1/4/hyu483/conda_envs/qgis332/lib/libnss3.so
15538abf6000-15538abfc000 r--p 0012d000 00:30 1893978436                 /storage/home/hcoda1/4/hyu483/conda_envs/qgis332/lib/libnss3.so
15538abfc000-15538abff000 rw-p 00133000 00:30 1893978436                 /storage/home/hcoda1/4/hyu483/conda_envs/qgis332/lib/libnss3.so
15538abff000-15538ac00000 rw-p 00000000 00:00 0 
15538ac00000-15538ac02000 r-xp 00000000 fd:00 37598142                   /usr/lib/jvm/java-17-openjdk-17.0.16.0.8-2.el9.x86_64/lib/libsystemconf.so
15538ac02000-15538ae01000 ---p 00002000 fd:00 37598142                   /usr/lib/jvm/java-17-openjdk-17.0.16.0.8-2.el9.x86_64/lib/libsystemconf.so
15538ae01000-15538ae02000 r--p 00001000 fd:00 37598142                   /usr/lib/jvm/java-17-openjdk-17.0.16.0.8-2.el9.x86_64/lib/libsystemconf.so
15538ae02000-15538ae03000 rw-p 00000000 00:00 0 
15538aefb000-15538aefc000 ---p 00000000 00:00 0 
15538aefc000-15538af00000 ---p 00000000 00:00 0 
15538af00000-15538affc000 rw-p 00000000 00:00 0 
15538affc000-15538affd000 ---p 00000000 00:00 0 
15538affd000-15538b001000 ---p 00000000 00:00 0 
15538b001000-15538b0fd000 rw-p 00000000 00:00 0 
15538b0fd000-15538b0fe000 ---p 00000000 00:00 0 
15538b0fe000-15538b102000 ---p 00000000 00:00 0 
15538b102000-15538b1fe000 rw-p 00000000 00:00 0 
15538b1fe000-15538b1ff000 ---p 00000000 00:00 0 
15538b1ff000-15538b2ff000 rw-p 00000000 00:00 0 
15538b2ff000-15538b300000 ---p 00000000 00:00 0 
15538b300000-15538b400000 rw-p 00000000 00:00 0 
15538b400000-15538b41b000 r-xp 00000000 fd:00 37598208                   /usr/lib/jvm/java-17-openjdk-17.0.16.0.8-2.el9.x86_64/lib/libzip.so
15538b41b000-15538b61a000 ---p 0001b000 fd:00 37598208                   /usr/lib/jvm/java-17-openjdk-17.0.16.0.8-2.el9.x86_64/lib/libzip.so
15538b61a000-15538b61b000 r--p 0001a000 fd:00 37598208                   /usr/lib/jvm/java-17-openjdk-17.0.16.0.8-2.el9.x86_64/lib/libzip.so
15538b61b000-15538b61c000 rw-p 00000000 00:00 0 
15538b6ff000-15538b700000 ---p 00000000 00:00 0 
15538b700000-15538b704000 ---p 00000000 00:00 0 
15538b704000-15538b800000 rw-p 00000000 00:00 0 
15538b800000-15538b815000 r-xp 00000000 fd:00 37598135                   /usr/lib/jvm/java-17-openjdk-17.0.16.0.8-2.el9.x86_64/lib/libnet.so
15538b815000-15538ba15000 ---p 00015000 fd:00 37598135                   /usr/lib/jvm/java-17-openjdk-17.0.16.0.8-2.el9.x86_64/lib/libnet.so
15538ba15000-15538ba16000 r--p 00015000 fd:00 37598135                   /usr/lib/jvm/java-17-openjdk-17.0.16.0.8-2.el9.x86_64/lib/libnet.so
15538ba16000-15538ba17000 rw-p 00016000 fd:00 37598135                   /usr/lib/jvm/java-17-openjdk-17.0.16.0.8-2.el9.x86_64/lib/libnet.so
15538baff000-15538bb00000 ---p 00000000 00:00 0 
15538bb00000-15538bb04000 ---p 00000000 00:00 0 
15538bb04000-15538bc00000 rw-p 00000000 00:00 0 
15538bc00000-15538bc13000 r-xp 00000000 fd:00 37598136                   /usr/lib/jvm/java-17-openjdk-17.0.16.0.8-2.el9.x86_64/lib/libnio.so
15538bc13000-15538be13000 ---p 00013000 fd:00 37598136                   /usr/lib/jvm/java-17-openjdk-17.0.16.0.8-2.el9.x86_64/lib/libnio.so
15538be13000-15538be14000 r--p 00013000 fd:00 37598136                   /usr/lib/jvm/java-17-openjdk-17.0.16.0.8-2.el9.x86_64/lib/libnio.so
15538be14000-15538be15000 rw-p 00014000 fd:00 37598136                   /usr/lib/jvm/java-17-openjdk-17.0.16.0.8-2.el9.x86_64/lib/libnio.so
15538beff000-15538bf00000 ---p 00000000 00:00 0 
15538bf00000-15538bf04000 ---p 00000000 00:00 0 
15538bf04000-15538c021000 rw-p 00000000 00:00 0 
15538c021000-155390000000 ---p 00000000 00:00 0 
155390000000-155390021000 rw-p 00000000 00:00 0 
155390021000-155394000000 ---p 00000000 00:00 0 
155394000000-155394101000 rw-p 00000000 00:00 0 
155394101000-155398000000 ---p 00000000 00:00 0 
155398000000-155398021000 rw-p 00000000 00:00 0 
155398021000-15539c000000 ---p 00000000 00:00 0 
15539c000000-15539dd78000 rw-p 00000000 00:00 0 
15539dd78000-1553a0000000 ---p 00000000 00:00 0 
1553a0000000-1553a0882000 rw-p 00000000 00:00 0 
1553a0882000-1553a4000000 ---p 00000000 00:00 0 
1553a4000000-1553a4021000 rw-p 00000000 00:00 0 
1553a4021000-1553a8000000 ---p 00000000 00:00 0 
1553a8000000-1553a8021000 rw-p 00000000 00:00 0 
1553a8021000-1553ac000000 ---p 00000000 00:00 0 
1553ac000000-1553ac021000 rw-p 00000000 00:00 0 
1553ac021000-1553b0000000 ---p 00000000 00:00 0 
1553b00f5000-1553b00f6000 ---p 00000000 00:00 0 
1553b00f6000-1553b00fa000 ---p 00000000 00:00 0 
1553b00fa000-1553b01f6000 rw-p 00000000 00:00 0 
1553b01f6000-1553b01f7000 ---p 00000000 00:00 0 
1553b01f7000-1553b01fb000 ---p 00000000 00:00 0 
1553b01fb000-1553b02f7000 rw-p 00000000 00:00 0 
1553b02f7000-1553b02f8000 ---p 00000000 00:00 0 
1553b02f8000-1553b03f8000 rw-p 00000000 00:00 0 
1553b03f8000-1553b03f9000 ---p 00000000 00:00 0 
1553b03f9000-1553b03fd000 ---p 00000000 00:00 0 
1553b03fd000-1553b04f9000 rw-p 00000000 00:00 0 
1553b04f9000-1553b04fa000 ---p 00000000 00:00 0 
1553b04fa000-1553b04fe000 ---p 00000000 00:00 0 
1553b04fe000-1553b05fa000 rw-p 00000000 00:00 0 
1553b05fa000-1553b05fb000 ---p 00000000 00:00 0 
1553b05fb000-1553b05ff000 ---p 00000000 00:00 0 
1553b05ff000-1553b06fb000 rw-p 00000000 00:00 0 
1553b06fb000-1553b06fc000 ---p 00000000 00:00 0 
1553b06fc000-1553b0700000 ---p 00000000 00:00 0 
1553b0700000-1553b07fc000 rw-p 00000000 00:00 0 
1553b07fc000-1553b07fd000 ---p 00000000 00:00 0 
1553b07fd000-1553b0801000 ---p 00000000 00:00 0 
1553b0801000-1553b08fd000 rw-p 00000000 00:00 0 
1553b08fd000-1553b08fe000 ---p 00000000 00:00 0 
1553b08fe000-1553b0902000 ---p 00000000 00:00 0 
1553b0902000-1553b09fe000 rw-p 00000000 00:00 0 
1553b09fe000-1553b09ff000 ---p 00000000 00:00 0 
1553b09ff000-1553b0a03000 ---p 00000000 00:00 0 
1553b0a03000-1553b0aff000 rw-p 00000000 00:00 0 
1553b0aff000-1553b0b00000 ---p 00000000 00:00 0 
1553b0b00000-1553b0b04000 ---p 00000000 00:00 0 
1553b0b04000-1553b0c00000 rw-p 00000000 00:00 0 
1553b0c00000-1553b0ccd000 r-xp 00000000 fd:00 37598129                   /usr/lib/jvm/java-17-openjdk-17.0.16.0.8-2.el9.x86_64/lib/libjsvml.so
1553b0ccd000-1553b0ecc000 ---p 000cd000 fd:00 37598129                   /usr/lib/jvm/java-17-openjdk-17.0.16.0.8-2.el9.x86_64/lib/libjsvml.so
1553b0ecc000-1553b0ecd000 r--p 000cc000 fd:00 37598129                   /usr/lib/jvm/java-17-openjdk-17.0.16.0.8-2.el9.x86_64/lib/libjsvml.so
1553b0ecd000-1553b0ece000 rw-p 000cd000 fd:00 37598129                   /usr/lib/jvm/java-17-openjdk-17.0.16.0.8-2.el9.x86_64/lib/libjsvml.so
1553b0eff000-1553b0f00000 ---p 00000000 00:00 0 
1553b0f00000-1553b0f04000 ---p 00000000 00:00 0 
1553b0f04000-1553b13f0000 rw-p 00000000 00:00 0 
1553b13f0000-1553b19f0000 rw-p 00000000 00:00 0 
1553b19f0000-1553b1af0000 rw-p 00000000 00:00 0 
1553b1af0000-1553b1bf0000 rw-p 00000000 00:00 0 
1553b1bf0000-1553b2160000 rw-p 00000000 00:00 0 
1553b2160000-1553b2200000 ---p 00000000 00:00 0 
1553b2200000-1553b2360000 rw-p 00000000 00:00 0 
1553b2360000-1553b5000000 ---p 00000000 00:00 0 
1553b5000000-1553b5bcc000 rw-p 00001000 fd:00 104324289                  /usr/lib/jvm/java-17-openjdk-17.0.16.0.8-2.el9.x86_64/lib/server/classes.jsa
1553b5bcc000-1553b6000000 ---p 00000000 00:00 0 
1553b6000000-1553b6030000 rw-p 00000000 00:00 0 
1553b6030000-1553b60b0000 rw-p 00000000 00:00 0 
1553b60b0000-1553b60f0000 rw-p 00000000 00:00 0 
1553b60f0000-1553b6100000 ---p 00000000 00:00 0 
1553b6100000-1553b61f0000 rw-p 00000000 00:00 0 
1553b61f0000-1553f6000000 ---p 00000000 00:00 0 
1553f602d000-1553f602e000 ---p 00000000 00:00 0 
1553f602e000-1553f612e000 rw-p 00000000 00:00 0 
1553f612e000-1553f612f000 ---p 00000000 00:00 0 
1553f612f000-1553f622f000 rw-p 00000000 00:00 0 
1553f622f000-1553f6230000 ---p 00000000 00:00 0 
1553f6230000-1553f95b0000 rw-p 00000000 00:00 0 
1553f95b0000-155416230000 ---p 00000000 00:00 0 
155416230000-155417530000 rw-p 00000000 00:00 0 
155417530000-1554341b0000 ---p 00000000 00:00 0 
1554341b0000-155434480000 rw-p 00000000 00:00 0 
155434480000-155437e10000 ---p 00000000 00:00 0 
155437e10000-155438070000 rw-p 00000000 00:00 0 
155438070000-15543ba00000 ---p 00000000 00:00 0 
15543ba00000-15543bc60000 rw-p 00000000 00:00 0 
15543bc60000-15543f5f0000 ---p 00000000 00:00 0 
15543f5f0000-15543f600000 rw-p 00000000 00:00 0 
15543f600000-155440380000 rwxp 00000000 00:00 0 
155440380000-155446a5f000 ---p 00000000 00:00 0 
155446a5f000-155446d6f000 rwxp 00000000 00:00 0 
155446d6f000-1554471a0000 ---p 00000000 00:00 0 
1554471a0000-155447eb0000 rwxp 00000000 00:00 0 
155447eb0000-15544e600000 ---p 00000000 00:00 0 
15544e600000-15544e625000 r-xp 00000000 fd:00 37598122                   /usr/lib/jvm/java-17-openjdk-17.0.16.0.8-2.el9.x86_64/lib/libjava.so
15544e625000-15544e825000 ---p 00025000 fd:00 37598122                   /usr/lib/jvm/java-17-openjdk-17.0.16.0.8-2.el9.x86_64/lib/libjava.so
15544e825000-15544e826000 r--p 00025000 fd:00 37598122                   /usr/lib/jvm/java-17-openjdk-17.0.16.0.8-2.el9.x86_64/lib/libjava.so
15544e826000-15544e827000 rw-p 00026000 fd:00 37598122                   /usr/lib/jvm/java-17-openjdk-17.0.16.0.8-2.el9.x86_64/lib/libjava.so
15544e827000-15544e828000 rw-p 00000000 00:00 0 
15544e8ff000-15544e900000 ---p 00000000 00:00 0 
15544e900000-15544ea00000 rw-p 00000000 00:00 0 
15544ea00000-155456b2d000 r--s 00000000 fd:00 37598209                   /usr/lib/jvm/java-17-openjdk-17.0.16.0.8-2.el9.x86_64/lib/modules
155456b43000-155456b46000 r--p 00000000 00:30 2007957043                 /storage/home/hcoda1/4/hyu483/conda_envs/qgis332/lib/python3.11/site-packages/pyogrio/_geometry.cpython-311-x86_64-linux-gnu.so
155456b46000-155456b4e000 r-xp 00003000 00:30 2007957043                 /storage/home/hcoda1/4/hyu483/conda_envs/qgis332/lib/python3.11/site-packages/pyogrio/_geometry.cpython-311-x86_64-linux-gnu.so
155456b4e000-155456b50000 r--p 0000b000 00:30 2007957043                 /storage/home/hcoda1/4/hyu483/conda_envs/qgis332/lib/python3.11/site-packages/pyogrio/_geometry.cpython-311-x86_64-linux-gnu.so
155456b50000-155456b51000 r--p 0000c000 00:30 2007957043                 /storage/home/hcoda1/4/hyu483/conda_envs/qgis332/lib/python3.11/site-packages/pyogrio/_geometry.cpython-311-x86_64-linux-gnu.so
155456b51000-155456b52000 rw-p 0000d000 00:30 2007957043                 /storage/home/hcoda1/4/hyu483/conda_envs/qgis332/lib/python3.11/site-packages/pyogrio/_geometry.cpython-311-x86_64-linux-gnu.so
155456b52000-155456b5b000 r--p 00000000 00:30 2007957044                 /storage/home/hcoda1/4/hyu483/conda_envs/qgis332/lib/python3.11/site-packages/pyogrio/_io.cpython-311-x86_64-linux-gnu.so
155456b5b000-155456bd9000 r-xp 00009000 00:30 2007957044                 /storage/home/hcoda1/4/hyu483/conda_envs/qgis332/lib/python3.11/site-packages/pyogrio/_io.cpython-311-x86_64-linux-gnu.so
155456bd9000-155456be5000 r--p 00087000 00:30 2007957044                 /storage/home/hcoda1/4/hyu483/conda_envs/qgis332/lib/python3.11/site-packages/pyogrio/_io.cpython-311-x86_64-linux-gnu.so
155456be5000-155456be6000 r--p 00093000 00:30 2007957044                 /storage/home/hcoda1/4/hyu483/conda_envs/qgis332/lib/python3.11/site-packages/pyogrio/_io.cpython-311-x86_64-linux-gnu.so
155456be6000-155456be8000 rw-p 00094000 00:30 2007957044                 /storage/home/hcoda1/4/hyu483/conda_envs/qgis332/lib/python3.11/site-packages/pyogrio/_io.cpython-311-x86_64-linux-gnu.so
155456be8000-155456bea000 rw-p 00000000 00:00 0 
155456bea000-155456bee000 r--p 00000000 00:30 2007957042                 /storage/home/hcoda1/4/hyu483/conda_envs/qgis332/lib/python3.11/site-packages/pyogrio/_err.cpython-311-x86_64-linux-gnu.so
155456bee000-155456bfb000 r-xp 00004000 00:30 2007957042                 /storage/home/hcoda1/4/hyu483/conda_envs/qgis332/lib/python3.11/site-packages/pyogrio/_err.cpython-311-x86_64-linux-gnu.so
155456bfb000-155456bfe000 r--p 00011000 00:30 2007957042                 /storage/home/hcoda1/4/hyu483/conda_envs/qgis332/lib/python3.11/site-packages/pyogrio/_err.cpython-311-x86_64-linux-gnu.so
155456bfe000-155456bff000 r--p 00013000 00:30 2007957042                 /storage/home/hcoda1/4/hyu483/conda_envs/qgis332/lib/python3.11/site-packages/pyogrio/_err.cpython-311-x86_64-linux-gnu.so
155456bff000-155456c00000 rw-p 00014000 00:30 2007957042                 /storage/home/hcoda1/4/hyu483/conda_envs/qgis332/lib/python3.11/site-packages/pyogrio/_err.cpython-311-x86_64-linux-gnu.so
155456c00000-155456c1b000 r-xp 00000000 fd:00 37598125                   /usr/lib/jvm/java-17-openjdk-17.0.16.0.8-2.el9.x86_64/lib/libjimage.so
155456c1b000-155456e1b000 ---p 0001b000 fd:00 37598125                   /usr/lib/jvm/java-17-openjdk-17.0.16.0.8-2.el9.x86_64/lib/libjimage.so
155456e1b000-155456e1d000 r--p 0001b000 fd:00 37598125                   /usr/lib/jvm/java-17-openjdk-17.0.16.0.8-2.el9.x86_64/lib/libjimage.so
155456e1d000-155456e1e000 rw-p 0001d000 fd:00 37598125                   /usr/lib/jvm/java-17-openjdk-17.0.16.0.8-2.el9.x86_64/lib/libjimage.so
155456e21000-155456e25000 rw-p 00000000 00:00 0 
155456e25000-155456e29000 r--p 00000000 00:30 2007957045                 /storage/home/hcoda1/4/hyu483/conda_envs/qgis332/lib/python3.11/site-packages/pyogrio/_ogr.cpython-311-x86_64-linux-gnu.so
155456e29000-155456e3d000 r-xp 00004000 00:30 2007957045                 /storage/home/hcoda1/4/hyu483/conda_envs/qgis332/lib/python3.11/site-packages/pyogrio/_ogr.cpython-311-x86_64-linux-gnu.so
155456e3d000-155456e41000 r--p 00018000 00:30 2007957045                 /storage/home/hcoda1/4/hyu483/conda_envs/qgis332/lib/python3.11/site-packages/pyogrio/_ogr.cpython-311-x86_64-linux-gnu.so
155456e41000-155456e42000 r--p 0001b000 00:30 2007957045                 /storage/home/hcoda1/4/hyu483/conda_envs/qgis332/lib/python3.11/site-packages/pyogrio/_ogr.cpython-311-x86_64-linux-gnu.so
155456e42000-155456e43000 rw-p 0001c000 00:30 2007957045                 /storage/home/hcoda1/4/hyu483/conda_envs/qgis332/lib/python3.11/site-packages/pyogrio/_ogr.cpython-311-x86_64-linux-gnu.so
155456e43000-155456e44000 rw-p 00000000 00:00 0 
155456e44000-155456e48000 r--p 00000000 00:30 2007957047                 /storage/home/hcoda1/4/hyu483/conda_envs/qgis332/lib/python3.11/site-packages/pyogrio/_vsi.cpython-311-x86_64-linux-gnu.so
155456e48000-155456e56000 r-xp 00004000 00:30 2007957047                 /storage/home/hcoda1/4/hyu483/conda_envs/qgis332/lib/python3.11/site-packages/pyogrio/_vsi.cpython-311-x86_64-linux-gnu.so
155456e56000-155456e59000 r--p 00012000 00:30 2007957047                 /storage/home/hcoda1/4/hyu483/conda_envs/qgis332/lib/python3.11/site-packages/pyogrio/_vsi.cpython-311-x86_64-linux-gnu.so
155456e59000-155456e5a000 r--p 00014000 00:30 2007957047                 /storage/home/hcoda1/4/hyu483/conda_envs/qgis332/lib/python3.11/site-packages/pyogrio/_vsi.cpython-311-x86_64-linux-gnu.so
155456e5a000-155456e5b000 rw-p 00015000 00:30 2007957047                 /storage/home/hcoda1/4/hyu483/conda_envs/qgis332/lib/python3.11/site-packages/pyogrio/_vsi.cpython-311-x86_64-linux-gnu.so
155456e5b000-155456e5f000 r-xp 00000000 00:00 0 
155456e5f000-155456f32000 rw-p 00000000 00:00 0 
155456f32000-155457000000 ---p 00000000 00:00 0 
155457000000-15545826c000 r-xp 00000000 fd:00 104324292                  /usr/lib/jvm/java-17-openjdk-17.0.16.0.8-2.el9.x86_64/lib/server/libjvm.so
15545826c000-15545846b000 ---p 0126c000 fd:00 104324292                  /usr/lib/jvm/java-17-openjdk-17.0.16.0.8-2.el9.x86_64/lib/server/libjvm.so
15545846b000-155458524000 r--p 0126b000 fd:00 104324292                  /usr/lib/jvm/java-17-openjdk-17.0.16.0.8-2.el9.x86_64/lib/server/libjvm.so
155458524000-155458559000 rw-p 01324000 fd:00 104324292                  /usr/lib/jvm/java-17-openjdk-17.0.16.0.8-2.el9.x86_64/lib/server/libjvm.so
155458559000-1554585b4000 rw-p 00000000 00:00 0 
1554585b4000-1554585b5000 r-xp 00000000 00:00 0 
1554585b5000-1554585b6000 r--p 00000000 00:00 0 
1554585b6000-1554585b7000 r-xp 00000000 00:00 0 
1554585b7000-1554585b8000 r--p 00000000 00:00 0 
1554585b8000-1554585ba000 r-xp 00000000 00:00 0 
1554585ba000-1554585bb000 r--p 00000000 00:00 0 
1554585bb000-1554585bc000 r-xp 00000000 00:00 0 
1554585bc000-1554585bd000 r--p 00000000 00:00 0 
1554585bd000-1554585be000 r-xp 00000000 00:00 0 
1554585be000-1554585bf000 r--p 00000000 00:00 0 
1554585bf000-1554585c0000 r-xp 00000000 00:00 0 
1554585c0000-1554585c1000 r--p 00000000 00:00 0 
1554585c1000-1554585c2000 r-xp 00000000 00:00 0 
1554585c2000-1554585c3000 r--p 00000000 00:00 0 
1554585c3000-1554585c5000 r-xp 00000000 00:00 0 
1554585c5000-1554585c8000 r--p 00000000 00:00 0 
1554585c8000-1554585ca000 r-xp 00000000 00:00 0 
1554585cd000-1554585ce000 r--p 00000000 00:00 0 
1554585ce000-1554585d2000 r-xp 00000000 00:00 0 
1554585d2000-1554585d3000 r--p 00000000 00:00 0 
1554585d3000-1554585d4000 r-xp 00000000 00:00 0 
1554585d4000-1554585d5000 r--p 00000000 00:00 0 
1554585d5000-1554585d6000 r-xp 00000000 00:00 0 
1554585d6000-1554585d7000 r-xp 00000000 00:00 0 
1554585d7000-1554585d8000 r--p 00000000 00:00 0 
1554585d8000-1554585d9000 r-xp 00000000 00:00 0 
1554585d9000-1554585da000 r--p 00000000 00:00 0 
1554585da000-1554585e8000 r--p 00000000 00:30 1895008073                 /storage/home/hcoda1/4/hyu483/conda_envs/qgis332/lib/libnspr4.so
1554585e8000-15545860b000 r-xp 0000e000 00:30 1895008073                 /storage/home/hcoda1/4/hyu483/conda_envs/qgis332/lib/libnspr4.so
15545860b000-155458617000 r--p 00031000 00:30 1895008073                 /storage/home/hcoda1/4/hyu483/conda_envs/qgis332/lib/libnspr4.so
155458617000-155458619000 r--p 0003c000 00:30 1895008073                 /storage/home/hcoda1/4/hyu483/conda_envs/qgis332/lib/libnspr4.so
155458619000-15545861a000 rw-p 0003e000 00:30 1895008073                 /storage/home/hcoda1/4/hyu483/conda_envs/qgis332/lib/libnspr4.so
15545861a000-15545861d000 rw-p 00000000 00:00 0 
15545861d000-15545861f000 r--p 00000000 00:30 1893822567                 /storage/home/hcoda1/4/hyu483/conda_envs/qgis332/lib/libplds4.so
15545861f000-155458620000 r-xp 00002000 00:30 1893822567                 /storage/home/hcoda1/4/hyu483/conda_envs/qgis332/lib/libplds4.so
155458620000-155458621000 r--p 00003000 00:30 1893822567                 /storage/home/hcoda1/4/hyu483/conda_envs/qgis332/lib/libplds4.so
155458621000-155458622000 r--p 00003000 00:30 1893822567                 /storage/home/hcoda1/4/hyu483/conda_envs/qgis332/lib/libplds4.so
155458622000-155458623000 rw-p 00004000 00:30 1893822567                 /storage/home/hcoda1/4/hyu483/conda_envs/qgis332/lib/libplds4.so
155458623000-155458625000 r--p 00000000 00:30 2090028566                 /storage/home/hcoda1/4/hyu483/conda_envs/qgis332/lib/libplc4.so
155458625000-155458627000 r-xp 00002000 00:30 2090028566                 /storage/home/hcoda1/4/hyu483/conda_envs/qgis332/lib/libplc4.so
155458627000-155458628000 r--p 00004000 00:30 2090028566                 /storage/home/hcoda1/4/hyu483/conda_envs/qgis332/lib/libplc4.so
155458628000-155458629000 r--p 00004000 00:30 2090028566                 /storage/home/hcoda1/4/hyu483/conda_envs/qgis332/lib/libplc4.so
155458629000-15545862a000 rw-p 00005000 00:30 2090028566                 /storage/home/hcoda1/4/hyu483/conda_envs/qgis332/lib/libplc4.so
15545862a000-155458638000 r--p 00000000 00:30 1940391796                 /storage/home/hcoda1/4/hyu483/conda_envs/qgis332/lib/libnssutil3.so
155458638000-155458649000 r-xp 0000e000 00:30 1940391796                 /storage/home/hcoda1/4/hyu483/conda_envs/qgis332/lib/libnssutil3.so
155458649000-155458656000 r--p 0001f000 00:30 1940391796                 /storage/home/hcoda1/4/hyu483/conda_envs/qgis332/lib/libnssutil3.so
155458656000-15545865d000 r--p 0002b000 00:30 1940391796                 /storage/home/hcoda1/4/hyu483/conda_envs/qgis332/lib/libnssutil3.so
15545865d000-15545865e000 rw-p 00032000 00:30 1940391796                 /storage/home/hcoda1/4/hyu483/conda_envs/qgis332/lib/libnssutil3.so
15545865e000-155458679000 rw-p 00000000 00:00 0 
155458679000-155458747000 ---p 00000000 00:00 0 
155458747000-15545874e000 rw-p 00000000 00:00 0 
15545874e000-155458756000 ---p 00000000 00:00 0 
155458756000-15545875e000 rw-s 00000000 fd:01 1096050071                 /tmp/hsperfdata_hyu483/2590863
15545875e000-15545885e000 rw-p 00000000 00:00 0 
15545885e000-155458899000 r--p 00000000 00:30 1886350408                 /storage/home/hcoda1/4/hyu483/.local/lib/python3.11/site-packages/_jpype.cpython-311-x86_64-linux-gnu.so
155458899000-1554588ed000 r-xp 0003b000 00:30 1886350408                 /storage/home/hcoda1/4/hyu483/.local/lib/python3.11/site-packages/_jpype.cpython-311-x86_64-linux-gnu.so
1554588ed000-155458916000 r--p 0008f000 00:30 1886350408                 /storage/home/hcoda1/4/hyu483/.local/lib/python3.11/site-packages/_jpype.cpython-311-x86_64-linux-gnu.so
155458916000-15545891a000 r--p 000b7000 00:30 1886350408                 /storage/home/hcoda1/4/hyu483/.local/lib/python3.11/site-packages/_jpype.cpython-311-x86_64-linux-gnu.so
15545891a000-15545891e000 rw-p 000bb000 00:30 1886350408                 /storage/home/hcoda1/4/hyu483/.local/lib/python3.11/site-packages/_jpype.cpython-311-x86_64-linux-gnu.so
15545891e000-15545892e000 rwxp 00000000 00:00 0 
15545892e000-15545892f000 ---p 00000000 00:00 0 
15545892f000-155458b2f000 rw-p 00000000 00:00 0 
155458b2f000-155458b30000 ---p 00000000 00:00 0 
155458b30000-155459030000 rw-p 00000000 00:00 0 
155459030000-155459033000 r--p 00000000 00:30 2127319820                 /storage/home/hcoda1/4/hyu483/conda_envs/qgis332/lib/python3.11/site-packages/matplotlib/backends/_backend_agg.cpython-311-x86_64-linux-gnu.so
155459033000-15545905e000 r-xp 00003000 00:30 2127319820                 /storage/home/hcoda1/4/hyu483/conda_envs/qgis332/lib/python3.11/site-packages/matplotlib/backends/_backend_agg.cpython-311-x86_64-linux-gnu.so
15545905e000-155459063000 r--p 0002e000 00:30 2127319820                 /storage/home/hcoda1/4/hyu483/conda_envs/qgis332/lib/python3.11/site-packages/matplotlib/backends/_backend_agg.cpython-311-x86_64-linux-gnu.so
155459063000-155459064000 r--p 00032000 00:30 2127319820                 /storage/home/hcoda1/4/hyu483/conda_envs/qgis332/lib/python3.11/site-packages/matplotlib/backends/_backend_agg.cpython-311-x86_64-linux-gnu.so
155459064000-155459065000 rw-p 00033000 00:30 2127319820                 /storage/home/hcoda1/4/hyu483/conda_envs/qgis332/lib/python3.11/site-packages/matplotlib/backends/_backend_agg.cpython-311-x86_64-linux-gnu.so
155459065000-155459066000 rw-p 00000000 00:00 0 
155459066000-155459067000 r--p 00000000 00:30 1886354769                 /storage/home/hcoda1/4/hyu483/.local/lib/python3.11/site-packages/netCDF4.libs/libaec-001fb5f0.so.0.0.12
155459067000-15545906c000 r-xp 00001000 00:30 1886354769                 /storage/home/hcoda1/4/hyu483/.local/lib/python3.11/site-packages/netCDF4.libs/libaec-001fb5f0.so.0.0.12
15545906c000-15545906d000 r--p 00006000 00:30 1886354769                 /storage/home/hcoda1/4/hyu483/.local/lib/python3.11/site-packages/netCDF4.libs/libaec-001fb5f0.so.0.0.12
15545906d000-15545906e000 r--p 00006000 00:30 1886354769                 /storage/home/hcoda1/4/hyu483/.local/lib/python3.11/site-packages/netCDF4.libs/libaec-001fb5f0.so.0.0.12
15545906e000-15545906f000 rw-p 00007000 00:30 1886354769                 /storage/home/hcoda1/4/hyu483/.local/lib/python3.11/site-packages/netCDF4.libs/libaec-001fb5f0.so.0.0.12
15545906f000-155459070000 rw-p 0001d000 00:30 1886354769                 /storage/home/hcoda1/4/hyu483/.local/lib/python3.11/site-packages/netCDF4.libs/libaec-001fb5f0.so.0.0.12
155459070000-15545912a000 r--p 00000000 00:30 1886354768                 /storage/home/hcoda1/4/hyu483/.local/lib/python3.11/site-packages/netCDF4.libs/libcrypto-7323a46d.so.3
15545912a000-155459470000 r-xp 000ba000 00:30 1886354768                 /storage/home/hcoda1/4/hyu483/.local/lib/python3.11/site-packages/netCDF4.libs/libcrypto-7323a46d.so.3
155459470000-155459558000 r--p 00400000 00:30 1886354768                 /storage/home/hcoda1/4/hyu483/.local/lib/python3.11/site-packages/netCDF4.libs/libcrypto-7323a46d.so.3
155459558000-1554595b8000 r--p 004e7000 00:30 1886354768                 /storage/home/hcoda1/4/hyu483/.local/lib/python3.11/site-packages/netCDF4.libs/libcrypto-7323a46d.so.3
1554595b8000-1554595bc000 rw-p 00547000 00:30 1886354768                 /storage/home/hcoda1/4/hyu483/.local/lib/python3.11/site-packages/netCDF4.libs/libcrypto-7323a46d.so.3
1554595bc000-1554595bf000 rw-p 00000000 00:00 0 
1554595bf000-1554595e6000 rw-p 005f5000 00:30 1886354768                 /storage/home/hcoda1/4/hyu483/.local/lib/python3.11/site-packages/netCDF4.libs/libcrypto-7323a46d.so.3
1554595e6000-155459608000 r--p 00000000 00:30 1886354767                 /storage/home/hcoda1/4/hyu483/.local/lib/python3.11/site-packages/netCDF4.libs/libssl-f6dcfdae.so.3
155459608000-1554596a3000 r-xp 00022000 00:30 1886354767                 /storage/home/hcoda1/4/hyu483/.local/lib/python3.11/site-packages/netCDF4.libs/libssl-f6dcfdae.so.3
1554596a3000-1554596d6000 r--p 000bd000 00:30 1886354767                 /storage/home/hcoda1/4/hyu483/.local/lib/python3.11/site-packages/netCDF4.libs/libssl-f6dcfdae.so.3
1554596d6000-1554596e0000 r--p 000ef000 00:30 1886354767                 /storage/home/hcoda1/4/hyu483/.local/lib/python3.11/site-packages/netCDF4.libs/libssl-f6dcfdae.so.3
1554596e0000-1554596e5000 rw-p 000f9000 00:30 1886354767                 /storage/home/hcoda1/4/hyu483/.local/lib/python3.11/site-packages/netCDF4.libs/libssl-f6dcfdae.so.3
1554596e5000-1554596f3000 rw-p 00128000 00:30 1886354767                 /storage/home/hcoda1/4/hyu483/.local/lib/python3.11/site-packages/netCDF4.libs/libssl-f6dcfdae.so.3
1554596f3000-155459740000 r--p 00000000 00:30 1886354763                 /storage/home/hcoda1/4/hyu483/.local/lib/python3.11/site-packages/netCDF4.libs/libhdf5-0b47eb58.so.310.2.0
155459740000-155459a2c000 r-xp 0004d000 00:30 1886354763                 /storage/home/hcoda1/4/hyu483/.local/lib/python3.11/site-packages/netCDF4.libs/libhdf5-0b47eb58.so.310.2.0
155459a2c000-155459b12000 r--p 00339000 00:30 1886354763                 /storage/home/hcoda1/4/hyu483/.local/lib/python3.11/site-packages/netCDF4.libs/libhdf5-0b47eb58.so.310.2.0
155459b12000-155459b1e000 r--p 0041e000 00:30 1886354763                 /storage/home/hcoda1/4/hyu483/.local/lib/python3.11/site-packages/netCDF4.libs/libhdf5-0b47eb58.so.310.2.0
155459b1e000-155459b27000 rw-p 0042a000 00:30 1886354763                 /storage/home/hcoda1/4/hyu483/.local/lib/python3.11/site-packages/netCDF4.libs/libhdf5-0b47eb58.so.310.2.0
155459b27000-155459b2a000 rw-p 00000000 00:00 0 
155459b2a000-155459b55000 rw-p 00490000 00:30 1886354763                 /storage/home/hcoda1/4/hyu483/.local/lib/python3.11/site-packages/netCDF4.libs/libhdf5-0b47eb58.so.310.2.0
155459b55000-155459b56000 r--p 00000000 00:30 1886354766                 /storage/home/hcoda1/4/hyu483/.local/lib/python3.11/site-packages/netCDF4.libs/libsz-b66d1717.so.2.0.1
155459b56000-155459b57000 r-xp 00001000 00:30 1886354766                 /storage/home/hcoda1/4/hyu483/.local/lib/python3.11/site-packages/netCDF4.libs/libsz-b66d1717.so.2.0.1
155459b57000-155459b58000 r--p 00002000 00:30 1886354766                 /storage/home/hcoda1/4/hyu483/.local/lib/python3.11/site-packages/netCDF4.libs/libsz-b66d1717.so.2.0.1
155459b58000-155459b59000 r--p 00002000 00:30 1886354766                 /storage/home/hcoda1/4/hyu483/.local/lib/python3.11/site-packages/netCDF4.libs/libsz-b66d1717.so.2.0.1
155459b59000-155459b5a000 rw-p 00003000 00:30 1886354766                 /storage/home/hcoda1/4/hyu483/.local/lib/python3.11/site-packages/netCDF4.libs/libsz-b66d1717.so.2.0.1
155459b5a000-155459b5c000 rw-p 00008000 00:30 1886354766                 /storage/home/hcoda1/4/hyu483/.local/lib/python3.11/site-packages/netCDF4.libs/libsz-b66d1717.so.2.0.1
155459b5c000-155459b62000 r--p 00000000 00:30 1886354761                 /storage/home/hcoda1/4/hyu483/.local/lib/python3.11/site-packages/netCDF4.libs/libhdf5_hl-123198ff.so.310.0.2
155459b62000-155459b78000 r-xp 00006000 00:30 1886354761                 /storage/home/hcoda1/4/hyu483/.local/lib/python3.11/site-packages/netCDF4.libs/libhdf5_hl-123198ff.so.310.0.2
155459b78000-155459b7d000 r--p 0001c000 00:30 1886354761                 /storage/home/hcoda1/4/hyu483/.local/lib/python3.11/site-packages/netCDF4.libs/libhdf5_hl-123198ff.so.310.0.2
155459b7d000-155459b7e000 ---p 00021000 00:30 1886354761                 /storage/home/hcoda1/4/hyu483/.local/lib/python3.11/site-packages/netCDF4.libs/libhdf5_hl-123198ff.so.310.0.2
155459b7e000-155459b7f000 r--p 00021000 00:30 1886354761                 /storage/home/hcoda1/4/hyu483/.local/lib/python3.11/site-packages/netCDF4.libs/libhdf5_hl-123198ff.so.310.0.2
155459b7f000-155459b80000 rw-p 00022000 00:30 1886354761                 /storage/home/hcoda1/4/hyu483/.local/lib/python3.11/site-packages/netCDF4.libs/libhdf5_hl-123198ff.so.310.0.2
155459b80000-155459b81000 rw-p 00000000 00:00 0 
155459b81000-155459b85000 rw-p 00028000 00:30 1886354761                 /storage/home/hcoda1/4/hyu483/.local/lib/python3.11/site-packages/netCDF4.libs/libhdf5_hl-123198ff.so.310.0.2
155459b85000-155459b93000 r--p 00000000 00:30 1886354762                 /storage/home/hcoda1/4/hyu483/.local/lib/python3.11/site-packages/netCDF4.libs/libcurl-5a2014d4.so.4.8.0
155459b93000-155459c02000 r-xp 0000e000 00:30 1886354762                 /storage/home/hcoda1/4/hyu483/.local/lib/python3.11/site-packages/netCDF4.libs/libcurl-5a2014d4.so.4.8.0
155459c02000-155459c24000 r--p 0007d000 00:30 1886354762                 /storage/home/hcoda1/4/hyu483/.local/lib/python3.11/site-packages/netCDF4.libs/libcurl-5a2014d4.so.4.8.0
155459c24000-155459c27000 r--p 0009e000 00:30 1886354762                 /storage/home/hcoda1/4/hyu483/.local/lib/python3.11/site-packages/netCDF4.libs/libcurl-5a2014d4.so.4.8.0
155459c27000-155459c2b000 rw-p 000a1000 00:30 1886354762                 /storage/home/hcoda1/4/hyu483/.local/lib/python3.11/site-packages/netCDF4.libs/libcurl-5a2014d4.so.4.8.0
155459c2b000-155459c2f000 rw-p 000ba000 00:30 1886354762                 /storage/home/hcoda1/4/hyu483/.local/lib/python3.11/site-packages/netCDF4.libs/libcurl-5a2014d4.so.4.8.0
155459c2f000-155459c65000 r--p 00000000 00:30 1886354765                 /storage/home/hcoda1/4/hyu483/.local/lib/python3.11/site-packages/netCDF4.libs/libnetcdf-1423d252.so.22
155459c65000-155459d48000 r-xp 00036000 00:30 1886354765                 /storage/home/hcoda1/4/hyu483/.local/lib/python3.11/site-packages/netCDF4.libs/libnetcdf-1423d252.so.22
155459d48000-155459de2000 r--p 00119000 00:30 1886354765                 /storage/home/hcoda1/4/hyu483/.local/lib/python3.11/site-packages/netCDF4.libs/libnetcdf-1423d252.so.22
155459de2000-155459de3000 ---p 001b3000 00:30 1886354765                 /storage/home/hcoda1/4/hyu483/.local/lib/python3.11/site-packages/netCDF4.libs/libnetcdf-1423d252.so.22
155459de3000-155459de6000 r--p 001b3000 00:30 1886354765                 /storage/home/hcoda1/4/hyu483/.local/lib/python3.11/site-packages/netCDF4.libs/libnetcdf-1423d252.so.22
155459de6000-155459df2000 rw-p 001b6000 00:30 1886354765                 /storage/home/hcoda1/4/hyu483/.local/lib/python3.11/site-packages/netCDF4.libs/libnetcdf-1423d252.so.22
155459df2000-155459e8a000 rw-p 00000000 00:00 0 
155459e8a000-155459eab000 rw-p 001ea000 00:30 1886354765                 /storage/home/hcoda1/4/hyu483/.local/lib/python3.11/site-packages/netCDF4.libs/libnetcdf-1423d252.so.22
155459eab000-155459eb8000 r--p 00000000 00:30 1886354754                 /storage/home/hcoda1/4/hyu483/.local/lib/python3.11/site-packages/netCDF4/_netCDF4.cpython-311-x86_64-linux-gnu.so
155459eb8000-15545a005000 r-xp 0000d000 00:30 1886354754                 /storage/home/hcoda1/4/hyu483/.local/lib/python3.11/site-packages/netCDF4/_netCDF4.cpython-311-x86_64-linux-gnu.so
15545a005000-15545a03d000 r--p 0015a000 00:30 1886354754                 /storage/home/hcoda1/4/hyu483/.local/lib/python3.11/site-packages/netCDF4/_netCDF4.cpython-311-x86_64-linux-gnu.so
15545a03d000-15545a03e000 ---p 00192000 00:30 1886354754                 /storage/home/hcoda1/4/hyu483/.local/lib/python3.11/site-packages/netCDF4/_netCDF4.cpython-311-x86_64-linux-gnu.so
15545a03e000-15545a03f000 r--p 00192000 00:30 1886354754                 /storage/home/hcoda1/4/hyu483/.local/lib/python3.11/site-packages/netCDF4/_netCDF4.cpython-311-x86_64-linux-gnu.so
15545a03f000-15545a046000 rw-p 00193000 00:30 1886354754                 /storage/home/hcoda1/4/hyu483/.local/lib/python3.11/site-packages/netCDF4/_netCDF4.cpython-311-x86_64-linux-gnu.so
15545a046000-15545a04b000 rw-p 00000000 00:00 0 
15545a04b000-15545a04f000 rw-p 00c63000 00:30 1886354754                 /storage/home/hcoda1/4/hyu483/.local/lib/python3.11/site-packages/netCDF4/_netCDF4.cpython-311-x86_64-linux-gnu.so
15545a04f000-15545a14f000 rw-p 00000000 00:00 0 
15545a14f000-15545a150000 r--p 00000000 00:30 1883947876                 /storage/home/hcoda1/4/hyu483/conda_envs/qgis332/lib/python3.11/lib-dynload/_statistics.cpython-311-x86_64-linux-gnu.so
15545a150000-15545a151000 r-xp 00001000 00:30 1883947876                 /storage/home/hcoda1/4/hyu483/conda_envs/qgis332/lib/python3.11/lib-dynload/_statistics.cpython-311-x86_64-linux-gnu.so
15545a151000-15545a152000 r--p 00002000 00:30 1883947876                 /storage/home/hcoda1/4/hyu483/conda_envs/qgis332/lib/python3.11/lib-dynload/_statistics.cpython-311-x86_64-linux-gnu.so
15545a152000-15545a153000 r--p 00002000 00:30 1883947876                 /storage/home/hcoda1/4/hyu483/conda_envs/qgis332/lib/python3.11/lib-dynload/_statistics.cpython-311-x86_64-linux-gnu.so
15545a153000-15545a154000 rw-p 00003000 00:30 1883947876                 /storage/home/hcoda1/4/hyu483/conda_envs/qgis332/lib/python3.11/lib-dynload/_statistics.cpython-311-x86_64-linux-gnu.so
15545a154000-15545a254000 rw-p 00000000 00:00 0 
15545a254000-15545a257000 r--p 00000000 00:30 1883948910                 /storage/home/hcoda1/4/hyu483/conda_envs/qgis332/lib/python3.11/site-packages/_brotli.cpython-311-x86_64-linux-gnu.so
15545a257000-15545a2ab000 r-xp 00003000 00:30 1883948910                 /storage/home/hcoda1/4/hyu483/conda_envs/qgis332/lib/python3.11/site-packages/_brotli.cpython-311-x86_64-linux-gnu.so
15545a2ab000-15545a31f000 r--p 00057000 00:30 1883948910                 /storage/home/hcoda1/4/hyu483/conda_envs/qgis332/lib/python3.11/site-packages/_brotli.cpython-311-x86_64-linux-gnu.so
15545a31f000-15545a320000 r--p 000ca000 00:30 1883948910                 /storage/home/hcoda1/4/hyu483/conda_envs/qgis332/lib/python3.11/site-packages/_brotli.cpython-311-x86_64-linux-gnu.so
15545a320000-15545a321000 rw-p 000cb000 00:30 1883948910                 /storage/home/hcoda1/4/hyu483/conda_envs/qgis332/lib/python3.11/site-packages/_brotli.cpython-311-x86_64-linux-gnu.so
15545a321000-15545a421000 rw-p 00000000 00:00 0 
15545a421000-15545a426000 r--p 00000000 00:30 2017332303                 /storage/home/hcoda1/4/hyu483/conda_envs/qgis332/lib/python3.11/site-packages/sklearn/manifold/_utils.cpython-311-x86_64-linux-gnu.so
15545a426000-15545a442000 r-xp 00005000 00:30 2017332303                 /storage/home/hcoda1/4/hyu483/conda_envs/qgis332/lib/python3.11/site-packages/sklearn/manifold/_utils.cpython-311-x86_64-linux-gnu.so
15545a442000-15545a449000 r--p 00021000 00:30 2017332303                 /storage/home/hcoda1/4/hyu483/conda_envs/qgis332/lib/python3.11/site-packages/sklearn/manifold/_utils.cpython-311-x86_64-linux-gnu.so
15545a449000-15545a44a000 r--p 00028000 00:30 2017332303                 /storage/home/hcoda1/4/hyu483/conda_envs/qgis332/lib/python3.11/site-packages/sklearn/manifold/_utils.cpython-311-x86_64-linux-gnu.so
15545a44a000-15545a44c000 rw-p 00029000 00:30 2017332303                 /storage/home/hcoda1/4/hyu483/conda_envs/qgis332/lib/python3.11/site-packages/sklearn/manifold/_utils.cpython-311-x86_64-linux-gnu.so
15545a44c000-15545a451000 r--p 00000000 00:30 2017335324                 /storage/home/hcoda1/4/hyu483/conda_envs/qgis332/lib/python3.11/site-packages/sklearn/tree/_partitioner.cpython-311-x86_64-linux-gnu.so
15545a451000-15545a47c000 r-xp 00005000 00:30 2017335324                 /storage/home/hcoda1/4/hyu483/conda_envs/qgis332/lib/python3.11/site-packages/sklearn/tree/_partitioner.cpython-311-x86_64-linux-gnu.so
15545a47c000-15545a485000 r--p 00030000 00:30 2017335324                 /storage/home/hcoda1/4/hyu483/conda_envs/qgis332/lib/python3.11/site-packages/sklearn/tree/_partitioner.cpython-311-x86_64-linux-gnu.so
15545a485000-15545a486000 r--p 00038000 00:30 2017335324                 /storage/home/hcoda1/4/hyu483/conda_envs/qgis332/lib/python3.11/site-packages/sklearn/tree/_partitioner.cpython-311-x86_64-linux-gnu.so
15545a486000-15545a488000 rw-p 00039000 00:30 2017335324                 /storage/home/hcoda1/4/hyu483/conda_envs/qgis332/lib/python3.11/site-packages/sklearn/tree/_partitioner.cpython-311-x86_64-linux-gnu.so
15545a488000-15545a489000 rw-p 00000000 00:00 0 
15545a489000-15545a48f000 r--p 00000000 00:30 2017335368                 /storage/home/hcoda1/4/hyu483/conda_envs/qgis332/lib/python3.11/site-packages/sklearn/tree/_utils.cpython-311-x86_64-linux-gnu.so
15545a48f000-15545a4b1000 r-xp 00006000 00:30 2017335368                 /storage/home/hcoda1/4/hyu483/conda_envs/qgis332/lib/python3.11/site-packages/sklearn/tree/_utils.cpython-311-x86_64-linux-gnu.so
15545a4b1000-15545a4ba000 r--p 00028000 00:30 2017335368                 /storage/home/hcoda1/4/hyu483/conda_envs/qgis332/lib/python3.11/site-packages/sklearn/tree/_utils.cpython-311-x86_64-linux-gnu.so
15545a4ba000-15545a4bb000 r--p 00031000 00:30 2017335368                 /storage/home/hcoda1/4/hyu483/conda_envs/qgis332/lib/python3.11/site-packages/sklearn/tree/_utils.cpython-311-x86_64-linux-gnu.so
15545a4bb000-15545a4bd000 rw-p 00032000 00:30 2017335368                 /storage/home/hcoda1/4/hyu483/conda_envs/qgis332/lib/python3.11/site-packages/sklearn/tree/_utils.cpython-311-x86_64-linux-gnu.so
15545a4bd000-15545a4be000 rw-p 00000000 00:00 0 
15545a4be000-15545a4c6000 r--p 00000000 00:30 2017335361                 /storage/home/hcoda1/4/hyu483/conda_envs/qgis332/lib/python3.11/site-packages/sklearn/tree/_tree.cpython-311-x86_64-linux-gnu.so
15545a4c6000-15545a521000 r-xp 00008000 00:30 2017335361                 /storage/home/hcoda1/4/hyu483/conda_envs/qgis332/lib/python3.11/site-packages/sklearn/tree/_tree.cpython-311-x86_64-linux-gnu.so
15545a521000-15545a531000 r--p 00063000 00:30 2017335361                 /storage/home/hcoda1/4/hyu483/conda_envs/qgis332/lib/python3.11/site-packages/sklearn/tree/_tree.cpython-311-x86_64-linux-gnu.so
15545a531000-15545a532000 r--p 00072000 00:30 2017335361                 /storage/home/hcoda1/4/hyu483/conda_envs/qgis332/lib/python3.11/site-packages/sklearn/tree/_tree.cpython-311-x86_64-linux-gnu.so
15545a532000-15545a536000 rw-p 00073000 00:30 2017335361                 /storage/home/hcoda1/4/hyu483/conda_envs/qgis332/lib/python3.11/site-packages/sklearn/tree/_tree.cpython-311-x86_64-linux-gnu.so
15545a536000-15545a538000 rw-p 00000000 00:00 0 
15545a538000-15545a53e000 r--p 00000000 00:30 2017335331                 /storage/home/hcoda1/4/hyu483/conda_envs/qgis332/lib/python3.11/site-packages/sklearn/tree/_splitter.cpython-311-x86_64-linux-gnu.so
15545a53e000-15545a565000 r-xp 00006000 00:30 2017335331                 /storage/home/hcoda1/4/hyu483/conda_envs/qgis332/lib/python3.11/site-packages/sklearn/tree/_splitter.cpython-311-x86_64-linux-gnu.so
15545a565000-15545a56f000 r--p 0002d000 00:30 2017335331                 /storage/home/hcoda1/4/hyu483/conda_envs/qgis332/lib/python3.11/site-packages/sklearn/tree/_splitter.cpython-311-x86_64-linux-gnu.so
15545a56f000-15545a570000 r--p 00036000 00:30 2017335331                 /storage/home/hcoda1/4/hyu483/conda_envs/qgis332/lib/python3.11/site-packages/sklearn/tree/_splitter.cpython-311-x86_64-linux-gnu.so
15545a570000-15545a572000 rw-p 00037000 00:30 2017335331                 /storage/home/hcoda1/4/hyu483/conda_envs/qgis332/lib/python3.11/site-packages/sklearn/tree/_splitter.cpython-311-x86_64-linux-gnu.so
15545a572000-15545a573000 rw-p 00000000 00:00 0 
15545a573000-15545a579000 r--p 00000000 00:30 2017335316                 /storage/home/hcoda1/4/hyu483/conda_envs/qgis332/lib/python3.11/site-packages/sklearn/tree/_criterion.cpython-311-x86_64-linux-gnu.so
15545a579000-15545a5a8000 r-xp 00006000 00:30 2017335316                 /storage/home/hcoda1/4/hyu483/conda_envs/qgis332/lib/python3.11/site-packages/sklearn/tree/_criterion.cpython-311-x86_64-linux-gnu.so
15545a5a8000-15545a5b2000 r--p 00035000 00:30 2017335316                 /storage/home/hcoda1/4/hyu483/conda_envs/qgis332/lib/python3.11/site-packages/sklearn/tree/_criterion.cpython-311-x86_64-linux-gnu.so
15545a5b2000-15545a5b3000 r--p 0003f000 00:30 2017335316                 /storage/home/hcoda1/4/hyu483/conda_envs/qgis332/lib/python3.11/site-packages/sklearn/tree/_criterion.cpython-311-x86_64-linux-gnu.so
15545a5b3000-15545a5b6000 rw-p 00040000 00:30 2017335316                 /storage/home/hcoda1/4/hyu483/conda_envs/qgis332/lib/python3.11/site-packages/sklearn/tree/_criterion.cpython-311-x86_64-linux-gnu.so
15545a5b6000-15545a5b7000 rw-p 00000000 00:00 0 
15545a5b7000-15545a5bd000 r--p 00000000 00:30 2017332763                 /storage/home/hcoda1/4/hyu483/conda_envs/qgis332/lib/python3.11/site-packages/sklearn/neighbors/_quad_tree.cpython-311-x86_64-linux-gnu.so
15545a5bd000-15545a5e9000 r-xp 00006000 00:30 2017332763                 /storage/home/hcoda1/4/hyu483/conda_envs/qgis332/lib/python3.11/site-packages/sklearn/neighbors/_quad_tree.cpython-311-x86_64-linux-gnu.so
15545a5e9000-15545a5f3000 r--p 00032000 00:30 2017332763                 /storage/home/hcoda1/4/hyu483/conda_envs/qgis332/lib/python3.11/site-packages/sklearn/neighbors/_quad_tree.cpython-311-x86_64-linux-gnu.so
15545a5f3000-15545a5f4000 r--p 0003b000 00:30 2017332763                 /storage/home/hcoda1/4/hyu483/conda_envs/qgis332/lib/python3.11/site-packages/sklearn/neighbors/_quad_tree.cpython-311-x86_64-linux-gnu.so
15545a5f4000-15545a5f6000 rw-p 0003c000 00:30 2017332763                 /storage/home/hcoda1/4/hyu483/conda_envs/qgis332/lib/python3.11/site-packages/sklearn/neighbors/_quad_tree.cpython-311-x86_64-linux-gnu.so
15545a5f6000-15545a5f7000 rw-p 00000000 00:00 0 
15545a5f7000-15545a5fd000 r--p 00000000 00:30 2017332296                 /storage/home/hcoda1/4/hyu483/conda_envs/qgis332/lib/python3.11/site-packages/sklearn/manifold/_barnes_hut_tsne.cpython-311-x86_64-linux-gnu.so
15545a5fd000-15545a61f000 r-xp 00006000 00:30 2017332296                 /storage/home/hcoda1/4/hyu483/conda_envs/qgis332/lib/python3.11/site-packages/sklearn/manifold/_barnes_hut_tsne.cpython-311-x86_64-linux-gnu.so
15545a61f000-15545a627000 r--p 00028000 00:30 2017332296                 /storage/home/hcoda1/4/hyu483/conda_envs/qgis332/lib/python3.11/site-packages/sklearn/manifold/_barnes_hut_tsne.cpython-311-x86_64-linux-gnu.so
15545a627000-15545a628000 r--p 0002f000 00:30 2017332296                 /storage/home/hcoda1/4/hyu483/conda_envs/qgis332/lib/python3.11/site-packages/sklearn/manifold/_barnes_hut_tsne.cpython-311-x86_64-linux-gnu.so
15545a628000-15545a62a000 rw-p 00030000 00:30 2017332296                 /storage/home/hcoda1/4/hyu483/conda_envs/qgis332/lib/python3.11/site-packages/sklearn/manifold/_barnes_hut_tsne.cpython-311-x86_64-linux-gnu.so
15545a62a000-15545a630000 r--p 00000000 00:30 2017381710                 /storage/home/hcoda1/4/hyu483/conda_envs/qgis332/lib/python3.11/site-packages/sklearn/_isotonic.cpython-311-x86_64-linux-gnu.so
15545a630000-15545a65e000 r-xp 00006000 00:30 2017381710                 /storage/home/hcoda1/4/hyu483/conda_envs/qgis332/lib/python3.11/site-packages/sklearn/_isotonic.cpython-311-x86_64-linux-gnu.so
15545a65e000-15545a666000 r--p 00034000 00:30 2017381710                 /storage/home/hcoda1/4/hyu483/conda_envs/qgis332/lib/python3.11/site-packages/sklearn/_isotonic.cpython-311-x86_64-linux-gnu.so
15545a666000-15545a667000 r--p 0003c000 00:30 2017381710                 /storage/home/hcoda1/4/hyu483/conda_envs/qgis332/lib/python3.11/site-packages/sklearn/_isotonic.cpython-311-x86_64-linux-gnu.so
15545a667000-15545a669000 rw-p 0003d000 00:30 2017381710                 /storage/home/hcoda1/4/hyu483/conda_envs/qgis332/lib/python3.11/site-packages/sklearn/_isotonic.cpython-311-x86_64-linux-gnu.so
15545a669000-15545a66a000 rw-p 00000000 00:00 0 
15545a66a000-15545a670000 r--p 00000000 00:30 2017381997                 /storage/home/hcoda1/4/hyu483/conda_envs/qgis332/lib/python3.11/site-packages/sklearn/cluster/_hdbscan/_reachability.cpython-311-x86_64-linux-gnu.so
15545a670000-15545a6aa000 r-xp 00006000 00:30 2017381997                 /storage/home/hcoda1/4/hyu483/conda_envs/qgis332/lib/python3.11/site-packages/sklearn/cluster/_hdbscan/_reachability.cpython-311-x86_64-linux-gnu.so
15545a6aa000-15545a6b4000 r--p 00040000 00:30 2017381997                 /storage/home/hcoda1/4/hyu483/conda_envs/qgis332/lib/python3.11/site-packages/sklearn/cluster/_hdbscan/_reachability.cpython-311-x86_64-linux-gnu.so
15545a6b4000-15545a6b5000 r--p 00049000 00:30 2017381997                 /storage/home/hcoda1/4/hyu483/conda_envs/qgis332/lib/python3.11/site-packages/sklearn/cluster/_hdbscan/_reachability.cpython-311-x86_64-linux-gnu.so
15545a6b5000-15545a6b7000 rw-p 0004a000 00:30 2017381997                 /storage/home/hcoda1/4/hyu483/conda_envs/qgis332/lib/python3.11/site-packages/sklearn/cluster/_hdbscan/_reachability.cpython-311-x86_64-linux-gnu.so
15545a6b7000-15545a6b8000 rw-p 00000000 00:00 0 
15545a6b8000-15545a6be000 r--p 00000000 00:30 2017381999                 /storage/home/hcoda1/4/hyu483/conda_envs/qgis332/lib/python3.11/site-packages/sklearn/cluster/_hdbscan/_tree.cpython-311-x86_64-linux-gnu.so
15545a6be000-15545a6fd000 r-xp 00006000 00:30 2017381999                 /storage/home/hcoda1/4/hyu483/conda_envs/qgis332/lib/python3.11/site-packages/sklearn/cluster/_hdbscan/_tree.cpython-311-x86_64-linux-gnu.so
15545a6fd000-15545a707000 r--p 00045000 00:30 2017381999                 /storage/home/hcoda1/4/hyu483/conda_envs/qgis332/lib/python3.11/site-packages/sklearn/cluster/_hdbscan/_tree.cpython-311-x86_64-linux-gnu.so
15545a707000-15545a708000 r--p 0004e000 00:30 2017381999                 /storage/home/hcoda1/4/hyu483/conda_envs/qgis332/lib/python3.11/site-packages/sklearn/cluster/_hdbscan/_tree.cpython-311-x86_64-linux-gnu.so
15545a708000-15545a70a000 rw-p 0004f000 00:30 2017381999                 /storage/home/hcoda1/4/hyu483/conda_envs/qgis332/lib/python3.11/site-packages/sklearn/cluster/_hdbscan/_tree.cpython-311-x86_64-linux-gnu.so
15545a70a000-15545a70b000 rw-p 00000000 00:00 0 
15545a70b000-15545a710000 r--p 00000000 00:30 2017381995                 /storage/home/hcoda1/4/hyu483/conda_envs/qgis332/lib/python3.11/site-packages/sklearn/cluster/_hdbscan/_linkage.cpython-311-x86_64-linux-gnu.so
15545a710000-15545a734000 r-xp 00005000 00:30 2017381995                 /storage/home/hcoda1/4/hyu483/conda_envs/qgis332/lib/python3.11/site-packages/sklearn/cluster/_hdbscan/_linkage.cpython-311-x86_64-linux-gnu.so
15545a734000-15545a73c000 r--p 00029000 00:30 2017381995                 /storage/home/hcoda1/4/hyu483/conda_envs/qgis332/lib/python3.11/site-packages/sklearn/cluster/_hdbscan/_linkage.cpython-311-x86_64-linux-gnu.so
15545a73c000-15545a73d000 r--p 00030000 00:30 2017381995                 /storage/home/hcoda1/4/hyu483/conda_envs/qgis332/lib/python3.11/site-packages/sklearn/cluster/_hdbscan/_linkage.cpython-311-x86_64-linux-gnu.so
15545a73d000-15545a73f000 rw-p 00031000 00:30 2017381995                 /storage/home/hcoda1/4/hyu483/conda_envs/qgis332/lib/python3.11/site-packages/sklearn/cluster/_hdbscan/_linkage.cpython-311-x86_64-linux-gnu.so
15545a73f000-15545a740000 rw-p 00000000 00:00 0 
15545a740000-15545a746000 r--p 00000000 00:30 2017381989                 /storage/home/hcoda1/4/hyu483/conda_envs/qgis332/lib/python3.11/site-packages/sklearn/cluster/_dbscan_inner.cpython-311-x86_64-linux-gnu.so
15545a746000-15545a760000 r-xp 00006000 00:30 2017381989                 /storage/home/hcoda1/4/hyu483/conda_envs/qgis332/lib/python3.11/site-packages/sklearn/cluster/_dbscan_inner.cpython-311-x86_64-linux-gnu.so
15545a760000-15545a767000 r--p 00020000 00:30 2017381989                 /storage/home/hcoda1/4/hyu483/conda_envs/qgis332/lib/python3.11/site-packages/sklearn/cluster/_dbscan_inner.cpython-311-x86_64-linux-gnu.so
15545a767000-15545a768000 r--p 00026000 00:30 2017381989                 /storage/home/hcoda1/4/hyu483/conda_envs/qgis332/lib/python3.11/site-packages/sklearn/cluster/_dbscan_inner.cpython-311-x86_64-linux-gnu.so
15545a768000-15545a76a000 rw-p 00027000 00:30 2017381989                 /storage/home/hcoda1/4/hyu483/conda_envs/qgis332/lib/python3.11/site-packages/sklearn/cluster/_dbscan_inner.cpython-311-x86_64-linux-gnu.so
15545a76a000-15545a86a000 rw-p 00000000 00:00 0 
15545a86a000-15545a870000 r--p 00000000 00:30 2017383613                 /storage/home/hcoda1/4/hyu483/conda_envs/qgis332/lib/python3.11/site-packages/sklearn/decomposition/_cdnmf_fast.cpython-311-x86_64-linux-gnu.so
15545a870000-15545a892000 r-xp 00006000 00:30 2017383613                 /storage/home/hcoda1/4/hyu483/conda_envs/qgis332/lib/python3.11/site-packages/sklearn/decomposition/_cdnmf_fast.cpython-311-x86_64-linux-gnu.so
15545a892000-15545a899000 r--p 00028000 00:30 2017383613                 /storage/home/hcoda1/4/hyu483/conda_envs/qgis332/lib/python3.11/site-packages/sklearn/decomposition/_cdnmf_fast.cpython-311-x86_64-linux-gnu.so
15545a899000-15545a89a000 r--p 0002f000 00:30 2017383613                 /storage/home/hcoda1/4/hyu483/conda_envs/qgis332/lib/python3.11/site-packages/sklearn/decomposition/_cdnmf_fast.cpython-311-x86_64-linux-gnu.so
15545a89a000-15545a89c000 rw-p 00030000 00:30 2017383613                 /storage/home/hcoda1/4/hyu483/conda_envs/qgis332/lib/python3.11/site-packages/sklearn/decomposition/_cdnmf_fast.cpython-311-x86_64-linux-gnu.so
15545a89c000-15545a8a2000 r--p 00000000 00:30 2017383622                 /storage/home/hcoda1/4/hyu483/conda_envs/qgis332/lib/python3.11/site-packages/sklearn/decomposition/_online_lda_fast.cpython-311-x86_64-linux-gnu.so
15545a8a2000-15545a8d0000 r-xp 00006000 00:30 2017383622                 /storage/home/hcoda1/4/hyu483/conda_envs/qgis332/lib/python3.11/site-packages/sklearn/decomposition/_online_lda_fast.cpython-311-x86_64-linux-gnu.so
15545a8d0000-15545a8d8000 r--p 00034000 00:30 2017383622                 /storage/home/hcoda1/4/hyu483/conda_envs/qgis332/lib/python3.11/site-packages/sklearn/decomposition/_online_lda_fast.cpython-311-x86_64-linux-gnu.so
15545a8d8000-15545a8d9000 r--p 0003c000 00:30 2017383622                 /storage/home/hcoda1/4/hyu483/conda_envs/qgis332/lib/python3.11/site-packages/sklearn/decomposition/_online_lda_fast.cpython-311-x86_64-linux-gnu.so
15545a8d9000-15545a8db000 rw-p 0003d000 00:30 2017383622                 /storage/home/hcoda1/4/hyu483/conda_envs/qgis332/lib/python3.11/site-packages/sklearn/decomposition/_online_lda_fast.cpython-311-x86_64-linux-gnu.so
15545a8db000-15545a8dc000 rw-p 00000000 00:00 0 
15545a8dc000-15545a8e1000 r--p 00000000 00:30 2017335833                 /storage/home/hcoda1/4/hyu483/conda_envs/qgis332/lib/python3.11/site-packages/sklearn/utils/_weight_vector.cpython-311-x86_64-linux-gnu.so
15545a8e1000-15545a8fd000 r-xp 00005000 00:30 2017335833                 /storage/home/hcoda1/4/hyu483/conda_envs/qgis332/lib/python3.11/site-packages/sklearn/utils/_weight_vector.cpython-311-x86_64-linux-gnu.so
15545a8fd000-15545a904000 r--p 00021000 00:30 2017335833                 /storage/home/hcoda1/4/hyu483/conda_envs/qgis332/lib/python3.11/site-packages/sklearn/utils/_weight_vector.cpython-311-x86_64-linux-gnu.so
15545a904000-15545a905000 r--p 00028000 00:30 2017335833                 /storage/home/hcoda1/4/hyu483/conda_envs/qgis332/lib/python3.11/site-packages/sklearn/utils/_weight_vector.cpython-311-x86_64-linux-gnu.so
15545a905000-15545a907000 rw-p 00029000 00:30 2017335833                 /storage/home/hcoda1/4/hyu483/conda_envs/qgis332/lib/python3.11/site-packages/sklearn/utils/_weight_vector.cpython-311-x86_64-linux-gnu.so
15545a907000-15545a90d000 r--p 00000000 00:30 2017384128                 /storage/home/hcoda1/4/hyu483/conda_envs/qgis332/lib/python3.11/site-packages/sklearn/linear_model/_sgd_fast.cpython-311-x86_64-linux-gnu.so
15545a90d000-15545a942000 r-xp 00006000 00:30 2017384128                 /storage/home/hcoda1/4/hyu483/conda_envs/qgis332/lib/python3.11/site-packages/sklearn/linear_model/_sgd_fast.cpython-311-x86_64-linux-gnu.so
15545a942000-15545a94e000 r--p 0003b000 00:30 2017384128                 /storage/home/hcoda1/4/hyu483/conda_envs/qgis332/lib/python3.11/site-packages/sklearn/linear_model/_sgd_fast.cpython-311-x86_64-linux-gnu.so
15545a94e000-15545a94f000 r--p 00046000 00:30 2017384128                 /storage/home/hcoda1/4/hyu483/conda_envs/qgis332/lib/python3.11/site-packages/sklearn/linear_model/_sgd_fast.cpython-311-x86_64-linux-gnu.so
15545a94f000-15545a952000 rw-p 00047000 00:30 2017384128                 /storage/home/hcoda1/4/hyu483/conda_envs/qgis332/lib/python3.11/site-packages/sklearn/linear_model/_sgd_fast.cpython-311-x86_64-linux-gnu.so
15545a952000-15545a953000 rw-p 00000000 00:00 0 
15545a953000-15545a958000 r--p 00000000 00:30 2017384126                 /storage/home/hcoda1/4/hyu483/conda_envs/qgis332/lib/python3.11/site-packages/sklearn/linear_model/_sag_fast.cpython-311-x86_64-linux-gnu.so
15545a958000-15545a983000 r-xp 00005000 00:30 2017384126                 /storage/home/hcoda1/4/hyu483/conda_envs/qgis332/lib/python3.11/site-packages/sklearn/linear_model/_sag_fast.cpython-311-x86_64-linux-gnu.so
15545a983000-15545a98c000 r--p 00030000 00:30 2017384126                 /storage/home/hcoda1/4/hyu483/conda_envs/qgis332/lib/python3.11/site-packages/sklearn/linear_model/_sag_fast.cpython-311-x86_64-linux-gnu.so
15545a98c000-15545a98d000 r--p 00038000 00:30 2017384126                 /storage/home/hcoda1/4/hyu483/conda_envs/qgis332/lib/python3.11/site-packages/sklearn/linear_model/_sag_fast.cpython-311-x86_64-linux-gnu.so
15545a98d000-15545a98f000 rw-p 00039000 00:30 2017384126                 /storage/home/hcoda1/4/hyu483/conda_envs/qgis332/lib/python3.11/site-packages/sklearn/linear_model/_sag_fast.cpython-311-x86_64-linux-gnu.so
15545a98f000-15545a990000 rw-p 00000000 00:00 0 
15545a990000-15545a999000 r--p 00000000 00:30 2017335028                 /storage/home/hcoda1/4/hyu483/conda_envs/qgis332/lib/python3.11/site-packages/sklearn/svm/_libsvm_sparse.cpython-311-x86_64-linux-gnu.so
15545a999000-15545a9e8000 r-xp 00009000 00:30 2017335028                 /storage/home/hcoda1/4/hyu483/conda_envs/qgis332/lib/python3.11/site-packages/sklearn/svm/_libsvm_sparse.cpython-311-x86_64-linux-gnu.so
15545a9e8000-15545a9f5000 r--p 00058000 00:30 2017335028                 /storage/home/hcoda1/4/hyu483/conda_envs/qgis332/lib/python3.11/site-packages/sklearn/svm/_libsvm_sparse.cpython-311-x86_64-linux-gnu.so
15545a9f5000-15545a9f6000 r--p 00064000 00:30 2017335028                 /storage/home/hcoda1/4/hyu483/conda_envs/qgis332/lib/python3.11/site-packages/sklearn/svm/_libsvm_sparse.cpython-311-x86_64-linux-gnu.so
15545a9f6000-15545a9f8000 rw-p 00065000 00:30 2017335028                 /storage/home/hcoda1/4/hyu483/conda_envs/qgis332/lib/python3.11/site-packages/sklearn/svm/_libsvm_sparse.cpython-311-x86_64-linux-gnu.so
15545a9f8000-15545a9fa000 rw-p 00000000 00:00 0 
15545a9fa000-15545aa03000 r--p 00000000 00:30 2017335025                 /storage/home/hcoda1/4/hyu483/conda_envs/qgis332/lib/python3.11/site-packages/sklearn/svm/_libsvm.cpython-311-x86_64-linux-gnu.so
15545aa03000-15545aa5b000 r-xp 00009000 00:30 2017335025                 /storage/home/hcoda1/4/hyu483/conda_envs/qgis332/lib/python3.11/site-packages/sklearn/svm/_libsvm.cpython-311-x86_64-linux-gnu.so
15545aa5b000-15545aa6a000 r--p 00061000 00:30 2017335025                 /storage/home/hcoda1/4/hyu483/conda_envs/qgis332/lib/python3.11/site-packages/sklearn/svm/_libsvm.cpython-311-x86_64-linux-gnu.so
15545aa6a000-15545aa6b000 r--p 00070000 00:30 2017335025                 /storage/home/hcoda1/4/hyu483/conda_envs/qgis332/lib/python3.11/site-packages/sklearn/svm/_libsvm.cpython-311-x86_64-linux-gnu.so
15545aa6b000-15545aa6d000 rw-p 00071000 00:30 2017335025                 /storage/home/hcoda1/4/hyu483/conda_envs/qgis332/lib/python3.11/site-packages/sklearn/svm/_libsvm.cpython-311-x86_64-linux-gnu.so
15545aa6d000-15545aa6f000 rw-p 00000000 00:00 0 
15545aa6f000-15545aa76000 r--p 00000000 00:30 2017335022                 /storage/home/hcoda1/4/hyu483/conda_envs/qgis332/lib/python3.11/site-packages/sklearn/svm/_liblinear.cpython-311-x86_64-linux-gnu.so
15545aa76000-15545aaa1000 r-xp 00007000 00:30 2017335022                 /storage/home/hcoda1/4/hyu483/conda_envs/qgis332/lib/python3.11/site-packages/sklearn/svm/_liblinear.cpython-311-x86_64-linux-gnu.so
15545aaa1000-15545aaaa000 r--p 00032000 00:30 2017335022                 /storage/home/hcoda1/4/hyu483/conda_envs/qgis332/lib/python3.11/site-packages/sklearn/svm/_liblinear.cpython-311-x86_64-linux-gnu.so
15545aaaa000-15545aaab000 r--p 0003b000 00:30 2017335022                 /storage/home/hcoda1/4/hyu483/conda_envs/qgis332/lib/python3.11/site-packages/sklearn/svm/_liblinear.cpython-311-x86_64-linux-gnu.so
15545aaab000-15545aaad000 rw-p 0003c000 00:30 2017335022                 /storage/home/hcoda1/4/hyu483/conda_envs/qgis332/lib/python3.11/site-packages/sklearn/svm/_liblinear.cpython-311-x86_64-linux-gnu.so
15545aaad000-15545abaf000 rw-p 00000000 00:00 0 
15545abaf000-15545abba000 r--p 00000000 00:30 2017381718                 /storage/home/hcoda1/4/hyu483/conda_envs/qgis332/lib/python3.11/site-packages/sklearn/_loss/_loss.cpython-311-x86_64-linux-gnu.so
15545abba000-15545ae2f000 r-xp 0000b000 00:30 2017381718                 /storage/home/hcoda1/4/hyu483/conda_envs/qgis332/lib/python3.11/site-packages/sklearn/_loss/_loss.cpython-311-x86_64-linux-gnu.so
15545ae2f000-15545ae50000 r--p 00280000 00:30 2017381718                 /storage/home/hcoda1/4/hyu483/conda_envs/qgis332/lib/python3.11/site-packages/sklearn/_loss/_loss.cpython-311-x86_64-linux-gnu.so
15545ae50000-15545ae51000 r--p 002a0000 00:30 2017381718                 /storage/home/hcoda1/4/hyu483/conda_envs/qgis332/lib/python3.11/site-packages/sklearn/_loss/_loss.cpython-311-x86_64-linux-gnu.so
15545ae51000-15545ae58000 rw-p 002a1000 00:30 2017381718                 /storage/home/hcoda1/4/hyu483/conda_envs/qgis332/lib/python3.11/site-packages/sklearn/_loss/_loss.cpython-311-x86_64-linux-gnu.so
15545ae58000-15545ae59000 rw-p 00000000 00:00 0 
15545ae59000-15545ae5f000 r--p 00000000 00:30 2017384118                 /storage/home/hcoda1/4/hyu483/conda_envs/qgis332/lib/python3.11/site-packages/sklearn/linear_model/_cd_fast.cpython-311-x86_64-linux-gnu.so
15545ae5f000-15545aeb6000 r-xp 00006000 00:30 2017384118                 /storage/home/hcoda1/4/hyu483/conda_envs/qgis332/lib/python3.11/site-packages/sklearn/linear_model/_cd_fast.cpython-311-x86_64-linux-gnu.so
15545aeb6000-15545aec1000 r--p 0005d000 00:30 2017384118                 /storage/home/hcoda1/4/hyu483/conda_envs/qgis332/lib/python3.11/site-packages/sklearn/linear_model/_cd_fast.cpython-311-x86_64-linux-gnu.so
15545aec1000-15545aec2000 r--p 00068000 00:30 2017384118                 /storage/home/hcoda1/4/hyu483/conda_envs/qgis332/lib/python3.11/site-packages/sklearn/linear_model/_cd_fast.cpython-311-x86_64-linux-gnu.so
15545aec2000-15545aec4000 rw-p 00069000 00:30 2017384118                 /storage/home/hcoda1/4/hyu483/conda_envs/qgis332/lib/python3.11/site-packages/sklearn/linear_model/_cd_fast.cpython-311-x86_64-linux-gnu.so
15545aec4000-15545aec5000 rw-p 00000000 00:00 0 
15545aec5000-15545aecb000 r--p 00000000 00:30 2017335593                 /storage/home/hcoda1/4/hyu483/conda_envs/qgis332/lib/python3.11/site-packages/sklearn/utils/_random.cpython-311-x86_64-linux-gnu.so
15545aecb000-15545af01000 r-xp 00006000 00:30 2017335593                 /storage/home/hcoda1/4/hyu483/conda_envs/qgis332/lib/python3.11/site-packages/sklearn/utils/_random.cpython-311-x86_64-linux-gnu.so
15545af01000-15545af0c000 r--p 0003c000 00:30 2017335593                 /storage/home/hcoda1/4/hyu483/conda_envs/qgis332/lib/python3.11/site-packages/sklearn/utils/_random.cpython-311-x86_64-linux-gnu.so
15545af0c000-15545af0d000 r--p 00046000 00:30 2017335593                 /storage/home/hcoda1/4/hyu483/conda_envs/qgis332/lib/python3.11/site-packages/sklearn/utils/_random.cpython-311-x86_64-linux-gnu.so
15545af0d000-15545af0f000 rw-p 00047000 00:30 2017335593                 /storage/home/hcoda1/4/hyu483/conda_envs/qgis332/lib/python3.11/site-packages/sklearn/utils/_random.cpython-311-x86_64-linux-gnu.so
15545af0f000-15545af10000 rw-p 00000000 00:00 0 
15545af10000-15545af16000 r--p 00000000 00:30 2017335620                 /storage/home/hcoda1/4/hyu483/conda_envs/qgis332/lib/python3.11/site-packages/sklearn/utils/_seq_dataset.cpython-311-x86_64-linux-gnu.so
15545af16000-15545af47000 r-xp 00006000 00:30 2017335620                 /storage/home/hcoda1/4/hyu483/conda_envs/qgis332/lib/python3.11/site-packages/sklearn/utils/_seq_dataset.cpython-311-x86_64-linux-gnu.so
15545af47000-15545af51000 r--p 00037000 00:30 2017335620                 /storage/home/hcoda1/4/hyu483/conda_envs/qgis332/lib/python3.11/site-packages/sklearn/utils/_seq_dataset.cpython-311-x86_64-linux-gnu.so
15545af51000-15545af52000 r--p 00040000 00:30 2017335620                 /storage/home/hcoda1/4/hyu483/conda_envs/qgis332/lib/python3.11/site-packages/sklearn/utils/_seq_dataset.cpython-311-x86_64-linux-gnu.so
15545af52000-15545af55000 rw-p 00041000 00:30 2017335620                 /storage/home/hcoda1/4/hyu483/conda_envs/qgis332/lib/python3.11/site-packages/sklearn/utils/_seq_dataset.cpython-311-x86_64-linux-gnu.so
15545af55000-15545af56000 rw-p 00000000 00:00 0 
15545af56000-15545af5c000 r--p 00000000 00:30 2017335852                 /storage/home/hcoda1/4/hyu483/conda_envs/qgis332/lib/python3.11/site-packages/sklearn/utils/arrayfuncs.cpython-311-x86_64-linux-gnu.so
15545af5c000-15545af90000 r-xp 00006000 00:30 2017335852                 /storage/home/hcoda1/4/hyu483/conda_envs/qgis332/lib/python3.11/site-packages/sklearn/utils/arrayfuncs.cpython-311-x86_64-linux-gnu.so
15545af90000-15545af99000 r--p 0003a000 00:30 2017335852                 /storage/home/hcoda1/4/hyu483/conda_envs/qgis332/lib/python3.11/site-packages/sklearn/utils/arrayfuncs.cpython-311-x86_64-linux-gnu.so
15545af99000-15545af9a000 r--p 00042000 00:30 2017335852                 /storage/home/hcoda1/4/hyu483/conda_envs/qgis332/lib/python3.11/site-packages/sklearn/utils/arrayfuncs.cpython-311-x86_64-linux-gnu.so
15545af9a000-15545af9c000 rw-p 00043000 00:30 2017335852                 /storage/home/hcoda1/4/hyu483/conda_envs/qgis332/lib/python3.11/site-packages/sklearn/utils/arrayfuncs.cpython-311-x86_64-linux-gnu.so
15545af9c000-15545b09d000 rw-p 00000000 00:00 0 
15545b09d000-15545b0a5000 r--p 00000000 00:30 2017332689                 /storage/home/hcoda1/4/hyu483/conda_envs/qgis332/lib/python3.11/site-packages/sklearn/neighbors/_kd_tree.cpython-311-x86_64-linux-gnu.so
15545b0a5000-15545b127000 r-xp 00008000 00:30 2017332689                 /storage/home/hcoda1/4/hyu483/conda_envs/qgis332/lib/python3.11/site-packages/sklearn/neighbors/_kd_tree.cpython-311-x86_64-linux-gnu.so
15545b127000-15545b13d000 r--p 0008a000 00:30 2017332689                 /storage/home/hcoda1/4/hyu483/conda_envs/qgis332/lib/python3.11/site-packages/sklearn/neighbors/_kd_tree.cpython-311-x86_64-linux-gnu.so
15545b13d000-15545b13e000 r--p 0009f000 00:30 2017332689                 /storage/home/hcoda1/4/hyu483/conda_envs/qgis332/lib/python3.11/site-packages/sklearn/neighbors/_kd_tree.cpython-311-x86_64-linux-gnu.so
15545b13e000-15545b141000 rw-p 000a0000 00:30 2017332689                 /storage/home/hcoda1/4/hyu483/conda_envs/qgis332/lib/python3.11/site-packages/sklearn/neighbors/_kd_tree.cpython-311-x86_64-linux-gnu.so
15545b141000-15545b143000 rw-p 00000000 00:00 0 
15545b143000-15545b145000 r--p 00000000 00:30 2017332697                 /storage/home/hcoda1/4/hyu483/conda_envs/qgis332/lib/python3.11/site-packages/sklearn/neighbors/_partition_nodes.cpython-311-x86_64-linux-gnu.so
15545b145000-15545b147000 r-xp 00002000 00:30 2017332697                 /storage/home/hcoda1/4/hyu483/conda_envs/qgis332/lib/python3.11/site-packages/sklearn/neighbors/_partition_nodes.cpython-311-x86_64-linux-gnu.so
15545b147000-15545b148000 r--p 00004000 00:30 2017332697                 /storage/home/hcoda1/4/hyu483/conda_envs/qgis332/lib/python3.11/site-packages/sklearn/neighbors/_partition_nodes.cpython-311-x86_64-linux-gnu.so
15545b148000-15545b149000 r--p 00004000 00:30 2017332697                 /storage/home/hcoda1/4/hyu483/conda_envs/qgis332/lib/python3.11/site-packages/sklearn/neighbors/_partition_nodes.cpython-311-x86_64-linux-gnu.so
15545b149000-15545b14a000 rw-p 00005000 00:30 2017332697                 /storage/home/hcoda1/4/hyu483/conda_envs/qgis332/lib/python3.11/site-packages/sklearn/neighbors/_partition_nodes.cpython-311-x86_64-linux-gnu.so
15545b14a000-15545b152000 r--p 00000000 00:30 2017332683                 /storage/home/hcoda1/4/hyu483/conda_envs/qgis332/lib/python3.11/site-packages/sklearn/neighbors/_ball_tree.cpython-311-x86_64-linux-gnu.so
15545b152000-15545b1d5000 r-xp 00008000 00:30 2017332683                 /storage/home/hcoda1/4/hyu483/conda_envs/qgis332/lib/python3.11/site-packages/sklearn/neighbors/_ball_tree.cpython-311-x86_64-linux-gnu.so
15545b1d5000-15545b1eb000 r--p 0008b000 00:30 2017332683                 /storage/home/hcoda1/4/hyu483/conda_envs/qgis332/lib/python3.11/site-packages/sklearn/neighbors/_ball_tree.cpython-311-x86_64-linux-gnu.so
15545b1eb000-15545b1ec000 r--p 000a1000 00:30 2017332683                 /storage/home/hcoda1/4/hyu483/conda_envs/qgis332/lib/python3.11/site-packages/sklearn/neighbors/_ball_tree.cpython-311-x86_64-linux-gnu.so
15545b1ec000-15545b1ef000 rw-p 000a2000 00:30 2017332683                 /storage/home/hcoda1/4/hyu483/conda_envs/qgis332/lib/python3.11/site-packages/sklearn/neighbors/_ball_tree.cpython-311-x86_64-linux-gnu.so
15545b1ef000-15545b1f2000 rw-p 00000000 00:00 0 
15545b1f2000-15545b1f8000 r--p 00000000 00:30 2017382032                 /storage/home/hcoda1/4/hyu483/conda_envs/qgis332/lib/python3.11/site-packages/sklearn/cluster/_k_means_minibatch.cpython-311-x86_64-linux-gnu.so
15545b1f8000-15545b22a000 r-xp 00006000 00:30 2017382032                 /storage/home/hcoda1/4/hyu483/conda_envs/qgis332/lib/python3.11/site-packages/sklearn/cluster/_k_means_minibatch.cpython-311-x86_64-linux-gnu.so
15545b22a000-15545b232000 r--p 00038000 00:30 2017382032                 /storage/home/hcoda1/4/hyu483/conda_envs/qgis332/lib/python3.11/site-packages/sklearn/cluster/_k_means_minibatch.cpython-311-x86_64-linux-gnu.so
15545b232000-15545b233000 r--p 00040000 00:30 2017382032                 /storage/home/hcoda1/4/hyu483/conda_envs/qgis332/lib/python3.11/site-packages/sklearn/cluster/_k_means_minibatch.cpython-311-x86_64-linux-gnu.so
15545b233000-15545b235000 rw-p 00041000 00:30 2017382032                 /storage/home/hcoda1/4/hyu483/conda_envs/qgis332/lib/python3.11/site-packages/sklearn/cluster/_k_means_minibatch.cpython-311-x86_64-linux-gnu.so
15545b235000-15545b236000 rw-p 00000000 00:00 0 
15545b236000-15545b23c000 r--p 00000000 00:30 2017382030                 /storage/home/hcoda1/4/hyu483/conda_envs/qgis332/lib/python3.11/site-packages/sklearn/cluster/_k_means_lloyd.cpython-311-x86_64-linux-gnu.so
15545b23c000-15545b279000 r-xp 00006000 00:30 2017382030                 /storage/home/hcoda1/4/hyu483/conda_envs/qgis332/lib/python3.11/site-packages/sklearn/cluster/_k_means_lloyd.cpython-311-x86_64-linux-gnu.so
15545b279000-15545b284000 r--p 00043000 00:30 2017382030                 /storage/home/hcoda1/4/hyu483/conda_envs/qgis332/lib/python3.11/site-packages/sklearn/cluster/_k_means_lloyd.cpython-311-x86_64-linux-gnu.so
15545b284000-15545b285000 r--p 0004d000 00:30 2017382030                 /storage/home/hcoda1/4/hyu483/conda_envs/qgis332/lib/python3.11/site-packages/sklearn/cluster/_k_means_lloyd.cpython-311-x86_64-linux-gnu.so
15545b285000-15545b287000 rw-p 0004e000 00:30 2017382030                 /storage/home/hcoda1/4/hyu483/conda_envs/qgis332/lib/python3.11/site-packages/sklearn/cluster/_k_means_lloyd.cpython-311-x86_64-linux-gnu.so
15545b287000-15545b288000 rw-p 00000000 00:00 0 
15545b288000-15545b28e000 r--p 00000000 00:30 2017382028                 /storage/home/hcoda1/4/hyu483/conda_envs/qgis332/lib/python3.11/site-packages/sklearn/cluster/_k_means_elkan.cpython-311-x86_64-linux-gnu.so
15545b28e000-15545b2e2000 r-xp 00006000 00:30 2017382028                 /storage/home/hcoda1/4/hyu483/conda_envs/qgis332/lib/python3.11/site-packages/sklearn/cluster/_k_means_elkan.cpython-311-x86_64-linux-gnu.so
15545b2e2000-15545b2ef000 r--p 0005a000 00:30 2017382028                 /storage/home/hcoda1/4/hyu483/conda_envs/qgis332/lib/python3.11/site-packages/sklearn/cluster/_k_means_elkan.cpython-311-x86_64-linux-gnu.so
15545b2ef000-15545b2f0000 r--p 00067000 00:30 2017382028                 /storage/home/hcoda1/4/hyu483/conda_envs/qgis332/lib/python3.11/site-packages/sklearn/cluster/_k_means_elkan.cpython-311-x86_64-linux-gnu.so
15545b2f0000-15545b2f2000 rw-p 00068000 00:30 2017382028                 /storage/home/hcoda1/4/hyu483/conda_envs/qgis332/lib/python3.11/site-packages/sklearn/cluster/_k_means_elkan.cpython-311-x86_64-linux-gnu.so
15545b2f2000-15545b2f3000 rw-p 00000000 00:00 0 
15545b2f3000-15545b2f9000 r--p 00000000 00:30 2017382025                 /storage/home/hcoda1/4/hyu483/conda_envs/qgis332/lib/python3.11/site-packages/sklearn/cluster/_k_means_common.cpython-311-x86_64-linux-gnu.so
15545b2f9000-15545b356000 r-xp 00006000 00:30 2017382025                 /storage/home/hcoda1/4/hyu483/conda_envs/qgis332/lib/python3.11/site-packages/sklearn/cluster/_k_means_common.cpython-311-x86_64-linux-gnu.so
15545b356000-15545b361000 r--p 00063000 00:30 2017382025                 /storage/home/hcoda1/4/hyu483/conda_envs/qgis332/lib/python3.11/site-packages/sklearn/cluster/_k_means_common.cpython-311-x86_64-linux-gnu.so
15545b361000-15545b362000 r--p 0006d000 00:30 2017382025                 /storage/home/hcoda1/4/hyu483/conda_envs/qgis332/lib/python3.11/site-packages/sklearn/cluster/_k_means_common.cpython-311-x86_64-linux-gnu.so
15545b362000-15545b364000 rw-p 0006e000 00:30 2017382025                 /storage/home/hcoda1/4/hyu483/conda_envs/qgis332/lib/python3.11/site-packages/sklearn/cluster/_k_means_common.cpython-311-x86_64-linux-gnu.so
15545b364000-15545b365000 rw-p 00000000 00:00 0 
15545b365000-15545b36b000 r--p 00000000 00:30 2017382022                 /storage/home/hcoda1/4/hyu483/conda_envs/qgis332/lib/python3.11/site-packages/sklearn/cluster/_hierarchical_fast.cpython-311-x86_64-linux-gnu.so
15545b36b000-15545b397000 r-xp 00006000 00:30 2017382022                 /storage/home/hcoda1/4/hyu483/conda_envs/qgis332/lib/python3.11/site-packages/sklearn/cluster/_hierarchical_fast.cpython-311-x86_64-linux-gnu.so
15545b397000-15545b3a1000 r--p 00032000 00:30 2017382022                 /storage/home/hcoda1/4/hyu483/conda_envs/qgis332/lib/python3.11/site-packages/sklearn/cluster/_hierarchical_fast.cpython-311-x86_64-linux-gnu.so
15545b3a1000-15545b3a2000 r--p 0003c000 00:30 2017382022                 /storage/home/hcoda1/4/hyu483/conda_envs/qgis332/lib/python3.11/site-packages/sklearn/cluster/_hierarchical_fast.cpython-311-x86_64-linux-gnu.so
15545b3a2000-15545b3a4000 rw-p 0003d000 00:30 2017382022                 /storage/home/hcoda1/4/hyu483/conda_envs/qgis332/lib/python3.11/site-packages/sklearn/cluster/_hierarchical_fast.cpython-311-x86_64-linux-gnu.so
15545b3a4000-15545b3a5000 rw-p 00000000 00:00 0 
15545b3a5000-15545b3ac000 r--p 00000000 00:30 2017335512                 /storage/home/hcoda1/4/hyu483/conda_envs/qgis332/lib/python3.11/site-packages/sklearn/utils/_fast_dict.cpython-311-x86_64-linux-gnu.so
15545b3ac000-15545b3d1000 r-xp 00007000 00:30 2017335512                 /storage/home/hcoda1/4/hyu483/conda_envs/qgis332/lib/python3.11/site-packages/sklearn/utils/_fast_dict.cpython-311-x86_64-linux-gnu.so
15545b3d1000-15545b3da000 r--p 0002c000 00:30 2017335512                 /storage/home/hcoda1/4/hyu483/conda_envs/qgis332/lib/python3.11/site-packages/sklearn/utils/_fast_dict.cpython-311-x86_64-linux-gnu.so
15545b3da000-15545b3db000 r--p 00034000 00:30 2017335512                 /storage/home/hcoda1/4/hyu483/conda_envs/qgis332/lib/python3.11/site-packages/sklearn/utils/_fast_dict.cpython-311-x86_64-linux-gnu.so
15545b3db000-15545b3dd000 rw-p 00035000 00:30 2017335512                 /storage/home/hcoda1/4/hyu483/conda_envs/qgis332/lib/python3.11/site-packages/sklearn/utils/_fast_dict.cpython-311-x86_64-linux-gnu.so
15545b3dd000-15545b3de000 rw-p 00000000 00:00 0 
15545b3de000-15545b3e4000 r--p 00000000 00:30 2017332359                 /storage/home/hcoda1/4/hyu483/conda_envs/qgis332/lib/python3.11/site-packages/sklearn/metrics/_pairwise_fast.cpython-311-x86_64-linux-gnu.so
15545b3e4000-15545b411000 r-xp 00006000 00:30 2017332359                 /storage/home/hcoda1/4/hyu483/conda_envs/qgis332/lib/python3.11/site-packages/sklearn/metrics/_pairwise_fast.cpython-311-x86_64-linux-gnu.so
15545b411000-15545b419000 r--p 00033000 00:30 2017332359                 /storage/home/hcoda1/4/hyu483/conda_envs/qgis332/lib/python3.11/site-packages/sklearn/metrics/_pairwise_fast.cpython-311-x86_64-linux-gnu.so
15545b419000-15545b41a000 r--p 0003a000 00:30 2017332359                 /storage/home/hcoda1/4/hyu483/conda_envs/qgis332/lib/python3.11/site-packages/sklearn/metrics/_pairwise_fast.cpython-311-x86_64-linux-gnu.so
15545b41a000-15545b41c000 rw-p 0003b000 00:30 2017332359                 /storage/home/hcoda1/4/hyu483/conda_envs/qgis332/lib/python3.11/site-packages/sklearn/metrics/_pairwise_fast.cpython-311-x86_64-linux-gnu.so
15545b41c000-15545b41d000 rw-p 00000000 00:00 0 
15545b41d000-15545b423000 r--p 00000000 00:30 2017332356                 /storage/home/hcoda1/4/hyu483/conda_envs/qgis332/lib/python3.11/site-packages/sklearn/metrics/_pairwise_distances_reduction/_radius_neighbors_classmode.cpython-311-x86_64-linux-gnu.so
15545b423000-15545b44c000 r-xp 00006000 00:30 2017332356                 /storage/home/hcoda1/4/hyu483/conda_envs/qgis332/lib/python3.11/site-packages/sklearn/metrics/_pairwise_distances_reduction/_radius_neighbors_classmode.cpython-311-x86_64-linux-gnu.so
15545b44c000-15545b455000 r--p 0002f000 00:30 2017332356                 /storage/home/hcoda1/4/hyu483/conda_envs/qgis332/lib/python3.11/site-packages/sklearn/metrics/_pairwise_distances_reduction/_radius_neighbors_classmode.cpython-311-x86_64-linux-gnu.so
15545b455000-15545b456000 r--p 00037000 00:30 2017332356                 /storage/home/hcoda1/4/hyu483/conda_envs/qgis332/lib/python3.11/site-packages/sklearn/metrics/_pairwise_distances_reduction/_radius_neighbors_classmode.cpython-311-x86_64-linux-gnu.so
15545b456000-15545b458000 rw-p 00038000 00:30 2017332356                 /storage/home/hcoda1/4/hyu483/conda_envs/qgis332/lib/python3.11/site-packages/sklearn/metrics/_pairwise_distances_reduction/_radius_neighbors_classmode.cpython-311-x86_64-linux-gnu.so
15545b458000-15545b459000 rw-p 00000000 00:00 0 
15545b459000-15545b45e000 r--p 00000000 00:30 2017335816                 /storage/home/hcoda1/4/hyu483/conda_envs/qgis332/lib/python3.11/site-packages/sklearn/utils/_vector_sentinel.cpython-311-x86_64-linux-gnu.so
15545b45e000-15545b471000 r-xp 00005000 00:30 2017335816                 /storage/home/hcoda1/4/hyu483/conda_envs/qgis332/lib/python3.11/site-packages/sklearn/utils/_vector_sentinel.cpython-311-x86_64-linux-gnu.so
15545b471000-15545b476000 r--p 00018000 00:30 2017335816                 /storage/home/hcoda1/4/hyu483/conda_envs/qgis332/lib/python3.11/site-packages/sklearn/utils/_vector_sentinel.cpython-311-x86_64-linux-gnu.so
15545b476000-15545b477000 r--p 0001d000 00:30 2017335816                 /storage/home/hcoda1/4/hyu483/conda_envs/qgis332/lib/python3.11/site-packages/sklearn/utils/_vector_sentinel.cpython-311-x86_64-linux-gnu.so
15545b477000-15545b479000 rw-p 0001e000 00:30 2017335816                 /storage/home/hcoda1/4/hyu483/conda_envs/qgis332/lib/python3.11/site-packages/sklearn/utils/_vector_sentinel.cpython-311-x86_64-linux-gnu.so
15545b479000-15545b579000 rw-p 00000000 00:00 0 
15545b579000-15545b580000 r--p 00000000 00:30 2017332353                 /storage/home/hcoda1/4/hyu483/conda_envs/qgis332/lib/python3.11/site-packages/sklearn/metrics/_pairwise_distances_reduction/_radius_neighbors.cpython-311-x86_64-linux-gnu.so
15545b580000-15545b5b3000 r-xp 00007000 00:30 2017332353                 /storage/home/hcoda1/4/hyu483/conda_envs/qgis332/lib/python3.11/site-packages/sklearn/metrics/_pairwise_distances_reduction/_radius_neighbors.cpython-311-x86_64-linux-gnu.so
15545b5b3000-15545b5bf000 r--p 0003a000 00:30 2017332353                 /storage/home/hcoda1/4/hyu483/conda_envs/qgis332/lib/python3.11/site-packages/sklearn/metrics/_pairwise_distances_reduction/_radius_neighbors.cpython-311-x86_64-linux-gnu.so
15545b5bf000-15545b5c0000 r--p 00046000 00:30 2017332353                 /storage/home/hcoda1/4/hyu483/conda_envs/qgis332/lib/python3.11/site-packages/sklearn/metrics/_pairwise_distances_reduction/_radius_neighbors.cpython-311-x86_64-linux-gnu.so
15545b5c0000-15545b5c2000 rw-p 00047000 00:30 2017332353                 /storage/home/hcoda1/4/hyu483/conda_envs/qgis332/lib/python3.11/site-packages/sklearn/metrics/_pairwise_distances_reduction/_radius_neighbors.cpython-311-x86_64-linux-gnu.so
15545b5c2000-15545b5c3000 rw-p 00000000 00:00 0 
15545b5c3000-15545b5c9000 r--p 00000000 00:30 2017332340                 /storage/home/hcoda1/4/hyu483/conda_envs/qgis332/lib/python3.11/site-packages/sklearn/metrics/_pairwise_distances_reduction/_argkmin_classmode.cpython-311-x86_64-linux-gnu.so
15545b5c9000-15545b5ef000 r-xp 00006000 00:30 2017332340                 /storage/home/hcoda1/4/hyu483/conda_envs/qgis332/lib/python3.11/site-packages/sklearn/metrics/_pairwise_distances_reduction/_argkmin_classmode.cpython-311-x86_64-linux-gnu.so
15545b5ef000-15545b5f8000 r--p 0002c000 00:30 2017332340                 /storage/home/hcoda1/4/hyu483/conda_envs/qgis332/lib/python3.11/site-packages/sklearn/metrics/_pairwise_distances_reduction/_argkmin_classmode.cpython-311-x86_64-linux-gnu.so
15545b5f8000-15545b5f9000 r--p 00034000 00:30 2017332340                 /storage/home/hcoda1/4/hyu483/conda_envs/qgis332/lib/python3.11/site-packages/sklearn/metrics/_pairwise_distances_reduction/_argkmin_classmode.cpython-311-x86_64-linux-gnu.so
15545b5f9000-15545b5fb000 rw-p 00035000 00:30 2017332340                 /storage/home/hcoda1/4/hyu483/conda_envs/qgis332/lib/python3.11/site-packages/sklearn/metrics/_pairwise_distances_reduction/_argkmin_classmode.cpython-311-x86_64-linux-gnu.so
15545b5fb000-15545b5fc000 rw-p 00000000 00:00 0 
15545b5fc000-15545b5fe000 r--p 00000000 00:30 2017335654                 /storage/home/hcoda1/4/hyu483/conda_envs/qgis332/lib/python3.11/site-packages/sklearn/utils/_sorting.cpython-311-x86_64-linux-gnu.so
15545b5fe000-15545b600000 r-xp 00002000 00:30 2017335654                 /storage/home/hcoda1/4/hyu483/conda_envs/qgis332/lib/python3.11/site-packages/sklearn/utils/_sorting.cpython-311-x86_64-linux-gnu.so
15545b600000-15545b601000 r--p 00004000 00:30 2017335654                 /storage/home/hcoda1/4/hyu483/conda_envs/qgis332/lib/python3.11/site-packages/sklearn/utils/_sorting.cpython-311-x86_64-linux-gnu.so
15545b601000-15545b602000 r--p 00004000 00:30 2017335654                 /storage/home/hcoda1/4/hyu483/conda_envs/qgis332/lib/python3.11/site-packages/sklearn/utils/_sorting.cpython-311-x86_64-linux-gnu.so
15545b602000-15545b603000 rw-p 00005000 00:30 2017335654                 /storage/home/hcoda1/4/hyu483/conda_envs/qgis332/lib/python3.11/site-packages/sklearn/utils/_sorting.cpython-311-x86_64-linux-gnu.so
15545b603000-15545b605000 r--p 00000000 00:30 2017335558                 /storage/home/hcoda1/4/hyu483/conda_envs/qgis332/lib/python3.11/site-packages/sklearn/utils/_heap.cpython-311-x86_64-linux-gnu.so
15545b605000-15545b607000 r-xp 00002000 00:30 2017335558                 /storage/home/hcoda1/4/hyu483/conda_envs/qgis332/lib/python3.11/site-packages/sklearn/utils/_heap.cpython-311-x86_64-linux-gnu.so
15545b607000-15545b608000 r--p 00004000 00:30 2017335558                 /storage/home/hcoda1/4/hyu483/conda_envs/qgis332/lib/python3.11/site-packages/sklearn/utils/_heap.cpython-311-x86_64-linux-gnu.so
15545b608000-15545b609000 r--p 00004000 00:30 2017335558                 /storage/home/hcoda1/4/hyu483/conda_envs/qgis332/lib/python3.11/site-packages/sklearn/utils/_heap.cpython-311-x86_64-linux-gnu.so
15545b609000-15545b60a000 rw-p 00005000 00:30 2017335558                 /storage/home/hcoda1/4/hyu483/conda_envs/qgis332/lib/python3.11/site-packages/sklearn/utils/_heap.cpython-311-x86_64-linux-gnu.so
15545b60a000-15545b611000 r--p 00000000 00:30 2017332350                 /storage/home/hcoda1/4/hyu483/conda_envs/qgis332/lib/python3.11/site-packages/sklearn/metrics/_pairwise_distances_reduction/_middle_term_computer.cpython-311-x86_64-linux-gnu.so
15545b611000-15545b65a000 r-xp 00007000 00:30 2017332350                 /storage/home/hcoda1/4/hyu483/conda_envs/qgis332/lib/python3.11/site-packages/sklearn/metrics/_pairwise_distances_reduction/_middle_term_computer.cpython-311-x86_64-linux-gnu.so
15545b65a000-15545b668000 r--p 00050000 00:30 2017332350                 /storage/home/hcoda1/4/hyu483/conda_envs/qgis332/lib/python3.11/site-packages/sklearn/metrics/_pairwise_distances_reduction/_middle_term_computer.cpython-311-x86_64-linux-gnu.so
15545b668000-15545b669000 r--p 0005e000 00:30 2017332350                 /storage/home/hcoda1/4/hyu483/conda_envs/qgis332/lib/python3.11/site-packages/sklearn/metrics/_pairwise_distances_reduction/_middle_term_computer.cpython-311-x86_64-linux-gnu.so
15545b669000-15545b66c000 rw-p 0005f000 00:30 2017332350                 /storage/home/hcoda1/4/hyu483/conda_envs/qgis332/lib/python3.11/site-packages/sklearn/metrics/_pairwise_distances_reduction/_middle_term_computer.cpython-311-x86_64-linux-gnu.so
15545b66c000-15545b66d000 rw-p 00000000 00:00 0 
15545b66d000-15545b673000 r--p 00000000 00:30 2017335506                 /storage/home/hcoda1/4/hyu483/conda_envs/qgis332/lib/python3.11/site-packages/sklearn/utils/_cython_blas.cpython-311-x86_64-linux-gnu.so
15545b673000-15545b6ce000 r-xp 00006000 00:30 2017335506                 /storage/home/hcoda1/4/hyu483/conda_envs/qgis332/lib/python3.11/site-packages/sklearn/utils/_cython_blas.cpython-311-x86_64-linux-gnu.so
15545b6ce000-15545b6db000 r--p 00061000 00:30 2017335506                 /storage/home/hcoda1/4/hyu483/conda_envs/qgis332/lib/python3.11/site-packages/sklearn/utils/_cython_blas.cpython-311-x86_64-linux-gnu.so
15545b6db000-15545b6dc000 r--p 0006e000 00:30 2017335506                 /storage/home/hcoda1/4/hyu483/conda_envs/qgis332/lib/python3.11/site-packages/sklearn/utils/_cython_blas.cpython-311-x86_64-linux-gnu.so
15545b6dc000-15545b6de000 rw-p 0006f000 00:30 2017335506                 /storage/home/hcoda1/4/hyu483/conda_envs/qgis332/lib/python3.11/site-packages/sklearn/utils/_cython_blas.cpython-311-x86_64-linux-gnu.so
15545b6de000-15545b6df000 rw-p 00000000 00:00 0 
15545b6df000-15545b6e5000 r--p 00000000 00:30 2017332346                 /storage/home/hcoda1/4/hyu483/conda_envs/qgis332/lib/python3.11/site-packages/sklearn/metrics/_pairwise_distances_reduction/_datasets_pair.cpython-311-x86_64-linux-gnu.so
15545b6e5000-15545b72c000 r-xp 00006000 00:30 2017332346                 /storage/home/hcoda1/4/hyu483/conda_envs/qgis332/lib/python3.11/site-packages/sklearn/metrics/_pairwise_distances_reduction/_datasets_pair.cpython-311-x86_64-linux-gnu.so
15545b72c000-15545b73b000 r--p 0004d000 00:30 2017332346                 /storage/home/hcoda1/4/hyu483/conda_envs/qgis332/lib/python3.11/site-packages/sklearn/metrics/_pairwise_distances_reduction/_datasets_pair.cpython-311-x86_64-linux-gnu.so
15545b73b000-15545b73c000 r--p 0005b000 00:30 2017332346                 /storage/home/hcoda1/4/hyu483/conda_envs/qgis332/lib/python3.11/site-packages/sklearn/metrics/_pairwise_distances_reduction/_datasets_pair.cpython-311-x86_64-linux-gnu.so
15545b73c000-15545b73f000 rw-p 0005c000 00:30 2017332346                 /storage/home/hcoda1/4/hyu483/conda_envs/qgis332/lib/python3.11/site-packages/sklearn/metrics/_pairwise_distances_reduction/_datasets_pair.cpython-311-x86_64-linux-gnu.so
15545b73f000-15545b740000 rw-p 00000000 00:00 0 
15545b740000-15545b746000 r--p 00000000 00:30 2017332342                 /storage/home/hcoda1/4/hyu483/conda_envs/qgis332/lib/python3.11/site-packages/sklearn/metrics/_pairwise_distances_reduction/_base.cpython-311-x86_64-linux-gnu.so
15545b746000-15545b772000 r-xp 00006000 00:30 2017332342                 /storage/home/hcoda1/4/hyu483/conda_envs/qgis332/lib/python3.11/site-packages/sklearn/metrics/_pairwise_distances_reduction/_base.cpython-311-x86_64-linux-gnu.so
15545b772000-15545b77b000 r--p 00032000 00:30 2017332342                 /storage/home/hcoda1/4/hyu483/conda_envs/qgis332/lib/python3.11/site-packages/sklearn/metrics/_pairwise_distances_reduction/_base.cpython-311-x86_64-linux-gnu.so
15545b77b000-15545b77c000 r--p 0003b000 00:30 2017332342                 /storage/home/hcoda1/4/hyu483/conda_envs/qgis332/lib/python3.11/site-packages/sklearn/metrics/_pairwise_distances_reduction/_base.cpython-311-x86_64-linux-gnu.so
15545b77c000-15545b77e000 rw-p 0003c000 00:30 2017332342                 /storage/home/hcoda1/4/hyu483/conda_envs/qgis332/lib/python3.11/site-packages/sklearn/metrics/_pairwise_distances_reduction/_base.cpython-311-x86_64-linux-gnu.so
15545b77e000-15545b77f000 rw-p 00000000 00:00 0 
15545b77f000-15545b785000 r--p 00000000 00:30 2017332336                 /storage/home/hcoda1/4/hyu483/conda_envs/qgis332/lib/python3.11/site-packages/sklearn/metrics/_pairwise_distances_reduction/_argkmin.cpython-311-x86_64-linux-gnu.so
15545b785000-15545b7b8000 r-xp 00006000 00:30 2017332336                 /storage/home/hcoda1/4/hyu483/conda_envs/qgis332/lib/python3.11/site-packages/sklearn/metrics/_pairwise_distances_reduction/_argkmin.cpython-311-x86_64-linux-gnu.so
15545b7b8000-15545b7c2000 r--p 00039000 00:30 2017332336                 /storage/home/hcoda1/4/hyu483/conda_envs/qgis332/lib/python3.11/site-packages/sklearn/metrics/_pairwise_distances_reduction/_argkmin.cpython-311-x86_64-linux-gnu.so
15545b7c2000-15545b7c3000 r--p 00043000 00:30 2017332336                 /storage/home/hcoda1/4/hyu483/conda_envs/qgis332/lib/python3.11/site-packages/sklearn/metrics/_pairwise_distances_reduction/_argkmin.cpython-311-x86_64-linux-gnu.so
15545b7c3000-15545b7c5000 rw-p 00044000 00:30 2017332336                 /storage/home/hcoda1/4/hyu483/conda_envs/qgis332/lib/python3.11/site-packages/sklearn/metrics/_pairwise_distances_reduction/_argkmin.cpython-311-x86_64-linux-gnu.so
15545b7c5000-15545b7c6000 rw-p 00000000 00:00 0 
15545b7c6000-15545b7cf000 r--p 00000000 00:30 2017332329                 /storage/home/hcoda1/4/hyu483/conda_envs/qgis332/lib/python3.11/site-packages/sklearn/metrics/_dist_metrics.cpython-311-x86_64-linux-gnu.so
15545b7cf000-15545b83b000 r-xp 00009000 00:30 2017332329                 /storage/home/hcoda1/4/hyu483/conda_envs/qgis332/lib/python3.11/site-packages/sklearn/metrics/_dist_metrics.cpython-311-x86_64-linux-gnu.so
15545b83b000-15545b852000 r--p 00075000 00:30 2017332329                 /storage/home/hcoda1/4/hyu483/conda_envs/qgis332/lib/python3.11/site-packages/sklearn/metrics/_dist_metrics.cpython-311-x86_64-linux-gnu.so
15545b852000-15545b853000 r--p 0008c000 00:30 2017332329                 /storage/home/hcoda1/4/hyu483/conda_envs/qgis332/lib/python3.11/site-packages/sklearn/metrics/_dist_metrics.cpython-311-x86_64-linux-gnu.so
15545b853000-15545b85a000 rw-p 0008d000 00:30 2017332329                 /storage/home/hcoda1/4/hyu483/conda_envs/qgis332/lib/python3.11/site-packages/sklearn/metrics/_dist_metrics.cpython-311-x86_64-linux-gnu.so
15545b85a000-15545b85d000 rw-p 00000000 00:00 0 
15545b85d000-15545b863000 r--p 00000000 00:30 2017333343                 /storage/home/hcoda1/4/hyu483/conda_envs/qgis332/lib/python3.11/site-packages/sklearn/preprocessing/_target_encoder_fast.cpython-311-x86_64-linux-gnu.so
15545b863000-15545b8c0000 r-xp 00006000 00:30 2017333343                 /storage/home/hcoda1/4/hyu483/conda_envs/qgis332/lib/python3.11/site-packages/sklearn/preprocessing/_target_encoder_fast.cpython-311-x86_64-linux-gnu.so
15545b8c0000-15545b8ca000 r--p 00063000 00:30 2017333343                 /storage/home/hcoda1/4/hyu483/conda_envs/qgis332/lib/python3.11/site-packages/sklearn/preprocessing/_target_encoder_fast.cpython-311-x86_64-linux-gnu.so
15545b8ca000-15545b8cb000 r--p 0006c000 00:30 2017333343                 /storage/home/hcoda1/4/hyu483/conda_envs/qgis332/lib/python3.11/site-packages/sklearn/preprocessing/_target_encoder_fast.cpython-311-x86_64-linux-gnu.so
15545b8cb000-15545b8cd000 rw-p 0006d000 00:30 2017333343                 /storage/home/hcoda1/4/hyu483/conda_envs/qgis332/lib/python3.11/site-packages/sklearn/preprocessing/_target_encoder_fast.cpython-311-x86_64-linux-gnu.so
15545b8cd000-15545b8ce000 rw-p 00000000 00:00 0 
15545b8ce000-15545b8d4000 r--p 00000000 00:30 2017333332                 /storage/home/hcoda1/4/hyu483/conda_envs/qgis332/lib/python3.11/site-packages/sklearn/preprocessing/_csr_polynomial_expansion.cpython-311-x86_64-linux-gnu.so
15545b8d4000-15545b924000 r-xp 00006000 00:30 2017333332                 /storage/home/hcoda1/4/hyu483/conda_envs/qgis332/lib/python3.11/site-packages/sklearn/preprocessing/_csr_polynomial_expansion.cpython-311-x86_64-linux-gnu.so
15545b924000-15545b92e000 r--p 00056000 00:30 2017333332                 /storage/home/hcoda1/4/hyu483/conda_envs/qgis332/lib/python3.11/site-packages/sklearn/preprocessing/_csr_polynomial_expansion.cpython-311-x86_64-linux-gnu.so
15545b92e000-15545b92f000 r--p 00060000 00:30 2017333332                 /storage/home/hcoda1/4/hyu483/conda_envs/qgis332/lib/python3.11/site-packages/sklearn/preprocessing/_csr_polynomial_expansion.cpython-311-x86_64-linux-gnu.so
15545b92f000-15545b931000 rw-p 00061000 00:30 2017333332                 /storage/home/hcoda1/4/hyu483/conda_envs/qgis332/lib/python3.11/site-packages/sklearn/preprocessing/_csr_polynomial_expansion.cpython-311-x86_64-linux-gnu.so
15545b931000-15545b932000 rw-p 00000000 00:00 0 
15545b932000-15545b937000 r--p 00000000 00:30 2017332412                 /storage/home/hcoda1/4/hyu483/conda_envs/qgis332/lib/python3.11/site-packages/sklearn/metrics/cluster/_expected_mutual_info_fast.cpython-311-x86_64-linux-gnu.so
15545b937000-15545b959000 r-xp 00005000 00:30 2017332412                 /storage/home/hcoda1/4/hyu483/conda_envs/qgis332/lib/python3.11/site-packages/sklearn/metrics/cluster/_expected_mutual_info_fast.cpython-311-x86_64-linux-gnu.so
15545b959000-15545b960000 r--p 00027000 00:30 2017332412                 /storage/home/hcoda1/4/hyu483/conda_envs/qgis332/lib/python3.11/site-packages/sklearn/metrics/cluster/_expected_mutual_info_fast.cpython-311-x86_64-linux-gnu.so
15545b960000-15545b961000 r--p 0002d000 00:30 2017332412                 /storage/home/hcoda1/4/hyu483/conda_envs/qgis332/lib/python3.11/site-packages/sklearn/metrics/cluster/_expected_mutual_info_fast.cpython-311-x86_64-linux-gnu.so
15545b961000-15545b963000 rw-p 0002e000 00:30 2017332412                 /storage/home/hcoda1/4/hyu483/conda_envs/qgis332/lib/python3.11/site-packages/sklearn/metrics/cluster/_expected_mutual_info_fast.cpython-311-x86_64-linux-gnu.so
15545b963000-15545b966000 r--p 00000000 00:30 2017335585                 /storage/home/hcoda1/4/hyu483/conda_envs/qgis332/lib/python3.11/site-packages/sklearn/utils/_openmp_helpers.cpython-311-x86_64-linux-gnu.so
15545b966000-15545b96d000 r-xp 00003000 00:30 2017335585                 /storage/home/hcoda1/4/hyu483/conda_envs/qgis332/lib/python3.11/site-packages/sklearn/utils/_openmp_helpers.cpython-311-x86_64-linux-gnu.so
15545b96d000-15545b96f000 r--p 0000a000 00:30 2017335585                 /storage/home/hcoda1/4/hyu483/conda_envs/qgis332/lib/python3.11/site-packages/sklearn/utils/_openmp_helpers.cpython-311-x86_64-linux-gnu.so
15545b96f000-15545b970000 r--p 0000c000 00:30 2017335585                 /storage/home/hcoda1/4/hyu483/conda_envs/qgis332/lib/python3.11/site-packages/sklearn/utils/_openmp_helpers.cpython-311-x86_64-linux-gnu.so
15545b970000-15545b971000 rw-p 0000d000 00:30 2017335585                 /storage/home/hcoda1/4/hyu483/conda_envs/qgis332/lib/python3.11/site-packages/sklearn/utils/_openmp_helpers.cpython-311-x86_64-linux-gnu.so
15545b971000-15545ba71000 rw-p 00000000 00:00 0 
15545ba71000-15545ba76000 r--p 00000000 00:30 2017335948                 /storage/home/hcoda1/4/hyu483/conda_envs/qgis332/lib/python3.11/site-packages/sklearn/utils/murmurhash.cpython-311-x86_64-linux-gnu.so
15545ba76000-15545ba97000 r-xp 00005000 00:30 2017335948                 /storage/home/hcoda1/4/hyu483/conda_envs/qgis332/lib/python3.11/site-packages/sklearn/utils/murmurhash.cpython-311-x86_64-linux-gnu.so
15545ba97000-15545ba9f000 r--p 00026000 00:30 2017335948                 /storage/home/hcoda1/4/hyu483/conda_envs/qgis332/lib/python3.11/site-packages/sklearn/utils/murmurhash.cpython-311-x86_64-linux-gnu.so
15545ba9f000-15545baa0000 r--p 0002e000 00:30 2017335948                 /storage/home/hcoda1/4/hyu483/conda_envs/qgis332/lib/python3.11/site-packages/sklearn/utils/murmurhash.cpython-311-x86_64-linux-gnu.so
15545baa0000-15545baa2000 rw-p 0002f000 00:30 2017335948                 /storage/home/hcoda1/4/hyu483/conda_envs/qgis332/lib/python3.11/site-packages/sklearn/utils/murmurhash.cpython-311-x86_64-linux-gnu.so
15545baa2000-15545baa8000 r--p 00000000 00:30 2017335983                 /storage/home/hcoda1/4/hyu483/conda_envs/qgis332/lib/python3.11/site-packages/sklearn/utils/sparsefuncs_fast.cpython-311-x86_64-linux-gnu.so
15545baa8000-15545bb4b000 r-xp 00006000 00:30 2017335983                 /storage/home/hcoda1/4/hyu483/conda_envs/qgis332/lib/python3.11/site-packages/sklearn/utils/sparsefuncs_fast.cpython-311-x86_64-linux-gnu.so
15545bb4b000-15545bb59000 r--p 000a9000 00:30 2017335983                 /storage/home/hcoda1/4/hyu483/conda_envs/qgis332/lib/python3.11/site-packages/sklearn/utils/sparsefuncs_fast.cpython-311-x86_64-linux-gnu.so
15545bb59000-15545bb5a000 r--p 000b6000 00:30 2017335983                 /storage/home/hcoda1/4/hyu483/conda_envs/qgis332/lib/python3.11/site-packages/sklearn/utils/sparsefuncs_fast.cpython-311-x86_64-linux-gnu.so
15545bb5a000-15545bb5c000 rw-p 000b7000 00:30 2017335983                 /storage/home/hcoda1/4/hyu483/conda_envs/qgis332/lib/python3.11/site-packages/sklearn/utils/sparsefuncs_fast.cpython-311-x86_64-linux-gnu.so
15545bb5c000-15545bb5e000 rw-p 00000000 00:00 0 
15545bb5e000-15545bb64000 r--p 00000000 00:30 2017335563                 /storage/home/hcoda1/4/hyu483/conda_envs/qgis332/lib/python3.11/site-packages/sklearn/utils/_isfinite.cpython-311-x86_64-linux-gnu.so
15545bb64000-15545bb8d000 r-xp 00006000 00:30 2017335563                 /storage/home/hcoda1/4/hyu483/conda_envs/qgis332/lib/python3.11/site-packages/sklearn/utils/_isfinite.cpython-311-x86_64-linux-gnu.so
15545bb8d000-15545bb95000 r--p 0002f000 00:30 2017335563                 /storage/home/hcoda1/4/hyu483/conda_envs/qgis332/lib/python3.11/site-packages/sklearn/utils/_isfinite.cpython-311-x86_64-linux-gnu.so
15545bb95000-15545bb96000 r--p 00037000 00:30 2017335563                 /storage/home/hcoda1/4/hyu483/conda_envs/qgis332/lib/python3.11/site-packages/sklearn/utils/_isfinite.cpython-311-x86_64-linux-gnu.so
15545bb96000-15545bb98000 rw-p 00038000 00:30 2017335563                 /storage/home/hcoda1/4/hyu483/conda_envs/qgis332/lib/python3.11/site-packages/sklearn/utils/_isfinite.cpython-311-x86_64-linux-gnu.so
15545bb98000-15545bb99000 rw-p 00000000 00:00 0 
15545bb99000-15545bb9e000 r--p 00000000 00:30 2094141873                 /storage/home/hcoda1/4/hyu483/conda_envs/qgis332/lib/python3.11/site-packages/scipy/stats/_rcont/rcont.cpython-311-x86_64-linux-gnu.so
15545bb9e000-15545bbbe000 r-xp 00005000 00:30 2094141873                 /storage/home/hcoda1/4/hyu483/conda_envs/qgis332/lib/python3.11/site-packages/scipy/stats/_rcont/rcont.cpython-311-x86_64-linux-gnu.so
15545bbbe000-15545bbc5000 r--p 00025000 00:30 2094141873                 /storage/home/hcoda1/4/hyu483/conda_envs/qgis332/lib/python3.11/site-packages/scipy/stats/_rcont/rcont.cpython-311-x86_64-linux-gnu.so
15545bbc5000-15545bbc6000 r--p 0002c000 00:30 2094141873                 /storage/home/hcoda1/4/hyu483/conda_envs/qgis332/lib/python3.11/site-packages/scipy/stats/_rcont/rcont.cpython-311-x86_64-linux-gnu.so
15545bbc6000-15545bbc8000 rw-p 0002d000 00:30 2094141873                 /storage/home/hcoda1/4/hyu483/conda_envs/qgis332/lib/python3.11/site-packages/scipy/stats/_rcont/rcont.cpython-311-x86_64-linux-gnu.so
15545bbc8000-15545bcc8000 rw-p 00000000 00:00 0 
15545bcc8000-15545bcca000 r--p 00000000 00:30 2005402849                 /storage/home/hcoda1/4/hyu483/conda_envs/qgis332/lib/python3.11/site-packages/scipy/stats/_mvn.cpython-311-x86_64-linux-gnu.so
15545bcca000-15545bcd2000 r-xp 00002000 00:30 2005402849                 /storage/home/hcoda1/4/hyu483/conda_envs/qgis332/lib/python3.11/site-packages/scipy/stats/_mvn.cpython-311-x86_64-linux-gnu.so
15545bcd2000-15545bcd8000 r--p 0000a000 00:30 2005402849                 /storage/home/hcoda1/4/hyu483/conda_envs/qgis332/lib/python3.11/site-packages/scipy/stats/_mvn.cpython-311-x86_64-linux-gnu.so
15545bcd8000-15545bcd9000 r--p 0000f000 00:30 2005402849                 /storage/home/hcoda1/4/hyu483/conda_envs/qgis332/lib/python3.11/site-packages/scipy/stats/_mvn.cpython-311-x86_64-linux-gnu.so
15545bcd9000-15545bcdb000 rw-p 00010000 00:30 2005402849                 /storage/home/hcoda1/4/hyu483/conda_envs/qgis332/lib/python3.11/site-packages/scipy/stats/_mvn.cpython-311-x86_64-linux-gnu.so
15545bcdb000-15545bdd2000 rw-p 00000000 00:00 0 
15545bdd2000-15545bdd7000 r--p 00000000 00:30 2094256845                 /storage/home/hcoda1/4/hyu483/conda_envs/qgis332/lib/python3.11/site-packages/scipy/stats/_ansari_swilk_statistics.cpython-311-x86_64-linux-gnu.so
15545bdd7000-15545bdfb000 r-xp 00005000 00:30 2094256845                 /storage/home/hcoda1/4/hyu483/conda_envs/qgis332/lib/python3.11/site-packages/scipy/stats/_ansari_swilk_statistics.cpython-311-x86_64-linux-gnu.so
15545bdfb000-15545be03000 r--p 00029000 00:30 2094256845                 /storage/home/hcoda1/4/hyu483/conda_envs/qgis332/lib/python3.11/site-packages/scipy/stats/_ansari_swilk_statistics.cpython-311-x86_64-linux-gnu.so
15545be03000-15545be04000 r--p 00030000 00:30 2094256845                 /storage/home/hcoda1/4/hyu483/conda_envs/qgis332/lib/python3.11/site-packages/scipy/stats/_ansari_swilk_statistics.cpython-311-x86_64-linux-gnu.so
15545be04000-15545be06000 rw-p 00031000 00:30 2094256845                 /storage/home/hcoda1/4/hyu483/conda_envs/qgis332/lib/python3.11/site-packages/scipy/stats/_ansari_swilk_statistics.cpython-311-x86_64-linux-gnu.so
15545be06000-15545bf06000 rw-p 00000000 00:00 0 
15545bf06000-15545bf09000 r--p 00000000 00:30 2005528444                 /storage/home/hcoda1/4/hyu483/conda_envs/qgis332/lib/python3.11/site-packages/scipy/stats/_levy_stable/levyst.cpython-311-x86_64-linux-gnu.so
15545bf09000-15545bf0f000 r-xp 00003000 00:30 2005528444                 /storage/home/hcoda1/4/hyu483/conda_envs/qgis332/lib/python3.11/site-packages/scipy/stats/_levy_stable/levyst.cpython-311-x86_64-linux-gnu.so
15545bf0f000-15545bf11000 r--p 00009000 00:30 2005528444                 /storage/home/hcoda1/4/hyu483/conda_envs/qgis332/lib/python3.11/site-packages/scipy/stats/_levy_stable/levyst.cpython-311-x86_64-linux-gnu.so
15545bf11000-15545bf12000 r--p 0000b000 00:30 2005528444                 /storage/home/hcoda1/4/hyu483/conda_envs/qgis332/lib/python3.11/site-packages/scipy/stats/_levy_stable/levyst.cpython-311-x86_64-linux-gnu.so
15545bf12000-15545bf13000 rw-p 0000c000 00:30 2005528444                 /storage/home/hcoda1/4/hyu483/conda_envs/qgis332/lib/python3.11/site-packages/scipy/stats/_levy_stable/levyst.cpython-311-x86_64-linux-gnu.so
15545bf13000-15545bf16000 r--p 00000000 00:30 2094138527                 /storage/home/hcoda1/4/hyu483/conda_envs/qgis332/lib/python3.11/site-packages/scipy/stats/_stats_pythran.cpython-311-x86_64-linux-gnu.so
15545bf16000-15545bf2a000 r-xp 00003000 00:30 2094138527                 /storage/home/hcoda1/4/hyu483/conda_envs/qgis332/lib/python3.11/site-packages/scipy/stats/_stats_pythran.cpython-311-x86_64-linux-gnu.so
15545bf2a000-15545bf2e000 r--p 00017000 00:30 2094138527                 /storage/home/hcoda1/4/hyu483/conda_envs/qgis332/lib/python3.11/site-packages/scipy/stats/_stats_pythran.cpython-311-x86_64-linux-gnu.so
15545bf2e000-15545bf2f000 r--p 0001a000 00:30 2094138527                 /storage/home/hcoda1/4/hyu483/conda_envs/qgis332/lib/python3.11/site-packages/scipy/stats/_stats_pythran.cpython-311-x86_64-linux-gnu.so
15545bf2f000-15545bf30000 rw-p 0001b000 00:30 2094138527                 /storage/home/hcoda1/4/hyu483/conda_envs/qgis332/lib/python3.11/site-packages/scipy/stats/_stats_pythran.cpython-311-x86_64-linux-gnu.so
15545bf30000-15545bf35000 r--p 00000000 00:30 2005530133                 /storage/home/hcoda1/4/hyu483/conda_envs/qgis332/lib/python3.11/site-packages/scipy/stats/_biasedurn.cpython-311-x86_64-linux-gnu.so
15545bf35000-15545bf4a000 r-xp 00005000 00:30 2005530133                 /storage/home/hcoda1/4/hyu483/conda_envs/qgis332/lib/python3.11/site-packages/scipy/stats/_biasedurn.cpython-311-x86_64-linux-gnu.so
15545bf4a000-15545bf52000 r--p 0001a000 00:30 2005530133                 /storage/home/hcoda1/4/hyu483/conda_envs/qgis332/lib/python3.11/site-packages/scipy/stats/_biasedurn.cpython-311-x86_64-linux-gnu.so
15545bf52000-15545bf53000 r--p 00021000 00:30 2005530133                 /storage/home/hcoda1/4/hyu483/conda_envs/qgis332/lib/python3.11/site-packages/scipy/stats/_biasedurn.cpython-311-x86_64-linux-gnu.so
15545bf53000-15545bf56000 rw-p 00022000 00:30 2005530133                 /storage/home/hcoda1/4/hyu483/conda_envs/qgis332/lib/python3.11/site-packages/scipy/stats/_biasedurn.cpython-311-x86_64-linux-gnu.so
15545bf56000-15545c058000 rw-p 00000000 00:00 0 
15545c058000-15545c05e000 r--p 00000000 00:30 2005528080                 /storage/home/hcoda1/4/hyu483/conda_envs/qgis332/lib/python3.11/site-packages/scipy/stats/_qmc_cy.cpython-311-x86_64-linux-gnu.so
15545c05e000-15545c081000 r-xp 00006000 00:30 2005528080                 /storage/home/hcoda1/4/hyu483/conda_envs/qgis332/lib/python3.11/site-packages/scipy/stats/_qmc_cy.cpython-311-x86_64-linux-gnu.so
15545c081000-15545c089000 r--p 00029000 00:30 2005528080                 /storage/home/hcoda1/4/hyu483/conda_envs/qgis332/lib/python3.11/site-packages/scipy/stats/_qmc_cy.cpython-311-x86_64-linux-gnu.so
15545c089000-15545c08a000 r--p 00031000 00:30 2005528080                 /storage/home/hcoda1/4/hyu483/conda_envs/qgis332/lib/python3.11/site-packages/scipy/stats/_qmc_cy.cpython-311-x86_64-linux-gnu.so
15545c08a000-15545c08c000 rw-p 00032000 00:30 2005528080                 /storage/home/hcoda1/4/hyu483/conda_envs/qgis332/lib/python3.11/site-packages/scipy/stats/_qmc_cy.cpython-311-x86_64-linux-gnu.so
15545c08c000-15545c092000 r--p 00000000 00:30 2005410581                 /storage/home/hcoda1/4/hyu483/conda_envs/qgis332/lib/python3.11/site-packages/scipy/stats/_sobol.cpython-311-x86_64-linux-gnu.so
15545c092000-15545c0ce000 r-xp 00006000 00:30 2005410581                 /storage/home/hcoda1/4/hyu483/conda_envs/qgis332/lib/python3.11/site-packages/scipy/stats/_sobol.cpython-311-x86_64-linux-gnu.so
15545c0ce000-15545c0d8000 r--p 00042000 00:30 2005410581                 /storage/home/hcoda1/4/hyu483/conda_envs/qgis332/lib/python3.11/site-packages/scipy/stats/_sobol.cpython-311-x86_64-linux-gnu.so
15545c0d8000-15545c0d9000 r--p 0004b000 00:30 2005410581                 /storage/home/hcoda1/4/hyu483/conda_envs/qgis332/lib/python3.11/site-packages/scipy/stats/_sobol.cpython-311-x86_64-linux-gnu.so
15545c0d9000-15545c0db000 rw-p 0004c000 00:30 2005410581                 /storage/home/hcoda1/4/hyu483/conda_envs/qgis332/lib/python3.11/site-packages/scipy/stats/_sobol.cpython-311-x86_64-linux-gnu.so
15545c0db000-15545c1dc000 rw-p 00000000 00:00 0 
15545c1dc000-15545c1ea000 r--p 00000000 00:30 2005532056                 /storage/home/hcoda1/4/hyu483/conda_envs/qgis332/lib/python3.11/site-packages/scipy/special/cython_special.cpython-311-x86_64-linux-gnu.so
15545c1ea000-15545c41a000 r-xp 0000e000 00:30 2005532056                 /storage/home/hcoda1/4/hyu483/conda_envs/qgis332/lib/python3.11/site-packages/scipy/special/cython_special.cpython-311-x86_64-linux-gnu.so
15545c41a000-15545c45d000 r--p 0023e000 00:30 2005532056                 /storage/home/hcoda1/4/hyu483/conda_envs/qgis332/lib/python3.11/site-packages/scipy/special/cython_special.cpython-311-x86_64-linux-gnu.so
15545c45d000-15545c45e000 r--p 00280000 00:30 2005532056                 /storage/home/hcoda1/4/hyu483/conda_envs/qgis332/lib/python3.11/site-packages/scipy/special/cython_special.cpython-311-x86_64-linux-gnu.so
15545c45e000-15545c463000 rw-p 00281000 00:30 2005532056                 /storage/home/hcoda1/4/hyu483/conda_envs/qgis332/lib/python3.11/site-packages/scipy/special/cython_special.cpython-311-x86_64-linux-gnu.so
15545c463000-15545c466000 rw-p 00000000 00:00 0 
15545c466000-15545c46d000 r--p 00000000 00:30 2005410006                 /storage/home/hcoda1/4/hyu483/conda_envs/qgis332/lib/python3.11/site-packages/scipy/stats/_stats.cpython-311-x86_64-linux-gnu.so
15545c46d000-15545c4e7000 r-xp 00007000 00:30 2005410006                 /storage/home/hcoda1/4/hyu483/conda_envs/qgis332/lib/python3.11/site-packages/scipy/stats/_stats.cpython-311-x86_64-linux-gnu.so
15545c4e7000-15545c4f3000 r--p 00081000 00:30 2005410006                 /storage/home/hcoda1/4/hyu483/conda_envs/qgis332/lib/python3.11/site-packages/scipy/stats/_stats.cpython-311-x86_64-linux-gnu.so
15545c4f3000-15545c4f4000 r--p 0008d000 00:30 2005410006                 /storage/home/hcoda1/4/hyu483/conda_envs/qgis332/lib/python3.11/site-packages/scipy/stats/_stats.cpython-311-x86_64-linux-gnu.so
15545c4f4000-15545c4f7000 rw-p 0008e000 00:30 2005410006                 /storage/home/hcoda1/4/hyu483/conda_envs/qgis332/lib/python3.11/site-packages/scipy/stats/_stats.cpython-311-x86_64-linux-gnu.so
15545c4f7000-15545c4f8000 rw-p 00000000 00:00 0 
15545c4f8000-15545c4fd000 r--p 00000000 00:30 2005404399                 /storage/home/hcoda1/4/hyu483/conda_envs/qgis332/lib/python3.11/site-packages/scipy/interpolate/_bspl.cpython-311-x86_64-linux-gnu.so
15545c4fd000-15545c524000 r-xp 00005000 00:30 2005404399                 /storage/home/hcoda1/4/hyu483/conda_envs/qgis332/lib/python3.11/site-packages/scipy/interpolate/_bspl.cpython-311-x86_64-linux-gnu.so
15545c524000-15545c52d000 r--p 0002c000 00:30 2005404399                 /storage/home/hcoda1/4/hyu483/conda_envs/qgis332/lib/python3.11/site-packages/scipy/interpolate/_bspl.cpython-311-x86_64-linux-gnu.so
15545c52d000-15545c52e000 r--p 00034000 00:30 2005404399                 /storage/home/hcoda1/4/hyu483/conda_envs/qgis332/lib/python3.11/site-packages/scipy/interpolate/_bspl.cpython-311-x86_64-linux-gnu.so
15545c52e000-15545c530000 rw-p 00035000 00:30 2005404399                 /storage/home/hcoda1/4/hyu483/conda_envs/qgis332/lib/python3.11/site-packages/scipy/interpolate/_bspl.cpython-311-x86_64-linux-gnu.so
15545c530000-15545c531000 rw-p 00000000 00:00 0 
15545c531000-15545c537000 r--p 00000000 00:30 2005409571                 /storage/home/hcoda1/4/hyu483/conda_envs/qgis332/lib/python3.11/site-packages/scipy/interpolate/_rgi_cython.cpython-311-x86_64-linux-gnu.so
15545c537000-15545c55e000 r-xp 00006000 00:30 2005409571                 /storage/home/hcoda1/4/hyu483/conda_envs/qgis332/lib/python3.11/site-packages/scipy/interpolate/_rgi_cython.cpython-311-x86_64-linux-gnu.so
15545c55e000-15545c566000 r--p 0002d000 00:30 2005409571                 /storage/home/hcoda1/4/hyu483/conda_envs/qgis332/lib/python3.11/site-packages/scipy/interpolate/_rgi_cython.cpython-311-x86_64-linux-gnu.so
15545c566000-15545c567000 r--p 00034000 00:30 2005409571                 /storage/home/hcoda1/4/hyu483/conda_envs/qgis332/lib/python3.11/site-packages/scipy/interpolate/_rgi_cython.cpython-311-x86_64-linux-gnu.so
15545c567000-15545c569000 rw-p 00035000 00:30 2005409571                 /storage/home/hcoda1/4/hyu483/conda_envs/qgis332/lib/python3.11/site-packages/scipy/interpolate/_rgi_cython.cpython-311-x86_64-linux-gnu.so
15545c569000-15545c56a000 rw-p 00000000 00:00 0 
15545c56a000-15545c56d000 r--p 00000000 00:30 2005531712                 /storage/home/hcoda1/4/hyu483/conda_envs/qgis332/lib/python3.11/site-packages/scipy/interpolate/_rbfinterp_pythran.cpython-311-x86_64-linux-gnu.so
15545c56d000-15545c592000 r-xp 00003000 00:30 2005531712                 /storage/home/hcoda1/4/hyu483/conda_envs/qgis332/lib/python3.11/site-packages/scipy/interpolate/_rbfinterp_pythran.cpython-311-x86_64-linux-gnu.so
15545c592000-15545c597000 r--p 00028000 00:30 2005531712                 /storage/home/hcoda1/4/hyu483/conda_envs/qgis332/lib/python3.11/site-packages/scipy/interpolate/_rbfinterp_pythran.cpython-311-x86_64-linux-gnu.so
15545c597000-15545c598000 r--p 0002c000 00:30 2005531712                 /storage/home/hcoda1/4/hyu483/conda_envs/qgis332/lib/python3.11/site-packages/scipy/interpolate/_rbfinterp_pythran.cpython-311-x86_64-linux-gnu.so
15545c598000-15545c599000 rw-p 0002d000 00:30 2005531712                 /storage/home/hcoda1/4/hyu483/conda_envs/qgis332/lib/python3.11/site-packages/scipy/interpolate/_rbfinterp_pythran.cpython-311-x86_64-linux-gnu.so
15545c599000-15545c59f000 r--p 00000000 00:30 2007907396                 /storage/home/hcoda1/4/hyu483/conda_envs/qgis332/lib/python3.11/site-packages/scipy/interpolate/_interpnd.cpython-311-x86_64-linux-gnu.so
15545c59f000-15545c5e1000 r-xp 00006000 00:30 2007907396                 /storage/home/hcoda1/4/hyu483/conda_envs/qgis332/lib/python3.11/site-packages/scipy/interpolate/_interpnd.cpython-311-x86_64-linux-gnu.so
15545c5e1000-15545c5ec000 r--p 00048000 00:30 2007907396                 /storage/home/hcoda1/4/hyu483/conda_envs/qgis332/lib/python3.11/site-packages/scipy/interpolate/_interpnd.cpython-311-x86_64-linux-gnu.so
15545c5ec000-15545c5ed000 r--p 00053000 00:30 2007907396                 /storage/home/hcoda1/4/hyu483/conda_envs/qgis332/lib/python3.11/site-packages/scipy/interpolate/_interpnd.cpython-311-x86_64-linux-gnu.so
15545c5ed000-15545c5ef000 rw-p 00054000 00:30 2007907396                 /storage/home/hcoda1/4/hyu483/conda_envs/qgis332/lib/python3.11/site-packages/scipy/interpolate/_interpnd.cpython-311-x86_64-linux-gnu.so
15545c5ef000-15545c5f0000 rw-p 00000000 00:00 0 
15545c5f0000-15545c5f6000 r--p 00000000 00:30 2005410138                 /storage/home/hcoda1/4/hyu483/conda_envs/qgis332/lib/python3.11/site-packages/scipy/interpolate/_ppoly.cpython-311-x86_64-linux-gnu.so
15545c5f6000-15545c640000 r-xp 00006000 00:30 2005410138                 /storage/home/hcoda1/4/hyu483/conda_envs/qgis332/lib/python3.11/site-packages/scipy/interpolate/_ppoly.cpython-311-x86_64-linux-gnu.so
15545c640000-15545c64a000 r--p 00050000 00:30 2005410138                 /storage/home/hcoda1/4/hyu483/conda_envs/qgis332/lib/python3.11/site-packages/scipy/interpolate/_ppoly.cpython-311-x86_64-linux-gnu.so
15545c64a000-15545c64b000 r--p 0005a000 00:30 2005410138                 /storage/home/hcoda1/4/hyu483/conda_envs/qgis332/lib/python3.11/site-packages/scipy/interpolate/_ppoly.cpython-311-x86_64-linux-gnu.so
15545c64b000-15545c64d000 rw-p 0005b000 00:30 2005410138                 /storage/home/hcoda1/4/hyu483/conda_envs/qgis332/lib/python3.11/site-packages/scipy/interpolate/_ppoly.cpython-311-x86_64-linux-gnu.so
15545c64d000-15545c64e000 rw-p 00000000 00:00 0 
15545c64e000-15545c650000 r--p 00000000 00:30 2094146432                 /storage/home/hcoda1/4/hyu483/conda_envs/qgis332/lib/python3.11/site-packages/scipy/interpolate/_dierckx.cpython-311-x86_64-linux-gnu.so
15545c650000-15545c659000 r-xp 00002000 00:30 2094146432                 /storage/home/hcoda1/4/hyu483/conda_envs/qgis332/lib/python3.11/site-packages/scipy/interpolate/_dierckx.cpython-311-x86_64-linux-gnu.so
15545c659000-15545c65b000 r--p 0000b000 00:30 2094146432                 /storage/home/hcoda1/4/hyu483/conda_envs/qgis332/lib/python3.11/site-packages/scipy/interpolate/_dierckx.cpython-311-x86_64-linux-gnu.so
15545c65b000-15545c65c000 r--p 0000c000 00:30 2094146432                 /storage/home/hcoda1/4/hyu483/conda_envs/qgis332/lib/python3.11/site-packages/scipy/interpolate/_dierckx.cpython-311-x86_64-linux-gnu.so
15545c65c000-15545c65e000 rw-p 0000d000 00:30 2094146432                 /storage/home/hcoda1/4/hyu483/conda_envs/qgis332/lib/python3.11/site-packages/scipy/interpolate/_dierckx.cpython-311-x86_64-linux-gnu.so
15545c65e000-15545c662000 r--p 00000000 00:30 2005410099                 /storage/home/hcoda1/4/hyu483/conda_envs/qgis332/lib/python3.11/site-packages/scipy/interpolate/_dfitpack.cpython-311-x86_64-linux-gnu.so
15545c662000-15545c696000 r-xp 00004000 00:30 2005410099                 /storage/home/hcoda1/4/hyu483/conda_envs/qgis332/lib/python3.11/site-packages/scipy/interpolate/_dfitpack.cpython-311-x86_64-linux-gnu.so
15545c696000-15545c6a2000 r--p 00038000 00:30 2005410099                 /storage/home/hcoda1/4/hyu483/conda_envs/qgis332/lib/python3.11/site-packages/scipy/interpolate/_dfitpack.cpython-311-x86_64-linux-gnu.so
15545c6a2000-15545c6a3000 r--p 00044000 00:30 2005410099                 /storage/home/hcoda1/4/hyu483/conda_envs/qgis332/lib/python3.11/site-packages/scipy/interpolate/_dfitpack.cpython-311-x86_64-linux-gnu.so
15545c6a3000-15545c6aa000 rw-p 00045000 00:30 2005410099                 /storage/home/hcoda1/4/hyu483/conda_envs/qgis332/lib/python3.11/site-packages/scipy/interpolate/_dfitpack.cpython-311-x86_64-linux-gnu.so
15545c6aa000-15545c6ab000 rw-p 00000000 00:00 0 
15545c6ab000-15545c6ad000 r--p 00000000 00:30 2005404020                 /storage/home/hcoda1/4/hyu483/conda_envs/qgis332/lib/python3.11/site-packages/scipy/interpolate/_fitpack.cpython-311-x86_64-linux-gnu.so
15545c6ad000-15545c6bd000 r-xp 00002000 00:30 2005404020                 /storage/home/hcoda1/4/hyu483/conda_envs/qgis332/lib/python3.11/site-packages/scipy/interpolate/_fitpack.cpython-311-x86_64-linux-gnu.so
15545c6bd000-15545c6bf000 r--p 00012000 00:30 2005404020                 /storage/home/hcoda1/4/hyu483/conda_envs/qgis332/lib/python3.11/site-packages/scipy/interpolate/_fitpack.cpython-311-x86_64-linux-gnu.so
15545c6bf000-15545c6c0000 r--p 00013000 00:30 2005404020                 /storage/home/hcoda1/4/hyu483/conda_envs/qgis332/lib/python3.11/site-packages/scipy/interpolate/_fitpack.cpython-311-x86_64-linux-gnu.so
15545c6c0000-15545c6c1000 rw-p 00014000 00:30 2005404020                 /storage/home/hcoda1/4/hyu483/conda_envs/qgis332/lib/python3.11/site-packages/scipy/interpolate/_fitpack.cpython-311-x86_64-linux-gnu.so
15545c6c1000-15545c8c1000 rw-p 00000000 00:00 0 
15545c8c1000-15545c8c4000 r--p 00000000 00:30 1896406765                 /storage/home/hcoda1/4/hyu483/conda_envs/qgis332/lib/python3.11/site-packages/scipy/integrate/_lsoda.cpython-311-x86_64-linux-gnu.so
15545c8c4000-15545c8d1000 r-xp 00003000 00:30 1896406765                 /storage/home/hcoda1/4/hyu483/conda_envs/qgis332/lib/python3.11/site-packages/scipy/integrate/_lsoda.cpython-311-x86_64-linux-gnu.so
15545c8d1000-15545c8d5000 r--p 00010000 00:30 1896406765                 /storage/home/hcoda1/4/hyu483/conda_envs/qgis332/lib/python3.11/site-packages/scipy/integrate/_lsoda.cpython-311-x86_64-linux-gnu.so
15545c8d5000-15545c8d6000 r--p 00014000 00:30 1896406765                 /storage/home/hcoda1/4/hyu483/conda_envs/qgis332/lib/python3.11/site-packages/scipy/integrate/_lsoda.cpython-311-x86_64-linux-gnu.so
15545c8d6000-15545c8d7000 rw-p 00015000 00:30 1896406765                 /storage/home/hcoda1/4/hyu483/conda_envs/qgis332/lib/python3.11/site-packages/scipy/integrate/_lsoda.cpython-311-x86_64-linux-gnu.so
15545c8d7000-15545c8d8000 rw-p 00000000 00:00 0 
15545c8d8000-15545c8db000 r--p 00000000 00:30 2005529989                 /storage/home/hcoda1/4/hyu483/conda_envs/qgis332/lib/python3.11/site-packages/scipy/integrate/_dop.cpython-311-x86_64-linux-gnu.so
15545c8db000-15545c8e9000 r-xp 00003000 00:30 2005529989                 /storage/home/hcoda1/4/hyu483/conda_envs/qgis332/lib/python3.11/site-packages/scipy/integrate/_dop.cpython-311-x86_64-linux-gnu.so
15545c8e9000-15545c8ed000 r--p 00011000 00:30 2005529989                 /storage/home/hcoda1/4/hyu483/conda_envs/qgis332/lib/python3.11/site-packages/scipy/integrate/_dop.cpython-311-x86_64-linux-gnu.so
15545c8ed000-15545c8ee000 r--p 00014000 00:30 2005529989                 /storage/home/hcoda1/4/hyu483/conda_envs/qgis332/lib/python3.11/site-packages/scipy/integrate/_dop.cpython-311-x86_64-linux-gnu.so
15545c8ee000-15545c8f0000 rw-p 00015000 00:30 2005529989                 /storage/home/hcoda1/4/hyu483/conda_envs/qgis332/lib/python3.11/site-packages/scipy/integrate/_dop.cpython-311-x86_64-linux-gnu.so
15545c8f0000-15545c8f3000 r--p 00000000 00:30 2008972372                 /storage/home/hcoda1/4/hyu483/conda_envs/qgis332/lib/python3.11/site-packages/scipy/integrate/_vode.cpython-311-x86_64-linux-gnu.so
15545c8f3000-15545c90a000 r-xp 00003000 00:30 2008972372                 /storage/home/hcoda1/4/hyu483/conda_envs/qgis332/lib/python3.11/site-packages/scipy/integrate/_vode.cpython-311-x86_64-linux-gnu.so
15545c90a000-15545c910000 r--p 0001a000 00:30 2008972372                 /storage/home/hcoda1/4/hyu483/conda_envs/qgis332/lib/python3.11/site-packages/scipy/integrate/_vode.cpython-311-x86_64-linux-gnu.so
15545c910000-15545c911000 r--p 0001f000 00:30 2008972372                 /storage/home/hcoda1/4/hyu483/conda_envs/qgis332/lib/python3.11/site-packages/scipy/integrate/_vode.cpython-311-x86_64-linux-gnu.so
15545c911000-15545c913000 rw-p 00020000 00:30 2008972372                 /storage/home/hcoda1/4/hyu483/conda_envs/qgis332/lib/python3.11/site-packages/scipy/integrate/_vode.cpython-311-x86_64-linux-gnu.so
15545c913000-15545c915000 r--p 00000000 00:30 2005403393                 /storage/home/hcoda1/4/hyu483/conda_envs/qgis332/lib/python3.11/site-packages/scipy/integrate/_quadpack.cpython-311-x86_64-linux-gnu.so
15545c915000-15545c925000 r-xp 00002000 00:30 2005403393                 /storage/home/hcoda1/4/hyu483/conda_envs/qgis332/lib/python3.11/site-packages/scipy/integrate/_quadpack.cpython-311-x86_64-linux-gnu.so
15545c925000-15545c927000 r--p 00012000 00:30 2005403393                 /storage/home/hcoda1/4/hyu483/conda_envs/qgis332/lib/python3.11/site-packages/scipy/integrate/_quadpack.cpython-311-x86_64-linux-gnu.so
15545c927000-15545c928000 r--p 00014000 00:30 2005403393                 /storage/home/hcoda1/4/hyu483/conda_envs/qgis332/lib/python3.11/site-packages/scipy/integrate/_quadpack.cpython-311-x86_64-linux-gnu.so
15545c928000-15545c929000 rw-p 00015000 00:30 2005403393                 /storage/home/hcoda1/4/hyu483/conda_envs/qgis332/lib/python3.11/site-packages/scipy/integrate/_quadpack.cpython-311-x86_64-linux-gnu.so
15545c929000-15545c92b000 r--p 00000000 00:30 2094141493                 /storage/home/hcoda1/4/hyu483/conda_envs/qgis332/lib/python3.11/site-packages/scipy/integrate/_odepack.cpython-311-x86_64-linux-gnu.so
15545c92b000-15545c936000 r-xp 00002000 00:30 2094141493                 /storage/home/hcoda1/4/hyu483/conda_envs/qgis332/lib/python3.11/site-packages/scipy/integrate/_odepack.cpython-311-x86_64-linux-gnu.so
15545c936000-15545c939000 r--p 0000d000 00:30 2094141493                 /storage/home/hcoda1/4/hyu483/conda_envs/qgis332/lib/python3.11/site-packages/scipy/integrate/_odepack.cpython-311-x86_64-linux-gnu.so
15545c939000-15545c93a000 r--p 0000f000 00:30 2094141493                 /storage/home/hcoda1/4/hyu483/conda_envs/qgis332/lib/python3.11/site-packages/scipy/integrate/_odepack.cpython-311-x86_64-linux-gnu.so
15545c93a000-15545c93b000 rw-p 00010000 00:30 2094141493                 /storage/home/hcoda1/4/hyu483/conda_envs/qgis332/lib/python3.11/site-packages/scipy/integrate/_odepack.cpython-311-x86_64-linux-gnu.so
15545c93b000-15545c93d000 r--p 00000000 00:30 1940420788                 /storage/home/hcoda1/4/hyu483/conda_envs/qgis332/lib/python3.11/site-packages/scipy/optimize/_direct.cpython-311-x86_64-linux-gnu.so
15545c93d000-15545c943000 r-xp 00002000 00:30 1940420788                 /storage/home/hcoda1/4/hyu483/conda_envs/qgis332/lib/python3.11/site-packages/scipy/optimize/_direct.cpython-311-x86_64-linux-gnu.so
15545c943000-15545c945000 r--p 00008000 00:30 1940420788                 /storage/home/hcoda1/4/hyu483/conda_envs/qgis332/lib/python3.11/site-packages/scipy/optimize/_direct.cpython-311-x86_64-linux-gnu.so
15545c945000-15545c946000 r--p 00009000 00:30 1940420788                 /storage/home/hcoda1/4/hyu483/conda_envs/qgis332/lib/python3.11/site-packages/scipy/optimize/_direct.cpython-311-x86_64-linux-gnu.so
15545c946000-15545c947000 rw-p 0000a000 00:30 1940420788                 /storage/home/hcoda1/4/hyu483/conda_envs/qgis332/lib/python3.11/site-packages/scipy/optimize/_direct.cpython-311-x86_64-linux-gnu.so
15545c947000-15545ca47000 rw-p 00000000 00:00 0 
15545ca47000-15545ca4d000 r--p 00000000 00:30 2094164584                 /storage/home/hcoda1/4/hyu483/conda_envs/qgis332/lib/python3.11/site-packages/scipy/optimize/_pava_pybind.cpython-311-x86_64-linux-gnu.so
15545ca4d000-15545ca63000 r-xp 00006000 00:30 2094164584                 /storage/home/hcoda1/4/hyu483/conda_envs/qgis332/lib/python3.11/site-packages/scipy/optimize/_pava_pybind.cpython-311-x86_64-linux-gnu.so
15545ca63000-15545ca69000 r--p 0001c000 00:30 2094164584                 /storage/home/hcoda1/4/hyu483/conda_envs/qgis332/lib/python3.11/site-packages/scipy/optimize/_pava_pybind.cpython-311-x86_64-linux-gnu.so
15545ca69000-15545ca6a000 r--p 00021000 00:30 2094164584                 /storage/home/hcoda1/4/hyu483/conda_envs/qgis332/lib/python3.11/site-packages/scipy/optimize/_pava_pybind.cpython-311-x86_64-linux-gnu.so
15545ca6a000-15545ca6b000 rw-p 00022000 00:30 2094164584                 /storage/home/hcoda1/4/hyu483/conda_envs/qgis332/lib/python3.11/site-packages/scipy/optimize/_pava_pybind.cpython-311-x86_64-linux-gnu.so
15545ca6b000-15545ca6d000 r--p 00000000 00:30 2005406307                 /storage/home/hcoda1/4/hyu483/conda_envs/qgis332/lib/python3.11/site-packages/scipy/optimize/_lsap.cpython-311-x86_64-linux-gnu.so
15545ca6d000-15545ca6f000 r-xp 00002000 00:30 2005406307                 /storage/home/hcoda1/4/hyu483/conda_envs/qgis332/lib/python3.11/site-packages/scipy/optimize/_lsap.cpython-311-x86_64-linux-gnu.so
15545ca6f000-15545ca71000 r--p 00004000 00:30 2005406307                 /storage/home/hcoda1/4/hyu483/conda_envs/qgis332/lib/python3.11/site-packages/scipy/optimize/_lsap.cpython-311-x86_64-linux-gnu.so
15545ca71000-15545ca72000 r--p 00005000 00:30 2005406307                 /storage/home/hcoda1/4/hyu483/conda_envs/qgis332/lib/python3.11/site-packages/scipy/optimize/_lsap.cpython-311-x86_64-linux-gnu.so
15545ca72000-15545ca73000 rw-p 00006000 00:30 2005406307                 /storage/home/hcoda1/4/hyu483/conda_envs/qgis332/lib/python3.11/site-packages/scipy/optimize/_lsap.cpython-311-x86_64-linux-gnu.so
15545ca73000-15545ca79000 r--p 00000000 00:30 2005406049                 /storage/home/hcoda1/4/hyu483/conda_envs/qgis332/lib/python3.11/site-packages/scipy/optimize/_bglu_dense.cpython-311-x86_64-linux-gnu.so
15545ca79000-15545caa9000 r-xp 00006000 00:30 2005406049                 /storage/home/hcoda1/4/hyu483/conda_envs/qgis332/lib/python3.11/site-packages/scipy/optimize/_bglu_dense.cpython-311-x86_64-linux-gnu.so
15545caa9000-15545cab3000 r--p 00036000 00:30 2005406049                 /storage/home/hcoda1/4/hyu483/conda_envs/qgis332/lib/python3.11/site-packages/scipy/optimize/_bglu_dense.cpython-311-x86_64-linux-gnu.so
15545cab3000-15545cab4000 r--p 0003f000 00:30 2005406049                 /storage/home/hcoda1/4/hyu483/conda_envs/qgis332/lib/python3.11/site-packages/scipy/optimize/_bglu_dense.cpython-311-x86_64-linux-gnu.so
15545cab4000-15545cab6000 rw-p 00040000 00:30 2005406049                 /storage/home/hcoda1/4/hyu483/conda_envs/qgis332/lib/python3.11/site-packages/scipy/optimize/_bglu_dense.cpython-311-x86_64-linux-gnu.so
15545cab6000-15545cab7000 rw-p 00000000 00:00 0 
15545cab7000-15545cabd000 r--p 00000000 00:30 2005405722                 /storage/home/hcoda1/4/hyu483/conda_envs/qgis332/lib/python3.11/site-packages/scipy/linalg/_decomp_interpolative.cpython-311-x86_64-linux-gnu.so
15545cabd000-15545cb74000 r-xp 00006000 00:30 2005405722                 /storage/home/hcoda1/4/hyu483/conda_envs/qgis332/lib/python3.11/site-packages/scipy/linalg/_decomp_interpolative.cpython-311-x86_64-linux-gnu.so
15545cb74000-15545cb80000 r--p 000bd000 00:30 2005405722                 /storage/home/hcoda1/4/hyu483/conda_envs/qgis332/lib/python3.11/site-packages/scipy/linalg/_decomp_interpolative.cpython-311-x86_64-linux-gnu.so
15545cb80000-15545cb81000 r--p 000c8000 00:30 2005405722                 /storage/home/hcoda1/4/hyu483/conda_envs/qgis332/lib/python3.11/site-packages/scipy/linalg/_decomp_interpolative.cpython-311-x86_64-linux-gnu.so
15545cb81000-15545cb83000 rw-p 000c9000 00:30 2005405722                 /storage/home/hcoda1/4/hyu483/conda_envs/qgis332/lib/python3.11/site-packages/scipy/linalg/_decomp_interpolative.cpython-311-x86_64-linux-gnu.so
15545cb83000-15545cb85000 rw-p 00000000 00:00 0 
15545cb85000-15545cb8c000 r--p 00000000 00:30 2094266508                 /storage/home/hcoda1/4/hyu483/conda_envs/qgis332/lib/python3.11/site-packages/scipy/optimize/_highspy/_highs_options.cpython-311-x86_64-linux-gnu.so
15545cb8c000-15545cbb7000 r-xp 00007000 00:30 2094266508                 /storage/home/hcoda1/4/hyu483/conda_envs/qgis332/lib/python3.11/site-packages/scipy/optimize/_highspy/_highs_options.cpython-311-x86_64-linux-gnu.so
15545cbb7000-15545cbc3000 r--p 00032000 00:30 2094266508                 /storage/home/hcoda1/4/hyu483/conda_envs/qgis332/lib/python3.11/site-packages/scipy/optimize/_highspy/_highs_options.cpython-311-x86_64-linux-gnu.so
15545cbc3000-15545cbc4000 r--p 0003e000 00:30 2094266508                 /storage/home/hcoda1/4/hyu483/conda_envs/qgis332/lib/python3.11/site-packages/scipy/optimize/_highspy/_highs_options.cpython-311-x86_64-linux-gnu.so
15545cbc4000-15545cbc5000 rw-p 0003f000 00:30 2094266508                 /storage/home/hcoda1/4/hyu483/conda_envs/qgis332/lib/python3.11/site-packages/scipy/optimize/_highspy/_highs_options.cpython-311-x86_64-linux-gnu.so
15545cbc5000-15545cbd7000 r--p 00000000 00:30 2094140994                 /storage/home/hcoda1/4/hyu483/conda_envs/qgis332/lib/python3.11/site-packages/scipy/optimize/_highspy/_core.cpython-311-x86_64-linux-gnu.so
15545cbd7000-15545cf2e000 r-xp 00012000 00:30 2094140994                 /storage/home/hcoda1/4/hyu483/conda_envs/qgis332/lib/python3.11/site-packages/scipy/optimize/_highspy/_core.cpython-311-x86_64-linux-gnu.so
15545cf2e000-15545cfc1000 r--p 00369000 00:30 2094140994                 /storage/home/hcoda1/4/hyu483/conda_envs/qgis332/lib/python3.11/site-packages/scipy/optimize/_highspy/_core.cpython-311-x86_64-linux-gnu.so
15545cfc1000-15545cfc6000 r--p 003fc000 00:30 2094140994                 /storage/home/hcoda1/4/hyu483/conda_envs/qgis332/lib/python3.11/site-packages/scipy/optimize/_highspy/_core.cpython-311-x86_64-linux-gnu.so
15545cfc6000-15545cfc7000 rw-p 00401000 00:30 2094140994                 /storage/home/hcoda1/4/hyu483/conda_envs/qgis332/lib/python3.11/site-packages/scipy/optimize/_highspy/_core.cpython-311-x86_64-linux-gnu.so
15545cfc7000-15545cfd8000 rw-p 00000000 00:00 0 
15545cfd8000-15545cfdc000 r--p 00000000 00:30 2005529788                 /storage/home/hcoda1/4/hyu483/conda_envs/qgis332/lib/python3.11/site-packages/scipy/optimize/_cython_nnls.cpython-311-x86_64-linux-gnu.so
15545cfdc000-15545cfe9000 r-xp 00004000 00:30 2005529788                 /storage/home/hcoda1/4/hyu483/conda_envs/qgis332/lib/python3.11/site-packages/scipy/optimize/_cython_nnls.cpython-311-x86_64-linux-gnu.so
15545cfe9000-15545cfec000 r--p 00011000 00:30 2005529788                 /storage/home/hcoda1/4/hyu483/conda_envs/qgis332/lib/python3.11/site-packages/scipy/optimize/_cython_nnls.cpython-311-x86_64-linux-gnu.so
15545cfec000-15545cfed000 r--p 00014000 00:30 2005529788                 /storage/home/hcoda1/4/hyu483/conda_envs/qgis332/lib/python3.11/site-packages/scipy/optimize/_cython_nnls.cpython-311-x86_64-linux-gnu.so
15545cfed000-15545cfee000 rw-p 00015000 00:30 2005529788                 /storage/home/hcoda1/4/hyu483/conda_envs/qgis332/lib/python3.11/site-packages/scipy/optimize/_cython_nnls.cpython-311-x86_64-linux-gnu.so
15545cfee000-15545cfef000 r--p 00000000 00:30 2005402083                 /storage/home/hcoda1/4/hyu483/conda_envs/qgis332/lib/python3.11/site-packages/scipy/optimize/_zeros.cpython-311-x86_64-linux-gnu.so
15545cfef000-15545cff1000 r-xp 00001000 00:30 2005402083                 /storage/home/hcoda1/4/hyu483/conda_envs/qgis332/lib/python3.11/site-packages/scipy/optimize/_zeros.cpython-311-x86_64-linux-gnu.so
15545cff1000-15545cff2000 r--p 00003000 00:30 2005402083                 /storage/home/hcoda1/4/hyu483/conda_envs/qgis332/lib/python3.11/site-packages/scipy/optimize/_zeros.cpython-311-x86_64-linux-gnu.so
15545cff2000-15545cff3000 r--p 00003000 00:30 2005402083                 /storage/home/hcoda1/4/hyu483/conda_envs/qgis332/lib/python3.11/site-packages/scipy/optimize/_zeros.cpython-311-x86_64-linux-gnu.so
15545cff3000-15545cff4000 rw-p 00004000 00:30 2005402083                 /storage/home/hcoda1/4/hyu483/conda_envs/qgis332/lib/python3.11/site-packages/scipy/optimize/_zeros.cpython-311-x86_64-linux-gnu.so
15545cff4000-15545d0f4000 rw-p 00000000 00:00 0 
15545d0f4000-15545d0f9000 r--p 00000000 00:30 2005406215                 /storage/home/hcoda1/4/hyu483/conda_envs/qgis332/lib/python3.11/site-packages/scipy/optimize/_lsq/givens_elimination.cpython-311-x86_64-linux-gnu.so
15545d0f9000-15545d114000 r-xp 00005000 00:30 2005406215                 /storage/home/hcoda1/4/hyu483/conda_envs/qgis332/lib/python3.11/site-packages/scipy/optimize/_lsq/givens_elimination.cpython-311-x86_64-linux-gnu.so
15545d114000-15545d11b000 r--p 00020000 00:30 2005406215                 /storage/home/hcoda1/4/hyu483/conda_envs/qgis332/lib/python3.11/site-packages/scipy/optimize/_lsq/givens_elimination.cpython-311-x86_64-linux-gnu.so
15545d11b000-15545d11c000 r--p 00026000 00:30 2005406215                 /storage/home/hcoda1/4/hyu483/conda_envs/qgis332/lib/python3.11/site-packages/scipy/optimize/_lsq/givens_elimination.cpython-311-x86_64-linux-gnu.so
15545d11c000-15545d11e000 rw-p 00027000 00:30 2005406215                 /storage/home/hcoda1/4/hyu483/conda_envs/qgis332/lib/python3.11/site-packages/scipy/optimize/_lsq/givens_elimination.cpython-311-x86_64-linux-gnu.so
15545d11e000-15545d120000 r--p 00000000 00:30 2005402323                 /storage/home/hcoda1/4/hyu483/conda_envs/qgis332/lib/python3.11/site-packages/scipy/optimize/_minpack.cpython-311-x86_64-linux-gnu.so
15545d120000-15545d12d000 r-xp 00002000 00:30 2005402323                 /storage/home/hcoda1/4/hyu483/conda_envs/qgis332/lib/python3.11/site-packages/scipy/optimize/_minpack.cpython-311-x86_64-linux-gnu.so
15545d12d000-15545d12f000 r--p 0000f000 00:30 2005402323                 /storage/home/hcoda1/4/hyu483/conda_envs/qgis332/lib/python3.11/site-packages/scipy/optimize/_minpack.cpython-311-x86_64-linux-gnu.so
15545d12f000-15545d130000 r--p 00010000 00:30 2005402323                 /storage/home/hcoda1/4/hyu483/conda_envs/qgis332/lib/python3.11/site-packages/scipy/optimize/_minpack.cpython-311-x86_64-linux-gnu.so
15545d130000-15545d131000 rw-p 00011000 00:30 2005402323                 /storage/home/hcoda1/4/hyu483/conda_envs/qgis332/lib/python3.11/site-packages/scipy/optimize/_minpack.cpython-311-x86_64-linux-gnu.so
15545d131000-15545d133000 r--p 00000000 00:30 2005410387                 /storage/home/hcoda1/4/hyu483/conda_envs/qgis332/lib/python3.11/site-packages/scipy/optimize/_slsqp.cpython-311-x86_64-linux-gnu.so
15545d133000-15545d13e000 r-xp 00002000 00:30 2005410387                 /storage/home/hcoda1/4/hyu483/conda_envs/qgis332/lib/python3.11/site-packages/scipy/optimize/_slsqp.cpython-311-x86_64-linux-gnu.so
15545d13e000-15545d141000 r--p 0000d000 00:30 2005410387                 /storage/home/hcoda1/4/hyu483/conda_envs/qgis332/lib/python3.11/site-packages/scipy/optimize/_slsqp.cpython-311-x86_64-linux-gnu.so
15545d141000-15545d142000 r--p 0000f000 00:30 2005410387                 /storage/home/hcoda1/4/hyu483/conda_envs/qgis332/lib/python3.11/site-packages/scipy/optimize/_slsqp.cpython-311-x86_64-linux-gnu.so
15545d142000-15545d143000 rw-p 00010000 00:30 2005410387                 /storage/home/hcoda1/4/hyu483/conda_envs/qgis332/lib/python3.11/site-packages/scipy/optimize/_slsqp.cpython-311-x86_64-linux-gnu.so
15545d143000-15545d146000 r--p 00000000 00:30 2005401749                 /storage/home/hcoda1/4/hyu483/conda_envs/qgis332/lib/python3.11/site-packages/scipy/optimize/_cobyla.cpython-311-x86_64-linux-gnu.so
15545d146000-15545d153000 r-xp 00003000 00:30 2005401749                 /storage/home/hcoda1/4/hyu483/conda_envs/qgis332/lib/python3.11/site-packages/scipy/optimize/_cobyla.cpython-311-x86_64-linux-gnu.so
15545d153000-15545d156000 r--p 00010000 00:30 2005401749                 /storage/home/hcoda1/4/hyu483/conda_envs/qgis332/lib/python3.11/site-packages/scipy/optimize/_cobyla.cpython-311-x86_64-linux-gnu.so
15545d156000-15545d157000 r--p 00012000 00:30 2005401749                 /storage/home/hcoda1/4/hyu483/conda_envs/qgis332/lib/python3.11/site-packages/scipy/optimize/_cobyla.cpython-311-x86_64-linux-gnu.so
15545d157000-15545d158000 rw-p 00013000 00:30 2005401749                 /storage/home/hcoda1/4/hyu483/conda_envs/qgis332/lib/python3.11/site-packages/scipy/optimize/_cobyla.cpython-311-x86_64-linux-gnu.so
15545d158000-15545d15c000 r--p 00000000 00:30 2007782713                 /storage/home/hcoda1/4/hyu483/conda_envs/qgis332/lib/python3.11/site-packages/scipy/optimize/_moduleTNC.cpython-311-x86_64-linux-gnu.so
15545d15c000-15545d172000 r-xp 00004000 00:30 2007782713                 /storage/home/hcoda1/4/hyu483/conda_envs/qgis332/lib/python3.11/site-packages/scipy/optimize/_moduleTNC.cpython-311-x86_64-linux-gnu.so
15545d172000-15545d176000 r--p 0001a000 00:30 2007782713                 /storage/home/hcoda1/4/hyu483/conda_envs/qgis332/lib/python3.11/site-packages/scipy/optimize/_moduleTNC.cpython-311-x86_64-linux-gnu.so
15545d176000-15545d177000 r--p 0001d000 00:30 2007782713                 /storage/home/hcoda1/4/hyu483/conda_envs/qgis332/lib/python3.11/site-packages/scipy/optimize/_moduleTNC.cpython-311-x86_64-linux-gnu.so
15545d177000-15545d178000 rw-p 0001e000 00:30 2007782713                 /storage/home/hcoda1/4/hyu483/conda_envs/qgis332/lib/python3.11/site-packages/scipy/optimize/_moduleTNC.cpython-311-x86_64-linux-gnu.so
15545d178000-15545d179000 r--p 00000000 00:30 2094241656                 /storage/home/hcoda1/4/hyu483/conda_envs/qgis332/lib/python3.11/site-packages/scipy/optimize/_lbfgsb.cpython-311-x86_64-linux-gnu.so
15545d179000-15545d180000 r-xp 00001000 00:30 2094241656                 /storage/home/hcoda1/4/hyu483/conda_envs/qgis332/lib/python3.11/site-packages/scipy/optimize/_lbfgsb.cpython-311-x86_64-linux-gnu.so
15545d180000-15545d181000 r--p 00008000 00:30 2094241656                 /storage/home/hcoda1/4/hyu483/conda_envs/qgis332/lib/python3.11/site-packages/scipy/optimize/_lbfgsb.cpython-311-x86_64-linux-gnu.so
15545d181000-15545d182000 r--p 00008000 00:30 2094241656                 /storage/home/hcoda1/4/hyu483/conda_envs/qgis332/lib/python3.11/site-packages/scipy/optimize/_lbfgsb.cpython-311-x86_64-linux-gnu.so
15545d182000-15545d183000 rw-p 00009000 00:30 2094241656                 /storage/home/hcoda1/4/hyu483/conda_envs/qgis332/lib/python3.11/site-packages/scipy/optimize/_lbfgsb.cpython-311-x86_64-linux-gnu.so
15545d183000-15545d189000 r--p 00000000 00:30 2005408677                 /storage/home/hcoda1/4/hyu483/conda_envs/qgis332/lib/python3.11/site-packages/scipy/optimize/_trlib/_trlib.cpython-311-x86_64-linux-gnu.so
15545d189000-15545d1c0000 r-xp 00006000 00:30 2005408677                 /storage/home/hcoda1/4/hyu483/conda_envs/qgis332/lib/python3.11/site-packages/scipy/optimize/_trlib/_trlib.cpython-311-x86_64-linux-gnu.so
15545d1c0000-15545d1ca000 r--p 0003d000 00:30 2005408677                 /storage/home/hcoda1/4/hyu483/conda_envs/qgis332/lib/python3.11/site-packages/scipy/optimize/_trlib/_trlib.cpython-311-x86_64-linux-gnu.so
15545d1ca000-15545d1cb000 r--p 00046000 00:30 2005408677                 /storage/home/hcoda1/4/hyu483/conda_envs/qgis332/lib/python3.11/site-packages/scipy/optimize/_trlib/_trlib.cpython-311-x86_64-linux-gnu.so
15545d1cb000-15545d1cd000 rw-p 00047000 00:30 2005408677                 /storage/home/hcoda1/4/hyu483/conda_envs/qgis332/lib/python3.11/site-packages/scipy/optimize/_trlib/_trlib.cpython-311-x86_64-linux-gnu.so
15545d1cd000-15545d1d0000 r--p 00000000 00:30 2005409658                 /storage/home/hcoda1/4/hyu483/conda_envs/qgis332/lib/python3.11/site-packages/scipy/optimize/_group_columns.cpython-311-x86_64-linux-gnu.so
15545d1d0000-15545d1d8000 r-xp 00003000 00:30 2005409658                 /storage/home/hcoda1/4/hyu483/conda_envs/qgis332/lib/python3.11/site-packages/scipy/optimize/_group_columns.cpython-311-x86_64-linux-gnu.so
15545d1d8000-15545d1da000 r--p 0000b000 00:30 2005409658                 /storage/home/hcoda1/4/hyu483/conda_envs/qgis332/lib/python3.11/site-packages/scipy/optimize/_group_columns.cpython-311-x86_64-linux-gnu.so
15545d1da000-15545d1db000 r--p 0000c000 00:30 2005409658                 /storage/home/hcoda1/4/hyu483/conda_envs/qgis332/lib/python3.11/site-packages/scipy/optimize/_group_columns.cpython-311-x86_64-linux-gnu.so
15545d1db000-15545d1dc000 rw-p 0000d000 00:30 2005409658                 /storage/home/hcoda1/4/hyu483/conda_envs/qgis332/lib/python3.11/site-packages/scipy/optimize/_group_columns.cpython-311-x86_64-linux-gnu.so
15545d1dc000-15545d2dc000 rw-p 00000000 00:00 0 
15545d2dc000-15545d2e4000 r--p 00000000 00:30 2005408437                 /storage/home/hcoda1/4/hyu483/conda_envs/qgis332/lib/python3.11/site-packages/scipy/spatial/transform/_rotation.cpython-311-x86_64-linux-gnu.so
15545d2e4000-15545d377000 r-xp 00008000 00:30 2005408437                 /storage/home/hcoda1/4/hyu483/conda_envs/qgis332/lib/python3.11/site-packages/scipy/spatial/transform/_rotation.cpython-311-x86_64-linux-gnu.so
15545d377000-15545d3a8000 r--p 0009b000 00:30 2005408437                 /storage/home/hcoda1/4/hyu483/conda_envs/qgis332/lib/python3.11/site-packages/scipy/spatial/transform/_rotation.cpython-311-x86_64-linux-gnu.so
15545d3a8000-15545d3a9000 r--p 000cc000 00:30 2005408437                 /storage/home/hcoda1/4/hyu483/conda_envs/qgis332/lib/python3.11/site-packages/scipy/spatial/transform/_rotation.cpython-311-x86_64-linux-gnu.so
15545d3a9000-15545d3ac000 rw-p 000cd000 00:30 2005408437                 /storage/home/hcoda1/4/hyu483/conda_envs/qgis332/lib/python3.11/site-packages/scipy/spatial/transform/_rotation.cpython-311-x86_64-linux-gnu.so
15545d3ac000-15545d3af000 rw-p 00000000 00:00 0 
15545d3af000-15545d3b5000 r--p 00000000 00:30 1885653637                 /storage/home/hcoda1/4/hyu483/conda_envs/qgis332/lib/python3.11/site-packages/scipy/spatial/_distance_pybind.cpython-311-x86_64-linux-gnu.so
15545d3b5000-15545d416000 r-xp 00006000 00:30 1885653637                 /storage/home/hcoda1/4/hyu483/conda_envs/qgis332/lib/python3.11/site-packages/scipy/spatial/_distance_pybind.cpython-311-x86_64-linux-gnu.so
15545d416000-15545d425000 r--p 00067000 00:30 1885653637                 /storage/home/hcoda1/4/hyu483/conda_envs/qgis332/lib/python3.11/site-packages/scipy/spatial/_distance_pybind.cpython-311-x86_64-linux-gnu.so
15545d425000-15545d426000 r--p 00076000 00:30 1885653637                 /storage/home/hcoda1/4/hyu483/conda_envs/qgis332/lib/python3.11/site-packages/scipy/spatial/_distance_pybind.cpython-311-x86_64-linux-gnu.so
15545d426000-15545d427000 rw-p 00077000 00:30 1885653637                 /storage/home/hcoda1/4/hyu483/conda_envs/qgis332/lib/python3.11/site-packages/scipy/spatial/_distance_pybind.cpython-311-x86_64-linux-gnu.so
15545d427000-15545d42c000 r--p 00000000 00:30 2094164611                 /storage/home/hcoda1/4/hyu483/conda_envs/qgis332/lib/python3.11/site-packages/scipy/spatial/_hausdorff.cpython-311-x86_64-linux-gnu.so
15545d42c000-15545d44b000 r-xp 00005000 00:30 2094164611                 /storage/home/hcoda1/4/hyu483/conda_envs/qgis332/lib/python3.11/site-packages/scipy/spatial/_hausdorff.cpython-311-x86_64-linux-gnu.so
15545d44b000-15545d452000 r--p 00024000 00:30 2094164611                 /storage/home/hcoda1/4/hyu483/conda_envs/qgis332/lib/python3.11/site-packages/scipy/spatial/_hausdorff.cpython-311-x86_64-linux-gnu.so
15545d452000-15545d453000 r--p 0002a000 00:30 2094164611                 /storage/home/hcoda1/4/hyu483/conda_envs/qgis332/lib/python3.11/site-packages/scipy/spatial/_hausdorff.cpython-311-x86_64-linux-gnu.so
15545d453000-15545d455000 rw-p 0002b000 00:30 2094164611                 /storage/home/hcoda1/4/hyu483/conda_envs/qgis332/lib/python3.11/site-packages/scipy/spatial/_hausdorff.cpython-311-x86_64-linux-gnu.so
15545d455000-15545d457000 r--p 00000000 00:30 1896405655                 /storage/home/hcoda1/4/hyu483/conda_envs/qgis332/lib/python3.11/site-packages/scipy/spatial/_distance_wrap.cpython-311-x86_64-linux-gnu.so
15545d457000-15545d46a000 r-xp 00002000 00:30 1896405655                 /storage/home/hcoda1/4/hyu483/conda_envs/qgis332/lib/python3.11/site-packages/scipy/spatial/_distance_wrap.cpython-311-x86_64-linux-gnu.so
15545d46a000-15545d46d000 r--p 00015000 00:30 1896405655                 /storage/home/hcoda1/4/hyu483/conda_envs/qgis332/lib/python3.11/site-packages/scipy/spatial/_distance_wrap.cpython-311-x86_64-linux-gnu.so
15545d46d000-15545d46e000 r--p 00017000 00:30 1896405655                 /storage/home/hcoda1/4/hyu483/conda_envs/qgis332/lib/python3.11/site-packages/scipy/spatial/_distance_wrap.cpython-311-x86_64-linux-gnu.so
15545d46e000-15545d46f000 rw-p 00018000 00:30 1896405655                 /storage/home/hcoda1/4/hyu483/conda_envs/qgis332/lib/python3.11/site-packages/scipy/spatial/_distance_wrap.cpython-311-x86_64-linux-gnu.so
15545d46f000-15545d474000 r--p 00000000 00:30 2005403414                 /storage/home/hcoda1/4/hyu483/conda_envs/qgis332/lib/python3.11/site-packages/scipy/spatial/_voronoi.cpython-311-x86_64-linux-gnu.so
15545d474000-15545d491000 r-xp 00005000 00:30 2005403414                 /storage/home/hcoda1/4/hyu483/conda_envs/qgis332/lib/python3.11/site-packages/scipy/spatial/_voronoi.cpython-311-x86_64-linux-gnu.so
15545d491000-15545d498000 r--p 00022000 00:30 2005403414                 /storage/home/hcoda1/4/hyu483/conda_envs/qgis332/lib/python3.11/site-packages/scipy/spatial/_voronoi.cpython-311-x86_64-linux-gnu.so
15545d498000-15545d499000 r--p 00028000 00:30 2005403414                 /storage/home/hcoda1/4/hyu483/conda_envs/qgis332/lib/python3.11/site-packages/scipy/spatial/_voronoi.cpython-311-x86_64-linux-gnu.so
15545d499000-15545d49b000 rw-p 00029000 00:30 2005403414                 /storage/home/hcoda1/4/hyu483/conda_envs/qgis332/lib/python3.11/site-packages/scipy/spatial/_voronoi.cpython-311-x86_64-linux-gnu.so
15545d49b000-15545d49f000 r--p 00000000 00:30 2005402571                 /storage/home/hcoda1/4/hyu483/conda_envs/qgis332/lib/python3.11/site-packages/scipy/_lib/messagestream.cpython-311-x86_64-linux-gnu.so
15545d49f000-15545d4a8000 r-xp 00004000 00:30 2005402571                 /storage/home/hcoda1/4/hyu483/conda_envs/qgis332/lib/python3.11/site-packages/scipy/_lib/messagestream.cpython-311-x86_64-linux-gnu.so
15545d4a8000-15545d4ab000 r--p 0000d000 00:30 2005402571                 /storage/home/hcoda1/4/hyu483/conda_envs/qgis332/lib/python3.11/site-packages/scipy/_lib/messagestream.cpython-311-x86_64-linux-gnu.so
15545d4ab000-15545d4ac000 r--p 0000f000 00:30 2005402571                 /storage/home/hcoda1/4/hyu483/conda_envs/qgis332/lib/python3.11/site-packages/scipy/_lib/messagestream.cpython-311-x86_64-linux-gnu.so
15545d4ac000-15545d4ad000 rw-p 00010000 00:30 2005402571                 /storage/home/hcoda1/4/hyu483/conda_envs/qgis332/lib/python3.11/site-packages/scipy/_lib/messagestream.cpython-311-x86_64-linux-gnu.so
15545d4ad000-15545d4b5000 r--p 00000000 00:30 2005408824                 /storage/home/hcoda1/4/hyu483/conda_envs/qgis332/lib/python3.11/site-packages/scipy/spatial/_qhull.cpython-311-x86_64-linux-gnu.so
15545d4b5000-15545d55a000 r-xp 00008000 00:30 2005408824                 /storage/home/hcoda1/4/hyu483/conda_envs/qgis332/lib/python3.11/site-packages/scipy/spatial/_qhull.cpython-311-x86_64-linux-gnu.so
15545d55a000-15545d58f000 r--p 000ad000 00:30 2005408824                 /storage/home/hcoda1/4/hyu483/conda_envs/qgis332/lib/python3.11/site-packages/scipy/spatial/_qhull.cpython-311-x86_64-linux-gnu.so
15545d58f000-15545d590000 r--p 000e2000 00:30 2005408824                 /storage/home/hcoda1/4/hyu483/conda_envs/qgis332/lib/python3.11/site-packages/scipy/spatial/_qhull.cpython-311-x86_64-linux-gnu.so
15545d590000-15545d593000 rw-p 000e3000 00:30 2005408824                 /storage/home/hcoda1/4/hyu483/conda_envs/qgis332/lib/python3.11/site-packages/scipy/spatial/_qhull.cpython-311-x86_64-linux-gnu.so
15545d593000-15545d594000 rw-p 00000000 00:00 0 
15545d594000-15545d59c000 r--p 00000000 00:30 1896363570                 /storage/home/hcoda1/4/hyu483/conda_envs/qgis332/lib/python3.11/site-packages/scipy/spatial/_ckdtree.cpython-311-x86_64-linux-gnu.so
15545d59c000-15545d61c000 r-xp 00008000 00:30 1896363570                 /storage/home/hcoda1/4/hyu483/conda_envs/qgis332/lib/python3.11/site-packages/scipy/spatial/_ckdtree.cpython-311-x86_64-linux-gnu.so
15545d61c000-15545d637000 r--p 00088000 00:30 1896363570                 /storage/home/hcoda1/4/hyu483/conda_envs/qgis332/lib/python3.11/site-packages/scipy/spatial/_ckdtree.cpython-311-x86_64-linux-gnu.so
15545d637000-15545d638000 r--p 000a3000 00:30 1896363570                 /storage/home/hcoda1/4/hyu483/conda_envs/qgis332/lib/python3.11/site-packages/scipy/spatial/_ckdtree.cpython-311-x86_64-linux-gnu.so
15545d638000-15545d63b000 rw-p 000a4000 00:30 1896363570                 /storage/home/hcoda1/4/hyu483/conda_envs/qgis332/lib/python3.11/site-packages/scipy/spatial/_ckdtree.cpython-311-x86_64-linux-gnu.so
15545d63b000-15545d83d000 rw-p 00000000 00:00 0 
15545d83d000-15545d840000 r--p 00000000 00:30 2017381664                 /storage/home/hcoda1/4/hyu483/conda_envs/qgis332/lib/python3.11/site-packages/sklearn/__check_build/_check_build.cpython-311-x86_64-linux-gnu.so
15545d840000-15545d843000 r-xp 00003000 00:30 2017381664                 /storage/home/hcoda1/4/hyu483/conda_envs/qgis332/lib/python3.11/site-packages/sklearn/__check_build/_check_build.cpython-311-x86_64-linux-gnu.so
15545d843000-15545d845000 r--p 00006000 00:30 2017381664                 /storage/home/hcoda1/4/hyu483/conda_envs/qgis332/lib/python3.11/site-packages/sklearn/__check_build/_check_build.cpython-311-x86_64-linux-gnu.so
15545d845000-15545d846000 r--p 00007000 00:30 2017381664                 /storage/home/hcoda1/4/hyu483/conda_envs/qgis332/lib/python3.11/site-packages/sklearn/__check_build/_check_build.cpython-311-x86_64-linux-gnu.so
15545d846000-15545d847000 rw-p 00008000 00:30 2017381664                 /storage/home/hcoda1/4/hyu483/conda_envs/qgis332/lib/python3.11/site-packages/sklearn/__check_build/_check_build.cpython-311-x86_64-linux-gnu.so
15545d847000-15545db47000 rw-p 00000000 00:00 0 
15545db47000-15545db4e000 r--p 00000000 00:30 2127319739                 /storage/home/hcoda1/4/hyu483/conda_envs/qgis332/lib/python3.11/site-packages/matplotlib/_image.cpython-311-x86_64-linux-gnu.so
15545db4e000-15545db8a000 r-xp 00007000 00:30 2127319739                 /storage/home/hcoda1/4/hyu483/conda_envs/qgis332/lib/python3.11/site-packages/matplotlib/_image.cpython-311-x86_64-linux-gnu.so
15545db8a000-15545db95000 r--p 00043000 00:30 2127319739                 /storage/home/hcoda1/4/hyu483/conda_envs/qgis332/lib/python3.11/site-packages/matplotlib/_image.cpython-311-x86_64-linux-gnu.so
15545db95000-15545db96000 r--p 0004d000 00:30 2127319739                 /storage/home/hcoda1/4/hyu483/conda_envs/qgis332/lib/python3.11/site-packages/matplotlib/_image.cpython-311-x86_64-linux-gnu.so
15545db96000-15545db97000 rw-p 0004e000 00:30 2127319739                 /storage/home/hcoda1/4/hyu483/conda_envs/qgis332/lib/python3.11/site-packages/matplotlib/_image.cpython-311-x86_64-linux-gnu.so
15545db97000-15545e097000 rw-p 00000000 00:00 0 
15545e097000-15545e09e000 r--p 00000000 00:30 2127319516                 /storage/home/hcoda1/4/hyu483/conda_envs/qgis332/lib/python3.11/site-packages/kiwisolver/_cext.cpython-311-x86_64-linux-gnu.so
15545e09e000-15545e0b7000 r-xp 00007000 00:30 2127319516                 /storage/home/hcoda1/4/hyu483/conda_envs/qgis332/lib/python3.11/site-packages/kiwisolver/_cext.cpython-311-x86_64-linux-gnu.so
15545e0b7000-15545e0bc000 r--p 00020000 00:30 2127319516                 /storage/home/hcoda1/4/hyu483/conda_envs/qgis332/lib/python3.11/site-packages/kiwisolver/_cext.cpython-311-x86_64-linux-gnu.so
15545e0bc000-15545e0bd000 r--p 00025000 00:30 2127319516                 /storage/home/hcoda1/4/hyu483/conda_envs/qgis332/lib/python3.11/site-packages/kiwisolver/_cext.cpython-311-x86_64-linux-gnu.so
15545e0bd000-15545e0be000 rw-p 00026000 00:30 2127319516                 /storage/home/hcoda1/4/hyu483/conda_envs/qgis332/lib/python3.11/site-packages/kiwisolver/_cext.cpython-311-x86_64-linux-gnu.so
15545e0be000-15545e0c3000 r--p 00000000 00:30 2127319899                 /storage/home/hcoda1/4/hyu483/conda_envs/qgis332/lib/python3.11/site-packages/matplotlib/ft2font.cpython-311-x86_64-linux-gnu.so
15545e0c3000-15545e0ce000 r-xp 00005000 00:30 2127319899                 /storage/home/hcoda1/4/hyu483/conda_envs/qgis332/lib/python3.11/site-packages/matplotlib/ft2font.cpython-311-x86_64-linux-gnu.so
15545e0ce000-15545e0d5000 r--p 00010000 00:30 2127319899                 /storage/home/hcoda1/4/hyu483/conda_envs/qgis332/lib/python3.11/site-packages/matplotlib/ft2font.cpython-311-x86_64-linux-gnu.so
15545e0d5000-15545e0d6000 r--p 00017000 00:30 2127319899                 /storage/home/hcoda1/4/hyu483/conda_envs/qgis332/lib/python3.11/site-packages/matplotlib/ft2font.cpython-311-x86_64-linux-gnu.so
15545e0d6000-15545e0d7000 rw-p 00018000 00:30 2127319899                 /storage/home/hcoda1/4/hyu483/conda_envs/qgis332/lib/python3.11/site-packages/matplotlib/ft2font.cpython-311-x86_64-linux-gnu.so
15545e0d7000-15545e2d8000 rw-p 00000000 00:00 0 
15545e2d8000-15545e2df000 r--p 00000000 00:30 2127319745                 /storage/home/hcoda1/4/hyu483/conda_envs/qgis332/lib/python3.11/site-packages/matplotlib/_path.cpython-311-x86_64-linux-gnu.so
15545e2df000-15545e313000 r-xp 00007000 00:30 2127319745                 /storage/home/hcoda1/4/hyu483/conda_envs/qgis332/lib/python3.11/site-packages/matplotlib/_path.cpython-311-x86_64-linux-gnu.so
15545e313000-15545e31e000 r--p 0003b000 00:30 2127319745                 /storage/home/hcoda1/4/hyu483/conda_envs/qgis332/lib/python3.11/site-packages/matplotlib/_path.cpython-311-x86_64-linux-gnu.so
15545e31e000-15545e31f000 r--p 00046000 00:30 2127319745                 /storage/home/hcoda1/4/hyu483/conda_envs/qgis332/lib/python3.11/site-packages/matplotlib/_path.cpython-311-x86_64-linux-gnu.so
15545e31f000-15545e320000 rw-p 00047000 00:30 2127319745                 /storage/home/hcoda1/4/hyu483/conda_envs/qgis332/lib/python3.11/site-packages/matplotlib/_path.cpython-311-x86_64-linux-gnu.so
15545e320000-15545e420000 rw-p 00000000 00:00 0 
15545e420000-15545e429000 r--p 00000000 00:30 1932634404                 /storage/home/hcoda1/4/hyu483/conda_envs/qgis332/lib/libopenjp2.so.2.5.3
15545e429000-15545e475000 r-xp 00009000 00:30 1932634404                 /storage/home/hcoda1/4/hyu483/conda_envs/qgis332/lib/libopenjp2.so.2.5.3
15545e475000-15545e488000 r--p 00055000 00:30 1932634404                 /storage/home/hcoda1/4/hyu483/conda_envs/qgis332/lib/libopenjp2.so.2.5.3
15545e488000-15545e48a000 r--p 00067000 00:30 1932634404                 /storage/home/hcoda1/4/hyu483/conda_envs/qgis332/lib/libopenjp2.so.2.5.3
15545e48a000-15545e48b000 rw-p 00069000 00:30 1932634404                 /storage/home/hcoda1/4/hyu483/conda_envs/qgis332/lib/libopenjp2.so.2.5.3
15545e48b000-15545e4a1000 r--p 00000000 00:30 2007940290                 /storage/home/hcoda1/4/hyu483/conda_envs/qgis332/lib/python3.11/site-packages/PIL/_imaging.cpython-311-x86_64-linux-gnu.so
15545e4a1000-15545e50f000 r-xp 00016000 00:30 2007940290                 /storage/home/hcoda1/4/hyu483/conda_envs/qgis332/lib/python3.11/site-packages/PIL/_imaging.cpython-311-x86_64-linux-gnu.so
15545e50f000-15545e520000 r--p 00084000 00:30 2007940290                 /storage/home/hcoda1/4/hyu483/conda_envs/qgis332/lib/python3.11/site-packages/PIL/_imaging.cpython-311-x86_64-linux-gnu.so
15545e520000-15545e525000 r--p 00094000 00:30 2007940290                 /storage/home/hcoda1/4/hyu483/conda_envs/qgis332/lib/python3.11/site-packages/PIL/_imaging.cpython-311-x86_64-linux-gnu.so
15545e525000-15545e528000 rw-p 00099000 00:30 2007940290                 /storage/home/hcoda1/4/hyu483/conda_envs/qgis332/lib/python3.11/site-packages/PIL/_imaging.cpython-311-x86_64-linux-gnu.so
15545e528000-15545e629000 rw-p 00000000 00:00 0 
15545e629000-15545e62f000 r--p 00000000 00:30 2127319727                 /storage/home/hcoda1/4/hyu483/conda_envs/qgis332/lib/python3.11/site-packages/matplotlib/_c_internal_utils.cpython-311-x86_64-linux-gnu.so
15545e62f000-15545e642000 r-xp 00006000 00:30 2127319727                 /storage/home/hcoda1/4/hyu483/conda_envs/qgis332/lib/python3.11/site-packages/matplotlib/_c_internal_utils.cpython-311-x86_64-linux-gnu.so
15545e642000-15545e647000 r--p 00019000 00:30 2127319727                 /storage/home/hcoda1/4/hyu483/conda_envs/qgis332/lib/python3.11/site-packages/matplotlib/_c_internal_utils.cpython-311-x86_64-linux-gnu.so
15545e647000-15545e648000 r--p 0001e000 00:30 2127319727                 /storage/home/hcoda1/4/hyu483/conda_envs/qgis332/lib/python3.11/site-packages/matplotlib/_c_internal_utils.cpython-311-x86_64-linux-gnu.so
15545e648000-15545e649000 rw-p 0001f000 00:30 2127319727                 /storage/home/hcoda1/4/hyu483/conda_envs/qgis332/lib/python3.11/site-packages/matplotlib/_c_internal_utils.cpython-311-x86_64-linux-gnu.so
15545e649000-15545e749000 rw-p 00000000 00:00 0 
15545e749000-15545e74e000 r--p 00000000 00:30 2005532612                 /storage/home/hcoda1/4/hyu483/conda_envs/qgis332/lib/python3.11/site-packages/scipy/fftpack/convolve.cpython-311-x86_64-linux-gnu.so
15545e74e000-15545e771000 r-xp 00005000 00:30 2005532612                 /storage/home/hcoda1/4/hyu483/conda_envs/qgis332/lib/python3.11/site-packages/scipy/fftpack/convolve.cpython-311-x86_64-linux-gnu.so
15545e771000-15545e779000 r--p 00028000 00:30 2005532612                 /storage/home/hcoda1/4/hyu483/conda_envs/qgis332/lib/python3.11/site-packages/scipy/fftpack/convolve.cpython-311-x86_64-linux-gnu.so
15545e779000-15545e77a000 r--p 0002f000 00:30 2005532612                 /storage/home/hcoda1/4/hyu483/conda_envs/qgis332/lib/python3.11/site-packages/scipy/fftpack/convolve.cpython-311-x86_64-linux-gnu.so
15545e77a000-15545e77c000 rw-p 00030000 00:30 2005532612                 /storage/home/hcoda1/4/hyu483/conda_envs/qgis332/lib/python3.11/site-packages/scipy/fftpack/convolve.cpython-311-x86_64-linux-gnu.so
15545e77c000-15545e87c000 rw-p 00000000 00:00 0 
15545e87c000-15545e884000 r--p 00000000 00:30 2005406942                 /storage/home/hcoda1/4/hyu483/conda_envs/qgis332/lib/python3.11/site-packages/scipy/fft/_pocketfft/pypocketfft.cpython-311-x86_64-linux-gnu.so
15545e884000-15545e940000 r-xp 00008000 00:30 2005406942                 /storage/home/hcoda1/4/hyu483/conda_envs/qgis332/lib/python3.11/site-packages/scipy/fft/_pocketfft/pypocketfft.cpython-311-x86_64-linux-gnu.so
15545e940000-15545e957000 r--p 000c4000 00:30 2005406942                 /storage/home/hcoda1/4/hyu483/conda_envs/qgis332/lib/python3.11/site-packages/scipy/fft/_pocketfft/pypocketfft.cpython-311-x86_64-linux-gnu.so
15545e957000-15545e959000 r--p 000da000 00:30 2005406942                 /storage/home/hcoda1/4/hyu483/conda_envs/qgis332/lib/python3.11/site-packages/scipy/fft/_pocketfft/pypocketfft.cpython-311-x86_64-linux-gnu.so
15545e959000-15545e95a000 rw-p 000dc000 00:30 2005406942                 /storage/home/hcoda1/4/hyu483/conda_envs/qgis332/lib/python3.11/site-packages/scipy/fft/_pocketfft/pypocketfft.cpython-311-x86_64-linux-gnu.so
15545e95a000-15545e95c000 rw-p 00000000 00:00 0 
15545e95c000-15545e95f000 r--p 00000000 00:30 2007910601                 /storage/home/hcoda1/4/hyu483/conda_envs/qgis332/lib/python3.11/site-packages/scipy/_lib/_uarray/_uarray.cpython-311-x86_64-linux-gnu.so
15545e95f000-15545e96b000 r-xp 00003000 00:30 2007910601                 /storage/home/hcoda1/4/hyu483/conda_envs/qgis332/lib/python3.11/site-packages/scipy/_lib/_uarray/_uarray.cpython-311-x86_64-linux-gnu.so
15545e96b000-15545e96e000 r--p 0000f000 00:30 2007910601                 /storage/home/hcoda1/4/hyu483/conda_envs/qgis332/lib/python3.11/site-packages/scipy/_lib/_uarray/_uarray.cpython-311-x86_64-linux-gnu.so
15545e96e000-15545e96f000 r--p 00011000 00:30 2007910601                 /storage/home/hcoda1/4/hyu483/conda_envs/qgis332/lib/python3.11/site-packages/scipy/_lib/_uarray/_uarray.cpython-311-x86_64-linux-gnu.so
15545e96f000-15545e970000 rw-p 00012000 00:30 2007910601                 /storage/home/hcoda1/4/hyu483/conda_envs/qgis332/lib/python3.11/site-packages/scipy/_lib/_uarray/_uarray.cpython-311-x86_64-linux-gnu.so
15545e970000-15545ea70000 rw-p 00000000 00:00 0 
15545ea70000-15545ea73000 r--p 00000000 00:30 2007946938                 /storage/home/hcoda1/4/hyu483/conda_envs/qgis332/lib/python3.11/site-packages/pyproj/_sync.cpython-311-x86_64-linux-gnu.so
15545ea73000-15545ea76000 r-xp 00003000 00:30 2007946938                 /storage/home/hcoda1/4/hyu483/conda_envs/qgis332/lib/python3.11/site-packages/pyproj/_sync.cpython-311-x86_64-linux-gnu.so
15545ea76000-15545ea78000 r--p 00006000 00:30 2007946938                 /storage/home/hcoda1/4/hyu483/conda_envs/qgis332/lib/python3.11/site-packages/pyproj/_sync.cpython-311-x86_64-linux-gnu.so
15545ea78000-15545ea79000 r--p 00007000 00:30 2007946938                 /storage/home/hcoda1/4/hyu483/conda_envs/qgis332/lib/python3.11/site-packages/pyproj/_sync.cpython-311-x86_64-linux-gnu.so
15545ea79000-15545ea7a000 rw-p 00008000 00:30 2007946938                 /storage/home/hcoda1/4/hyu483/conda_envs/qgis332/lib/python3.11/site-packages/pyproj/_sync.cpython-311-x86_64-linux-gnu.so
15545ea7a000-15545ea80000 r--p 00000000 00:30 2007946941                 /storage/home/hcoda1/4/hyu483/conda_envs/qgis332/lib/python3.11/site-packages/pyproj/_transformer.cpython-311-x86_64-linux-gnu.so
15545ea80000-15545eaa4000 r-xp 00006000 00:30 2007946941                 /storage/home/hcoda1/4/hyu483/conda_envs/qgis332/lib/python3.11/site-packages/pyproj/_transformer.cpython-311-x86_64-linux-gnu.so
15545eaa4000-15545eaab000 r--p 0002a000 00:30 2007946941                 /storage/home/hcoda1/4/hyu483/conda_envs/qgis332/lib/python3.11/site-packages/pyproj/_transformer.cpython-311-x86_64-linux-gnu.so
15545eaab000-15545eaac000 r--p 00031000 00:30 2007946941                 /storage/home/hcoda1/4/hyu483/conda_envs/qgis332/lib/python3.11/site-packages/pyproj/_transformer.cpython-311-x86_64-linux-gnu.so
15545eaac000-15545eaae000 rw-p 00032000 00:30 2007946941                 /storage/home/hcoda1/4/hyu483/conda_envs/qgis332/lib/python3.11/site-packages/pyproj/_transformer.cpython-311-x86_64-linux-gnu.so
15545eaae000-15545eaaf000 rw-p 00000000 00:00 0 
15545eaaf000-15545eab3000 r--p 00000000 00:30 2007946964                 /storage/home/hcoda1/4/hyu483/conda_envs/qgis332/lib/python3.11/site-packages/pyproj/database.cpython-311-x86_64-linux-gnu.so
15545eab3000-15545eac3000 r-xp 00004000 00:30 2007946964                 /storage/home/hcoda1/4/hyu483/conda_envs/qgis332/lib/python3.11/site-packages/pyproj/database.cpython-311-x86_64-linux-gnu.so
15545eac3000-15545eac7000 r--p 00014000 00:30 2007946964                 /storage/home/hcoda1/4/hyu483/conda_envs/qgis332/lib/python3.11/site-packages/pyproj/database.cpython-311-x86_64-linux-gnu.so
15545eac7000-15545eac8000 r--p 00018000 00:30 2007946964                 /storage/home/hcoda1/4/hyu483/conda_envs/qgis332/lib/python3.11/site-packages/pyproj/database.cpython-311-x86_64-linux-gnu.so
15545eac8000-15545eac9000 rw-p 00019000 00:30 2007946964                 /storage/home/hcoda1/4/hyu483/conda_envs/qgis332/lib/python3.11/site-packages/pyproj/database.cpython-311-x86_64-linux-gnu.so
15545eac9000-15545eacc000 r--p 00000000 00:30 2007946972                 /storage/home/hcoda1/4/hyu483/conda_envs/qgis332/lib/python3.11/site-packages/pyproj/list.cpython-311-x86_64-linux-gnu.so
15545eacc000-15545ead2000 r-xp 00003000 00:30 2007946972                 /storage/home/hcoda1/4/hyu483/conda_envs/qgis332/lib/python3.11/site-packages/pyproj/list.cpython-311-x86_64-linux-gnu.so
15545ead2000-15545ead4000 r--p 00009000 00:30 2007946972                 /storage/home/hcoda1/4/hyu483/conda_envs/qgis332/lib/python3.11/site-packages/pyproj/list.cpython-311-x86_64-linux-gnu.so
15545ead4000-15545ead5000 r--p 0000a000 00:30 2007946972                 /storage/home/hcoda1/4/hyu483/conda_envs/qgis332/lib/python3.11/site-packages/pyproj/list.cpython-311-x86_64-linux-gnu.so
15545ead5000-15545ead6000 rw-p 0000b000 00:30 2007946972                 /storage/home/hcoda1/4/hyu483/conda_envs/qgis332/lib/python3.11/site-packages/pyproj/list.cpython-311-x86_64-linux-gnu.so
15545ead6000-15545eadb000 r--p 00000000 00:30 2007946930                 /storage/home/hcoda1/4/hyu483/conda_envs/qgis332/lib/python3.11/site-packages/pyproj/_geod.cpython-311-x86_64-linux-gnu.so
15545eadb000-15545eaf0000 r-xp 00005000 00:30 2007946930                 /storage/home/hcoda1/4/hyu483/conda_envs/qgis332/lib/python3.11/site-packages/pyproj/_geod.cpython-311-x86_64-linux-gnu.so
15545eaf0000-15545eaf5000 r--p 0001a000 00:30 2007946930                 /storage/home/hcoda1/4/hyu483/conda_envs/qgis332/lib/python3.11/site-packages/pyproj/_geod.cpython-311-x86_64-linux-gnu.so
15545eaf5000-15545eaf6000 r--p 0001e000 00:30 2007946930                 /storage/home/hcoda1/4/hyu483/conda_envs/qgis332/lib/python3.11/site-packages/pyproj/_geod.cpython-311-x86_64-linux-gnu.so
15545eaf6000-15545eaf7000 rw-p 0001f000 00:30 2007946930                 /storage/home/hcoda1/4/hyu483/conda_envs/qgis332/lib/python3.11/site-packages/pyproj/_geod.cpython-311-x86_64-linux-gnu.so
15545eaf7000-15545eaf8000 rw-p 00000000 00:00 0 
15545eaf8000-15545eb02000 r--p 00000000 00:30 2007946926                 /storage/home/hcoda1/4/hyu483/conda_envs/qgis332/lib/python3.11/site-packages/pyproj/_crs.cpython-311-x86_64-linux-gnu.so
15545eb02000-15545eb51000 r-xp 0000a000 00:30 2007946926                 /storage/home/hcoda1/4/hyu483/conda_envs/qgis332/lib/python3.11/site-packages/pyproj/_crs.cpython-311-x86_64-linux-gnu.so
15545eb51000-15545eb66000 r--p 00059000 00:30 2007946926                 /storage/home/hcoda1/4/hyu483/conda_envs/qgis332/lib/python3.11/site-packages/pyproj/_crs.cpython-311-x86_64-linux-gnu.so
15545eb66000-15545eb67000 r--p 0006e000 00:30 2007946926                 /storage/home/hcoda1/4/hyu483/conda_envs/qgis332/lib/python3.11/site-packages/pyproj/_crs.cpython-311-x86_64-linux-gnu.so
15545eb67000-15545eb6b000 rw-p 0006f000 00:30 2007946926                 /storage/home/hcoda1/4/hyu483/conda_envs/qgis332/lib/python3.11/site-packages/pyproj/_crs.cpython-311-x86_64-linux-gnu.so
15545eb6b000-15545eb6d000 rw-p 00000000 00:00 0 
15545eb6d000-15545eb6f000 r--p 00000000 00:30 2007946945                 /storage/home/hcoda1/4/hyu483/conda_envs/qgis332/lib/python3.11/site-packages/pyproj/_version.cpython-311-x86_64-linux-gnu.so
15545eb6f000-15545eb71000 r-xp 00002000 00:30 2007946945                 /storage/home/hcoda1/4/hyu483/conda_envs/qgis332/lib/python3.11/site-packages/pyproj/_version.cpython-311-x86_64-linux-gnu.so
15545eb71000-15545eb72000 r--p 00004000 00:30 2007946945                 /storage/home/hcoda1/4/hyu483/conda_envs/qgis332/lib/python3.11/site-packages/pyproj/_version.cpython-311-x86_64-linux-gnu.so
15545eb72000-15545eb73000 r--p 00004000 00:30 2007946945                 /storage/home/hcoda1/4/hyu483/conda_envs/qgis332/lib/python3.11/site-packages/pyproj/_version.cpython-311-x86_64-linux-gnu.so
15545eb73000-15545eb74000 rw-p 00005000 00:30 2007946945                 /storage/home/hcoda1/4/hyu483/conda_envs/qgis332/lib/python3.11/site-packages/pyproj/_version.cpython-311-x86_64-linux-gnu.so
15545eb74000-15545eb77000 r--p 00000000 00:30 2007946934                 /storage/home/hcoda1/4/hyu483/conda_envs/qgis332/lib/python3.11/site-packages/pyproj/_network.cpython-311-x86_64-linux-gnu.so
15545eb77000-15545eb7c000 r-xp 00003000 00:30 2007946934                 /storage/home/hcoda1/4/hyu483/conda_envs/qgis332/lib/python3.11/site-packages/pyproj/_network.cpython-311-x86_64-linux-gnu.so
15545eb7c000-15545eb7e000 r--p 00008000 00:30 2007946934                 /storage/home/hcoda1/4/hyu483/conda_envs/qgis332/lib/python3.11/site-packages/pyproj/_network.cpython-311-x86_64-linux-gnu.so
15545eb7e000-15545eb7f000 r--p 0000a000 00:30 2007946934                 /storage/home/hcoda1/4/hyu483/conda_envs/qgis332/lib/python3.11/site-packages/pyproj/_network.cpython-311-x86_64-linux-gnu.so
15545eb7f000-15545eb80000 rw-p 0000b000 00:30 2007946934                 /storage/home/hcoda1/4/hyu483/conda_envs/qgis332/lib/python3.11/site-packages/pyproj/_network.cpython-311-x86_64-linux-gnu.so
15545eb80000-15545eb83000 r--p 00000000 00:30 2007946918                 /storage/home/hcoda1/4/hyu483/conda_envs/qgis332/lib/python3.11/site-packages/pyproj/_compat.cpython-311-x86_64-linux-gnu.so
15545eb83000-15545eb89000 r-xp 00003000 00:30 2007946918                 /storage/home/hcoda1/4/hyu483/conda_envs/qgis332/lib/python3.11/site-packages/pyproj/_compat.cpython-311-x86_64-linux-gnu.so
15545eb89000-15545eb8b000 r--p 00009000 00:30 2007946918                 /storage/home/hcoda1/4/hyu483/conda_envs/qgis332/lib/python3.11/site-packages/pyproj/_compat.cpython-311-x86_64-linux-gnu.so
15545eb8b000-15545eb8c000 r--p 0000a000 00:30 2007946918                 /storage/home/hcoda1/4/hyu483/conda_envs/qgis332/lib/python3.11/site-packages/pyproj/_compat.cpython-311-x86_64-linux-gnu.so
15545eb8c000-15545eb8d000 rw-p 0000b000 00:30 2007946918                 /storage/home/hcoda1/4/hyu483/conda_envs/qgis332/lib/python3.11/site-packages/pyproj/_compat.cpython-311-x86_64-linux-gnu.so
15545eb8d000-15545eb91000 r--p 00000000 00:30 2007946922                 /storage/home/hcoda1/4/hyu483/conda_envs/qgis332/lib/python3.11/site-packages/pyproj/_context.cpython-311-x86_64-linux-gnu.so
15545eb91000-15545eb9e000 r-xp 00004000 00:30 2007946922                 /storage/home/hcoda1/4/hyu483/conda_envs/qgis332/lib/python3.11/site-packages/pyproj/_context.cpython-311-x86_64-linux-gnu.so
15545eb9e000-15545eba2000 r--p 00011000 00:30 2007946922                 /storage/home/hcoda1/4/hyu483/conda_envs/qgis332/lib/python3.11/site-packages/pyproj/_context.cpython-311-x86_64-linux-gnu.so
15545eba2000-15545eba3000 r--p 00014000 00:30 2007946922                 /storage/home/hcoda1/4/hyu483/conda_envs/qgis332/lib/python3.11/site-packages/pyproj/_context.cpython-311-x86_64-linux-gnu.so
15545eba3000-15545eba4000 rw-p 00015000 00:30 2007946922                 /storage/home/hcoda1/4/hyu483/conda_envs/qgis332/lib/python3.11/site-packages/pyproj/_context.cpython-311-x86_64-linux-gnu.so
15545eba4000-15545f0a4000 rw-p 00000000 00:00 0 
15545f0a4000-15545f0aa000 r--p 00000000 00:30 1886351543                 /storage/home/hcoda1/4/hyu483/.local/lib/python3.11/site-packages/cftime/_cftime.cpython-311-x86_64-linux-gnu.so
15545f0aa000-15545f12d000 r-xp 00006000 00:30 1886351543                 /storage/home/hcoda1/4/hyu483/.local/lib/python3.11/site-packages/cftime/_cftime.cpython-311-x86_64-linux-gnu.so
15545f12d000-15545f13c000 r--p 00089000 00:30 1886351543                 /storage/home/hcoda1/4/hyu483/.local/lib/python3.11/site-packages/cftime/_cftime.cpython-311-x86_64-linux-gnu.so
15545f13c000-15545f13d000 r--p 00097000 00:30 1886351543                 /storage/home/hcoda1/4/hyu483/.local/lib/python3.11/site-packages/cftime/_cftime.cpython-311-x86_64-linux-gnu.so
15545f13d000-15545f140000 rw-p 00098000 00:30 1886351543                 /storage/home/hcoda1/4/hyu483/.local/lib/python3.11/site-packages/cftime/_cftime.cpython-311-x86_64-linux-gnu.so
15545f140000-15545f242000 rw-p 00000000 00:00 0 
15545f242000-15545f249000 r--p 00000000 00:30 2007957140                 /storage/home/hcoda1/4/hyu483/conda_envs/qgis332/lib/python3.11/site-packages/rasterio/_vsiopener.cpython-311-x86_64-linux-gnu.so
15545f249000-15545f292000 r-xp 00007000 00:30 2007957140                 /storage/home/hcoda1/4/hyu483/conda_envs/qgis332/lib/python3.11/site-packages/rasterio/_vsiopener.cpython-311-x86_64-linux-gnu.so
15545f292000-15545f29d000 r--p 00050000 00:30 2007957140                 /storage/home/hcoda1/4/hyu483/conda_envs/qgis332/lib/python3.11/site-packages/rasterio/_vsiopener.cpython-311-x86_64-linux-gnu.so
15545f29d000-15545f29e000 r--p 0005b000 00:30 2007957140                 /storage/home/hcoda1/4/hyu483/conda_envs/qgis332/lib/python3.11/site-packages/rasterio/_vsiopener.cpython-311-x86_64-linux-gnu.so
15545f29e000-15545f2a0000 rw-p 0005c000 00:30 2007957140                 /storage/home/hcoda1/4/hyu483/conda_envs/qgis332/lib/python3.11/site-packages/rasterio/_vsiopener.cpython-311-x86_64-linux-gnu.so
15545f2a0000-15545f2a2000 rw-p 00000000 00:00 0 
15545f2a2000-15545f2a9000 r--p 00000000 00:30 2007957128                 /storage/home/hcoda1/4/hyu483/conda_envs/qgis332/lib/python3.11/site-packages/rasterio/_features.cpython-311-x86_64-linux-gnu.so
15545f2a9000-15545f2ef000 r-xp 00007000 00:30 2007957128                 /storage/home/hcoda1/4/hyu483/conda_envs/qgis332/lib/python3.11/site-packages/rasterio/_features.cpython-311-x86_64-linux-gnu.so
15545f2ef000-15545f2fa000 r--p 0004d000 00:30 2007957128                 /storage/home/hcoda1/4/hyu483/conda_envs/qgis332/lib/python3.11/site-packages/rasterio/_features.cpython-311-x86_64-linux-gnu.so
15545f2fa000-15545f2fb000 r--p 00058000 00:30 2007957128                 /storage/home/hcoda1/4/hyu483/conda_envs/qgis332/lib/python3.11/site-packages/rasterio/_features.cpython-311-x86_64-linux-gnu.so
15545f2fb000-15545f2fe000 rw-p 00059000 00:30 2007957128                 /storage/home/hcoda1/4/hyu483/conda_envs/qgis332/lib/python3.11/site-packages/rasterio/_features.cpython-311-x86_64-linux-gnu.so
15545f2fe000-15545f2ff000 rw-p 00000000 00:00 0 
15545f2ff000-15545f307000 r--p 00000000 00:30 2007957141                 /storage/home/hcoda1/4/hyu483/conda_envs/qgis332/lib/python3.11/site-packages/rasterio/_warp.cpython-311-x86_64-linux-gnu.so
15545f307000-15545f372000 r-xp 00008000 00:30 2007957141                 /storage/home/hcoda1/4/hyu483/conda_envs/qgis332/lib/python3.11/site-packages/rasterio/_warp.cpython-311-x86_64-linux-gnu.so
15545f372000-15545f380000 r--p 00073000 00:30 2007957141                 /storage/home/hcoda1/4/hyu483/conda_envs/qgis332/lib/python3.11/site-packages/rasterio/_warp.cpython-311-x86_64-linux-gnu.so
15545f380000-15545f381000 r--p 00081000 00:30 2007957141                 /storage/home/hcoda1/4/hyu483/conda_envs/qgis332/lib/python3.11/site-packages/rasterio/_warp.cpython-311-x86_64-linux-gnu.so
15545f381000-15545f383000 rw-p 00082000 00:30 2007957141                 /storage/home/hcoda1/4/hyu483/conda_envs/qgis332/lib/python3.11/site-packages/rasterio/_warp.cpython-311-x86_64-linux-gnu.so
15545f383000-15545f385000 rw-p 00000000 00:00 0 
15545f385000-15545f38f000 r--p 00000000 00:30 2007957131                 /storage/home/hcoda1/4/hyu483/conda_envs/qgis332/lib/python3.11/site-packages/rasterio/_io.cpython-311-x86_64-linux-gnu.so
15545f38f000-15545f430000 r-xp 0000a000 00:30 2007957131                 /storage/home/hcoda1/4/hyu483/conda_envs/qgis332/lib/python3.11/site-packages/rasterio/_io.cpython-311-x86_64-linux-gnu.so
15545f430000-15545f445000 r--p 000ab000 00:30 2007957131                 /storage/home/hcoda1/4/hyu483/conda_envs/qgis332/lib/python3.11/site-packages/rasterio/_io.cpython-311-x86_64-linux-gnu.so
15545f445000-15545f446000 r--p 000bf000 00:30 2007957131                 /storage/home/hcoda1/4/hyu483/conda_envs/qgis332/lib/python3.11/site-packages/rasterio/_io.cpython-311-x86_64-linux-gnu.so
15545f446000-15545f44a000 rw-p 000c0000 00:30 2007957131                 /storage/home/hcoda1/4/hyu483/conda_envs/qgis332/lib/python3.11/site-packages/rasterio/_io.cpython-311-x86_64-linux-gnu.so
15545f44a000-15545f44c000 rw-p 00000000 00:00 0 
15545f44c000-15545f452000 r--p 00000000 00:30 2007957134                 /storage/home/hcoda1/4/hyu483/conda_envs/qgis332/lib/python3.11/site-packages/rasterio/_transform.cpython-311-x86_64-linux-gnu.so
15545f452000-15545f47c000 r-xp 00006000 00:30 2007957134                 /storage/home/hcoda1/4/hyu483/conda_envs/qgis332/lib/python3.11/site-packages/rasterio/_transform.cpython-311-x86_64-linux-gnu.so
15545f47c000-15545f485000 r--p 00030000 00:30 2007957134                 /storage/home/hcoda1/4/hyu483/conda_envs/qgis332/lib/python3.11/site-packages/rasterio/_transform.cpython-311-x86_64-linux-gnu.so
15545f485000-15545f486000 r--p 00039000 00:30 2007957134                 /storage/home/hcoda1/4/hyu483/conda_envs/qgis332/lib/python3.11/site-packages/rasterio/_transform.cpython-311-x86_64-linux-gnu.so
15545f486000-15545f488000 rw-p 0003a000 00:30 2007957134                 /storage/home/hcoda1/4/hyu483/conda_envs/qgis332/lib/python3.11/site-packages/rasterio/_transform.cpython-311-x86_64-linux-gnu.so
15545f488000-15545f589000 rw-p 00000000 00:00 0 
15545f589000-15545f58c000 r--p 00000000 00:30 2007957139                 /storage/home/hcoda1/4/hyu483/conda_envs/qgis332/lib/python3.11/site-packages/rasterio/_version.cpython-311-x86_64-linux-gnu.so
15545f58c000-15545f591000 r-xp 00003000 00:30 2007957139                 /storage/home/hcoda1/4/hyu483/conda_envs/qgis332/lib/python3.11/site-packages/rasterio/_version.cpython-311-x86_64-linux-gnu.so
15545f591000-15545f593000 r--p 00008000 00:30 2007957139                 /storage/home/hcoda1/4/hyu483/conda_envs/qgis332/lib/python3.11/site-packages/rasterio/_version.cpython-311-x86_64-linux-gnu.so
15545f593000-15545f594000 r--p 0000a000 00:30 2007957139                 /storage/home/hcoda1/4/hyu483/conda_envs/qgis332/lib/python3.11/site-packages/rasterio/_version.cpython-311-x86_64-linux-gnu.so
15545f594000-15545f595000 rw-p 0000b000 00:30 2007957139                 /storage/home/hcoda1/4/hyu483/conda_envs/qgis332/lib/python3.11/site-packages/rasterio/_version.cpython-311-x86_64-linux-gnu.so
15545f595000-15545f599000 r--p 00000000 00:30 2007957129                 /storage/home/hcoda1/4/hyu483/conda_envs/qgis332/lib/python3.11/site-packages/rasterio/_filepath.cpython-311-x86_64-linux-gnu.so
15545f599000-15545f5a7000 r-xp 00004000 00:30 2007957129                 /storage/home/hcoda1/4/hyu483/conda_envs/qgis332/lib/python3.11/site-packages/rasterio/_filepath.cpython-311-x86_64-linux-gnu.so
15545f5a7000-15545f5ab000 r--p 00012000 00:30 2007957129                 /storage/home/hcoda1/4/hyu483/conda_envs/qgis332/lib/python3.11/site-packages/rasterio/_filepath.cpython-311-x86_64-linux-gnu.so
15545f5ab000-15545f5ac000 r--p 00015000 00:30 2007957129                 /storage/home/hcoda1/4/hyu483/conda_envs/qgis332/lib/python3.11/site-packages/rasterio/_filepath.cpython-311-x86_64-linux-gnu.so
15545f5ac000-15545f5ad000 rw-p 00016000 00:30 2007957129                 /storage/home/hcoda1/4/hyu483/conda_envs/qgis332/lib/python3.11/site-packages/rasterio/_filepath.cpython-311-x86_64-linux-gnu.so
15545f5ad000-15545f5b3000 r--p 00000000 00:30 2007957125                 /storage/home/hcoda1/4/hyu483/conda_envs/qgis332/lib/python3.11/site-packages/rasterio/_env.cpython-311-x86_64-linux-gnu.so
15545f5b3000-15545f5d9000 r-xp 00006000 00:30 2007957125                 /storage/home/hcoda1/4/hyu483/conda_envs/qgis332/lib/python3.11/site-packages/rasterio/_env.cpython-311-x86_64-linux-gnu.so
15545f5d9000-15545f5e0000 r--p 0002c000 00:30 2007957125                 /storage/home/hcoda1/4/hyu483/conda_envs/qgis332/lib/python3.11/site-packages/rasterio/_env.cpython-311-x86_64-linux-gnu.so
15545f5e0000-15545f5e1000 r--p 00032000 00:30 2007957125                 /storage/home/hcoda1/4/hyu483/conda_envs/qgis332/lib/python3.11/site-packages/rasterio/_env.cpython-311-x86_64-linux-gnu.so
15545f5e1000-15545f5e3000 rw-p 00033000 00:30 2007957125                 /storage/home/hcoda1/4/hyu483/conda_envs/qgis332/lib/python3.11/site-packages/rasterio/_env.cpython-311-x86_64-linux-gnu.so
15545f5e3000-15545f5e4000 rw-p 00000000 00:00 0 
15545f5e4000-15545f5e9000 r--p 00000000 00:30 2007957126                 /storage/home/hcoda1/4/hyu483/conda_envs/qgis332/lib/python3.11/site-packages/rasterio/_err.cpython-311-x86_64-linux-gnu.so
15545f5e9000-15545f601000 r-xp 00005000 00:30 2007957126                 /storage/home/hcoda1/4/hyu483/conda_envs/qgis332/lib/python3.11/site-packages/rasterio/_err.cpython-311-x86_64-linux-gnu.so
15545f601000-15545f606000 r--p 0001d000 00:30 2007957126                 /storage/home/hcoda1/4/hyu483/conda_envs/qgis332/lib/python3.11/site-packages/rasterio/_err.cpython-311-x86_64-linux-gnu.so
15545f606000-15545f607000 r--p 00021000 00:30 2007957126                 /storage/home/hcoda1/4/hyu483/conda_envs/qgis332/lib/python3.11/site-packages/rasterio/_err.cpython-311-x86_64-linux-gnu.so
15545f607000-15545f608000 rw-p 00022000 00:30 2007957126                 /storage/home/hcoda1/4/hyu483/conda_envs/qgis332/lib/python3.11/site-packages/rasterio/_err.cpython-311-x86_64-linux-gnu.so
15545f608000-15545f609000 rw-p 00000000 00:00 0 
15545f609000-15545f610000 r--p 00000000 00:30 2007957145                 /storage/home/hcoda1/4/hyu483/conda_envs/qgis332/lib/python3.11/site-packages/rasterio/crs.cpython-311-x86_64-linux-gnu.so
15545f610000-15545f642000 r-xp 00007000 00:30 2007957145                 /storage/home/hcoda1/4/hyu483/conda_envs/qgis332/lib/python3.11/site-packages/rasterio/crs.cpython-311-x86_64-linux-gnu.so
15545f642000-15545f64c000 r--p 00039000 00:30 2007957145                 /storage/home/hcoda1/4/hyu483/conda_envs/qgis332/lib/python3.11/site-packages/rasterio/crs.cpython-311-x86_64-linux-gnu.so
15545f64c000-15545f64d000 r--p 00043000 00:30 2007957145                 /storage/home/hcoda1/4/hyu483/conda_envs/qgis332/lib/python3.11/site-packages/rasterio/crs.cpython-311-x86_64-linux-gnu.so
15545f64d000-15545f64f000 rw-p 00044000 00:30 2007957145                 /storage/home/hcoda1/4/hyu483/conda_envs/qgis332/lib/python3.11/site-packages/rasterio/crs.cpython-311-x86_64-linux-gnu.so
15545f64f000-15545f650000 rw-p 00000000 00:00 0 
15545f650000-15545f659000 r--p 00000000 00:30 2007957124                 /storage/home/hcoda1/4/hyu483/conda_envs/qgis332/lib/python3.11/site-packages/rasterio/_base.cpython-311-x86_64-linux-gnu.so
15545f659000-15545f6a3000 r-xp 00009000 00:30 2007957124                 /storage/home/hcoda1/4/hyu483/conda_envs/qgis332/lib/python3.11/site-packages/rasterio/_base.cpython-311-x86_64-linux-gnu.so
15545f6a3000-15545f6b1000 r--p 00053000 00:30 2007957124                 /storage/home/hcoda1/4/hyu483/conda_envs/qgis332/lib/python3.11/site-packages/rasterio/_base.cpython-311-x86_64-linux-gnu.so
15545f6b1000-15545f6b2000 r--p 00060000 00:30 2007957124                 /storage/home/hcoda1/4/hyu483/conda_envs/qgis332/lib/python3.11/site-packages/rasterio/_base.cpython-311-x86_64-linux-gnu.so
15545f6b2000-15545f6b5000 rw-p 00061000 00:30 2007957124                 /storage/home/hcoda1/4/hyu483/conda_envs/qgis332/lib/python3.11/site-packages/rasterio/_base.cpython-311-x86_64-linux-gnu.so
15545f6b5000-15545fab7000 rw-p 00000000 00:00 0 
15545fab7000-15545fab8000 r--p 00000000 00:30 1940411735                 /storage/home/hcoda1/4/hyu483/conda_envs/qgis332/lib/python3.11/site-packages/markupsafe/_speedups.cpython-311-x86_64-linux-gnu.so
15545fab8000-15545fab9000 r-xp 00001000 00:30 1940411735                 /storage/home/hcoda1/4/hyu483/conda_envs/qgis332/lib/python3.11/site-packages/markupsafe/_speedups.cpython-311-x86_64-linux-gnu.so
15545fab9000-15545faba000 r--p 00002000 00:30 1940411735                 /storage/home/hcoda1/4/hyu483/conda_envs/qgis332/lib/python3.11/site-packages/markupsafe/_speedups.cpython-311-x86_64-linux-gnu.so
15545faba000-15545fabb000 r--p 00002000 00:30 1940411735                 /storage/home/hcoda1/4/hyu483/conda_envs/qgis332/lib/python3.11/site-packages/markupsafe/_speedups.cpython-311-x86_64-linux-gnu.so
15545fabb000-15545fabc000 rw-p 00003000 00:30 1940411735                 /storage/home/hcoda1/4/hyu483/conda_envs/qgis332/lib/python3.11/site-packages/markupsafe/_speedups.cpython-311-x86_64-linux-gnu.so
15545fabc000-15545febc000 rw-p 00000000 00:00 0 
15545febc000-15545febd000 r--p 00000000 00:30 1886351669                 /storage/home/hcoda1/4/hyu483/.local/lib/python3.11/site-packages/timezonefinder/inside_polygon_ext.abi3.so
15545febd000-15545febe000 r-xp 00001000 00:30 1886351669                 /storage/home/hcoda1/4/hyu483/.local/lib/python3.11/site-packages/timezonefinder/inside_polygon_ext.abi3.so
15545febe000-15545febf000 r--p 00002000 00:30 1886351669                 /storage/home/hcoda1/4/hyu483/.local/lib/python3.11/site-packages/timezonefinder/inside_polygon_ext.abi3.so
15545febf000-15545fec0000 r--p 00002000 00:30 1886351669                 /storage/home/hcoda1/4/hyu483/.local/lib/python3.11/site-packages/timezonefinder/inside_polygon_ext.abi3.so
15545fec0000-15545fec1000 rw-p 00003000 00:30 1886351669                 /storage/home/hcoda1/4/hyu483/.local/lib/python3.11/site-packages/timezonefinder/inside_polygon_ext.abi3.so
15545fec1000-15545fec2000 r-xp 00000000 00:00 0 
15545fec2000-15545fec3000 r--p 00000000 00:00 0 
15545fec3000-15545fec4000 r-xp 00000000 00:00 0 
15545fec4000-15545fec5000 r--p 00000000 00:00 0 
15545fec5000-15545fec6000 r-xp 00000000 00:00 0 
15545fec6000-1554600c6000 rw-p 00000000 00:00 0 
1554600c6000-1554600ce000 r--p 00000000 00:30 1883950401                 /storage/home/hcoda1/4/hyu483/conda_envs/qgis332/lib/python3.11/site-packages/_cffi_backend.cpython-311-x86_64-linux-gnu.so
1554600ce000-1554600e5000 r-xp 00008000 00:30 1883950401                 /storage/home/hcoda1/4/hyu483/conda_envs/qgis332/lib/python3.11/site-packages/_cffi_backend.cpython-311-x86_64-linux-gnu.so
1554600e5000-1554600f0000 r--p 0001f000 00:30 1883950401                 /storage/home/hcoda1/4/hyu483/conda_envs/qgis332/lib/python3.11/site-packages/_cffi_backend.cpython-311-x86_64-linux-gnu.so
1554600f0000-1554600f2000 r--p 00029000 00:30 1883950401                 /storage/home/hcoda1/4/hyu483/conda_envs/qgis332/lib/python3.11/site-packages/_cffi_backend.cpython-311-x86_64-linux-gnu.so
1554600f2000-1554600f5000 rw-p 0002b000 00:30 1883950401                 /storage/home/hcoda1/4/hyu483/conda_envs/qgis332/lib/python3.11/site-packages/_cffi_backend.cpython-311-x86_64-linux-gnu.so
1554600f5000-1554608f8000 rw-p 00000000 00:00 0 
1554608f8000-1554608f9000 r--p 00000000 00:30 1886353575                 /storage/home/hcoda1/4/hyu483/.local/lib/python3.11/site-packages/numba/experimental/jitclass/_box.cpython-311-x86_64-linux-gnu.so
1554608f9000-1554608fa000 r-xp 00001000 00:30 1886353575                 /storage/home/hcoda1/4/hyu483/.local/lib/python3.11/site-packages/numba/experimental/jitclass/_box.cpython-311-x86_64-linux-gnu.so
1554608fa000-1554608fb000 r--p 00002000 00:30 1886353575                 /storage/home/hcoda1/4/hyu483/.local/lib/python3.11/site-packages/numba/experimental/jitclass/_box.cpython-311-x86_64-linux-gnu.so
1554608fb000-1554608fc000 r--p 00002000 00:30 1886353575                 /storage/home/hcoda1/4/hyu483/.local/lib/python3.11/site-packages/numba/experimental/jitclass/_box.cpython-311-x86_64-linux-gnu.so
1554608fc000-1554608fd000 rw-p 00003000 00:30 1886353575                 /storage/home/hcoda1/4/hyu483/.local/lib/python3.11/site-packages/numba/experimental/jitclass/_box.cpython-311-x86_64-linux-gnu.so
1554608fd000-1554608ff000 r--p 00000000 00:30 1886353631                 /storage/home/hcoda1/4/hyu483/.local/lib/python3.11/site-packages/numba/np/ufunc/_internal.cpython-311-x86_64-linux-gnu.so
1554608ff000-155460901000 r-xp 00002000 00:30 1886353631                 /storage/home/hcoda1/4/hyu483/.local/lib/python3.11/site-packages/numba/np/ufunc/_internal.cpython-311-x86_64-linux-gnu.so
155460901000-155460902000 r--p 00004000 00:30 1886353631                 /storage/home/hcoda1/4/hyu483/.local/lib/python3.11/site-packages/numba/np/ufunc/_internal.cpython-311-x86_64-linux-gnu.so
155460902000-155460903000 ---p 00005000 00:30 1886353631                 /storage/home/hcoda1/4/hyu483/.local/lib/python3.11/site-packages/numba/np/ufunc/_internal.cpython-311-x86_64-linux-gnu.so
155460903000-155460904000 r--p 00005000 00:30 1886353631                 /storage/home/hcoda1/4/hyu483/.local/lib/python3.11/site-packages/numba/np/ufunc/_internal.cpython-311-x86_64-linux-gnu.so
155460904000-155460905000 rw-p 00006000 00:30 1886353631                 /storage/home/hcoda1/4/hyu483/.local/lib/python3.11/site-packages/numba/np/ufunc/_internal.cpython-311-x86_64-linux-gnu.so
155460905000-155460a05000 rw-p 00000000 00:00 0 
155460a05000-155460a07000 r--p 00000000 00:30 1886353255                 /storage/home/hcoda1/4/hyu483/.local/lib/python3.11/site-packages/numba/core/runtime/_nrt_python.cpython-311-x86_64-linux-gnu.so
155460a07000-155460a0a000 r-xp 00002000 00:30 1886353255                 /storage/home/hcoda1/4/hyu483/.local/lib/python3.11/site-packages/numba/core/runtime/_nrt_python.cpython-311-x86_64-linux-gnu.so
155460a0a000-155460a0c000 r--p 00005000 00:30 1886353255                 /storage/home/hcoda1/4/hyu483/.local/lib/python3.11/site-packages/numba/core/runtime/_nrt_python.cpython-311-x86_64-linux-gnu.so
155460a0c000-155460a0d000 r--p 00006000 00:30 1886353255                 /storage/home/hcoda1/4/hyu483/.local/lib/python3.11/site-packages/numba/core/runtime/_nrt_python.cpython-311-x86_64-linux-gnu.so
155460a0d000-155460a0e000 rw-p 00007000 00:30 1886353255                 /storage/home/hcoda1/4/hyu483/.local/lib/python3.11/site-packages/numba/core/runtime/_nrt_python.cpython-311-x86_64-linux-gnu.so
155460a0e000-155460d0e000 rw-p 00000000 00:00 0 
155460d0e000-155460d0f000 r--p 00000000 00:30 1886353134                 /storage/home/hcoda1/4/hyu483/.local/lib/python3.11/site-packages/numba/_devicearray.cpython-311-x86_64-linux-gnu.so
155460d0f000-155460d10000 r-xp 00001000 00:30 1886353134                 /storage/home/hcoda1/4/hyu483/.local/lib/python3.11/site-packages/numba/_devicearray.cpython-311-x86_64-linux-gnu.so
155460d10000-155460d11000 r--p 00002000 00:30 1886353134                 /storage/home/hcoda1/4/hyu483/.local/lib/python3.11/site-packages/numba/_devicearray.cpython-311-x86_64-linux-gnu.so
155460d11000-155460d12000 r--p 00002000 00:30 1886353134                 /storage/home/hcoda1/4/hyu483/.local/lib/python3.11/site-packages/numba/_devicearray.cpython-311-x86_64-linux-gnu.so
155460d12000-155460d13000 rw-p 00003000 00:30 1886353134                 /storage/home/hcoda1/4/hyu483/.local/lib/python3.11/site-packages/numba/_devicearray.cpython-311-x86_64-linux-gnu.so
155460d13000-155460d17000 r--p 00000000 00:30 1886353136                 /storage/home/hcoda1/4/hyu483/.local/lib/python3.11/site-packages/numba/_dispatcher.cpython-311-x86_64-linux-gnu.so
155460d17000-155460d1d000 r-xp 00004000 00:30 1886353136                 /storage/home/hcoda1/4/hyu483/.local/lib/python3.11/site-packages/numba/_dispatcher.cpython-311-x86_64-linux-gnu.so
155460d1d000-155460d1f000 r--p 0000a000 00:30 1886353136                 /storage/home/hcoda1/4/hyu483/.local/lib/python3.11/site-packages/numba/_dispatcher.cpython-311-x86_64-linux-gnu.so
155460d1f000-155460d20000 r--p 0000b000 00:30 1886353136                 /storage/home/hcoda1/4/hyu483/.local/lib/python3.11/site-packages/numba/_dispatcher.cpython-311-x86_64-linux-gnu.so
155460d20000-155460d21000 rw-p 0000c000 00:30 1886353136                 /storage/home/hcoda1/4/hyu483/.local/lib/python3.11/site-packages/numba/_dispatcher.cpython-311-x86_64-linux-gnu.so
155460d21000-155460d22000 r--p 00000000 00:30 1886353138                 /storage/home/hcoda1/4/hyu483/.local/lib/python3.11/site-packages/numba/_dynfunc.cpython-311-x86_64-linux-gnu.so
155460d22000-155460d23000 r-xp 00001000 00:30 1886353138                 /storage/home/hcoda1/4/hyu483/.local/lib/python3.11/site-packages/numba/_dynfunc.cpython-311-x86_64-linux-gnu.so
155460d23000-155460d24000 r--p 00002000 00:30 1886353138                 /storage/home/hcoda1/4/hyu483/.local/lib/python3.11/site-packages/numba/_dynfunc.cpython-311-x86_64-linux-gnu.so
155460d24000-155460d25000 r--p 00002000 00:30 1886353138                 /storage/home/hcoda1/4/hyu483/.local/lib/python3.11/site-packages/numba/_dynfunc.cpython-311-x86_64-linux-gnu.so
155460d25000-155460d26000 rw-p 00003000 00:30 1886353138                 /storage/home/hcoda1/4/hyu483/.local/lib/python3.11/site-packages/numba/_dynfunc.cpython-311-x86_64-linux-gnu.so
155460d26000-155460e26000 rw-p 00000000 00:00 0 
155460e26000-155460e2a000 r--p 00000000 00:30 1886353142                 /storage/home/hcoda1/4/hyu483/.local/lib/python3.11/site-packages/numba/_helperlib.cpython-311-x86_64-linux-gnu.so
155460e2a000-155460e40000 r-xp 00004000 00:30 1886353142                 /storage/home/hcoda1/4/hyu483/.local/lib/python3.11/site-packages/numba/_helperlib.cpython-311-x86_64-linux-gnu.so
155460e40000-155460e66000 r--p 0001a000 00:30 1886353142                 /storage/home/hcoda1/4/hyu483/.local/lib/python3.11/site-packages/numba/_helperlib.cpython-311-x86_64-linux-gnu.so
155460e66000-155460e67000 r--p 0003f000 00:30 1886353142                 /storage/home/hcoda1/4/hyu483/.local/lib/python3.11/site-packages/numba/_helperlib.cpython-311-x86_64-linux-gnu.so
155460e67000-155460e68000 rw-p 00040000 00:30 1886353142                 /storage/home/hcoda1/4/hyu483/.local/lib/python3.11/site-packages/numba/_helperlib.cpython-311-x86_64-linux-gnu.so
155460e68000-155460f68000 rw-p 00000000 00:00 0 
155460f68000-155460f6a000 r--p 00000000 00:30 1886353274                 /storage/home/hcoda1/4/hyu483/.local/lib/python3.11/site-packages/numba/core/typeconv/_typeconv.cpython-311-x86_64-linux-gnu.so
155460f6a000-155460f6c000 r-xp 00002000 00:30 1886353274                 /storage/home/hcoda1/4/hyu483/.local/lib/python3.11/site-packages/numba/core/typeconv/_typeconv.cpython-311-x86_64-linux-gnu.so
155460f6c000-155460f6d000 r--p 00004000 00:30 1886353274                 /storage/home/hcoda1/4/hyu483/.local/lib/python3.11/site-packages/numba/core/typeconv/_typeconv.cpython-311-x86_64-linux-gnu.so
155460f6d000-155460f6e000 r--p 00004000 00:30 1886353274                 /storage/home/hcoda1/4/hyu483/.local/lib/python3.11/site-packages/numba/core/typeconv/_typeconv.cpython-311-x86_64-linux-gnu.so
155460f6e000-155460f6f000 rw-p 00005000 00:30 1886353274                 /storage/home/hcoda1/4/hyu483/.local/lib/python3.11/site-packages/numba/core/typeconv/_typeconv.cpython-311-x86_64-linux-gnu.so
155460f6f000-15546116f000 rw-p 00000000 00:00 0 
15546116f000-15546184d000 r--p 00000000 00:30 1886350432                 /storage/home/hcoda1/4/hyu483/.local/lib/python3.11/site-packages/llvmlite/binding/libllvmlite.so
15546184d000-155464d99000 r-xp 006de000 00:30 1886350432                 /storage/home/hcoda1/4/hyu483/.local/lib/python3.11/site-packages/llvmlite/binding/libllvmlite.so
155464d99000-155467328000 r--p 03c2a000 00:30 1886350432                 /storage/home/hcoda1/4/hyu483/.local/lib/python3.11/site-packages/llvmlite/binding/libllvmlite.so
155467328000-1554679b7000 r--p 061b8000 00:30 1886350432                 /storage/home/hcoda1/4/hyu483/.local/lib/python3.11/site-packages/llvmlite/binding/libllvmlite.so
1554679b7000-1554679ce000 rw-p 06847000 00:30 1886350432                 /storage/home/hcoda1/4/hyu483/.local/lib/python3.11/site-packages/llvmlite/binding/libllvmlite.so
1554679ce000-155467b47000 rw-p 00000000 00:00 0 
155467b47000-155467b50000 r--p 00000000 00:30 1886350785                 /storage/home/hcoda1/4/hyu483/.local/lib/python3.11/site-packages/h3/_cy/to_multipoly.cpython-311-x86_64-linux-gnu.so
155467b50000-155467b7c000 r-xp 00009000 00:30 1886350785                 /storage/home/hcoda1/4/hyu483/.local/lib/python3.11/site-packages/h3/_cy/to_multipoly.cpython-311-x86_64-linux-gnu.so
155467b7c000-155467b8b000 r--p 00035000 00:30 1886350785                 /storage/home/hcoda1/4/hyu483/.local/lib/python3.11/site-packages/h3/_cy/to_multipoly.cpython-311-x86_64-linux-gnu.so
155467b8b000-155467b8c000 r--p 00044000 00:30 1886350785                 /storage/home/hcoda1/4/hyu483/.local/lib/python3.11/site-packages/h3/_cy/to_multipoly.cpython-311-x86_64-linux-gnu.so
155467b8c000-155467b8e000 rw-p 00045000 00:30 1886350785                 /storage/home/hcoda1/4/hyu483/.local/lib/python3.11/site-packages/h3/_cy/to_multipoly.cpython-311-x86_64-linux-gnu.so
155467b8e000-155467b8f000 rw-p 00000000 00:00 0 
155467b8f000-155467b99000 r--p 00000000 00:30 1886350790                 /storage/home/hcoda1/4/hyu483/.local/lib/python3.11/site-packages/h3/_cy/vertex.cpython-311-x86_64-linux-gnu.so
155467b99000-155467bc4000 r-xp 0000a000 00:30 1886350790                 /storage/home/hcoda1/4/hyu483/.local/lib/python3.11/site-packages/h3/_cy/vertex.cpython-311-x86_64-linux-gnu.so
155467bc4000-155467bd2000 r--p 00035000 00:30 1886350790                 /storage/home/hcoda1/4/hyu483/.local/lib/python3.11/site-packages/h3/_cy/vertex.cpython-311-x86_64-linux-gnu.so
155467bd2000-155467bd3000 r--p 00043000 00:30 1886350790                 /storage/home/hcoda1/4/hyu483/.local/lib/python3.11/site-packages/h3/_cy/vertex.cpython-311-x86_64-linux-gnu.so
155467bd3000-155467bd5000 rw-p 00044000 00:30 1886350790                 /storage/home/hcoda1/4/hyu483/.local/lib/python3.11/site-packages/h3/_cy/vertex.cpython-311-x86_64-linux-gnu.so
155467bd5000-155467bd6000 rw-p 00000000 00:00 0 
155467bd6000-155467be1000 r--p 00000000 00:30 1886350779                 /storage/home/hcoda1/4/hyu483/.local/lib/python3.11/site-packages/h3/_cy/latlng.cpython-311-x86_64-linux-gnu.so
155467be1000-155467c1b000 r-xp 0000b000 00:30 1886350779                 /storage/home/hcoda1/4/hyu483/.local/lib/python3.11/site-packages/h3/_cy/latlng.cpython-311-x86_64-linux-gnu.so
155467c1b000-155467c2d000 r--p 00045000 00:30 1886350779                 /storage/home/hcoda1/4/hyu483/.local/lib/python3.11/site-packages/h3/_cy/latlng.cpython-311-x86_64-linux-gnu.so
155467c2d000-155467c2e000 r--p 00057000 00:30 1886350779                 /storage/home/hcoda1/4/hyu483/.local/lib/python3.11/site-packages/h3/_cy/latlng.cpython-311-x86_64-linux-gnu.so
155467c2e000-155467c31000 rw-p 00058000 00:30 1886350779                 /storage/home/hcoda1/4/hyu483/.local/lib/python3.11/site-packages/h3/_cy/latlng.cpython-311-x86_64-linux-gnu.so
155467c31000-155467c32000 rw-p 00000000 00:00 0 
155467c32000-155467c3c000 r--p 00000000 00:30 1886350771                 /storage/home/hcoda1/4/hyu483/.local/lib/python3.11/site-packages/h3/_cy/edges.cpython-311-x86_64-linux-gnu.so
155467c3c000-155467c69000 r-xp 0000a000 00:30 1886350771                 /storage/home/hcoda1/4/hyu483/.local/lib/python3.11/site-packages/h3/_cy/edges.cpython-311-x86_64-linux-gnu.so
155467c69000-155467c78000 r--p 00037000 00:30 1886350771                 /storage/home/hcoda1/4/hyu483/.local/lib/python3.11/site-packages/h3/_cy/edges.cpython-311-x86_64-linux-gnu.so
155467c78000-155467c79000 r--p 00046000 00:30 1886350771                 /storage/home/hcoda1/4/hyu483/.local/lib/python3.11/site-packages/h3/_cy/edges.cpython-311-x86_64-linux-gnu.so
155467c79000-155467c7b000 rw-p 00047000 00:30 1886350771                 /storage/home/hcoda1/4/hyu483/.local/lib/python3.11/site-packages/h3/_cy/edges.cpython-311-x86_64-linux-gnu.so
155467c7b000-155467c7c000 rw-p 00000000 00:00 0 
155467c7c000-155467c80000 r--p 00000000 00:30 1886350774                 /storage/home/hcoda1/4/hyu483/.local/lib/python3.11/site-packages/h3/_cy/error_system.cpython-311-x86_64-linux-gnu.so
155467c80000-155467c8e000 r-xp 00004000 00:30 1886350774                 /storage/home/hcoda1/4/hyu483/.local/lib/python3.11/site-packages/h3/_cy/error_system.cpython-311-x86_64-linux-gnu.so
155467c8e000-155467c92000 r--p 00012000 00:30 1886350774                 /storage/home/hcoda1/4/hyu483/.local/lib/python3.11/site-packages/h3/_cy/error_system.cpython-311-x86_64-linux-gnu.so
155467c92000-155467c93000 r--p 00015000 00:30 1886350774                 /storage/home/hcoda1/4/hyu483/.local/lib/python3.11/site-packages/h3/_cy/error_system.cpython-311-x86_64-linux-gnu.so
155467c93000-155467c94000 rw-p 00016000 00:30 1886350774                 /storage/home/hcoda1/4/hyu483/.local/lib/python3.11/site-packages/h3/_cy/error_system.cpython-311-x86_64-linux-gnu.so
155467c94000-155467c95000 rw-p 00000000 00:00 0 
155467c95000-155467c9c000 r--p 00000000 00:30 1886350787                 /storage/home/hcoda1/4/hyu483/.local/lib/python3.11/site-packages/h3/_cy/util.cpython-311-x86_64-linux-gnu.so
155467c9c000-155467cae000 r-xp 00007000 00:30 1886350787                 /storage/home/hcoda1/4/hyu483/.local/lib/python3.11/site-packages/h3/_cy/util.cpython-311-x86_64-linux-gnu.so
155467cae000-155467cb9000 r--p 00019000 00:30 1886350787                 /storage/home/hcoda1/4/hyu483/.local/lib/python3.11/site-packages/h3/_cy/util.cpython-311-x86_64-linux-gnu.so
155467cb9000-155467cba000 r--p 00023000 00:30 1886350787                 /storage/home/hcoda1/4/hyu483/.local/lib/python3.11/site-packages/h3/_cy/util.cpython-311-x86_64-linux-gnu.so
155467cba000-155467cbb000 rw-p 00024000 00:30 1886350787                 /storage/home/hcoda1/4/hyu483/.local/lib/python3.11/site-packages/h3/_cy/util.cpython-311-x86_64-linux-gnu.so
155467cbb000-155467cbc000 rw-p 00000000 00:00 0 
155467cbc000-155467cc2000 r--p 00000000 00:30 1886350782                 /storage/home/hcoda1/4/hyu483/.local/lib/python3.11/site-packages/h3/_cy/memory.cpython-311-x86_64-linux-gnu.so
155467cc2000-155467ce8000 r-xp 00006000 00:30 1886350782                 /storage/home/hcoda1/4/hyu483/.local/lib/python3.11/site-packages/h3/_cy/memory.cpython-311-x86_64-linux-gnu.so
155467ce8000-155467cf0000 r--p 0002c000 00:30 1886350782                 /storage/home/hcoda1/4/hyu483/.local/lib/python3.11/site-packages/h3/_cy/memory.cpython-311-x86_64-linux-gnu.so
155467cf0000-155467cf1000 r--p 00033000 00:30 1886350782                 /storage/home/hcoda1/4/hyu483/.local/lib/python3.11/site-packages/h3/_cy/memory.cpython-311-x86_64-linux-gnu.so
155467cf1000-155467cf3000 rw-p 00034000 00:30 1886350782                 /storage/home/hcoda1/4/hyu483/.local/lib/python3.11/site-packages/h3/_cy/memory.cpython-311-x86_64-linux-gnu.so
155467cf3000-155467cf4000 rw-p 00000000 00:00 0 
155467cf4000-155467cff000 r--p 00000000 00:30 1886350768                 /storage/home/hcoda1/4/hyu483/.local/lib/python3.11/site-packages/h3/_cy/cells.cpython-311-x86_64-linux-gnu.so
155467cff000-155467d3b000 r-xp 0000b000 00:30 1886350768                 /storage/home/hcoda1/4/hyu483/.local/lib/python3.11/site-packages/h3/_cy/cells.cpython-311-x86_64-linux-gnu.so
155467d3b000-155467d4d000 r--p 00047000 00:30 1886350768                 /storage/home/hcoda1/4/hyu483/.local/lib/python3.11/site-packages/h3/_cy/cells.cpython-311-x86_64-linux-gnu.so
155467d4d000-155467d4f000 r--p 00058000 00:30 1886350768                 /storage/home/hcoda1/4/hyu483/.local/lib/python3.11/site-packages/h3/_cy/cells.cpython-311-x86_64-linux-gnu.so
155467d4f000-155467d52000 rw-p 0005a000 00:30 1886350768                 /storage/home/hcoda1/4/hyu483/.local/lib/python3.11/site-packages/h3/_cy/cells.cpython-311-x86_64-linux-gnu.so
155467d52000-155468152000 rw-p 00000000 00:00 0 
155468152000-155468196000 r--p 00000000 00:30 1886350300                 /storage/home/hcoda1/4/hyu483/.local/lib/python3.11/site-packages/pydantic_core/_pydantic_core.cpython-311-x86_64-linux-gnu.so
155468196000-15546849e000 r-xp 00044000 00:30 1886350300                 /storage/home/hcoda1/4/hyu483/.local/lib/python3.11/site-packages/pydantic_core/_pydantic_core.cpython-311-x86_64-linux-gnu.so
15546849e000-1554685a5000 r--p 0034c000 00:30 1886350300                 /storage/home/hcoda1/4/hyu483/.local/lib/python3.11/site-packages/pydantic_core/_pydantic_core.cpython-311-x86_64-linux-gnu.so
1554685a5000-1554685d9000 r--p 00452000 00:30 1886350300                 /storage/home/hcoda1/4/hyu483/.local/lib/python3.11/site-packages/pydantic_core/_pydantic_core.cpython-311-x86_64-linux-gnu.so
1554685d9000-1554685de000 rw-p 00486000 00:30 1886350300                 /storage/home/hcoda1/4/hyu483/.local/lib/python3.11/site-packages/pydantic_core/_pydantic_core.cpython-311-x86_64-linux-gnu.so
1554685de000-1554687df000 rw-p 00000000 00:00 0 
1554687df000-1554687f3000 r--p 00000000 00:30 2007910836                 /storage/home/hcoda1/4/hyu483/conda_envs/qgis332/lib/python3.11/site-packages/zstandard/backend_c.cpython-311-x86_64-linux-gnu.so
1554687f3000-1554688cf000 r-xp 00014000 00:30 2007910836                 /storage/home/hcoda1/4/hyu483/conda_envs/qgis332/lib/python3.11/site-packages/zstandard/backend_c.cpython-311-x86_64-linux-gnu.so
1554688cf000-1554688e7000 r--p 000f0000 00:30 2007910836                 /storage/home/hcoda1/4/hyu483/conda_envs/qgis332/lib/python3.11/site-packages/zstandard/backend_c.cpython-311-x86_64-linux-gnu.so
1554688e7000-1554688e9000 r--p 00107000 00:30 2007910836                 /storage/home/hcoda1/4/hyu483/conda_envs/qgis332/lib/python3.11/site-packages/zstandard/backend_c.cpython-311-x86_64-linux-gnu.so
1554688e9000-1554688ec000 rw-p 00109000 00:30 2007910836                 /storage/home/hcoda1/4/hyu483/conda_envs/qgis332/lib/python3.11/site-packages/zstandard/backend_c.cpython-311-x86_64-linux-gnu.so
1554688ec000-1554689ec000 rw-p 00000000 00:00 0 
1554689ec000-1554689ee000 r--p 00000000 00:30 1886351242                 /storage/home/hcoda1/4/hyu483/.local/lib/python3.11/site-packages/f90wrap/sizeof_fortran_t.cpython-311-x86_64-linux-gnu.so
1554689ee000-1554689f2000 r-xp 00002000 00:30 1886351242                 /storage/home/hcoda1/4/hyu483/.local/lib/python3.11/site-packages/f90wrap/sizeof_fortran_t.cpython-311-x86_64-linux-gnu.so
1554689f2000-1554689f4000 r--p 00006000 00:30 1886351242                 /storage/home/hcoda1/4/hyu483/.local/lib/python3.11/site-packages/f90wrap/sizeof_fortran_t.cpython-311-x86_64-linux-gnu.so
1554689f4000-1554689f5000 r--p 00007000 00:30 1886351242                 /storage/home/hcoda1/4/hyu483/.local/lib/python3.11/site-packages/f90wrap/sizeof_fortran_t.cpython-311-x86_64-linux-gnu.so
1554689f5000-1554689f6000 rw-p 00008000 00:30 1886351242                 /storage/home/hcoda1/4/hyu483/.local/lib/python3.11/site-packages/f90wrap/sizeof_fortran_t.cpython-311-x86_64-linux-gnu.so
1554689f6000-155468bf6000 rw-p 00000000 00:00 0 
155468bf6000-155468c36000 r-xp 00000000 00:30 1886356665                 /storage/home/hcoda1/4/hyu483/.local/lib/python3.11/site-packages/supy.libs/libquadmath-828275a7.so.0.0.0
155468c36000-155468e35000 ---p 00040000 00:30 1886356665                 /storage/home/hcoda1/4/hyu483/.local/lib/python3.11/site-packages/supy.libs/libquadmath-828275a7.so.0.0.0
155468e35000-155468e36000 r--p 0003f000 00:30 1886356665                 /storage/home/hcoda1/4/hyu483/.local/lib/python3.11/site-packages/supy.libs/libquadmath-828275a7.so.0.0.0
155468e36000-155468e37000 rw-p 00040000 00:30 1886356665                 /storage/home/hcoda1/4/hyu483/.local/lib/python3.11/site-packages/supy.libs/libquadmath-828275a7.so.0.0.0
155468e37000-155468e38000 rw-p 00042000 00:30 1886356665                 /storage/home/hcoda1/4/hyu483/.local/lib/python3.11/site-packages/supy.libs/libquadmath-828275a7.so.0.0.0
155468e38000-1554690b4000 r-xp 00000000 00:30 1886356664                 /storage/home/hcoda1/4/hyu483/.local/lib/python3.11/site-packages/supy.libs/libgfortran-8f1e9814.so.5.0.0
1554690b4000-1554692b4000 ---p 0027c000 00:30 1886356664                 /storage/home/hcoda1/4/hyu483/.local/lib/python3.11/site-packages/supy.libs/libgfortran-8f1e9814.so.5.0.0
1554692b4000-1554692b6000 r--p 0027c000 00:30 1886356664                 /storage/home/hcoda1/4/hyu483/.local/lib/python3.11/site-packages/supy.libs/libgfortran-8f1e9814.so.5.0.0
1554692b6000-1554692b7000 rw-p 0027e000 00:30 1886356664                 /storage/home/hcoda1/4/hyu483/.local/lib/python3.11/site-packages/supy.libs/libgfortran-8f1e9814.so.5.0.0
1554692b7000-1554692cc000 rw-p 00282000 00:30 1886356664                 /storage/home/hcoda1/4/hyu483/.local/lib/python3.11/site-packages/supy.libs/libgfortran-8f1e9814.so.5.0.0
1554692cc000-15546935a000 r--p 00000000 00:30 1886356588                 /storage/home/hcoda1/4/hyu483/.local/lib/python3.11/site-packages/supy/_supy_driver.cpython-311-x86_64-linux-gnu.so
15546935a000-1554699b9000 r-xp 0008e000 00:30 1886356588                 /storage/home/hcoda1/4/hyu483/.local/lib/python3.11/site-packages/supy/_supy_driver.cpython-311-x86_64-linux-gnu.so
1554699b9000-155469b88000 r--p 006ed000 00:30 1886356588                 /storage/home/hcoda1/4/hyu483/.local/lib/python3.11/site-packages/supy/_supy_driver.cpython-311-x86_64-linux-gnu.so
155469b88000-155469b8a000 r--p 008bb000 00:30 1886356588                 /storage/home/hcoda1/4/hyu483/.local/lib/python3.11/site-packages/supy/_supy_driver.cpython-311-x86_64-linux-gnu.so
155469b8a000-155469cde000 rw-p 008bd000 00:30 1886356588                 /storage/home/hcoda1/4/hyu483/.local/lib/python3.11/site-packages/supy/_supy_driver.cpython-311-x86_64-linux-gnu.so
155469cde000-15546a0dd000 rw-p 00000000 00:00 0 
15546a0dd000-15546a132000 rw-p 00e4a000 00:30 1886356588                 /storage/home/hcoda1/4/hyu483/.local/lib/python3.11/site-packages/supy/_supy_driver.cpython-311-x86_64-linux-gnu.so
15546a132000-15546a332000 rw-p 00000000 00:00 0 
15546a332000-15546a334000 r--p 00000000 00:30 1883947893                 /storage/home/hcoda1/4/hyu483/conda_envs/qgis332/lib/python3.11/lib-dynload/cmath.cpython-311-x86_64-linux-gnu.so
15546a334000-15546a33d000 r-xp 00002000 00:30 1883947893                 /storage/home/hcoda1/4/hyu483/conda_envs/qgis332/lib/python3.11/lib-dynload/cmath.cpython-311-x86_64-linux-gnu.so
15546a33d000-15546a33f000 r--p 0000b000 00:30 1883947893                 /storage/home/hcoda1/4/hyu483/conda_envs/qgis332/lib/python3.11/lib-dynload/cmath.cpython-311-x86_64-linux-gnu.so
15546a33f000-15546a340000 r--p 0000c000 00:30 1883947893                 /storage/home/hcoda1/4/hyu483/conda_envs/qgis332/lib/python3.11/lib-dynload/cmath.cpython-311-x86_64-linux-gnu.so
15546a340000-15546a341000 rw-p 0000d000 00:30 1883947893                 /storage/home/hcoda1/4/hyu483/conda_envs/qgis332/lib/python3.11/lib-dynload/cmath.cpython-311-x86_64-linux-gnu.so
15546a341000-15546a343000 rw-p 00000000 00:00 0 
15546a343000-15546a347000 r--p 00000000 00:30 2005409725                 /storage/home/hcoda1/4/hyu483/conda_envs/qgis332/lib/python3.11/site-packages/pandas/_libs/testing.cpython-311-x86_64-linux-gnu.so
15546a347000-15546a359000 r-xp 00004000 00:30 2005409725                 /storage/home/hcoda1/4/hyu483/conda_envs/qgis332/lib/python3.11/site-packages/pandas/_libs/testing.cpython-311-x86_64-linux-gnu.so
15546a359000-15546a35d000 r--p 00016000 00:30 2005409725                 /storage/home/hcoda1/4/hyu483/conda_envs/qgis332/lib/python3.11/site-packages/pandas/_libs/testing.cpython-311-x86_64-linux-gnu.so
15546a35d000-15546a35e000 r--p 00019000 00:30 2005409725                 /storage/home/hcoda1/4/hyu483/conda_envs/qgis332/lib/python3.11/site-packages/pandas/_libs/testing.cpython-311-x86_64-linux-gnu.so
15546a35e000-15546a35f000 rw-p 0001a000 00:30 2005409725                 /storage/home/hcoda1/4/hyu483/conda_envs/qgis332/lib/python3.11/site-packages/pandas/_libs/testing.cpython-311-x86_64-linux-gnu.so
15546a35f000-15546a366000 r--p 00000000 00:30 2005420290                 /storage/home/hcoda1/4/hyu483/conda_envs/qgis332/lib/python3.11/site-packages/pandas/_libs/parsers.cpython-311-x86_64-linux-gnu.so
15546a366000-15546a3c8000 r-xp 00007000 00:30 2005420290                 /storage/home/hcoda1/4/hyu483/conda_envs/qgis332/lib/python3.11/site-packages/pandas/_libs/parsers.cpython-311-x86_64-linux-gnu.so
15546a3c8000-15546a3d4000 r--p 00069000 00:30 2005420290                 /storage/home/hcoda1/4/hyu483/conda_envs/qgis332/lib/python3.11/site-packages/pandas/_libs/parsers.cpython-311-x86_64-linux-gnu.so
15546a3d4000-15546a3d5000 r--p 00075000 00:30 2005420290                 /storage/home/hcoda1/4/hyu483/conda_envs/qgis332/lib/python3.11/site-packages/pandas/_libs/parsers.cpython-311-x86_64-linux-gnu.so
15546a3d5000-15546a3d8000 rw-p 00076000 00:30 2005420290                 /storage/home/hcoda1/4/hyu483/conda_envs/qgis332/lib/python3.11/site-packages/pandas/_libs/parsers.cpython-311-x86_64-linux-gnu.so
15546a3d8000-15546a3da000 rw-p 00000000 00:00 0 
15546a3da000-15546a3dd000 r--p 00000000 00:30 2005413033                 /storage/home/hcoda1/4/hyu483/conda_envs/qgis332/lib/python3.11/site-packages/pandas/_libs/json.cpython-311-x86_64-linux-gnu.so
15546a3dd000-15546a3e5000 r-xp 00003000 00:30 2005413033                 /storage/home/hcoda1/4/hyu483/conda_envs/qgis332/lib/python3.11/site-packages/pandas/_libs/json.cpython-311-x86_64-linux-gnu.so
15546a3e5000-15546a3e8000 r--p 0000b000 00:30 2005413033                 /storage/home/hcoda1/4/hyu483/conda_envs/qgis332/lib/python3.11/site-packages/pandas/_libs/json.cpython-311-x86_64-linux-gnu.so
15546a3e8000-15546a3e9000 r--p 0000e000 00:30 2005413033                 /storage/home/hcoda1/4/hyu483/conda_envs/qgis332/lib/python3.11/site-packages/pandas/_libs/json.cpython-311-x86_64-linux-gnu.so
15546a3e9000-15546a3ea000 rw-p 0000f000 00:30 2005413033                 /storage/home/hcoda1/4/hyu483/conda_envs/qgis332/lib/python3.11/site-packages/pandas/_libs/json.cpython-311-x86_64-linux-gnu.so
15546a3ea000-15546a5ea000 rw-p 00000000 00:00 0 
15546a5ea000-15546a5f3000 r--p 00000000 00:30 2005421907                 /storage/home/hcoda1/4/hyu483/conda_envs/qgis332/lib/python3.11/site-packages/pandas/_libs/groupby.cpython-311-x86_64-linux-gnu.so
15546a5f3000-15546a7ff000 r-xp 00009000 00:30 2005421907                 /storage/home/hcoda1/4/hyu483/conda_envs/qgis332/lib/python3.11/site-packages/pandas/_libs/groupby.cpython-311-x86_64-linux-gnu.so
15546a7ff000-15546a81c000 r--p 00215000 00:30 2005421907                 /storage/home/hcoda1/4/hyu483/conda_envs/qgis332/lib/python3.11/site-packages/pandas/_libs/groupby.cpython-311-x86_64-linux-gnu.so
15546a81c000-15546a81d000 r--p 00231000 00:30 2005421907                 /storage/home/hcoda1/4/hyu483/conda_envs/qgis332/lib/python3.11/site-packages/pandas/_libs/groupby.cpython-311-x86_64-linux-gnu.so
15546a81d000-15546a822000 rw-p 00232000 00:30 2005421907                 /storage/home/hcoda1/4/hyu483/conda_envs/qgis332/lib/python3.11/site-packages/pandas/_libs/groupby.cpython-311-x86_64-linux-gnu.so
15546a822000-15546a825000 rw-p 00000000 00:00 0 
15546a825000-15546a82b000 r--p 00000000 00:30 2005405971                 /storage/home/hcoda1/4/hyu483/conda_envs/qgis332/lib/python3.11/site-packages/pandas/_libs/reshape.cpython-311-x86_64-linux-gnu.so
15546a82b000-15546a85d000 r-xp 00006000 00:30 2005405971                 /storage/home/hcoda1/4/hyu483/conda_envs/qgis332/lib/python3.11/site-packages/pandas/_libs/reshape.cpython-311-x86_64-linux-gnu.so
15546a85d000-15546a865000 r--p 00038000 00:30 2005405971                 /storage/home/hcoda1/4/hyu483/conda_envs/qgis332/lib/python3.11/site-packages/pandas/_libs/reshape.cpython-311-x86_64-linux-gnu.so
15546a865000-15546a866000 r--p 00040000 00:30 2005405971                 /storage/home/hcoda1/4/hyu483/conda_envs/qgis332/lib/python3.11/site-packages/pandas/_libs/reshape.cpython-311-x86_64-linux-gnu.so
15546a866000-15546a868000 rw-p 00041000 00:30 2005405971                 /storage/home/hcoda1/4/hyu483/conda_envs/qgis332/lib/python3.11/site-packages/pandas/_libs/reshape.cpython-311-x86_64-linux-gnu.so
15546a868000-15546a969000 rw-p 00000000 00:00 0 
15546a969000-15546a96e000 r--p 00000000 00:30 2005417277                 /storage/home/hcoda1/4/hyu483/conda_envs/qgis332/lib/python3.11/site-packages/pandas/_libs/window/indexers.cpython-311-x86_64-linux-gnu.so
15546a96e000-15546a98b000 r-xp 00005000 00:30 2005417277                 /storage/home/hcoda1/4/hyu483/conda_envs/qgis332/lib/python3.11/site-packages/pandas/_libs/window/indexers.cpython-311-x86_64-linux-gnu.so
15546a98b000-15546a992000 r--p 00022000 00:30 2005417277                 /storage/home/hcoda1/4/hyu483/conda_envs/qgis332/lib/python3.11/site-packages/pandas/_libs/window/indexers.cpython-311-x86_64-linux-gnu.so
15546a992000-15546a993000 r--p 00029000 00:30 2005417277                 /storage/home/hcoda1/4/hyu483/conda_envs/qgis332/lib/python3.11/site-packages/pandas/_libs/window/indexers.cpython-311-x86_64-linux-gnu.so
15546a993000-15546a995000 rw-p 0002a000 00:30 2005417277                 /storage/home/hcoda1/4/hyu483/conda_envs/qgis332/lib/python3.11/site-packages/pandas/_libs/window/indexers.cpython-311-x86_64-linux-gnu.so
15546a995000-15546a99b000 r--p 00000000 00:30 2005420856                 /storage/home/hcoda1/4/hyu483/conda_envs/qgis332/lib/python3.11/site-packages/pandas/_libs/window/aggregations.cpython-311-x86_64-linux-gnu.so
15546a99b000-15546a9df000 r-xp 00006000 00:30 2005420856                 /storage/home/hcoda1/4/hyu483/conda_envs/qgis332/lib/python3.11/site-packages/pandas/_libs/window/aggregations.cpython-311-x86_64-linux-gnu.so
15546a9df000-15546a9e9000 r--p 0004a000 00:30 2005420856                 /storage/home/hcoda1/4/hyu483/conda_envs/qgis332/lib/python3.11/site-packages/pandas/_libs/window/aggregations.cpython-311-x86_64-linux-gnu.so
15546a9e9000-15546a9ea000 r--p 00054000 00:30 2005420856                 /storage/home/hcoda1/4/hyu483/conda_envs/qgis332/lib/python3.11/site-packages/pandas/_libs/window/aggregations.cpython-311-x86_64-linux-gnu.so
15546a9ea000-15546a9ec000 rw-p 00055000 00:30 2005420856                 /storage/home/hcoda1/4/hyu483/conda_envs/qgis332/lib/python3.11/site-packages/pandas/_libs/window/aggregations.cpython-311-x86_64-linux-gnu.so
15546a9ec000-15546abed000 rw-p 00000000 00:00 0 
15546abed000-15546abf4000 r--p 00000000 00:30 2005402119                 /storage/home/hcoda1/4/hyu483/conda_envs/qgis332/lib/python3.11/site-packages/pandas/_libs/join.cpython-311-x86_64-linux-gnu.so
15546abf4000-15546ad0f000 r-xp 00007000 00:30 2005402119                 /storage/home/hcoda1/4/hyu483/conda_envs/qgis332/lib/python3.11/site-packages/pandas/_libs/join.cpython-311-x86_64-linux-gnu.so
15546ad0f000-15546ad1d000 r--p 00122000 00:30 2005402119                 /storage/home/hcoda1/4/hyu483/conda_envs/qgis332/lib/python3.11/site-packages/pandas/_libs/join.cpython-311-x86_64-linux-gnu.so
15546ad1d000-15546ad1e000 r--p 00130000 00:30 2005402119                 /storage/home/hcoda1/4/hyu483/conda_envs/qgis332/lib/python3.11/site-packages/pandas/_libs/join.cpython-311-x86_64-linux-gnu.so
15546ad1e000-15546ad21000 rw-p 00131000 00:30 2005402119                 /storage/home/hcoda1/4/hyu483/conda_envs/qgis332/lib/python3.11/site-packages/pandas/_libs/join.cpython-311-x86_64-linux-gnu.so
15546ad21000-15546ad23000 rw-p 00000000 00:00 0 
15546ad23000-15546ad29000 r--p 00000000 00:30 2005412376                 /storage/home/hcoda1/4/hyu483/conda_envs/qgis332/lib/python3.11/site-packages/pandas/_libs/writers.cpython-311-x86_64-linux-gnu.so
15546ad29000-15546ad4e000 r-xp 00006000 00:30 2005412376                 /storage/home/hcoda1/4/hyu483/conda_envs/qgis332/lib/python3.11/site-packages/pandas/_libs/writers.cpython-311-x86_64-linux-gnu.so
15546ad4e000-15546ad56000 r--p 0002b000 00:30 2005412376                 /storage/home/hcoda1/4/hyu483/conda_envs/qgis332/lib/python3.11/site-packages/pandas/_libs/writers.cpython-311-x86_64-linux-gnu.so
15546ad56000-15546ad57000 r--p 00032000 00:30 2005412376                 /storage/home/hcoda1/4/hyu483/conda_envs/qgis332/lib/python3.11/site-packages/pandas/_libs/writers.cpython-311-x86_64-linux-gnu.so
15546ad57000-15546ad59000 rw-p 00033000 00:30 2005412376                 /storage/home/hcoda1/4/hyu483/conda_envs/qgis332/lib/python3.11/site-packages/pandas/_libs/writers.cpython-311-x86_64-linux-gnu.so
15546ad59000-15546ad5a000 rw-p 00000000 00:00 0 
15546ad5a000-15546ad64000 r--p 00000000 00:30 2005413789                 /storage/home/hcoda1/4/hyu483/conda_envs/qgis332/lib/python3.11/site-packages/pandas/_libs/index.cpython-311-x86_64-linux-gnu.so
15546ad64000-15546ae04000 r-xp 0000a000 00:30 2005413789                 /storage/home/hcoda1/4/hyu483/conda_envs/qgis332/lib/python3.11/site-packages/pandas/_libs/index.cpython-311-x86_64-linux-gnu.so
15546ae04000-15546ae1b000 r--p 000aa000 00:30 2005413789                 /storage/home/hcoda1/4/hyu483/conda_envs/qgis332/lib/python3.11/site-packages/pandas/_libs/index.cpython-311-x86_64-linux-gnu.so
15546ae1b000-15546ae1c000 r--p 000c0000 00:30 2005413789                 /storage/home/hcoda1/4/hyu483/conda_envs/qgis332/lib/python3.11/site-packages/pandas/_libs/index.cpython-311-x86_64-linux-gnu.so
15546ae1c000-15546ae24000 rw-p 000c1000 00:30 2005413789                 /storage/home/hcoda1/4/hyu483/conda_envs/qgis332/lib/python3.11/site-packages/pandas/_libs/index.cpython-311-x86_64-linux-gnu.so
15546ae24000-15546af27000 rw-p 00000000 00:00 0 
15546af27000-15546af2e000 r--p 00000000 00:30 2005421142                 /storage/home/hcoda1/4/hyu483/conda_envs/qgis332/lib/python3.11/site-packages/pandas/_libs/sparse.cpython-311-x86_64-linux-gnu.so
15546af2e000-15546afe4000 r-xp 00007000 00:30 2005421142                 /storage/home/hcoda1/4/hyu483/conda_envs/qgis332/lib/python3.11/site-packages/pandas/_libs/sparse.cpython-311-x86_64-linux-gnu.so
15546afe4000-15546aff1000 r--p 000bd000 00:30 2005421142                 /storage/home/hcoda1/4/hyu483/conda_envs/qgis332/lib/python3.11/site-packages/pandas/_libs/sparse.cpython-311-x86_64-linux-gnu.so
15546aff1000-15546aff2000 r--p 000ca000 00:30 2005421142                 /storage/home/hcoda1/4/hyu483/conda_envs/qgis332/lib/python3.11/site-packages/pandas/_libs/sparse.cpython-311-x86_64-linux-gnu.so
15546aff2000-15546aff5000 rw-p 000cb000 00:30 2005421142                 /storage/home/hcoda1/4/hyu483/conda_envs/qgis332/lib/python3.11/site-packages/pandas/_libs/sparse.cpython-311-x86_64-linux-gnu.so
15546aff5000-15546b4a2000 rw-p 00000000 00:00 0 
15546b4a2000-15546b4a6000 r--p 00000000 00:30 2005417720                 /storage/home/hcoda1/4/hyu483/conda_envs/qgis332/lib/python3.11/site-packages/pandas/_libs/arrays.cpython-311-x86_64-linux-gnu.so
15546b4a6000-15546b4b8000 r-xp 00004000 00:30 2005417720                 /storage/home/hcoda1/4/hyu483/conda_envs/qgis332/lib/python3.11/site-packages/pandas/_libs/arrays.cpython-311-x86_64-linux-gnu.so
15546b4b8000-15546b4bc000 r--p 00016000 00:30 2005417720                 /storage/home/hcoda1/4/hyu483/conda_envs/qgis332/lib/python3.11/site-packages/pandas/_libs/arrays.cpython-311-x86_64-linux-gnu.so
15546b4bc000-15546b4bd000 r--p 0001a000 00:30 2005417720                 /storage/home/hcoda1/4/hyu483/conda_envs/qgis332/lib/python3.11/site-packages/pandas/_libs/arrays.cpython-311-x86_64-linux-gnu.so
15546b4bd000-15546b4be000 rw-p 0001b000 00:30 2005417720                 /storage/home/hcoda1/4/hyu483/conda_envs/qgis332/lib/python3.11/site-packages/pandas/_libs/arrays.cpython-311-x86_64-linux-gnu.so
15546b4be000-15546b4bf000 rw-p 00000000 00:00 0 
15546b4bf000-15546b4c4000 r--p 00000000 00:30 2005418679                 /storage/home/hcoda1/4/hyu483/conda_envs/qgis332/lib/python3.11/site-packages/pandas/_libs/hashing.cpython-311-x86_64-linux-gnu.so
15546b4c4000-15546b4e2000 r-xp 00005000 00:30 2005418679                 /storage/home/hcoda1/4/hyu483/conda_envs/qgis332/lib/python3.11/site-packages/pandas/_libs/hashing.cpython-311-x86_64-linux-gnu.so
15546b4e2000-15546b4e9000 r--p 00023000 00:30 2005418679                 /storage/home/hcoda1/4/hyu483/conda_envs/qgis332/lib/python3.11/site-packages/pandas/_libs/hashing.cpython-311-x86_64-linux-gnu.so
15546b4e9000-15546b4ea000 r--p 0002a000 00:30 2005418679                 /storage/home/hcoda1/4/hyu483/conda_envs/qgis332/lib/python3.11/site-packages/pandas/_libs/hashing.cpython-311-x86_64-linux-gnu.so
15546b4ea000-15546b4ec000 rw-p 0002b000 00:30 2005418679                 /storage/home/hcoda1/4/hyu483/conda_envs/qgis332/lib/python3.11/site-packages/pandas/_libs/hashing.cpython-311-x86_64-linux-gnu.so
15546b4ec000-15546b4ed000 ---p 00000000 00:00 0 
15546b4ed000-15546b6ed000 rw-p 00000000 00:00 0 
15546b6ed000-15546b6ee000 ---p 00000000 00:00 0 
15546b6ee000-15546b8ee000 rw-p 00000000 00:00 0 
15546b8ee000-15546b8ef000 ---p 00000000 00:00 0 
15546b8ef000-15546baef000 rw-p 00000000 00:00 0 
15546baef000-15546baf0000 ---p 00000000 00:00 0 
15546baf0000-15546bcf0000 rw-p 00000000 00:00 0 
15546bcf0000-15546bcf1000 ---p 00000000 00:00 0 
15546bcf1000-15546bef1000 rw-p 00000000 00:00 0 
15546bef1000-15546bef2000 ---p 00000000 00:00 0 
15546bef2000-15546c0f2000 rw-p 00000000 00:00 0 
15546c0f2000-15546c0f3000 ---p 00000000 00:00 0 
15546c0f3000-15546c2f3000 rw-p 00000000 00:00 0 
15546c2f3000-15546c2f4000 ---p 00000000 00:00 0 
15546c2f4000-15546c4f4000 rw-p 00000000 00:00 0 
15546c4f4000-15546c4f5000 ---p 00000000 00:00 0 
15546c4f5000-15546c6f5000 rw-p 00000000 00:00 0 
15546c6f5000-15546c6f6000 ---p 00000000 00:00 0 
15546c6f6000-15546c8f6000 rw-p 00000000 00:00 0 
15546c8f6000-15546c8f7000 ---p 00000000 00:00 0 
15546c8f7000-15546caf7000 rw-p 00000000 00:00 0 
15546caf7000-15546caf8000 ---p 00000000 00:00 0 
15546caf8000-15546ccf8000 rw-p 00000000 00:00 0 
15546ccf8000-15546ccf9000 ---p 00000000 00:00 0 
15546ccf9000-15546cef9000 rw-p 00000000 00:00 0 
15546cef9000-15546cefa000 ---p 00000000 00:00 0 
15546cefa000-15546d0fa000 rw-p 00000000 00:00 0 
15546d0fa000-15546d0fb000 ---p 00000000 00:00 0 
15546d0fb000-15546d2fb000 rw-p 00000000 00:00 0 
15546d2fb000-15546d2fc000 ---p 00000000 00:00 0 
15546d2fc000-15546d4fc000 rw-p 00000000 00:00 0 
15546d4fc000-15546d500000 r--p 00000000 00:30 1886350353                 /storage/home/hcoda1/4/hyu483/.local/lib/python3.11/site-packages/numexpr/interpreter.cpython-311-x86_64-linux-gnu.so
15546d500000-15546d527000 r-xp 00004000 00:30 1886350353                 /storage/home/hcoda1/4/hyu483/.local/lib/python3.11/site-packages/numexpr/interpreter.cpython-311-x86_64-linux-gnu.so
15546d527000-15546d52a000 r--p 0002b000 00:30 1886350353                 /storage/home/hcoda1/4/hyu483/.local/lib/python3.11/site-packages/numexpr/interpreter.cpython-311-x86_64-linux-gnu.so
15546d52a000-15546d52b000 r--p 0002e000 00:30 1886350353                 /storage/home/hcoda1/4/hyu483/.local/lib/python3.11/site-packages/numexpr/interpreter.cpython-311-x86_64-linux-gnu.so
15546d52b000-15546d52c000 rw-p 0002f000 00:30 1886350353                 /storage/home/hcoda1/4/hyu483/.local/lib/python3.11/site-packages/numexpr/interpreter.cpython-311-x86_64-linux-gnu.so
15546d52c000-15546d532000 r--p 00000000 00:30 2005531780                 /storage/home/hcoda1/4/hyu483/conda_envs/qgis332/lib/python3.11/site-packages/pandas/_libs/ops.cpython-311-x86_64-linux-gnu.so
15546d532000-15546d55a000 r-xp 00006000 00:30 2005531780                 /storage/home/hcoda1/4/hyu483/conda_envs/qgis332/lib/python3.11/site-packages/pandas/_libs/ops.cpython-311-x86_64-linux-gnu.so
15546d55a000-15546d562000 r--p 0002e000 00:30 2005531780                 /storage/home/hcoda1/4/hyu483/conda_envs/qgis332/lib/python3.11/site-packages/pandas/_libs/ops.cpython-311-x86_64-linux-gnu.so
15546d562000-15546d563000 r--p 00035000 00:30 2005531780                 /storage/home/hcoda1/4/hyu483/conda_envs/qgis332/lib/python3.11/site-packages/pandas/_libs/ops.cpython-311-x86_64-linux-gnu.so
15546d563000-15546d565000 rw-p 00036000 00:30 2005531780                 /storage/home/hcoda1/4/hyu483/conda_envs/qgis332/lib/python3.11/site-packages/pandas/_libs/ops.cpython-311-x86_64-linux-gnu.so
15546d565000-15546d666000 rw-p 00000000 00:00 0 
15546d666000-15546d66f000 r--p 00000000 00:30 2005420455                 /storage/home/hcoda1/4/hyu483/conda_envs/qgis332/lib/python3.11/site-packages/pandas/_libs/lib.cpython-311-x86_64-linux-gnu.so
15546d66f000-15546d70a000 r-xp 00009000 00:30 2005420455                 /storage/home/hcoda1/4/hyu483/conda_envs/qgis332/lib/python3.11/site-packages/pandas/_libs/lib.cpython-311-x86_64-linux-gnu.so
15546d70a000-15546d721000 r--p 000a4000 00:30 2005420455                 /storage/home/hcoda1/4/hyu483/conda_envs/qgis332/lib/python3.11/site-packages/pandas/_libs/lib.cpython-311-x86_64-linux-gnu.so
15546d721000-15546d722000 r--p 000bb000 00:30 2005420455                 /storage/home/hcoda1/4/hyu483/conda_envs/qgis332/lib/python3.11/site-packages/pandas/_libs/lib.cpython-311-x86_64-linux-gnu.so
15546d722000-15546d728000 rw-p 000bc000 00:30 2005420455                 /storage/home/hcoda1/4/hyu483/conda_envs/qgis332/lib/python3.11/site-packages/pandas/_libs/lib.cpython-311-x86_64-linux-gnu.so
15546d728000-15546d82a000 rw-p 00000000 00:00 0 
15546d82a000-15546d833000 r--p 00000000 00:30 2094260140                 /storage/home/hcoda1/4/hyu483/conda_envs/qgis332/lib/python3.11/site-packages/pandas/_libs/algos.cpython-311-x86_64-linux-gnu.so
15546d833000-15546d9ee000 r-xp 00009000 00:30 2094260140                 /storage/home/hcoda1/4/hyu483/conda_envs/qgis332/lib/python3.11/site-packages/pandas/_libs/algos.cpython-311-x86_64-linux-gnu.so
15546d9ee000-15546da09000 r--p 001c4000 00:30 2094260140                 /storage/home/hcoda1/4/hyu483/conda_envs/qgis332/lib/python3.11/site-packages/pandas/_libs/algos.cpython-311-x86_64-linux-gnu.so
15546da09000-15546da0a000 r--p 001df000 00:30 2094260140                 /storage/home/hcoda1/4/hyu483/conda_envs/qgis332/lib/python3.11/site-packages/pandas/_libs/algos.cpython-311-x86_64-linux-gnu.so
15546da0a000-15546da0e000 rw-p 001e0000 00:30 2094260140                 /storage/home/hcoda1/4/hyu483/conda_envs/qgis332/lib/python3.11/site-packages/pandas/_libs/algos.cpython-311-x86_64-linux-gnu.so
15546da0e000-15546da12000 rw-p 00000000 00:00 0 
15546da12000-15546da15000 r--p 00000000 00:30 2005412605                 /storage/home/hcoda1/4/hyu483/conda_envs/qgis332/lib/python3.11/site-packages/pandas/_libs/ops_dispatch.cpython-311-x86_64-linux-gnu.so
15546da15000-15546da1d000 r-xp 00003000 00:30 2005412605                 /storage/home/hcoda1/4/hyu483/conda_envs/qgis332/lib/python3.11/site-packages/pandas/_libs/ops_dispatch.cpython-311-x86_64-linux-gnu.so
15546da1d000-15546da1f000 r--p 0000b000 00:30 2005412605                 /storage/home/hcoda1/4/hyu483/conda_envs/qgis332/lib/python3.11/site-packages/pandas/_libs/ops_dispatch.cpython-311-x86_64-linux-gnu.so
15546da1f000-15546da20000 r--p 0000d000 00:30 2005412605                 /storage/home/hcoda1/4/hyu483/conda_envs/qgis332/lib/python3.11/site-packages/pandas/_libs/ops_dispatch.cpython-311-x86_64-linux-gnu.so
15546da20000-15546da21000 rw-p 0000e000 00:30 2005412605                 /storage/home/hcoda1/4/hyu483/conda_envs/qgis332/lib/python3.11/site-packages/pandas/_libs/ops_dispatch.cpython-311-x86_64-linux-gnu.so
15546da21000-15546da26000 r--p 00000000 00:30 2005422337                 /storage/home/hcoda1/4/hyu483/conda_envs/qgis332/lib/python3.11/site-packages/pandas/_libs/tslibs/vectorized.cpython-311-x86_64-linux-gnu.so
15546da26000-15546da4a000 r-xp 00005000 00:30 2005422337                 /storage/home/hcoda1/4/hyu483/conda_envs/qgis332/lib/python3.11/site-packages/pandas/_libs/tslibs/vectorized.cpython-311-x86_64-linux-gnu.so
15546da4a000-15546da52000 r--p 00029000 00:30 2005422337                 /storage/home/hcoda1/4/hyu483/conda_envs/qgis332/lib/python3.11/site-packages/pandas/_libs/tslibs/vectorized.cpython-311-x86_64-linux-gnu.so
15546da52000-15546da53000 r--p 00031000 00:30 2005422337                 /storage/home/hcoda1/4/hyu483/conda_envs/qgis332/lib/python3.11/site-packages/pandas/_libs/tslibs/vectorized.cpython-311-x86_64-linux-gnu.so
15546da53000-15546da55000 rw-p 00032000 00:30 2005422337                 /storage/home/hcoda1/4/hyu483/conda_envs/qgis332/lib/python3.11/site-packages/pandas/_libs/tslibs/vectorized.cpython-311-x86_64-linux-gnu.so
15546da55000-15546da5c000 r--p 00000000 00:30 2005421285                 /storage/home/hcoda1/4/hyu483/conda_envs/qgis332/lib/python3.11/site-packages/pandas/_libs/tslibs/period.cpython-311-x86_64-linux-gnu.so
15546da5c000-15546daad000 r-xp 00007000 00:30 2005421285                 /storage/home/hcoda1/4/hyu483/conda_envs/qgis332/lib/python3.11/site-packages/pandas/_libs/tslibs/period.cpython-311-x86_64-linux-gnu.so
15546daad000-15546dac5000 r--p 00058000 00:30 2005421285                 /storage/home/hcoda1/4/hyu483/conda_envs/qgis332/lib/python3.11/site-packages/pandas/_libs/tslibs/period.cpython-311-x86_64-linux-gnu.so
15546dac5000-15546dac6000 r--p 00070000 00:30 2005421285                 /storage/home/hcoda1/4/hyu483/conda_envs/qgis332/lib/python3.11/site-packages/pandas/_libs/tslibs/period.cpython-311-x86_64-linux-gnu.so
15546dac6000-15546dac9000 rw-p 00071000 00:30 2005421285                 /storage/home/hcoda1/4/hyu483/conda_envs/qgis332/lib/python3.11/site-packages/pandas/_libs/tslibs/period.cpython-311-x86_64-linux-gnu.so
15546dac9000-15546daca000 rw-p 00000000 00:00 0 
15546daca000-15546dad0000 r--p 00000000 00:30 2005418514                 /storage/home/hcoda1/4/hyu483/conda_envs/qgis332/lib/python3.11/site-packages/pandas/_libs/tslibs/strptime.cpython-311-x86_64-linux-gnu.so
15546dad0000-15546db14000 r-xp 00006000 00:30 2005418514                 /storage/home/hcoda1/4/hyu483/conda_envs/qgis332/lib/python3.11/site-packages/pandas/_libs/tslibs/strptime.cpython-311-x86_64-linux-gnu.so
15546db14000-15546db1e000 r--p 0004a000 00:30 2005418514                 /storage/home/hcoda1/4/hyu483/conda_envs/qgis332/lib/python3.11/site-packages/pandas/_libs/tslibs/strptime.cpython-311-x86_64-linux-gnu.so
15546db1e000-15546db1f000 r--p 00054000 00:30 2005418514                 /storage/home/hcoda1/4/hyu483/conda_envs/qgis332/lib/python3.11/site-packages/pandas/_libs/tslibs/strptime.cpython-311-x86_64-linux-gnu.so
15546db1f000-15546db21000 rw-p 00055000 00:30 2005418514                 /storage/home/hcoda1/4/hyu483/conda_envs/qgis332/lib/python3.11/site-packages/pandas/_libs/tslibs/strptime.cpython-311-x86_64-linux-gnu.so
15546db21000-15546db22000 rw-p 00000000 00:00 0 
15546db22000-15546db29000 r--p 00000000 00:30 2005411455                 /storage/home/hcoda1/4/hyu483/conda_envs/qgis332/lib/python3.11/site-packages/pandas/_libs/tslibs/parsing.cpython-311-x86_64-linux-gnu.so
15546db29000-15546db71000 r-xp 00007000 00:30 2005411455                 /storage/home/hcoda1/4/hyu483/conda_envs/qgis332/lib/python3.11/site-packages/pandas/_libs/tslibs/parsing.cpython-311-x86_64-linux-gnu.so
15546db71000-15546db7d000 r--p 0004f000 00:30 2005411455                 /storage/home/hcoda1/4/hyu483/conda_envs/qgis332/lib/python3.11/site-packages/pandas/_libs/tslibs/parsing.cpython-311-x86_64-linux-gnu.so
15546db7d000-15546db7e000 r--p 0005b000 00:30 2005411455                 /storage/home/hcoda1/4/hyu483/conda_envs/qgis332/lib/python3.11/site-packages/pandas/_libs/tslibs/parsing.cpython-311-x86_64-linux-gnu.so
15546db7e000-15546db80000 rw-p 0005c000 00:30 2005411455                 /storage/home/hcoda1/4/hyu483/conda_envs/qgis332/lib/python3.11/site-packages/pandas/_libs/tslibs/parsing.cpython-311-x86_64-linux-gnu.so
15546db80000-15546db82000 rw-p 00000000 00:00 0 
15546db82000-15546db86000 r--p 00000000 00:30 2005532411                 /storage/home/hcoda1/4/hyu483/conda_envs/qgis332/lib/python3.11/site-packages/pandas/_libs/properties.cpython-311-x86_64-linux-gnu.so
15546db86000-15546db91000 r-xp 00004000 00:30 2005532411                 /storage/home/hcoda1/4/hyu483/conda_envs/qgis332/lib/python3.11/site-packages/pandas/_libs/properties.cpython-311-x86_64-linux-gnu.so
15546db91000-15546db94000 r--p 0000f000 00:30 2005532411                 /storage/home/hcoda1/4/hyu483/conda_envs/qgis332/lib/python3.11/site-packages/pandas/_libs/properties.cpython-311-x86_64-linux-gnu.so
15546db94000-15546db95000 r--p 00012000 00:30 2005532411                 /storage/home/hcoda1/4/hyu483/conda_envs/qgis332/lib/python3.11/site-packages/pandas/_libs/properties.cpython-311-x86_64-linux-gnu.so
15546db95000-15546db96000 rw-p 00013000 00:30 2005532411                 /storage/home/hcoda1/4/hyu483/conda_envs/qgis332/lib/python3.11/site-packages/pandas/_libs/properties.cpython-311-x86_64-linux-gnu.so
15546db96000-15546db9c000 r--p 00000000 00:30 2005413418                 /storage/home/hcoda1/4/hyu483/conda_envs/qgis332/lib/python3.11/site-packages/pandas/_libs/tslibs/tzconversion.cpython-311-x86_64-linux-gnu.so
15546db9c000-15546dbd2000 r-xp 00006000 00:30 2005413418                 /storage/home/hcoda1/4/hyu483/conda_envs/qgis332/lib/python3.11/site-packages/pandas/_libs/tslibs/tzconversion.cpython-311-x86_64-linux-gnu.so
15546dbd2000-15546dbdb000 r--p 0003c000 00:30 2005413418                 /storage/home/hcoda1/4/hyu483/conda_envs/qgis332/lib/python3.11/site-packages/pandas/_libs/tslibs/tzconversion.cpython-311-x86_64-linux-gnu.so
15546dbdb000-15546dbdc000 r--p 00045000 00:30 2005413418                 /storage/home/hcoda1/4/hyu483/conda_envs/qgis332/lib/python3.11/site-packages/pandas/_libs/tslibs/tzconversion.cpython-311-x86_64-linux-gnu.so
15546dbdc000-15546dbde000 rw-p 00046000 00:30 2005413418                 /storage/home/hcoda1/4/hyu483/conda_envs/qgis332/lib/python3.11/site-packages/pandas/_libs/tslibs/tzconversion.cpython-311-x86_64-linux-gnu.so
15546dbde000-15546dbdf000 rw-p 00000000 00:00 0 
15546dbdf000-15546dbe5000 r--p 00000000 00:30 2005410152                 /storage/home/hcoda1/4/hyu483/conda_envs/qgis332/lib/python3.11/site-packages/pandas/_libs/tslibs/fields.cpython-311-x86_64-linux-gnu.so
15546dbe5000-15546dc1c000 r-xp 00006000 00:30 2005410152                 /storage/home/hcoda1/4/hyu483/conda_envs/qgis332/lib/python3.11/site-packages/pandas/_libs/tslibs/fields.cpython-311-x86_64-linux-gnu.so
15546dc1c000-15546dc26000 r--p 0003d000 00:30 2005410152                 /storage/home/hcoda1/4/hyu483/conda_envs/qgis332/lib/python3.11/site-packages/pandas/_libs/tslibs/fields.cpython-311-x86_64-linux-gnu.so
15546dc26000-15546dc27000 r--p 00046000 00:30 2005410152                 /storage/home/hcoda1/4/hyu483/conda_envs/qgis332/lib/python3.11/site-packages/pandas/_libs/tslibs/fields.cpython-311-x86_64-linux-gnu.so
15546dc27000-15546dc29000 rw-p 00047000 00:30 2005410152                 /storage/home/hcoda1/4/hyu483/conda_envs/qgis332/lib/python3.11/site-packages/pandas/_libs/tslibs/fields.cpython-311-x86_64-linux-gnu.so
15546dc29000-15546dc2a000 rw-p 00000000 00:00 0 
15546dc2a000-15546dc2c000 r--p 00000000 00:30 1883947889                 /storage/home/hcoda1/4/hyu483/conda_envs/qgis332/lib/python3.11/lib-dynload/_zoneinfo.cpython-311-x86_64-linux-gnu.so
15546dc2c000-15546dc31000 r-xp 00002000 00:30 1883947889                 /storage/home/hcoda1/4/hyu483/conda_envs/qgis332/lib/python3.11/lib-dynload/_zoneinfo.cpython-311-x86_64-linux-gnu.so
15546dc31000-15546dc32000 r--p 00007000 00:30 1883947889                 /storage/home/hcoda1/4/hyu483/conda_envs/qgis332/lib/python3.11/lib-dynload/_zoneinfo.cpython-311-x86_64-linux-gnu.so
15546dc32000-15546dc33000 r--p 00008000 00:30 1883947889                 /storage/home/hcoda1/4/hyu483/conda_envs/qgis332/lib/python3.11/lib-dynload/_zoneinfo.cpython-311-x86_64-linux-gnu.so
15546dc33000-15546dc34000 rw-p 00009000 00:30 1883947889                 /storage/home/hcoda1/4/hyu483/conda_envs/qgis332/lib/python3.11/lib-dynload/_zoneinfo.cpython-311-x86_64-linux-gnu.so
15546dc34000-15546dc3a000 r--p 00000000 00:30 2094164605                 /storage/home/hcoda1/4/hyu483/conda_envs/qgis332/lib/python3.11/site-packages/pandas/_libs/tslibs/timezones.cpython-311-x86_64-linux-gnu.so
15546dc3a000-15546dc67000 r-xp 00006000 00:30 2094164605                 /storage/home/hcoda1/4/hyu483/conda_envs/qgis332/lib/python3.11/site-packages/pandas/_libs/tslibs/timezones.cpython-311-x86_64-linux-gnu.so
15546dc67000-15546dc70000 r--p 00033000 00:30 2094164605                 /storage/home/hcoda1/4/hyu483/conda_envs/qgis332/lib/python3.11/site-packages/pandas/_libs/tslibs/timezones.cpython-311-x86_64-linux-gnu.so
15546dc70000-15546dc71000 r--p 0003b000 00:30 2094164605                 /storage/home/hcoda1/4/hyu483/conda_envs/qgis332/lib/python3.11/site-packages/pandas/_libs/tslibs/timezones.cpython-311-x86_64-linux-gnu.so
15546dc71000-15546dc73000 rw-p 0003c000 00:30 2094164605                 /storage/home/hcoda1/4/hyu483/conda_envs/qgis332/lib/python3.11/site-packages/pandas/_libs/tslibs/timezones.cpython-311-x86_64-linux-gnu.so
15546dc73000-15546dc74000 rw-p 00000000 00:00 0 
15546dc74000-15546dc7c000 r--p 00000000 00:30 2005412434                 /storage/home/hcoda1/4/hyu483/conda_envs/qgis332/lib/python3.11/site-packages/pandas/_libs/tslibs/timedeltas.cpython-311-x86_64-linux-gnu.so
15546dc7c000-15546dce7000 r-xp 00008000 00:30 2005412434                 /storage/home/hcoda1/4/hyu483/conda_envs/qgis332/lib/python3.11/site-packages/pandas/_libs/tslibs/timedeltas.cpython-311-x86_64-linux-gnu.so
15546dce7000-15546dcfb000 r--p 00073000 00:30 2005412434                 /storage/home/hcoda1/4/hyu483/conda_envs/qgis332/lib/python3.11/site-packages/pandas/_libs/tslibs/timedeltas.cpython-311-x86_64-linux-gnu.so
15546dcfb000-15546dcfc000 r--p 00087000 00:30 2005412434                 /storage/home/hcoda1/4/hyu483/conda_envs/qgis332/lib/python3.11/site-packages/pandas/_libs/tslibs/timedeltas.cpython-311-x86_64-linux-gnu.so
15546dcfc000-15546dcff000 rw-p 00088000 00:30 2005412434                 /storage/home/hcoda1/4/hyu483/conda_envs/qgis332/lib/python3.11/site-packages/pandas/_libs/tslibs/timedeltas.cpython-311-x86_64-linux-gnu.so
15546dcff000-15546dd01000 rw-p 00000000 00:00 0 
15546dd01000-15546dd06000 r--p 00000000 00:30 2005404136                 /storage/home/hcoda1/4/hyu483/conda_envs/qgis332/lib/python3.11/site-packages/pandas/_libs/tslibs/nattype.cpython-311-x86_64-linux-gnu.so
15546dd06000-15546dd28000 r-xp 00005000 00:30 2005404136                 /storage/home/hcoda1/4/hyu483/conda_envs/qgis332/lib/python3.11/site-packages/pandas/_libs/tslibs/nattype.cpython-311-x86_64-linux-gnu.so
15546dd28000-15546dd35000 r--p 00027000 00:30 2005404136                 /storage/home/hcoda1/4/hyu483/conda_envs/qgis332/lib/python3.11/site-packages/pandas/_libs/tslibs/nattype.cpython-311-x86_64-linux-gnu.so
15546dd35000-15546dd36000 r--p 00034000 00:30 2005404136                 /storage/home/hcoda1/4/hyu483/conda_envs/qgis332/lib/python3.11/site-packages/pandas/_libs/tslibs/nattype.cpython-311-x86_64-linux-gnu.so
15546dd36000-15546dd38000 rw-p 00035000 00:30 2005404136                 /storage/home/hcoda1/4/hyu483/conda_envs/qgis332/lib/python3.11/site-packages/pandas/_libs/tslibs/nattype.cpython-311-x86_64-linux-gnu.so
15546dd38000-15546dd39000 rw-p 00000000 00:00 0 
15546dd39000-15546dd41000 r--p 00000000 00:30 2005422025                 /storage/home/hcoda1/4/hyu483/conda_envs/qgis332/lib/python3.11/site-packages/pandas/_libs/tslibs/timestamps.cpython-311-x86_64-linux-gnu.so
15546dd41000-15546dda5000 r-xp 00008000 00:30 2005422025                 /storage/home/hcoda1/4/hyu483/conda_envs/qgis332/lib/python3.11/site-packages/pandas/_libs/tslibs/timestamps.cpython-311-x86_64-linux-gnu.so
15546dda5000-15546ddc6000 r--p 0006c000 00:30 2005422025                 /storage/home/hcoda1/4/hyu483/conda_envs/qgis332/lib/python3.11/site-packages/pandas/_libs/tslibs/timestamps.cpython-311-x86_64-linux-gnu.so
15546ddc6000-15546ddc7000 r--p 0008c000 00:30 2005422025                 /storage/home/hcoda1/4/hyu483/conda_envs/qgis332/lib/python3.11/site-packages/pandas/_libs/tslibs/timestamps.cpython-311-x86_64-linux-gnu.so
15546ddc7000-15546ddca000 rw-p 0008d000 00:30 2005422025                 /storage/home/hcoda1/4/hyu483/conda_envs/qgis332/lib/python3.11/site-packages/pandas/_libs/tslibs/timestamps.cpython-311-x86_64-linux-gnu.so
15546ddca000-15546ddcc000 rw-p 00000000 00:00 0 
15546ddcc000-15546ddd8000 r--p 00000000 00:30 2005416137                 /storage/home/hcoda1/4/hyu483/conda_envs/qgis332/lib/python3.11/site-packages/pandas/_libs/tslibs/offsets.cpython-311-x86_64-linux-gnu.so
15546ddd8000-15546de9b000 r-xp 0000c000 00:30 2005416137                 /storage/home/hcoda1/4/hyu483/conda_envs/qgis332/lib/python3.11/site-packages/pandas/_libs/tslibs/offsets.cpython-311-x86_64-linux-gnu.so
15546de9b000-15546dec0000 r--p 000cf000 00:30 2005416137                 /storage/home/hcoda1/4/hyu483/conda_envs/qgis332/lib/python3.11/site-packages/pandas/_libs/tslibs/offsets.cpython-311-x86_64-linux-gnu.so
15546dec0000-15546dec1000 r--p 000f4000 00:30 2005416137                 /storage/home/hcoda1/4/hyu483/conda_envs/qgis332/lib/python3.11/site-packages/pandas/_libs/tslibs/offsets.cpython-311-x86_64-linux-gnu.so
15546dec1000-15546decb000 rw-p 000f5000 00:30 2005416137                 /storage/home/hcoda1/4/hyu483/conda_envs/qgis332/lib/python3.11/site-packages/pandas/_libs/tslibs/offsets.cpython-311-x86_64-linux-gnu.so
15546decb000-15546dece000 rw-p 00000000 00:00 0 
15546dece000-15546ded2000 r--p 00000000 00:30 2005412613                 /storage/home/hcoda1/4/hyu483/conda_envs/qgis332/lib/python3.11/site-packages/pandas/_libs/tslibs/base.cpython-311-x86_64-linux-gnu.so
15546ded2000-15546ded9000 r-xp 00004000 00:30 2005412613                 /storage/home/hcoda1/4/hyu483/conda_envs/qgis332/lib/python3.11/site-packages/pandas/_libs/tslibs/base.cpython-311-x86_64-linux-gnu.so
15546ded9000-15546dedb000 r--p 0000b000 00:30 2005412613                 /storage/home/hcoda1/4/hyu483/conda_envs/qgis332/lib/python3.11/site-packages/pandas/_libs/tslibs/base.cpython-311-x86_64-linux-gnu.so
15546dedb000-15546dedc000 r--p 0000d000 00:30 2005412613                 /storage/home/hcoda1/4/hyu483/conda_envs/qgis332/lib/python3.11/site-packages/pandas/_libs/tslibs/base.cpython-311-x86_64-linux-gnu.so
15546dedc000-15546dedd000 rw-p 0000e000 00:30 2005412613                 /storage/home/hcoda1/4/hyu483/conda_envs/qgis332/lib/python3.11/site-packages/pandas/_libs/tslibs/base.cpython-311-x86_64-linux-gnu.so
15546dedd000-15546dee3000 r--p 00000000 00:30 2005419835                 /storage/home/hcoda1/4/hyu483/conda_envs/qgis332/lib/python3.11/site-packages/pandas/_libs/tslibs/conversion.cpython-311-x86_64-linux-gnu.so
15546dee3000-15546df13000 r-xp 00006000 00:30 2005419835                 /storage/home/hcoda1/4/hyu483/conda_envs/qgis332/lib/python3.11/site-packages/pandas/_libs/tslibs/conversion.cpython-311-x86_64-linux-gnu.so
15546df13000-15546df1c000 r--p 00036000 00:30 2005419835                 /storage/home/hcoda1/4/hyu483/conda_envs/qgis332/lib/python3.11/site-packages/pandas/_libs/tslibs/conversion.cpython-311-x86_64-linux-gnu.so
15546df1c000-15546df1d000 r--p 0003f000 00:30 2005419835                 /storage/home/hcoda1/4/hyu483/conda_envs/qgis332/lib/python3.11/site-packages/pandas/_libs/tslibs/conversion.cpython-311-x86_64-linux-gnu.so
15546df1d000-15546df1f000 rw-p 00040000 00:30 2005419835                 /storage/home/hcoda1/4/hyu483/conda_envs/qgis332/lib/python3.11/site-packages/pandas/_libs/tslibs/conversion.cpython-311-x86_64-linux-gnu.so
15546df1f000-15546df20000 rw-p 00000000 00:00 0 
15546df20000-15546df24000 r--p 00000000 00:30 2005420583                 /storage/home/hcoda1/4/hyu483/conda_envs/qgis332/lib/python3.11/site-packages/pandas/_libs/tslibs/np_datetime.cpython-311-x86_64-linux-gnu.so
15546df24000-15546df3c000 r-xp 00004000 00:30 2005420583                 /storage/home/hcoda1/4/hyu483/conda_envs/qgis332/lib/python3.11/site-packages/pandas/_libs/tslibs/np_datetime.cpython-311-x86_64-linux-gnu.so
15546df3c000-15546df41000 r--p 0001c000 00:30 2005420583                 /storage/home/hcoda1/4/hyu483/conda_envs/qgis332/lib/python3.11/site-packages/pandas/_libs/tslibs/np_datetime.cpython-311-x86_64-linux-gnu.so
15546df41000-15546df42000 r--p 00021000 00:30 2005420583                 /storage/home/hcoda1/4/hyu483/conda_envs/qgis332/lib/python3.11/site-packages/pandas/_libs/tslibs/np_datetime.cpython-311-x86_64-linux-gnu.so
15546df42000-15546df43000 rw-p 00022000 00:30 2005420583                 /storage/home/hcoda1/4/hyu483/conda_envs/qgis332/lib/python3.11/site-packages/pandas/_libs/tslibs/np_datetime.cpython-311-x86_64-linux-gnu.so
15546df43000-15546df47000 r--p 00000000 00:30 2005415204                 /storage/home/hcoda1/4/hyu483/conda_envs/qgis332/lib/python3.11/site-packages/pandas/_libs/tslibs/ccalendar.cpython-311-x86_64-linux-gnu.so
15546df47000-15546df51000 r-xp 00004000 00:30 2005415204                 /storage/home/hcoda1/4/hyu483/conda_envs/qgis332/lib/python3.11/site-packages/pandas/_libs/tslibs/ccalendar.cpython-311-x86_64-linux-gnu.so
15546df51000-15546df54000 r--p 0000e000 00:30 2005415204                 /storage/home/hcoda1/4/hyu483/conda_envs/qgis332/lib/python3.11/site-packages/pandas/_libs/tslibs/ccalendar.cpython-311-x86_64-linux-gnu.so
15546df54000-15546df55000 r--p 00011000 00:30 2005415204                 /storage/home/hcoda1/4/hyu483/conda_envs/qgis332/lib/python3.11/site-packages/pandas/_libs/tslibs/ccalendar.cpython-311-x86_64-linux-gnu.so
15546df55000-15546df56000 rw-p 00012000 00:30 2005415204                 /storage/home/hcoda1/4/hyu483/conda_envs/qgis332/lib/python3.11/site-packages/pandas/_libs/tslibs/ccalendar.cpython-311-x86_64-linux-gnu.so
15546df56000-15546e056000 rw-p 00000000 00:00 0 
15546e056000-15546e05b000 r--p 00000000 00:30 2005408511                 /storage/home/hcoda1/4/hyu483/conda_envs/qgis332/lib/python3.11/site-packages/pandas/_libs/tslibs/dtypes.cpython-311-x86_64-linux-gnu.so
15546e05b000-15546e07c000 r-xp 00005000 00:30 2005408511                 /storage/home/hcoda1/4/hyu483/conda_envs/qgis332/lib/python3.11/site-packages/pandas/_libs/tslibs/dtypes.cpython-311-x86_64-linux-gnu.so
15546e07c000-15546e082000 r--p 00026000 00:30 2005408511                 /storage/home/hcoda1/4/hyu483/conda_envs/qgis332/lib/python3.11/site-packages/pandas/_libs/tslibs/dtypes.cpython-311-x86_64-linux-gnu.so
15546e082000-15546e083000 r--p 0002b000 00:30 2005408511                 /storage/home/hcoda1/4/hyu483/conda_envs/qgis332/lib/python3.11/site-packages/pandas/_libs/tslibs/dtypes.cpython-311-x86_64-linux-gnu.so
15546e083000-15546e084000 rw-p 0002c000 00:30 2005408511                 /storage/home/hcoda1/4/hyu483/conda_envs/qgis332/lib/python3.11/site-packages/pandas/_libs/tslibs/dtypes.cpython-311-x86_64-linux-gnu.so
15546e084000-15546e085000 rw-p 00000000 00:00 0 
15546e085000-15546e08a000 r--p 00000000 00:30 2005422395                 /storage/home/hcoda1/4/hyu483/conda_envs/qgis332/lib/python3.11/site-packages/pandas/_libs/missing.cpython-311-x86_64-linux-gnu.so
15546e08a000-15546e0ab000 r-xp 00005000 00:30 2005422395                 /storage/home/hcoda1/4/hyu483/conda_envs/qgis332/lib/python3.11/site-packages/pandas/_libs/missing.cpython-311-x86_64-linux-gnu.so
15546e0ab000-15546e0b2000 r--p 00026000 00:30 2005422395                 /storage/home/hcoda1/4/hyu483/conda_envs/qgis332/lib/python3.11/site-packages/pandas/_libs/missing.cpython-311-x86_64-linux-gnu.so
15546e0b2000-15546e0b3000 r--p 0002c000 00:30 2005422395                 /storage/home/hcoda1/4/hyu483/conda_envs/qgis332/lib/python3.11/site-packages/pandas/_libs/missing.cpython-311-x86_64-linux-gnu.so
15546e0b3000-15546e0b4000 rw-p 0002d000 00:30 2005422395                 /storage/home/hcoda1/4/hyu483/conda_envs/qgis332/lib/python3.11/site-packages/pandas/_libs/missing.cpython-311-x86_64-linux-gnu.so
15546e0b4000-15546e0b5000 rw-p 00000000 00:00 0 
15546e0b5000-15546e0c6000 r--p 00000000 00:30 2005414249                 /storage/home/hcoda1/4/hyu483/conda_envs/qgis332/lib/python3.11/site-packages/pandas/_libs/hashtable.cpython-311-x86_64-linux-gnu.so
15546e0c6000-15546e252000 r-xp 00011000 00:30 2005414249                 /storage/home/hcoda1/4/hyu483/conda_envs/qgis332/lib/python3.11/site-packages/pandas/_libs/hashtable.cpython-311-x86_64-linux-gnu.so
15546e252000-15546e289000 r--p 0019d000 00:30 2005414249                 /storage/home/hcoda1/4/hyu483/conda_envs/qgis332/lib/python3.11/site-packages/pandas/_libs/hashtable.cpython-311-x86_64-linux-gnu.so
15546e289000-15546e28a000 r--p 001d3000 00:30 2005414249                 /storage/home/hcoda1/4/hyu483/conda_envs/qgis332/lib/python3.11/site-packages/pandas/_libs/hashtable.cpython-311-x86_64-linux-gnu.so
15546e28a000-15546e298000 rw-p 001d4000 00:30 2005414249                 /storage/home/hcoda1/4/hyu483/conda_envs/qgis332/lib/python3.11/site-packages/pandas/_libs/hashtable.cpython-311-x86_64-linux-gnu.so
15546e298000-15546e29f000 rw-p 00000000 00:00 0 
15546e29f000-15546e2aa000 r--p 00000000 00:30 2005416280                 /storage/home/hcoda1/4/hyu483/conda_envs/qgis332/lib/python3.11/site-packages/pandas/_libs/interval.cpython-311-x86_64-linux-gnu.so
15546e2aa000-15546e3b5000 r-xp 0000b000 00:30 2005416280                 /storage/home/hcoda1/4/hyu483/conda_envs/qgis332/lib/python3.11/site-packages/pandas/_libs/interval.cpython-311-x86_64-linux-gnu.so
15546e3b5000-15546e3d3000 r--p 00116000 00:30 2005416280                 /storage/home/hcoda1/4/hyu483/conda_envs/qgis332/lib/python3.11/site-packages/pandas/_libs/interval.cpython-311-x86_64-linux-gnu.so
15546e3d3000-15546e3d4000 r--p 00133000 00:30 2005416280                 /storage/home/hcoda1/4/hyu483/conda_envs/qgis332/lib/python3.11/site-packages/pandas/_libs/interval.cpython-311-x86_64-linux-gnu.so
15546e3d4000-15546e3db000 rw-p 00134000 00:30 2005416280                 /storage/home/hcoda1/4/hyu483/conda_envs/qgis332/lib/python3.11/site-packages/pandas/_libs/interval.cpython-311-x86_64-linux-gnu.so
15546e3db000-15546e3dd000 rw-p 00000000 00:00 0 
15546e3dd000-15546e3df000 r--p 00000000 00:30 2094142674                 /storage/home/hcoda1/4/hyu483/conda_envs/qgis332/lib/python3.11/site-packages/pandas/_libs/pandas_datetime.cpython-311-x86_64-linux-gnu.so
15546e3df000-15546e3e4000 r-xp 00002000 00:30 2094142674                 /storage/home/hcoda1/4/hyu483/conda_envs/qgis332/lib/python3.11/site-packages/pandas/_libs/pandas_datetime.cpython-311-x86_64-linux-gnu.so
15546e3e4000-15546e3e6000 r--p 00007000 00:30 2094142674                 /storage/home/hcoda1/4/hyu483/conda_envs/qgis332/lib/python3.11/site-packages/pandas/_libs/pandas_datetime.cpython-311-x86_64-linux-gnu.so
15546e3e6000-15546e3e7000 r--p 00008000 00:30 2094142674                 /storage/home/hcoda1/4/hyu483/conda_envs/qgis332/lib/python3.11/site-packages/pandas/_libs/pandas_datetime.cpython-311-x86_64-linux-gnu.so
15546e3e7000-15546e3e8000 rw-p 00009000 00:30 2094142674                 /storage/home/hcoda1/4/hyu483/conda_envs/qgis332/lib/python3.11/site-packages/pandas/_libs/pandas_datetime.cpython-311-x86_64-linux-gnu.so
15546e3e8000-15546e3ea000 r--p 00000000 00:30 2005420751                 /storage/home/hcoda1/4/hyu483/conda_envs/qgis332/lib/python3.11/site-packages/pandas/_libs/pandas_parser.cpython-311-x86_64-linux-gnu.so
15546e3ea000-15546e3ef000 r-xp 00002000 00:30 2005420751                 /storage/home/hcoda1/4/hyu483/conda_envs/qgis332/lib/python3.11/site-packages/pandas/_libs/pandas_parser.cpython-311-x86_64-linux-gnu.so
15546e3ef000-15546e3f1000 r--p 00007000 00:30 2005420751                 /storage/home/hcoda1/4/hyu483/conda_envs/qgis332/lib/python3.11/site-packages/pandas/_libs/pandas_parser.cpython-311-x86_64-linux-gnu.so
15546e3f1000-15546e3f2000 r--p 00008000 00:30 2005420751                 /storage/home/hcoda1/4/hyu483/conda_envs/qgis332/lib/python3.11/site-packages/pandas/_libs/pandas_parser.cpython-311-x86_64-linux-gnu.so
15546e3f2000-15546e3f3000 rw-p 00009000 00:30 2005420751                 /storage/home/hcoda1/4/hyu483/conda_envs/qgis332/lib/python3.11/site-packages/pandas/_libs/pandas_parser.cpython-311-x86_64-linux-gnu.so
15546e3f3000-15546e4f3000 rw-p 00000000 00:00 0 
15546e4f3000-15546e4f9000 r--p 00000000 00:30 1896406246                 /storage/home/hcoda1/4/hyu483/conda_envs/qgis332/lib/python3.11/site-packages/scipy/ndimage/_ni_label.cpython-311-x86_64-linux-gnu.so
15546e4f9000-15546e53e000 r-xp 00006000 00:30 1896406246                 /storage/home/hcoda1/4/hyu483/conda_envs/qgis332/lib/python3.11/site-packages/scipy/ndimage/_ni_label.cpython-311-x86_64-linux-gnu.so
15546e53e000-15546e547000 r--p 0004b000 00:30 1896406246                 /storage/home/hcoda1/4/hyu483/conda_envs/qgis332/lib/python3.11/site-packages/scipy/ndimage/_ni_label.cpython-311-x86_64-linux-gnu.so
15546e547000-15546e548000 r--p 00054000 00:30 1896406246                 /storage/home/hcoda1/4/hyu483/conda_envs/qgis332/lib/python3.11/site-packages/scipy/ndimage/_ni_label.cpython-311-x86_64-linux-gnu.so
15546e548000-15546e54a000 rw-p 00055000 00:30 1896406246                 /storage/home/hcoda1/4/hyu483/conda_envs/qgis332/lib/python3.11/site-packages/scipy/ndimage/_ni_label.cpython-311-x86_64-linux-gnu.so
15546e54a000-15546e54b000 rw-p 00000000 00:00 0 
15546e54b000-15546e54f000 r--p 00000000 00:30 2005404994                 /storage/home/hcoda1/4/hyu483/conda_envs/qgis332/lib/python3.11/site-packages/scipy/special/_ellip_harm_2.cpython-311-x86_64-linux-gnu.so
15546e54f000-15546e55c000 r-xp 00004000 00:30 2005404994                 /storage/home/hcoda1/4/hyu483/conda_envs/qgis332/lib/python3.11/site-packages/scipy/special/_ellip_harm_2.cpython-311-x86_64-linux-gnu.so
15546e55c000-15546e55f000 r--p 00011000 00:30 2005404994                 /storage/home/hcoda1/4/hyu483/conda_envs/qgis332/lib/python3.11/site-packages/scipy/special/_ellip_harm_2.cpython-311-x86_64-linux-gnu.so
15546e55f000-15546e560000 r--p 00014000 00:30 2005404994                 /storage/home/hcoda1/4/hyu483/conda_envs/qgis332/lib/python3.11/site-packages/scipy/special/_ellip_harm_2.cpython-311-x86_64-linux-gnu.so
15546e560000-15546e561000 rw-p 00015000 00:30 2005404994                 /storage/home/hcoda1/4/hyu483/conda_envs/qgis332/lib/python3.11/site-packages/scipy/special/_ellip_harm_2.cpython-311-x86_64-linux-gnu.so
15546e561000-15546e567000 r--p 00000000 00:30 2005407841                 /storage/home/hcoda1/4/hyu483/conda_envs/qgis332/lib/python3.11/site-packages/scipy/sparse/csgraph/_reordering.cpython-311-x86_64-linux-gnu.so
15546e567000-15546e594000 r-xp 00006000 00:30 2005407841                 /storage/home/hcoda1/4/hyu483/conda_envs/qgis332/lib/python3.11/site-packages/scipy/sparse/csgraph/_reordering.cpython-311-x86_64-linux-gnu.so
15546e594000-15546e59d000 r--p 00033000 00:30 2005407841                 /storage/home/hcoda1/4/hyu483/conda_envs/qgis332/lib/python3.11/site-packages/scipy/sparse/csgraph/_reordering.cpython-311-x86_64-linux-gnu.so
15546e59d000-15546e59e000 r--p 0003c000 00:30 2005407841                 /storage/home/hcoda1/4/hyu483/conda_envs/qgis332/lib/python3.11/site-packages/scipy/sparse/csgraph/_reordering.cpython-311-x86_64-linux-gnu.so
15546e59e000-15546e5a0000 rw-p 0003d000 00:30 2005407841                 /storage/home/hcoda1/4/hyu483/conda_envs/qgis332/lib/python3.11/site-packages/scipy/sparse/csgraph/_reordering.cpython-311-x86_64-linux-gnu.so
15546e5a0000-15546e5a1000 rw-p 00000000 00:00 0 
15546e5a1000-15546e5a6000 r--p 00000000 00:30 2007907105                 /storage/home/hcoda1/4/hyu483/conda_envs/qgis332/lib/python3.11/site-packages/scipy/sparse/csgraph/_matching.cpython-311-x86_64-linux-gnu.so
15546e5a6000-15546e5d5000 r-xp 00005000 00:30 2007907105                 /storage/home/hcoda1/4/hyu483/conda_envs/qgis332/lib/python3.11/site-packages/scipy/sparse/csgraph/_matching.cpython-311-x86_64-linux-gnu.so
15546e5d5000-15546e5e2000 r--p 00034000 00:30 2007907105                 /storage/home/hcoda1/4/hyu483/conda_envs/qgis332/lib/python3.11/site-packages/scipy/sparse/csgraph/_matching.cpython-311-x86_64-linux-gnu.so
15546e5e2000-15546e5e3000 r--p 00041000 00:30 2007907105                 /storage/home/hcoda1/4/hyu483/conda_envs/qgis332/lib/python3.11/site-packages/scipy/sparse/csgraph/_matching.cpython-311-x86_64-linux-gnu.so
15546e5e3000-15546e5e5000 rw-p 00042000 00:30 2007907105                 /storage/home/hcoda1/4/hyu483/conda_envs/qgis332/lib/python3.11/site-packages/scipy/sparse/csgraph/_matching.cpython-311-x86_64-linux-gnu.so
15546e5e5000-15546e5e6000 rw-p 00000000 00:00 0 
15546e5e6000-15546e5eb000 r--p 00000000 00:30 2005531620                 /storage/home/hcoda1/4/hyu483/conda_envs/qgis332/lib/python3.11/site-packages/scipy/sparse/csgraph/_flow.cpython-311-x86_64-linux-gnu.so
15546e5eb000-15546e61a000 r-xp 00005000 00:30 2005531620                 /storage/home/hcoda1/4/hyu483/conda_envs/qgis332/lib/python3.11/site-packages/scipy/sparse/csgraph/_flow.cpython-311-x86_64-linux-gnu.so
15546e61a000-15546e626000 r--p 00034000 00:30 2005531620                 /storage/home/hcoda1/4/hyu483/conda_envs/qgis332/lib/python3.11/site-packages/scipy/sparse/csgraph/_flow.cpython-311-x86_64-linux-gnu.so
15546e626000-15546e627000 r--p 0003f000 00:30 2005531620                 /storage/home/hcoda1/4/hyu483/conda_envs/qgis332/lib/python3.11/site-packages/scipy/sparse/csgraph/_flow.cpython-311-x86_64-linux-gnu.so
15546e627000-15546e629000 rw-p 00040000 00:30 2005531620                 /storage/home/hcoda1/4/hyu483/conda_envs/qgis332/lib/python3.11/site-packages/scipy/sparse/csgraph/_flow.cpython-311-x86_64-linux-gnu.so
15546e629000-15546e62a000 rw-p 00000000 00:00 0 
15546e62a000-15546e62f000 r--p 00000000 00:30 2005405635                 /storage/home/hcoda1/4/hyu483/conda_envs/qgis332/lib/python3.11/site-packages/scipy/sparse/csgraph/_min_spanning_tree.cpython-311-x86_64-linux-gnu.so
15546e62f000-15546e651000 r-xp 00005000 00:30 2005405635                 /storage/home/hcoda1/4/hyu483/conda_envs/qgis332/lib/python3.11/site-packages/scipy/sparse/csgraph/_min_spanning_tree.cpython-311-x86_64-linux-gnu.so
15546e651000-15546e65a000 r--p 00027000 00:30 2005405635                 /storage/home/hcoda1/4/hyu483/conda_envs/qgis332/lib/python3.11/site-packages/scipy/sparse/csgraph/_min_spanning_tree.cpython-311-x86_64-linux-gnu.so
15546e65a000-15546e65b000 r--p 0002f000 00:30 2005405635                 /storage/home/hcoda1/4/hyu483/conda_envs/qgis332/lib/python3.11/site-packages/scipy/sparse/csgraph/_min_spanning_tree.cpython-311-x86_64-linux-gnu.so
15546e65b000-15546e65d000 rw-p 00030000 00:30 2005405635                 /storage/home/hcoda1/4/hyu483/conda_envs/qgis332/lib/python3.11/site-packages/scipy/sparse/csgraph/_min_spanning_tree.cpython-311-x86_64-linux-gnu.so
15546e65d000-15546e663000 r--p 00000000 00:30 2094244287                 /storage/home/hcoda1/4/hyu483/conda_envs/qgis332/lib/python3.11/site-packages/scipy/sparse/csgraph/_traversal.cpython-311-x86_64-linux-gnu.so
15546e663000-15546e6d0000 r-xp 00006000 00:30 2094244287                 /storage/home/hcoda1/4/hyu483/conda_envs/qgis332/lib/python3.11/site-packages/scipy/sparse/csgraph/_traversal.cpython-311-x86_64-linux-gnu.so
15546e6d0000-15546e6e0000 r--p 00073000 00:30 2094244287                 /storage/home/hcoda1/4/hyu483/conda_envs/qgis332/lib/python3.11/site-packages/scipy/sparse/csgraph/_traversal.cpython-311-x86_64-linux-gnu.so
15546e6e0000-15546e6e1000 r--p 00083000 00:30 2094244287                 /storage/home/hcoda1/4/hyu483/conda_envs/qgis332/lib/python3.11/site-packages/scipy/sparse/csgraph/_traversal.cpython-311-x86_64-linux-gnu.so
15546e6e1000-15546e6e3000 rw-p 00084000 00:30 2094244287                 /storage/home/hcoda1/4/hyu483/conda_envs/qgis332/lib/python3.11/site-packages/scipy/sparse/csgraph/_traversal.cpython-311-x86_64-linux-gnu.so
15546e6e3000-15546e6e4000 rw-p 00000000 00:00 0 
15546e6e4000-15546e6e8000 r--p 00000000 00:30 2005528384                 /storage/home/hcoda1/4/hyu483/conda_envs/qgis332/lib/python3.11/site-packages/scipy/sparse/csgraph/_tools.cpython-311-x86_64-linux-gnu.so
15546e6e8000-15546e704000 r-xp 00004000 00:30 2005528384                 /storage/home/hcoda1/4/hyu483/conda_envs/qgis332/lib/python3.11/site-packages/scipy/sparse/csgraph/_tools.cpython-311-x86_64-linux-gnu.so
15546e704000-15546e70e000 r--p 00020000 00:30 2005528384                 /storage/home/hcoda1/4/hyu483/conda_envs/qgis332/lib/python3.11/site-packages/scipy/sparse/csgraph/_tools.cpython-311-x86_64-linux-gnu.so
15546e70e000-15546e70f000 r--p 00029000 00:30 2005528384                 /storage/home/hcoda1/4/hyu483/conda_envs/qgis332/lib/python3.11/site-packages/scipy/sparse/csgraph/_tools.cpython-311-x86_64-linux-gnu.so
15546e70f000-15546e710000 rw-p 0002a000 00:30 2005528384                 /storage/home/hcoda1/4/hyu483/conda_envs/qgis332/lib/python3.11/site-packages/scipy/sparse/csgraph/_tools.cpython-311-x86_64-linux-gnu.so
15546e710000-15546e711000 rw-p 00000000 00:00 0 
15546e711000-15546e717000 r--p 00000000 00:30 2094140142                 /storage/home/hcoda1/4/hyu483/conda_envs/qgis332/lib/python3.11/site-packages/scipy/sparse/csgraph/_shortest_path.cpython-311-x86_64-linux-gnu.so
15546e717000-15546e76c000 r-xp 00006000 00:30 2094140142                 /storage/home/hcoda1/4/hyu483/conda_envs/qgis332/lib/python3.11/site-packages/scipy/sparse/csgraph/_shortest_path.cpython-311-x86_64-linux-gnu.so
15546e76c000-15546e781000 r--p 0005b000 00:30 2094140142                 /storage/home/hcoda1/4/hyu483/conda_envs/qgis332/lib/python3.11/site-packages/scipy/sparse/csgraph/_shortest_path.cpython-311-x86_64-linux-gnu.so
15546e781000-15546e782000 r--p 00070000 00:30 2094140142                 /storage/home/hcoda1/4/hyu483/conda_envs/qgis332/lib/python3.11/site-packages/scipy/sparse/csgraph/_shortest_path.cpython-311-x86_64-linux-gnu.so
15546e782000-15546e784000 rw-p 00071000 00:30 2094140142                 /storage/home/hcoda1/4/hyu483/conda_envs/qgis332/lib/python3.11/site-packages/scipy/sparse/csgraph/_shortest_path.cpython-311-x86_64-linux-gnu.so
15546e784000-15546e785000 rw-p 00000000 00:00 0 
15546e785000-15546e789000 r--p 00000000 00:30 2094263788                 /storage/home/hcoda1/4/hyu483/conda_envs/qgis332/lib/python3.11/site-packages/scipy/sparse/linalg/_propack/_zpropack.cpython-311-x86_64-linux-gnu.so
15546e789000-15546e797000 r-xp 00004000 00:30 2094263788                 /storage/home/hcoda1/4/hyu483/conda_envs/qgis332/lib/python3.11/site-packages/scipy/sparse/linalg/_propack/_zpropack.cpython-311-x86_64-linux-gnu.so
15546e797000-15546e79c000 r--p 00012000 00:30 2094263788                 /storage/home/hcoda1/4/hyu483/conda_envs/qgis332/lib/python3.11/site-packages/scipy/sparse/linalg/_propack/_zpropack.cpython-311-x86_64-linux-gnu.so
15546e79c000-15546e79d000 r--p 00016000 00:30 2094263788                 /storage/home/hcoda1/4/hyu483/conda_envs/qgis332/lib/python3.11/site-packages/scipy/sparse/linalg/_propack/_zpropack.cpython-311-x86_64-linux-gnu.so
15546e79d000-15546e7a2000 rw-p 00017000 00:30 2094263788                 /storage/home/hcoda1/4/hyu483/conda_envs/qgis332/lib/python3.11/site-packages/scipy/sparse/linalg/_propack/_zpropack.cpython-311-x86_64-linux-gnu.so
15546e7a2000-15546e7a6000 r--p 00000000 00:30 2005403167                 /storage/home/hcoda1/4/hyu483/conda_envs/qgis332/lib/python3.11/site-packages/scipy/sparse/linalg/_propack/_cpropack.cpython-311-x86_64-linux-gnu.so
15546e7a6000-15546e7b4000 r-xp 00004000 00:30 2005403167                 /storage/home/hcoda1/4/hyu483/conda_envs/qgis332/lib/python3.11/site-packages/scipy/sparse/linalg/_propack/_cpropack.cpython-311-x86_64-linux-gnu.so
15546e7b4000-15546e7b9000 r--p 00012000 00:30 2005403167                 /storage/home/hcoda1/4/hyu483/conda_envs/qgis332/lib/python3.11/site-packages/scipy/sparse/linalg/_propack/_cpropack.cpython-311-x86_64-linux-gnu.so
15546e7b9000-15546e7ba000 r--p 00016000 00:30 2005403167                 /storage/home/hcoda1/4/hyu483/conda_envs/qgis332/lib/python3.11/site-packages/scipy/sparse/linalg/_propack/_cpropack.cpython-311-x86_64-linux-gnu.so
15546e7ba000-15546e7be000 rw-p 00017000 00:30 2005403167                 /storage/home/hcoda1/4/hyu483/conda_envs/qgis332/lib/python3.11/site-packages/scipy/sparse/linalg/_propack/_cpropack.cpython-311-x86_64-linux-gnu.so
15546e7be000-15546e7bf000 rw-p 00000000 00:00 0 
15546e7bf000-15546e7c2000 r--p 00000000 00:30 1896406803                 /storage/home/hcoda1/4/hyu483/conda_envs/qgis332/lib/python3.11/site-packages/scipy/sparse/linalg/_propack/_dpropack.cpython-311-x86_64-linux-gnu.so
15546e7c2000-15546e7cf000 r-xp 00003000 00:30 1896406803                 /storage/home/hcoda1/4/hyu483/conda_envs/qgis332/lib/python3.11/site-packages/scipy/sparse/linalg/_propack/_dpropack.cpython-311-x86_64-linux-gnu.so
15546e7cf000-15546e7d4000 r--p 00010000 00:30 1896406803                 /storage/home/hcoda1/4/hyu483/conda_envs/qgis332/lib/python3.11/site-packages/scipy/sparse/linalg/_propack/_dpropack.cpython-311-x86_64-linux-gnu.so
15546e7d4000-15546e7d5000 r--p 00014000 00:30 1896406803                 /storage/home/hcoda1/4/hyu483/conda_envs/qgis332/lib/python3.11/site-packages/scipy/sparse/linalg/_propack/_dpropack.cpython-311-x86_64-linux-gnu.so
15546e7d5000-15546e7d9000 rw-p 00015000 00:30 1896406803                 /storage/home/hcoda1/4/hyu483/conda_envs/qgis332/lib/python3.11/site-packages/scipy/sparse/linalg/_propack/_dpropack.cpython-311-x86_64-linux-gnu.so
15546e7d9000-15546e7dc000 r--p 00000000 00:30 2005406993                 /storage/home/hcoda1/4/hyu483/conda_envs/qgis332/lib/python3.11/site-packages/scipy/sparse/linalg/_propack/_spropack.cpython-311-x86_64-linux-gnu.so
15546e7dc000-15546e7e9000 r-xp 00003000 00:30 2005406993                 /storage/home/hcoda1/4/hyu483/conda_envs/qgis332/lib/python3.11/site-packages/scipy/sparse/linalg/_propack/_spropack.cpython-311-x86_64-linux-gnu.so
15546e7e9000-15546e7ee000 r--p 00010000 00:30 2005406993                 /storage/home/hcoda1/4/hyu483/conda_envs/qgis332/lib/python3.11/site-packages/scipy/sparse/linalg/_propack/_spropack.cpython-311-x86_64-linux-gnu.so
15546e7ee000-15546e7ef000 r--p 00014000 00:30 2005406993                 /storage/home/hcoda1/4/hyu483/conda_envs/qgis332/lib/python3.11/site-packages/scipy/sparse/linalg/_propack/_spropack.cpython-311-x86_64-linux-gnu.so
15546e7ef000-15546e7f3000 rw-p 00015000 00:30 2005406993                 /storage/home/hcoda1/4/hyu483/conda_envs/qgis332/lib/python3.11/site-packages/scipy/sparse/linalg/_propack/_spropack.cpython-311-x86_64-linux-gnu.so
15546e7f3000-15546e7f9000 r--p 00000000 00:30 2094148894                 /storage/home/hcoda1/4/hyu483/conda_envs/qgis332/lib/python3.11/site-packages/scipy/sparse/linalg/_eigen/arpack/_arpack.cpython-311-x86_64-linux-gnu.so
15546e7f9000-15546e843000 r-xp 00006000 00:30 2094148894                 /storage/home/hcoda1/4/hyu483/conda_envs/qgis332/lib/python3.11/site-packages/scipy/sparse/linalg/_eigen/arpack/_arpack.cpython-311-x86_64-linux-gnu.so
15546e843000-15546e854000 r--p 00050000 00:30 2094148894                 /storage/home/hcoda1/4/hyu483/conda_envs/qgis332/lib/python3.11/site-packages/scipy/sparse/linalg/_eigen/arpack/_arpack.cpython-311-x86_64-linux-gnu.so
15546e854000-15546e855000 r--p 00060000 00:30 2094148894                 /storage/home/hcoda1/4/hyu483/conda_envs/qgis332/lib/python3.11/site-packages/scipy/sparse/linalg/_eigen/arpack/_arpack.cpython-311-x86_64-linux-gnu.so
15546e855000-15546e860000 rw-p 00061000 00:30 2094148894                 /storage/home/hcoda1/4/hyu483/conda_envs/qgis332/lib/python3.11/site-packages/scipy/sparse/linalg/_eigen/arpack/_arpack.cpython-311-x86_64-linux-gnu.so
15546e860000-15546e863000 r--p 00000000 00:30 2005529879                 /storage/home/hcoda1/4/hyu483/conda_envs/qgis332/lib/python3.11/site-packages/scipy/sparse/linalg/_dsolve/_superlu.cpython-311-x86_64-linux-gnu.so
15546e863000-15546e89f000 r-xp 00003000 00:30 2005529879                 /storage/home/hcoda1/4/hyu483/conda_envs/qgis332/lib/python3.11/site-packages/scipy/sparse/linalg/_dsolve/_superlu.cpython-311-x86_64-linux-gnu.so
15546e89f000-15546e8a8000 r--p 0003f000 00:30 2005529879                 /storage/home/hcoda1/4/hyu483/conda_envs/qgis332/lib/python3.11/site-packages/scipy/sparse/linalg/_dsolve/_superlu.cpython-311-x86_64-linux-gnu.so
15546e8a8000-15546e8a9000 r--p 00047000 00:30 2005529879                 /storage/home/hcoda1/4/hyu483/conda_envs/qgis332/lib/python3.11/site-packages/scipy/sparse/linalg/_dsolve/_superlu.cpython-311-x86_64-linux-gnu.so
15546e8a9000-15546e8aa000 rw-p 00048000 00:30 2005529879                 /storage/home/hcoda1/4/hyu483/conda_envs/qgis332/lib/python3.11/site-packages/scipy/sparse/linalg/_dsolve/_superlu.cpython-311-x86_64-linux-gnu.so
15546e8aa000-15546e9aa000 rw-p 00000000 00:00 0 
15546e9aa000-15546e9b1000 r--p 00000000 00:30 2005409426                 /storage/home/hcoda1/4/hyu483/conda_envs/qgis332/lib/python3.11/site-packages/scipy/sparse/_csparsetools.cpython-311-x86_64-linux-gnu.so
15546e9b1000-15546ea2c000 r-xp 00007000 00:30 2005409426                 /storage/home/hcoda1/4/hyu483/conda_envs/qgis332/lib/python3.11/site-packages/scipy/sparse/_csparsetools.cpython-311-x86_64-linux-gnu.so
15546ea2c000-15546ea39000 r--p 00082000 00:30 2005409426                 /storage/home/hcoda1/4/hyu483/conda_envs/qgis332/lib/python3.11/site-packages/scipy/sparse/_csparsetools.cpython-311-x86_64-linux-gnu.so
15546ea39000-15546ea3a000 r--p 0008f000 00:30 2005409426                 /storage/home/hcoda1/4/hyu483/conda_envs/qgis332/lib/python3.11/site-packages/scipy/sparse/_csparsetools.cpython-311-x86_64-linux-gnu.so
15546ea3a000-15546ea3d000 rw-p 00090000 00:30 2005409426                 /storage/home/hcoda1/4/hyu483/conda_envs/qgis332/lib/python3.11/site-packages/scipy/sparse/_csparsetools.cpython-311-x86_64-linux-gnu.so
15546ea3d000-15546ea3f000 rw-p 00000000 00:00 0 
15546ea3f000-15546ea42000 r--p 00000000 00:30 2005410463                 /storage/home/hcoda1/4/hyu483/conda_envs/qgis332/lib/python3.11/site-packages/scipy/sparse/_sparsetools.cpython-311-x86_64-linux-gnu.so
15546ea42000-15546eda9000 r-xp 00003000 00:30 2005410463                 /storage/home/hcoda1/4/hyu483/conda_envs/qgis332/lib/python3.11/site-packages/scipy/sparse/_sparsetools.cpython-311-x86_64-linux-gnu.so
15546eda9000-15546ee0f000 r--p 0036a000 00:30 2005410463                 /storage/home/hcoda1/4/hyu483/conda_envs/qgis332/lib/python3.11/site-packages/scipy/sparse/_sparsetools.cpython-311-x86_64-linux-gnu.so
15546ee0f000-15546ee10000 r--p 003cf000 00:30 2005410463                 /storage/home/hcoda1/4/hyu483/conda_envs/qgis332/lib/python3.11/site-packages/scipy/sparse/_sparsetools.cpython-311-x86_64-linux-gnu.so
15546ee10000-15546ee11000 rw-p 003d0000 00:30 2005410463                 /storage/home/hcoda1/4/hyu483/conda_envs/qgis332/lib/python3.11/site-packages/scipy/sparse/_sparsetools.cpython-311-x86_64-linux-gnu.so
15546ee11000-15546ee19000 r--p 00000000 00:30 2005531008                 /storage/home/hcoda1/4/hyu483/conda_envs/qgis332/lib/python3.11/site-packages/scipy/linalg/cython_blas.cpython-311-x86_64-linux-gnu.so
15546ee19000-15546ee3e000 r-xp 00008000 00:30 2005531008                 /storage/home/hcoda1/4/hyu483/conda_envs/qgis332/lib/python3.11/site-packages/scipy/linalg/cython_blas.cpython-311-x86_64-linux-gnu.so
15546ee3e000-15546ee4c000 r--p 0002d000 00:30 2005531008                 /storage/home/hcoda1/4/hyu483/conda_envs/qgis332/lib/python3.11/site-packages/scipy/linalg/cython_blas.cpython-311-x86_64-linux-gnu.so
15546ee4c000-15546ee4d000 r--p 0003b000 00:30 2005531008                 /storage/home/hcoda1/4/hyu483/conda_envs/qgis332/lib/python3.11/site-packages/scipy/linalg/cython_blas.cpython-311-x86_64-linux-gnu.so
15546ee4d000-15546ee4f000 rw-p 0003c000 00:30 2005531008                 /storage/home/hcoda1/4/hyu483/conda_envs/qgis332/lib/python3.11/site-packages/scipy/linalg/cython_blas.cpython-311-x86_64-linux-gnu.so
15546ee4f000-15546ee50000 rw-p 00000000 00:00 0 
15546ee50000-15546ee54000 r--p 00000000 00:30 2005528056                 /storage/home/hcoda1/4/hyu483/conda_envs/qgis332/lib/python3.11/site-packages/scipy/linalg/_decomp_update.cpython-311-x86_64-linux-gnu.so
15546ee54000-15546ee8a000 r-xp 00004000 00:30 2005528056                 /storage/home/hcoda1/4/hyu483/conda_envs/qgis332/lib/python3.11/site-packages/scipy/linalg/_decomp_update.cpython-311-x86_64-linux-gnu.so
15546ee8a000-15546ee9a000 r--p 0003a000 00:30 2005528056                 /storage/home/hcoda1/4/hyu483/conda_envs/qgis332/lib/python3.11/site-packages/scipy/linalg/_decomp_update.cpython-311-x86_64-linux-gnu.so
15546ee9a000-15546ee9b000 r--p 00049000 00:30 2005528056                 /storage/home/hcoda1/4/hyu483/conda_envs/qgis332/lib/python3.11/site-packages/scipy/linalg/_decomp_update.cpython-311-x86_64-linux-gnu.so
15546ee9b000-15546ee9c000 rw-p 0004a000 00:30 2005528056                 /storage/home/hcoda1/4/hyu483/conda_envs/qgis332/lib/python3.11/site-packages/scipy/linalg/_decomp_update.cpython-311-x86_64-linux-gnu.so
15546ee9c000-15546ee9d000 rw-p 00000000 00:00 0 
15546ee9d000-15546eea0000 r--p 00000000 00:30 2005409082                 /storage/home/hcoda1/4/hyu483/conda_envs/qgis332/lib/python3.11/site-packages/scipy/linalg/_linalg_pythran.cpython-311-x86_64-linux-gnu.so
15546eea0000-15546eeaf000 r-xp 00003000 00:30 2005409082                 /storage/home/hcoda1/4/hyu483/conda_envs/qgis332/lib/python3.11/site-packages/scipy/linalg/_linalg_pythran.cpython-311-x86_64-linux-gnu.so
15546eeaf000-15546eeb2000 r--p 00012000 00:30 2005409082                 /storage/home/hcoda1/4/hyu483/conda_envs/qgis332/lib/python3.11/site-packages/scipy/linalg/_linalg_pythran.cpython-311-x86_64-linux-gnu.so
15546eeb2000-15546eeb3000 r--p 00014000 00:30 2005409082                 /storage/home/hcoda1/4/hyu483/conda_envs/qgis332/lib/python3.11/site-packages/scipy/linalg/_linalg_pythran.cpython-311-x86_64-linux-gnu.so
15546eeb3000-15546eeb4000 rw-p 00015000 00:30 2005409082                 /storage/home/hcoda1/4/hyu483/conda_envs/qgis332/lib/python3.11/site-packages/scipy/linalg/_linalg_pythran.cpython-311-x86_64-linux-gnu.so
15546eeb4000-15546eeb6000 r--p 00000000 00:30 1896364342                 /storage/home/hcoda1/4/hyu483/conda_envs/qgis332/lib/python3.11/site-packages/scipy/linalg/_matfuncs_expm.cpython-311-x86_64-linux-gnu.so
15546eeb6000-15546eec4000 r-xp 00002000 00:30 1896364342                 /storage/home/hcoda1/4/hyu483/conda_envs/qgis332/lib/python3.11/site-packages/scipy/linalg/_matfuncs_expm.cpython-311-x86_64-linux-gnu.so
15546eec4000-15546eec6000 r--p 00010000 00:30 1896364342                 /storage/home/hcoda1/4/hyu483/conda_envs/qgis332/lib/python3.11/site-packages/scipy/linalg/_matfuncs_expm.cpython-311-x86_64-linux-gnu.so
15546eec6000-15546eec7000 r--p 00012000 00:30 1896364342                 /storage/home/hcoda1/4/hyu483/conda_envs/qgis332/lib/python3.11/site-packages/scipy/linalg/_matfuncs_expm.cpython-311-x86_64-linux-gnu.so
15546eec7000-15546eec8000 rw-p 00013000 00:30 1896364342                 /storage/home/hcoda1/4/hyu483/conda_envs/qgis332/lib/python3.11/site-packages/scipy/linalg/_matfuncs_expm.cpython-311-x86_64-linux-gnu.so
15546eec8000-15546eece000 r--p 00000000 00:30 2005409165                 /storage/home/hcoda1/4/hyu483/conda_envs/qgis332/lib/python3.11/site-packages/scipy/linalg/_matfuncs_sqrtm_triu.cpython-311-x86_64-linux-gnu.so
15546eece000-15546eef2000 r-xp 00006000 00:30 2005409165                 /storage/home/hcoda1/4/hyu483/conda_envs/qgis332/lib/python3.11/site-packages/scipy/linalg/_matfuncs_sqrtm_triu.cpython-311-x86_64-linux-gnu.so
15546eef2000-15546eefa000 r--p 0002a000 00:30 2005409165                 /storage/home/hcoda1/4/hyu483/conda_envs/qgis332/lib/python3.11/site-packages/scipy/linalg/_matfuncs_sqrtm_triu.cpython-311-x86_64-linux-gnu.so
15546eefa000-15546eefb000 r--p 00031000 00:30 2005409165                 /storage/home/hcoda1/4/hyu483/conda_envs/qgis332/lib/python3.11/site-packages/scipy/linalg/_matfuncs_sqrtm_triu.cpython-311-x86_64-linux-gnu.so
15546eefb000-15546eefd000 rw-p 00032000 00:30 2005409165                 /storage/home/hcoda1/4/hyu483/conda_envs/qgis332/lib/python3.11/site-packages/scipy/linalg/_matfuncs_sqrtm_triu.cpython-311-x86_64-linux-gnu.so
15546eefd000-15546eefe000 rw-p 00000000 00:00 0 
15546eefe000-15546ef03000 r--p 00000000 00:30 2094249436                 /storage/home/hcoda1/4/hyu483/conda_envs/qgis332/lib/python3.11/site-packages/scipy/linalg/_decomp_lu_cython.cpython-311-x86_64-linux-gnu.so
15546ef03000-15546ef26000 r-xp 00005000 00:30 2094249436                 /storage/home/hcoda1/4/hyu483/conda_envs/qgis332/lib/python3.11/site-packages/scipy/linalg/_decomp_lu_cython.cpython-311-x86_64-linux-gnu.so
15546ef26000-15546ef2d000 r--p 00028000 00:30 2094249436                 /storage/home/hcoda1/4/hyu483/conda_envs/qgis332/lib/python3.11/site-packages/scipy/linalg/_decomp_lu_cython.cpython-311-x86_64-linux-gnu.so
15546ef2d000-15546ef2e000 r--p 0002f000 00:30 2094249436                 /storage/home/hcoda1/4/hyu483/conda_envs/qgis332/lib/python3.11/site-packages/scipy/linalg/_decomp_lu_cython.cpython-311-x86_64-linux-gnu.so
15546ef2e000-15546ef30000 rw-p 00030000 00:30 2094249436                 /storage/home/hcoda1/4/hyu483/conda_envs/qgis332/lib/python3.11/site-packages/scipy/linalg/_decomp_lu_cython.cpython-311-x86_64-linux-gnu.so
15546ef30000-15546ef36000 r--p 00000000 00:30 2005405164                 /storage/home/hcoda1/4/hyu483/conda_envs/qgis332/lib/python3.11/site-packages/scipy/linalg/_solve_toeplitz.cpython-311-x86_64-linux-gnu.so
15546ef36000-15546ef5e000 r-xp 00006000 00:30 2005405164                 /storage/home/hcoda1/4/hyu483/conda_envs/qgis332/lib/python3.11/site-packages/scipy/linalg/_solve_toeplitz.cpython-311-x86_64-linux-gnu.so
15546ef5e000-15546ef66000 r--p 0002e000 00:30 2005405164                 /storage/home/hcoda1/4/hyu483/conda_envs/qgis332/lib/python3.11/site-packages/scipy/linalg/_solve_toeplitz.cpython-311-x86_64-linux-gnu.so
15546ef66000-15546ef67000 r--p 00035000 00:30 2005405164                 /storage/home/hcoda1/4/hyu483/conda_envs/qgis332/lib/python3.11/site-packages/scipy/linalg/_solve_toeplitz.cpython-311-x86_64-linux-gnu.so
15546ef67000-15546ef69000 rw-p 00036000 00:30 2005405164                 /storage/home/hcoda1/4/hyu483/conda_envs/qgis332/lib/python3.11/site-packages/scipy/linalg/_solve_toeplitz.cpython-311-x86_64-linux-gnu.so
15546ef69000-15546f06a000 rw-p 00000000 00:00 0 
15546f06a000-15546f085000 r--p 00000000 00:30 2005404219                 /storage/home/hcoda1/4/hyu483/conda_envs/qgis332/lib/python3.11/site-packages/scipy/linalg/cython_lapack.cpython-311-x86_64-linux-gnu.so
15546f085000-15546f09d000 r-xp 0001b000 00:30 2005404219                 /storage/home/hcoda1/4/hyu483/conda_envs/qgis332/lib/python3.11/site-packages/scipy/linalg/cython_lapack.cpython-311-x86_64-linux-gnu.so
15546f09d000-15546f0f5000 r--p 00033000 00:30 2005404219                 /storage/home/hcoda1/4/hyu483/conda_envs/qgis332/lib/python3.11/site-packages/scipy/linalg/cython_lapack.cpython-311-x86_64-linux-gnu.so
15546f0f5000-15546f0f9000 r--p 0008b000 00:30 2005404219                 /storage/home/hcoda1/4/hyu483/conda_envs/qgis332/lib/python3.11/site-packages/scipy/linalg/cython_lapack.cpython-311-x86_64-linux-gnu.so
15546f0f9000-15546f0fa000 rw-p 0008f000 00:30 2005404219                 /storage/home/hcoda1/4/hyu483/conda_envs/qgis332/lib/python3.11/site-packages/scipy/linalg/cython_lapack.cpython-311-x86_64-linux-gnu.so
15546f0fa000-15546f101000 r--p 00000000 00:30 1885190397                 /storage/home/hcoda1/4/hyu483/conda_envs/qgis332/lib/python3.11/site-packages/scipy/linalg/_cythonized_array_utils.cpython-311-x86_64-linux-gnu.so
15546f101000-15546f168000 r-xp 00007000 00:30 1885190397                 /storage/home/hcoda1/4/hyu483/conda_envs/qgis332/lib/python3.11/site-packages/scipy/linalg/_cythonized_array_utils.cpython-311-x86_64-linux-gnu.so
15546f168000-15546f177000 r--p 0006e000 00:30 1885190397                 /storage/home/hcoda1/4/hyu483/conda_envs/qgis332/lib/python3.11/site-packages/scipy/linalg/_cythonized_array_utils.cpython-311-x86_64-linux-gnu.so
15546f177000-15546f178000 r--p 0007c000 00:30 1885190397                 /storage/home/hcoda1/4/hyu483/conda_envs/qgis332/lib/python3.11/site-packages/scipy/linalg/_cythonized_array_utils.cpython-311-x86_64-linux-gnu.so
15546f178000-15546f17b000 rw-p 0007d000 00:30 1885190397                 /storage/home/hcoda1/4/hyu483/conda_envs/qgis332/lib/python3.11/site-packages/scipy/linalg/_cythonized_array_utils.cpython-311-x86_64-linux-gnu.so
15546f17b000-15546f17c000 rw-p 00000000 00:00 0 
15546f17c000-15546f1a5000 r--p 00000000 00:30 2005408760                 /storage/home/hcoda1/4/hyu483/conda_envs/qgis332/lib/python3.11/site-packages/scipy/linalg/_flapack.cpython-311-x86_64-linux-gnu.so
15546f1a5000-15546f26d000 r-xp 00029000 00:30 2005408760                 /storage/home/hcoda1/4/hyu483/conda_envs/qgis332/lib/python3.11/site-packages/scipy/linalg/_flapack.cpython-311-x86_64-linux-gnu.so
15546f26d000-15546f2e1000 r--p 000f1000 00:30 2005408760                 /storage/home/hcoda1/4/hyu483/conda_envs/qgis332/lib/python3.11/site-packages/scipy/linalg/_flapack.cpython-311-x86_64-linux-gnu.so
15546f2e1000-15546f2e2000 r--p 00164000 00:30 2005408760                 /storage/home/hcoda1/4/hyu483/conda_envs/qgis332/lib/python3.11/site-packages/scipy/linalg/_flapack.cpython-311-x86_64-linux-gnu.so
15546f2e2000-15546f36e000 rw-p 00165000 00:30 2005408760                 /storage/home/hcoda1/4/hyu483/conda_envs/qgis332/lib/python3.11/site-packages/scipy/linalg/_flapack.cpython-311-x86_64-linux-gnu.so
15546f36e000-15546f37d000 r--p 00000000 00:30 2005531815                 /storage/home/hcoda1/4/hyu483/conda_envs/qgis332/lib/python3.11/site-packages/scipy/linalg/_fblas.cpython-311-x86_64-linux-gnu.so
15546f37d000-15546f3b7000 r-xp 0000f000 00:30 2005531815                 /storage/home/hcoda1/4/hyu483/conda_envs/qgis332/lib/python3.11/site-packages/scipy/linalg/_fblas.cpython-311-x86_64-linux-gnu.so
15546f3b7000-15546f3d8000 r--p 00049000 00:30 2005531815                 /storage/home/hcoda1/4/hyu483/conda_envs/qgis332/lib/python3.11/site-packages/scipy/linalg/_fblas.cpython-311-x86_64-linux-gnu.so
15546f3d8000-15546f3d9000 r--p 0006a000 00:30 2005531815                 /storage/home/hcoda1/4/hyu483/conda_envs/qgis332/lib/python3.11/site-packages/scipy/linalg/_fblas.cpython-311-x86_64-linux-gnu.so
15546f3d9000-15546f3ff000 rw-p 0006b000 00:30 2005531815                 /storage/home/hcoda1/4/hyu483/conda_envs/qgis332/lib/python3.11/site-packages/scipy/linalg/_fblas.cpython-311-x86_64-linux-gnu.so
15546f3ff000-15546f402000 r--p 00000000 00:30 2005528733                 /storage/home/hcoda1/4/hyu483/conda_envs/qgis332/lib/python3.11/site-packages/scipy/special/_comb.cpython-311-x86_64-linux-gnu.so
15546f402000-15546f408000 r-xp 00003000 00:30 2005528733                 /storage/home/hcoda1/4/hyu483/conda_envs/qgis332/lib/python3.11/site-packages/scipy/special/_comb.cpython-311-x86_64-linux-gnu.so
15546f408000-15546f40a000 r--p 00009000 00:30 2005528733                 /storage/home/hcoda1/4/hyu483/conda_envs/qgis332/lib/python3.11/site-packages/scipy/special/_comb.cpython-311-x86_64-linux-gnu.so
15546f40a000-15546f40b000 r--p 0000a000 00:30 2005528733                 /storage/home/hcoda1/4/hyu483/conda_envs/qgis332/lib/python3.11/site-packages/scipy/special/_comb.cpython-311-x86_64-linux-gnu.so
15546f40b000-15546f40c000 rw-p 0000b000 00:30 2005528733                 /storage/home/hcoda1/4/hyu483/conda_envs/qgis332/lib/python3.11/site-packages/scipy/special/_comb.cpython-311-x86_64-linux-gnu.so
15546f40c000-15546f411000 r--p 00000000 00:30 2005405474                 /storage/home/hcoda1/4/hyu483/conda_envs/qgis332/lib/python3.11/site-packages/scipy/special/_specfun.cpython-311-x86_64-linux-gnu.so
15546f411000-15546f43c000 r-xp 00005000 00:30 2005405474                 /storage/home/hcoda1/4/hyu483/conda_envs/qgis332/lib/python3.11/site-packages/scipy/special/_specfun.cpython-311-x86_64-linux-gnu.so
15546f43c000-15546f443000 r--p 00030000 00:30 2005405474                 /storage/home/hcoda1/4/hyu483/conda_envs/qgis332/lib/python3.11/site-packages/scipy/special/_specfun.cpython-311-x86_64-linux-gnu.so
15546f443000-15546f444000 r--p 00036000 00:30 2005405474                 /storage/home/hcoda1/4/hyu483/conda_envs/qgis332/lib/python3.11/site-packages/scipy/special/_specfun.cpython-311-x86_64-linux-gnu.so
15546f444000-15546f445000 rw-p 00037000 00:30 2005405474                 /storage/home/hcoda1/4/hyu483/conda_envs/qgis332/lib/python3.11/site-packages/scipy/special/_specfun.cpython-311-x86_64-linux-gnu.so
15546f445000-15546f446000 rw-p 00000000 00:00 0 
15546f446000-15546f447000 r--p 00000000 00:00 0 
15546f447000-15546f448000 r-xp 00000000 00:00 0 
15546f448000-15546f449000 r--p 00000000 00:00 0 
15546f449000-15546f44a000 r-xp 00000000 00:00 0 
15546f44a000-15546f44c000 r--p 00000000 00:30 2005401868                 /storage/home/hcoda1/4/hyu483/conda_envs/qgis332/lib/python3.11/site-packages/scipy/special/_gufuncs.cpython-311-x86_64-linux-gnu.so
15546f44c000-15546f4c8000 r-xp 00002000 00:30 2005401868                 /storage/home/hcoda1/4/hyu483/conda_envs/qgis332/lib/python3.11/site-packages/scipy/special/_gufuncs.cpython-311-x86_64-linux-gnu.so
15546f4c8000-15546f4d4000 r--p 0007e000 00:30 2005401868                 /storage/home/hcoda1/4/hyu483/conda_envs/qgis332/lib/python3.11/site-packages/scipy/special/_gufuncs.cpython-311-x86_64-linux-gnu.so
15546f4d4000-15546f4d5000 r--p 00089000 00:30 2005401868                 /storage/home/hcoda1/4/hyu483/conda_envs/qgis332/lib/python3.11/site-packages/scipy/special/_gufuncs.cpython-311-x86_64-linux-gnu.so
15546f4d5000-15546f4d6000 rw-p 0008a000 00:30 2005401868                 /storage/home/hcoda1/4/hyu483/conda_envs/qgis332/lib/python3.11/site-packages/scipy/special/_gufuncs.cpython-311-x86_64-linux-gnu.so
15546f4d6000-15546f5d6000 rw-p 00000000 00:00 0 
15546f5d6000-15546f5da000 r--p 00000000 00:30 2005402619                 /storage/home/hcoda1/4/hyu483/conda_envs/qgis332/lib/python3.11/site-packages/scipy/special/_special_ufuncs.cpython-311-x86_64-linux-gnu.so
15546f5da000-15546f6c4000 r-xp 00004000 00:30 2005402619                 /storage/home/hcoda1/4/hyu483/conda_envs/qgis332/lib/python3.11/site-packages/scipy/special/_special_ufuncs.cpython-311-x86_64-linux-gnu.so
15546f6c4000-15546f708000 r--p 000ee000 00:30 2005402619                 /storage/home/hcoda1/4/hyu483/conda_envs/qgis332/lib/python3.11/site-packages/scipy/special/_special_ufuncs.cpython-311-x86_64-linux-gnu.so
15546f708000-15546f709000 r--p 00131000 00:30 2005402619                 /storage/home/hcoda1/4/hyu483/conda_envs/qgis332/lib/python3.11/site-packages/scipy/special/_special_ufuncs.cpython-311-x86_64-linux-gnu.so
15546f709000-15546f70a000 rw-p 00132000 00:30 2005402619                 /storage/home/hcoda1/4/hyu483/conda_envs/qgis332/lib/python3.11/site-packages/scipy/special/_special_ufuncs.cpython-311-x86_64-linux-gnu.so
15546f70a000-15546f710000 r--p 00000000 00:30 2005404740                 /storage/home/hcoda1/4/hyu483/conda_envs/qgis332/lib/python3.11/site-packages/scipy/special/_ufuncs_cxx.cpython-311-x86_64-linux-gnu.so
15546f710000-15546f837000 r-xp 00006000 00:30 2005404740                 /storage/home/hcoda1/4/hyu483/conda_envs/qgis332/lib/python3.11/site-packages/scipy/special/_ufuncs_cxx.cpython-311-x86_64-linux-gnu.so
15546f837000-15546f868000 r--p 0012d000 00:30 2005404740                 /storage/home/hcoda1/4/hyu483/conda_envs/qgis332/lib/python3.11/site-packages/scipy/special/_ufuncs_cxx.cpython-311-x86_64-linux-gnu.so
15546f868000-15546f869000 r--p 0015d000 00:30 2005404740                 /storage/home/hcoda1/4/hyu483/conda_envs/qgis332/lib/python3.11/site-packages/scipy/special/_ufuncs_cxx.cpython-311-x86_64-linux-gnu.so
15546f869000-15546f86a000 rw-p 0015e000 00:30 2005404740                 /storage/home/hcoda1/4/hyu483/conda_envs/qgis332/lib/python3.11/site-packages/scipy/special/_ufuncs_cxx.cpython-311-x86_64-linux-gnu.so
15546f86a000-15546f86b000 r--p 00000000 00:30 1896366554                 /storage/home/hcoda1/4/hyu483/conda_envs/qgis332/lib/python3.11/site-packages/scipy/special/libsf_error_state.so
15546f86b000-15546f86c000 r-xp 00001000 00:30 1896366554                 /storage/home/hcoda1/4/hyu483/conda_envs/qgis332/lib/python3.11/site-packages/scipy/special/libsf_error_state.so
15546f86c000-15546f86d000 r--p 00002000 00:30 1896366554                 /storage/home/hcoda1/4/hyu483/conda_envs/qgis332/lib/python3.11/site-packages/scipy/special/libsf_error_state.so
15546f86d000-15546f86e000 r--p 00002000 00:30 1896366554                 /storage/home/hcoda1/4/hyu483/conda_envs/qgis332/lib/python3.11/site-packages/scipy/special/libsf_error_state.so
15546f86e000-15546f86f000 rw-p 00003000 00:30 1896366554                 /storage/home/hcoda1/4/hyu483/conda_envs/qgis332/lib/python3.11/site-packages/scipy/special/libsf_error_state.so
15546f86f000-15546f875000 r--p 00000000 00:30 2094149515                 /storage/home/hcoda1/4/hyu483/conda_envs/qgis332/lib/python3.11/site-packages/scipy/special/_ufuncs.cpython-311-x86_64-linux-gnu.so
15546f875000-15546f902000 r-xp 00006000 00:30 2094149515                 /storage/home/hcoda1/4/hyu483/conda_envs/qgis332/lib/python3.11/site-packages/scipy/special/_ufuncs.cpython-311-x86_64-linux-gnu.so
15546f902000-15546f951000 r--p 00093000 00:30 2094149515                 /storage/home/hcoda1/4/hyu483/conda_envs/qgis332/lib/python3.11/site-packages/scipy/special/_ufuncs.cpython-311-x86_64-linux-gnu.so
15546f951000-15546f952000 r--p 000e2000 00:30 2094149515                 /storage/home/hcoda1/4/hyu483/conda_envs/qgis332/lib/python3.11/site-packages/scipy/special/_ufuncs.cpython-311-x86_64-linux-gnu.so
15546f952000-15546f953000 rw-p 000e3000 00:30 2094149515                 /storage/home/hcoda1/4/hyu483/conda_envs/qgis332/lib/python3.11/site-packages/scipy/special/_ufuncs.cpython-311-x86_64-linux-gnu.so
15546f953000-15546f95a000 rw-p 00000000 00:00 0 
15546f95a000-15546f95b000 r--p 00000000 00:30 1896364553                 /storage/home/hcoda1/4/hyu483/conda_envs/qgis332/lib/python3.11/site-packages/scipy/ndimage/_rank_filter_1d.cpython-311-x86_64-linux-gnu.so
15546f95b000-15546f95e000 r-xp 00001000 00:30 1896364553                 /storage/home/hcoda1/4/hyu483/conda_envs/qgis332/lib/python3.11/site-packages/scipy/ndimage/_rank_filter_1d.cpython-311-x86_64-linux-gnu.so
15546f95e000-15546f95f000 r--p 00004000 00:30 1896364553                 /storage/home/hcoda1/4/hyu483/conda_envs/qgis332/lib/python3.11/site-packages/scipy/ndimage/_rank_filter_1d.cpython-311-x86_64-linux-gnu.so
15546f95f000-15546f960000 r--p 00004000 00:30 1896364553                 /storage/home/hcoda1/4/hyu483/conda_envs/qgis332/lib/python3.11/site-packages/scipy/ndimage/_rank_filter_1d.cpython-311-x86_64-linux-gnu.so
15546f960000-15546f961000 rw-p 00005000 00:30 1896364553                 /storage/home/hcoda1/4/hyu483/conda_envs/qgis332/lib/python3.11/site-packages/scipy/ndimage/_rank_filter_1d.cpython-311-x86_64-linux-gnu.so
15546f961000-15546f963000 r--p 00000000 00:30 2005410484                 /storage/home/hcoda1/4/hyu483/conda_envs/qgis332/lib/python3.11/site-packages/scipy/ndimage/_nd_image.cpython-311-x86_64-linux-gnu.so
15546f963000-15546f97c000 r-xp 00002000 00:30 2005410484                 /storage/home/hcoda1/4/hyu483/conda_envs/qgis332/lib/python3.11/site-packages/scipy/ndimage/_nd_image.cpython-311-x86_64-linux-gnu.so
15546f97c000-15546f97f000 r--p 0001b000 00:30 2005410484                 /storage/home/hcoda1/4/hyu483/conda_envs/qgis332/lib/python3.11/site-packages/scipy/ndimage/_nd_image.cpython-311-x86_64-linux-gnu.so
15546f97f000-15546f980000 r--p 0001e000 00:30 2005410484                 /storage/home/hcoda1/4/hyu483/conda_envs/qgis332/lib/python3.11/site-packages/scipy/ndimage/_nd_image.cpython-311-x86_64-linux-gnu.so
15546f980000-15546f981000 rw-p 0001f000 00:30 2005410484                 /storage/home/hcoda1/4/hyu483/conda_envs/qgis332/lib/python3.11/site-packages/scipy/ndimage/_nd_image.cpython-311-x86_64-linux-gnu.so
15546f981000-15546f985000 r--p 00000000 00:30 2005405376                 /storage/home/hcoda1/4/hyu483/conda_envs/qgis332/lib/python3.11/site-packages/scipy/_lib/_ccallback_c.cpython-311-x86_64-linux-gnu.so
15546f985000-15546f991000 r-xp 00004000 00:30 2005405376                 /storage/home/hcoda1/4/hyu483/conda_envs/qgis332/lib/python3.11/site-packages/scipy/_lib/_ccallback_c.cpython-311-x86_64-linux-gnu.so
15546f991000-15546f994000 r--p 00010000 00:30 2005405376                 /storage/home/hcoda1/4/hyu483/conda_envs/qgis332/lib/python3.11/site-packages/scipy/_lib/_ccallback_c.cpython-311-x86_64-linux-gnu.so
15546f994000-15546f995000 r--p 00012000 00:30 2005405376                 /storage/home/hcoda1/4/hyu483/conda_envs/qgis332/lib/python3.11/site-packages/scipy/_lib/_ccallback_c.cpython-311-x86_64-linux-gnu.so
15546f995000-15546f996000 rw-p 00013000 00:30 2005405376                 /storage/home/hcoda1/4/hyu483/conda_envs/qgis332/lib/python3.11/site-packages/scipy/_lib/_ccallback_c.cpython-311-x86_64-linux-gnu.so
15546f996000-15546fa96000 rw-p 00000000 00:00 0 
15546fa96000-15546fa9f000 r--p 00000000 00:30 2036218625                 /storage/home/hcoda1/4/hyu483/conda_envs/qgis332/lib/libQt5Gamepad.so.5.15.15
15546fa9f000-15546faa6000 r-xp 00009000 00:30 2036218625                 /storage/home/hcoda1/4/hyu483/conda_envs/qgis332/lib/libQt5Gamepad.so.5.15.15
15546faa6000-15546faae000 r--p 00010000 00:30 2036218625                 /storage/home/hcoda1/4/hyu483/conda_envs/qgis332/lib/libQt5Gamepad.so.5.15.15
15546faae000-15546faaf000 r--p 00017000 00:30 2036218625                 /storage/home/hcoda1/4/hyu483/conda_envs/qgis332/lib/libQt5Gamepad.so.5.15.15
15546faaf000-15546fab0000 rw-p 00018000 00:30 2036218625                 /storage/home/hcoda1/4/hyu483/conda_envs/qgis332/lib/libQt5Gamepad.so.5.15.15
15546fab0000-15546fadd000 r--p 00000000 00:30 2036218154                 /storage/home/hcoda1/4/hyu483/conda_envs/qgis332/lib/libQt53DCore.so.5.15.15
15546fadd000-15546fafe000 r-xp 0002d000 00:30 2036218154                 /storage/home/hcoda1/4/hyu483/conda_envs/qgis332/lib/libQt53DCore.so.5.15.15
15546fafe000-15546fb15000 r--p 0004e000 00:30 2036218154                 /storage/home/hcoda1/4/hyu483/conda_envs/qgis332/lib/libQt53DCore.so.5.15.15
15546fb15000-15546fb19000 r--p 00064000 00:30 2036218154                 /storage/home/hcoda1/4/hyu483/conda_envs/qgis332/lib/libQt53DCore.so.5.15.15
15546fb19000-15546fb1a000 rw-p 00068000 00:30 2036218154                 /storage/home/hcoda1/4/hyu483/conda_envs/qgis332/lib/libQt53DCore.so.5.15.15
15546fb1a000-15546fb1f000 r--p 00000000 00:30 2036218181                 /storage/home/hcoda1/4/hyu483/conda_envs/qgis332/lib/libQt53DLogic.so.5.15.15
15546fb1f000-15546fb22000 r-xp 00005000 00:30 2036218181                 /storage/home/hcoda1/4/hyu483/conda_envs/qgis332/lib/libQt53DLogic.so.5.15.15
15546fb22000-15546fb24000 r--p 00008000 00:30 2036218181                 /storage/home/hcoda1/4/hyu483/conda_envs/qgis332/lib/libQt53DLogic.so.5.15.15
15546fb24000-15546fb25000 r--p 00009000 00:30 2036218181                 /storage/home/hcoda1/4/hyu483/conda_envs/qgis332/lib/libQt53DLogic.so.5.15.15
15546fb25000-15546fb26000 rw-p 0000a000 00:30 2036218181                 /storage/home/hcoda1/4/hyu483/conda_envs/qgis332/lib/libQt53DLogic.so.5.15.15
15546fb26000-15546fb47000 r--p 00000000 00:30 2036218174                 /storage/home/hcoda1/4/hyu483/conda_envs/qgis332/lib/libQt53DInput.so.5.15.15
15546fb47000-15546fb6b000 r-xp 00021000 00:30 2036218174                 /storage/home/hcoda1/4/hyu483/conda_envs/qgis332/lib/libQt53DInput.so.5.15.15
15546fb6b000-15546fb83000 r--p 00045000 00:30 2036218174                 /storage/home/hcoda1/4/hyu483/conda_envs/qgis332/lib/libQt53DInput.so.5.15.15
15546fb83000-15546fb88000 r--p 0005d000 00:30 2036218174                 /storage/home/hcoda1/4/hyu483/conda_envs/qgis332/lib/libQt53DInput.so.5.15.15
15546fb88000-15546fb89000 rw-p 00062000 00:30 2036218174                 /storage/home/hcoda1/4/hyu483/conda_envs/qgis332/lib/libQt53DInput.so.5.15.15
15546fb89000-15546fc2e000 r--p 00000000 00:30 2036218231                 /storage/home/hcoda1/4/hyu483/conda_envs/qgis332/lib/libQt53DRender.so.5.15.15
15546fc2e000-15546fcfd000 r-xp 000a5000 00:30 2036218231                 /storage/home/hcoda1/4/hyu483/conda_envs/qgis332/lib/libQt53DRender.so.5.15.15
15546fcfd000-15546fd70000 r--p 00174000 00:30 2036218231                 /storage/home/hcoda1/4/hyu483/conda_envs/qgis332/lib/libQt53DRender.so.5.15.15
15546fd70000-15546fd83000 r--p 001e7000 00:30 2036218231                 /storage/home/hcoda1/4/hyu483/conda_envs/qgis332/lib/libQt53DRender.so.5.15.15
15546fd83000-15546fd85000 rw-p 001fa000 00:30 2036218231                 /storage/home/hcoda1/4/hyu483/conda_envs/qgis332/lib/libQt53DRender.so.5.15.15
15546fd85000-15546fdb6000 r--p 00000000 00:30 2036218167                 /storage/home/hcoda1/4/hyu483/conda_envs/qgis332/lib/libQt53DExtras.so.5.15.15
15546fdb6000-15546fde4000 r-xp 00031000 00:30 2036218167                 /storage/home/hcoda1/4/hyu483/conda_envs/qgis332/lib/libQt53DExtras.so.5.15.15
15546fde4000-15546fe25000 r--p 0005f000 00:30 2036218167                 /storage/home/hcoda1/4/hyu483/conda_envs/qgis332/lib/libQt53DExtras.so.5.15.15
15546fe25000-15546fe2a000 r--p 000a0000 00:30 2036218167                 /storage/home/hcoda1/4/hyu483/conda_envs/qgis332/lib/libQt53DExtras.so.5.15.15
15546fe2a000-15546fe2b000 rw-p 000a5000 00:30 2036218167                 /storage/home/hcoda1/4/hyu483/conda_envs/qgis332/lib/libQt53DExtras.so.5.15.15
15546fe2b000-15546fe8a000 r--p 00000000 00:30 1902568247                 /storage/home/hcoda1/4/hyu483/conda_envs/qgis332/lib/libqgis_3d.so.3.40.3
15546fe8a000-15546ffc6000 r-xp 0005f000 00:30 1902568247                 /storage/home/hcoda1/4/hyu483/conda_envs/qgis332/lib/libqgis_3d.so.3.40.3
15546ffc6000-155470025000 r--p 0019b000 00:30 1902568247                 /storage/home/hcoda1/4/hyu483/conda_envs/qgis332/lib/libqgis_3d.so.3.40.3
155470025000-155470031000 r--p 001fa000 00:30 1902568247                 /storage/home/hcoda1/4/hyu483/conda_envs/qgis332/lib/libqgis_3d.so.3.40.3
155470031000-155470032000 rw-p 00206000 00:30 1902568247                 /storage/home/hcoda1/4/hyu483/conda_envs/qgis332/lib/libqgis_3d.so.3.40.3
155470032000-155470074000 r--p 00000000 00:30 1889088339                 /storage/home/hcoda1/4/hyu483/conda_envs/qgis332/share/qgis/python/qgis/_3d_p.so
155470074000-1554700f5000 r-xp 00042000 00:30 1889088339                 /storage/home/hcoda1/4/hyu483/conda_envs/qgis332/share/qgis/python/qgis/_3d_p.so
1554700f5000-155470140000 r--p 000c3000 00:30 1889088339                 /storage/home/hcoda1/4/hyu483/conda_envs/qgis332/share/qgis/python/qgis/_3d_p.so
155470140000-155470144000 r--p 0010e000 00:30 1889088339                 /storage/home/hcoda1/4/hyu483/conda_envs/qgis332/share/qgis/python/qgis/_3d_p.so
155470144000-155470150000 rw-p 00112000 00:30 1889088339                 /storage/home/hcoda1/4/hyu483/conda_envs/qgis332/share/qgis/python/qgis/_3d_p.so
155470150000-155470156000 r--p 00000000 00:30 2036231155                 /storage/home/hcoda1/4/hyu483/conda_envs/qgis332/plugins/imageformats/libqwebp.so
155470156000-155470199000 r-xp 00006000 00:30 2036231155                 /storage/home/hcoda1/4/hyu483/conda_envs/qgis332/plugins/imageformats/libqwebp.so
155470199000-1554701b7000 r--p 00049000 00:30 2036231155                 /storage/home/hcoda1/4/hyu483/conda_envs/qgis332/plugins/imageformats/libqwebp.so
1554701b7000-1554701b8000 r--p 00067000 00:30 2036231155                 /storage/home/hcoda1/4/hyu483/conda_envs/qgis332/plugins/imageformats/libqwebp.so
1554701b8000-1554701b9000 rw-p 00068000 00:30 2036231155                 /storage/home/hcoda1/4/hyu483/conda_envs/qgis332/plugins/imageformats/libqwebp.so
1554701b9000-1554701bb000 rw-p 00000000 00:00 0 
1554701bb000-1554701be000 r--p 00000000 00:30 2036231154                 /storage/home/hcoda1/4/hyu483/conda_envs/qgis332/plugins/imageformats/libqwbmp.so
1554701be000-1554701bf000 r-xp 00003000 00:30 2036231154                 /storage/home/hcoda1/4/hyu483/conda_envs/qgis332/plugins/imageformats/libqwbmp.so
1554701bf000-1554701c0000 r--p 00004000 00:30 2036231154                 /storage/home/hcoda1/4/hyu483/conda_envs/qgis332/plugins/imageformats/libqwbmp.so
1554701c0000-1554701c1000 r--p 00004000 00:30 2036231154                 /storage/home/hcoda1/4/hyu483/conda_envs/qgis332/plugins/imageformats/libqwbmp.so
1554701c1000-1554701c2000 rw-p 00005000 00:30 2036231154                 /storage/home/hcoda1/4/hyu483/conda_envs/qgis332/plugins/imageformats/libqwbmp.so
1554701c2000-1554701c8000 r--p 00000000 00:30 2036231152                 /storage/home/hcoda1/4/hyu483/conda_envs/qgis332/plugins/imageformats/libqtiff.so
1554701c8000-1554701fa000 r-xp 00006000 00:30 2036231152                 /storage/home/hcoda1/4/hyu483/conda_envs/qgis332/plugins/imageformats/libqtiff.so
1554701fa000-155470226000 r--p 00038000 00:30 2036231152                 /storage/home/hcoda1/4/hyu483/conda_envs/qgis332/plugins/imageformats/libqtiff.so
155470226000-15547022a000 r--p 00064000 00:30 2036231152                 /storage/home/hcoda1/4/hyu483/conda_envs/qgis332/plugins/imageformats/libqtiff.so
15547022a000-15547022b000 rw-p 00068000 00:30 2036231152                 /storage/home/hcoda1/4/hyu483/conda_envs/qgis332/plugins/imageformats/libqtiff.so
15547022b000-15547022e000 r--p 00000000 00:30 2036231132                 /storage/home/hcoda1/4/hyu483/conda_envs/qgis332/plugins/imageformats/libqtga.so
15547022e000-15547022f000 r-xp 00003000 00:30 2036231132                 /storage/home/hcoda1/4/hyu483/conda_envs/qgis332/plugins/imageformats/libqtga.so
15547022f000-155470230000 r--p 00004000 00:30 2036231132                 /storage/home/hcoda1/4/hyu483/conda_envs/qgis332/plugins/imageformats/libqtga.so
155470230000-155470231000 r--p 00004000 00:30 2036231132                 /storage/home/hcoda1/4/hyu483/conda_envs/qgis332/plugins/imageformats/libqtga.so
155470231000-155470232000 rw-p 00005000 00:30 2036231132                 /storage/home/hcoda1/4/hyu483/conda_envs/qgis332/plugins/imageformats/libqtga.so
155470232000-155470235000 r--p 00000000 00:30 2036231131                 /storage/home/hcoda1/4/hyu483/conda_envs/qgis332/plugins/imageformats/libqsvg.so
155470235000-155470237000 r-xp 00003000 00:30 2036231131                 /storage/home/hcoda1/4/hyu483/conda_envs/qgis332/plugins/imageformats/libqsvg.so
155470237000-155470238000 r--p 00005000 00:30 2036231131                 /storage/home/hcoda1/4/hyu483/conda_envs/qgis332/plugins/imageformats/libqsvg.so
155470238000-155470239000 r--p 00005000 00:30 2036231131                 /storage/home/hcoda1/4/hyu483/conda_envs/qgis332/plugins/imageformats/libqsvg.so
155470239000-15547023a000 rw-p 00006000 00:30 2036231131                 /storage/home/hcoda1/4/hyu483/conda_envs/qgis332/plugins/imageformats/libqsvg.so
15547023a000-15547023f000 r--p 00000000 00:30 2036231125                 /storage/home/hcoda1/4/hyu483/conda_envs/qgis332/plugins/imageformats/libqjpeg.so
15547023f000-155470243000 r-xp 00005000 00:30 2036231125                 /storage/home/hcoda1/4/hyu483/conda_envs/qgis332/plugins/imageformats/libqjpeg.so
155470243000-155470244000 r--p 00009000 00:30 2036231125                 /storage/home/hcoda1/4/hyu483/conda_envs/qgis332/plugins/imageformats/libqjpeg.so
155470244000-155470245000 r--p 0000a000 00:30 2036231125                 /storage/home/hcoda1/4/hyu483/conda_envs/qgis332/plugins/imageformats/libqjpeg.so
155470245000-155470246000 rw-p 0000b000 00:30 2036231125                 /storage/home/hcoda1/4/hyu483/conda_envs/qgis332/plugins/imageformats/libqjpeg.so
155470246000-155470249000 r--p 00000000 00:30 2036231121                 /storage/home/hcoda1/4/hyu483/conda_envs/qgis332/plugins/imageformats/libqico.so
155470249000-15547024c000 r-xp 00003000 00:30 2036231121                 /storage/home/hcoda1/4/hyu483/conda_envs/qgis332/plugins/imageformats/libqico.so
15547024c000-15547024d000 r--p 00006000 00:30 2036231121                 /storage/home/hcoda1/4/hyu483/conda_envs/qgis332/plugins/imageformats/libqico.so
15547024d000-15547024e000 r--p 00006000 00:30 2036231121                 /storage/home/hcoda1/4/hyu483/conda_envs/qgis332/plugins/imageformats/libqico.so
15547024e000-15547024f000 rw-p 00007000 00:30 2036231121                 /storage/home/hcoda1/4/hyu483/conda_envs/qgis332/plugins/imageformats/libqico.so
15547024f000-155470252000 r--p 00000000 00:30 2036231106                 /storage/home/hcoda1/4/hyu483/conda_envs/qgis332/plugins/imageformats/libqicns.so
155470252000-155470255000 r-xp 00003000 00:30 2036231106                 /storage/home/hcoda1/4/hyu483/conda_envs/qgis332/plugins/imageformats/libqicns.so
155470255000-155470257000 r--p 00006000 00:30 2036231106                 /storage/home/hcoda1/4/hyu483/conda_envs/qgis332/plugins/imageformats/libqicns.so
155470257000-155470258000 r--p 00007000 00:30 2036231106                 /storage/home/hcoda1/4/hyu483/conda_envs/qgis332/plugins/imageformats/libqicns.so
155470258000-155470259000 rw-p 00008000 00:30 2036231106                 /storage/home/hcoda1/4/hyu483/conda_envs/qgis332/plugins/imageformats/libqicns.so
155470259000-15547025c000 r--p 00000000 00:30 2036231100                 /storage/home/hcoda1/4/hyu483/conda_envs/qgis332/plugins/imageformats/libqgif.so
15547025c000-15547025f000 r-xp 00003000 00:30 2036231100                 /storage/home/hcoda1/4/hyu483/conda_envs/qgis332/plugins/imageformats/libqgif.so
15547025f000-155470260000 r--p 00006000 00:30 2036231100                 /storage/home/hcoda1/4/hyu483/conda_envs/qgis332/plugins/imageformats/libqgif.so
155470260000-155470261000 r--p 00006000 00:30 2036231100                 /storage/home/hcoda1/4/hyu483/conda_envs/qgis332/plugins/imageformats/libqgif.so
155470261000-155470262000 rw-p 00007000 00:30 2036231100                 /storage/home/hcoda1/4/hyu483/conda_envs/qgis332/plugins/imageformats/libqgif.so
155470262000-15547026a000 r--p 00000000 00:30 2085784181                 /storage/home/hcoda1/4/hyu483/conda_envs/qgis332/lib/libudev.so.1.7.10
15547026a000-155470293000 r-xp 00008000 00:30 2085784181                 /storage/home/hcoda1/4/hyu483/conda_envs/qgis332/lib/libudev.so.1.7.10
155470293000-1554702a9000 r--p 00031000 00:30 2085784181                 /storage/home/hcoda1/4/hyu483/conda_envs/qgis332/lib/libudev.so.1.7.10
1554702a9000-1554702ae000 r--p 00046000 00:30 2085784181                 /storage/home/hcoda1/4/hyu483/conda_envs/qgis332/lib/libudev.so.1.7.10
1554702ae000-1554702af000 rw-p 0004b000 00:30 2085784181                 /storage/home/hcoda1/4/hyu483/conda_envs/qgis332/lib/libudev.so.1.7.10
1554702af000-1554704af000 rw-p 00000000 00:00 0 
1554704af000-1554704c0000 r--p 00000000 00:30 2007947907                 /storage/home/hcoda1/4/hyu483/conda_envs/qgis332/lib/python3.11/site-packages/psycopg2/_psycopg.cpython-311-x86_64-linux-gnu.so
1554704c0000-1554704dd000 r-xp 00011000 00:30 2007947907                 /storage/home/hcoda1/4/hyu483/conda_envs/qgis332/lib/python3.11/site-packages/psycopg2/_psycopg.cpython-311-x86_64-linux-gnu.so
1554704dd000-1554704f2000 r--p 0002e000 00:30 2007947907                 /storage/home/hcoda1/4/hyu483/conda_envs/qgis332/lib/python3.11/site-packages/psycopg2/_psycopg.cpython-311-x86_64-linux-gnu.so
1554704f2000-1554704f5000 r--p 00042000 00:30 2007947907                 /storage/home/hcoda1/4/hyu483/conda_envs/qgis332/lib/python3.11/site-packages/psycopg2/_psycopg.cpython-311-x86_64-linux-gnu.so
1554704f5000-1554704fc000 rw-p 00045000 00:30 2007947907                 /storage/home/hcoda1/4/hyu483/conda_envs/qgis332/lib/python3.11/site-packages/psycopg2/_psycopg.cpython-311-x86_64-linux-gnu.so
1554704fc000-1554705fc000 rw-p 00000000 00:00 0 
1554705fc000-155470601000 r--p 00000000 00:30 2007942030                 /storage/home/hcoda1/4/hyu483/conda_envs/qgis332/lib/python3.11/site-packages/osgeo/_gnm.cpython-311-x86_64-linux-gnu.so
155470601000-15547060e000 r-xp 00005000 00:30 2007942030                 /storage/home/hcoda1/4/hyu483/conda_envs/qgis332/lib/python3.11/site-packages/osgeo/_gnm.cpython-311-x86_64-linux-gnu.so
15547060e000-155470614000 r--p 00012000 00:30 2007942030                 /storage/home/hcoda1/4/hyu483/conda_envs/qgis332/lib/python3.11/site-packages/osgeo/_gnm.cpython-311-x86_64-linux-gnu.so
155470614000-155470615000 r--p 00017000 00:30 2007942030                 /storage/home/hcoda1/4/hyu483/conda_envs/qgis332/lib/python3.11/site-packages/osgeo/_gnm.cpython-311-x86_64-linux-gnu.so
155470615000-155470617000 rw-p 00018000 00:30 2007942030                 /storage/home/hcoda1/4/hyu483/conda_envs/qgis332/lib/python3.11/site-packages/osgeo/_gnm.cpython-311-x86_64-linux-gnu.so
155470617000-155470620000 r--p 00000000 00:30 2007942027                 /storage/home/hcoda1/4/hyu483/conda_envs/qgis332/lib/python3.11/site-packages/osgeo/_gdal_array.cpython-311-x86_64-linux-gnu.so
155470620000-155470630000 r-xp 00009000 00:30 2007942027                 /storage/home/hcoda1/4/hyu483/conda_envs/qgis332/lib/python3.11/site-packages/osgeo/_gdal_array.cpython-311-x86_64-linux-gnu.so
155470630000-155470636000 r--p 00019000 00:30 2007942027                 /storage/home/hcoda1/4/hyu483/conda_envs/qgis332/lib/python3.11/site-packages/osgeo/_gdal_array.cpython-311-x86_64-linux-gnu.so
155470636000-155470637000 r--p 0001f000 00:30 2007942027                 /storage/home/hcoda1/4/hyu483/conda_envs/qgis332/lib/python3.11/site-packages/osgeo/_gdal_array.cpython-311-x86_64-linux-gnu.so
155470637000-155470639000 rw-p 00020000 00:30 2007942027                 /storage/home/hcoda1/4/hyu483/conda_envs/qgis332/lib/python3.11/site-packages/osgeo/_gdal_array.cpython-311-x86_64-linux-gnu.so
155470639000-15547063b000 r--p 00000000 00:30 1883936952                 /storage/home/hcoda1/4/hyu483/conda_envs/qgis332/lib/libyaml-0.so.2.0.9
15547063b000-155470653000 r-xp 00002000 00:30 1883936952                 /storage/home/hcoda1/4/hyu483/conda_envs/qgis332/lib/libyaml-0.so.2.0.9
155470653000-155470657000 r--p 0001a000 00:30 1883936952                 /storage/home/hcoda1/4/hyu483/conda_envs/qgis332/lib/libyaml-0.so.2.0.9
155470657000-155470658000 r--p 0001d000 00:30 1883936952                 /storage/home/hcoda1/4/hyu483/conda_envs/qgis332/lib/libyaml-0.so.2.0.9
155470658000-155470659000 rw-p 0001e000 00:30 1883936952                 /storage/home/hcoda1/4/hyu483/conda_envs/qgis332/lib/libyaml-0.so.2.0.9
155470659000-15547065e000 r--p 00000000 00:30 2094164532                 /storage/home/hcoda1/4/hyu483/conda_envs/qgis332/lib/python3.11/site-packages/yaml/_yaml.cpython-311-x86_64-linux-gnu.so
15547065e000-15547068c000 r-xp 00005000 00:30 2094164532                 /storage/home/hcoda1/4/hyu483/conda_envs/qgis332/lib/python3.11/site-packages/yaml/_yaml.cpython-311-x86_64-linux-gnu.so
15547068c000-155470691000 r--p 00033000 00:30 2094164532                 /storage/home/hcoda1/4/hyu483/conda_envs/qgis332/lib/python3.11/site-packages/yaml/_yaml.cpython-311-x86_64-linux-gnu.so
155470691000-155470692000 r--p 00038000 00:30 2094164532                 /storage/home/hcoda1/4/hyu483/conda_envs/qgis332/lib/python3.11/site-packages/yaml/_yaml.cpython-311-x86_64-linux-gnu.so
155470692000-155470694000 rw-p 00039000 00:30 2094164532                 /storage/home/hcoda1/4/hyu483/conda_envs/qgis332/lib/python3.11/site-packages/yaml/_yaml.cpython-311-x86_64-linux-gnu.so
155470694000-155470795000 rw-p 00000000 00:00 0 
155470795000-155470799000 r--p 00000000 00:30 1883947854                 /storage/home/hcoda1/4/hyu483/conda_envs/qgis332/lib/python3.11/lib-dynload/_elementtree.cpython-311-x86_64-linux-gnu.so
155470799000-1554707a2000 r-xp 00004000 00:30 1883947854                 /storage/home/hcoda1/4/hyu483/conda_envs/qgis332/lib/python3.11/lib-dynload/_elementtree.cpython-311-x86_64-linux-gnu.so
1554707a2000-1554707a6000 r--p 0000d000 00:30 1883947854                 /storage/home/hcoda1/4/hyu483/conda_envs/qgis332/lib/python3.11/lib-dynload/_elementtree.cpython-311-x86_64-linux-gnu.so
1554707a6000-1554707a7000 r--p 00010000 00:30 1883947854                 /storage/home/hcoda1/4/hyu483/conda_envs/qgis332/lib/python3.11/lib-dynload/_elementtree.cpython-311-x86_64-linux-gnu.so
1554707a7000-1554707a9000 rw-p 00011000 00:30 1883947854                 /storage/home/hcoda1/4/hyu483/conda_envs/qgis332/lib/python3.11/lib-dynload/_elementtree.cpython-311-x86_64-linux-gnu.so
1554707a9000-1554707eb000 r--p 00000000 00:30 1889088345                 /storage/home/hcoda1/4/hyu483/conda_envs/qgis332/share/qgis/python/qgis/_analysis.so
1554707eb000-155470880000 r-xp 00042000 00:30 1889088345                 /storage/home/hcoda1/4/hyu483/conda_envs/qgis332/share/qgis/python/qgis/_analysis.so
155470880000-1554708c8000 r--p 000d7000 00:30 1889088345                 /storage/home/hcoda1/4/hyu483/conda_envs/qgis332/share/qgis/python/qgis/_analysis.so
1554708c8000-1554708cc000 r--p 0011e000 00:30 1889088345                 /storage/home/hcoda1/4/hyu483/conda_envs/qgis332/share/qgis/python/qgis/_analysis.so
1554708cc000-1554708db000 rw-p 00122000 00:30 1889088345                 /storage/home/hcoda1/4/hyu483/conda_envs/qgis332/share/qgis/python/qgis/_analysis.so
1554708db000-1554709db000 rw-p 00000000 00:00 0 
1554709db000-1554709e5000 r--p 00000000 00:30 2036230892                 /storage/home/hcoda1/4/hyu483/conda_envs/qgis332/plugins/bearer/libqnmbearer.so
1554709e5000-1554709fa000 r-xp 0000a000 00:30 2036230892                 /storage/home/hcoda1/4/hyu483/conda_envs/qgis332/plugins/bearer/libqnmbearer.so
1554709fa000-155470a06000 r--p 0001f000 00:30 2036230892                 /storage/home/hcoda1/4/hyu483/conda_envs/qgis332/plugins/bearer/libqnmbearer.so
155470a06000-155470a08000 r--p 0002a000 00:30 2036230892                 /storage/home/hcoda1/4/hyu483/conda_envs/qgis332/plugins/bearer/libqnmbearer.so
155470a08000-155470a09000 rw-p 0002c000 00:30 2036230892                 /storage/home/hcoda1/4/hyu483/conda_envs/qgis332/plugins/bearer/libqnmbearer.so
155470a09000-155470a0e000 r--p 00000000 00:30 2036230891                 /storage/home/hcoda1/4/hyu483/conda_envs/qgis332/plugins/bearer/libqgenericbearer.so
155470a0e000-155470a12000 r-xp 00005000 00:30 2036230891                 /storage/home/hcoda1/4/hyu483/conda_envs/qgis332/plugins/bearer/libqgenericbearer.so
155470a12000-155470a15000 r--p 00009000 00:30 2036230891                 /storage/home/hcoda1/4/hyu483/conda_envs/qgis332/plugins/bearer/libqgenericbearer.so
155470a15000-155470a16000 r--p 0000b000 00:30 2036230891                 /storage/home/hcoda1/4/hyu483/conda_envs/qgis332/plugins/bearer/libqgenericbearer.so
155470a16000-155470a17000 rw-p 0000c000 00:30 2036230891                 /storage/home/hcoda1/4/hyu483/conda_envs/qgis332/plugins/bearer/libqgenericbearer.so
155470a17000-155470a18000 ---p 00000000 00:00 0 
155470a18000-155470c18000 rw-p 00000000 00:00 0 
155470c18000-155470c20000 r--p 00000000 00:30 2036230888                 /storage/home/hcoda1/4/hyu483/conda_envs/qgis332/plugins/bearer/libqconnmanbearer.so
155470c20000-155470c2e000 r-xp 00008000 00:30 2036230888                 /storage/home/hcoda1/4/hyu483/conda_envs/qgis332/plugins/bearer/libqconnmanbearer.so
155470c2e000-155470c37000 r--p 00016000 00:30 2036230888                 /storage/home/hcoda1/4/hyu483/conda_envs/qgis332/plugins/bearer/libqconnmanbearer.so
155470c37000-155470c38000 r--p 0001f000 00:30 2036230888                 /storage/home/hcoda1/4/hyu483/conda_envs/qgis332/plugins/bearer/libqconnmanbearer.so
155470c38000-155470c39000 rw-p 00020000 00:30 2036230888                 /storage/home/hcoda1/4/hyu483/conda_envs/qgis332/plugins/bearer/libqconnmanbearer.so
155470c39000-155470c3a000 ---p 00000000 00:00 0 
155470c3a000-155470e3a000 rw-p 00000000 00:00 0 
155470e3a000-155470e4a000 rwxp 00000000 00:00 0 
155470e4a000-155470e60000 r--p 00000000 00:30 1889086924                 /storage/home/hcoda1/4/hyu483/conda_envs/qgis332/lib/libpdal_plugin_writer_tiledb.so.18.1.0
155470e60000-155470eae000 r-xp 00016000 00:30 1889086924                 /storage/home/hcoda1/4/hyu483/conda_envs/qgis332/lib/libpdal_plugin_writer_tiledb.so.18.1.0
155470eae000-155470ec0000 r--p 00064000 00:30 1889086924                 /storage/home/hcoda1/4/hyu483/conda_envs/qgis332/lib/libpdal_plugin_writer_tiledb.so.18.1.0
155470ec0000-155470ec3000 r--p 00075000 00:30 1889086924                 /storage/home/hcoda1/4/hyu483/conda_envs/qgis332/lib/libpdal_plugin_writer_tiledb.so.18.1.0
155470ec3000-155470ec4000 rw-p 00078000 00:30 1889086924                 /storage/home/hcoda1/4/hyu483/conda_envs/qgis332/lib/libpdal_plugin_writer_tiledb.so.18.1.0
155470ec4000-155470ecc000 r--p 00000000 00:30 1910472466                 /storage/home/hcoda1/4/hyu483/conda_envs/qgis332/lib/libpdal_plugin_writer_pgpointcloud.so.18.1.0
155470ecc000-155470edf000 r-xp 00008000 00:30 1910472466                 /storage/home/hcoda1/4/hyu483/conda_envs/qgis332/lib/libpdal_plugin_writer_pgpointcloud.so.18.1.0
155470edf000-155470ee3000 r--p 0001b000 00:30 1910472466                 /storage/home/hcoda1/4/hyu483/conda_envs/qgis332/lib/libpdal_plugin_writer_pgpointcloud.so.18.1.0
155470ee3000-155470ee5000 r--p 0001f000 00:30 1910472466                 /storage/home/hcoda1/4/hyu483/conda_envs/qgis332/lib/libpdal_plugin_writer_pgpointcloud.so.18.1.0
155470ee5000-155470ee6000 rw-p 00021000 00:30 1910472466                 /storage/home/hcoda1/4/hyu483/conda_envs/qgis332/lib/libpdal_plugin_writer_pgpointcloud.so.18.1.0
155470ee6000-155470efa000 r--p 00000000 00:30 2085794851                 /storage/home/hcoda1/4/hyu483/conda_envs/qgis332/lib/libpdal_plugin_writer_nitf.so.18.1.0
155470efa000-155470f24000 r-xp 00014000 00:30 2085794851                 /storage/home/hcoda1/4/hyu483/conda_envs/qgis332/lib/libpdal_plugin_writer_nitf.so.18.1.0
155470f24000-155470f2d000 r--p 0003e000 00:30 2085794851                 /storage/home/hcoda1/4/hyu483/conda_envs/qgis332/lib/libpdal_plugin_writer_nitf.so.18.1.0
155470f2d000-155470f30000 r--p 00047000 00:30 2085794851                 /storage/home/hcoda1/4/hyu483/conda_envs/qgis332/lib/libpdal_plugin_writer_nitf.so.18.1.0
155470f30000-155470f31000 rw-p 0004a000 00:30 2085794851                 /storage/home/hcoda1/4/hyu483/conda_envs/qgis332/lib/libpdal_plugin_writer_nitf.so.18.1.0
155470f31000-155470f58000 r--p 00000000 00:30 1910472411                 /storage/home/hcoda1/4/hyu483/conda_envs/qgis332/lib/libpdal_plugin_writer_e57.so.18.1.0
155470f58000-155470fe4000 r-xp 00027000 00:30 1910472411                 /storage/home/hcoda1/4/hyu483/conda_envs/qgis332/lib/libpdal_plugin_writer_e57.so.18.1.0
155470fe4000-155471004000 r--p 000b3000 00:30 1910472411                 /storage/home/hcoda1/4/hyu483/conda_envs/qgis332/lib/libpdal_plugin_writer_e57.so.18.1.0
155471004000-155471008000 r--p 000d3000 00:30 1910472411                 /storage/home/hcoda1/4/hyu483/conda_envs/qgis332/lib/libpdal_plugin_writer_e57.so.18.1.0
155471008000-155471009000 rw-p 000d7000 00:30 1910472411                 /storage/home/hcoda1/4/hyu483/conda_envs/qgis332/lib/libpdal_plugin_writer_e57.so.18.1.0
155471009000-155471014000 r--p 00000000 00:30 1910472398                 /storage/home/hcoda1/4/hyu483/conda_envs/qgis332/lib/libpdal_plugin_writer_draco.so.18.1.0
155471014000-15547103b000 r-xp 0000b000 00:30 1910472398                 /storage/home/hcoda1/4/hyu483/conda_envs/qgis332/lib/libpdal_plugin_writer_draco.so.18.1.0
15547103b000-155471045000 r--p 00032000 00:30 1910472398                 /storage/home/hcoda1/4/hyu483/conda_envs/qgis332/lib/libpdal_plugin_writer_draco.so.18.1.0
155471045000-155471047000 r--p 0003b000 00:30 1910472398                 /storage/home/hcoda1/4/hyu483/conda_envs/qgis332/lib/libpdal_plugin_writer_draco.so.18.1.0
155471047000-155471048000 rw-p 0003d000 00:30 1910472398                 /storage/home/hcoda1/4/hyu483/conda_envs/qgis332/lib/libpdal_plugin_writer_draco.so.18.1.0
155471048000-155471057000 r--p 00000000 00:30 1889086932                 /storage/home/hcoda1/4/hyu483/conda_envs/qgis332/lib/libpdal_plugin_writer_arrow.so.18.1.0
155471057000-155471088000 r-xp 0000f000 00:30 1889086932                 /storage/home/hcoda1/4/hyu483/conda_envs/qgis332/lib/libpdal_plugin_writer_arrow.so.18.1.0
155471088000-155471095000 r--p 00040000 00:30 1889086932                 /storage/home/hcoda1/4/hyu483/conda_envs/qgis332/lib/libpdal_plugin_writer_arrow.so.18.1.0
155471095000-155471097000 r--p 0004d000 00:30 1889086932                 /storage/home/hcoda1/4/hyu483/conda_envs/qgis332/lib/libpdal_plugin_writer_arrow.so.18.1.0
155471097000-155471098000 rw-p 0004f000 00:30 1889086932                 /storage/home/hcoda1/4/hyu483/conda_envs/qgis332/lib/libpdal_plugin_writer_arrow.so.18.1.0
155471098000-1554710b4000 r--p 00000000 00:30 1932645938                 /storage/home/hcoda1/4/hyu483/conda_envs/qgis332/lib/libkj-1.0.2.so
1554710b4000-155471113000 r-xp 0001c000 00:30 1932645938                 /storage/home/hcoda1/4/hyu483/conda_envs/qgis332/lib/libkj-1.0.2.so
155471113000-155471130000 r--p 0007b000 00:30 1932645938                 /storage/home/hcoda1/4/hyu483/conda_envs/qgis332/lib/libkj-1.0.2.so
155471130000-155471133000 r--p 00098000 00:30 1932645938                 /storage/home/hcoda1/4/hyu483/conda_envs/qgis332/lib/libkj-1.0.2.so
155471133000-155471134000 rw-p 0009b000 00:30 1932645938                 /storage/home/hcoda1/4/hyu483/conda_envs/qgis332/lib/libkj-1.0.2.so
155471134000-155471159000 r--p 00000000 00:30 1932645923                 /storage/home/hcoda1/4/hyu483/conda_envs/qgis332/lib/libcapnp-1.0.2.so
155471159000-1554711bd000 r-xp 00025000 00:30 1932645923                 /storage/home/hcoda1/4/hyu483/conda_envs/qgis332/lib/libcapnp-1.0.2.so
1554711bd000-1554711e1000 r--p 00089000 00:30 1932645923                 /storage/home/hcoda1/4/hyu483/conda_envs/qgis332/lib/libcapnp-1.0.2.so
1554711e1000-1554711e5000 r--p 000ad000 00:30 1932645923                 /storage/home/hcoda1/4/hyu483/conda_envs/qgis332/lib/libcapnp-1.0.2.so
1554711e5000-1554711e6000 rw-p 000b1000 00:30 1932645923                 /storage/home/hcoda1/4/hyu483/conda_envs/qgis332/lib/libcapnp-1.0.2.so
1554711e6000-1554711ea000 r--p 00000000 00:30 1932645991                 /storage/home/hcoda1/4/hyu483/conda_envs/qgis332/lib/libfmt.so.11.0.2
1554711ea000-155471206000 r-xp 00004000 00:30 1932645991                 /storage/home/hcoda1/4/hyu483/conda_envs/qgis332/lib/libfmt.so.11.0.2
155471206000-15547120b000 r--p 00020000 00:30 1932645991                 /storage/home/hcoda1/4/hyu483/conda_envs/qgis332/lib/libfmt.so.11.0.2
15547120b000-15547120c000 r--p 00024000 00:30 1932645991                 /storage/home/hcoda1/4/hyu483/conda_envs/qgis332/lib/libfmt.so.11.0.2
15547120c000-15547120d000 rw-p 00025000 00:30 1932645991                 /storage/home/hcoda1/4/hyu483/conda_envs/qgis332/lib/libfmt.so.11.0.2
15547120d000-15547120e000 r--p 00000000 00:30 1932647728                 /storage/home/hcoda1/4/hyu483/conda_envs/qgis332/lib/libabsl_log_severity.so.2407.0.0
15547120e000-15547120f000 r-xp 00001000 00:30 1932647728                 /storage/home/hcoda1/4/hyu483/conda_envs/qgis332/lib/libabsl_log_severity.so.2407.0.0
15547120f000-155471210000 r--p 00002000 00:30 1932647728                 /storage/home/hcoda1/4/hyu483/conda_envs/qgis332/lib/libabsl_log_severity.so.2407.0.0
155471210000-155471211000 r--p 00002000 00:30 1932647728                 /storage/home/hcoda1/4/hyu483/conda_envs/qgis332/lib/libabsl_log_severity.so.2407.0.0
155471211000-155471212000 rw-p 00003000 00:30 1932647728                 /storage/home/hcoda1/4/hyu483/conda_envs/qgis332/lib/libabsl_log_severity.so.2407.0.0
155471212000-155471213000 r--p 00000000 00:30 1932647780                 /storage/home/hcoda1/4/hyu483/conda_envs/qgis332/lib/libabsl_string_view.so.2407.0.0
155471213000-155471214000 r-xp 00001000 00:30 1932647780                 /storage/home/hcoda1/4/hyu483/conda_envs/qgis332/lib/libabsl_string_view.so.2407.0.0
155471214000-155471215000 r--p 00002000 00:30 1932647780                 /storage/home/hcoda1/4/hyu483/conda_envs/qgis332/lib/libabsl_string_view.so.2407.0.0
155471215000-155471216000 r--p 00002000 00:30 1932647780                 /storage/home/hcoda1/4/hyu483/conda_envs/qgis332/lib/libabsl_string_view.so.2407.0.0
155471216000-155471217000 rw-p 00003000 00:30 1932647780                 /storage/home/hcoda1/4/hyu483/conda_envs/qgis332/lib/libabsl_string_view.so.2407.0.0
155471217000-155471218000 r--p 00000000 00:30 1932647620                 /storage/home/hcoda1/4/hyu483/conda_envs/qgis332/lib/libabsl_bad_optional_access.so.2407.0.0
155471218000-155471219000 r-xp 00001000 00:30 1932647620                 /storage/home/hcoda1/4/hyu483/conda_envs/qgis332/lib/libabsl_bad_optional_access.so.2407.0.0
155471219000-15547121a000 r--p 00002000 00:30 1932647620                 /storage/home/hcoda1/4/hyu483/conda_envs/qgis332/lib/libabsl_bad_optional_access.so.2407.0.0
15547121a000-15547121b000 r--p 00002000 00:30 1932647620                 /storage/home/hcoda1/4/hyu483/conda_envs/qgis332/lib/libabsl_bad_optional_access.so.2407.0.0
15547121b000-15547121c000 rw-p 00003000 00:30 1932647620                 /storage/home/hcoda1/4/hyu483/conda_envs/qgis332/lib/libabsl_bad_optional_access.so.2407.0.0
15547121c000-15547121d000 r--p 00000000 00:30 1932647622                 /storage/home/hcoda1/4/hyu483/conda_envs/qgis332/lib/libabsl_bad_variant_access.so.2407.0.0
15547121d000-15547121e000 r-xp 00001000 00:30 1932647622                 /storage/home/hcoda1/4/hyu483/conda_envs/qgis332/lib/libabsl_bad_variant_access.so.2407.0.0
15547121e000-15547121f000 r--p 00002000 00:30 1932647622                 /storage/home/hcoda1/4/hyu483/conda_envs/qgis332/lib/libabsl_bad_variant_access.so.2407.0.0
15547121f000-155471220000 r--p 00002000 00:30 1932647622                 /storage/home/hcoda1/4/hyu483/conda_envs/qgis332/lib/libabsl_bad_variant_access.so.2407.0.0
155471220000-155471221000 rw-p 00003000 00:30 1932647622                 /storage/home/hcoda1/4/hyu483/conda_envs/qgis332/lib/libabsl_bad_variant_access.so.2407.0.0
155471221000-155471223000 r--p 00000000 00:30 1932647628                 /storage/home/hcoda1/4/hyu483/conda_envs/qgis332/lib/libabsl_civil_time.so.2407.0.0
155471223000-155471226000 r-xp 00002000 00:30 1932647628                 /storage/home/hcoda1/4/hyu483/conda_envs/qgis332/lib/libabsl_civil_time.so.2407.0.0
155471226000-155471227000 r--p 00005000 00:30 1932647628                 /storage/home/hcoda1/4/hyu483/conda_envs/qgis332/lib/libabsl_civil_time.so.2407.0.0
155471227000-155471228000 r--p 00005000 00:30 1932647628                 /storage/home/hcoda1/4/hyu483/conda_envs/qgis332/lib/libabsl_civil_time.so.2407.0.0
155471228000-155471229000 rw-p 00006000 00:30 1932647628                 /storage/home/hcoda1/4/hyu483/conda_envs/qgis332/lib/libabsl_civil_time.so.2407.0.0
155471229000-15547122b000 r--p 00000000 00:30 1932647690                 /storage/home/hcoda1/4/hyu483/conda_envs/qgis332/lib/libabsl_graphcycles_internal.so.2407.0.0
15547122b000-15547122f000 r-xp 00002000 00:30 1932647690                 /storage/home/hcoda1/4/hyu483/conda_envs/qgis332/lib/libabsl_graphcycles_internal.so.2407.0.0
15547122f000-155471230000 r--p 00006000 00:30 1932647690                 /storage/home/hcoda1/4/hyu483/conda_envs/qgis332/lib/libabsl_graphcycles_internal.so.2407.0.0
155471230000-155471231000 r--p 00006000 00:30 1932647690                 /storage/home/hcoda1/4/hyu483/conda_envs/qgis332/lib/libabsl_graphcycles_internal.so.2407.0.0
155471231000-155471232000 rw-p 00007000 00:30 1932647690                 /storage/home/hcoda1/4/hyu483/conda_envs/qgis332/lib/libabsl_graphcycles_internal.so.2407.0.0
155471232000-15547123c000 r--p 00000000 00:30 1932645924                 /storage/home/hcoda1/4/hyu483/conda_envs/qgis332/lib/libcapnp-json-1.0.2.so
15547123c000-155471258000 r-xp 0000a000 00:30 1932645924                 /storage/home/hcoda1/4/hyu483/conda_envs/qgis332/lib/libcapnp-json-1.0.2.so
155471258000-15547125f000 r--p 00026000 00:30 1932645924                 /storage/home/hcoda1/4/hyu483/conda_envs/qgis332/lib/libcapnp-json-1.0.2.so
15547125f000-155471261000 r--p 0002c000 00:30 1932645924                 /storage/home/hcoda1/4/hyu483/conda_envs/qgis332/lib/libcapnp-json-1.0.2.so
155471261000-155471262000 rw-p 0002e000 00:30 1932645924                 /storage/home/hcoda1/4/hyu483/conda_envs/qgis332/lib/libcapnp-json-1.0.2.so
155471262000-155471283000 r--p 00000000 00:30 1932623848                 /storage/home/hcoda1/4/hyu483/conda_envs/qgis332/lib/libspdlog.so.1.15.1
155471283000-1554712bb000 r-xp 00021000 00:30 1932623848                 /storage/home/hcoda1/4/hyu483/conda_envs/qgis332/lib/libspdlog.so.1.15.1
1554712bb000-1554712ca000 r--p 00059000 00:30 1932623848                 /storage/home/hcoda1/4/hyu483/conda_envs/qgis332/lib/libspdlog.so.1.15.1
1554712ca000-1554712ce000 r--p 00067000 00:30 1932623848                 /storage/home/hcoda1/4/hyu483/conda_envs/qgis332/lib/libspdlog.so.1.15.1
1554712ce000-1554712cf000 rw-p 0006b000 00:30 1932623848                 /storage/home/hcoda1/4/hyu483/conda_envs/qgis332/lib/libspdlog.so.1.15.1
1554712cf000-155471397000 r--p 00000000 00:30 2085794946                 /storage/home/hcoda1/4/hyu483/conda_envs/qgis332/lib/libtiledb.so.2.27
155471397000-155471fd5000 r-xp 000c8000 00:30 2085794946                 /storage/home/hcoda1/4/hyu483/conda_envs/qgis332/lib/libtiledb.so.2.27
155471fd5000-155472269000 r--p 00d06000 00:30 2085794946                 /storage/home/hcoda1/4/hyu483/conda_envs/qgis332/lib/libtiledb.so.2.27
155472269000-155472287000 r--p 00f9a000 00:30 2085794946                 /storage/home/hcoda1/4/hyu483/conda_envs/qgis332/lib/libtiledb.so.2.27
155472287000-155472292000 rw-p 00fb8000 00:30 2085794946                 /storage/home/hcoda1/4/hyu483/conda_envs/qgis332/lib/libtiledb.so.2.27
155472292000-155472294000 rw-p 00000000 00:00 0 
155472294000-1554722a8000 r--p 00000000 00:30 1889086921                 /storage/home/hcoda1/4/hyu483/conda_envs/qgis332/lib/libpdal_plugin_reader_tiledb.so.18.1.0
1554722a8000-1554722ec000 r-xp 00014000 00:30 1889086921                 /storage/home/hcoda1/4/hyu483/conda_envs/qgis332/lib/libpdal_plugin_reader_tiledb.so.18.1.0
1554722ec000-1554722fc000 r--p 00058000 00:30 1889086921                 /storage/home/hcoda1/4/hyu483/conda_envs/qgis332/lib/libpdal_plugin_reader_tiledb.so.18.1.0
1554722fc000-1554722ff000 r--p 00067000 00:30 1889086921                 /storage/home/hcoda1/4/hyu483/conda_envs/qgis332/lib/libpdal_plugin_reader_tiledb.so.18.1.0
1554722ff000-155472300000 rw-p 0006a000 00:30 1889086921                 /storage/home/hcoda1/4/hyu483/conda_envs/qgis332/lib/libpdal_plugin_reader_tiledb.so.18.1.0
155472300000-155472307000 r--p 00000000 00:30 1910472458                 /storage/home/hcoda1/4/hyu483/conda_envs/qgis332/lib/libpdal_plugin_reader_pgpointcloud.so.18.1.0
155472307000-155472318000 r-xp 00007000 00:30 1910472458                 /storage/home/hcoda1/4/hyu483/conda_envs/qgis332/lib/libpdal_plugin_reader_pgpointcloud.so.18.1.0
155472318000-15547231c000 r--p 00018000 00:30 1910472458                 /storage/home/hcoda1/4/hyu483/conda_envs/qgis332/lib/libpdal_plugin_reader_pgpointcloud.so.18.1.0
15547231c000-15547231e000 r--p 0001b000 00:30 1910472458                 /storage/home/hcoda1/4/hyu483/conda_envs/qgis332/lib/libpdal_plugin_reader_pgpointcloud.so.18.1.0
15547231e000-15547231f000 rw-p 0001d000 00:30 1910472458                 /storage/home/hcoda1/4/hyu483/conda_envs/qgis332/lib/libpdal_plugin_reader_pgpointcloud.so.18.1.0
15547231f000-15547232c000 r--p 00000000 00:30 2085794857                 /storage/home/hcoda1/4/hyu483/conda_envs/qgis332/lib/python3.11/site-packages/pdal/libpdal_plugin_reader_numpy.so
15547232c000-15547235c000 r-xp 0000d000 00:30 2085794857                 /storage/home/hcoda1/4/hyu483/conda_envs/qgis332/lib/python3.11/site-packages/pdal/libpdal_plugin_reader_numpy.so
15547235c000-155472365000 r--p 0003d000 00:30 2085794857                 /storage/home/hcoda1/4/hyu483/conda_envs/qgis332/lib/python3.11/site-packages/pdal/libpdal_plugin_reader_numpy.so
155472365000-155472367000 r--p 00045000 00:30 2085794857                 /storage/home/hcoda1/4/hyu483/conda_envs/qgis332/lib/python3.11/site-packages/pdal/libpdal_plugin_reader_numpy.so
155472367000-155472368000 rw-p 00047000 00:30 2085794857                 /storage/home/hcoda1/4/hyu483/conda_envs/qgis332/lib/python3.11/site-packages/pdal/libpdal_plugin_reader_numpy.so
155472368000-1554723d0000 r--p 00000000 00:30 1940516580                 /storage/home/hcoda1/4/hyu483/conda_envs/qgis332/lib/libnitf-cpp.so
1554723d0000-1554724d2000 r-xp 00068000 00:30 1940516580                 /storage/home/hcoda1/4/hyu483/conda_envs/qgis332/lib/libnitf-cpp.so
1554724d2000-155472524000 r--p 0016a000 00:30 1940516580                 /storage/home/hcoda1/4/hyu483/conda_envs/qgis332/lib/libnitf-cpp.so
155472524000-15547252c000 r--p 001bc000 00:30 1940516580                 /storage/home/hcoda1/4/hyu483/conda_envs/qgis332/lib/libnitf-cpp.so
15547252c000-155472547000 rw-p 001c4000 00:30 1940516580                 /storage/home/hcoda1/4/hyu483/conda_envs/qgis332/lib/libnitf-cpp.so
155472547000-155472549000 rw-p 00000000 00:00 0 
155472549000-15547255a000 r--p 00000000 00:30 2085794847                 /storage/home/hcoda1/4/hyu483/conda_envs/qgis332/lib/libpdal_plugin_reader_nitf.so.18.1.0
15547255a000-155472578000 r-xp 00011000 00:30 2085794847                 /storage/home/hcoda1/4/hyu483/conda_envs/qgis332/lib/libpdal_plugin_reader_nitf.so.18.1.0
155472578000-15547257e000 r--p 0002f000 00:30 2085794847                 /storage/home/hcoda1/4/hyu483/conda_envs/qgis332/lib/libpdal_plugin_reader_nitf.so.18.1.0
15547257e000-155472581000 r--p 00035000 00:30 2085794847                 /storage/home/hcoda1/4/hyu483/conda_envs/qgis332/lib/libpdal_plugin_reader_nitf.so.18.1.0
155472581000-155472582000 rw-p 00038000 00:30 2085794847                 /storage/home/hcoda1/4/hyu483/conda_envs/qgis332/lib/libpdal_plugin_reader_nitf.so.18.1.0
155472582000-1554725ac000 r--p 00000000 00:30 1896406321                 /storage/home/hcoda1/4/hyu483/conda_envs/qgis332/lib/libhdf5_cpp.so.310.0.3
1554725ac000-1554725df000 r-xp 0002a000 00:30 1896406321                 /storage/home/hcoda1/4/hyu483/conda_envs/qgis332/lib/libhdf5_cpp.so.310.0.3
1554725df000-1554725fa000 r--p 0005d000 00:30 1896406321                 /storage/home/hcoda1/4/hyu483/conda_envs/qgis332/lib/libhdf5_cpp.so.310.0.3
1554725fa000-1554725fe000 r--p 00077000 00:30 1896406321                 /storage/home/hcoda1/4/hyu483/conda_envs/qgis332/lib/libhdf5_cpp.so.310.0.3
1554725fe000-1554725ff000 rw-p 0007b000 00:30 1896406321                 /storage/home/hcoda1/4/hyu483/conda_envs/qgis332/lib/libhdf5_cpp.so.310.0.3
1554725ff000-155472600000 ---p 00000000 00:00 0 
155472600000-155472800000 rw-p 00000000 00:00 0 
155472800000-155473000000 rw-p 00000000 00:00 0 
155473000000-155473001000 r--p 00000000 00:00 0 
155473001000-155473002000 rw-p 00000000 00:00 0 
155473002000-155473003000 r--p 00000000 00:30 1932647646                 /storage/home/hcoda1/4/hyu483/conda_envs/qgis332/lib/libabsl_crc_cpu_detect.so.2407.0.0
155473003000-155473004000 r-xp 00001000 00:30 1932647646                 /storage/home/hcoda1/4/hyu483/conda_envs/qgis332/lib/libabsl_crc_cpu_detect.so.2407.0.0
155473004000-155473005000 r--p 00002000 00:30 1932647646                 /storage/home/hcoda1/4/hyu483/conda_envs/qgis332/lib/libabsl_crc_cpu_detect.so.2407.0.0
155473005000-155473006000 r--p 00002000 00:30 1932647646                 /storage/home/hcoda1/4/hyu483/conda_envs/qgis332/lib/libabsl_crc_cpu_detect.so.2407.0.0
155473006000-155473007000 rw-p 00003000 00:30 1932647646                 /storage/home/hcoda1/4/hyu483/conda_envs/qgis332/lib/libabsl_crc_cpu_detect.so.2407.0.0
155473007000-15547300e000 r--p 00000000 00:30 1910472416                 /storage/home/hcoda1/4/hyu483/conda_envs/qgis332/lib/libpdal_plugin_reader_icebridge.so.18.1.0
15547300e000-15547301e000 r-xp 00007000 00:30 1910472416                 /storage/home/hcoda1/4/hyu483/conda_envs/qgis332/lib/libpdal_plugin_reader_icebridge.so.18.1.0
15547301e000-155473022000 r--p 00017000 00:30 1910472416                 /storage/home/hcoda1/4/hyu483/conda_envs/qgis332/lib/libpdal_plugin_reader_icebridge.so.18.1.0
155473022000-155473023000 r--p 0001b000 00:30 1910472416                 /storage/home/hcoda1/4/hyu483/conda_envs/qgis332/lib/libpdal_plugin_reader_icebridge.so.18.1.0
155473023000-155473024000 rw-p 0001c000 00:30 1910472416                 /storage/home/hcoda1/4/hyu483/conda_envs/qgis332/lib/libpdal_plugin_reader_icebridge.so.18.1.0
155473024000-155473030000 r--p 00000000 00:30 1889083870                 /storage/home/hcoda1/4/hyu483/conda_envs/qgis332/lib/libpdal_plugin_reader_hdf.so.18.1.0
155473030000-155473056000 r-xp 0000c000 00:30 1889083870                 /storage/home/hcoda1/4/hyu483/conda_envs/qgis332/lib/libpdal_plugin_reader_hdf.so.18.1.0
155473056000-15547305f000 r--p 00032000 00:30 1889083870                 /storage/home/hcoda1/4/hyu483/conda_envs/qgis332/lib/libpdal_plugin_reader_hdf.so.18.1.0
15547305f000-155473061000 r--p 0003a000 00:30 1889083870                 /storage/home/hcoda1/4/hyu483/conda_envs/qgis332/lib/libpdal_plugin_reader_hdf.so.18.1.0
155473061000-155473062000 rw-p 0003c000 00:30 1889083870                 /storage/home/hcoda1/4/hyu483/conda_envs/qgis332/lib/libpdal_plugin_reader_hdf.so.18.1.0
155473062000-155473089000 r--p 00000000 00:30 1910472404                 /storage/home/hcoda1/4/hyu483/conda_envs/qgis332/lib/libpdal_plugin_reader_e57.so.18.1.0
155473089000-155473119000 r-xp 00027000 00:30 1910472404                 /storage/home/hcoda1/4/hyu483/conda_envs/qgis332/lib/libpdal_plugin_reader_e57.so.18.1.0
155473119000-155473139000 r--p 000b7000 00:30 1910472404                 /storage/home/hcoda1/4/hyu483/conda_envs/qgis332/lib/libpdal_plugin_reader_e57.so.18.1.0
155473139000-15547313d000 r--p 000d7000 00:30 1910472404                 /storage/home/hcoda1/4/hyu483/conda_envs/qgis332/lib/libpdal_plugin_reader_e57.so.18.1.0
15547313d000-15547313e000 rw-p 000db000 00:30 1910472404                 /storage/home/hcoda1/4/hyu483/conda_envs/qgis332/lib/libpdal_plugin_reader_e57.so.18.1.0
15547313e000-155473144000 r--p 00000000 00:30 1910472391                 /storage/home/hcoda1/4/hyu483/conda_envs/qgis332/lib/libpdal_plugin_reader_draco.so.18.1.0
155473144000-155473156000 r-xp 00006000 00:30 1910472391                 /storage/home/hcoda1/4/hyu483/conda_envs/qgis332/lib/libpdal_plugin_reader_draco.so.18.1.0
155473156000-15547315a000 r--p 00018000 00:30 1910472391                 /storage/home/hcoda1/4/hyu483/conda_envs/qgis332/lib/libpdal_plugin_reader_draco.so.18.1.0
15547315a000-15547315b000 r--p 0001b000 00:30 1910472391                 /storage/home/hcoda1/4/hyu483/conda_envs/qgis332/lib/libpdal_plugin_reader_draco.so.18.1.0
15547315b000-15547315c000 rw-p 0001c000 00:30 1910472391                 /storage/home/hcoda1/4/hyu483/conda_envs/qgis332/lib/libpdal_plugin_reader_draco.so.18.1.0
15547315c000-155473160000 r--p 00000000 00:30 1932647772                 /storage/home/hcoda1/4/hyu483/conda_envs/qgis332/lib/libabsl_status.so.2407.0.0
155473160000-155473164000 r-xp 00004000 00:30 1932647772                 /storage/home/hcoda1/4/hyu483/conda_envs/qgis332/lib/libabsl_status.so.2407.0.0
155473164000-155473166000 r--p 00008000 00:30 1932647772                 /storage/home/hcoda1/4/hyu483/conda_envs/qgis332/lib/libabsl_status.so.2407.0.0
155473166000-155473167000 r--p 00009000 00:30 1932647772                 /storage/home/hcoda1/4/hyu483/conda_envs/qgis332/lib/libabsl_status.so.2407.0.0
155473167000-155473168000 rw-p 0000a000 00:30 1932647772                 /storage/home/hcoda1/4/hyu483/conda_envs/qgis332/lib/libabsl_status.so.2407.0.0
155473168000-155473169000 r--p 00000000 00:30 1932647712                 /storage/home/hcoda1/4/hyu483/conda_envs/qgis332/lib/libabsl_log_internal_conditions.so.2407.0.0
155473169000-15547316a000 r-xp 00001000 00:30 1932647712                 /storage/home/hcoda1/4/hyu483/conda_envs/qgis332/lib/libabsl_log_internal_conditions.so.2407.0.0
15547316a000-15547316b000 r--p 00002000 00:30 1932647712                 /storage/home/hcoda1/4/hyu483/conda_envs/qgis332/lib/libabsl_log_internal_conditions.so.2407.0.0
15547316b000-15547316c000 r--p 00002000 00:30 1932647712                 /storage/home/hcoda1/4/hyu483/conda_envs/qgis332/lib/libabsl_log_internal_conditions.so.2407.0.0
15547316c000-15547316d000 rw-p 00003000 00:30 1932647712                 /storage/home/hcoda1/4/hyu483/conda_envs/qgis332/lib/libabsl_log_internal_conditions.so.2407.0.0
15547316d000-15547316f000 r--p 00000000 00:30 1932647774                 /storage/home/hcoda1/4/hyu483/conda_envs/qgis332/lib/libabsl_statusor.so.2407.0.0
15547316f000-155473170000 r-xp 00002000 00:30 1932647774                 /storage/home/hcoda1/4/hyu483/conda_envs/qgis332/lib/libabsl_statusor.so.2407.0.0
155473170000-155473171000 r--p 00003000 00:30 1932647774                 /storage/home/hcoda1/4/hyu483/conda_envs/qgis332/lib/libabsl_statusor.so.2407.0.0
155473171000-155473172000 r--p 00003000 00:30 1932647774                 /storage/home/hcoda1/4/hyu483/conda_envs/qgis332/lib/libabsl_statusor.so.2407.0.0
155473172000-155473173000 rw-p 00004000 00:30 1932647774                 /storage/home/hcoda1/4/hyu483/conda_envs/qgis332/lib/libabsl_statusor.so.2407.0.0
155473173000-155473174000 r--p 00000000 00:30 1932647659                 /storage/home/hcoda1/4/hyu483/conda_envs/qgis332/lib/libabsl_die_if_null.so.2407.0.0
155473174000-155473175000 r-xp 00001000 00:30 1932647659                 /storage/home/hcoda1/4/hyu483/conda_envs/qgis332/lib/libabsl_die_if_null.so.2407.0.0
155473175000-155473176000 r--p 00002000 00:30 1932647659                 /storage/home/hcoda1/4/hyu483/conda_envs/qgis332/lib/libabsl_die_if_null.so.2407.0.0
155473176000-155473177000 r--p 00002000 00:30 1932647659                 /storage/home/hcoda1/4/hyu483/conda_envs/qgis332/lib/libabsl_die_if_null.so.2407.0.0
155473177000-155473178000 rw-p 00003000 00:30 1932647659                 /storage/home/hcoda1/4/hyu483/conda_envs/qgis332/lib/libabsl_die_if_null.so.2407.0.0
155473178000-155473198000 r--p 00000000 00:30 1932648649                 /storage/home/hcoda1/4/hyu483/conda_envs/qgis332/lib/libs2n.so.1.0.0
155473198000-155473224000 r-xp 00020000 00:30 1932648649                 /storage/home/hcoda1/4/hyu483/conda_envs/qgis332/lib/libs2n.so.1.0.0
155473224000-1554732a2000 r--p 000ac000 00:30 1932648649                 /storage/home/hcoda1/4/hyu483/conda_envs/qgis332/lib/libs2n.so.1.0.0
1554732a2000-1554732a9000 r--p 00129000 00:30 1932648649                 /storage/home/hcoda1/4/hyu483/conda_envs/qgis332/lib/libs2n.so.1.0.0
1554732a9000-1554732c1000 rw-p 00130000 00:30 1932648649                 /storage/home/hcoda1/4/hyu483/conda_envs/qgis332/lib/libs2n.so.1.0.0
1554732c1000-1554732ca000 rw-p 00000000 00:00 0 
1554732ca000-1554732cb000 r--p 00000000 00:30 1932645790                 /storage/home/hcoda1/4/hyu483/conda_envs/qgis332/lib/libaws-c-compression.so.1.0.0
1554732cb000-1554732cc000 r-xp 00001000 00:30 1932645790                 /storage/home/hcoda1/4/hyu483/conda_envs/qgis332/lib/libaws-c-compression.so.1.0.0
1554732cc000-1554732cd000 r--p 00002000 00:30 1932645790                 /storage/home/hcoda1/4/hyu483/conda_envs/qgis332/lib/libaws-c-compression.so.1.0.0
1554732cd000-1554732ce000 r--p 00002000 00:30 1932645790                 /storage/home/hcoda1/4/hyu483/conda_envs/qgis332/lib/libaws-c-compression.so.1.0.0
1554732ce000-1554732cf000 rw-p 00003000 00:30 1932645790                 /storage/home/hcoda1/4/hyu483/conda_envs/qgis332/lib/libaws-c-compression.so.1.0.0
1554732cf000-15547335f000 r--p 00000000 00:30 1932649567                 /storage/home/hcoda1/4/hyu483/conda_envs/qgis332/lib/libprotobuf.so.28.3.0
15547335f000-155473543000 r-xp 00090000 00:30 1932649567                 /storage/home/hcoda1/4/hyu483/conda_envs/qgis332/lib/libprotobuf.so.28.3.0
155473543000-1554735ac000 r--p 00274000 00:30 1932649567                 /storage/home/hcoda1/4/hyu483/conda_envs/qgis332/lib/libprotobuf.so.28.3.0
1554735ac000-1554735b7000 r--p 002dc000 00:30 1932649567                 /storage/home/hcoda1/4/hyu483/conda_envs/qgis332/lib/libprotobuf.so.28.3.0
1554735b7000-1554735bd000 rw-p 002e7000 00:30 1932649567                 /storage/home/hcoda1/4/hyu483/conda_envs/qgis332/lib/libprotobuf.so.28.3.0
1554735bd000-1554735be000 rw-p 00000000 00:00 0 
1554735be000-1554735bf000 r--p 00000000 00:30 1932645815                 /storage/home/hcoda1/4/hyu483/conda_envs/qgis332/lib/libaws-checksums.so.1.0.0
1554735bf000-1554735c2000 r-xp 00001000 00:30 1932645815                 /storage/home/hcoda1/4/hyu483/conda_envs/qgis332/lib/libaws-checksums.so.1.0.0
1554735c2000-1554735cf000 r--p 00004000 00:30 1932645815                 /storage/home/hcoda1/4/hyu483/conda_envs/qgis332/lib/libaws-checksums.so.1.0.0
1554735cf000-1554735d0000 r--p 00010000 00:30 1932645815                 /storage/home/hcoda1/4/hyu483/conda_envs/qgis332/lib/libaws-checksums.so.1.0.0
1554735d0000-1554735d1000 rw-p 00011000 00:30 1932645815                 /storage/home/hcoda1/4/hyu483/conda_envs/qgis332/lib/libaws-checksums.so.1.0.0
1554735d1000-1554735d6000 r--p 00000000 00:30 2085783842                 /storage/home/hcoda1/4/hyu483/conda_envs/qgis332/lib/libaws-c-sdkutils.so.1.0.0
1554735d6000-1554735e4000 r-xp 00005000 00:30 2085783842                 /storage/home/hcoda1/4/hyu483/conda_envs/qgis332/lib/libaws-c-sdkutils.so.1.0.0
1554735e4000-1554735ea000 r--p 00013000 00:30 2085783842                 /storage/home/hcoda1/4/hyu483/conda_envs/qgis332/lib/libaws-c-sdkutils.so.1.0.0
1554735ea000-1554735eb000 r--p 00018000 00:30 2085783842                 /storage/home/hcoda1/4/hyu483/conda_envs/qgis332/lib/libaws-c-sdkutils.so.1.0.0
1554735eb000-1554735ec000 rw-p 00019000 00:30 2085783842                 /storage/home/hcoda1/4/hyu483/conda_envs/qgis332/lib/libaws-c-sdkutils.so.1.0.0
1554735ec000-1554735f3000 r--p 00000000 00:30 2085783841                 /storage/home/hcoda1/4/hyu483/conda_envs/qgis332/lib/libaws-c-cal.so.1.0.0
1554735f3000-1554735fc000 r-xp 00007000 00:30 2085783841                 /storage/home/hcoda1/4/hyu483/conda_envs/qgis332/lib/libaws-c-cal.so.1.0.0
1554735fc000-155473601000 r--p 00010000 00:30 2085783841                 /storage/home/hcoda1/4/hyu483/conda_envs/qgis332/lib/libaws-c-cal.so.1.0.0
155473601000-155473602000 r--p 00014000 00:30 2085783841                 /storage/home/hcoda1/4/hyu483/conda_envs/qgis332/lib/libaws-c-cal.so.1.0.0
155473602000-155473603000 rw-p 00015000 00:30 2085783841                 /storage/home/hcoda1/4/hyu483/conda_envs/qgis332/lib/libaws-c-cal.so.1.0.0
155473603000-155473615000 r--p 00000000 00:30 2085784089                 /storage/home/hcoda1/4/hyu483/conda_envs/qgis332/lib/libaws-c-io.so.1.0.0
155473615000-155473634000 r-xp 00012000 00:30 2085784089                 /storage/home/hcoda1/4/hyu483/conda_envs/qgis332/lib/libaws-c-io.so.1.0.0
155473634000-15547364e000 r--p 00031000 00:30 2085784089                 /storage/home/hcoda1/4/hyu483/conda_envs/qgis332/lib/libaws-c-io.so.1.0.0
15547364e000-155473650000 r--p 0004a000 00:30 2085784089                 /storage/home/hcoda1/4/hyu483/conda_envs/qgis332/lib/libaws-c-io.so.1.0.0
155473650000-155473652000 rw-p 0004c000 00:30 2085784089                 /storage/home/hcoda1/4/hyu483/conda_envs/qgis332/lib/libaws-c-io.so.1.0.0
155473652000-155473653000 rw-p 00000000 00:00 0 
155473653000-155473663000 r--p 00000000 00:30 2085784154                 /storage/home/hcoda1/4/hyu483/conda_envs/qgis332/lib/libaws-c-http.so.1.0.0
155473663000-15547369a000 r-xp 00010000 00:30 2085784154                 /storage/home/hcoda1/4/hyu483/conda_envs/qgis332/lib/libaws-c-http.so.1.0.0
15547369a000-1554736b6000 r--p 00047000 00:30 2085784154                 /storage/home/hcoda1/4/hyu483/conda_envs/qgis332/lib/libaws-c-http.so.1.0.0
1554736b6000-1554736b8000 r--p 00063000 00:30 2085784154                 /storage/home/hcoda1/4/hyu483/conda_envs/qgis332/lib/libaws-c-http.so.1.0.0
1554736b8000-1554736ba000 rw-p 00065000 00:30 2085784154                 /storage/home/hcoda1/4/hyu483/conda_envs/qgis332/lib/libaws-c-http.so.1.0.0
1554736ba000-1554736bb000 rw-p 00000000 00:00 0 
1554736bb000-1554736c6000 r--p 00000000 00:30 2085784219                 /storage/home/hcoda1/4/hyu483/conda_envs/qgis332/lib/libaws-c-auth.so.1.0.0
1554736c6000-1554736e5000 r-xp 0000b000 00:30 2085784219                 /storage/home/hcoda1/4/hyu483/conda_envs/qgis332/lib/libaws-c-auth.so.1.0.0
1554736e5000-1554736f4000 r--p 0002a000 00:30 2085784219                 /storage/home/hcoda1/4/hyu483/conda_envs/qgis332/lib/libaws-c-auth.so.1.0.0
1554736f4000-1554736f5000 r--p 00039000 00:30 2085784219                 /storage/home/hcoda1/4/hyu483/conda_envs/qgis332/lib/libaws-c-auth.so.1.0.0
1554736f5000-1554736f6000 rw-p 0003a000 00:30 2085784219                 /storage/home/hcoda1/4/hyu483/conda_envs/qgis332/lib/libaws-c-auth.so.1.0.0
1554736f6000-155473705000 r--p 00000000 00:30 2085784338                 /storage/home/hcoda1/4/hyu483/conda_envs/qgis332/lib/libaws-c-s3.so.1.0.0
155473705000-155473721000 r-xp 0000f000 00:30 2085784338                 /storage/home/hcoda1/4/hyu483/conda_envs/qgis332/lib/libaws-c-s3.so.1.0.0
155473721000-15547372e000 r--p 0002b000 00:30 2085784338                 /storage/home/hcoda1/4/hyu483/conda_envs/qgis332/lib/libaws-c-s3.so.1.0.0
15547372e000-155473730000 r--p 00038000 00:30 2085784338                 /storage/home/hcoda1/4/hyu483/conda_envs/qgis332/lib/libaws-c-s3.so.1.0.0
155473730000-155473731000 rw-p 0003a000 00:30 2085784338                 /storage/home/hcoda1/4/hyu483/conda_envs/qgis332/lib/libaws-c-s3.so.1.0.0
155473731000-155473741000 r--p 00000000 00:30 2085784223                 /storage/home/hcoda1/4/hyu483/conda_envs/qgis332/lib/libaws-c-mqtt.so.1.0.0
155473741000-155473773000 r-xp 00010000 00:30 2085784223                 /storage/home/hcoda1/4/hyu483/conda_envs/qgis332/lib/libaws-c-mqtt.so.1.0.0
155473773000-15547378e000 r--p 00042000 00:30 2085784223                 /storage/home/hcoda1/4/hyu483/conda_envs/qgis332/lib/libaws-c-mqtt.so.1.0.0
15547378e000-155473790000 r--p 0005c000 00:30 2085784223                 /storage/home/hcoda1/4/hyu483/conda_envs/qgis332/lib/libaws-c-mqtt.so.1.0.0
155473790000-155473792000 rw-p 0005e000 00:30 2085784223                 /storage/home/hcoda1/4/hyu483/conda_envs/qgis332/lib/libaws-c-mqtt.so.1.0.0
155473792000-155473797000 r--p 00000000 00:30 2085784153                 /storage/home/hcoda1/4/hyu483/conda_envs/qgis332/lib/libaws-c-event-stream.so.1.0.0
155473797000-1554737a2000 r-xp 00005000 00:30 2085784153                 /storage/home/hcoda1/4/hyu483/conda_envs/qgis332/lib/libaws-c-event-stream.so.1.0.0
1554737a2000-1554737a8000 r--p 00010000 00:30 2085784153                 /storage/home/hcoda1/4/hyu483/conda_envs/qgis332/lib/libaws-c-event-stream.so.1.0.0
1554737a8000-1554737a9000 r--p 00016000 00:30 2085784153                 /storage/home/hcoda1/4/hyu483/conda_envs/qgis332/lib/libaws-c-event-stream.so.1.0.0
1554737a9000-1554737aa000 rw-p 00017000 00:30 2085784153                 /storage/home/hcoda1/4/hyu483/conda_envs/qgis332/lib/libaws-c-event-stream.so.1.0.0
1554737aa000-1554737bd000 r--p 00000000 00:30 1932645641                 /storage/home/hcoda1/4/hyu483/conda_envs/qgis332/lib/libaws-c-common.so.1.0.0
1554737bd000-1554737dd000 r-xp 00013000 00:30 1932645641                 /storage/home/hcoda1/4/hyu483/conda_envs/qgis332/lib/libaws-c-common.so.1.0.0
1554737dd000-1554737ed000 r--p 00033000 00:30 1932645641                 /storage/home/hcoda1/4/hyu483/conda_envs/qgis332/lib/libaws-c-common.so.1.0.0
1554737ed000-1554737ee000 r--p 00043000 00:30 1932645641                 /storage/home/hcoda1/4/hyu483/conda_envs/qgis332/lib/libaws-c-common.so.1.0.0
1554737ee000-1554737ef000 rw-p 00044000 00:30 1932645641                 /storage/home/hcoda1/4/hyu483/conda_envs/qgis332/lib/libaws-c-common.so.1.0.0
1554737ef000-1554737f0000 rw-p 00000000 00:00 0 
1554737f0000-155473800000 r--p 00000000 00:30 2007940768                 /storage/home/hcoda1/4/hyu483/conda_envs/qgis332/lib/libaws-cpp-sdk-sts.so
155473800000-155473820000 r-xp 00010000 00:30 2007940768                 /storage/home/hcoda1/4/hyu483/conda_envs/qgis332/lib/libaws-cpp-sdk-sts.so
155473820000-155473829000 r--p 00030000 00:30 2007940768                 /storage/home/hcoda1/4/hyu483/conda_envs/qgis332/lib/libaws-cpp-sdk-sts.so
155473829000-15547382b000 r--p 00038000 00:30 2007940768                 /storage/home/hcoda1/4/hyu483/conda_envs/qgis332/lib/libaws-cpp-sdk-sts.so
15547382b000-15547382c000 rw-p 0003a000 00:30 2007940768                 /storage/home/hcoda1/4/hyu483/conda_envs/qgis332/lib/libaws-cpp-sdk-sts.so
15547382c000-155473848000 r--p 00000000 00:30 2007940763                 /storage/home/hcoda1/4/hyu483/conda_envs/qgis332/lib/libaws-cpp-sdk-cognito-identity.so
155473848000-155473880000 r-xp 0001c000 00:30 2007940763                 /storage/home/hcoda1/4/hyu483/conda_envs/qgis332/lib/libaws-cpp-sdk-cognito-identity.so
155473880000-15547388c000 r--p 00054000 00:30 2007940763                 /storage/home/hcoda1/4/hyu483/conda_envs/qgis332/lib/libaws-cpp-sdk-cognito-identity.so
15547388c000-155473890000 r--p 00060000 00:30 2007940763                 /storage/home/hcoda1/4/hyu483/conda_envs/qgis332/lib/libaws-cpp-sdk-cognito-identity.so
155473890000-155473891000 rw-p 00064000 00:30 2007940763                 /storage/home/hcoda1/4/hyu483/conda_envs/qgis332/lib/libaws-cpp-sdk-cognito-identity.so
155473891000-155473892000 r--p 00000000 00:30 1896406258                 /storage/home/hcoda1/4/hyu483/conda_envs/qgis332/lib/libcrc32c.so.1.1.0
155473892000-155473893000 r-xp 00001000 00:30 1896406258                 /storage/home/hcoda1/4/hyu483/conda_envs/qgis332/lib/libcrc32c.so.1.1.0
155473893000-155473895000 r--p 00002000 00:30 1896406258                 /storage/home/hcoda1/4/hyu483/conda_envs/qgis332/lib/libcrc32c.so.1.1.0
155473895000-155473896000 r--p 00003000 00:30 1896406258                 /storage/home/hcoda1/4/hyu483/conda_envs/qgis332/lib/libcrc32c.so.1.1.0
155473896000-155473897000 rw-p 00004000 00:30 1896406258                 /storage/home/hcoda1/4/hyu483/conda_envs/qgis332/lib/libcrc32c.so.1.1.0
155473897000-1554738be000 r--p 00000000 00:30 2007945513                 /storage/home/hcoda1/4/hyu483/conda_envs/qgis332/lib/libgoogle_cloud_cpp_rest_internal.so.2.36.0
1554738be000-15547396b000 r-xp 00027000 00:30 2007945513                 /storage/home/hcoda1/4/hyu483/conda_envs/qgis332/lib/libgoogle_cloud_cpp_rest_internal.so.2.36.0
15547396b000-15547398b000 r--p 000d4000 00:30 2007945513                 /storage/home/hcoda1/4/hyu483/conda_envs/qgis332/lib/libgoogle_cloud_cpp_rest_internal.so.2.36.0
15547398b000-15547398e000 r--p 000f4000 00:30 2007945513                 /storage/home/hcoda1/4/hyu483/conda_envs/qgis332/lib/libgoogle_cloud_cpp_rest_internal.so.2.36.0
15547398e000-15547398f000 rw-p 000f7000 00:30 2007945513                 /storage/home/hcoda1/4/hyu483/conda_envs/qgis332/lib/libgoogle_cloud_cpp_rest_internal.so.2.36.0
15547398f000-155473998000 r--p 00000000 00:30 2007944248                 /storage/home/hcoda1/4/hyu483/conda_envs/qgis332/lib/libazure-storage-common.so
155473998000-1554739c9000 r-xp 00009000 00:30 2007944248                 /storage/home/hcoda1/4/hyu483/conda_envs/qgis332/lib/libazure-storage-common.so
1554739c9000-1554739d5000 r--p 0003a000 00:30 2007944248                 /storage/home/hcoda1/4/hyu483/conda_envs/qgis332/lib/libazure-storage-common.so
1554739d5000-1554739d6000 r--p 00046000 00:30 2007944248                 /storage/home/hcoda1/4/hyu483/conda_envs/qgis332/lib/libazure-storage-common.so
1554739d6000-1554739d7000 rw-p 00047000 00:30 2007944248                 /storage/home/hcoda1/4/hyu483/conda_envs/qgis332/lib/libazure-storage-common.so
1554739d7000-1554739d8000 r--p 00000000 00:30 1917420446                 /storage/home/hcoda1/4/hyu483/conda_envs/qgis332/lib/libbrotlienc.so.1.1.0
1554739d8000-155473a31000 r-xp 00001000 00:30 1917420446                 /storage/home/hcoda1/4/hyu483/conda_envs/qgis332/lib/libbrotlienc.so.1.1.0
155473a31000-155473a83000 r--p 0005a000 00:30 1917420446                 /storage/home/hcoda1/4/hyu483/conda_envs/qgis332/lib/libbrotlienc.so.1.1.0
155473a83000-155473a84000 r--p 000ab000 00:30 1917420446                 /storage/home/hcoda1/4/hyu483/conda_envs/qgis332/lib/libbrotlienc.so.1.1.0
155473a84000-155473a85000 rw-p 000ac000 00:30 1917420446                 /storage/home/hcoda1/4/hyu483/conda_envs/qgis332/lib/libbrotlienc.so.1.1.0
155473a85000-155473b05000 r--p 00000000 00:30 1932650261                 /storage/home/hcoda1/4/hyu483/conda_envs/qgis332/lib/liborc.so
155473b05000-155473beb000 r-xp 00080000 00:30 1932650261                 /storage/home/hcoda1/4/hyu483/conda_envs/qgis332/lib/liborc.so
155473beb000-155473c2f000 r--p 00166000 00:30 1932650261                 /storage/home/hcoda1/4/hyu483/conda_envs/qgis332/lib/liborc.so
155473c2f000-155473c3c000 r--p 001aa000 00:30 1932650261                 /storage/home/hcoda1/4/hyu483/conda_envs/qgis332/lib/liborc.so
155473c3c000-155473c40000 rw-p 001b7000 00:30 1932650261                 /storage/home/hcoda1/4/hyu483/conda_envs/qgis332/lib/liborc.so
155473c40000-155473c73000 r--p 00000000 00:30 2085784381                 /storage/home/hcoda1/4/hyu483/conda_envs/qgis332/lib/libaws-crt-cpp.so
155473c73000-155473cbf000 r-xp 00033000 00:30 2085784381                 /storage/home/hcoda1/4/hyu483/conda_envs/qgis332/lib/libaws-crt-cpp.so
155473cbf000-155473cdb000 r--p 0007f000 00:30 2085784381                 /storage/home/hcoda1/4/hyu483/conda_envs/qgis332/lib/libaws-crt-cpp.so
155473cdb000-155473cdf000 r--p 0009a000 00:30 2085784381                 /storage/home/hcoda1/4/hyu483/conda_envs/qgis332/lib/libaws-crt-cpp.so
155473cdf000-155473ce0000 rw-p 0009e000 00:30 2085784381                 /storage/home/hcoda1/4/hyu483/conda_envs/qgis332/lib/libaws-crt-cpp.so
155473ce0000-155473d45000 r--p 00000000 00:30 2085769475                 /storage/home/hcoda1/4/hyu483/conda_envs/qgis332/lib/libaws-cpp-sdk-core.so
155473d45000-155473e2d000 r-xp 00065000 00:30 2085769475                 /storage/home/hcoda1/4/hyu483/conda_envs/qgis332/lib/libaws-cpp-sdk-core.so
155473e2d000-155473e63000 r--p 0014d000 00:30 2085769475                 /storage/home/hcoda1/4/hyu483/conda_envs/qgis332/lib/libaws-cpp-sdk-core.so
155473e63000-155473e6d000 r--p 00182000 00:30 2085769475                 /storage/home/hcoda1/4/hyu483/conda_envs/qgis332/lib/libaws-cpp-sdk-core.so
155473e6d000-155473e6e000 rw-p 0018c000 00:30 2085769475                 /storage/home/hcoda1/4/hyu483/conda_envs/qgis332/lib/libaws-cpp-sdk-core.so
155473e6e000-155473e6f000 rw-p 00000000 00:00 0 
155473e6f000-155473eee000 r--p 00000000 00:30 2085767953                 /storage/home/hcoda1/4/hyu483/conda_envs/qgis332/lib/libaws-cpp-sdk-s3.so
155473eee000-15547406e000 r-xp 0007f000 00:30 2085767953                 /storage/home/hcoda1/4/hyu483/conda_envs/qgis332/lib/libaws-cpp-sdk-s3.so
15547406e000-1554740bd000 r--p 001ff000 00:30 2085767953                 /storage/home/hcoda1/4/hyu483/conda_envs/qgis332/lib/libaws-cpp-sdk-s3.so
1554740bd000-1554740cc000 r--p 0024e000 00:30 2085767953                 /storage/home/hcoda1/4/hyu483/conda_envs/qgis332/lib/libaws-cpp-sdk-s3.so
1554740cc000-1554740cd000 rw-p 0025d000 00:30 2085767953                 /storage/home/hcoda1/4/hyu483/conda_envs/qgis332/lib/libaws-cpp-sdk-s3.so
1554740cd000-1554740d6000 r--p 00000000 00:30 2007940764                 /storage/home/hcoda1/4/hyu483/conda_envs/qgis332/lib/libaws-cpp-sdk-identity-management.so
1554740d6000-1554740ef000 r-xp 00009000 00:30 2007940764                 /storage/home/hcoda1/4/hyu483/conda_envs/qgis332/lib/libaws-cpp-sdk-identity-management.so
1554740ef000-1554740f2000 r--p 00022000 00:30 2007940764                 /storage/home/hcoda1/4/hyu483/conda_envs/qgis332/lib/libaws-cpp-sdk-identity-management.so
1554740f2000-1554740f3000 r--p 00025000 00:30 2007940764                 /storage/home/hcoda1/4/hyu483/conda_envs/qgis332/lib/libaws-cpp-sdk-identity-management.so
1554740f3000-1554740f4000 rw-p 00026000 00:30 2007940764                 /storage/home/hcoda1/4/hyu483/conda_envs/qgis332/lib/libaws-cpp-sdk-identity-management.so
1554740f4000-155474113000 r--p 00000000 00:30 2085784354                 /storage/home/hcoda1/4/hyu483/conda_envs/qgis332/lib/libgoogle_cloud_cpp_common.so.2.36.0
155474113000-155474164000 r-xp 0001f000 00:30 2085784354                 /storage/home/hcoda1/4/hyu483/conda_envs/qgis332/lib/libgoogle_cloud_cpp_common.so.2.36.0
155474164000-155474176000 r--p 00070000 00:30 2085784354                 /storage/home/hcoda1/4/hyu483/conda_envs/qgis332/lib/libgoogle_cloud_cpp_common.so.2.36.0
155474176000-155474179000 r--p 00081000 00:30 2085784354                 /storage/home/hcoda1/4/hyu483/conda_envs/qgis332/lib/libgoogle_cloud_cpp_common.so.2.36.0
155474179000-15547417a000 rw-p 00084000 00:30 2085784354                 /storage/home/hcoda1/4/hyu483/conda_envs/qgis332/lib/libgoogle_cloud_cpp_common.so.2.36.0
15547417a000-1554741cc000 r--p 00000000 00:30 2007947608                 /storage/home/hcoda1/4/hyu483/conda_envs/qgis332/lib/libgoogle_cloud_cpp_storage.so.2.36.0
1554741cc000-155474382000 r-xp 00052000 00:30 2007947608                 /storage/home/hcoda1/4/hyu483/conda_envs/qgis332/lib/libgoogle_cloud_cpp_storage.so.2.36.0
155474382000-1554743d9000 r--p 00208000 00:30 2007947608                 /storage/home/hcoda1/4/hyu483/conda_envs/qgis332/lib/libgoogle_cloud_cpp_storage.so.2.36.0
1554743d9000-1554743df000 r--p 0025f000 00:30 2007947608                 /storage/home/hcoda1/4/hyu483/conda_envs/qgis332/lib/libgoogle_cloud_cpp_storage.so.2.36.0
1554743df000-1554743e0000 rw-p 00265000 00:30 2007947608                 /storage/home/hcoda1/4/hyu483/conda_envs/qgis332/lib/libgoogle_cloud_cpp_storage.so.2.36.0
1554743e0000-1554743f4000 r--p 00000000 00:30 1932536780                 /storage/home/hcoda1/4/hyu483/conda_envs/qgis332/lib/libazure-core.so
1554743f4000-155474442000 r-xp 00014000 00:30 1932536780                 /storage/home/hcoda1/4/hyu483/conda_envs/qgis332/lib/libazure-core.so
155474442000-155474451000 r--p 00062000 00:30 1932536780                 /storage/home/hcoda1/4/hyu483/conda_envs/qgis332/lib/libazure-core.so
155474451000-155474453000 r--p 00071000 00:30 1932536780                 /storage/home/hcoda1/4/hyu483/conda_envs/qgis332/lib/libazure-core.so
155474453000-155474454000 rw-p 00073000 00:30 1932536780                 /storage/home/hcoda1/4/hyu483/conda_envs/qgis332/lib/libazure-core.so
155474454000-155474469000 r--p 00000000 00:30 2007944088                 /storage/home/hcoda1/4/hyu483/conda_envs/qgis332/lib/libazure-identity.so
155474469000-1554744da000 r-xp 00015000 00:30 2007944088                 /storage/home/hcoda1/4/hyu483/conda_envs/qgis332/lib/libazure-identity.so
1554744da000-1554744ef000 r--p 00086000 00:30 2007944088                 /storage/home/hcoda1/4/hyu483/conda_envs/qgis332/lib/libazure-identity.so
1554744ef000-1554744f1000 r--p 0009a000 00:30 2007944088                 /storage/home/hcoda1/4/hyu483/conda_envs/qgis332/lib/libazure-identity.so
1554744f1000-1554744f2000 rw-p 0009c000 00:30 2007944088                 /storage/home/hcoda1/4/hyu483/conda_envs/qgis332/lib/libazure-identity.so
1554744f2000-155474517000 r--p 00000000 00:30 2007947077                 /storage/home/hcoda1/4/hyu483/conda_envs/qgis332/lib/libazure-storage-blobs.so
155474517000-155474637000 r-xp 00025000 00:30 2007947077                 /storage/home/hcoda1/4/hyu483/conda_envs/qgis332/lib/libazure-storage-blobs.so
155474637000-15547465d000 r--p 00145000 00:30 2007947077                 /storage/home/hcoda1/4/hyu483/conda_envs/qgis332/lib/libazure-storage-blobs.so
15547465d000-155474660000 r--p 0016a000 00:30 2007947077                 /storage/home/hcoda1/4/hyu483/conda_envs/qgis332/lib/libazure-storage-blobs.so
155474660000-155474661000 rw-p 0016d000 00:30 2007947077                 /storage/home/hcoda1/4/hyu483/conda_envs/qgis332/lib/libazure-storage-blobs.so
155474661000-155474676000 r--p 00000000 00:30 2007940798                 /storage/home/hcoda1/4/hyu483/conda_envs/qgis332/lib/libazure-storage-files-datalake.so
155474676000-155474705000 r-xp 00015000 00:30 2007940798                 /storage/home/hcoda1/4/hyu483/conda_envs/qgis332/lib/libazure-storage-files-datalake.so
155474705000-155474717000 r--p 000a4000 00:30 2007940798                 /storage/home/hcoda1/4/hyu483/conda_envs/qgis332/lib/libazure-storage-files-datalake.so
155474717000-155474719000 r--p 000b5000 00:30 2007940798                 /storage/home/hcoda1/4/hyu483/conda_envs/qgis332/lib/libazure-storage-files-datalake.so
155474719000-15547471a000 rw-p 000b7000 00:30 2007940798                 /storage/home/hcoda1/4/hyu483/conda_envs/qgis332/lib/libazure-storage-files-datalake.so
15547471a000-15547471c000 r--p 00000000 00:30 1932645722                 /storage/home/hcoda1/4/hyu483/conda_envs/qgis332/lib/libutf8proc.so.3.1.0
15547471c000-15547471e000 r-xp 00002000 00:30 1932645722                 /storage/home/hcoda1/4/hyu483/conda_envs/qgis332/lib/libutf8proc.so.3.1.0
15547471e000-155474771000 r--p 00004000 00:30 1932645722                 /storage/home/hcoda1/4/hyu483/conda_envs/qgis332/lib/libutf8proc.so.3.1.0
155474771000-155474772000 r--p 00056000 00:30 1932645722                 /storage/home/hcoda1/4/hyu483/conda_envs/qgis332/lib/libutf8proc.so.3.1.0
155474772000-155474773000 rw-p 00057000 00:30 1932645722                 /storage/home/hcoda1/4/hyu483/conda_envs/qgis332/lib/libutf8proc.so.3.1.0
155474773000-15547478a000 r--p 00000000 00:30 1932649573                 /storage/home/hcoda1/4/hyu483/conda_envs/qgis332/lib/libre2.so.11
15547478a000-1554747cf000 r-xp 00017000 00:30 1932649573                 /storage/home/hcoda1/4/hyu483/conda_envs/qgis332/lib/libre2.so.11
1554747cf000-1554747e8000 r--p 0005c000 00:30 1932649573                 /storage/home/hcoda1/4/hyu483/conda_envs/qgis332/lib/libre2.so.11
1554747e8000-1554747ed000 r--p 00074000 00:30 1932649573                 /storage/home/hcoda1/4/hyu483/conda_envs/qgis332/lib/libre2.so.11
1554747ed000-1554747ee000 rw-p 00079000 00:30 1932649573                 /storage/home/hcoda1/4/hyu483/conda_envs/qgis332/lib/libre2.so.11
1554747ee000-155474820000 r--p 00000000 00:30 2085784112                 /storage/home/hcoda1/4/hyu483/conda_envs/qgis332/lib/libthrift.so.0.21.0
155474820000-15547487d000 r-xp 00032000 00:30 2085784112                 /storage/home/hcoda1/4/hyu483/conda_envs/qgis332/lib/libthrift.so.0.21.0
15547487d000-155474898000 r--p 0008f000 00:30 2085784112                 /storage/home/hcoda1/4/hyu483/conda_envs/qgis332/lib/libthrift.so.0.21.0
155474898000-15547489e000 r--p 000aa000 00:30 2085784112                 /storage/home/hcoda1/4/hyu483/conda_envs/qgis332/lib/libthrift.so.0.21.0
15547489e000-15547489f000 rw-p 000b0000 00:30 2085784112                 /storage/home/hcoda1/4/hyu483/conda_envs/qgis332/lib/libthrift.so.0.21.0
15547489f000-15547618e000 r-xp 00000000 00:30 2085794253                 /storage/home/hcoda1/4/hyu483/conda_envs/qgis332/lib/libarrow.so.1801.0.0
15547618e000-1554761e5000 r--p 018ee000 00:30 2085794253                 /storage/home/hcoda1/4/hyu483/conda_envs/qgis332/lib/libarrow.so.1801.0.0
1554761e5000-1554761e9000 rw-p 01945000 00:30 2085794253                 /storage/home/hcoda1/4/hyu483/conda_envs/qgis332/lib/libarrow.so.1801.0.0
1554761e9000-15547645c000 rw-p 00000000 00:00 0 
15547645c000-1554767b8000 r-xp 00000000 00:30 1889083867                 /storage/home/hcoda1/4/hyu483/conda_envs/qgis332/lib/libparquet.so.1801.0.0
1554767b8000-1554767b9000 ---p 0035c000 00:30 1889083867                 /storage/home/hcoda1/4/hyu483/conda_envs/qgis332/lib/libparquet.so.1801.0.0
1554767b9000-1554767dc000 r--p 0035c000 00:30 1889083867                 /storage/home/hcoda1/4/hyu483/conda_envs/qgis332/lib/libparquet.so.1801.0.0
1554767dc000-1554767dd000 rw-p 0037f000 00:30 1889083867                 /storage/home/hcoda1/4/hyu483/conda_envs/qgis332/lib/libparquet.so.1801.0.0
1554767dd000-1554767e9000 r--p 00000000 00:30 1889086929                 /storage/home/hcoda1/4/hyu483/conda_envs/qgis332/lib/libpdal_plugin_reader_arrow.so.18.1.0
1554767e9000-155476815000 r-xp 0000c000 00:30 1889086929                 /storage/home/hcoda1/4/hyu483/conda_envs/qgis332/lib/libpdal_plugin_reader_arrow.so.18.1.0
155476815000-15547681f000 r--p 00038000 00:30 1889086929                 /storage/home/hcoda1/4/hyu483/conda_envs/qgis332/lib/libpdal_plugin_reader_arrow.so.18.1.0
15547681f000-155476821000 r--p 00041000 00:30 1889086929                 /storage/home/hcoda1/4/hyu483/conda_envs/qgis332/lib/libpdal_plugin_reader_arrow.so.18.1.0
155476821000-155476822000 rw-p 00043000 00:30 1889086929                 /storage/home/hcoda1/4/hyu483/conda_envs/qgis332/lib/libpdal_plugin_reader_arrow.so.18.1.0
155476822000-15547682f000 r--p 00000000 00:30 1917429389                 /storage/home/hcoda1/4/hyu483/conda_envs/qgis332/lib/libgomp.so.1.0.0
15547682f000-155476852000 r-xp 0000d000 00:30 1917429389                 /storage/home/hcoda1/4/hyu483/conda_envs/qgis332/lib/libgomp.so.1.0.0
155476852000-155476860000 r--p 00030000 00:30 1917429389                 /storage/home/hcoda1/4/hyu483/conda_envs/qgis332/lib/libgomp.so.1.0.0
155476860000-155476861000 r--p 0003d000 00:30 1917429389                 /storage/home/hcoda1/4/hyu483/conda_envs/qgis332/lib/libgomp.so.1.0.0
155476861000-155476862000 rw-p 0003e000 00:30 1917429389                 /storage/home/hcoda1/4/hyu483/conda_envs/qgis332/lib/libgomp.so.1.0.0
155476862000-155476863000 r--p 00000000 00:30 2094161960                 /storage/home/hcoda1/4/hyu483/conda_envs/qgis332/lib/libcamd.so.2.4.6
155476863000-15547686c000 r-xp 00001000 00:30 2094161960                 /storage/home/hcoda1/4/hyu483/conda_envs/qgis332/lib/libcamd.so.2.4.6
15547686c000-15547686e000 r--p 0000a000 00:30 2094161960                 /storage/home/hcoda1/4/hyu483/conda_envs/qgis332/lib/libcamd.so.2.4.6
15547686e000-15547686f000 r--p 0000b000 00:30 2094161960                 /storage/home/hcoda1/4/hyu483/conda_envs/qgis332/lib/libcamd.so.2.4.6
15547686f000-155476870000 rw-p 0000c000 00:30 2094161960                 /storage/home/hcoda1/4/hyu483/conda_envs/qgis332/lib/libcamd.so.2.4.6
155476870000-155476871000 r--p 00000000 00:30 2094148979                 /storage/home/hcoda1/4/hyu483/conda_envs/qgis332/lib/libccolamd.so.2.9.6
155476871000-15547687a000 r-xp 00001000 00:30 2094148979                 /storage/home/hcoda1/4/hyu483/conda_envs/qgis332/lib/libccolamd.so.2.9.6
15547687a000-15547687c000 r--p 0000a000 00:30 2094148979                 /storage/home/hcoda1/4/hyu483/conda_envs/qgis332/lib/libccolamd.so.2.9.6
15547687c000-15547687d000 r--p 0000b000 00:30 2094148979                 /storage/home/hcoda1/4/hyu483/conda_envs/qgis332/lib/libccolamd.so.2.9.6
15547687d000-15547687e000 rw-p 0000c000 00:30 2094148979                 /storage/home/hcoda1/4/hyu483/conda_envs/qgis332/lib/libccolamd.so.2.9.6
15547687e000-15547687f000 r--p 00000000 00:30 2094244831                 /storage/home/hcoda1/4/hyu483/conda_envs/qgis332/lib/libsuitesparseconfig.so.5.10.1
15547687f000-155476880000 r-xp 00001000 00:30 2094244831                 /storage/home/hcoda1/4/hyu483/conda_envs/qgis332/lib/libsuitesparseconfig.so.5.10.1
155476880000-155476881000 r--p 00002000 00:30 2094244831                 /storage/home/hcoda1/4/hyu483/conda_envs/qgis332/lib/libsuitesparseconfig.so.5.10.1
155476881000-155476882000 r--p 00002000 00:30 2094244831                 /storage/home/hcoda1/4/hyu483/conda_envs/qgis332/lib/libsuitesparseconfig.so.5.10.1
155476882000-155476883000 rw-p 00003000 00:30 2094244831                 /storage/home/hcoda1/4/hyu483/conda_envs/qgis332/lib/libsuitesparseconfig.so.5.10.1
155476883000-155476884000 r--p 00000000 00:30 2094148218                 /storage/home/hcoda1/4/hyu483/conda_envs/qgis332/lib/libcolamd.so.2.9.6
155476884000-155476889000 r-xp 00001000 00:30 2094148218                 /storage/home/hcoda1/4/hyu483/conda_envs/qgis332/lib/libcolamd.so.2.9.6
155476889000-15547688a000 r--p 00006000 00:30 2094148218                 /storage/home/hcoda1/4/hyu483/conda_envs/qgis332/lib/libcolamd.so.2.9.6
15547688a000-15547688b000 r--p 00006000 00:30 2094148218                 /storage/home/hcoda1/4/hyu483/conda_envs/qgis332/lib/libcolamd.so.2.9.6
15547688b000-15547688c000 rw-p 00007000 00:30 2094148218                 /storage/home/hcoda1/4/hyu483/conda_envs/qgis332/lib/libcolamd.so.2.9.6
15547688c000-15547688d000 r--p 00000000 00:30 2094148827                 /storage/home/hcoda1/4/hyu483/conda_envs/qgis332/lib/libamd.so.2.4.6
15547688d000-155476895000 r-xp 00001000 00:30 2094148827                 /storage/home/hcoda1/4/hyu483/conda_envs/qgis332/lib/libamd.so.2.4.6
155476895000-155476897000 r--p 00009000 00:30 2094148827                 /storage/home/hcoda1/4/hyu483/conda_envs/qgis332/lib/libamd.so.2.4.6
155476897000-155476898000 r--p 0000a000 00:30 2094148827                 /storage/home/hcoda1/4/hyu483/conda_envs/qgis332/lib/libamd.so.2.4.6
155476898000-155476899000 rw-p 0000b000 00:30 2094148827                 /storage/home/hcoda1/4/hyu483/conda_envs/qgis332/lib/libamd.so.2.4.6
155476899000-1554768aa000 r--p 00000000 00:30 1893834641                 /storage/home/hcoda1/4/hyu483/conda_envs/qgis332/lib/libmetis.so
1554768aa000-1554768f7000 r-xp 00011000 00:30 1893834641                 /storage/home/hcoda1/4/hyu483/conda_envs/qgis332/lib/libmetis.so
1554768f7000-155476908000 r--p 0005e000 00:30 1893834641                 /storage/home/hcoda1/4/hyu483/conda_envs/qgis332/lib/libmetis.so
155476908000-15547690a000 r--p 0006e000 00:30 1893834641                 /storage/home/hcoda1/4/hyu483/conda_envs/qgis332/lib/libmetis.so
15547690a000-15547690b000 rw-p 00070000 00:30 1893834641                 /storage/home/hcoda1/4/hyu483/conda_envs/qgis332/lib/libmetis.so
15547690b000-155476911000 r--p 00000000 00:30 2094141292                 /storage/home/hcoda1/4/hyu483/conda_envs/qgis332/lib/libspqr.so.2.0.9
155476911000-155476939000 r-xp 00006000 00:30 2094141292                 /storage/home/hcoda1/4/hyu483/conda_envs/qgis332/lib/libspqr.so.2.0.9
155476939000-15547693d000 r--p 0002e000 00:30 2094141292                 /storage/home/hcoda1/4/hyu483/conda_envs/qgis332/lib/libspqr.so.2.0.9
15547693d000-15547693e000 r--p 00031000 00:30 2094141292                 /storage/home/hcoda1/4/hyu483/conda_envs/qgis332/lib/libspqr.so.2.0.9
15547693e000-15547693f000 rw-p 00032000 00:30 2094141292                 /storage/home/hcoda1/4/hyu483/conda_envs/qgis332/lib/libspqr.so.2.0.9
15547693f000-155476947000 r--p 00000000 00:30 2094162630                 /storage/home/hcoda1/4/hyu483/conda_envs/qgis332/lib/libcholmod.so.3.0.14
155476947000-155476a3e000 r-xp 00008000 00:30 2094162630                 /storage/home/hcoda1/4/hyu483/conda_envs/qgis332/lib/libcholmod.so.3.0.14
155476a3e000-155476a4c000 r--p 000ff000 00:30 2094162630                 /storage/home/hcoda1/4/hyu483/conda_envs/qgis332/lib/libcholmod.so.3.0.14
155476a4c000-155476a4d000 r--p 0010c000 00:30 2094162630                 /storage/home/hcoda1/4/hyu483/conda_envs/qgis332/lib/libcholmod.so.3.0.14
155476a4d000-155476a4e000 rw-p 0010d000 00:30 2094162630                 /storage/home/hcoda1/4/hyu483/conda_envs/qgis332/lib/libcholmod.so.3.0.14
155476a4e000-155476a53000 r--p 00000000 00:30 1940419484                 /storage/home/hcoda1/4/hyu483/conda_envs/qgis332/lib/libgflags.so.2.2.2
155476a53000-155476a74000 r-xp 00005000 00:30 1940419484                 /storage/home/hcoda1/4/hyu483/conda_envs/qgis332/lib/libgflags.so.2.2.2
155476a74000-155476a79000 r--p 00026000 00:30 1940419484                 /storage/home/hcoda1/4/hyu483/conda_envs/qgis332/lib/libgflags.so.2.2.2
155476a79000-155476a7a000 r--p 0002a000 00:30 1940419484                 /storage/home/hcoda1/4/hyu483/conda_envs/qgis332/lib/libgflags.so.2.2.2
155476a7a000-155476a7b000 rw-p 0002b000 00:30 1940419484                 /storage/home/hcoda1/4/hyu483/conda_envs/qgis332/lib/libgflags.so.2.2.2
155476a7b000-155476a8c000 r--p 00000000 00:30 1932648822                 /storage/home/hcoda1/4/hyu483/conda_envs/qgis332/lib/libglog.so.0.7.1
155476a8c000-155476ab2000 r-xp 00011000 00:30 1932648822                 /storage/home/hcoda1/4/hyu483/conda_envs/qgis332/lib/libglog.so.0.7.1
155476ab2000-155476abc000 r--p 00037000 00:30 1932648822                 /storage/home/hcoda1/4/hyu483/conda_envs/qgis332/lib/libglog.so.0.7.1
155476abc000-155476abe000 r--p 00041000 00:30 1932648822                 /storage/home/hcoda1/4/hyu483/conda_envs/qgis332/lib/libglog.so.0.7.1
155476abe000-155476abf000 rw-p 00043000 00:30 1932648822                 /storage/home/hcoda1/4/hyu483/conda_envs/qgis332/lib/libglog.so.0.7.1
155476abf000-155476acf000 rw-p 00000000 00:00 0 
155476acf000-155476af2000 r--p 00000000 00:30 2007941774                 /storage/home/hcoda1/4/hyu483/conda_envs/qgis332/lib/libceres.so.2.2.0
155476af2000-155476f7a000 r-xp 00023000 00:30 2007941774                 /storage/home/hcoda1/4/hyu483/conda_envs/qgis332/lib/libceres.so.2.2.0
155476f7a000-155477035000 r--p 004ab000 00:30 2007941774                 /storage/home/hcoda1/4/hyu483/conda_envs/qgis332/lib/libceres.so.2.2.0
155477035000-15547703d000 r--p 00566000 00:30 2007941774                 /storage/home/hcoda1/4/hyu483/conda_envs/qgis332/lib/libceres.so.2.2.0
15547703d000-15547703e000 rw-p 0056e000 00:30 2007941774                 /storage/home/hcoda1/4/hyu483/conda_envs/qgis332/lib/libceres.so.2.2.0
15547703e000-155477049000 r--p 00000000 00:30 1910472472                 /storage/home/hcoda1/4/hyu483/conda_envs/qgis332/lib/libpdal_plugin_filter_trajectory.so.18.1.0
155477049000-15547707f000 r-xp 0000b000 00:30 1910472472                 /storage/home/hcoda1/4/hyu483/conda_envs/qgis332/lib/libpdal_plugin_filter_trajectory.so.18.1.0
15547707f000-155477085000 r--p 00041000 00:30 1910472472                 /storage/home/hcoda1/4/hyu483/conda_envs/qgis332/lib/libpdal_plugin_filter_trajectory.so.18.1.0
155477085000-155477087000 r--p 00046000 00:30 1910472472                 /storage/home/hcoda1/4/hyu483/conda_envs/qgis332/lib/libpdal_plugin_filter_trajectory.so.18.1.0
155477087000-155477088000 rw-p 00048000 00:30 1910472472                 /storage/home/hcoda1/4/hyu483/conda_envs/qgis332/lib/libpdal_plugin_filter_trajectory.so.18.1.0
155477088000-155477097000 r--p 00000000 00:30 2085794856                 /storage/home/hcoda1/4/hyu483/conda_envs/qgis332/lib/python3.11/site-packages/pdal/libpdal_plugin_filter_python.so
155477097000-1554770d0000 r-xp 0000f000 00:30 2085794856                 /storage/home/hcoda1/4/hyu483/conda_envs/qgis332/lib/python3.11/site-packages/pdal/libpdal_plugin_filter_python.so
1554770d0000-1554770dc000 r--p 00048000 00:30 2085794856                 /storage/home/hcoda1/4/hyu483/conda_envs/qgis332/lib/python3.11/site-packages/pdal/libpdal_plugin_filter_python.so
1554770dc000-1554770de000 r--p 00054000 00:30 2085794856                 /storage/home/hcoda1/4/hyu483/conda_envs/qgis332/lib/python3.11/site-packages/pdal/libpdal_plugin_filter_python.so
1554770de000-1554770df000 rw-p 00056000 00:30 2085794856                 /storage/home/hcoda1/4/hyu483/conda_envs/qgis332/lib/python3.11/site-packages/pdal/libpdal_plugin_filter_python.so
1554770df000-1554770e3000 r--p 00000000 00:30 1932536845                 /storage/home/hcoda1/4/hyu483/conda_envs/qgis332/lib/libfgt.so.0.4.11
1554770e3000-1554770ed000 r-xp 00004000 00:30 1932536845                 /storage/home/hcoda1/4/hyu483/conda_envs/qgis332/lib/libfgt.so.0.4.11
1554770ed000-1554770ef000 r--p 0000e000 00:30 1932536845                 /storage/home/hcoda1/4/hyu483/conda_envs/qgis332/lib/libfgt.so.0.4.11
1554770ef000-1554770f0000 r--p 0000f000 00:30 1932536845                 /storage/home/hcoda1/4/hyu483/conda_envs/qgis332/lib/libfgt.so.0.4.11
1554770f0000-1554770f1000 rw-p 00010000 00:30 1932536845                 /storage/home/hcoda1/4/hyu483/conda_envs/qgis332/lib/libfgt.so.0.4.11
1554770f1000-1554770fb000 r--p 00000000 00:30 1910472385                 /storage/home/hcoda1/4/hyu483/conda_envs/qgis332/lib/libpdal_plugin_filter_cpd.so.18.1.0
1554770fb000-15547714a000 r-xp 0000a000 00:30 1910472385                 /storage/home/hcoda1/4/hyu483/conda_envs/qgis332/lib/libpdal_plugin_filter_cpd.so.18.1.0
15547714a000-155477151000 r--p 00059000 00:30 1910472385                 /storage/home/hcoda1/4/hyu483/conda_envs/qgis332/lib/libpdal_plugin_filter_cpd.so.18.1.0
155477151000-155477153000 r--p 0005f000 00:30 1910472385                 /storage/home/hcoda1/4/hyu483/conda_envs/qgis332/lib/libpdal_plugin_filter_cpd.so.18.1.0
155477153000-155477154000 rw-p 00061000 00:30 1910472385                 /storage/home/hcoda1/4/hyu483/conda_envs/qgis332/lib/libpdal_plugin_filter_cpd.so.18.1.0
155477154000-155477164000 rwxp 00000000 00:00 0 
155477164000-15547718c000 r--p 00000000 00:30 1902568361                 /storage/home/hcoda1/4/hyu483/conda_envs/qgis332/lib/qgis/plugins/libprovider_wms.so
15547718c000-155477251000 r-xp 00028000 00:30 1902568361                 /storage/home/hcoda1/4/hyu483/conda_envs/qgis332/lib/qgis/plugins/libprovider_wms.so
155477251000-155477288000 r--p 000ed000 00:30 1902568361                 /storage/home/hcoda1/4/hyu483/conda_envs/qgis332/lib/qgis/plugins/libprovider_wms.so
155477288000-15547728e000 r--p 00124000 00:30 1902568361                 /storage/home/hcoda1/4/hyu483/conda_envs/qgis332/lib/qgis/plugins/libprovider_wms.so
15547728e000-15547728f000 rw-p 0012a000 00:30 1902568361                 /storage/home/hcoda1/4/hyu483/conda_envs/qgis332/lib/qgis/plugins/libprovider_wms.so
15547728f000-1554772bb000 r--p 00000000 00:30 1902568359                 /storage/home/hcoda1/4/hyu483/conda_envs/qgis332/lib/qgis/plugins/libprovider_wfs.so
1554772bb000-1554773bc000 r-xp 0002c000 00:30 1902568359                 /storage/home/hcoda1/4/hyu483/conda_envs/qgis332/lib/qgis/plugins/libprovider_wfs.so
1554773bc000-1554773f8000 r--p 0012d000 00:30 1902568359                 /storage/home/hcoda1/4/hyu483/conda_envs/qgis332/lib/qgis/plugins/libprovider_wfs.so
1554773f8000-1554773ff000 r--p 00169000 00:30 1902568359                 /storage/home/hcoda1/4/hyu483/conda_envs/qgis332/lib/qgis/plugins/libprovider_wfs.so
1554773ff000-155477400000 rw-p 00170000 00:30 1902568359                 /storage/home/hcoda1/4/hyu483/conda_envs/qgis332/lib/qgis/plugins/libprovider_wfs.so
155477400000-155477414000 r--p 00000000 00:30 1902568336                 /storage/home/hcoda1/4/hyu483/conda_envs/qgis332/lib/qgis/plugins/libprovider_wcs.so
155477414000-15547744f000 r-xp 00014000 00:30 1902568336                 /storage/home/hcoda1/4/hyu483/conda_envs/qgis332/lib/qgis/plugins/libprovider_wcs.so
15547744f000-155477461000 r--p 0004f000 00:30 1902568336                 /storage/home/hcoda1/4/hyu483/conda_envs/qgis332/lib/qgis/plugins/libprovider_wcs.so
155477461000-155477464000 r--p 00061000 00:30 1902568336                 /storage/home/hcoda1/4/hyu483/conda_envs/qgis332/lib/qgis/plugins/libprovider_wcs.so
155477464000-155477465000 rw-p 00064000 00:30 1902568336                 /storage/home/hcoda1/4/hyu483/conda_envs/qgis332/lib/qgis/plugins/libprovider_wcs.so
155477465000-15547746c000 r--p 00000000 00:30 1902568332                 /storage/home/hcoda1/4/hyu483/conda_envs/qgis332/lib/qgis/plugins/libprovider_virtualraster.so
15547746c000-15547747b000 r-xp 00007000 00:30 1902568332                 /storage/home/hcoda1/4/hyu483/conda_envs/qgis332/lib/qgis/plugins/libprovider_virtualraster.so
15547747b000-15547747e000 r--p 00016000 00:30 1902568332                 /storage/home/hcoda1/4/hyu483/conda_envs/qgis332/lib/qgis/plugins/libprovider_virtualraster.so
15547747e000-15547747f000 r--p 00019000 00:30 1902568332                 /storage/home/hcoda1/4/hyu483/conda_envs/qgis332/lib/qgis/plugins/libprovider_virtualraster.so
15547747f000-155477480000 rw-p 0001a000 00:30 1902568332                 /storage/home/hcoda1/4/hyu483/conda_envs/qgis332/lib/qgis/plugins/libprovider_virtualraster.so
155477480000-155477497000 r--p 00000000 00:30 1902568328                 /storage/home/hcoda1/4/hyu483/conda_envs/qgis332/lib/qgis/plugins/libprovider_virtuallayer.so
155477497000-1554774c7000 r-xp 00017000 00:30 1902568328                 /storage/home/hcoda1/4/hyu483/conda_envs/qgis332/lib/qgis/plugins/libprovider_virtuallayer.so
1554774c7000-1554774d4000 r--p 00047000 00:30 1902568328                 /storage/home/hcoda1/4/hyu483/conda_envs/qgis332/lib/qgis/plugins/libprovider_virtuallayer.so
1554774d4000-1554774d7000 r--p 00054000 00:30 1902568328                 /storage/home/hcoda1/4/hyu483/conda_envs/qgis332/lib/qgis/plugins/libprovider_virtuallayer.so
1554774d7000-1554774d8000 rw-p 00057000 00:30 1902568328                 /storage/home/hcoda1/4/hyu483/conda_envs/qgis332/lib/qgis/plugins/libprovider_virtuallayer.so
1554774d8000-1554774f5000 r--p 00000000 00:30 1902568326                 /storage/home/hcoda1/4/hyu483/conda_envs/qgis332/lib/qgis/plugins/libprovider_spatialite.so
1554774f5000-15547756b000 r-xp 0001d000 00:30 1902568326                 /storage/home/hcoda1/4/hyu483/conda_envs/qgis332/lib/qgis/plugins/libprovider_spatialite.so
15547756b000-155477592000 r--p 00093000 00:30 1902568326                 /storage/home/hcoda1/4/hyu483/conda_envs/qgis332/lib/qgis/plugins/libprovider_spatialite.so
155477592000-155477596000 r--p 000b9000 00:30 1902568326                 /storage/home/hcoda1/4/hyu483/conda_envs/qgis332/lib/qgis/plugins/libprovider_spatialite.so
155477596000-155477597000 rw-p 000bd000 00:30 1902568326                 /storage/home/hcoda1/4/hyu483/conda_envs/qgis332/lib/qgis/plugins/libprovider_spatialite.so
155477597000-1554775a5000 r--p 00000000 00:30 1902568318                 /storage/home/hcoda1/4/hyu483/conda_envs/qgis332/lib/qgis/plugins/libprovider_postgresraster.so
1554775a5000-1554775eb000 r-xp 0000e000 00:30 1902568318                 /storage/home/hcoda1/4/hyu483/conda_envs/qgis332/lib/qgis/plugins/libprovider_postgresraster.so
1554775eb000-155477606000 r--p 00054000 00:30 1902568318                 /storage/home/hcoda1/4/hyu483/conda_envs/qgis332/lib/qgis/plugins/libprovider_postgresraster.so
155477606000-155477608000 r--p 0006e000 00:30 1902568318                 /storage/home/hcoda1/4/hyu483/conda_envs/qgis332/lib/qgis/plugins/libprovider_postgresraster.so
155477608000-155477609000 rw-p 00070000 00:30 1902568318                 /storage/home/hcoda1/4/hyu483/conda_envs/qgis332/lib/qgis/plugins/libprovider_postgresraster.so
155477609000-15547760e000 r--p 00000000 00:30 2085784157                 /storage/home/hcoda1/4/hyu483/conda_envs/qgis332/lib/libsasl2.so.3.0.0
15547760e000-155477620000 r-xp 00005000 00:30 2085784157                 /storage/home/hcoda1/4/hyu483/conda_envs/qgis332/lib/libsasl2.so.3.0.0
155477620000-155477626000 r--p 00017000 00:30 2085784157                 /storage/home/hcoda1/4/hyu483/conda_envs/qgis332/lib/libsasl2.so.3.0.0
155477626000-155477627000 r--p 0001c000 00:30 2085784157                 /storage/home/hcoda1/4/hyu483/conda_envs/qgis332/lib/libsasl2.so.3.0.0
155477627000-155477628000 rw-p 0001d000 00:30 2085784157                 /storage/home/hcoda1/4/hyu483/conda_envs/qgis332/lib/libsasl2.so.3.0.0
155477628000-15547762c000 r--p 00000000 00:30 2007931388                 /storage/home/hcoda1/4/hyu483/conda_envs/qgis332/lib/liblber.so.2.0.200
15547762c000-155477633000 r-xp 00004000 00:30 2007931388                 /storage/home/hcoda1/4/hyu483/conda_envs/qgis332/lib/liblber.so.2.0.200
155477633000-155477636000 r--p 0000b000 00:30 2007931388                 /storage/home/hcoda1/4/hyu483/conda_envs/qgis332/lib/liblber.so.2.0.200
155477636000-155477637000 r--p 0000e000 00:30 2007931388                 /storage/home/hcoda1/4/hyu483/conda_envs/qgis332/lib/liblber.so.2.0.200
155477637000-155477638000 rw-p 0000f000 00:30 2007931388                 /storage/home/hcoda1/4/hyu483/conda_envs/qgis332/lib/liblber.so.2.0.200
155477638000-15547764b000 r--p 00000000 00:30 2085784265                 /storage/home/hcoda1/4/hyu483/conda_envs/qgis332/lib/libldap.so.2.0.200
15547764b000-155477684000 r-xp 00013000 00:30 2085784265                 /storage/home/hcoda1/4/hyu483/conda_envs/qgis332/lib/libldap.so.2.0.200
155477684000-155477695000 r--p 0004c000 00:30 2085784265                 /storage/home/hcoda1/4/hyu483/conda_envs/qgis332/lib/libldap.so.2.0.200
155477695000-155477697000 r--p 0005d000 00:30 2085784265                 /storage/home/hcoda1/4/hyu483/conda_envs/qgis332/lib/libldap.so.2.0.200
155477697000-155477698000 rw-p 0005f000 00:30 2085784265                 /storage/home/hcoda1/4/hyu483/conda_envs/qgis332/lib/libldap.so.2.0.200
155477698000-15547769a000 rw-p 00000000 00:00 0 
15547769a000-1554776a7000 r--p 00000000 00:30 2085784370                 /storage/home/hcoda1/4/hyu483/conda_envs/qgis332/lib/libpq.so.5.17
1554776a7000-1554776cc000 r-xp 0000d000 00:30 2085784370                 /storage/home/hcoda1/4/hyu483/conda_envs/qgis332/lib/libpq.so.5.17
1554776cc000-1554776ee000 r--p 00032000 00:30 2085784370                 /storage/home/hcoda1/4/hyu483/conda_envs/qgis332/lib/libpq.so.5.17
1554776ee000-1554776f2000 r--p 00053000 00:30 2085784370                 /storage/home/hcoda1/4/hyu483/conda_envs/qgis332/lib/libpq.so.5.17
1554776f2000-1554776f3000 rw-p 00057000 00:30 2085784370                 /storage/home/hcoda1/4/hyu483/conda_envs/qgis332/lib/libpq.so.5.17
1554776f3000-15547771b000 r--p 00000000 00:30 1902568315                 /storage/home/hcoda1/4/hyu483/conda_envs/qgis332/lib/qgis/plugins/libprovider_postgres.so
15547771b000-155477810000 r-xp 00028000 00:30 1902568315                 /storage/home/hcoda1/4/hyu483/conda_envs/qgis332/lib/qgis/plugins/libprovider_postgres.so
155477810000-15547785f000 r--p 0011d000 00:30 1902568315                 /storage/home/hcoda1/4/hyu483/conda_envs/qgis332/lib/qgis/plugins/libprovider_postgres.so
15547785f000-155477865000 r--p 0016c000 00:30 1902568315                 /storage/home/hcoda1/4/hyu483/conda_envs/qgis332/lib/qgis/plugins/libprovider_postgres.so
155477865000-155477866000 rw-p 00172000 00:30 1902568315                 /storage/home/hcoda1/4/hyu483/conda_envs/qgis332/lib/qgis/plugins/libprovider_postgres.so
155477866000-15547786f000 r--p 00000000 00:30 1902568309                 /storage/home/hcoda1/4/hyu483/conda_envs/qgis332/lib/qgis/plugins/libprovider_pdal.so
15547786f000-155477883000 r-xp 00009000 00:30 1902568309                 /storage/home/hcoda1/4/hyu483/conda_envs/qgis332/lib/qgis/plugins/libprovider_pdal.so
155477883000-155477888000 r--p 0001d000 00:30 1902568309                 /storage/home/hcoda1/4/hyu483/conda_envs/qgis332/lib/qgis/plugins/libprovider_pdal.so
155477888000-155477889000 r--p 00022000 00:30 1902568309                 /storage/home/hcoda1/4/hyu483/conda_envs/qgis332/lib/qgis/plugins/libprovider_pdal.so
155477889000-15547788a000 rw-p 00023000 00:30 1902568309                 /storage/home/hcoda1/4/hyu483/conda_envs/qgis332/lib/qgis/plugins/libprovider_pdal.so
15547788a000-1554778ab000 r--p 00000000 00:30 1902568308                 /storage/home/hcoda1/4/hyu483/conda_envs/qgis332/lib/qgis/plugins/libprovider_mssql.so
1554778ab000-15547793b000 r-xp 00021000 00:30 1902568308                 /storage/home/hcoda1/4/hyu483/conda_envs/qgis332/lib/qgis/plugins/libprovider_mssql.so
15547793b000-155477963000 r--p 000b1000 00:30 1902568308                 /storage/home/hcoda1/4/hyu483/conda_envs/qgis332/lib/qgis/plugins/libprovider_mssql.so
155477963000-155477967000 r--p 000d9000 00:30 1902568308                 /storage/home/hcoda1/4/hyu483/conda_envs/qgis332/lib/qgis/plugins/libprovider_mssql.so
155477967000-155477968000 rw-p 000dd000 00:30 1902568308                 /storage/home/hcoda1/4/hyu483/conda_envs/qgis332/lib/qgis/plugins/libprovider_mssql.so
155477968000-15547796f000 r--p 00000000 00:30 2005529064                 /storage/home/hcoda1/4/hyu483/conda_envs/qgis332/lib/libhdf5_hl.so.310.0.3
15547796f000-155477984000 r-xp 00007000 00:30 2005529064                 /storage/home/hcoda1/4/hyu483/conda_envs/qgis332/lib/libhdf5_hl.so.310.0.3
155477984000-155477989000 r--p 0001c000 00:30 2005529064                 /storage/home/hcoda1/4/hyu483/conda_envs/qgis332/lib/libhdf5_hl.so.310.0.3
155477989000-15547798a000 r--p 00021000 00:30 2005529064                 /storage/home/hcoda1/4/hyu483/conda_envs/qgis332/lib/libhdf5_hl.so.310.0.3
15547798a000-15547798b000 rw-p 00022000 00:30 2005529064                 /storage/home/hcoda1/4/hyu483/conda_envs/qgis332/lib/libhdf5_hl.so.310.0.3
15547798b000-15547798c000 rw-p 00000000 00:00 0 
15547798c000-15547799e000 r--p 00000000 00:30 1932648910                 /storage/home/hcoda1/4/hyu483/conda_envs/qgis332/lib/libdf.so.0.0.0
15547799e000-1554779fe000 r-xp 00012000 00:30 1932648910                 /storage/home/hcoda1/4/hyu483/conda_envs/qgis332/lib/libdf.so.0.0.0
1554779fe000-155477a10000 r--p 00072000 00:30 1932648910                 /storage/home/hcoda1/4/hyu483/conda_envs/qgis332/lib/libdf.so.0.0.0
155477a10000-155477a13000 r--p 00083000 00:30 1932648910                 /storage/home/hcoda1/4/hyu483/conda_envs/qgis332/lib/libdf.so.0.0.0
155477a13000-155477a14000 rw-p 00086000 00:30 1932648910                 /storage/home/hcoda1/4/hyu483/conda_envs/qgis332/lib/libdf.so.0.0.0
155477a14000-155477a3d000 rw-p 00000000 00:00 0 
155477a3d000-155477a44000 r--p 00000000 00:30 1932648914                 /storage/home/hcoda1/4/hyu483/conda_envs/qgis332/lib/libmfhdf.so.0.0.0
155477a44000-155477a61000 r-xp 00007000 00:30 1932648914                 /storage/home/hcoda1/4/hyu483/conda_envs/qgis332/lib/libmfhdf.so.0.0.0
155477a61000-155477a67000 r--p 00024000 00:30 1932648914                 /storage/home/hcoda1/4/hyu483/conda_envs/qgis332/lib/libmfhdf.so.0.0.0
155477a67000-155477a68000 r--p 00029000 00:30 1932648914                 /storage/home/hcoda1/4/hyu483/conda_envs/qgis332/lib/libmfhdf.so.0.0.0
155477a68000-155477a69000 rw-p 0002a000 00:30 1932648914                 /storage/home/hcoda1/4/hyu483/conda_envs/qgis332/lib/libmfhdf.so.0.0.0
155477a69000-155477a6a000 rw-p 00000000 00:00 0 
155477a6a000-155477a6b000 r--p 00000000 00:30 2094149360                 /storage/home/hcoda1/4/hyu483/conda_envs/qgis332/lib/libsz.so.2.0.1
155477a6b000-155477a73000 r-xp 00001000 00:30 2094149360                 /storage/home/hcoda1/4/hyu483/conda_envs/qgis332/lib/libsz.so.2.0.1
155477a73000-155477a75000 r--p 00009000 00:30 2094149360                 /storage/home/hcoda1/4/hyu483/conda_envs/qgis332/lib/libsz.so.2.0.1
155477a75000-155477a76000 r--p 0000a000 00:30 2094149360                 /storage/home/hcoda1/4/hyu483/conda_envs/qgis332/lib/libsz.so.2.0.1
155477a76000-155477a77000 rw-p 0000b000 00:30 2094149360                 /storage/home/hcoda1/4/hyu483/conda_envs/qgis332/lib/libsz.so.2.0.1
155477a77000-155477aa8000 r--p 00000000 00:30 1940392614                 /storage/home/hcoda1/4/hyu483/conda_envs/qgis332/lib/libnetcdf.so.19
155477aa8000-155477b85000 r-xp 00031000 00:30 1940392614                 /storage/home/hcoda1/4/hyu483/conda_envs/qgis332/lib/libnetcdf.so.19
155477b85000-155477c0d000 r--p 0010e000 00:30 1940392614                 /storage/home/hcoda1/4/hyu483/conda_envs/qgis332/lib/libnetcdf.so.19
155477c0d000-155477c13000 r--p 00195000 00:30 1940392614                 /storage/home/hcoda1/4/hyu483/conda_envs/qgis332/lib/libnetcdf.so.19
155477c13000-155477c1c000 rw-p 0019b000 00:30 1940392614                 /storage/home/hcoda1/4/hyu483/conda_envs/qgis332/lib/libnetcdf.so.19
155477c1c000-155477cb1000 rw-p 00000000 00:00 0 
155477cb1000-155477d02000 r--p 00000000 00:30 1883928252                 /storage/home/hcoda1/4/hyu483/conda_envs/qgis332/lib/libhdf5.so.310.3.0
155477d02000-155477fdb000 r-xp 00051000 00:30 1883928252                 /storage/home/hcoda1/4/hyu483/conda_envs/qgis332/lib/libhdf5.so.310.3.0
155477fdb000-1554780c5000 r--p 0032a000 00:30 1883928252                 /storage/home/hcoda1/4/hyu483/conda_envs/qgis332/lib/libhdf5.so.310.3.0
1554780c5000-1554780d5000 r--p 00413000 00:30 1883928252                 /storage/home/hcoda1/4/hyu483/conda_envs/qgis332/lib/libhdf5.so.310.3.0
1554780d5000-1554780d7000 rw-p 00423000 00:30 1883928252                 /storage/home/hcoda1/4/hyu483/conda_envs/qgis332/lib/libhdf5.so.310.3.0
1554780d7000-1554780d9000 rw-p 00000000 00:00 0 
1554780d9000-155478100000 r--p 00000000 00:30 1902568294                 /storage/home/hcoda1/4/hyu483/conda_envs/qgis332/lib/qgis/plugins/libprovider_mdal.so
155478100000-155478241000 r-xp 00027000 00:30 1902568294                 /storage/home/hcoda1/4/hyu483/conda_envs/qgis332/lib/qgis/plugins/libprovider_mdal.so
155478241000-15547827f000 r--p 00168000 00:30 1902568294                 /storage/home/hcoda1/4/hyu483/conda_envs/qgis332/lib/qgis/plugins/libprovider_mdal.so
15547827f000-155478286000 r--p 001a5000 00:30 1902568294                 /storage/home/hcoda1/4/hyu483/conda_envs/qgis332/lib/qgis/plugins/libprovider_mdal.so
155478286000-155478287000 rw-p 001ac000 00:30 1902568294                 /storage/home/hcoda1/4/hyu483/conda_envs/qgis332/lib/qgis/plugins/libprovider_mdal.so
155478287000-155478294000 r--p 00000000 00:30 1902568292                 /storage/home/hcoda1/4/hyu483/conda_envs/qgis332/lib/qgis/plugins/libprovider_gpx.so
155478294000-1554782b5000 r-xp 0000d000 00:30 1902568292                 /storage/home/hcoda1/4/hyu483/conda_envs/qgis332/lib/qgis/plugins/libprovider_gpx.so
1554782b5000-1554782bc000 r--p 0002e000 00:30 1902568292                 /storage/home/hcoda1/4/hyu483/conda_envs/qgis332/lib/qgis/plugins/libprovider_gpx.so
1554782bc000-1554782be000 r--p 00034000 00:30 1902568292                 /storage/home/hcoda1/4/hyu483/conda_envs/qgis332/lib/qgis/plugins/libprovider_gpx.so
1554782be000-1554782bf000 rw-p 00036000 00:30 1902568292                 /storage/home/hcoda1/4/hyu483/conda_envs/qgis332/lib/qgis/plugins/libprovider_gpx.so
1554782bf000-1554782d4000 r--p 00000000 00:30 1902568289                 /storage/home/hcoda1/4/hyu483/conda_envs/qgis332/lib/qgis/plugins/libprovider_delimitedtext.so
1554782d4000-15547830d000 r-xp 00015000 00:30 1902568289                 /storage/home/hcoda1/4/hyu483/conda_envs/qgis332/lib/qgis/plugins/libprovider_delimitedtext.so
15547830d000-15547831c000 r--p 0004e000 00:30 1902568289                 /storage/home/hcoda1/4/hyu483/conda_envs/qgis332/lib/qgis/plugins/libprovider_delimitedtext.so
15547831c000-15547831f000 r--p 0005d000 00:30 1902568289                 /storage/home/hcoda1/4/hyu483/conda_envs/qgis332/lib/qgis/plugins/libprovider_delimitedtext.so
15547831f000-155478320000 rw-p 00060000 00:30 1902568289                 /storage/home/hcoda1/4/hyu483/conda_envs/qgis332/lib/qgis/plugins/libprovider_delimitedtext.so
155478320000-15547832c000 r--p 00000000 00:30 1902568288                 /storage/home/hcoda1/4/hyu483/conda_envs/qgis332/lib/qgis/plugins/libprovider_arcgismapserver.so
15547832c000-15547834e000 r-xp 0000c000 00:30 1902568288                 /storage/home/hcoda1/4/hyu483/conda_envs/qgis332/lib/qgis/plugins/libprovider_arcgismapserver.so
15547834e000-155478358000 r--p 0002e000 00:30 1902568288                 /storage/home/hcoda1/4/hyu483/conda_envs/qgis332/lib/qgis/plugins/libprovider_arcgismapserver.so
155478358000-15547835a000 r--p 00037000 00:30 1902568288                 /storage/home/hcoda1/4/hyu483/conda_envs/qgis332/lib/qgis/plugins/libprovider_arcgismapserver.so
15547835a000-15547835b000 rw-p 00039000 00:30 1902568288                 /storage/home/hcoda1/4/hyu483/conda_envs/qgis332/lib/qgis/plugins/libprovider_arcgismapserver.so
15547835b000-15547837a000 r--p 00000000 00:30 1902568287                 /storage/home/hcoda1/4/hyu483/conda_envs/qgis332/lib/qgis/plugins/libprovider_arcgisfeatureserver.so
15547837a000-1554783c4000 r-xp 0001f000 00:30 1902568287                 /storage/home/hcoda1/4/hyu483/conda_envs/qgis332/lib/qgis/plugins/libprovider_arcgisfeatureserver.so
1554783c4000-1554783db000 r--p 00069000 00:30 1902568287                 /storage/home/hcoda1/4/hyu483/conda_envs/qgis332/lib/qgis/plugins/libprovider_arcgisfeatureserver.so
1554783db000-1554783e0000 r--p 0007f000 00:30 1902568287                 /storage/home/hcoda1/4/hyu483/conda_envs/qgis332/lib/qgis/plugins/libprovider_arcgisfeatureserver.so
1554783e0000-1554783e1000 rw-p 00084000 00:30 1902568287                 /storage/home/hcoda1/4/hyu483/conda_envs/qgis332/lib/qgis/plugins/libprovider_arcgisfeatureserver.so
1554783e1000-1554783f0000 r--p 00000000 00:30 1902568284                 /storage/home/hcoda1/4/hyu483/conda_envs/qgis332/lib/qgis/plugins/libplugin_topology.so
1554783f0000-155478424000 r-xp 0000f000 00:30 1902568284                 /storage/home/hcoda1/4/hyu483/conda_envs/qgis332/lib/qgis/plugins/libplugin_topology.so
155478424000-15547842f000 r--p 00043000 00:30 1902568284                 /storage/home/hcoda1/4/hyu483/conda_envs/qgis332/lib/qgis/plugins/libplugin_topology.so
15547842f000-155478431000 r--p 0004e000 00:30 1902568284                 /storage/home/hcoda1/4/hyu483/conda_envs/qgis332/lib/qgis/plugins/libplugin_topology.so
155478431000-155478432000 rw-p 00050000 00:30 1902568284                 /storage/home/hcoda1/4/hyu483/conda_envs/qgis332/lib/qgis/plugins/libplugin_topology.so
155478432000-15547843c000 r--p 00000000 00:30 1902568283                 /storage/home/hcoda1/4/hyu483/conda_envs/qgis332/lib/qgis/plugins/libplugin_offlineediting.so
15547843c000-155478444000 r-xp 0000a000 00:30 1902568283                 /storage/home/hcoda1/4/hyu483/conda_envs/qgis332/lib/qgis/plugins/libplugin_offlineediting.so
155478444000-155478449000 r--p 00012000 00:30 1902568283                 /storage/home/hcoda1/4/hyu483/conda_envs/qgis332/lib/qgis/plugins/libplugin_offlineediting.so
155478449000-15547844b000 r--p 00016000 00:30 1902568283                 /storage/home/hcoda1/4/hyu483/conda_envs/qgis332/lib/qgis/plugins/libplugin_offlineediting.so
15547844b000-15547844c000 rw-p 00018000 00:30 1902568283                 /storage/home/hcoda1/4/hyu483/conda_envs/qgis332/lib/qgis/plugins/libplugin_offlineediting.so
15547844c000-1554784b7000 r--p 00000000 00:30 2094142021                 /storage/home/hcoda1/4/hyu483/conda_envs/qgis332/lib/libgsl.so.25.1.0
1554784b7000-1554786c1000 r-xp 0006b000 00:30 2094142021                 /storage/home/hcoda1/4/hyu483/conda_envs/qgis332/lib/libgsl.so.25.1.0
1554786c1000-15547873d000 r--p 00275000 00:30 2094142021                 /storage/home/hcoda1/4/hyu483/conda_envs/qgis332/lib/libgsl.so.25.1.0
15547873d000-15547873e000 ---p 002f1000 00:30 2094142021                 /storage/home/hcoda1/4/hyu483/conda_envs/qgis332/lib/libgsl.so.25.1.0
15547873e000-155478745000 r--p 002f1000 00:30 2094142021                 /storage/home/hcoda1/4/hyu483/conda_envs/qgis332/lib/libgsl.so.25.1.0
155478745000-155478753000 rw-p 002f8000 00:30 2094142021                 /storage/home/hcoda1/4/hyu483/conda_envs/qgis332/lib/libgsl.so.25.1.0
155478753000-1554787fb000 r--p 00000000 00:30 1902568252                 /storage/home/hcoda1/4/hyu483/conda_envs/qgis332/lib/libqgis_analysis.so.3.40.3
1554787fb000-155478d60000 r-xp 000a8000 00:30 1902568252                 /storage/home/hcoda1/4/hyu483/conda_envs/qgis332/lib/libqgis_analysis.so.3.40.3
155478d60000-155478efe000 r--p 0060d000 00:30 1902568252                 /storage/home/hcoda1/4/hyu483/conda_envs/qgis332/lib/libqgis_analysis.so.3.40.3
155478efe000-155478f20000 r--p 007ab000 00:30 1902568252                 /storage/home/hcoda1/4/hyu483/conda_envs/qgis332/lib/libqgis_analysis.so.3.40.3
155478f20000-155478f21000 rw-p 007cd000 00:30 1902568252                 /storage/home/hcoda1/4/hyu483/conda_envs/qgis332/lib/libqgis_analysis.so.3.40.3
155478f21000-155478f34000 r--p 00000000 00:30 1902568280                 /storage/home/hcoda1/4/hyu483/conda_envs/qgis332/lib/qgis/plugins/libplugin_geometrychecker.so
155478f34000-155478f6c000 r-xp 00013000 00:30 1902568280                 /storage/home/hcoda1/4/hyu483/conda_envs/qgis332/lib/qgis/plugins/libplugin_geometrychecker.so
155478f6c000-155478f7b000 r--p 0004b000 00:30 1902568280                 /storage/home/hcoda1/4/hyu483/conda_envs/qgis332/lib/qgis/plugins/libplugin_geometrychecker.so
155478f7b000-155478f7e000 r--p 00059000 00:30 1902568280                 /storage/home/hcoda1/4/hyu483/conda_envs/qgis332/lib/qgis/plugins/libplugin_geometrychecker.so
155478f7e000-155478f7f000 rw-p 0005c000 00:30 1902568280                 /storage/home/hcoda1/4/hyu483/conda_envs/qgis332/lib/qgis/plugins/libplugin_geometrychecker.so
155478f7f000-155478fd7000 r--p 00000000 fd:00 36628907                   /usr/share/fonts/dejavu-serif-fonts/DejaVuSerif-Italic.ttf
155478fd7000-155479090000 r--p 00000000 fd:00 35531595                   /usr/share/fonts/dejavu-sans-fonts/DejaVuSans.ttf
155479090000-155479094000 r--p 00000000 00:30 2036231099                 /storage/home/hcoda1/4/hyu483/conda_envs/qgis332/plugins/iconengines/libqsvgicon.so
155479094000-155479097000 r-xp 00004000 00:30 2036231099                 /storage/home/hcoda1/4/hyu483/conda_envs/qgis332/plugins/iconengines/libqsvgicon.so
155479097000-155479098000 r--p 00007000 00:30 2036231099                 /storage/home/hcoda1/4/hyu483/conda_envs/qgis332/plugins/iconengines/libqsvgicon.so
155479098000-155479099000 r--p 00008000 00:30 2036231099                 /storage/home/hcoda1/4/hyu483/conda_envs/qgis332/plugins/iconengines/libqsvgicon.so
155479099000-15547909a000 rw-p 00009000 00:30 2036231099                 /storage/home/hcoda1/4/hyu483/conda_envs/qgis332/plugins/iconengines/libqsvgicon.so
15547909a000-1554790aa000 rwxp 00000000 00:00 0 
1554790aa000-1554790ae000 r--p 00000000 00:30 1932533450                 /storage/home/hcoda1/4/hyu483/conda_envs/qgis332/lib/libXext.so.6.4.0
1554790ae000-1554790b9000 r-xp 00004000 00:30 1932533450                 /storage/home/hcoda1/4/hyu483/conda_envs/qgis332/lib/libXext.so.6.4.0
1554790b9000-1554790bd000 r--p 0000f000 00:30 1932533450                 /storage/home/hcoda1/4/hyu483/conda_envs/qgis332/lib/libXext.so.6.4.0
1554790bd000-1554790be000 r--p 00012000 00:30 1932533450                 /storage/home/hcoda1/4/hyu483/conda_envs/qgis332/lib/libXext.so.6.4.0
1554790be000-1554790bf000 rw-p 00013000 00:30 1932533450                 /storage/home/hcoda1/4/hyu483/conda_envs/qgis332/lib/libXext.so.6.4.0
1554790bf000-1554790c8000 r--p 00000000 00:30 1883928332                 /storage/home/hcoda1/4/hyu483/conda_envs/qgis332/lib/libfontconfig.so.1.14.0
1554790c8000-1554790f0000 r-xp 00009000 00:30 1883928332                 /storage/home/hcoda1/4/hyu483/conda_envs/qgis332/lib/libfontconfig.so.1.14.0
1554790f0000-155479109000 r--p 00031000 00:30 1883928332                 /storage/home/hcoda1/4/hyu483/conda_envs/qgis332/lib/libfontconfig.so.1.14.0
155479109000-15547910b000 r--p 0004a000 00:30 1883928332                 /storage/home/hcoda1/4/hyu483/conda_envs/qgis332/lib/libfontconfig.so.1.14.0
15547910b000-15547910c000 rw-p 0004c000 00:30 1883928332                 /storage/home/hcoda1/4/hyu483/conda_envs/qgis332/lib/libfontconfig.so.1.14.0
15547910c000-15547911e000 r--p 00000000 00:30 2036231207                 /storage/home/hcoda1/4/hyu483/conda_envs/qgis332/plugins/platforms/libqoffscreen.so
15547911e000-15547912c000 r-xp 00012000 00:30 2036231207                 /storage/home/hcoda1/4/hyu483/conda_envs/qgis332/plugins/platforms/libqoffscreen.so
15547912c000-155479132000 r--p 00020000 00:30 2036231207                 /storage/home/hcoda1/4/hyu483/conda_envs/qgis332/plugins/platforms/libqoffscreen.so
155479132000-155479134000 r--p 00025000 00:30 2036231207                 /storage/home/hcoda1/4/hyu483/conda_envs/qgis332/plugins/platforms/libqoffscreen.so
155479134000-155479135000 rw-p 00027000 00:30 2036231207                 /storage/home/hcoda1/4/hyu483/conda_envs/qgis332/plugins/platforms/libqoffscreen.so
155479135000-155479335000 rw-p 00000000 00:00 0 
155479335000-155479339000 r--p 00000000 00:30 2007948078                 /storage/home/hcoda1/4/hyu483/conda_envs/qgis332/lib/python3.11/site-packages/shapely/_geos.cpython-311-x86_64-linux-gnu.so
155479339000-155479340000 r-xp 00004000 00:30 2007948078                 /storage/home/hcoda1/4/hyu483/conda_envs/qgis332/lib/python3.11/site-packages/shapely/_geos.cpython-311-x86_64-linux-gnu.so
155479340000-155479342000 r--p 0000b000 00:30 2007948078                 /storage/home/hcoda1/4/hyu483/conda_envs/qgis332/lib/python3.11/site-packages/shapely/_geos.cpython-311-x86_64-linux-gnu.so
155479342000-155479343000 r--p 0000d000 00:30 2007948078                 /storage/home/hcoda1/4/hyu483/conda_envs/qgis332/lib/python3.11/site-packages/shapely/_geos.cpython-311-x86_64-linux-gnu.so
155479343000-155479344000 rw-p 0000e000 00:30 2007948078                 /storage/home/hcoda1/4/hyu483/conda_envs/qgis332/lib/python3.11/site-packages/shapely/_geos.cpython-311-x86_64-linux-gnu.so
155479344000-15547934a000 r--p 00000000 00:30 2007948077                 /storage/home/hcoda1/4/hyu483/conda_envs/qgis332/lib/python3.11/site-packages/shapely/_geometry_helpers.cpython-311-x86_64-linux-gnu.so
15547934a000-155479378000 r-xp 00006000 00:30 2007948077                 /storage/home/hcoda1/4/hyu483/conda_envs/qgis332/lib/python3.11/site-packages/shapely/_geometry_helpers.cpython-311-x86_64-linux-gnu.so
155479378000-155479380000 r--p 00034000 00:30 2007948077                 /storage/home/hcoda1/4/hyu483/conda_envs/qgis332/lib/python3.11/site-packages/shapely/_geometry_helpers.cpython-311-x86_64-linux-gnu.so
155479380000-155479381000 r--p 0003c000 00:30 2007948077                 /storage/home/hcoda1/4/hyu483/conda_envs/qgis332/lib/python3.11/site-packages/shapely/_geometry_helpers.cpython-311-x86_64-linux-gnu.so
155479381000-155479383000 rw-p 0003d000 00:30 2007948077                 /storage/home/hcoda1/4/hyu483/conda_envs/qgis332/lib/python3.11/site-packages/shapely/_geometry_helpers.cpython-311-x86_64-linux-gnu.so
155479383000-155479384000 rw-p 00000000 00:00 0 
155479384000-15547938c000 r--p 00000000 00:30 2007948124                 /storage/home/hcoda1/4/hyu483/conda_envs/qgis332/lib/python3.11/site-packages/shapely/lib.cpython-311-x86_64-linux-gnu.so
15547938c000-1554793a4000 r-xp 00008000 00:30 2007948124                 /storage/home/hcoda1/4/hyu483/conda_envs/qgis332/lib/python3.11/site-packages/shapely/lib.cpython-311-x86_64-linux-gnu.so
1554793a4000-1554793aa000 r--p 00020000 00:30 2007948124                 /storage/home/hcoda1/4/hyu483/conda_envs/qgis332/lib/python3.11/site-packages/shapely/lib.cpython-311-x86_64-linux-gnu.so
1554793aa000-1554793ab000 r--p 00025000 00:30 2007948124                 /storage/home/hcoda1/4/hyu483/conda_envs/qgis332/lib/python3.11/site-packages/shapely/lib.cpython-311-x86_64-linux-gnu.so
1554793ab000-1554793ac000 rw-p 00026000 00:30 2007948124                 /storage/home/hcoda1/4/hyu483/conda_envs/qgis332/lib/python3.11/site-packages/shapely/lib.cpython-311-x86_64-linux-gnu.so
1554793ac000-1554793b4000 r--p 00000000 00:30 1883952737                 /storage/home/hcoda1/4/hyu483/conda_envs/qgis332/lib/python3.11/site-packages/numpy/random/_generator.cpython-311-x86_64-linux-gnu.so
1554793b4000-155479420000 r-xp 00008000 00:30 1883952737                 /storage/home/hcoda1/4/hyu483/conda_envs/qgis332/lib/python3.11/site-packages/numpy/random/_generator.cpython-311-x86_64-linux-gnu.so
155479420000-155479473000 r--p 00074000 00:30 1883952737                 /storage/home/hcoda1/4/hyu483/conda_envs/qgis332/lib/python3.11/site-packages/numpy/random/_generator.cpython-311-x86_64-linux-gnu.so
155479473000-155479474000 r--p 000c7000 00:30 1883952737                 /storage/home/hcoda1/4/hyu483/conda_envs/qgis332/lib/python3.11/site-packages/numpy/random/_generator.cpython-311-x86_64-linux-gnu.so
155479474000-155479476000 rw-p 000c8000 00:30 1883952737                 /storage/home/hcoda1/4/hyu483/conda_envs/qgis332/lib/python3.11/site-packages/numpy/random/_generator.cpython-311-x86_64-linux-gnu.so
155479476000-155479478000 rw-p 00000000 00:00 0 
155479478000-15547947b000 r--p 00000000 00:30 1883952746                 /storage/home/hcoda1/4/hyu483/conda_envs/qgis332/lib/python3.11/site-packages/numpy/random/_sfc64.cpython-311-x86_64-linux-gnu.so
15547947b000-155479482000 r-xp 00003000 00:30 1883952746                 /storage/home/hcoda1/4/hyu483/conda_envs/qgis332/lib/python3.11/site-packages/numpy/random/_sfc64.cpython-311-x86_64-linux-gnu.so
155479482000-155479485000 r--p 0000a000 00:30 1883952746                 /storage/home/hcoda1/4/hyu483/conda_envs/qgis332/lib/python3.11/site-packages/numpy/random/_sfc64.cpython-311-x86_64-linux-gnu.so
155479485000-155479486000 r--p 0000c000 00:30 1883952746                 /storage/home/hcoda1/4/hyu483/conda_envs/qgis332/lib/python3.11/site-packages/numpy/random/_sfc64.cpython-311-x86_64-linux-gnu.so
155479486000-155479487000 rw-p 0000d000 00:30 1883952746                 /storage/home/hcoda1/4/hyu483/conda_envs/qgis332/lib/python3.11/site-packages/numpy/random/_sfc64.cpython-311-x86_64-linux-gnu.so
155479487000-15547948a000 r--p 00000000 00:30 1883952741                 /storage/home/hcoda1/4/hyu483/conda_envs/qgis332/lib/python3.11/site-packages/numpy/random/_pcg64.cpython-311-x86_64-linux-gnu.so
15547948a000-155479498000 r-xp 00003000 00:30 1883952741                 /storage/home/hcoda1/4/hyu483/conda_envs/qgis332/lib/python3.11/site-packages/numpy/random/_pcg64.cpython-311-x86_64-linux-gnu.so
155479498000-15547949d000 r--p 00011000 00:30 1883952741                 /storage/home/hcoda1/4/hyu483/conda_envs/qgis332/lib/python3.11/site-packages/numpy/random/_pcg64.cpython-311-x86_64-linux-gnu.so
15547949d000-15547949e000 r--p 00016000 00:30 1883952741                 /storage/home/hcoda1/4/hyu483/conda_envs/qgis332/lib/python3.11/site-packages/numpy/random/_pcg64.cpython-311-x86_64-linux-gnu.so
15547949e000-15547949f000 rw-p 00017000 00:30 1883952741                 /storage/home/hcoda1/4/hyu483/conda_envs/qgis332/lib/python3.11/site-packages/numpy/random/_pcg64.cpython-311-x86_64-linux-gnu.so
15547949f000-1554794a2000 r--p 00000000 00:30 1883952743                 /storage/home/hcoda1/4/hyu483/conda_envs/qgis332/lib/python3.11/site-packages/numpy/random/_philox.cpython-311-x86_64-linux-gnu.so
1554794a2000-1554794ac000 r-xp 00003000 00:30 1883952743                 /storage/home/hcoda1/4/hyu483/conda_envs/qgis332/lib/python3.11/site-packages/numpy/random/_philox.cpython-311-x86_64-linux-gnu.so
1554794ac000-1554794b0000 r--p 0000d000 00:30 1883952743                 /storage/home/hcoda1/4/hyu483/conda_envs/qgis332/lib/python3.11/site-packages/numpy/random/_philox.cpython-311-x86_64-linux-gnu.so
1554794b0000-1554794b1000 r--p 00011000 00:30 1883952743                 /storage/home/hcoda1/4/hyu483/conda_envs/qgis332/lib/python3.11/site-packages/numpy/random/_philox.cpython-311-x86_64-linux-gnu.so
1554794b1000-1554794b2000 rw-p 00012000 00:30 1883952743                 /storage/home/hcoda1/4/hyu483/conda_envs/qgis332/lib/python3.11/site-packages/numpy/random/_philox.cpython-311-x86_64-linux-gnu.so
1554794b2000-1554794b5000 r--p 00000000 00:30 1883952739                 /storage/home/hcoda1/4/hyu483/conda_envs/qgis332/lib/python3.11/site-packages/numpy/random/_mt19937.cpython-311-x86_64-linux-gnu.so
1554794b5000-1554794c2000 r-xp 00003000 00:30 1883952739                 /storage/home/hcoda1/4/hyu483/conda_envs/qgis332/lib/python3.11/site-packages/numpy/random/_mt19937.cpython-311-x86_64-linux-gnu.so
1554794c2000-1554794c7000 r--p 00010000 00:30 1883952739                 /storage/home/hcoda1/4/hyu483/conda_envs/qgis332/lib/python3.11/site-packages/numpy/random/_mt19937.cpython-311-x86_64-linux-gnu.so
1554794c7000-1554794c8000 r--p 00014000 00:30 1883952739                 /storage/home/hcoda1/4/hyu483/conda_envs/qgis332/lib/python3.11/site-packages/numpy/random/_mt19937.cpython-311-x86_64-linux-gnu.so
1554794c8000-1554794c9000 rw-p 00015000 00:30 1883952739                 /storage/home/hcoda1/4/hyu483/conda_envs/qgis332/lib/python3.11/site-packages/numpy/random/_mt19937.cpython-311-x86_64-linux-gnu.so
1554794c9000-1554794ce000 r--p 00000000 00:30 1883952722                 /storage/home/hcoda1/4/hyu483/conda_envs/qgis332/lib/python3.11/site-packages/numpy/random/_bounded_integers.cpython-311-x86_64-linux-gnu.so
1554794ce000-15547950d000 r-xp 00005000 00:30 1883952722                 /storage/home/hcoda1/4/hyu483/conda_envs/qgis332/lib/python3.11/site-packages/numpy/random/_bounded_integers.cpython-311-x86_64-linux-gnu.so
15547950d000-155479516000 r--p 00044000 00:30 1883952722                 /storage/home/hcoda1/4/hyu483/conda_envs/qgis332/lib/python3.11/site-packages/numpy/random/_bounded_integers.cpython-311-x86_64-linux-gnu.so
155479516000-155479517000 r--p 0004c000 00:30 1883952722                 /storage/home/hcoda1/4/hyu483/conda_envs/qgis332/lib/python3.11/site-packages/numpy/random/_bounded_integers.cpython-311-x86_64-linux-gnu.so
155479517000-155479518000 rw-p 0004d000 00:30 1883952722                 /storage/home/hcoda1/4/hyu483/conda_envs/qgis332/lib/python3.11/site-packages/numpy/random/_bounded_integers.cpython-311-x86_64-linux-gnu.so
155479518000-155479519000 rw-p 00000000 00:00 0 
155479519000-15547951d000 r--p 00000000 00:30 1883952724                 /storage/home/hcoda1/4/hyu483/conda_envs/qgis332/lib/python3.11/site-packages/numpy/random/_common.cpython-311-x86_64-linux-gnu.so
15547951d000-155479547000 r-xp 00004000 00:30 1883952724                 /storage/home/hcoda1/4/hyu483/conda_envs/qgis332/lib/python3.11/site-packages/numpy/random/_common.cpython-311-x86_64-linux-gnu.so
155479547000-15547954b000 r--p 0002e000 00:30 1883952724                 /storage/home/hcoda1/4/hyu483/conda_envs/qgis332/lib/python3.11/site-packages/numpy/random/_common.cpython-311-x86_64-linux-gnu.so
15547954b000-15547954c000 r--p 00032000 00:30 1883952724                 /storage/home/hcoda1/4/hyu483/conda_envs/qgis332/lib/python3.11/site-packages/numpy/random/_common.cpython-311-x86_64-linux-gnu.so
15547954c000-15547954d000 rw-p 00033000 00:30 1883952724                 /storage/home/hcoda1/4/hyu483/conda_envs/qgis332/lib/python3.11/site-packages/numpy/random/_common.cpython-311-x86_64-linux-gnu.so
15547954d000-15547954e000 rw-p 00000000 00:00 0 
15547954e000-155479553000 r--p 00000000 00:30 1883952748                 /storage/home/hcoda1/4/hyu483/conda_envs/qgis332/lib/python3.11/site-packages/numpy/random/bit_generator.cpython-311-x86_64-linux-gnu.so
155479553000-155479571000 r-xp 00005000 00:30 1883952748                 /storage/home/hcoda1/4/hyu483/conda_envs/qgis332/lib/python3.11/site-packages/numpy/random/bit_generator.cpython-311-x86_64-linux-gnu.so
155479571000-15547957b000 r--p 00023000 00:30 1883952748                 /storage/home/hcoda1/4/hyu483/conda_envs/qgis332/lib/python3.11/site-packages/numpy/random/bit_generator.cpython-311-x86_64-linux-gnu.so
15547957b000-15547957c000 r--p 0002c000 00:30 1883952748                 /storage/home/hcoda1/4/hyu483/conda_envs/qgis332/lib/python3.11/site-packages/numpy/random/bit_generator.cpython-311-x86_64-linux-gnu.so
15547957c000-15547957e000 rw-p 0002d000 00:30 1883952748                 /storage/home/hcoda1/4/hyu483/conda_envs/qgis332/lib/python3.11/site-packages/numpy/random/bit_generator.cpython-311-x86_64-linux-gnu.so
15547957e000-15547967e000 rw-p 00000000 00:00 0 
15547967e000-155479683000 r--p 00000000 00:30 1883952753                 /storage/home/hcoda1/4/hyu483/conda_envs/qgis332/lib/python3.11/site-packages/numpy/random/mtrand.cpython-311-x86_64-linux-gnu.so
155479683000-1554796cd000 r-xp 00005000 00:30 1883952753                 /storage/home/hcoda1/4/hyu483/conda_envs/qgis332/lib/python3.11/site-packages/numpy/random/mtrand.cpython-311-x86_64-linux-gnu.so
1554796cd000-15547971d000 r--p 0004f000 00:30 1883952753                 /storage/home/hcoda1/4/hyu483/conda_envs/qgis332/lib/python3.11/site-packages/numpy/random/mtrand.cpython-311-x86_64-linux-gnu.so
15547971d000-15547971e000 r--p 0009e000 00:30 1883952753                 /storage/home/hcoda1/4/hyu483/conda_envs/qgis332/lib/python3.11/site-packages/numpy/random/mtrand.cpython-311-x86_64-linux-gnu.so
15547971e000-15547971f000 rw-p 0009f000 00:30 1883952753                 /storage/home/hcoda1/4/hyu483/conda_envs/qgis332/lib/python3.11/site-packages/numpy/random/mtrand.cpython-311-x86_64-linux-gnu.so
15547971f000-155479721000 rw-p 00000000 00:00 0 
155479721000-155479722000 r--p 00000000 00:30 1883952448                 /storage/home/hcoda1/4/hyu483/conda_envs/qgis332/lib/python3.11/site-packages/numpy/fft/_pocketfft_internal.cpython-311-x86_64-linux-gnu.so
155479722000-155479731000 r-xp 00001000 00:30 1883952448                 /storage/home/hcoda1/4/hyu483/conda_envs/qgis332/lib/python3.11/site-packages/numpy/fft/_pocketfft_internal.cpython-311-x86_64-linux-gnu.so
155479731000-155479733000 r--p 00010000 00:30 1883952448                 /storage/home/hcoda1/4/hyu483/conda_envs/qgis332/lib/python3.11/site-packages/numpy/fft/_pocketfft_internal.cpython-311-x86_64-linux-gnu.so
155479733000-155479734000 r--p 00011000 00:30 1883952448                 /storage/home/hcoda1/4/hyu483/conda_envs/qgis332/lib/python3.11/site-packages/numpy/fft/_pocketfft_internal.cpython-311-x86_64-linux-gnu.so
155479734000-155479735000 rw-p 00012000 00:30 1883952448                 /storage/home/hcoda1/4/hyu483/conda_envs/qgis332/lib/python3.11/site-packages/numpy/fft/_pocketfft_internal.cpython-311-x86_64-linux-gnu.so
155479735000-155479835000 rw-p 00000000 00:00 0 
155479835000-15547983c000 r--p 00000000 00:30 1883952590                 /storage/home/hcoda1/4/hyu483/conda_envs/qgis332/lib/python3.11/site-packages/numpy/linalg/_umath_linalg.cpython-311-x86_64-linux-gnu.so
15547983c000-15547985c000 r-xp 00007000 00:30 1883952590                 /storage/home/hcoda1/4/hyu483/conda_envs/qgis332/lib/python3.11/site-packages/numpy/linalg/_umath_linalg.cpython-311-x86_64-linux-gnu.so
15547985c000-155479861000 r--p 00027000 00:30 1883952590                 /storage/home/hcoda1/4/hyu483/conda_envs/qgis332/lib/python3.11/site-packages/numpy/linalg/_umath_linalg.cpython-311-x86_64-linux-gnu.so
155479861000-155479862000 r--p 0002c000 00:30 1883952590                 /storage/home/hcoda1/4/hyu483/conda_envs/qgis332/lib/python3.11/site-packages/numpy/linalg/_umath_linalg.cpython-311-x86_64-linux-gnu.so
155479862000-155479863000 rw-p 0002d000 00:30 1883952590                 /storage/home/hcoda1/4/hyu483/conda_envs/qgis332/lib/python3.11/site-packages/numpy/linalg/_umath_linalg.cpython-311-x86_64-linux-gnu.so
155479863000-15547986c000 r--p 00000000 00:30 1883951431                 /storage/home/hcoda1/4/hyu483/conda_envs/qgis332/lib/python3.11/site-packages/numpy/core/_multiarray_tests.cpython-311-x86_64-linux-gnu.so
15547986c000-15547987f000 r-xp 00009000 00:30 1883951431                 /storage/home/hcoda1/4/hyu483/conda_envs/qgis332/lib/python3.11/site-packages/numpy/core/_multiarray_tests.cpython-311-x86_64-linux-gnu.so
15547987f000-155479884000 r--p 0001c000 00:30 1883951431                 /storage/home/hcoda1/4/hyu483/conda_envs/qgis332/lib/python3.11/site-packages/numpy/core/_multiarray_tests.cpython-311-x86_64-linux-gnu.so
155479884000-155479885000 r--p 00021000 00:30 1883951431                 /storage/home/hcoda1/4/hyu483/conda_envs/qgis332/lib/python3.11/site-packages/numpy/core/_multiarray_tests.cpython-311-x86_64-linux-gnu.so
155479885000-155479886000 rw-p 00022000 00:30 1883951431                 /storage/home/hcoda1/4/hyu483/conda_envs/qgis332/lib/python3.11/site-packages/numpy/core/_multiarray_tests.cpython-311-x86_64-linux-gnu.so
155479886000-155479a86000 rw-p 00000000 00:00 0 
155479a86000-1554f9a86000 rw-p 00000000 00:00 0 
1554f9a86000-1554f9aa9000 r--p 00000000 00:30 1917424039                 /storage/home/hcoda1/4/hyu483/conda_envs/qgis332/lib/libgfortran.so.5.0.0
1554f9aa9000-1554f9c1b000 r-xp 00023000 00:30 1917424039                 /storage/home/hcoda1/4/hyu483/conda_envs/qgis332/lib/libgfortran.so.5.0.0
1554f9c1b000-1554f9c4b000 r--p 00195000 00:30 1917424039                 /storage/home/hcoda1/4/hyu483/conda_envs/qgis332/lib/libgfortran.so.5.0.0
1554f9c4b000-1554f9c4c000 r--p 001c5000 00:30 1917424039                 /storage/home/hcoda1/4/hyu483/conda_envs/qgis332/lib/libgfortran.so.5.0.0
1554f9c4c000-1554f9c4e000 rw-p 001c6000 00:30 1917424039                 /storage/home/hcoda1/4/hyu483/conda_envs/qgis332/lib/libgfortran.so.5.0.0
1554f9c4e000-1554f9db8000 r--p 00000000 00:30 1917435940                 /storage/home/hcoda1/4/hyu483/conda_envs/qgis332/lib/libopenblasp-r0.3.29.so
1554f9db8000-1554f9db9000 r-xp 0016a000 00:30 1917435940                 /storage/home/hcoda1/4/hyu483/conda_envs/qgis332/lib/libopenblasp-r0.3.29.so
1554f9db9000-1554f9dbe000 ---p 0016b000 00:30 1917435940                 /storage/home/hcoda1/4/hyu483/conda_envs/qgis332/lib/libopenblasp-r0.3.29.so
1554f9dbe000-1554fc005000 r-xp 00170000 00:30 1917435940                 /storage/home/hcoda1/4/hyu483/conda_envs/qgis332/lib/libopenblasp-r0.3.29.so
1554fc005000-1554fc253000 r--p 023b7000 00:30 1917435940                 /storage/home/hcoda1/4/hyu483/conda_envs/qgis332/lib/libopenblasp-r0.3.29.so
1554fc253000-1554fc263000 r--p 02604000 00:30 1917435940                 /storage/home/hcoda1/4/hyu483/conda_envs/qgis332/lib/libopenblasp-r0.3.29.so
1554fc263000-1554fc27b000 rw-p 02614000 00:30 1917435940                 /storage/home/hcoda1/4/hyu483/conda_envs/qgis332/lib/libopenblasp-r0.3.29.so
1554fc27b000-1554fc291000 rw-p 00000000 00:00 0 
1554fc291000-1554fc2bd000 r--p 00000000 00:30 1883951432                 /storage/home/hcoda1/4/hyu483/conda_envs/qgis332/lib/python3.11/site-packages/numpy/core/_multiarray_umath.cpython-311-x86_64-linux-gnu.so
1554fc2bd000-1554fc6cf000 r-xp 0002c000 00:30 1883951432                 /storage/home/hcoda1/4/hyu483/conda_envs/qgis332/lib/python3.11/site-packages/numpy/core/_multiarray_umath.cpython-311-x86_64-linux-gnu.so
1554fc6cf000-1554fc829000 r--p 0043e000 00:30 1883951432                 /storage/home/hcoda1/4/hyu483/conda_envs/qgis332/lib/python3.11/site-packages/numpy/core/_multiarray_umath.cpython-311-x86_64-linux-gnu.so
1554fc829000-1554fc82d000 r--p 00598000 00:30 1883951432                 /storage/home/hcoda1/4/hyu483/conda_envs/qgis332/lib/python3.11/site-packages/numpy/core/_multiarray_umath.cpython-311-x86_64-linux-gnu.so
1554fc82d000-1554fc84f000 rw-p 0059c000 00:30 1883951432                 /storage/home/hcoda1/4/hyu483/conda_envs/qgis332/lib/python3.11/site-packages/numpy/core/_multiarray_umath.cpython-311-x86_64-linux-gnu.so
1554fc84f000-1554fcb6f000 rw-p 00000000 00:00 0 
1554fcb6f000-1554fcb70000 r-xp 00000000 00:00 0 
1554fcb70000-1554fcb71000 r--p 00000000 00:00 0 
1554fcb71000-1554fcb72000 r-xp 00000000 00:00 0 
1554fcb72000-1554fcb75000 r--p 00000000 00:30 1917435680                 /storage/home/hcoda1/4/hyu483/conda_envs/qgis332/lib/libquadmath.so.0.0.0
1554fcb75000-1554fcb92000 r-xp 00003000 00:30 1917435680                 /storage/home/hcoda1/4/hyu483/conda_envs/qgis332/lib/libquadmath.so.0.0.0
1554fcb92000-1554fcba8000 r--p 00020000 00:30 1917435680                 /storage/home/hcoda1/4/hyu483/conda_envs/qgis332/lib/libquadmath.so.0.0.0
1554fcba8000-1554fcba9000 r--p 00036000 00:30 1917435680                 /storage/home/hcoda1/4/hyu483/conda_envs/qgis332/lib/libquadmath.so.0.0.0
1554fcba9000-1554fcbaa000 rw-p 00037000 00:30 1917435680                 /storage/home/hcoda1/4/hyu483/conda_envs/qgis332/lib/libquadmath.so.0.0.0
1554fcbaa000-1554fcdaa000 rw-p 00000000 00:00 0 
1554fcdaa000-1554fce01000 r--p 00000000 00:30 1940392674                 /storage/home/hcoda1/4/hyu483/conda_envs/qgis332/lib/python3.11/site-packages/PyQt5/Qsci.abi3.so
1554fce01000-1554fceaa000 r-xp 00057000 00:30 1940392674                 /storage/home/hcoda1/4/hyu483/conda_envs/qgis332/lib/python3.11/site-packages/PyQt5/Qsci.abi3.so
1554fceaa000-1554fcf07000 r--p 00100000 00:30 1940392674                 /storage/home/hcoda1/4/hyu483/conda_envs/qgis332/lib/python3.11/site-packages/PyQt5/Qsci.abi3.so
1554fcf07000-1554fcf0e000 r--p 0015d000 00:30 1940392674                 /storage/home/hcoda1/4/hyu483/conda_envs/qgis332/lib/python3.11/site-packages/PyQt5/Qsci.abi3.so
1554fcf0e000-1554fcf29000 rw-p 00164000 00:30 1940392674                 /storage/home/hcoda1/4/hyu483/conda_envs/qgis332/lib/python3.11/site-packages/PyQt5/Qsci.abi3.so
1554fcf29000-1554fcf6d000 r--p 00000000 00:30 1883959863                 /storage/home/hcoda1/4/hyu483/conda_envs/qgis332/lib/python3.11/site-packages/PyQt5/QtMultimedia.abi3.so
1554fcf6d000-1554fcfdc000 r-xp 00044000 00:30 1883959863                 /storage/home/hcoda1/4/hyu483/conda_envs/qgis332/lib/python3.11/site-packages/PyQt5/QtMultimedia.abi3.so
1554fcfdc000-1554fd01e000 r--p 000b3000 00:30 1883959863                 /storage/home/hcoda1/4/hyu483/conda_envs/qgis332/lib/python3.11/site-packages/PyQt5/QtMultimedia.abi3.so
1554fd01e000-1554fd024000 r--p 000f4000 00:30 1883959863                 /storage/home/hcoda1/4/hyu483/conda_envs/qgis332/lib/python3.11/site-packages/PyQt5/QtMultimedia.abi3.so
1554fd024000-1554fd03d000 rw-p 000fa000 00:30 1883959863                 /storage/home/hcoda1/4/hyu483/conda_envs/qgis332/lib/python3.11/site-packages/PyQt5/QtMultimedia.abi3.so
1554fd03d000-1554fd33d000 rw-p 00000000 00:00 0 
1554fd33d000-1554fdbf9000 r--p 00000000 00:30 1889088347                 /storage/home/hcoda1/4/hyu483/conda_envs/qgis332/share/qgis/python/qgis/_core.so
1554fdbf9000-1554ff2e1000 r-xp 008bc000 00:30 1889088347                 /storage/home/hcoda1/4/hyu483/conda_envs/qgis332/share/qgis/python/qgis/_core.so
1554ff2e1000-1554fff63000 r--p 01fa4000 00:30 1889088347                 /storage/home/hcoda1/4/hyu483/conda_envs/qgis332/share/qgis/python/qgis/_core.so
1554fff63000-1554fffd2000 r--p 02c25000 00:30 1889088347                 /storage/home/hcoda1/4/hyu483/conda_envs/qgis332/share/qgis/python/qgis/_core.so
1554fffd2000-1555001a0000 rw-p 02c94000 00:30 1889088347                 /storage/home/hcoda1/4/hyu483/conda_envs/qgis332/share/qgis/python/qgis/_core.so
1555001a0000-1555001aa000 rw-p 00000000 00:00 0 
1555001aa000-1555001b0000 r--p 00000000 00:30 1883959876                 /storage/home/hcoda1/4/hyu483/conda_envs/qgis332/lib/python3.11/site-packages/PyQt5/QtSerialPort.abi3.so
1555001b0000-1555001b8000 r-xp 00006000 00:30 1883959876                 /storage/home/hcoda1/4/hyu483/conda_envs/qgis332/lib/python3.11/site-packages/PyQt5/QtSerialPort.abi3.so
1555001b8000-1555001bd000 r--p 0000e000 00:30 1883959876                 /storage/home/hcoda1/4/hyu483/conda_envs/qgis332/lib/python3.11/site-packages/PyQt5/QtSerialPort.abi3.so
1555001bd000-1555001be000 r--p 00013000 00:30 1883959876                 /storage/home/hcoda1/4/hyu483/conda_envs/qgis332/lib/python3.11/site-packages/PyQt5/QtSerialPort.abi3.so
1555001be000-1555001c0000 rw-p 00014000 00:30 1883959876                 /storage/home/hcoda1/4/hyu483/conda_envs/qgis332/lib/python3.11/site-packages/PyQt5/QtSerialPort.abi3.so
1555001c0000-1555001d0000 r--p 00000000 00:30 1883959868                 /storage/home/hcoda1/4/hyu483/conda_envs/qgis332/lib/python3.11/site-packages/PyQt5/QtPositioning.abi3.so
1555001d0000-1555001e7000 r-xp 00010000 00:30 1883959868                 /storage/home/hcoda1/4/hyu483/conda_envs/qgis332/lib/python3.11/site-packages/PyQt5/QtPositioning.abi3.so
1555001e7000-1555001f5000 r--p 00027000 00:30 1883959868                 /storage/home/hcoda1/4/hyu483/conda_envs/qgis332/lib/python3.11/site-packages/PyQt5/QtPositioning.abi3.so
1555001f5000-1555001f6000 r--p 00034000 00:30 1883959868                 /storage/home/hcoda1/4/hyu483/conda_envs/qgis332/lib/python3.11/site-packages/PyQt5/QtPositioning.abi3.so
1555001f6000-1555001fc000 rw-p 00035000 00:30 1883959868                 /storage/home/hcoda1/4/hyu483/conda_envs/qgis332/lib/python3.11/site-packages/PyQt5/QtPositioning.abi3.so
1555001fc000-15550020b000 r--p 00000000 00:30 1883959869                 /storage/home/hcoda1/4/hyu483/conda_envs/qgis332/lib/python3.11/site-packages/PyQt5/QtPrintSupport.abi3.so
15550020b000-155500224000 r-xp 0000f000 00:30 1883959869                 /storage/home/hcoda1/4/hyu483/conda_envs/qgis332/lib/python3.11/site-packages/PyQt5/QtPrintSupport.abi3.so
155500224000-155500232000 r--p 00028000 00:30 1883959869                 /storage/home/hcoda1/4/hyu483/conda_envs/qgis332/lib/python3.11/site-packages/PyQt5/QtPrintSupport.abi3.so
155500232000-155500234000 r--p 00035000 00:30 1883959869                 /storage/home/hcoda1/4/hyu483/conda_envs/qgis332/lib/python3.11/site-packages/PyQt5/QtPrintSupport.abi3.so
155500234000-155500239000 rw-p 00037000 00:30 1883959869                 /storage/home/hcoda1/4/hyu483/conda_envs/qgis332/lib/python3.11/site-packages/PyQt5/QtPrintSupport.abi3.so
155500239000-155500250000 r--p 00000000 00:30 1883959877                 /storage/home/hcoda1/4/hyu483/conda_envs/qgis332/lib/python3.11/site-packages/PyQt5/QtSql.abi3.so
155500250000-15550027a000 r-xp 00017000 00:30 1883959877                 /storage/home/hcoda1/4/hyu483/conda_envs/qgis332/lib/python3.11/site-packages/PyQt5/QtSql.abi3.so
15550027a000-15550028f000 r--p 00041000 00:30 1883959877                 /storage/home/hcoda1/4/hyu483/conda_envs/qgis332/lib/python3.11/site-packages/PyQt5/QtSql.abi3.so
15550028f000-155500290000 r--p 00056000 00:30 1883959877                 /storage/home/hcoda1/4/hyu483/conda_envs/qgis332/lib/python3.11/site-packages/PyQt5/QtSql.abi3.so
155500290000-155500297000 rw-p 00057000 00:30 1883959877                 /storage/home/hcoda1/4/hyu483/conda_envs/qgis332/lib/python3.11/site-packages/PyQt5/QtSql.abi3.so
155500297000-1555003ca000 r--p 00000000 00:30 1883959883                 /storage/home/hcoda1/4/hyu483/conda_envs/qgis332/lib/python3.11/site-packages/PyQt5/QtWidgets.abi3.so
1555003ca000-155500621000 r-xp 00133000 00:30 1883959883                 /storage/home/hcoda1/4/hyu483/conda_envs/qgis332/lib/python3.11/site-packages/PyQt5/QtWidgets.abi3.so
155500621000-15550076f000 r--p 0038a000 00:30 1883959883                 /storage/home/hcoda1/4/hyu483/conda_envs/qgis332/lib/python3.11/site-packages/PyQt5/QtWidgets.abi3.so
15550076f000-155500783000 r--p 004d7000 00:30 1883959883                 /storage/home/hcoda1/4/hyu483/conda_envs/qgis332/lib/python3.11/site-packages/PyQt5/QtWidgets.abi3.so
155500783000-1555007de000 rw-p 004eb000 00:30 1883959883                 /storage/home/hcoda1/4/hyu483/conda_envs/qgis332/lib/python3.11/site-packages/PyQt5/QtWidgets.abi3.so
1555007de000-1555008ad000 r--p 00000000 00:30 1883959860                 /storage/home/hcoda1/4/hyu483/conda_envs/qgis332/lib/python3.11/site-packages/PyQt5/QtGui.abi3.so
1555008ad000-1555009f6000 r-xp 000cf000 00:30 1883959860                 /storage/home/hcoda1/4/hyu483/conda_envs/qgis332/lib/python3.11/site-packages/PyQt5/QtGui.abi3.so
1555009f6000-155500acd000 r--p 00218000 00:30 1883959860                 /storage/home/hcoda1/4/hyu483/conda_envs/qgis332/lib/python3.11/site-packages/PyQt5/QtGui.abi3.so
155500acd000-155500ae5000 r--p 002ee000 00:30 1883959860                 /storage/home/hcoda1/4/hyu483/conda_envs/qgis332/lib/python3.11/site-packages/PyQt5/QtGui.abi3.so
155500ae5000-155500b2c000 rw-p 00306000 00:30 1883959860                 /storage/home/hcoda1/4/hyu483/conda_envs/qgis332/lib/python3.11/site-packages/PyQt5/QtGui.abi3.so
155500b2c000-155500b2e000 rw-p 00000000 00:00 0 
155500b2e000-155500b64000 r--p 00000000 00:30 1883959865                 /storage/home/hcoda1/4/hyu483/conda_envs/qgis332/lib/python3.11/site-packages/PyQt5/QtNetwork.abi3.so
155500b64000-155500bc2000 r-xp 00036000 00:30 1883959865                 /storage/home/hcoda1/4/hyu483/conda_envs/qgis332/lib/python3.11/site-packages/PyQt5/QtNetwork.abi3.so
155500bc2000-155500bf7000 r--p 00094000 00:30 1883959865                 /storage/home/hcoda1/4/hyu483/conda_envs/qgis332/lib/python3.11/site-packages/PyQt5/QtNetwork.abi3.so
155500bf7000-155500bf9000 r--p 000c9000 00:30 1883959865                 /storage/home/hcoda1/4/hyu483/conda_envs/qgis332/lib/python3.11/site-packages/PyQt5/QtNetwork.abi3.so
155500bf9000-155500c0d000 rw-p 000cb000 00:30 1883959865                 /storage/home/hcoda1/4/hyu483/conda_envs/qgis332/lib/python3.11/site-packages/PyQt5/QtNetwork.abi3.so
155500c0d000-155500c0e000 rw-p 00000000 00:00 0 
155500c0e000-155500c21000 r--p 00000000 00:30 1883959885                 /storage/home/hcoda1/4/hyu483/conda_envs/qgis332/lib/python3.11/site-packages/PyQt5/QtXml.abi3.so
155500c21000-155500c43000 r-xp 00013000 00:30 1883959885                 /storage/home/hcoda1/4/hyu483/conda_envs/qgis332/lib/python3.11/site-packages/PyQt5/QtXml.abi3.so
155500c43000-155500c56000 r--p 00035000 00:30 1883959885                 /storage/home/hcoda1/4/hyu483/conda_envs/qgis332/lib/python3.11/site-packages/PyQt5/QtXml.abi3.so
155500c56000-155500c57000 r--p 00048000 00:30 1883959885                 /storage/home/hcoda1/4/hyu483/conda_envs/qgis332/lib/python3.11/site-packages/PyQt5/QtXml.abi3.so
155500c57000-155500c5e000 rw-p 00049000 00:30 1883959885                 /storage/home/hcoda1/4/hyu483/conda_envs/qgis332/lib/python3.11/site-packages/PyQt5/QtXml.abi3.so
155500c5e000-155500c5f000 r--p 00000000 00:30 1932647818                 /storage/home/hcoda1/4/hyu483/conda_envs/qgis332/lib/libabsl_utf8_for_code_point.so.2407.0.0
155500c5f000-155500c60000 r-xp 00001000 00:30 1932647818                 /storage/home/hcoda1/4/hyu483/conda_envs/qgis332/lib/libabsl_utf8_for_code_point.so.2407.0.0
155500c60000-155500c61000 r--p 00002000 00:30 1932647818                 /storage/home/hcoda1/4/hyu483/conda_envs/qgis332/lib/libabsl_utf8_for_code_point.so.2407.0.0
155500c61000-155500c62000 r--p 00002000 00:30 1932647818                 /storage/home/hcoda1/4/hyu483/conda_envs/qgis332/lib/libabsl_utf8_for_code_point.so.2407.0.0
155500c62000-155500c63000 rw-p 00003000 00:30 1932647818                 /storage/home/hcoda1/4/hyu483/conda_envs/qgis332/lib/libabsl_utf8_for_code_point.so.2407.0.0
155500c63000-155500c64000 r--p 00000000 00:30 1932647653                 /storage/home/hcoda1/4/hyu483/conda_envs/qgis332/lib/libabsl_decode_rust_punycode.so.2407.0.0
155500c64000-155500c65000 r-xp 00001000 00:30 1932647653                 /storage/home/hcoda1/4/hyu483/conda_envs/qgis332/lib/libabsl_decode_rust_punycode.so.2407.0.0
155500c65000-155500c66000 r--p 00002000 00:30 1932647653                 /storage/home/hcoda1/4/hyu483/conda_envs/qgis332/lib/libabsl_decode_rust_punycode.so.2407.0.0
155500c66000-155500c67000 r--p 00002000 00:30 1932647653                 /storage/home/hcoda1/4/hyu483/conda_envs/qgis332/lib/libabsl_decode_rust_punycode.so.2407.0.0
155500c67000-155500c68000 rw-p 00003000 00:30 1932647653                 /storage/home/hcoda1/4/hyu483/conda_envs/qgis332/lib/libabsl_decode_rust_punycode.so.2407.0.0
155500c68000-155500c69000 r--p 00000000 00:30 1932647657                 /storage/home/hcoda1/4/hyu483/conda_envs/qgis332/lib/libabsl_demangle_rust.so.2407.0.0
155500c69000-155500c6c000 r-xp 00001000 00:30 1932647657                 /storage/home/hcoda1/4/hyu483/conda_envs/qgis332/lib/libabsl_demangle_rust.so.2407.0.0
155500c6c000-155500c6d000 r--p 00004000 00:30 1932647657                 /storage/home/hcoda1/4/hyu483/conda_envs/qgis332/lib/libabsl_demangle_rust.so.2407.0.0
155500c6d000-155500c6e000 r--p 00004000 00:30 1932647657                 /storage/home/hcoda1/4/hyu483/conda_envs/qgis332/lib/libabsl_demangle_rust.so.2407.0.0
155500c6e000-155500c6f000 rw-p 00005000 00:30 1932647657                 /storage/home/hcoda1/4/hyu483/conda_envs/qgis332/lib/libabsl_demangle_rust.so.2407.0.0
155500c6f000-155500c71000 r--p 00000000 00:30 1932647648                 /storage/home/hcoda1/4/hyu483/conda_envs/qgis332/lib/libabsl_crc_internal.so.2407.0.0
155500c71000-155500c73000 r-xp 00002000 00:30 1932647648                 /storage/home/hcoda1/4/hyu483/conda_envs/qgis332/lib/libabsl_crc_internal.so.2407.0.0
155500c73000-155500c74000 r--p 00004000 00:30 1932647648                 /storage/home/hcoda1/4/hyu483/conda_envs/qgis332/lib/libabsl_crc_internal.so.2407.0.0
155500c74000-155500c75000 r--p 00004000 00:30 1932647648                 /storage/home/hcoda1/4/hyu483/conda_envs/qgis332/lib/libabsl_crc_internal.so.2407.0.0
155500c75000-155500c76000 rw-p 00005000 00:30 1932647648                 /storage/home/hcoda1/4/hyu483/conda_envs/qgis332/lib/libabsl_crc_internal.so.2407.0.0
155500c76000-155500c78000 r--p 00000000 00:30 1932647655                 /storage/home/hcoda1/4/hyu483/conda_envs/qgis332/lib/libabsl_demangle_internal.so.2407.0.0
155500c78000-155500c83000 r-xp 00002000 00:30 1932647655                 /storage/home/hcoda1/4/hyu483/conda_envs/qgis332/lib/libabsl_demangle_internal.so.2407.0.0
155500c83000-155500c85000 r--p 0000d000 00:30 1932647655                 /storage/home/hcoda1/4/hyu483/conda_envs/qgis332/lib/libabsl_demangle_internal.so.2407.0.0
155500c85000-155500c86000 r--p 0000f000 00:30 1932647655                 /storage/home/hcoda1/4/hyu483/conda_envs/qgis332/lib/libabsl_demangle_internal.so.2407.0.0
155500c86000-155500c87000 rw-p 00010000 00:30 1932647655                 /storage/home/hcoda1/4/hyu483/conda_envs/qgis332/lib/libabsl_demangle_internal.so.2407.0.0
155500c87000-155500c8a000 r--p 00000000 00:30 1932649178                 /storage/home/hcoda1/4/hyu483/conda_envs/qgis332/lib/libcap.so.2.75
155500c8a000-155500c8f000 r-xp 00003000 00:30 1932649178                 /storage/home/hcoda1/4/hyu483/conda_envs/qgis332/lib/libcap.so.2.75
155500c8f000-155500c91000 r--p 00008000 00:30 1932649178                 /storage/home/hcoda1/4/hyu483/conda_envs/qgis332/lib/libcap.so.2.75
155500c91000-155500c92000 r--p 0000a000 00:30 1932649178                 /storage/home/hcoda1/4/hyu483/conda_envs/qgis332/lib/libcap.so.2.75
155500c92000-155500c93000 rw-p 0000b000 00:30 1932649178                 /storage/home/hcoda1/4/hyu483/conda_envs/qgis332/lib/libcap.so.2.75
155500c93000-155500c9a000 r--p 00000000 00:30 1883930471                 /storage/home/hcoda1/4/hyu483/conda_envs/qgis332/lib/libmp3lame.so.0.0.0
155500c9a000-155500ccb000 r-xp 00007000 00:30 1883930471                 /storage/home/hcoda1/4/hyu483/conda_envs/qgis332/lib/libmp3lame.so.0.0.0
155500ccb000-155500cdb000 r--p 00038000 00:30 1883930471                 /storage/home/hcoda1/4/hyu483/conda_envs/qgis332/lib/libmp3lame.so.0.0.0
155500cdb000-155500cdd000 r--p 00047000 00:30 1883930471                 /storage/home/hcoda1/4/hyu483/conda_envs/qgis332/lib/libmp3lame.so.0.0.0
155500cdd000-155500cde000 rw-p 00049000 00:30 1883930471                 /storage/home/hcoda1/4/hyu483/conda_envs/qgis332/lib/libmp3lame.so.0.0.0
155500cde000-155500d0b000 rw-p 00000000 00:00 0 
155500d0b000-155500d12000 r--p 00000000 00:30 1944914538                 /storage/home/hcoda1/4/hyu483/conda_envs/qgis332/lib/libmpg123.so.0.48.3
155500d12000-155500d50000 r-xp 00007000 00:30 1944914538                 /storage/home/hcoda1/4/hyu483/conda_envs/qgis332/lib/libmpg123.so.0.48.3
155500d50000-155500d6c000 r--p 00045000 00:30 1944914538                 /storage/home/hcoda1/4/hyu483/conda_envs/qgis332/lib/libmpg123.so.0.48.3
155500d6c000-155500d6d000 r--p 00061000 00:30 1944914538                 /storage/home/hcoda1/4/hyu483/conda_envs/qgis332/lib/libmpg123.so.0.48.3
155500d6d000-155500d6e000 rw-p 00062000 00:30 1944914538                 /storage/home/hcoda1/4/hyu483/conda_envs/qgis332/lib/libmpg123.so.0.48.3
155500d6e000-155500d70000 r--p 00000000 00:30 1940391637                 /storage/home/hcoda1/4/hyu483/conda_envs/qgis332/lib/libogg.so.0.8.5
155500d70000-155500d73000 r-xp 00002000 00:30 1940391637                 /storage/home/hcoda1/4/hyu483/conda_envs/qgis332/lib/libogg.so.0.8.5
155500d73000-155500d76000 r--p 00005000 00:30 1940391637                 /storage/home/hcoda1/4/hyu483/conda_envs/qgis332/lib/libogg.so.0.8.5
155500d76000-155500d77000 r--p 00008000 00:30 1940391637                 /storage/home/hcoda1/4/hyu483/conda_envs/qgis332/lib/libogg.so.0.8.5
155500d77000-155500d78000 rw-p 00009000 00:30 1940391637                 /storage/home/hcoda1/4/hyu483/conda_envs/qgis332/lib/libogg.so.0.8.5
155500d78000-155500d7c000 r--p 00000000 00:30 1940507006                 /storage/home/hcoda1/4/hyu483/conda_envs/qgis332/lib/libopus.so.0.10.1
155500d7c000-155500dd2000 r-xp 00004000 00:30 1940507006                 /storage/home/hcoda1/4/hyu483/conda_envs/qgis332/lib/libopus.so.0.10.1
155500dd2000-155500de7000 r--p 0005a000 00:30 1940507006                 /storage/home/hcoda1/4/hyu483/conda_envs/qgis332/lib/libopus.so.0.10.1
155500de7000-155500de8000 r--p 0006f000 00:30 1940507006                 /storage/home/hcoda1/4/hyu483/conda_envs/qgis332/lib/libopus.so.0.10.1
155500de8000-155500de9000 rw-p 00070000 00:30 1940507006                 /storage/home/hcoda1/4/hyu483/conda_envs/qgis332/lib/libopus.so.0.10.1
155500de9000-155500dfd000 r--p 00000000 00:30 1883943814                 /storage/home/hcoda1/4/hyu483/conda_envs/qgis332/lib/libvorbisenc.so.2
155500dfd000-155500e01000 r-xp 00014000 00:30 1883943814                 /storage/home/hcoda1/4/hyu483/conda_envs/qgis332/lib/libvorbisenc.so.2
155500e01000-155500e78000 r--p 00018000 00:30 1883943814                 /storage/home/hcoda1/4/hyu483/conda_envs/qgis332/lib/libvorbisenc.so.2
155500e78000-155500e94000 r--p 0008e000 00:30 1883943814                 /storage/home/hcoda1/4/hyu483/conda_envs/qgis332/lib/libvorbisenc.so.2
155500e94000-155500e95000 rw-p 000aa000 00:30 1883943814                 /storage/home/hcoda1/4/hyu483/conda_envs/qgis332/lib/libvorbisenc.so.2
155500e95000-155500e99000 r--p 00000000 00:30 1883943811                 /storage/home/hcoda1/4/hyu483/conda_envs/qgis332/lib/libvorbis.so.0
155500e99000-155500ebd000 r-xp 00004000 00:30 1883943811                 /storage/home/hcoda1/4/hyu483/conda_envs/qgis332/lib/libvorbis.so.0
155500ebd000-155500ecf000 r--p 00028000 00:30 1883943811                 /storage/home/hcoda1/4/hyu483/conda_envs/qgis332/lib/libvorbis.so.0
155500ecf000-155500ed0000 r--p 00039000 00:30 1883943811                 /storage/home/hcoda1/4/hyu483/conda_envs/qgis332/lib/libvorbis.so.0
155500ed0000-155500ed1000 rw-p 0003a000 00:30 1883943811                 /storage/home/hcoda1/4/hyu483/conda_envs/qgis332/lib/libvorbis.so.0
155500ed1000-155500edb000 r--p 00000000 00:30 1883949138                 /storage/home/hcoda1/4/hyu483/conda_envs/qgis332/lib/libFLAC.so.12.1.0
155500edb000-155500f20000 r-xp 0000a000 00:30 1883949138                 /storage/home/hcoda1/4/hyu483/conda_envs/qgis332/lib/libFLAC.so.12.1.0
155500f20000-155500f2a000 r--p 0004f000 00:30 1883949138                 /storage/home/hcoda1/4/hyu483/conda_envs/qgis332/lib/libFLAC.so.12.1.0
155500f2a000-155500f2c000 r--p 00058000 00:30 1883949138                 /storage/home/hcoda1/4/hyu483/conda_envs/qgis332/lib/libFLAC.so.12.1.0
155500f2c000-155500f2d000 rw-p 0005a000 00:30 1883949138                 /storage/home/hcoda1/4/hyu483/conda_envs/qgis332/lib/libFLAC.so.12.1.0
155500f2d000-155500f2f000 r--p 00000000 00:30 1932647651                 /storage/home/hcoda1/4/hyu483/conda_envs/qgis332/lib/libabsl_debugging_internal.so.2407.0.0
155500f2f000-155500f31000 r-xp 00002000 00:30 1932647651                 /storage/home/hcoda1/4/hyu483/conda_envs/qgis332/lib/libabsl_debugging_internal.so.2407.0.0
155500f31000-155500f32000 r--p 00004000 00:30 1932647651                 /storage/home/hcoda1/4/hyu483/conda_envs/qgis332/lib/libabsl_debugging_internal.so.2407.0.0
155500f32000-155500f33000 r--p 00004000 00:30 1932647651                 /storage/home/hcoda1/4/hyu483/conda_envs/qgis332/lib/libabsl_debugging_internal.so.2407.0.0
155500f33000-155500f34000 rw-p 00005000 00:30 1932647651                 /storage/home/hcoda1/4/hyu483/conda_envs/qgis332/lib/libabsl_debugging_internal.so.2407.0.0
155500f34000-155500f35000 r--p 00000000 00:30 1932647663                 /storage/home/hcoda1/4/hyu483/conda_envs/qgis332/lib/libabsl_exponential_biased.so.2407.0.0
155500f35000-155500f36000 r-xp 00001000 00:30 1932647663                 /storage/home/hcoda1/4/hyu483/conda_envs/qgis332/lib/libabsl_exponential_biased.so.2407.0.0
155500f36000-155500f37000 r--p 00002000 00:30 1932647663                 /storage/home/hcoda1/4/hyu483/conda_envs/qgis332/lib/libabsl_exponential_biased.so.2407.0.0
155500f37000-155500f38000 r--p 00002000 00:30 1932647663                 /storage/home/hcoda1/4/hyu483/conda_envs/qgis332/lib/libabsl_exponential_biased.so.2407.0.0
155500f38000-155500f39000 rw-p 00003000 00:30 1932647663                 /storage/home/hcoda1/4/hyu483/conda_envs/qgis332/lib/libabsl_exponential_biased.so.2407.0.0
155500f39000-155500f3b000 r--p 00000000 00:30 1932647642                 /storage/home/hcoda1/4/hyu483/conda_envs/qgis332/lib/libabsl_crc32c.so.2407.0.0
155500f3b000-155500f3c000 r-xp 00002000 00:30 1932647642                 /storage/home/hcoda1/4/hyu483/conda_envs/qgis332/lib/libabsl_crc32c.so.2407.0.0
155500f3c000-155500f3d000 r--p 00003000 00:30 1932647642                 /storage/home/hcoda1/4/hyu483/conda_envs/qgis332/lib/libabsl_crc32c.so.2407.0.0
155500f3d000-155500f3e000 r--p 00003000 00:30 1932647642                 /storage/home/hcoda1/4/hyu483/conda_envs/qgis332/lib/libabsl_crc32c.so.2407.0.0
155500f3e000-155500f3f000 rw-p 00004000 00:30 1932647642                 /storage/home/hcoda1/4/hyu483/conda_envs/qgis332/lib/libabsl_crc32c.so.2407.0.0
155500f3f000-155500f46000 r--p 00000000 00:30 1932647800                 /storage/home/hcoda1/4/hyu483/conda_envs/qgis332/lib/libabsl_time_zone.so.2407.0.0
155500f46000-155500f5a000 r-xp 00007000 00:30 1932647800                 /storage/home/hcoda1/4/hyu483/conda_envs/qgis332/lib/libabsl_time_zone.so.2407.0.0
155500f5a000-155500f5d000 r--p 0001b000 00:30 1932647800                 /storage/home/hcoda1/4/hyu483/conda_envs/qgis332/lib/libabsl_time_zone.so.2407.0.0
155500f5d000-155500f5e000 r--p 0001e000 00:30 1932647800                 /storage/home/hcoda1/4/hyu483/conda_envs/qgis332/lib/libabsl_time_zone.so.2407.0.0
155500f5e000-155500f5f000 rw-p 0001f000 00:30 1932647800                 /storage/home/hcoda1/4/hyu483/conda_envs/qgis332/lib/libabsl_time_zone.so.2407.0.0
155500f5f000-155500f60000 r--p 00000000 00:30 1932647730                 /storage/home/hcoda1/4/hyu483/conda_envs/qgis332/lib/libabsl_log_sink.so.2407.0.0
155500f60000-155500f61000 r-xp 00001000 00:30 1932647730                 /storage/home/hcoda1/4/hyu483/conda_envs/qgis332/lib/libabsl_log_sink.so.2407.0.0
155500f61000-155500f62000 r--p 00002000 00:30 1932647730                 /storage/home/hcoda1/4/hyu483/conda_envs/qgis332/lib/libabsl_log_sink.so.2407.0.0
155500f62000-155500f63000 r--p 00002000 00:30 1932647730                 /storage/home/hcoda1/4/hyu483/conda_envs/qgis332/lib/libabsl_log_sink.so.2407.0.0
155500f63000-155500f64000 rw-p 00003000 00:30 1932647730                 /storage/home/hcoda1/4/hyu483/conda_envs/qgis332/lib/libabsl_log_sink.so.2407.0.0
155500f64000-155500f66000 r--p 00000000 00:30 1932647786                 /storage/home/hcoda1/4/hyu483/conda_envs/qgis332/lib/libabsl_symbolize.so.2407.0.0
155500f66000-155500f69000 r-xp 00002000 00:30 1932647786                 /storage/home/hcoda1/4/hyu483/conda_envs/qgis332/lib/libabsl_symbolize.so.2407.0.0
155500f69000-155500f6a000 r--p 00005000 00:30 1932647786                 /storage/home/hcoda1/4/hyu483/conda_envs/qgis332/lib/libabsl_symbolize.so.2407.0.0
155500f6a000-155500f6b000 r--p 00006000 00:30 1932647786                 /storage/home/hcoda1/4/hyu483/conda_envs/qgis332/lib/libabsl_symbolize.so.2407.0.0
155500f6b000-155500f6c000 rw-p 00007000 00:30 1932647786                 /storage/home/hcoda1/4/hyu483/conda_envs/qgis332/lib/libabsl_symbolize.so.2407.0.0
155500f6c000-155500f6e000 r--p 00000000 00:30 1917322456                 /storage/home/hcoda1/4/hyu483/conda_envs/qgis332/lib/libXdmcp.so.6.0.0
155500f6e000-155500f70000 r-xp 00002000 00:30 1917322456                 /storage/home/hcoda1/4/hyu483/conda_envs/qgis332/lib/libXdmcp.so.6.0.0
155500f70000-155500f72000 r--p 00004000 00:30 1917322456                 /storage/home/hcoda1/4/hyu483/conda_envs/qgis332/lib/libXdmcp.so.6.0.0
155500f72000-155500f73000 r--p 00005000 00:30 1917322456                 /storage/home/hcoda1/4/hyu483/conda_envs/qgis332/lib/libXdmcp.so.6.0.0
155500f73000-155500f74000 rw-p 00006000 00:30 1917322456                 /storage/home/hcoda1/4/hyu483/conda_envs/qgis332/lib/libXdmcp.so.6.0.0
155500f74000-155500f75000 r--p 00000000 00:30 1917437744                 /storage/home/hcoda1/4/hyu483/conda_envs/qgis332/lib/libXau.so.6.0.0
155500f75000-155500f76000 r-xp 00001000 00:30 1917437744                 /storage/home/hcoda1/4/hyu483/conda_envs/qgis332/lib/libXau.so.6.0.0
155500f76000-155500f77000 r--p 00002000 00:30 1917437744                 /storage/home/hcoda1/4/hyu483/conda_envs/qgis332/lib/libXau.so.6.0.0
155500f77000-155500f78000 r--p 00002000 00:30 1917437744                 /storage/home/hcoda1/4/hyu483/conda_envs/qgis332/lib/libXau.so.6.0.0
155500f78000-155500f79000 rw-p 00003000 00:30 1917437744                 /storage/home/hcoda1/4/hyu483/conda_envs/qgis332/lib/libXau.so.6.0.0
155500f79000-155500f98000 r--p 00000000 00:30 2085784180                 /storage/home/hcoda1/4/hyu483/conda_envs/qgis332/lib/libsystemd.so.0.40.0
155500f98000-155501046000 r-xp 0001f000 00:30 2085784180                 /storage/home/hcoda1/4/hyu483/conda_envs/qgis332/lib/libsystemd.so.0.40.0
155501046000-15550108a000 r--p 000cd000 00:30 2085784180                 /storage/home/hcoda1/4/hyu483/conda_envs/qgis332/lib/libsystemd.so.0.40.0
15550108a000-155501097000 r--p 00111000 00:30 2085784180                 /storage/home/hcoda1/4/hyu483/conda_envs/qgis332/lib/libsystemd.so.0.40.0
155501097000-155501098000 rw-p 0011e000 00:30 2085784180                 /storage/home/hcoda1/4/hyu483/conda_envs/qgis332/lib/libsystemd.so.0.40.0
155501098000-155501099000 rw-p 00000000 00:00 0 
155501099000-1555010a2000 r--p 00000000 00:30 1883950922                 /storage/home/hcoda1/4/hyu483/conda_envs/qgis332/lib/libsndfile.so.1.0.37
1555010a2000-155501106000 r-xp 00009000 00:30 1883950922                 /storage/home/hcoda1/4/hyu483/conda_envs/qgis332/lib/libsndfile.so.1.0.37
155501106000-155501125000 r--p 0006d000 00:30 1883950922                 /storage/home/hcoda1/4/hyu483/conda_envs/qgis332/lib/libsndfile.so.1.0.37
155501125000-155501128000 r--p 0008c000 00:30 1883950922                 /storage/home/hcoda1/4/hyu483/conda_envs/qgis332/lib/libsndfile.so.1.0.37
155501128000-155501129000 rw-p 0008f000 00:30 1883950922                 /storage/home/hcoda1/4/hyu483/conda_envs/qgis332/lib/libsndfile.so.1.0.37
155501129000-15550112b000 rw-p 00000000 00:00 0 
15550112b000-15550112d000 r--p 00000000 00:30 1932647784                 /storage/home/hcoda1/4/hyu483/conda_envs/qgis332/lib/libabsl_strings_internal.so.2407.0.0
15550112d000-15550112e000 r-xp 00002000 00:30 1932647784                 /storage/home/hcoda1/4/hyu483/conda_envs/qgis332/lib/libabsl_strings_internal.so.2407.0.0
15550112e000-15550112f000 r--p 00003000 00:30 1932647784                 /storage/home/hcoda1/4/hyu483/conda_envs/qgis332/lib/libabsl_strings_internal.so.2407.0.0
15550112f000-155501130000 r--p 00003000 00:30 1932647784                 /storage/home/hcoda1/4/hyu483/conda_envs/qgis332/lib/libabsl_strings_internal.so.2407.0.0
155501130000-155501131000 rw-p 00004000 00:30 1932647784                 /storage/home/hcoda1/4/hyu483/conda_envs/qgis332/lib/libabsl_strings_internal.so.2407.0.0
155501131000-155501133000 r--p 00000000 00:30 1932647696                 /storage/home/hcoda1/4/hyu483/conda_envs/qgis332/lib/libabsl_int128.so.2407.0.0
155501133000-155501135000 r-xp 00002000 00:30 1932647696                 /storage/home/hcoda1/4/hyu483/conda_envs/qgis332/lib/libabsl_int128.so.2407.0.0
155501135000-155501136000 r--p 00004000 00:30 1932647696                 /storage/home/hcoda1/4/hyu483/conda_envs/qgis332/lib/libabsl_int128.so.2407.0.0
155501136000-155501137000 r--p 00004000 00:30 1932647696                 /storage/home/hcoda1/4/hyu483/conda_envs/qgis332/lib/libabsl_int128.so.2407.0.0
155501137000-155501138000 rw-p 00005000 00:30 1932647696                 /storage/home/hcoda1/4/hyu483/conda_envs/qgis332/lib/libabsl_int128.so.2407.0.0
155501138000-155501139000 r--p 00000000 00:30 1932647768                 /storage/home/hcoda1/4/hyu483/conda_envs/qgis332/lib/libabsl_spinlock_wait.so.2407.0.0
155501139000-15550113a000 r-xp 00001000 00:30 1932647768                 /storage/home/hcoda1/4/hyu483/conda_envs/qgis332/lib/libabsl_spinlock_wait.so.2407.0.0
15550113a000-15550113b000 r--p 00002000 00:30 1932647768                 /storage/home/hcoda1/4/hyu483/conda_envs/qgis332/lib/libabsl_spinlock_wait.so.2407.0.0
15550113b000-15550113c000 r--p 00002000 00:30 1932647768                 /storage/home/hcoda1/4/hyu483/conda_envs/qgis332/lib/libabsl_spinlock_wait.so.2407.0.0
15550113c000-15550113d000 rw-p 00003000 00:30 1932647768                 /storage/home/hcoda1/4/hyu483/conda_envs/qgis332/lib/libabsl_spinlock_wait.so.2407.0.0
15550113d000-15550113f000 r--p 00000000 00:30 1932647734                 /storage/home/hcoda1/4/hyu483/conda_envs/qgis332/lib/libabsl_malloc_internal.so.2407.0.0
15550113f000-155501141000 r-xp 00002000 00:30 1932647734                 /storage/home/hcoda1/4/hyu483/conda_envs/qgis332/lib/libabsl_malloc_internal.so.2407.0.0
155501141000-155501142000 r--p 00004000 00:30 1932647734                 /storage/home/hcoda1/4/hyu483/conda_envs/qgis332/lib/libabsl_malloc_internal.so.2407.0.0
155501142000-155501143000 r--p 00004000 00:30 1932647734                 /storage/home/hcoda1/4/hyu483/conda_envs/qgis332/lib/libabsl_malloc_internal.so.2407.0.0
155501143000-155501144000 rw-p 00005000 00:30 1932647734                 /storage/home/hcoda1/4/hyu483/conda_envs/qgis332/lib/libabsl_malloc_internal.so.2407.0.0
155501144000-155501146000 r--p 00000000 00:30 1932647698                 /storage/home/hcoda1/4/hyu483/conda_envs/qgis332/lib/libabsl_kernel_timeout_internal.so.2407.0.0
155501146000-155501147000 r-xp 00002000 00:30 1932647698                 /storage/home/hcoda1/4/hyu483/conda_envs/qgis332/lib/libabsl_kernel_timeout_internal.so.2407.0.0
155501147000-155501148000 r--p 00003000 00:30 1932647698                 /storage/home/hcoda1/4/hyu483/conda_envs/qgis332/lib/libabsl_kernel_timeout_internal.so.2407.0.0
155501148000-155501149000 r--p 00003000 00:30 1932647698                 /storage/home/hcoda1/4/hyu483/conda_envs/qgis332/lib/libabsl_kernel_timeout_internal.so.2407.0.0
155501149000-15550114a000 rw-p 00004000 00:30 1932647698                 /storage/home/hcoda1/4/hyu483/conda_envs/qgis332/lib/libabsl_kernel_timeout_internal.so.2407.0.0
15550114a000-15550114b000 r--p 00000000 00:30 1932647770                 /storage/home/hcoda1/4/hyu483/conda_envs/qgis332/lib/libabsl_stacktrace.so.2407.0.0
15550114b000-15550114c000 r-xp 00001000 00:30 1932647770                 /storage/home/hcoda1/4/hyu483/conda_envs/qgis332/lib/libabsl_stacktrace.so.2407.0.0
15550114c000-15550114d000 r--p 00002000 00:30 1932647770                 /storage/home/hcoda1/4/hyu483/conda_envs/qgis332/lib/libabsl_stacktrace.so.2407.0.0
15550114d000-15550114e000 r--p 00002000 00:30 1932647770                 /storage/home/hcoda1/4/hyu483/conda_envs/qgis332/lib/libabsl_stacktrace.so.2407.0.0
15550114e000-15550114f000 rw-p 00003000 00:30 1932647770                 /storage/home/hcoda1/4/hyu483/conda_envs/qgis332/lib/libabsl_stacktrace.so.2407.0.0
15550114f000-155501151000 r--p 00000000 00:30 1932647636                 /storage/home/hcoda1/4/hyu483/conda_envs/qgis332/lib/libabsl_cordz_handle.so.2407.0.0
155501151000-155501152000 r-xp 00002000 00:30 1932647636                 /storage/home/hcoda1/4/hyu483/conda_envs/qgis332/lib/libabsl_cordz_handle.so.2407.0.0
155501152000-155501153000 r--p 00003000 00:30 1932647636                 /storage/home/hcoda1/4/hyu483/conda_envs/qgis332/lib/libabsl_cordz_handle.so.2407.0.0
155501153000-155501154000 r--p 00003000 00:30 1932647636                 /storage/home/hcoda1/4/hyu483/conda_envs/qgis332/lib/libabsl_cordz_handle.so.2407.0.0
155501154000-155501155000 rw-p 00004000 00:30 1932647636                 /storage/home/hcoda1/4/hyu483/conda_envs/qgis332/lib/libabsl_cordz_handle.so.2407.0.0
155501155000-155501156000 r--p 00000000 00:30 1932647634                 /storage/home/hcoda1/4/hyu483/conda_envs/qgis332/lib/libabsl_cordz_functions.so.2407.0.0
155501156000-155501157000 r-xp 00001000 00:30 1932647634                 /storage/home/hcoda1/4/hyu483/conda_envs/qgis332/lib/libabsl_cordz_functions.so.2407.0.0
155501157000-155501158000 r--p 00002000 00:30 1932647634                 /storage/home/hcoda1/4/hyu483/conda_envs/qgis332/lib/libabsl_cordz_functions.so.2407.0.0
155501158000-155501159000 r--p 00002000 00:30 1932647634                 /storage/home/hcoda1/4/hyu483/conda_envs/qgis332/lib/libabsl_cordz_functions.so.2407.0.0
155501159000-15550115a000 rw-p 00003000 00:30 1932647634                 /storage/home/hcoda1/4/hyu483/conda_envs/qgis332/lib/libabsl_cordz_functions.so.2407.0.0
15550115a000-15550115c000 r--p 00000000 00:30 1932647644                 /storage/home/hcoda1/4/hyu483/conda_envs/qgis332/lib/libabsl_crc_cord_state.so.2407.0.0
15550115c000-15550115f000 r-xp 00002000 00:30 1932647644                 /storage/home/hcoda1/4/hyu483/conda_envs/qgis332/lib/libabsl_crc_cord_state.so.2407.0.0
15550115f000-155501160000 r--p 00005000 00:30 1932647644                 /storage/home/hcoda1/4/hyu483/conda_envs/qgis332/lib/libabsl_crc_cord_state.so.2407.0.0
155501160000-155501161000 r--p 00005000 00:30 1932647644                 /storage/home/hcoda1/4/hyu483/conda_envs/qgis332/lib/libabsl_crc_cord_state.so.2407.0.0
155501161000-155501162000 rw-p 00006000 00:30 1932647644                 /storage/home/hcoda1/4/hyu483/conda_envs/qgis332/lib/libabsl_crc_cord_state.so.2407.0.0
155501162000-155501163000 r--p 00000000 00:30 1932647732                 /storage/home/hcoda1/4/hyu483/conda_envs/qgis332/lib/libabsl_low_level_hash.so.2407.0.0
155501163000-155501164000 r-xp 00001000 00:30 1932647732                 /storage/home/hcoda1/4/hyu483/conda_envs/qgis332/lib/libabsl_low_level_hash.so.2407.0.0
155501164000-155501165000 r--p 00002000 00:30 1932647732                 /storage/home/hcoda1/4/hyu483/conda_envs/qgis332/lib/libabsl_low_level_hash.so.2407.0.0
155501165000-155501166000 r--p 00002000 00:30 1932647732                 /storage/home/hcoda1/4/hyu483/conda_envs/qgis332/lib/libabsl_low_level_hash.so.2407.0.0
155501166000-155501167000 rw-p 00003000 00:30 1932647732                 /storage/home/hcoda1/4/hyu483/conda_envs/qgis332/lib/libabsl_low_level_hash.so.2407.0.0
155501167000-155501168000 r--p 00000000 00:30 1932647626                 /storage/home/hcoda1/4/hyu483/conda_envs/qgis332/lib/libabsl_city.so.2407.0.0
155501168000-155501169000 r-xp 00001000 00:30 1932647626                 /storage/home/hcoda1/4/hyu483/conda_envs/qgis332/lib/libabsl_city.so.2407.0.0
155501169000-15550116a000 r--p 00002000 00:30 1932647626                 /storage/home/hcoda1/4/hyu483/conda_envs/qgis332/lib/libabsl_city.so.2407.0.0
15550116a000-15550116b000 r--p 00002000 00:30 1932647626                 /storage/home/hcoda1/4/hyu483/conda_envs/qgis332/lib/libabsl_city.so.2407.0.0
15550116b000-15550116c000 rw-p 00003000 00:30 1932647626                 /storage/home/hcoda1/4/hyu483/conda_envs/qgis332/lib/libabsl_city.so.2407.0.0
15550116c000-15550116d000 r--p 00000000 00:30 1932647764                 /storage/home/hcoda1/4/hyu483/conda_envs/qgis332/lib/libabsl_raw_logging_internal.so.2407.0.0
15550116d000-15550116e000 r-xp 00001000 00:30 1932647764                 /storage/home/hcoda1/4/hyu483/conda_envs/qgis332/lib/libabsl_raw_logging_internal.so.2407.0.0
15550116e000-15550116f000 r--p 00002000 00:30 1932647764                 /storage/home/hcoda1/4/hyu483/conda_envs/qgis332/lib/libabsl_raw_logging_internal.so.2407.0.0
15550116f000-155501170000 r--p 00002000 00:30 1932647764                 /storage/home/hcoda1/4/hyu483/conda_envs/qgis332/lib/libabsl_raw_logging_internal.so.2407.0.0
155501170000-155501171000 rw-p 00003000 00:30 1932647764                 /storage/home/hcoda1/4/hyu483/conda_envs/qgis332/lib/libabsl_raw_logging_internal.so.2407.0.0
155501171000-155501173000 r--p 00000000 00:30 1932647624                 /storage/home/hcoda1/4/hyu483/conda_envs/qgis332/lib/libabsl_base.so.2407.0.0
155501173000-155501174000 r-xp 00002000 00:30 1932647624                 /storage/home/hcoda1/4/hyu483/conda_envs/qgis332/lib/libabsl_base.so.2407.0.0
155501174000-155501175000 r--p 00003000 00:30 1932647624                 /storage/home/hcoda1/4/hyu483/conda_envs/qgis332/lib/libabsl_base.so.2407.0.0
155501175000-155501176000 r--p 00003000 00:30 1932647624                 /storage/home/hcoda1/4/hyu483/conda_envs/qgis332/lib/libabsl_base.so.2407.0.0
155501176000-155501177000 rw-p 00004000 00:30 1932647624                 /storage/home/hcoda1/4/hyu483/conda_envs/qgis332/lib/libabsl_base.so.2407.0.0
155501177000-15550117d000 r--p 00000000 00:30 1932647792                 /storage/home/hcoda1/4/hyu483/conda_envs/qgis332/lib/libabsl_time.so.2407.0.0
15550117d000-15550118a000 r-xp 00006000 00:30 1932647792                 /storage/home/hcoda1/4/hyu483/conda_envs/qgis332/lib/libabsl_time.so.2407.0.0
15550118a000-15550118d000 r--p 00013000 00:30 1932647792                 /storage/home/hcoda1/4/hyu483/conda_envs/qgis332/lib/libabsl_time.so.2407.0.0
15550118d000-15550118e000 r--p 00015000 00:30 1932647792                 /storage/home/hcoda1/4/hyu483/conda_envs/qgis332/lib/libabsl_time.so.2407.0.0
15550118e000-15550118f000 rw-p 00016000 00:30 1932647792                 /storage/home/hcoda1/4/hyu483/conda_envs/qgis332/lib/libabsl_time.so.2407.0.0
15550118f000-155501191000 r--p 00000000 00:30 1932647706                 /storage/home/hcoda1/4/hyu483/conda_envs/qgis332/lib/libabsl_log_globals.so.2407.0.0
155501191000-155501192000 r-xp 00002000 00:30 1932647706                 /storage/home/hcoda1/4/hyu483/conda_envs/qgis332/lib/libabsl_log_globals.so.2407.0.0
155501192000-155501193000 r--p 00003000 00:30 1932647706                 /storage/home/hcoda1/4/hyu483/conda_envs/qgis332/lib/libabsl_log_globals.so.2407.0.0
155501193000-155501194000 r--p 00003000 00:30 1932647706                 /storage/home/hcoda1/4/hyu483/conda_envs/qgis332/lib/libabsl_log_globals.so.2407.0.0
155501194000-155501195000 rw-p 00004000 00:30 1932647706                 /storage/home/hcoda1/4/hyu483/conda_envs/qgis332/lib/libabsl_log_globals.so.2407.0.0
155501195000-155501196000 r--p 00000000 00:30 1932647718                 /storage/home/hcoda1/4/hyu483/conda_envs/qgis332/lib/libabsl_log_internal_globals.so.2407.0.0
155501196000-155501197000 r-xp 00001000 00:30 1932647718                 /storage/home/hcoda1/4/hyu483/conda_envs/qgis332/lib/libabsl_log_internal_globals.so.2407.0.0
155501197000-155501198000 r--p 00002000 00:30 1932647718                 /storage/home/hcoda1/4/hyu483/conda_envs/qgis332/lib/libabsl_log_internal_globals.so.2407.0.0
155501198000-155501199000 r--p 00002000 00:30 1932647718                 /storage/home/hcoda1/4/hyu483/conda_envs/qgis332/lib/libabsl_log_internal_globals.so.2407.0.0
155501199000-15550119a000 rw-p 00003000 00:30 1932647718                 /storage/home/hcoda1/4/hyu483/conda_envs/qgis332/lib/libabsl_log_internal_globals.so.2407.0.0
15550119a000-15550119c000 r--p 00000000 00:30 1932647720                 /storage/home/hcoda1/4/hyu483/conda_envs/qgis332/lib/libabsl_log_internal_log_sink_set.so.2407.0.0
15550119c000-15550119d000 r-xp 00002000 00:30 1932647720                 /storage/home/hcoda1/4/hyu483/conda_envs/qgis332/lib/libabsl_log_internal_log_sink_set.so.2407.0.0
15550119d000-15550119e000 r--p 00003000 00:30 1932647720                 /storage/home/hcoda1/4/hyu483/conda_envs/qgis332/lib/libabsl_log_internal_log_sink_set.so.2407.0.0
15550119e000-15550119f000 r--p 00003000 00:30 1932647720                 /storage/home/hcoda1/4/hyu483/conda_envs/qgis332/lib/libabsl_log_internal_log_sink_set.so.2407.0.0
15550119f000-1555011a0000 rw-p 00004000 00:30 1932647720                 /storage/home/hcoda1/4/hyu483/conda_envs/qgis332/lib/libabsl_log_internal_log_sink_set.so.2407.0.0
1555011a0000-1555011a1000 r--p 00000000 00:30 1932647778                 /storage/home/hcoda1/4/hyu483/conda_envs/qgis332/lib/libabsl_strerror.so.2407.0.0
1555011a1000-1555011a2000 r-xp 00001000 00:30 1932647778                 /storage/home/hcoda1/4/hyu483/conda_envs/qgis332/lib/libabsl_strerror.so.2407.0.0
1555011a2000-1555011a3000 r--p 00002000 00:30 1932647778                 /storage/home/hcoda1/4/hyu483/conda_envs/qgis332/lib/libabsl_strerror.so.2407.0.0
1555011a3000-1555011a4000 r--p 00002000 00:30 1932647778                 /storage/home/hcoda1/4/hyu483/conda_envs/qgis332/lib/libabsl_strerror.so.2407.0.0
1555011a4000-1555011a5000 rw-p 00003000 00:30 1932647778                 /storage/home/hcoda1/4/hyu483/conda_envs/qgis332/lib/libabsl_strerror.so.2407.0.0
1555011a5000-1555011a6000 r--p 00000000 00:30 1932647726                 /storage/home/hcoda1/4/hyu483/conda_envs/qgis332/lib/libabsl_log_internal_proto.so.2407.0.0
1555011a6000-1555011a7000 r-xp 00001000 00:30 1932647726                 /storage/home/hcoda1/4/hyu483/conda_envs/qgis332/lib/libabsl_log_internal_proto.so.2407.0.0
1555011a7000-1555011a8000 r--p 00002000 00:30 1932647726                 /storage/home/hcoda1/4/hyu483/conda_envs/qgis332/lib/libabsl_log_internal_proto.so.2407.0.0
1555011a8000-1555011a9000 r--p 00002000 00:30 1932647726                 /storage/home/hcoda1/4/hyu483/conda_envs/qgis332/lib/libabsl_log_internal_proto.so.2407.0.0
1555011a9000-1555011aa000 rw-p 00003000 00:30 1932647726                 /storage/home/hcoda1/4/hyu483/conda_envs/qgis332/lib/libabsl_log_internal_proto.so.2407.0.0
1555011aa000-1555011ac000 r--p 00000000 00:30 1932647716                 /storage/home/hcoda1/4/hyu483/conda_envs/qgis332/lib/libabsl_log_internal_format.so.2407.0.0
1555011ac000-1555011ad000 r-xp 00002000 00:30 1932647716                 /storage/home/hcoda1/4/hyu483/conda_envs/qgis332/lib/libabsl_log_internal_format.so.2407.0.0
1555011ad000-1555011ae000 r--p 00003000 00:30 1932647716                 /storage/home/hcoda1/4/hyu483/conda_envs/qgis332/lib/libabsl_log_internal_format.so.2407.0.0
1555011ae000-1555011af000 r--p 00003000 00:30 1932647716                 /storage/home/hcoda1/4/hyu483/conda_envs/qgis332/lib/libabsl_log_internal_format.so.2407.0.0
1555011af000-1555011b0000 rw-p 00004000 00:30 1932647716                 /storage/home/hcoda1/4/hyu483/conda_envs/qgis332/lib/libabsl_log_internal_format.so.2407.0.0
1555011b0000-1555011b1000 r--p 00000000 00:30 1932647661                 /storage/home/hcoda1/4/hyu483/conda_envs/qgis332/lib/libabsl_examine_stack.so.2407.0.0
1555011b1000-1555011b2000 r-xp 00001000 00:30 1932647661                 /storage/home/hcoda1/4/hyu483/conda_envs/qgis332/lib/libabsl_examine_stack.so.2407.0.0
1555011b2000-1555011b3000 r--p 00002000 00:30 1932647661                 /storage/home/hcoda1/4/hyu483/conda_envs/qgis332/lib/libabsl_examine_stack.so.2407.0.0
1555011b3000-1555011b4000 r--p 00002000 00:30 1932647661                 /storage/home/hcoda1/4/hyu483/conda_envs/qgis332/lib/libabsl_examine_stack.so.2407.0.0
1555011b4000-1555011b5000 rw-p 00003000 00:30 1932647661                 /storage/home/hcoda1/4/hyu483/conda_envs/qgis332/lib/libabsl_examine_stack.so.2407.0.0
1555011b5000-1555011b6000 r--p 00000000 00:30 1917321425                 /storage/home/hcoda1/4/hyu483/conda_envs/qgis332/lib/libbrotlicommon.so.1.1.0
1555011b6000-1555011b7000 r-xp 00001000 00:30 1917321425                 /storage/home/hcoda1/4/hyu483/conda_envs/qgis332/lib/libbrotlicommon.so.1.1.0
1555011b7000-1555011d6000 r--p 00002000 00:30 1917321425                 /storage/home/hcoda1/4/hyu483/conda_envs/qgis332/lib/libbrotlicommon.so.1.1.0
1555011d6000-1555011d7000 r--p 00021000 00:30 1917321425                 /storage/home/hcoda1/4/hyu483/conda_envs/qgis332/lib/libbrotlicommon.so.1.1.0
1555011d7000-1555011d8000 rw-p 00022000 00:30 1917321425                 /storage/home/hcoda1/4/hyu483/conda_envs/qgis332/lib/libbrotlicommon.so.1.1.0
1555011d8000-1555011da000 r--p 00000000 00:30 1932632619                 /storage/home/hcoda1/4/hyu483/conda_envs/qgis332/lib/libgmodule-2.0.so.0.8400.1
1555011da000-1555011dc000 r-xp 00002000 00:30 1932632619                 /storage/home/hcoda1/4/hyu483/conda_envs/qgis332/lib/libgmodule-2.0.so.0.8400.1
1555011dc000-1555011dd000 r--p 00004000 00:30 1932632619                 /storage/home/hcoda1/4/hyu483/conda_envs/qgis332/lib/libgmodule-2.0.so.0.8400.1
1555011dd000-1555011de000 r--p 00004000 00:30 1932632619                 /storage/home/hcoda1/4/hyu483/conda_envs/qgis332/lib/libgmodule-2.0.so.0.8400.1
1555011de000-1555011df000 rw-p 00005000 00:30 1932632619                 /storage/home/hcoda1/4/hyu483/conda_envs/qgis332/lib/libgmodule-2.0.so.0.8400.1
1555011df000-1555011ed000 r--p 00000000 00:30 1932648602                 /storage/home/hcoda1/4/hyu483/conda_envs/qgis332/lib/libxcb.so.1.1.0
1555011ed000-155501201000 r-xp 0000e000 00:30 1932648602                 /storage/home/hcoda1/4/hyu483/conda_envs/qgis332/lib/libxcb.so.1.1.0
155501201000-15550120a000 r--p 00022000 00:30 1932648602                 /storage/home/hcoda1/4/hyu483/conda_envs/qgis332/lib/libxcb.so.1.1.0
15550120a000-15550120b000 r--p 0002a000 00:30 1932648602                 /storage/home/hcoda1/4/hyu483/conda_envs/qgis332/lib/libxcb.so.1.1.0
15550120b000-15550120c000 rw-p 0002b000 00:30 1932648602                 /storage/home/hcoda1/4/hyu483/conda_envs/qgis332/lib/libxcb.so.1.1.0
15550120c000-15550121b000 r--p 00000000 00:30 1883928323                 /storage/home/hcoda1/4/hyu483/conda_envs/qgis332/lib/libdbus-1.so.3.24.0
15550121b000-155501249000 r-xp 0000f000 00:30 1883928323                 /storage/home/hcoda1/4/hyu483/conda_envs/qgis332/lib/libdbus-1.so.3.24.0
155501249000-15550125e000 r--p 0003d000 00:30 1883928323                 /storage/home/hcoda1/4/hyu483/conda_envs/qgis332/lib/libdbus-1.so.3.24.0
15550125e000-155501260000 r--p 00051000 00:30 1883928323                 /storage/home/hcoda1/4/hyu483/conda_envs/qgis332/lib/libdbus-1.so.3.24.0
155501260000-155501261000 rw-p 00053000 00:30 1883928323                 /storage/home/hcoda1/4/hyu483/conda_envs/qgis332/lib/libdbus-1.so.3.24.0
155501261000-155501278000 r--p 00000000 00:30 2085794105                 /storage/home/hcoda1/4/hyu483/conda_envs/qgis332/lib/pulseaudio/libpulsecommon-17.0.so
155501278000-1555012a3000 r-xp 00017000 00:30 2085794105                 /storage/home/hcoda1/4/hyu483/conda_envs/qgis332/lib/pulseaudio/libpulsecommon-17.0.so
1555012a3000-1555012ba000 r--p 00042000 00:30 2085794105                 /storage/home/hcoda1/4/hyu483/conda_envs/qgis332/lib/pulseaudio/libpulsecommon-17.0.so
1555012ba000-1555012bc000 r--p 00059000 00:30 2085794105                 /storage/home/hcoda1/4/hyu483/conda_envs/qgis332/lib/pulseaudio/libpulsecommon-17.0.so
1555012bc000-1555012bd000 rw-p 0005b000 00:30 2085794105                 /storage/home/hcoda1/4/hyu483/conda_envs/qgis332/lib/pulseaudio/libpulsecommon-17.0.so
1555012bd000-1555012c0000 r--p 00000000 00:30 1883937156                 /storage/home/hcoda1/4/hyu483/conda_envs/qgis332/lib/libgraphite2.so.3.2.1
1555012c0000-1555012dc000 r-xp 00003000 00:30 1883937156                 /storage/home/hcoda1/4/hyu483/conda_envs/qgis332/lib/libgraphite2.so.3.2.1
1555012dc000-1555012e1000 r--p 0001f000 00:30 1883937156                 /storage/home/hcoda1/4/hyu483/conda_envs/qgis332/lib/libgraphite2.so.3.2.1
1555012e1000-1555012e3000 r--p 00023000 00:30 1883937156                 /storage/home/hcoda1/4/hyu483/conda_envs/qgis332/lib/libgraphite2.so.3.2.1
1555012e3000-1555012e4000 rw-p 00025000 00:30 1883937156                 /storage/home/hcoda1/4/hyu483/conda_envs/qgis332/lib/libgraphite2.so.3.2.1
1555012e4000-1555012f2000 r--p 00000000 00:30 1917424817                 /storage/home/hcoda1/4/hyu483/conda_envs/qgis332/lib/libfreetype.so.6.20.2
1555012f2000-155501370000 r-xp 0000e000 00:30 1917424817                 /storage/home/hcoda1/4/hyu483/conda_envs/qgis332/lib/libfreetype.so.6.20.2
155501370000-155501398000 r--p 0008c000 00:30 1917424817                 /storage/home/hcoda1/4/hyu483/conda_envs/qgis332/lib/libfreetype.so.6.20.2
155501398000-1555013a0000 r--p 000b3000 00:30 1917424817                 /storage/home/hcoda1/4/hyu483/conda_envs/qgis332/lib/libfreetype.so.6.20.2
1555013a0000-1555013a1000 rw-p 000bb000 00:30 1917424817                 /storage/home/hcoda1/4/hyu483/conda_envs/qgis332/lib/libfreetype.so.6.20.2
1555013a1000-1555013a4000 r--p 00000000 00:30 1932634294                 /storage/home/hcoda1/4/hyu483/conda_envs/qgis332/lib/libGLX.so.0.0.0
1555013a4000-1555013be000 r-xp 00003000 00:30 1932634294                 /storage/home/hcoda1/4/hyu483/conda_envs/qgis332/lib/libGLX.so.0.0.0
1555013be000-1555013c1000 r--p 0001d000 00:30 1932634294                 /storage/home/hcoda1/4/hyu483/conda_envs/qgis332/lib/libGLX.so.0.0.0
1555013c1000-1555013c2000 r--p 00020000 00:30 1932634294                 /storage/home/hcoda1/4/hyu483/conda_envs/qgis332/lib/libGLX.so.0.0.0
1555013c2000-1555013c3000 rw-p 00021000 00:30 1932634294                 /storage/home/hcoda1/4/hyu483/conda_envs/qgis332/lib/libGLX.so.0.0.0
1555013c3000-1555013d3000 rw-p 00000000 00:00 0 
1555013d3000-155501414000 r--p 00000000 00:30 1932645527                 /storage/home/hcoda1/4/hyu483/conda_envs/qgis332/lib/libGLdispatch.so.0.0.0
155501414000-155501453000 r-xp 00041000 00:30 1932645527                 /storage/home/hcoda1/4/hyu483/conda_envs/qgis332/lib/libGLdispatch.so.0.0.0
155501453000-155501466000 r--p 00080000 00:30 1932645527                 /storage/home/hcoda1/4/hyu483/conda_envs/qgis332/lib/libGLdispatch.so.0.0.0
155501466000-155501482000 r--p 00093000 00:30 1932645527                 /storage/home/hcoda1/4/hyu483/conda_envs/qgis332/lib/libGLdispatch.so.0.0.0
155501482000-155501483000 rw-p 000af000 00:30 1932645527                 /storage/home/hcoda1/4/hyu483/conda_envs/qgis332/lib/libGLdispatch.so.0.0.0
155501483000-15550148b000 rw-p 00000000 00:00 0 
15550148b000-15550148e000 r--p 00000000 00:30 1932647790                 /storage/home/hcoda1/4/hyu483/conda_envs/qgis332/lib/libabsl_throw_delegate.so.2407.0.0
15550148e000-15550148f000 r-xp 00003000 00:30 1932647790                 /storage/home/hcoda1/4/hyu483/conda_envs/qgis332/lib/libabsl_throw_delegate.so.2407.0.0
15550148f000-155501490000 r--p 00004000 00:30 1932647790                 /storage/home/hcoda1/4/hyu483/conda_envs/qgis332/lib/libabsl_throw_delegate.so.2407.0.0
155501490000-155501491000 r--p 00004000 00:30 1932647790                 /storage/home/hcoda1/4/hyu483/conda_envs/qgis332/lib/libabsl_throw_delegate.so.2407.0.0
155501491000-155501492000 rw-p 00005000 00:30 1932647790                 /storage/home/hcoda1/4/hyu483/conda_envs/qgis332/lib/libabsl_throw_delegate.so.2407.0.0
155501492000-155501498000 r--p 00000000 00:30 1932647782                 /storage/home/hcoda1/4/hyu483/conda_envs/qgis332/lib/libabsl_strings.so.2407.0.0
155501498000-1555014ab000 r-xp 00006000 00:30 1932647782                 /storage/home/hcoda1/4/hyu483/conda_envs/qgis332/lib/libabsl_strings.so.2407.0.0
1555014ab000-1555014b3000 r--p 00019000 00:30 1932647782                 /storage/home/hcoda1/4/hyu483/conda_envs/qgis332/lib/libabsl_strings.so.2407.0.0
1555014b3000-1555014b4000 r--p 00020000 00:30 1932647782                 /storage/home/hcoda1/4/hyu483/conda_envs/qgis332/lib/libabsl_strings.so.2407.0.0
1555014b4000-1555014b5000 rw-p 00021000 00:30 1932647782                 /storage/home/hcoda1/4/hyu483/conda_envs/qgis332/lib/libabsl_strings.so.2407.0.0
1555014b5000-1555014bb000 r--p 00000000 00:30 1932647776                 /storage/home/hcoda1/4/hyu483/conda_envs/qgis332/lib/libabsl_str_format_internal.so.2407.0.0
1555014bb000-1555014ce000 r-xp 00006000 00:30 1932647776                 /storage/home/hcoda1/4/hyu483/conda_envs/qgis332/lib/libabsl_str_format_internal.so.2407.0.0
1555014ce000-1555014d1000 r--p 00019000 00:30 1932647776                 /storage/home/hcoda1/4/hyu483/conda_envs/qgis332/lib/libabsl_str_format_internal.so.2407.0.0
1555014d1000-1555014d2000 r--p 0001c000 00:30 1932647776                 /storage/home/hcoda1/4/hyu483/conda_envs/qgis332/lib/libabsl_str_format_internal.so.2407.0.0
1555014d2000-1555014d3000 rw-p 0001d000 00:30 1932647776                 /storage/home/hcoda1/4/hyu483/conda_envs/qgis332/lib/libabsl_str_format_internal.so.2407.0.0
1555014d3000-1555014d8000 r--p 00000000 00:30 1932647788                 /storage/home/hcoda1/4/hyu483/conda_envs/qgis332/lib/libabsl_synchronization.so.2407.0.0
1555014d8000-1555014dd000 r-xp 00005000 00:30 1932647788                 /storage/home/hcoda1/4/hyu483/conda_envs/qgis332/lib/libabsl_synchronization.so.2407.0.0
1555014dd000-1555014e0000 r--p 0000a000 00:30 1932647788                 /storage/home/hcoda1/4/hyu483/conda_envs/qgis332/lib/libabsl_synchronization.so.2407.0.0
1555014e0000-1555014e1000 r--p 0000c000 00:30 1932647788                 /storage/home/hcoda1/4/hyu483/conda_envs/qgis332/lib/libabsl_synchronization.so.2407.0.0
1555014e1000-1555014e2000 rw-p 0000d000 00:30 1932647788                 /storage/home/hcoda1/4/hyu483/conda_envs/qgis332/lib/libabsl_synchronization.so.2407.0.0
1555014e2000-1555014e4000 rw-p 00000000 00:00 0 
1555014e4000-1555014e7000 r--p 00000000 00:30 1932647632                 /storage/home/hcoda1/4/hyu483/conda_envs/qgis332/lib/libabsl_cord_internal.so.2407.0.0
1555014e7000-1555014f5000 r-xp 00003000 00:30 1932647632                 /storage/home/hcoda1/4/hyu483/conda_envs/qgis332/lib/libabsl_cord_internal.so.2407.0.0
1555014f5000-1555014f7000 r--p 00011000 00:30 1932647632                 /storage/home/hcoda1/4/hyu483/conda_envs/qgis332/lib/libabsl_cord_internal.so.2407.0.0
1555014f7000-1555014f8000 r--p 00012000 00:30 1932647632                 /storage/home/hcoda1/4/hyu483/conda_envs/qgis332/lib/libabsl_cord_internal.so.2407.0.0
1555014f8000-1555014f9000 rw-p 00013000 00:30 1932647632                 /storage/home/hcoda1/4/hyu483/conda_envs/qgis332/lib/libabsl_cord_internal.so.2407.0.0
1555014f9000-1555014fb000 r--p 00000000 00:30 1932647638                 /storage/home/hcoda1/4/hyu483/conda_envs/qgis332/lib/libabsl_cordz_info.so.2407.0.0
1555014fb000-1555014fd000 r-xp 00002000 00:30 1932647638                 /storage/home/hcoda1/4/hyu483/conda_envs/qgis332/lib/libabsl_cordz_info.so.2407.0.0
1555014fd000-1555014fe000 r--p 00004000 00:30 1932647638                 /storage/home/hcoda1/4/hyu483/conda_envs/qgis332/lib/libabsl_cordz_info.so.2407.0.0
1555014fe000-1555014ff000 r--p 00004000 00:30 1932647638                 /storage/home/hcoda1/4/hyu483/conda_envs/qgis332/lib/libabsl_cordz_info.so.2407.0.0
1555014ff000-155501500000 rw-p 00005000 00:30 1932647638                 /storage/home/hcoda1/4/hyu483/conda_envs/qgis332/lib/libabsl_cordz_info.so.2407.0.0
155501500000-155501506000 r--p 00000000 00:30 1932647630                 /storage/home/hcoda1/4/hyu483/conda_envs/qgis332/lib/libabsl_cord.so.2407.0.0
155501506000-15550151e000 r-xp 00006000 00:30 1932647630                 /storage/home/hcoda1/4/hyu483/conda_envs/qgis332/lib/libabsl_cord.so.2407.0.0
15550151e000-155501521000 r--p 0001e000 00:30 1932647630                 /storage/home/hcoda1/4/hyu483/conda_envs/qgis332/lib/libabsl_cord.so.2407.0.0
155501521000-155501522000 r--p 00020000 00:30 1932647630                 /storage/home/hcoda1/4/hyu483/conda_envs/qgis332/lib/libabsl_cord.so.2407.0.0
155501522000-155501523000 rw-p 00021000 00:30 1932647630                 /storage/home/hcoda1/4/hyu483/conda_envs/qgis332/lib/libabsl_cord.so.2407.0.0
155501523000-155501524000 r--p 00000000 00:30 1932647692                 /storage/home/hcoda1/4/hyu483/conda_envs/qgis332/lib/libabsl_hash.so.2407.0.0
155501524000-155501525000 r-xp 00001000 00:30 1932647692                 /storage/home/hcoda1/4/hyu483/conda_envs/qgis332/lib/libabsl_hash.so.2407.0.0
155501525000-155501526000 r--p 00002000 00:30 1932647692                 /storage/home/hcoda1/4/hyu483/conda_envs/qgis332/lib/libabsl_hash.so.2407.0.0
155501526000-155501527000 r--p 00002000 00:30 1932647692                 /storage/home/hcoda1/4/hyu483/conda_envs/qgis332/lib/libabsl_hash.so.2407.0.0
155501527000-155501528000 rw-p 00003000 00:30 1932647692                 /storage/home/hcoda1/4/hyu483/conda_envs/qgis332/lib/libabsl_hash.so.2407.0.0
155501528000-15550152a000 r--p 00000000 00:30 1932647762                 /storage/home/hcoda1/4/hyu483/conda_envs/qgis332/lib/libabsl_raw_hash_set.so.2407.0.0
15550152a000-15550152b000 r-xp 00002000 00:30 1932647762                 /storage/home/hcoda1/4/hyu483/conda_envs/qgis332/lib/libabsl_raw_hash_set.so.2407.0.0
15550152b000-15550152c000 r--p 00003000 00:30 1932647762                 /storage/home/hcoda1/4/hyu483/conda_envs/qgis332/lib/libabsl_raw_hash_set.so.2407.0.0
15550152c000-15550152d000 r--p 00003000 00:30 1932647762                 /storage/home/hcoda1/4/hyu483/conda_envs/qgis332/lib/libabsl_raw_hash_set.so.2407.0.0
15550152d000-15550152e000 rw-p 00004000 00:30 1932647762                 /storage/home/hcoda1/4/hyu483/conda_envs/qgis332/lib/libabsl_raw_hash_set.so.2407.0.0
15550152e000-15550152f000 r--p 00000000 00:30 1932647724                 /storage/home/hcoda1/4/hyu483/conda_envs/qgis332/lib/libabsl_log_internal_nullguard.so.2407.0.0
15550152f000-155501530000 r-xp 00001000 00:30 1932647724                 /storage/home/hcoda1/4/hyu483/conda_envs/qgis332/lib/libabsl_log_internal_nullguard.so.2407.0.0
155501530000-155501531000 r--p 00002000 00:30 1932647724                 /storage/home/hcoda1/4/hyu483/conda_envs/qgis332/lib/libabsl_log_internal_nullguard.so.2407.0.0
155501531000-155501532000 r--p 00002000 00:30 1932647724                 /storage/home/hcoda1/4/hyu483/conda_envs/qgis332/lib/libabsl_log_internal_nullguard.so.2407.0.0
155501532000-155501533000 rw-p 00003000 00:30 1932647724                 /storage/home/hcoda1/4/hyu483/conda_envs/qgis332/lib/libabsl_log_internal_nullguard.so.2407.0.0
155501533000-155501539000 r--p 00000000 00:30 1932647722                 /storage/home/hcoda1/4/hyu483/conda_envs/qgis332/lib/libabsl_log_internal_message.so.2407.0.0
155501539000-15550153c000 r-xp 00006000 00:30 1932647722                 /storage/home/hcoda1/4/hyu483/conda_envs/qgis332/lib/libabsl_log_internal_message.so.2407.0.0
15550153c000-15550153e000 r--p 00009000 00:30 1932647722                 /storage/home/hcoda1/4/hyu483/conda_envs/qgis332/lib/libabsl_log_internal_message.so.2407.0.0
15550153e000-15550153f000 r--p 0000a000 00:30 1932647722                 /storage/home/hcoda1/4/hyu483/conda_envs/qgis332/lib/libabsl_log_internal_message.so.2407.0.0
15550153f000-155501540000 rw-p 0000b000 00:30 1932647722                 /storage/home/hcoda1/4/hyu483/conda_envs/qgis332/lib/libabsl_log_internal_message.so.2407.0.0
155501540000-155501543000 r--p 00000000 00:30 1932647710                 /storage/home/hcoda1/4/hyu483/conda_envs/qgis332/lib/libabsl_log_internal_check_op.so.2407.0.0
155501543000-155501546000 r-xp 00003000 00:30 1932647710                 /storage/home/hcoda1/4/hyu483/conda_envs/qgis332/lib/libabsl_log_internal_check_op.so.2407.0.0
155501546000-155501547000 r--p 00006000 00:30 1932647710                 /storage/home/hcoda1/4/hyu483/conda_envs/qgis332/lib/libabsl_log_internal_check_op.so.2407.0.0
155501547000-155501548000 r--p 00006000 00:30 1932647710                 /storage/home/hcoda1/4/hyu483/conda_envs/qgis332/lib/libabsl_log_internal_check_op.so.2407.0.0
155501548000-155501549000 rw-p 00007000 00:30 1932647710                 /storage/home/hcoda1/4/hyu483/conda_envs/qgis332/lib/libabsl_log_internal_check_op.so.2407.0.0
155501549000-15550154a000 r--p 00000000 00:30 1917421784                 /storage/home/hcoda1/4/hyu483/conda_envs/qgis332/lib/libbrotlidec.so.1.1.0
15550154a000-155501552000 r-xp 00001000 00:30 1917421784                 /storage/home/hcoda1/4/hyu483/conda_envs/qgis332/lib/libbrotlidec.so.1.1.0
155501552000-155501555000 r--p 00009000 00:30 1917421784                 /storage/home/hcoda1/4/hyu483/conda_envs/qgis332/lib/libbrotlidec.so.1.1.0
155501555000-155501556000 r--p 0000b000 00:30 1917421784                 /storage/home/hcoda1/4/hyu483/conda_envs/qgis332/lib/libbrotlidec.so.1.1.0
155501556000-155501557000 rw-p 0000c000 00:30 1917421784                 /storage/home/hcoda1/4/hyu483/conda_envs/qgis332/lib/libbrotlidec.so.1.1.0
155501557000-155501568000 r--p 00000000 00:30 1932632621                 /storage/home/hcoda1/4/hyu483/conda_envs/qgis332/lib/libgobject-2.0.so.0.8400.1
155501568000-15550159c000 r-xp 00011000 00:30 1932632621                 /storage/home/hcoda1/4/hyu483/conda_envs/qgis332/lib/libgobject-2.0.so.0.8400.1
15550159c000-1555015b6000 r--p 00045000 00:30 1932632621                 /storage/home/hcoda1/4/hyu483/conda_envs/qgis332/lib/libgobject-2.0.so.0.8400.1
1555015b6000-1555015b9000 r--p 0005f000 00:30 1932632621                 /storage/home/hcoda1/4/hyu483/conda_envs/qgis332/lib/libgobject-2.0.so.0.8400.1
1555015b9000-1555015ba000 rw-p 00062000 00:30 1932632621                 /storage/home/hcoda1/4/hyu483/conda_envs/qgis332/lib/libgobject-2.0.so.0.8400.1
1555015ba000-1555015bb000 r--p 00000000 00:30 2007949724                 /storage/home/hcoda1/4/hyu483/conda_envs/qgis332/lib/libgstfft-1.0.so.0.2411.0
1555015bb000-1555015c3000 r-xp 00001000 00:30 2007949724                 /storage/home/hcoda1/4/hyu483/conda_envs/qgis332/lib/libgstfft-1.0.so.0.2411.0
1555015c3000-1555015c5000 r--p 00009000 00:30 2007949724                 /storage/home/hcoda1/4/hyu483/conda_envs/qgis332/lib/libgstfft-1.0.so.0.2411.0
1555015c5000-1555015c6000 r--p 0000a000 00:30 2007949724                 /storage/home/hcoda1/4/hyu483/conda_envs/qgis332/lib/libgstfft-1.0.so.0.2411.0
1555015c6000-1555015c7000 rw-p 0000b000 00:30 2007949724                 /storage/home/hcoda1/4/hyu483/conda_envs/qgis332/lib/libgstfft-1.0.so.0.2411.0
1555015c7000-1555015e5000 r--p 00000000 00:30 2007949746                 /storage/home/hcoda1/4/hyu483/conda_envs/qgis332/lib/libgstvideo-1.0.so.0.2411.0
1555015e5000-15550166f000 r-xp 0001e000 00:30 2007949746                 /storage/home/hcoda1/4/hyu483/conda_envs/qgis332/lib/libgstvideo-1.0.so.0.2411.0
15550166f000-15550169a000 r--p 000a8000 00:30 2007949746                 /storage/home/hcoda1/4/hyu483/conda_envs/qgis332/lib/libgstvideo-1.0.so.0.2411.0
15550169a000-1555016ad000 r--p 000d2000 00:30 2007949746                 /storage/home/hcoda1/4/hyu483/conda_envs/qgis332/lib/libgstvideo-1.0.so.0.2411.0
1555016ad000-1555016ae000 rw-p 000e5000 00:30 2007949746                 /storage/home/hcoda1/4/hyu483/conda_envs/qgis332/lib/libgstvideo-1.0.so.0.2411.0
1555016ae000-1555016b9000 r--p 00000000 00:30 2085771266                 /storage/home/hcoda1/4/hyu483/conda_envs/qgis332/lib/libgsttag-1.0.so.0.2411.0
1555016b9000-1555016d9000 r-xp 0000b000 00:30 2085771266                 /storage/home/hcoda1/4/hyu483/conda_envs/qgis332/lib/libgsttag-1.0.so.0.2411.0
1555016d9000-1555016ec000 r--p 0002b000 00:30 2085771266                 /storage/home/hcoda1/4/hyu483/conda_envs/qgis332/lib/libgsttag-1.0.so.0.2411.0
1555016ec000-1555016ee000 r--p 0003e000 00:30 2085771266                 /storage/home/hcoda1/4/hyu483/conda_envs/qgis332/lib/libgsttag-1.0.so.0.2411.0
1555016ee000-1555016ef000 rw-p 00040000 00:30 2085771266                 /storage/home/hcoda1/4/hyu483/conda_envs/qgis332/lib/libgsttag-1.0.so.0.2411.0
1555016ef000-155501701000 r--p 00000000 00:30 2085771253                 /storage/home/hcoda1/4/hyu483/conda_envs/qgis332/lib/libgstaudio-1.0.so.0.2411.0
155501701000-15550174d000 r-xp 00012000 00:30 2085771253                 /storage/home/hcoda1/4/hyu483/conda_envs/qgis332/lib/libgstaudio-1.0.so.0.2411.0
15550174d000-15550176c000 r--p 0005e000 00:30 2085771253                 /storage/home/hcoda1/4/hyu483/conda_envs/qgis332/lib/libgstaudio-1.0.so.0.2411.0
15550176c000-155501770000 r--p 0007c000 00:30 2085771253                 /storage/home/hcoda1/4/hyu483/conda_envs/qgis332/lib/libgstaudio-1.0.so.0.2411.0
155501770000-155501771000 rw-p 00080000 00:30 2085771253                 /storage/home/hcoda1/4/hyu483/conda_envs/qgis332/lib/libgstaudio-1.0.so.0.2411.0
155501771000-155501782000 r--p 00000000 00:30 2085771263                 /storage/home/hcoda1/4/hyu483/conda_envs/qgis332/lib/libgstpbutils-1.0.so.0.2411.0
155501782000-1555017a0000 r-xp 00011000 00:30 2085771263                 /storage/home/hcoda1/4/hyu483/conda_envs/qgis332/lib/libgstpbutils-1.0.so.0.2411.0
1555017a0000-1555017b0000 r--p 0002f000 00:30 2085771263                 /storage/home/hcoda1/4/hyu483/conda_envs/qgis332/lib/libgstpbutils-1.0.so.0.2411.0
1555017b0000-1555017b3000 r--p 0003f000 00:30 2085771263                 /storage/home/hcoda1/4/hyu483/conda_envs/qgis332/lib/libgstpbutils-1.0.so.0.2411.0
1555017b3000-1555017b4000 rw-p 00042000 00:30 2085771263                 /storage/home/hcoda1/4/hyu483/conda_envs/qgis332/lib/libgstpbutils-1.0.so.0.2411.0
1555017b4000-1555017e7000 r--p 00000000 00:30 2085784405                 /storage/home/hcoda1/4/hyu483/conda_envs/qgis332/lib/libgstreamer-1.0.so.0.2411.0
1555017e7000-1555018a6000 r-xp 00033000 00:30 2085784405                 /storage/home/hcoda1/4/hyu483/conda_envs/qgis332/lib/libgstreamer-1.0.so.0.2411.0
1555018a6000-155501906000 r--p 000f2000 00:30 2085784405                 /storage/home/hcoda1/4/hyu483/conda_envs/qgis332/lib/libgstreamer-1.0.so.0.2411.0
155501906000-15550190d000 r--p 00151000 00:30 2085784405                 /storage/home/hcoda1/4/hyu483/conda_envs/qgis332/lib/libgstreamer-1.0.so.0.2411.0
15550190d000-15550190f000 rw-p 00158000 00:30 2085784405                 /storage/home/hcoda1/4/hyu483/conda_envs/qgis332/lib/libgstreamer-1.0.so.0.2411.0
15550190f000-155501910000 rw-p 00000000 00:00 0 
155501910000-155501921000 r--p 00000000 00:30 2007947251                 /storage/home/hcoda1/4/hyu483/conda_envs/qgis332/lib/libgstbase-1.0.so.0.2411.0
155501921000-155501976000 r-xp 00011000 00:30 2007947251                 /storage/home/hcoda1/4/hyu483/conda_envs/qgis332/lib/libgstbase-1.0.so.0.2411.0
155501976000-155501997000 r--p 00066000 00:30 2007947251                 /storage/home/hcoda1/4/hyu483/conda_envs/qgis332/lib/libgstbase-1.0.so.0.2411.0
155501997000-155501999000 r--p 00087000 00:30 2007947251                 /storage/home/hcoda1/4/hyu483/conda_envs/qgis332/lib/libgstbase-1.0.so.0.2411.0
155501999000-15550199a000 rw-p 00089000 00:30 2007947251                 /storage/home/hcoda1/4/hyu483/conda_envs/qgis332/lib/libgstbase-1.0.so.0.2411.0
15550199a000-15550199f000 r--p 00000000 00:30 2007949719                 /storage/home/hcoda1/4/hyu483/conda_envs/qgis332/lib/libgstapp-1.0.so.0.2411.0
15550199f000-1555019aa000 r-xp 00005000 00:30 2007949719                 /storage/home/hcoda1/4/hyu483/conda_envs/qgis332/lib/libgstapp-1.0.so.0.2411.0
1555019aa000-1555019af000 r--p 00010000 00:30 2007949719                 /storage/home/hcoda1/4/hyu483/conda_envs/qgis332/lib/libgstapp-1.0.so.0.2411.0
1555019af000-1555019b0000 r--p 00015000 00:30 2007949719                 /storage/home/hcoda1/4/hyu483/conda_envs/qgis332/lib/libgstapp-1.0.so.0.2411.0
1555019b0000-1555019b1000 rw-p 00016000 00:30 2007949719                 /storage/home/hcoda1/4/hyu483/conda_envs/qgis332/lib/libgstapp-1.0.so.0.2411.0
1555019b1000-1555019ee000 r--p 00000000 00:30 2085784167                 /storage/home/hcoda1/4/hyu483/conda_envs/qgis332/lib/libgio-2.0.so.0.8400.1
1555019ee000-155501afa000 r-xp 0003d000 00:30 2085784167                 /storage/home/hcoda1/4/hyu483/conda_envs/qgis332/lib/libgio-2.0.so.0.8400.1
155501afa000-155501b81000 r--p 00149000 00:30 2085784167                 /storage/home/hcoda1/4/hyu483/conda_envs/qgis332/lib/libgio-2.0.so.0.8400.1
155501b81000-155501b89000 r--p 001cf000 00:30 2085784167                 /storage/home/hcoda1/4/hyu483/conda_envs/qgis332/lib/libgio-2.0.so.0.8400.1
155501b89000-155501b8a000 rw-p 001d7000 00:30 2085784167                 /storage/home/hcoda1/4/hyu483/conda_envs/qgis332/lib/libgio-2.0.so.0.8400.1
155501b8a000-155501b8c000 rw-p 00000000 00:00 0 
155501b8c000-155501b97000 r--p 00000000 00:30 2007931286                 /storage/home/hcoda1/4/hyu483/conda_envs/qgis332/lib/libxslt.so.1.1.43
155501b97000-155501bbb000 r-xp 0000b000 00:30 2007931286                 /storage/home/hcoda1/4/hyu483/conda_envs/qgis332/lib/libxslt.so.1.1.43
155501bbb000-155501bc8000 r--p 0002f000 00:30 2007931286                 /storage/home/hcoda1/4/hyu483/conda_envs/qgis332/lib/libxslt.so.1.1.43
155501bc8000-155501bc9000 r--p 0003c000 00:30 2007931286                 /storage/home/hcoda1/4/hyu483/conda_envs/qgis332/lib/libxslt.so.1.1.43
155501bc9000-155501bca000 rw-p 0003d000 00:30 2007931286                 /storage/home/hcoda1/4/hyu483/conda_envs/qgis332/lib/libxslt.so.1.1.43
155501bca000-155501be6000 r--p 00000000 00:30 2036220337                 /storage/home/hcoda1/4/hyu483/conda_envs/qgis332/lib/libQt5Sensors.so.5.15.15
155501be6000-155501bf2000 r-xp 0001c000 00:30 2036220337                 /storage/home/hcoda1/4/hyu483/conda_envs/qgis332/lib/libQt5Sensors.so.5.15.15
155501bf2000-155501bfe000 r--p 00028000 00:30 2036220337                 /storage/home/hcoda1/4/hyu483/conda_envs/qgis332/lib/libQt5Sensors.so.5.15.15
155501bfe000-155501c02000 r--p 00034000 00:30 2036220337                 /storage/home/hcoda1/4/hyu483/conda_envs/qgis332/lib/libQt5Sensors.so.5.15.15
155501c02000-155501c03000 rw-p 00038000 00:30 2036220337                 /storage/home/hcoda1/4/hyu483/conda_envs/qgis332/lib/libQt5Sensors.so.5.15.15
155501c03000-155501c21000 r--p 00000000 00:30 2085784136                 /storage/home/hcoda1/4/hyu483/conda_envs/qgis332/lib/libX11.so.6.4.0
155501c21000-155501caf000 r-xp 0001e000 00:30 2085784136                 /storage/home/hcoda1/4/hyu483/conda_envs/qgis332/lib/libX11.so.6.4.0
155501caf000-155501d45000 r--p 000ac000 00:30 2085784136                 /storage/home/hcoda1/4/hyu483/conda_envs/qgis332/lib/libX11.so.6.4.0
155501d45000-155501d48000 r--p 00141000 00:30 2085784136                 /storage/home/hcoda1/4/hyu483/conda_envs/qgis332/lib/libX11.so.6.4.0
155501d48000-155501d4c000 rw-p 00144000 00:30 2085784136                 /storage/home/hcoda1/4/hyu483/conda_envs/qgis332/lib/libX11.so.6.4.0
155501d4c000-155501d56000 r--p 00000000 00:30 2036222285                 /storage/home/hcoda1/4/hyu483/conda_envs/qgis332/lib/libQt5WebChannel.so.5.15.15
155501d56000-155501d63000 r-xp 0000a000 00:30 2036222285                 /storage/home/hcoda1/4/hyu483/conda_envs/qgis332/lib/libQt5WebChannel.so.5.15.15
155501d63000-155501d6a000 r--p 00017000 00:30 2036222285                 /storage/home/hcoda1/4/hyu483/conda_envs/qgis332/lib/libQt5WebChannel.so.5.15.15
155501d6a000-155501d6b000 r--p 0001e000 00:30 2036222285                 /storage/home/hcoda1/4/hyu483/conda_envs/qgis332/lib/libQt5WebChannel.so.5.15.15
155501d6b000-155501d6c000 rw-p 0001f000 00:30 2036222285                 /storage/home/hcoda1/4/hyu483/conda_envs/qgis332/lib/libQt5WebChannel.so.5.15.15
155501d6c000-155501d88000 r--p 00000000 00:30 2036218912                 /storage/home/hcoda1/4/hyu483/conda_envs/qgis332/lib/libQt5QmlModels.so.5.15.15
155501d88000-155501db6000 r-xp 0001c000 00:30 2036218912                 /storage/home/hcoda1/4/hyu483/conda_envs/qgis332/lib/libQt5QmlModels.so.5.15.15
155501db6000-155501dcf000 r--p 0004a000 00:30 2036218912                 /storage/home/hcoda1/4/hyu483/conda_envs/qgis332/lib/libQt5QmlModels.so.5.15.15
155501dcf000-155501dd3000 r--p 00062000 00:30 2036218912                 /storage/home/hcoda1/4/hyu483/conda_envs/qgis332/lib/libQt5QmlModels.so.5.15.15
155501dd3000-155501dd4000 rw-p 00066000 00:30 2036218912                 /storage/home/hcoda1/4/hyu483/conda_envs/qgis332/lib/libQt5QmlModels.so.5.15.15
155501dd4000-155501ef3000 r--p 00000000 00:30 2036218982                 /storage/home/hcoda1/4/hyu483/conda_envs/qgis332/lib/libQt5Quick.so.5.15.15
155501ef3000-1555020b5000 r-xp 0011f000 00:30 2036218982                 /storage/home/hcoda1/4/hyu483/conda_envs/qgis332/lib/libQt5Quick.so.5.15.15
1555020b5000-1555021d6000 r--p 002e1000 00:30 2036218982                 /storage/home/hcoda1/4/hyu483/conda_envs/qgis332/lib/libQt5Quick.so.5.15.15
1555021d6000-1555021ff000 r--p 00402000 00:30 2036218982                 /storage/home/hcoda1/4/hyu483/conda_envs/qgis332/lib/libQt5Quick.so.5.15.15
1555021ff000-155502204000 rw-p 0042b000 00:30 2036218982                 /storage/home/hcoda1/4/hyu483/conda_envs/qgis332/lib/libQt5Quick.so.5.15.15
155502204000-155502206000 rw-p 00000000 00:00 0 
155502206000-155502224000 r--p 00000000 00:30 2036218825                 /storage/home/hcoda1/4/hyu483/conda_envs/qgis332/lib/libQt5OpenGL.so.5.15.15
155502224000-155502241000 r-xp 0001e000 00:30 2036218825                 /storage/home/hcoda1/4/hyu483/conda_envs/qgis332/lib/libQt5OpenGL.so.5.15.15
155502241000-155502251000 r--p 0003b000 00:30 2036218825                 /storage/home/hcoda1/4/hyu483/conda_envs/qgis332/lib/libQt5OpenGL.so.5.15.15
155502251000-155502253000 r--p 0004a000 00:30 2036218825                 /storage/home/hcoda1/4/hyu483/conda_envs/qgis332/lib/libQt5OpenGL.so.5.15.15
155502253000-155502254000 rw-p 0004c000 00:30 2036218825                 /storage/home/hcoda1/4/hyu483/conda_envs/qgis332/lib/libQt5OpenGL.so.5.15.15
155502254000-155502255000 rw-p 00000000 00:00 0 
155502255000-15550226c000 r--p 00000000 00:30 2036218285                 /storage/home/hcoda1/4/hyu483/conda_envs/qgis332/lib/libQt5DBus.so.5.15.15
15550226c000-1555022a0000 r-xp 00017000 00:30 2036218285                 /storage/home/hcoda1/4/hyu483/conda_envs/qgis332/lib/libQt5DBus.so.5.15.15
1555022a0000-1555022b9000 r--p 0004b000 00:30 2036218285                 /storage/home/hcoda1/4/hyu483/conda_envs/qgis332/lib/libQt5DBus.so.5.15.15
1555022b9000-1555022bb000 r--p 00063000 00:30 2036218285                 /storage/home/hcoda1/4/hyu483/conda_envs/qgis332/lib/libQt5DBus.so.5.15.15
1555022bb000-1555022bc000 rw-p 00065000 00:30 2036218285                 /storage/home/hcoda1/4/hyu483/conda_envs/qgis332/lib/libQt5DBus.so.5.15.15
1555022bc000-1555022bd000 rw-p 00000000 00:00 0 
1555022bd000-1555022cb000 r--p 00000000 00:30 2085794172                 /storage/home/hcoda1/4/hyu483/conda_envs/qgis332/lib/libpulse.so.0.24.3
1555022cb000-1555022e8000 r-xp 0000e000 00:30 2085794172                 /storage/home/hcoda1/4/hyu483/conda_envs/qgis332/lib/libpulse.so.0.24.3
1555022e8000-1555022f2000 r--p 0002b000 00:30 2085794172                 /storage/home/hcoda1/4/hyu483/conda_envs/qgis332/lib/libpulse.so.0.24.3
1555022f2000-1555022f4000 r--p 00035000 00:30 2085794172                 /storage/home/hcoda1/4/hyu483/conda_envs/qgis332/lib/libpulse.so.0.24.3
1555022f4000-1555022f5000 rw-p 00037000 00:30 2085794172                 /storage/home/hcoda1/4/hyu483/conda_envs/qgis332/lib/libpulse.so.0.24.3
1555022f5000-155502304000 r--p 00000000 00:30 2007949872                 /storage/home/hcoda1/4/hyu483/conda_envs/qgis332/lib/libharfbuzz.so.0.61121.0
155502304000-1555023f8000 r-xp 0000f000 00:30 2007949872                 /storage/home/hcoda1/4/hyu483/conda_envs/qgis332/lib/libharfbuzz.so.0.61121.0
1555023f8000-155502432000 r--p 00103000 00:30 2007949872                 /storage/home/hcoda1/4/hyu483/conda_envs/qgis332/lib/libharfbuzz.so.0.61121.0
155502432000-155502434000 r--p 0013c000 00:30 2007949872                 /storage/home/hcoda1/4/hyu483/conda_envs/qgis332/lib/libharfbuzz.so.0.61121.0
155502434000-155502435000 rw-p 0013e000 00:30 2007949872                 /storage/home/hcoda1/4/hyu483/conda_envs/qgis332/lib/libharfbuzz.so.0.61121.0
155502435000-15550247c000 r--p 00000000 00:30 1932540511                 /storage/home/hcoda1/4/hyu483/conda_envs/qgis332/lib/libGL.so.1.7.0
15550247c000-15550249b000 r-xp 00047000 00:30 1932540511                 /storage/home/hcoda1/4/hyu483/conda_envs/qgis332/lib/libGL.so.1.7.0
15550249b000-1555024b0000 r--p 00066000 00:30 1932540511                 /storage/home/hcoda1/4/hyu483/conda_envs/qgis332/lib/libGL.so.1.7.0
1555024b0000-1555024be000 r--p 0007a000 00:30 1932540511                 /storage/home/hcoda1/4/hyu483/conda_envs/qgis332/lib/libGL.so.1.7.0
1555024be000-1555024bf000 rw-p 00088000 00:30 1932540511                 /storage/home/hcoda1/4/hyu483/conda_envs/qgis332/lib/libGL.so.1.7.0
1555024bf000-1555024c0000 rw-p 00000000 00:00 0 
1555024c0000-1555024d8000 r--p 00000000 00:30 2036218848                 /storage/home/hcoda1/4/hyu483/conda_envs/qgis332/lib/libQt5Positioning.so.5.15.15
1555024d8000-155502508000 r-xp 00018000 00:30 2036218848                 /storage/home/hcoda1/4/hyu483/conda_envs/qgis332/lib/libQt5Positioning.so.5.15.15
155502508000-15550251d000 r--p 00048000 00:30 2036218848                 /storage/home/hcoda1/4/hyu483/conda_envs/qgis332/lib/libQt5Positioning.so.5.15.15
15550251d000-15550251f000 r--p 0005d000 00:30 2036218848                 /storage/home/hcoda1/4/hyu483/conda_envs/qgis332/lib/libQt5Positioning.so.5.15.15
15550251f000-155502520000 rw-p 0005f000 00:30 2036218848                 /storage/home/hcoda1/4/hyu483/conda_envs/qgis332/lib/libQt5Positioning.so.5.15.15
155502520000-155502606000 r--p 00000000 00:30 2007953493                 /storage/home/hcoda1/4/hyu483/conda_envs/qgis332/lib/libpdalcpp.so.18.1.0
155502606000-155502e4d000 r-xp 000e6000 00:30 2007953493                 /storage/home/hcoda1/4/hyu483/conda_envs/qgis332/lib/libpdalcpp.so.18.1.0
155502e4d000-155502f7b000 r--p 0092d000 00:30 2007953493                 /storage/home/hcoda1/4/hyu483/conda_envs/qgis332/lib/libpdalcpp.so.18.1.0
155502f7b000-155502fb5000 r--p 00a5a000 00:30 2007953493                 /storage/home/hcoda1/4/hyu483/conda_envs/qgis332/lib/libpdalcpp.so.18.1.0
155502fb5000-155502fb8000 rw-p 00a94000 00:30 2007953493                 /storage/home/hcoda1/4/hyu483/conda_envs/qgis332/lib/libpdalcpp.so.18.1.0
155502fb8000-1555030c4000 rw-p 00000000 00:00 0 
1555030c4000-15550311b000 r--p 00000000 00:30 1896366959                 /storage/home/hcoda1/4/hyu483/conda_envs/qgis332/lib/libdraco.so.9.0.0
15550311b000-155503234000 r-xp 00057000 00:30 1896366959                 /storage/home/hcoda1/4/hyu483/conda_envs/qgis332/lib/libdraco.so.9.0.0
155503234000-155503263000 r--p 00170000 00:30 1896366959                 /storage/home/hcoda1/4/hyu483/conda_envs/qgis332/lib/libdraco.so.9.0.0
155503263000-155503269000 r--p 0019f000 00:30 1896366959                 /storage/home/hcoda1/4/hyu483/conda_envs/qgis332/lib/libdraco.so.9.0.0
155503269000-15550326a000 rw-p 001a5000 00:30 1896366959                 /storage/home/hcoda1/4/hyu483/conda_envs/qgis332/lib/libdraco.so.9.0.0
15550326a000-15550328f000 r--p 00000000 00:30 2036218864                 /storage/home/hcoda1/4/hyu483/conda_envs/qgis332/lib/libQt5PrintSupport.so.5.15.15
15550328f000-1555032b0000 r-xp 00025000 00:30 2036218864                 /storage/home/hcoda1/4/hyu483/conda_envs/qgis332/lib/libQt5PrintSupport.so.5.15.15
1555032b0000-1555032c7000 r--p 00046000 00:30 2036218864                 /storage/home/hcoda1/4/hyu483/conda_envs/qgis332/lib/libQt5PrintSupport.so.5.15.15
1555032c7000-1555032cb000 r--p 0005c000 00:30 2036218864                 /storage/home/hcoda1/4/hyu483/conda_envs/qgis332/lib/libQt5PrintSupport.so.5.15.15
1555032cb000-1555032cd000 rw-p 00060000 00:30 2036218864                 /storage/home/hcoda1/4/hyu483/conda_envs/qgis332/lib/libQt5PrintSupport.so.5.15.15
1555032cd000-1555032da000 r--p 00000000 00:30 1893824152                 /storage/home/hcoda1/4/hyu483/conda_envs/qgis332/lib/libqt5keychain.so.0.14.3
1555032da000-1555032ee000 r-xp 0000d000 00:30 1893824152                 /storage/home/hcoda1/4/hyu483/conda_envs/qgis332/lib/libqt5keychain.so.0.14.3
1555032ee000-1555032f6000 r--p 00021000 00:30 1893824152                 /storage/home/hcoda1/4/hyu483/conda_envs/qgis332/lib/libqt5keychain.so.0.14.3
1555032f6000-1555032f8000 r--p 00029000 00:30 1893824152                 /storage/home/hcoda1/4/hyu483/conda_envs/qgis332/lib/libqt5keychain.so.0.14.3
1555032f8000-1555032f9000 rw-p 0002b000 00:30 1893824152                 /storage/home/hcoda1/4/hyu483/conda_envs/qgis332/lib/libqt5keychain.so.0.14.3
1555032f9000-155503320000 r--p 00000000 00:30 1932649565                 /storage/home/hcoda1/4/hyu483/conda_envs/qgis332/lib/libprotobuf-lite.so.28.3.0
155503320000-15550336b000 r-xp 00027000 00:30 1932649565                 /storage/home/hcoda1/4/hyu483/conda_envs/qgis332/lib/libprotobuf-lite.so.28.3.0
15550336b000-15550337e000 r--p 00072000 00:30 1932649565                 /storage/home/hcoda1/4/hyu483/conda_envs/qgis332/lib/libprotobuf-lite.so.28.3.0
15550337e000-155503380000 r--p 00085000 00:30 1932649565                 /storage/home/hcoda1/4/hyu483/conda_envs/qgis332/lib/libprotobuf-lite.so.28.3.0
155503380000-155503381000 rw-p 00087000 00:30 1932649565                 /storage/home/hcoda1/4/hyu483/conda_envs/qgis332/lib/libprotobuf-lite.so.28.3.0
155503381000-155503386000 r--p 00000000 00:30 1932649746                 /storage/home/hcoda1/4/hyu483/conda_envs/qgis332/lib/libzip.so.5.5
155503386000-15550339b000 r-xp 00005000 00:30 1932649746                 /storage/home/hcoda1/4/hyu483/conda_envs/qgis332/lib/libzip.so.5.5
15550339b000-1555033a1000 r--p 0001a000 00:30 1932649746                 /storage/home/hcoda1/4/hyu483/conda_envs/qgis332/lib/libzip.so.5.5
1555033a1000-1555033a2000 r--p 0001f000 00:30 1932649746                 /storage/home/hcoda1/4/hyu483/conda_envs/qgis332/lib/libzip.so.5.5
1555033a2000-1555033a3000 rw-p 00020000 00:30 1932649746                 /storage/home/hcoda1/4/hyu483/conda_envs/qgis332/lib/libzip.so.5.5
1555033a3000-1555033d4000 r--p 00000000 00:30 1932648081                 /storage/home/hcoda1/4/hyu483/conda_envs/qgis332/lib/libspatialindex.so.8.0.0
1555033d4000-155503483000 r-xp 00031000 00:30 1932648081                 /storage/home/hcoda1/4/hyu483/conda_envs/qgis332/lib/libspatialindex.so.8.0.0
155503483000-1555034ab000 r--p 000e0000 00:30 1932648081                 /storage/home/hcoda1/4/hyu483/conda_envs/qgis332/lib/libspatialindex.so.8.0.0
1555034ab000-1555034b0000 r--p 00107000 00:30 1932648081                 /storage/home/hcoda1/4/hyu483/conda_envs/qgis332/lib/libspatialindex.so.8.0.0
1555034b0000-1555034b1000 rw-p 0010c000 00:30 1932648081                 /storage/home/hcoda1/4/hyu483/conda_envs/qgis332/lib/libspatialindex.so.8.0.0
1555034b1000-1555034b8000 r--p 00000000 00:30 1883928113                 /storage/home/hcoda1/4/hyu483/conda_envs/qgis332/lib/libOpenCL.so.1.0.0
1555034b8000-1555034d9000 r-xp 00007000 00:30 1883928113                 /storage/home/hcoda1/4/hyu483/conda_envs/qgis332/lib/libOpenCL.so.1.0.0
1555034d9000-1555034e8000 r--p 00028000 00:30 1883928113                 /storage/home/hcoda1/4/hyu483/conda_envs/qgis332/lib/libOpenCL.so.1.0.0
1555034e8000-1555034e9000 r--p 00037000 00:30 1883928113                 /storage/home/hcoda1/4/hyu483/conda_envs/qgis332/lib/libOpenCL.so.1.0.0
1555034e9000-1555034ea000 rw-p 00038000 00:30 1883928113                 /storage/home/hcoda1/4/hyu483/conda_envs/qgis332/lib/libOpenCL.so.1.0.0
1555034ea000-155503590000 r--p 00000000 00:30 2036218894                 /storage/home/hcoda1/4/hyu483/conda_envs/qgis332/lib/libQt5Qml.so.5.15.15
155503590000-155503732000 r-xp 000a6000 00:30 2036218894                 /storage/home/hcoda1/4/hyu483/conda_envs/qgis332/lib/libQt5Qml.so.5.15.15
155503732000-155503809000 r--p 00248000 00:30 2036218894                 /storage/home/hcoda1/4/hyu483/conda_envs/qgis332/lib/libQt5Qml.so.5.15.15
155503809000-155503823000 r--p 0031e000 00:30 2036218894                 /storage/home/hcoda1/4/hyu483/conda_envs/qgis332/lib/libQt5Qml.so.5.15.15
155503823000-155503825000 rw-p 00338000 00:30 2036218894                 /storage/home/hcoda1/4/hyu483/conda_envs/qgis332/lib/libQt5Qml.so.5.15.15
155503825000-155503828000 rw-p 00000000 00:00 0 
155503828000-155503902000 r--p 00000000 00:30 1932648804                 /storage/home/hcoda1/4/hyu483/conda_envs/qgis332/lib/libexiv2.so.0.28.5
155503902000-155503ad9000 r-xp 000da000 00:30 1932648804                 /storage/home/hcoda1/4/hyu483/conda_envs/qgis332/lib/libexiv2.so.0.28.5
155503ad9000-155503bb3000 r--p 002b1000 00:30 1932648804                 /storage/home/hcoda1/4/hyu483/conda_envs/qgis332/lib/libexiv2.so.0.28.5
155503bb3000-155503c10000 r--p 0038b000 00:30 1932648804                 /storage/home/hcoda1/4/hyu483/conda_envs/qgis332/lib/libexiv2.so.0.28.5
155503c10000-155503c11000 rw-p 003e8000 00:30 1932648804                 /storage/home/hcoda1/4/hyu483/conda_envs/qgis332/lib/libexiv2.so.0.28.5
155503c11000-155503c15000 rw-p 00000000 00:00 0 
155503c15000-155506b39000 r-xp 00000000 00:30 1889083960                 /storage/home/hcoda1/4/hyu483/conda_envs/qgis332/lib/libQt5WebKit.so.5.212.0
155506b39000-155506ce4000 r--p 02f23000 00:30 1889083960                 /storage/home/hcoda1/4/hyu483/conda_envs/qgis332/lib/libQt5WebKit.so.5.212.0
155506ce4000-155506cfc000 rw-p 030ce000 00:30 1889083960                 /storage/home/hcoda1/4/hyu483/conda_envs/qgis332/lib/libQt5WebKit.so.5.212.0
155506cfc000-155506d15000 rw-p 00000000 00:00 0 
155506d15000-155506d60000 r-xp 00000000 00:30 1889083965                 /storage/home/hcoda1/4/hyu483/conda_envs/qgis332/lib/libQt5WebKitWidgets.so.5.212.0
155506d60000-155506d65000 r--p 0004a000 00:30 1889083965                 /storage/home/hcoda1/4/hyu483/conda_envs/qgis332/lib/libQt5WebKitWidgets.so.5.212.0
155506d65000-155506d66000 rw-p 0004f000 00:30 1889083965                 /storage/home/hcoda1/4/hyu483/conda_envs/qgis332/lib/libQt5WebKitWidgets.so.5.212.0
155506d66000-155506d79000 r--p 00000000 00:30 2036221498                 /storage/home/hcoda1/4/hyu483/conda_envs/qgis332/lib/libQt5Sql.so.5.15.15
155506d79000-155506d8d000 r-xp 00013000 00:30 2036221498                 /storage/home/hcoda1/4/hyu483/conda_envs/qgis332/lib/libQt5Sql.so.5.15.15
155506d8d000-155506d97000 r--p 00027000 00:30 2036221498                 /storage/home/hcoda1/4/hyu483/conda_envs/qgis332/lib/libQt5Sql.so.5.15.15
155506d97000-155506d99000 r--p 00030000 00:30 2036221498                 /storage/home/hcoda1/4/hyu483/conda_envs/qgis332/lib/libQt5Sql.so.5.15.15
155506d99000-155506d9a000 rw-p 00032000 00:30 2036221498                 /storage/home/hcoda1/4/hyu483/conda_envs/qgis332/lib/libQt5Sql.so.5.15.15
155506d9a000-155506e25000 r--p 00000000 00:30 1889086906                 /storage/home/hcoda1/4/hyu483/conda_envs/qgis332/lib/libqwt.so.6.3.0
155506e25000-155506ef0000 r-xp 0008b000 00:30 1889086906                 /storage/home/hcoda1/4/hyu483/conda_envs/qgis332/lib/libqwt.so.6.3.0
155506ef0000-155506f32000 r--p 00156000 00:30 1889086906                 /storage/home/hcoda1/4/hyu483/conda_envs/qgis332/lib/libqwt.so.6.3.0
155506f32000-155506f3e000 r--p 00197000 00:30 1889086906                 /storage/home/hcoda1/4/hyu483/conda_envs/qgis332/lib/libqwt.so.6.3.0
155506f3e000-155506f43000 rw-p 001a3000 00:30 1889086906                 /storage/home/hcoda1/4/hyu483/conda_envs/qgis332/lib/libqwt.so.6.3.0
155506f43000-155506f87000 r--p 00000000 00:30 2036218706                 /storage/home/hcoda1/4/hyu483/conda_envs/qgis332/lib/libQt5Network.so.5.15.15
155506f87000-15550701d000 r-xp 00044000 00:30 2036218706                 /storage/home/hcoda1/4/hyu483/conda_envs/qgis332/lib/libQt5Network.so.5.15.15
15550701d000-155507070000 r--p 000da000 00:30 2036218706                 /storage/home/hcoda1/4/hyu483/conda_envs/qgis332/lib/libQt5Network.so.5.15.15
155507070000-155507076000 r--p 0012d000 00:30 2036218706                 /storage/home/hcoda1/4/hyu483/conda_envs/qgis332/lib/libQt5Network.so.5.15.15
155507076000-155507079000 rw-p 00133000 00:30 2036218706                 /storage/home/hcoda1/4/hyu483/conda_envs/qgis332/lib/libQt5Network.so.5.15.15
155507079000-1555070c1000 r--p 00000000 00:30 2036218665                 /storage/home/hcoda1/4/hyu483/conda_envs/qgis332/lib/libQt5Multimedia.so.5.15.15
1555070c1000-1555070fc000 r-xp 00048000 00:30 2036218665                 /storage/home/hcoda1/4/hyu483/conda_envs/qgis332/lib/libQt5Multimedia.so.5.15.15
1555070fc000-155507131000 r--p 00083000 00:30 2036218665                 /storage/home/hcoda1/4/hyu483/conda_envs/qgis332/lib/libQt5Multimedia.so.5.15.15
155507131000-155507139000 r--p 000b8000 00:30 2036218665                 /storage/home/hcoda1/4/hyu483/conda_envs/qgis332/lib/libQt5Multimedia.so.5.15.15
155507139000-15550713a000 rw-p 000c0000 00:30 2036218665                 /storage/home/hcoda1/4/hyu483/conda_envs/qgis332/lib/libQt5Multimedia.so.5.15.15
15550713a000-15550713b000 rw-p 00000000 00:00 0 
15550713b000-1555071a0000 r--p 00000000 00:30 1940392821                 /storage/home/hcoda1/4/hyu483/conda_envs/qgis332/lib/libqscintilla2_qt5.so.15.2.1
1555071a0000-15550741c000 r-xp 00065000 00:30 1940392821                 /storage/home/hcoda1/4/hyu483/conda_envs/qgis332/lib/libqscintilla2_qt5.so.15.2.1
15550741c000-1555074a0000 r--p 002e1000 00:30 1940392821                 /storage/home/hcoda1/4/hyu483/conda_envs/qgis332/lib/libqscintilla2_qt5.so.15.2.1
1555074a0000-1555074ae000 r--p 00365000 00:30 1940392821                 /storage/home/hcoda1/4/hyu483/conda_envs/qgis332/lib/libqscintilla2_qt5.so.15.2.1
1555074ae000-1555074b3000 rw-p 00373000 00:30 1940392821                 /storage/home/hcoda1/4/hyu483/conda_envs/qgis332/lib/libqscintilla2_qt5.so.15.2.1
1555074b3000-1555074b6000 rw-p 00000000 00:00 0 
1555074b6000-15550759c000 r--p 00000000 00:30 2036218636                 /storage/home/hcoda1/4/hyu483/conda_envs/qgis332/lib/libQt5Gui.so.5.15.15
15550759c000-1555077c5000 r-xp 000e6000 00:30 2036218636                 /storage/home/hcoda1/4/hyu483/conda_envs/qgis332/lib/libQt5Gui.so.5.15.15
1555077c5000-1555078b9000 r--p 0030f000 00:30 2036218636                 /storage/home/hcoda1/4/hyu483/conda_envs/qgis332/lib/libQt5Gui.so.5.15.15
1555078b9000-1555078c9000 r--p 00403000 00:30 2036218636                 /storage/home/hcoda1/4/hyu483/conda_envs/qgis332/lib/libQt5Gui.so.5.15.15
1555078c9000-1555078cd000 rw-p 00413000 00:30 2036218636                 /storage/home/hcoda1/4/hyu483/conda_envs/qgis332/lib/libQt5Gui.so.5.15.15
1555078cd000-1555078d8000 rw-p 00000000 00:00 0 
1555078d8000-155507a34000 r--p 00000000 00:30 2036222322                 /storage/home/hcoda1/4/hyu483/conda_envs/qgis332/lib/libQt5Widgets.so.5.15.15
155507a34000-155507c7c000 r-xp 0015c000 00:30 2036222322                 /storage/home/hcoda1/4/hyu483/conda_envs/qgis332/lib/libQt5Widgets.so.5.15.15
155507c7c000-155507ddd000 r--p 003a4000 00:30 2036222322                 /storage/home/hcoda1/4/hyu483/conda_envs/qgis332/lib/libQt5Widgets.so.5.15.15
155507ddd000-155507e0a000 r--p 00505000 00:30 2036222322                 /storage/home/hcoda1/4/hyu483/conda_envs/qgis332/lib/libQt5Widgets.so.5.15.15
155507e0a000-155507e0f000 rw-p 00532000 00:30 2036222322                 /storage/home/hcoda1/4/hyu483/conda_envs/qgis332/lib/libQt5Widgets.so.5.15.15
155507e0f000-155508201000 r--p 00000000 00:30 1902568256                 /storage/home/hcoda1/4/hyu483/conda_envs/qgis332/lib/libqgis_core.so.3.40.3
155508201000-1555099bc000 r-xp 003f2000 00:30 1902568256                 /storage/home/hcoda1/4/hyu483/conda_envs/qgis332/lib/libqgis_core.so.3.40.3
1555099bc000-15550a57e000 r--p 01bad000 00:30 1902568256                 /storage/home/hcoda1/4/hyu483/conda_envs/qgis332/lib/libqgis_core.so.3.40.3
15550a57e000-15550a5ef000 r--p 0276f000 00:30 1902568256                 /storage/home/hcoda1/4/hyu483/conda_envs/qgis332/lib/libqgis_core.so.3.40.3
15550a5ef000-15550a5f1000 rw-p 027e0000 00:30 1902568256                 /storage/home/hcoda1/4/hyu483/conda_envs/qgis332/lib/libqgis_core.so.3.40.3
15550a5f1000-15550a5f3000 rw-p 00000000 00:00 0 
15550a5f3000-15550aad9000 r--p 00000000 00:30 1902568259                 /storage/home/hcoda1/4/hyu483/conda_envs/qgis332/lib/libqgis_gui.so.3.40.3
15550aad9000-15550ba91000 r-xp 004e6000 00:30 1902568259                 /storage/home/hcoda1/4/hyu483/conda_envs/qgis332/lib/libqgis_gui.so.3.40.3
15550ba91000-15550bf39000 r--p 0149e000 00:30 1902568259                 /storage/home/hcoda1/4/hyu483/conda_envs/qgis332/lib/libqgis_gui.so.3.40.3
15550bf39000-15550c008000 r--p 01946000 00:30 1902568259                 /storage/home/hcoda1/4/hyu483/conda_envs/qgis332/lib/libqgis_gui.so.3.40.3
15550c008000-15550c009000 rw-p 01a15000 00:30 1902568259                 /storage/home/hcoda1/4/hyu483/conda_envs/qgis332/lib/libqgis_gui.so.3.40.3
15550c009000-15550c00a000 rw-p 00000000 00:00 0 
15550c00a000-15550c0fb000 r--p 00000000 00:30 1883928228                 /storage/home/hcoda1/4/hyu483/conda_envs/qgis332/lib/libpython3.11.so.1.0
15550c0fb000-15550c33e000 r-xp 000f1000 00:30 1883928228                 /storage/home/hcoda1/4/hyu483/conda_envs/qgis332/lib/libpython3.11.so.1.0
15550c33e000-15550c42b000 r--p 00334000 00:30 1883928228                 /storage/home/hcoda1/4/hyu483/conda_envs/qgis332/lib/libpython3.11.so.1.0
15550c42b000-15550c45a000 r--p 00421000 00:30 1883928228                 /storage/home/hcoda1/4/hyu483/conda_envs/qgis332/lib/libpython3.11.so.1.0
15550c45a000-15550c58b000 rw-p 00450000 00:30 1883928228                 /storage/home/hcoda1/4/hyu483/conda_envs/qgis332/lib/libpython3.11.so.1.0
15550c58b000-15550c5cd000 rw-p 00000000 00:00 0 
15550c5cd000-15550d0af000 r--p 00000000 00:30 1889088350                 /storage/home/hcoda1/4/hyu483/conda_envs/qgis332/share/qgis/python/qgis/_gui.so
15550d0af000-15550ecf9000 r-xp 00ae2000 00:30 1889088350                 /storage/home/hcoda1/4/hyu483/conda_envs/qgis332/share/qgis/python/qgis/_gui.so
15550ecf9000-15550f980000 r--p 0272c000 00:30 1889088350                 /storage/home/hcoda1/4/hyu483/conda_envs/qgis332/share/qgis/python/qgis/_gui.so
15550f980000-15550fa1e000 r--p 033b2000 00:30 1889088350                 /storage/home/hcoda1/4/hyu483/conda_envs/qgis332/share/qgis/python/qgis/_gui.so
15550fa1e000-15550fb76000 rw-p 03450000 00:30 1889088350                 /storage/home/hcoda1/4/hyu483/conda_envs/qgis332/share/qgis/python/qgis/_gui.so
15550fb76000-15550fb79000 rw-p 00000000 00:00 0 
15550fb79000-15550fc10000 r--p 00000000 00:30 2085794865                 /storage/home/hcoda1/4/hyu483/conda_envs/qgis332/lib/libQt5Core.so.5.15.15
15550fc10000-15550fdeb000 r-xp 00097000 00:30 2085794865                 /storage/home/hcoda1/4/hyu483/conda_envs/qgis332/lib/libQt5Core.so.5.15.15
15550fdeb000-15550ffed000 r--p 00272000 00:30 2085794865                 /storage/home/hcoda1/4/hyu483/conda_envs/qgis332/lib/libQt5Core.so.5.15.15
15550ffed000-15550fffa000 r--p 00473000 00:30 2085794865                 /storage/home/hcoda1/4/hyu483/conda_envs/qgis332/lib/libQt5Core.so.5.15.15
15550fffa000-15550fffc000 rw-p 00480000 00:30 2085794865                 /storage/home/hcoda1/4/hyu483/conda_envs/qgis332/lib/libQt5Core.so.5.15.15
15550fffc000-155510000000 rw-p 00000000 00:00 0 
155510000000-155510021000 rw-p 00000000 00:00 0 
155510021000-155514000000 ---p 00000000 00:00 0 
155514000000-155514021000 rw-p 00000000 00:00 0 
155514021000-155518000000 ---p 00000000 00:00 0 
155518000000-155518001000 r--p 00000000 fd:00 67240390                   /usr/lib/locale/C.utf8/LC_NUMERIC
155518001000-155518002000 r--p 00000000 fd:00 67240393                   /usr/lib/locale/C.utf8/LC_TIME
155518002000-155518003000 r--p 00000000 fd:00 67240384                   /usr/lib/locale/C.utf8/LC_COLLATE
155518003000-155518004000 r--p 00000000 fd:00 67240388                   /usr/lib/locale/C.utf8/LC_MONETARY
155518004000-155518005000 r--p 00000000 00:30 2007947958                 /storage/home/hcoda1/4/hyu483/conda_envs/qgis332/lib/libpulse-mainloop-glib.so.0.0.6
155518005000-155518007000 r-xp 00001000 00:30 2007947958                 /storage/home/hcoda1/4/hyu483/conda_envs/qgis332/lib/libpulse-mainloop-glib.so.0.0.6
155518007000-155518008000 r--p 00003000 00:30 2007947958                 /storage/home/hcoda1/4/hyu483/conda_envs/qgis332/lib/libpulse-mainloop-glib.so.0.0.6
155518008000-155518009000 r--p 00003000 00:30 2007947958                 /storage/home/hcoda1/4/hyu483/conda_envs/qgis332/lib/libpulse-mainloop-glib.so.0.0.6
155518009000-15551800a000 rw-p 00004000 00:30 2007947958                 /storage/home/hcoda1/4/hyu483/conda_envs/qgis332/lib/libpulse-mainloop-glib.so.0.0.6
15551800a000-155518011000 r--p 00000000 00:30 2036221489                 /storage/home/hcoda1/4/hyu483/conda_envs/qgis332/lib/libQt5SerialPort.so.5.15.15
155518011000-155518018000 r-xp 00007000 00:30 2036221489                 /storage/home/hcoda1/4/hyu483/conda_envs/qgis332/lib/libQt5SerialPort.so.5.15.15
155518018000-15551801d000 r--p 0000e000 00:30 2036221489                 /storage/home/hcoda1/4/hyu483/conda_envs/qgis332/lib/libQt5SerialPort.so.5.15.15
15551801d000-15551801e000 r--p 00012000 00:30 2036221489                 /storage/home/hcoda1/4/hyu483/conda_envs/qgis332/lib/libQt5SerialPort.so.5.15.15
15551801e000-15551801f000 rw-p 00013000 00:30 2036221489                 /storage/home/hcoda1/4/hyu483/conda_envs/qgis332/lib/libQt5SerialPort.so.5.15.15
15551801f000-15551803b000 r--p 00000000 00:30 2036222195                 /storage/home/hcoda1/4/hyu483/conda_envs/qgis332/lib/libQt5Svg.so.5.15.15
15551803b000-15551805c000 r-xp 0001c000 00:30 2036222195                 /storage/home/hcoda1/4/hyu483/conda_envs/qgis332/lib/libQt5Svg.so.5.15.15
15551805c000-155518068000 r--p 0003d000 00:30 2036222195                 /storage/home/hcoda1/4/hyu483/conda_envs/qgis332/lib/libQt5Svg.so.5.15.15
155518068000-15551806a000 r--p 00049000 00:30 2036222195                 /storage/home/hcoda1/4/hyu483/conda_envs/qgis332/lib/libQt5Svg.so.5.15.15
15551806a000-15551806b000 rw-p 0004b000 00:30 2036222195                 /storage/home/hcoda1/4/hyu483/conda_envs/qgis332/lib/libQt5Svg.so.5.15.15
15551806b000-155518078000 r--p 00000000 00:30 2036218684                 /storage/home/hcoda1/4/hyu483/conda_envs/qgis332/lib/libQt5MultimediaWidgets.so.5.15.15
155518078000-155518080000 r-xp 0000d000 00:30 2036218684                 /storage/home/hcoda1/4/hyu483/conda_envs/qgis332/lib/libQt5MultimediaWidgets.so.5.15.15
155518080000-155518086000 r--p 00015000 00:30 2036218684                 /storage/home/hcoda1/4/hyu483/conda_envs/qgis332/lib/libQt5MultimediaWidgets.so.5.15.15
155518086000-155518088000 r--p 0001b000 00:30 2036218684                 /storage/home/hcoda1/4/hyu483/conda_envs/qgis332/lib/libQt5MultimediaWidgets.so.5.15.15
155518088000-155518089000 rw-p 0001d000 00:30 2036218684                 /storage/home/hcoda1/4/hyu483/conda_envs/qgis332/lib/libQt5MultimediaWidgets.so.5.15.15
155518089000-155518093000 r--p 00000000 00:30 2036220084                 /storage/home/hcoda1/4/hyu483/conda_envs/qgis332/lib/libQt5QuickWidgets.so.5.15.15
155518093000-155518098000 r-xp 0000a000 00:30 2036220084                 /storage/home/hcoda1/4/hyu483/conda_envs/qgis332/lib/libQt5QuickWidgets.so.5.15.15
155518098000-15551809b000 r--p 0000f000 00:30 2036220084                 /storage/home/hcoda1/4/hyu483/conda_envs/qgis332/lib/libQt5QuickWidgets.so.5.15.15
15551809b000-15551809c000 r--p 00011000 00:30 2036220084                 /storage/home/hcoda1/4/hyu483/conda_envs/qgis332/lib/libQt5QuickWidgets.so.5.15.15
15551809c000-15551809d000 rw-p 00012000 00:30 2036220084                 /storage/home/hcoda1/4/hyu483/conda_envs/qgis332/lib/libQt5QuickWidgets.so.5.15.15
15551809d000-1555180a2000 r--p 00000000 00:30 1902568261                 /storage/home/hcoda1/4/hyu483/conda_envs/qgis332/lib/libqgis_native.so.3.40.3
1555180a2000-1555180ac000 r-xp 00005000 00:30 1902568261                 /storage/home/hcoda1/4/hyu483/conda_envs/qgis332/lib/libqgis_native.so.3.40.3
1555180ac000-1555180af000 r--p 0000f000 00:30 1902568261                 /storage/home/hcoda1/4/hyu483/conda_envs/qgis332/lib/libqgis_native.so.3.40.3
1555180af000-1555180b0000 r--p 00011000 00:30 1902568261                 /storage/home/hcoda1/4/hyu483/conda_envs/qgis332/lib/libqgis_native.so.3.40.3
1555180b0000-1555180b1000 rw-p 00012000 00:30 1902568261                 /storage/home/hcoda1/4/hyu483/conda_envs/qgis332/lib/libqgis_native.so.3.40.3
1555180b1000-155518106000 r--p 00000000 00:30 1885650896                 /storage/home/hcoda1/4/hyu483/conda_envs/qgis332/lib/libqca-qt5.so.2.3.7
155518106000-155518195000 r-xp 00055000 00:30 1885650896                 /storage/home/hcoda1/4/hyu483/conda_envs/qgis332/lib/libqca-qt5.so.2.3.7
155518195000-1555181cd000 r--p 000e4000 00:30 1885650896                 /storage/home/hcoda1/4/hyu483/conda_envs/qgis332/lib/libqca-qt5.so.2.3.7
1555181cd000-1555181d7000 r--p 0011c000 00:30 1885650896                 /storage/home/hcoda1/4/hyu483/conda_envs/qgis332/lib/libqca-qt5.so.2.3.7
1555181d7000-1555181d8000 rw-p 00126000 00:30 1885650896                 /storage/home/hcoda1/4/hyu483/conda_envs/qgis332/lib/libqca-qt5.so.2.3.7
1555181d8000-1555182d8000 rw-p 00000000 00:00 0 
1555182d8000-1555182f9000 r--p 00000000 00:30 2085784170                 /storage/home/hcoda1/4/hyu483/conda_envs/qgis332/lib/libglib-2.0.so.0.8400.1
1555182f9000-155518394000 r-xp 00021000 00:30 2085784170                 /storage/home/hcoda1/4/hyu483/conda_envs/qgis332/lib/libglib-2.0.so.0.8400.1
155518394000-155518428000 r--p 000bc000 00:30 2085784170                 /storage/home/hcoda1/4/hyu483/conda_envs/qgis332/lib/libglib-2.0.so.0.8400.1
155518428000-155518429000 r--p 00150000 00:30 2085784170                 /storage/home/hcoda1/4/hyu483/conda_envs/qgis332/lib/libglib-2.0.so.0.8400.1
155518429000-15551842a000 rw-p 00151000 00:30 2085784170                 /storage/home/hcoda1/4/hyu483/conda_envs/qgis332/lib/libglib-2.0.so.0.8400.1
15551842a000-15551842b000 rw-p 00000000 00:00 0 
15551842b000-1555184d9000 r--p 00000000 00:30 1883959857                 /storage/home/hcoda1/4/hyu483/conda_envs/qgis332/lib/python3.11/site-packages/PyQt5/QtCore.abi3.so
1555184d9000-155518635000 r-xp 000ae000 00:30 1883959857                 /storage/home/hcoda1/4/hyu483/conda_envs/qgis332/lib/python3.11/site-packages/PyQt5/QtCore.abi3.so
155518635000-1555186f2000 r--p 0020a000 00:30 1883959857                 /storage/home/hcoda1/4/hyu483/conda_envs/qgis332/lib/python3.11/site-packages/PyQt5/QtCore.abi3.so
1555186f2000-1555186f7000 r--p 002c6000 00:30 1883959857                 /storage/home/hcoda1/4/hyu483/conda_envs/qgis332/lib/python3.11/site-packages/PyQt5/QtCore.abi3.so
1555186f7000-155518741000 rw-p 002cb000 00:30 1883959857                 /storage/home/hcoda1/4/hyu483/conda_envs/qgis332/lib/python3.11/site-packages/PyQt5/QtCore.abi3.so
155518741000-155518742000 rw-p 00000000 00:00 0 
155518742000-155518743000 ---p 00000000 00:00 0 
155518743000-155518b43000 rw-p 00000000 00:00 0 
155518b43000-155518b44000 r--p 00000000 00:00 0 
155518b44000-155518b45000 rw-s 00000000 fd:01 1096050067                 /tmp/#1096050067 (deleted)
155518b45000-155518b46000 r-xs 00000000 fd:01 1096050067                 /tmp/#1096050067 (deleted)
155518b46000-155518b48000 r--p 00000000 00:30 1886351246                 /storage/home/hcoda1/4/hyu483/.local/lib/python3.11/site-packages/f90wrap/arraydata.cpython-311-x86_64-linux-gnu.so
155518b48000-155518b4c000 r-xp 00002000 00:30 1886351246                 /storage/home/hcoda1/4/hyu483/.local/lib/python3.11/site-packages/f90wrap/arraydata.cpython-311-x86_64-linux-gnu.so
155518b4c000-155518b4e000 r--p 00006000 00:30 1886351246                 /storage/home/hcoda1/4/hyu483/.local/lib/python3.11/site-packages/f90wrap/arraydata.cpython-311-x86_64-linux-gnu.so
155518b4e000-155518b4f000 r--p 00007000 00:30 1886351246                 /storage/home/hcoda1/4/hyu483/.local/lib/python3.11/site-packages/f90wrap/arraydata.cpython-311-x86_64-linux-gnu.so
155518b4f000-155518b50000 rw-p 00008000 00:30 1886351246                 /storage/home/hcoda1/4/hyu483/.local/lib/python3.11/site-packages/f90wrap/arraydata.cpython-311-x86_64-linux-gnu.so
155518b50000-155518b52000 r--p 00000000 00:30 1883947895                 /storage/home/hcoda1/4/hyu483/conda_envs/qgis332/lib/python3.11/lib-dynload/grp.cpython-311-x86_64-linux-gnu.so
155518b52000-155518b53000 r-xp 00002000 00:30 1883947895                 /storage/home/hcoda1/4/hyu483/conda_envs/qgis332/lib/python3.11/lib-dynload/grp.cpython-311-x86_64-linux-gnu.so
155518b53000-155518b54000 r--p 00003000 00:30 1883947895                 /storage/home/hcoda1/4/hyu483/conda_envs/qgis332/lib/python3.11/lib-dynload/grp.cpython-311-x86_64-linux-gnu.so
155518b54000-155518b55000 r--p 00003000 00:30 1883947895                 /storage/home/hcoda1/4/hyu483/conda_envs/qgis332/lib/python3.11/lib-dynload/grp.cpython-311-x86_64-linux-gnu.so
155518b55000-155518b56000 rw-p 00004000 00:30 1883947895                 /storage/home/hcoda1/4/hyu483/conda_envs/qgis332/lib/python3.11/lib-dynload/grp.cpython-311-x86_64-linux-gnu.so
155518b56000-155518b59000 r--p 00000000 00:30 1883947897                 /storage/home/hcoda1/4/hyu483/conda_envs/qgis332/lib/python3.11/lib-dynload/mmap.cpython-311-x86_64-linux-gnu.so
155518b59000-155518b5c000 r-xp 00003000 00:30 1883947897                 /storage/home/hcoda1/4/hyu483/conda_envs/qgis332/lib/python3.11/lib-dynload/mmap.cpython-311-x86_64-linux-gnu.so
155518b5c000-155518b5e000 r--p 00006000 00:30 1883947897                 /storage/home/hcoda1/4/hyu483/conda_envs/qgis332/lib/python3.11/lib-dynload/mmap.cpython-311-x86_64-linux-gnu.so
155518b5e000-155518b5f000 r--p 00007000 00:30 1883947897                 /storage/home/hcoda1/4/hyu483/conda_envs/qgis332/lib/python3.11/lib-dynload/mmap.cpython-311-x86_64-linux-gnu.so
155518b5f000-155518b60000 rw-p 00008000 00:30 1883947897                 /storage/home/hcoda1/4/hyu483/conda_envs/qgis332/lib/python3.11/lib-dynload/mmap.cpython-311-x86_64-linux-gnu.so
155518b60000-155518b64000 r--p 00000000 00:30 2005415844                 /storage/home/hcoda1/4/hyu483/conda_envs/qgis332/lib/python3.11/site-packages/pandas/_libs/indexing.cpython-311-x86_64-linux-gnu.so
155518b64000-155518b6c000 r-xp 00004000 00:30 2005415844                 /storage/home/hcoda1/4/hyu483/conda_envs/qgis332/lib/python3.11/site-packages/pandas/_libs/indexing.cpython-311-x86_64-linux-gnu.so
155518b6c000-155518b6f000 r--p 0000c000 00:30 2005415844                 /storage/home/hcoda1/4/hyu483/conda_envs/qgis332/lib/python3.11/site-packages/pandas/_libs/indexing.cpython-311-x86_64-linux-gnu.so
155518b6f000-155518b70000 r--p 0000e000 00:30 2005415844                 /storage/home/hcoda1/4/hyu483/conda_envs/qgis332/lib/python3.11/site-packages/pandas/_libs/indexing.cpython-311-x86_64-linux-gnu.so
155518b70000-155518b71000 rw-p 0000f000 00:30 2005415844                 /storage/home/hcoda1/4/hyu483/conda_envs/qgis332/lib/python3.11/site-packages/pandas/_libs/indexing.cpython-311-x86_64-linux-gnu.so
155518b71000-155518b78000 r--p 00000000 00:30 2005412765                 /storage/home/hcoda1/4/hyu483/conda_envs/qgis332/lib/python3.11/site-packages/pandas/_libs/internals.cpython-311-x86_64-linux-gnu.so
155518b78000-155518bb9000 r-xp 00007000 00:30 2005412765                 /storage/home/hcoda1/4/hyu483/conda_envs/qgis332/lib/python3.11/site-packages/pandas/_libs/internals.cpython-311-x86_64-linux-gnu.so
155518bb9000-155518bc5000 r--p 00048000 00:30 2005412765                 /storage/home/hcoda1/4/hyu483/conda_envs/qgis332/lib/python3.11/site-packages/pandas/_libs/internals.cpython-311-x86_64-linux-gnu.so
155518bc5000-155518bc6000 r--p 00053000 00:30 2005412765                 /storage/home/hcoda1/4/hyu483/conda_envs/qgis332/lib/python3.11/site-packages/pandas/_libs/internals.cpython-311-x86_64-linux-gnu.so
155518bc6000-155518bc9000 rw-p 00054000 00:30 2005412765                 /storage/home/hcoda1/4/hyu483/conda_envs/qgis332/lib/python3.11/site-packages/pandas/_libs/internals.cpython-311-x86_64-linux-gnu.so
155518bc9000-155518bcb000 rw-p 00000000 00:00 0 
155518bcb000-155518bcc000 r--p 00000000 00:00 0 
155518bcc000-155518bcd000 ---p 00000000 00:00 0 
155518bcd000-155518bce000 r--p 00000000 00:00 0 
155518bce000-155518bcf000 ---p 00000000 00:00 0 
155518bcf000-155518ccf000 rw-p 00000000 00:00 0 
155518ccf000-155518cd5000 r--p 00000000 00:30 1896364421                 /storage/home/hcoda1/4/hyu483/conda_envs/qgis332/lib/python3.11/site-packages/pandas/_libs/tslib.cpython-311-x86_64-linux-gnu.so
155518cd5000-155518d0b000 r-xp 00006000 00:30 1896364421                 /storage/home/hcoda1/4/hyu483/conda_envs/qgis332/lib/python3.11/site-packages/pandas/_libs/tslib.cpython-311-x86_64-linux-gnu.so
155518d0b000-155518d15000 r--p 0003c000 00:30 1896364421                 /storage/home/hcoda1/4/hyu483/conda_envs/qgis332/lib/python3.11/site-packages/pandas/_libs/tslib.cpython-311-x86_64-linux-gnu.so
155518d15000-155518d16000 r--p 00045000 00:30 1896364421                 /storage/home/hcoda1/4/hyu483/conda_envs/qgis332/lib/python3.11/site-packages/pandas/_libs/tslib.cpython-311-x86_64-linux-gnu.so
155518d16000-155518d18000 rw-p 00046000 00:30 1896364421                 /storage/home/hcoda1/4/hyu483/conda_envs/qgis332/lib/python3.11/site-packages/pandas/_libs/tslib.cpython-311-x86_64-linux-gnu.so
155518d18000-155518d19000 rw-p 00000000 00:00 0 
155518d19000-155518d2e000 r--p 00000000 00:30 2007942046                 /storage/home/hcoda1/4/hyu483/conda_envs/qgis332/lib/python3.11/site-packages/osgeo/_ogr.cpython-311-x86_64-linux-gnu.so
155518d2e000-155518d9a000 r-xp 00015000 00:30 2007942046                 /storage/home/hcoda1/4/hyu483/conda_envs/qgis332/lib/python3.11/site-packages/osgeo/_ogr.cpython-311-x86_64-linux-gnu.so
155518d9a000-155518ddb000 r--p 00081000 00:30 2007942046                 /storage/home/hcoda1/4/hyu483/conda_envs/qgis332/lib/python3.11/site-packages/osgeo/_ogr.cpython-311-x86_64-linux-gnu.so
155518ddb000-155518ddd000 r--p 000c1000 00:30 2007942046                 /storage/home/hcoda1/4/hyu483/conda_envs/qgis332/lib/python3.11/site-packages/osgeo/_ogr.cpython-311-x86_64-linux-gnu.so
155518ddd000-155518de2000 rw-p 000c3000 00:30 2007942046                 /storage/home/hcoda1/4/hyu483/conda_envs/qgis332/lib/python3.11/site-packages/osgeo/_ogr.cpython-311-x86_64-linux-gnu.so
155518de2000-155518de3000 rw-p 00000000 00:00 0 
155518de3000-155518eab000 r--p 00000000 00:30 1932646517                 /storage/home/hcoda1/4/hyu483/conda_envs/qgis332/lib/libgeos.so.3.13.0
155518eab000-1555190b6000 r-xp 000c8000 00:30 1932646517                 /storage/home/hcoda1/4/hyu483/conda_envs/qgis332/lib/libgeos.so.3.13.0
1555190b6000-155519130000 r--p 002d3000 00:30 1932646517                 /storage/home/hcoda1/4/hyu483/conda_envs/qgis332/lib/libgeos.so.3.13.0
155519130000-155519140000 r--p 0034c000 00:30 1932646517                 /storage/home/hcoda1/4/hyu483/conda_envs/qgis332/lib/libgeos.so.3.13.0
155519140000-155519141000 rw-p 0035c000 00:30 1932646517                 /storage/home/hcoda1/4/hyu483/conda_envs/qgis332/lib/libgeos.so.3.13.0
155519141000-15551ae92000 r--p 00000000 00:30 1932649138                 /storage/home/hcoda1/4/hyu483/conda_envs/qgis332/lib/libicudata.so.75.1
15551ae92000-15551ae93000 r--p 01d50000 00:30 1932649138                 /storage/home/hcoda1/4/hyu483/conda_envs/qgis332/lib/libicudata.so.75.1
15551ae93000-15551af9e000 r--p 00000000 00:30 1932649142                 /storage/home/hcoda1/4/hyu483/conda_envs/qgis332/lib/libicui18n.so.75.1
15551af9e000-15551b169000 r-xp 0010b000 00:30 1932649142                 /storage/home/hcoda1/4/hyu483/conda_envs/qgis332/lib/libicui18n.so.75.1
15551b169000-15551b207000 r--p 002d6000 00:30 1932649142                 /storage/home/hcoda1/4/hyu483/conda_envs/qgis332/lib/libicui18n.so.75.1
15551b207000-15551b21a000 r--p 00373000 00:30 1932649142                 /storage/home/hcoda1/4/hyu483/conda_envs/qgis332/lib/libicui18n.so.75.1
15551b21a000-15551b21b000 rw-p 00386000 00:30 1932649142                 /storage/home/hcoda1/4/hyu483/conda_envs/qgis332/lib/libicui18n.so.75.1
15551b21b000-15551b21c000 rw-p 00000000 00:00 0 
15551b21c000-15551b288000 r--p 00000000 00:30 1932649154                 /storage/home/hcoda1/4/hyu483/conda_envs/qgis332/lib/libicuuc.so.75.1
15551b288000-15551b389000 r-xp 0006c000 00:30 1932649154                 /storage/home/hcoda1/4/hyu483/conda_envs/qgis332/lib/libicuuc.so.75.1
15551b389000-15551b41d000 r--p 0016d000 00:30 1932649154                 /storage/home/hcoda1/4/hyu483/conda_envs/qgis332/lib/libicuuc.so.75.1
15551b41d000-15551b430000 r--p 00200000 00:30 1932649154                 /storage/home/hcoda1/4/hyu483/conda_envs/qgis332/lib/libicuuc.so.75.1
15551b430000-15551b431000 rw-p 00213000 00:30 1932649154                 /storage/home/hcoda1/4/hyu483/conda_envs/qgis332/lib/libicuuc.so.75.1
15551b431000-15551b433000 rw-p 00000000 00:00 0 
15551b433000-15551b4b1000 r--p 00000000 00:30 2085784332                 /storage/home/hcoda1/4/hyu483/conda_envs/qgis332/lib/libproj.so.25.9.5.1
15551b4b1000-15551b794000 r-xp 0007e000 00:30 2085784332                 /storage/home/hcoda1/4/hyu483/conda_envs/qgis332/lib/libproj.so.25.9.5.1
15551b794000-15551b838000 r--p 00361000 00:30 2085784332                 /storage/home/hcoda1/4/hyu483/conda_envs/qgis332/lib/libproj.so.25.9.5.1
15551b838000-15551b854000 r--p 00405000 00:30 2085784332                 /storage/home/hcoda1/4/hyu483/conda_envs/qgis332/lib/libproj.so.25.9.5.1
15551b854000-15551b855000 rw-p 00421000 00:30 2085784332                 /storage/home/hcoda1/4/hyu483/conda_envs/qgis332/lib/libproj.so.25.9.5.1
15551b855000-15551b858000 rw-p 00000000 00:00 0 
15551b858000-15551b87d000 r--p 00000000 00:30 2007946888                 /storage/home/hcoda1/4/hyu483/conda_envs/qgis332/lib/libspatialite.so.8.1.0
15551b87d000-15551bcf1000 r-xp 00025000 00:30 2007946888                 /storage/home/hcoda1/4/hyu483/conda_envs/qgis332/lib/libspatialite.so.8.1.0
15551bcf1000-15551bff9000 r--p 00499000 00:30 2007946888                 /storage/home/hcoda1/4/hyu483/conda_envs/qgis332/lib/libspatialite.so.8.1.0
15551bff9000-15551bffd000 r--p 007a1000 00:30 2007946888                 /storage/home/hcoda1/4/hyu483/conda_envs/qgis332/lib/libspatialite.so.8.1.0
15551bffd000-15551bfff000 rw-p 007a5000 00:30 2007946888                 /storage/home/hcoda1/4/hyu483/conda_envs/qgis332/lib/libspatialite.so.8.1.0
15551bfff000-15551c038000 rw-p 00000000 00:00 0 
15551c038000-155520000000 ---p 00000000 00:00 0 
155520000000-155520021000 rw-p 00000000 00:00 0 
155520021000-155521f21000 rw-p 00000000 00:00 0 
155521f21000-155524000000 ---p 00000000 00:00 0 
155524000000-155524021000 rw-p 00000000 00:00 0 
155524021000-155528000000 ---p 00000000 00:00 0 
155528000000-155528021000 rw-p 00000000 00:00 0 
155528021000-155528033000 rw-p 00000000 00:00 0 
155528033000-15552c000000 ---p 00000000 00:00 0 
15552c000000-15552c021000 rw-p 00000000 00:00 0 
15552c021000-155530000000 ---p 00000000 00:00 0 
155530000000-155530021000 rw-p 00000000 00:00 0 
155530021000-155534000000 ---p 00000000 00:00 0 
155534000000-155534001000 r--p 00000000 00:30 1932649572                 /storage/home/hcoda1/4/hyu483/conda_envs/qgis332/lib/libutf8_validity.so
155534001000-155534002000 r-xp 00001000 00:30 1932649572                 /storage/home/hcoda1/4/hyu483/conda_envs/qgis332/lib/libutf8_validity.so
155534002000-155534003000 r--p 00002000 00:30 1932649572                 /storage/home/hcoda1/4/hyu483/conda_envs/qgis332/lib/libutf8_validity.so
155534003000-155534004000 r--p 00002000 00:30 1932649572                 /storage/home/hcoda1/4/hyu483/conda_envs/qgis332/lib/libutf8_validity.so
155534004000-155534005000 rw-p 00003000 00:30 1932649572                 /storage/home/hcoda1/4/hyu483/conda_envs/qgis332/lib/libutf8_validity.so
155534005000-155534007000 r--p 00000000 00:30 2007942029                 /storage/home/hcoda1/4/hyu483/conda_envs/qgis332/lib/python3.11/site-packages/osgeo/_gdalconst.cpython-311-x86_64-linux-gnu.so
155534007000-15553400d000 r-xp 00002000 00:30 2007942029                 /storage/home/hcoda1/4/hyu483/conda_envs/qgis332/lib/python3.11/site-packages/osgeo/_gdalconst.cpython-311-x86_64-linux-gnu.so
15553400d000-15553400f000 r--p 00008000 00:30 2007942029                 /storage/home/hcoda1/4/hyu483/conda_envs/qgis332/lib/python3.11/site-packages/osgeo/_gdalconst.cpython-311-x86_64-linux-gnu.so
15553400f000-155534010000 r--p 00009000 00:30 2007942029                 /storage/home/hcoda1/4/hyu483/conda_envs/qgis332/lib/python3.11/site-packages/osgeo/_gdalconst.cpython-311-x86_64-linux-gnu.so
155534010000-155534011000 rw-p 0000a000 00:30 2007942029                 /storage/home/hcoda1/4/hyu483/conda_envs/qgis332/lib/python3.11/site-packages/osgeo/_gdalconst.cpython-311-x86_64-linux-gnu.so
155534011000-155534111000 rw-p 00000000 00:00 0 
155534111000-15553411e000 r--p 00000000 00:30 1932649910                 /storage/home/hcoda1/4/hyu483/conda_envs/qgis332/lib/libminizip.so.4.0.10
15553411e000-155534130000 r-xp 0000d000 00:30 1932649910                 /storage/home/hcoda1/4/hyu483/conda_envs/qgis332/lib/libminizip.so.4.0.10
155534130000-155534136000 r--p 0001f000 00:30 1932649910                 /storage/home/hcoda1/4/hyu483/conda_envs/qgis332/lib/libminizip.so.4.0.10
155534136000-155534137000 r--p 00025000 00:30 1932649910                 /storage/home/hcoda1/4/hyu483/conda_envs/qgis332/lib/libminizip.so.4.0.10
155534137000-155534138000 rw-p 00026000 00:30 1932649910                 /storage/home/hcoda1/4/hyu483/conda_envs/qgis332/lib/libminizip.so.4.0.10
155534138000-15553413a000 r--p 00000000 00:30 1932632488                 /storage/home/hcoda1/4/hyu483/conda_envs/qgis332/lib/libfreexl.so.1.2.0
15553413a000-155534145000 r-xp 00002000 00:30 1932632488                 /storage/home/hcoda1/4/hyu483/conda_envs/qgis332/lib/libfreexl.so.1.2.0
155534145000-155534148000 r--p 0000d000 00:30 1932632488                 /storage/home/hcoda1/4/hyu483/conda_envs/qgis332/lib/libfreexl.so.1.2.0
155534148000-155534149000 r--p 0000f000 00:30 1932632488                 /storage/home/hcoda1/4/hyu483/conda_envs/qgis332/lib/libfreexl.so.1.2.0
155534149000-15553414a000 rw-p 00010000 00:30 1932632488                 /storage/home/hcoda1/4/hyu483/conda_envs/qgis332/lib/libfreexl.so.1.2.0
15553414a000-15553415c000 r--p 00000000 00:30 1932649579                 /storage/home/hcoda1/4/hyu483/conda_envs/qgis332/lib/librttopo.so.1.1.0
15553415c000-1555341a6000 r-xp 00012000 00:30 1932649579                 /storage/home/hcoda1/4/hyu483/conda_envs/qgis332/lib/librttopo.so.1.1.0
1555341a6000-1555341bd000 r--p 0005c000 00:30 1932649579                 /storage/home/hcoda1/4/hyu483/conda_envs/qgis332/lib/librttopo.so.1.1.0
1555341bd000-1555341bf000 r--p 00073000 00:30 1932649579                 /storage/home/hcoda1/4/hyu483/conda_envs/qgis332/lib/librttopo.so.1.1.0
1555341bf000-1555341c0000 rw-p 00075000 00:30 1932649579                 /storage/home/hcoda1/4/hyu483/conda_envs/qgis332/lib/librttopo.so.1.1.0
1555341c0000-1555341c2000 r--p 00000000 00:30 1917429479                 /storage/home/hcoda1/4/hyu483/conda_envs/qgis332/lib/liburiparser.so.1.0.31
1555341c2000-1555341cd000 r-xp 00002000 00:30 1917429479                 /storage/home/hcoda1/4/hyu483/conda_envs/qgis332/lib/liburiparser.so.1.0.31
1555341cd000-1555341cf000 r--p 0000d000 00:30 1917429479                 /storage/home/hcoda1/4/hyu483/conda_envs/qgis332/lib/liburiparser.so.1.0.31
1555341cf000-1555341d0000 r--p 0000e000 00:30 1917429479                 /storage/home/hcoda1/4/hyu483/conda_envs/qgis332/lib/liburiparser.so.1.0.31
1555341d0000-1555341d1000 rw-p 0000f000 00:30 1917429479                 /storage/home/hcoda1/4/hyu483/conda_envs/qgis332/lib/liburiparser.so.1.0.31
1555341d1000-1555341d2000 r--p 00000000 00:30 1932645735                 /storage/home/hcoda1/4/hyu483/conda_envs/qgis332/lib/libsharpyuv.so.0.1.1
1555341d2000-1555341da000 r-xp 00001000 00:30 1932645735                 /storage/home/hcoda1/4/hyu483/conda_envs/qgis332/lib/libsharpyuv.so.0.1.1
1555341da000-1555341db000 r--p 00009000 00:30 1932645735                 /storage/home/hcoda1/4/hyu483/conda_envs/qgis332/lib/libsharpyuv.so.0.1.1
1555341db000-1555341dc000 r--p 00009000 00:30 1932645735                 /storage/home/hcoda1/4/hyu483/conda_envs/qgis332/lib/libsharpyuv.so.0.1.1
1555341dc000-1555341dd000 rw-p 0000a000 00:30 1932645735                 /storage/home/hcoda1/4/hyu483/conda_envs/qgis332/lib/libsharpyuv.so.0.1.1
1555341dd000-1555341de000 rw-p 00000000 00:00 0 
1555341de000-1555341e0000 r--p 00000000 00:30 1917445108                 /storage/home/hcoda1/4/hyu483/conda_envs/qgis332/lib/libnsl.so.3.0.0
1555341e0000-1555341e2000 r-xp 00002000 00:30 1917445108                 /storage/home/hcoda1/4/hyu483/conda_envs/qgis332/lib/libnsl.so.3.0.0
1555341e2000-1555341e3000 r--p 00004000 00:30 1917445108                 /storage/home/hcoda1/4/hyu483/conda_envs/qgis332/lib/libnsl.so.3.0.0
1555341e3000-1555341e4000 r--p 00005000 00:30 1917445108                 /storage/home/hcoda1/4/hyu483/conda_envs/qgis332/lib/libnsl.so.3.0.0
1555341e4000-1555341e5000 rw-p 00006000 00:30 1917445108                 /storage/home/hcoda1/4/hyu483/conda_envs/qgis332/lib/libnsl.so.3.0.0
1555341e5000-1555341e9000 r--p 00000000 00:30 1917322291                 /storage/home/hcoda1/4/hyu483/conda_envs/qgis332/lib/libsnappy.so.1.2.1
1555341e9000-1555341f0000 r-xp 00004000 00:30 1917322291                 /storage/home/hcoda1/4/hyu483/conda_envs/qgis332/lib/libsnappy.so.1.2.1
1555341f0000-1555341f2000 r--p 0000b000 00:30 1917322291                 /storage/home/hcoda1/4/hyu483/conda_envs/qgis332/lib/libsnappy.so.1.2.1
1555341f2000-1555341f3000 r--p 0000c000 00:30 1917322291                 /storage/home/hcoda1/4/hyu483/conda_envs/qgis332/lib/libsnappy.so.1.2.1
1555341f3000-1555341f4000 rw-p 0000d000 00:30 1917322291                 /storage/home/hcoda1/4/hyu483/conda_envs/qgis332/lib/libsnappy.so.1.2.1
1555341f4000-1555341fc000 r--p 00000000 00:30 1932648097                 /storage/home/hcoda1/4/hyu483/conda_envs/qgis332/lib/libssh2.so.1.0.1
1555341fc000-155534230000 r-xp 00008000 00:30 1932648097                 /storage/home/hcoda1/4/hyu483/conda_envs/qgis332/lib/libssh2.so.1.0.1
155534230000-15553423f000 r--p 0003c000 00:30 1932648097                 /storage/home/hcoda1/4/hyu483/conda_envs/qgis332/lib/libssh2.so.1.0.1
15553423f000-155534241000 r--p 0004a000 00:30 1932648097                 /storage/home/hcoda1/4/hyu483/conda_envs/qgis332/lib/libssh2.so.1.0.1
155534241000-155534242000 rw-p 0004c000 00:30 1932648097                 /storage/home/hcoda1/4/hyu483/conda_envs/qgis332/lib/libssh2.so.1.0.1
155534242000-155534248000 r--p 00000000 00:30 1932649284                 /storage/home/hcoda1/4/hyu483/conda_envs/qgis332/lib/libnghttp2.so.14.28.3
155534248000-15553425d000 r-xp 00006000 00:30 1932649284                 /storage/home/hcoda1/4/hyu483/conda_envs/qgis332/lib/libnghttp2.so.14.28.3
15553425d000-15553426a000 r--p 0001b000 00:30 1932649284                 /storage/home/hcoda1/4/hyu483/conda_envs/qgis332/lib/libnghttp2.so.14.28.3
15553426a000-15553426d000 r--p 00027000 00:30 1932649284                 /storage/home/hcoda1/4/hyu483/conda_envs/qgis332/lib/libnghttp2.so.14.28.3
15553426d000-15553426e000 rw-p 0002a000 00:30 1932649284                 /storage/home/hcoda1/4/hyu483/conda_envs/qgis332/lib/libnghttp2.so.14.28.3
15553426e000-155534271000 r--p 00000000 00:30 1917418657                 /storage/home/hcoda1/4/hyu483/conda_envs/qgis332/lib/liblzo2.so.2.0.0
155534271000-15553429e000 r-xp 00003000 00:30 1917418657                 /storage/home/hcoda1/4/hyu483/conda_envs/qgis332/lib/liblzo2.so.2.0.0
15553429e000-1555342a1000 r--p 00030000 00:30 1917418657                 /storage/home/hcoda1/4/hyu483/conda_envs/qgis332/lib/liblzo2.so.2.0.0
1555342a1000-1555342a2000 r--p 00033000 00:30 1917418657                 /storage/home/hcoda1/4/hyu483/conda_envs/qgis332/lib/liblzo2.so.2.0.0
1555342a2000-1555342a3000 rw-p 00034000 00:30 1917418657                 /storage/home/hcoda1/4/hyu483/conda_envs/qgis332/lib/liblzo2.so.2.0.0
1555342a3000-1555342a6000 r--p 00000000 00:30 1917422021                 /storage/home/hcoda1/4/hyu483/conda_envs/qgis332/lib/libiconv.so.2.7.0
1555342a6000-1555342bb000 r-xp 00003000 00:30 1917422021                 /storage/home/hcoda1/4/hyu483/conda_envs/qgis332/lib/libiconv.so.2.7.0
1555342bb000-15553438a000 r--p 00018000 00:30 1917422021                 /storage/home/hcoda1/4/hyu483/conda_envs/qgis332/lib/libiconv.so.2.7.0
15553438a000-15553438c000 r--p 000e6000 00:30 1917422021                 /storage/home/hcoda1/4/hyu483/conda_envs/qgis332/lib/libiconv.so.2.7.0
15553438c000-15553438d000 rw-p 000e8000 00:30 1917422021                 /storage/home/hcoda1/4/hyu483/conda_envs/qgis332/lib/libiconv.so.2.7.0
15553438d000-155534392000 r--p 00000000 00:30 1932645664                 /storage/home/hcoda1/4/hyu483/conda_envs/qgis332/lib/libjson-c.so.5.4.0
155534392000-15553439b000 r-xp 00005000 00:30 1932645664                 /storage/home/hcoda1/4/hyu483/conda_envs/qgis332/lib/libjson-c.so.5.4.0
15553439b000-15553439f000 r--p 0000e000 00:30 1932645664                 /storage/home/hcoda1/4/hyu483/conda_envs/qgis332/lib/libjson-c.so.5.4.0
15553439f000-1555343a0000 r--p 00011000 00:30 1932645664                 /storage/home/hcoda1/4/hyu483/conda_envs/qgis332/lib/libjson-c.so.5.4.0
1555343a0000-1555343a1000 rw-p 00012000 00:30 1932645664                 /storage/home/hcoda1/4/hyu483/conda_envs/qgis332/lib/libjson-c.so.5.4.0
1555343a1000-1555343b8000 r--p 00000000 00:30 1932646520                 /storage/home/hcoda1/4/hyu483/conda_envs/qgis332/lib/libgeos_c.so.1.19.0
1555343b8000-1555343e4000 r-xp 00017000 00:30 1932646520                 /storage/home/hcoda1/4/hyu483/conda_envs/qgis332/lib/libgeos_c.so.1.19.0
1555343e4000-1555343f4000 r--p 00043000 00:30 1932646520                 /storage/home/hcoda1/4/hyu483/conda_envs/qgis332/lib/libgeos_c.so.1.19.0
1555343f4000-1555343f6000 r--p 00052000 00:30 1932646520                 /storage/home/hcoda1/4/hyu483/conda_envs/qgis332/lib/libgeos_c.so.1.19.0
1555343f6000-1555343f7000 rw-p 00054000 00:30 1932646520                 /storage/home/hcoda1/4/hyu483/conda_envs/qgis332/lib/libgeos_c.so.1.19.0
1555343f7000-1555343fa000 r--p 00000000 00:30 1932649926                 /storage/home/hcoda1/4/hyu483/conda_envs/qgis332/lib/libpcre2-8.so.0.13.0
1555343fa000-155534471000 r-xp 00003000 00:30 1932649926                 /storage/home/hcoda1/4/hyu483/conda_envs/qgis332/lib/libpcre2-8.so.0.13.0
155534471000-15553449f000 r--p 0007a000 00:30 1932649926                 /storage/home/hcoda1/4/hyu483/conda_envs/qgis332/lib/libpcre2-8.so.0.13.0
15553449f000-1555344a0000 r--p 000a7000 00:30 1932649926                 /storage/home/hcoda1/4/hyu483/conda_envs/qgis332/lib/libpcre2-8.so.0.13.0
1555344a0000-1555344a1000 rw-p 000a8000 00:30 1932649926                 /storage/home/hcoda1/4/hyu483/conda_envs/qgis332/lib/libpcre2-8.so.0.13.0
1555344a1000-1555344af000 r--p 00000000 00:30 1917444996                 /storage/home/hcoda1/4/hyu483/conda_envs/qgis332/lib/libkmlengine.so.1.3.0
1555344af000-1555344d5000 r-xp 0000e000 00:30 1917444996                 /storage/home/hcoda1/4/hyu483/conda_envs/qgis332/lib/libkmlengine.so.1.3.0
1555344d5000-1555344dd000 r--p 00034000 00:30 1917444996                 /storage/home/hcoda1/4/hyu483/conda_envs/qgis332/lib/libkmlengine.so.1.3.0
1555344dd000-1555344df000 r--p 0003b000 00:30 1917444996                 /storage/home/hcoda1/4/hyu483/conda_envs/qgis332/lib/libkmlengine.so.1.3.0
1555344df000-1555344e0000 rw-p 0003d000 00:30 1917444996                 /storage/home/hcoda1/4/hyu483/conda_envs/qgis332/lib/libkmlengine.so.1.3.0
1555344e0000-155534513000 r--p 00000000 00:30 1917444995                 /storage/home/hcoda1/4/hyu483/conda_envs/qgis332/lib/libkmldom.so.1.3.0
155534513000-155534572000 r-xp 00033000 00:30 1917444995                 /storage/home/hcoda1/4/hyu483/conda_envs/qgis332/lib/libkmldom.so.1.3.0
155534572000-155534590000 r--p 00092000 00:30 1917444995                 /storage/home/hcoda1/4/hyu483/conda_envs/qgis332/lib/libkmldom.so.1.3.0
155534590000-155534597000 r--p 000af000 00:30 1917444995                 /storage/home/hcoda1/4/hyu483/conda_envs/qgis332/lib/libkmldom.so.1.3.0
155534597000-155534599000 rw-p 000b6000 00:30 1917444995                 /storage/home/hcoda1/4/hyu483/conda_envs/qgis332/lib/libkmldom.so.1.3.0
155534599000-1555345a2000 r--p 00000000 00:30 1917445002                 /storage/home/hcoda1/4/hyu483/conda_envs/qgis332/lib/libkmlbase.so.1.3.0
1555345a2000-1555345b7000 r-xp 00009000 00:30 1917445002                 /storage/home/hcoda1/4/hyu483/conda_envs/qgis332/lib/libkmlbase.so.1.3.0
1555345b7000-1555345bc000 r--p 0001e000 00:30 1917445002                 /storage/home/hcoda1/4/hyu483/conda_envs/qgis332/lib/libkmlbase.so.1.3.0
1555345bc000-1555345bd000 r--p 00022000 00:30 1917445002                 /storage/home/hcoda1/4/hyu483/conda_envs/qgis332/lib/libkmlbase.so.1.3.0
1555345bd000-1555345be000 rw-p 00023000 00:30 1917445002                 /storage/home/hcoda1/4/hyu483/conda_envs/qgis332/lib/libkmlbase.so.1.3.0
1555345be000-1555345c1000 r--p 00000000 00:30 1932645738                 /storage/home/hcoda1/4/hyu483/conda_envs/qgis332/lib/libwebp.so.7.1.10
1555345c1000-155534659000 r-xp 00003000 00:30 1932645738                 /storage/home/hcoda1/4/hyu483/conda_envs/qgis332/lib/libwebp.so.7.1.10
155534659000-15553466d000 r--p 0009b000 00:30 1932645738                 /storage/home/hcoda1/4/hyu483/conda_envs/qgis332/lib/libwebp.so.7.1.10
15553466d000-15553466e000 r--p 000ae000 00:30 1932645738                 /storage/home/hcoda1/4/hyu483/conda_envs/qgis332/lib/libwebp.so.7.1.10
15553466e000-15553466f000 rw-p 000af000 00:30 1932645738                 /storage/home/hcoda1/4/hyu483/conda_envs/qgis332/lib/libwebp.so.7.1.10
15553466f000-155534670000 rw-p 00000000 00:00 0 
155534670000-155534673000 r--p 00000000 00:30 1917448003                 /storage/home/hcoda1/4/hyu483/conda_envs/qgis332/lib/libgif.so.7.2.0
155534673000-15553467a000 r-xp 00003000 00:30 1917448003                 /storage/home/hcoda1/4/hyu483/conda_envs/qgis332/lib/libgif.so.7.2.0
15553467a000-15553467c000 r--p 0000a000 00:30 1917448003                 /storage/home/hcoda1/4/hyu483/conda_envs/qgis332/lib/libgif.so.7.2.0
15553467c000-15553467d000 r--p 0000c000 00:30 1917448003                 /storage/home/hcoda1/4/hyu483/conda_envs/qgis332/lib/libgif.so.7.2.0
15553467d000-15553467e000 rw-p 0000d000 00:30 1917448003                 /storage/home/hcoda1/4/hyu483/conda_envs/qgis332/lib/libgif.so.7.2.0
15553467e000-15553468c000 r--p 00000000 00:30 1917423026                 /storage/home/hcoda1/4/hyu483/conda_envs/qgis332/lib/libLerc.so.4
15553468c000-15553473f000 r-xp 0000e000 00:30 1917423026                 /storage/home/hcoda1/4/hyu483/conda_envs/qgis332/lib/libLerc.so.4
15553473f000-15553474a000 r--p 000c1000 00:30 1917423026                 /storage/home/hcoda1/4/hyu483/conda_envs/qgis332/lib/libLerc.so.4
15553474a000-15553474b000 r--p 000cc000 00:30 1917423026                 /storage/home/hcoda1/4/hyu483/conda_envs/qgis332/lib/libLerc.so.4
15553474b000-15553474c000 rw-p 000cd000 00:30 1917423026                 /storage/home/hcoda1/4/hyu483/conda_envs/qgis332/lib/libLerc.so.4
15553474c000-155534755000 r--p 00000000 00:30 1932649728                 /storage/home/hcoda1/4/hyu483/conda_envs/qgis332/lib/libtiff.so.6.1.0
155534755000-1555347aa000 r-xp 00009000 00:30 1932649728                 /storage/home/hcoda1/4/hyu483/conda_envs/qgis332/lib/libtiff.so.6.1.0
1555347aa000-1555347db000 r--p 0005e000 00:30 1932649728                 /storage/home/hcoda1/4/hyu483/conda_envs/qgis332/lib/libtiff.so.6.1.0
1555347db000-1555347e0000 r--p 0008f000 00:30 1932649728                 /storage/home/hcoda1/4/hyu483/conda_envs/qgis332/lib/libtiff.so.6.1.0
1555347e0000-1555347e1000 rw-p 00094000 00:30 1932649728                 /storage/home/hcoda1/4/hyu483/conda_envs/qgis332/lib/libtiff.so.6.1.0
1555347e1000-1555347e7000 r--p 00000000 00:30 1932645689                 /storage/home/hcoda1/4/hyu483/conda_envs/qgis332/lib/libjpeg.so.8.3.2
1555347e7000-15553487d000 r-xp 00006000 00:30 1932645689                 /storage/home/hcoda1/4/hyu483/conda_envs/qgis332/lib/libjpeg.so.8.3.2
15553487d000-1555348a6000 r--p 0009c000 00:30 1932645689                 /storage/home/hcoda1/4/hyu483/conda_envs/qgis332/lib/libjpeg.so.8.3.2
1555348a6000-1555348a7000 r--p 000c5000 00:30 1932645689                 /storage/home/hcoda1/4/hyu483/conda_envs/qgis332/lib/libjpeg.so.8.3.2
1555348a7000-1555348a8000 rw-p 000c6000 00:30 1932645689                 /storage/home/hcoda1/4/hyu483/conda_envs/qgis332/lib/libjpeg.so.8.3.2
1555348a8000-1555349c5000 r--p 00000000 00:30 1932533409                 /storage/home/hcoda1/4/hyu483/conda_envs/qgis332/lib/libxerces-c-3.2.so
1555349c5000-155534b41000 r-xp 0011d000 00:30 1932533409                 /storage/home/hcoda1/4/hyu483/conda_envs/qgis332/lib/libxerces-c-3.2.so
155534b41000-155534c07000 r--p 00299000 00:30 1932533409                 /storage/home/hcoda1/4/hyu483/conda_envs/qgis332/lib/libxerces-c-3.2.so
155534c07000-155534c1f000 r--p 0035f000 00:30 1932533409                 /storage/home/hcoda1/4/hyu483/conda_envs/qgis332/lib/libxerces-c-3.2.so
155534c1f000-155534c41000 rw-p 00377000 00:30 1932533409                 /storage/home/hcoda1/4/hyu483/conda_envs/qgis332/lib/libxerces-c-3.2.so
155534c41000-155534c4f000 r--p 00000000 00:30 1917439634                 /storage/home/hcoda1/4/hyu483/conda_envs/qgis332/lib/libzstd.so.1.5.7
155534c4f000-155534d42000 r-xp 0000e000 00:30 1917439634                 /storage/home/hcoda1/4/hyu483/conda_envs/qgis332/lib/libzstd.so.1.5.7
155534d42000-155534d58000 r--p 00101000 00:30 1917439634                 /storage/home/hcoda1/4/hyu483/conda_envs/qgis332/lib/libzstd.so.1.5.7
155534d58000-155534d59000 r--p 00117000 00:30 1917439634                 /storage/home/hcoda1/4/hyu483/conda_envs/qgis332/lib/libzstd.so.1.5.7
155534d59000-155534d5a000 rw-p 00118000 00:30 1917439634                 /storage/home/hcoda1/4/hyu483/conda_envs/qgis332/lib/libzstd.so.1.5.7
155534d5a000-155534d90000 r--p 00000000 00:30 2085784185                 /storage/home/hcoda1/4/hyu483/conda_envs/qgis332/lib/libxml2.so.2.13.8
155534d90000-155534e68000 r-xp 00036000 00:30 2085784185                 /storage/home/hcoda1/4/hyu483/conda_envs/qgis332/lib/libxml2.so.2.13.8
155534e68000-155534eae000 r--p 0010e000 00:30 2085784185                 /storage/home/hcoda1/4/hyu483/conda_envs/qgis332/lib/libxml2.so.2.13.8
155534eae000-155534eb9000 r--p 00153000 00:30 2085784185                 /storage/home/hcoda1/4/hyu483/conda_envs/qgis332/lib/libxml2.so.2.13.8
155534eb9000-155534eba000 rw-p 0015e000 00:30 2085784185                 /storage/home/hcoda1/4/hyu483/conda_envs/qgis332/lib/libxml2.so.2.13.8
155534eba000-155534ebb000 rw-p 00000000 00:00 0 
155534ebb000-155534ecf000 r--p 00000000 00:30 2085784164                 /storage/home/hcoda1/4/hyu483/conda_envs/qgis332/lib/libcurl.so.4.8.0
155534ecf000-155534f65000 r-xp 00014000 00:30 2085784164                 /storage/home/hcoda1/4/hyu483/conda_envs/qgis332/lib/libcurl.so.4.8.0
155534f65000-155534f92000 r--p 000aa000 00:30 2085784164                 /storage/home/hcoda1/4/hyu483/conda_envs/qgis332/lib/libcurl.so.4.8.0
155534f92000-155534f98000 r--p 000d7000 00:30 2085784164                 /storage/home/hcoda1/4/hyu483/conda_envs/qgis332/lib/libcurl.so.4.8.0
155534f98000-155534f99000 rw-p 000dd000 00:30 2085784164                 /storage/home/hcoda1/4/hyu483/conda_envs/qgis332/lib/libcurl.so.4.8.0
155534f99000-155534fac000 r--p 00000000 00:30 1932536878                 /storage/home/hcoda1/4/hyu483/conda_envs/qgis332/lib/libarchive.so.13.7.7
155534fac000-15553503a000 r-xp 00013000 00:30 1932536878                 /storage/home/hcoda1/4/hyu483/conda_envs/qgis332/lib/libarchive.so.13.7.7
15553503a000-155535063000 r--p 000a1000 00:30 1932536878                 /storage/home/hcoda1/4/hyu483/conda_envs/qgis332/lib/libarchive.so.13.7.7
155535063000-155535067000 r--p 000c9000 00:30 1932536878                 /storage/home/hcoda1/4/hyu483/conda_envs/qgis332/lib/libarchive.so.13.7.7
155535067000-155535068000 rw-p 000cd000 00:30 1932536878                 /storage/home/hcoda1/4/hyu483/conda_envs/qgis332/lib/libarchive.so.13.7.7
155535068000-1555352ad000 r--p 00000000 00:30 2085794100                 /storage/home/hcoda1/4/hyu483/conda_envs/qgis332/lib/libgdal.so.36.3.10.2
1555352ad000-1555364c9000 r-xp 00245000 00:30 2085794100                 /storage/home/hcoda1/4/hyu483/conda_envs/qgis332/lib/libgdal.so.36.3.10.2
1555364c9000-1555368e3000 r--p 01461000 00:30 2085794100                 /storage/home/hcoda1/4/hyu483/conda_envs/qgis332/lib/libgdal.so.36.3.10.2
1555368e3000-155536985000 r--p 0187b000 00:30 2085794100                 /storage/home/hcoda1/4/hyu483/conda_envs/qgis332/lib/libgdal.so.36.3.10.2
155536985000-155536986000 rw-p 0191d000 00:30 2085794100                 /storage/home/hcoda1/4/hyu483/conda_envs/qgis332/lib/libgdal.so.36.3.10.2
155536986000-15553698a000 rw-p 00000000 00:00 0 
15553698a000-1555369ab000 r--p 00000000 00:30 2007942026                 /storage/home/hcoda1/4/hyu483/conda_envs/qgis332/lib/python3.11/site-packages/osgeo/_gdal.cpython-311-x86_64-linux-gnu.so
1555369ab000-155536a54000 r-xp 00021000 00:30 2007942026                 /storage/home/hcoda1/4/hyu483/conda_envs/qgis332/lib/python3.11/site-packages/osgeo/_gdal.cpython-311-x86_64-linux-gnu.so
155536a54000-155536aa2000 r--p 000ca000 00:30 2007942026                 /storage/home/hcoda1/4/hyu483/conda_envs/qgis332/lib/python3.11/site-packages/osgeo/_gdal.cpython-311-x86_64-linux-gnu.so
155536aa2000-155536aa4000 r--p 00118000 00:30 2007942026                 /storage/home/hcoda1/4/hyu483/conda_envs/qgis332/lib/python3.11/site-packages/osgeo/_gdal.cpython-311-x86_64-linux-gnu.so
155536aa4000-155536aad000 rw-p 0011a000 00:30 2007942026                 /storage/home/hcoda1/4/hyu483/conda_envs/qgis332/lib/python3.11/site-packages/osgeo/_gdal.cpython-311-x86_64-linux-gnu.so
155536aad000-155536aae000 rw-p 00000000 00:00 0 
155536aae000-155536aaf000 ---p 00000000 00:00 0 
155536aaf000-155536caf000 rw-p 00000000 00:00 0 
155536caf000-155536cb0000 ---p 00000000 00:00 0 
155536cb0000-155536eb0000 rw-p 00000000 00:00 0 
155536eb0000-155536eb1000 ---p 00000000 00:00 0 
155536eb1000-1555370b1000 rw-p 00000000 00:00 0 
1555370b1000-1555370b2000 ---p 00000000 00:00 0 
1555370b2000-1555372b2000 rw-p 00000000 00:00 0 
1555372b2000-1555372b3000 ---p 00000000 00:00 0 
1555372b3000-1555377b3000 rw-p 00000000 00:00 0 
1555377b3000-1555377b4000 r--p 00000000 fd:00 100663744                  /usr/lib/locale/C.utf8/LC_MESSAGES/SYS_LC_MESSAGES
1555377b4000-1555377b5000 r--p 00000000 fd:00 67240391                   /usr/lib/locale/C.utf8/LC_PAPER
1555377b5000-1555377b6000 r--p 00000000 fd:00 67240389                   /usr/lib/locale/C.utf8/LC_NAME
1555377b6000-1555377b7000 r--p 00000000 fd:00 67240514                   /usr/lib/locale/C.utf8/LC_ADDRESS
1555377b7000-1555377be000 r--p 00000000 00:30 1917439818                 /storage/home/hcoda1/4/hyu483/conda_envs/qgis332/lib/libpng16.so.16.47.0
1555377be000-1555377e7000 r-xp 00007000 00:30 1917439818                 /storage/home/hcoda1/4/hyu483/conda_envs/qgis332/lib/libpng16.so.16.47.0
1555377e7000-1555377f2000 r--p 00030000 00:30 1917439818                 /storage/home/hcoda1/4/hyu483/conda_envs/qgis332/lib/libpng16.so.16.47.0
1555377f2000-1555377f3000 r--p 0003b000 00:30 1917439818                 /storage/home/hcoda1/4/hyu483/conda_envs/qgis332/lib/libpng16.so.16.47.0
1555377f3000-1555377f4000 rw-p 0003c000 00:30 1917439818                 /storage/home/hcoda1/4/hyu483/conda_envs/qgis332/lib/libpng16.so.16.47.0
1555377f4000-155537804000 r--p 00000000 00:30 2007944320                 /storage/home/hcoda1/4/hyu483/conda_envs/qgis332/lib/libgeotiff.so.5.2.4
155537804000-155537810000 r-xp 00010000 00:30 2007944320                 /storage/home/hcoda1/4/hyu483/conda_envs/qgis332/lib/libgeotiff.so.5.2.4
155537810000-15553781f000 r--p 0001c000 00:30 2007944320                 /storage/home/hcoda1/4/hyu483/conda_envs/qgis332/lib/libgeotiff.so.5.2.4
15553781f000-155537828000 r--p 0002b000 00:30 2007944320                 /storage/home/hcoda1/4/hyu483/conda_envs/qgis332/lib/libgeotiff.so.5.2.4
155537828000-155537829000 rw-p 00034000 00:30 2007944320                 /storage/home/hcoda1/4/hyu483/conda_envs/qgis332/lib/libgeotiff.so.5.2.4
155537829000-15553782c000 r--p 00000000 00:30 1932648629                 /storage/home/hcoda1/4/hyu483/conda_envs/qgis332/lib/liblz4.so.1.10.0
15553782c000-155537852000 r-xp 00003000 00:30 1932648629                 /storage/home/hcoda1/4/hyu483/conda_envs/qgis332/lib/liblz4.so.1.10.0
155537852000-155537855000 r--p 00029000 00:30 1932648629                 /storage/home/hcoda1/4/hyu483/conda_envs/qgis332/lib/liblz4.so.1.10.0
155537855000-155537856000 r--p 0002b000 00:30 1932648629                 /storage/home/hcoda1/4/hyu483/conda_envs/qgis332/lib/liblz4.so.1.10.0
155537856000-155537857000 rw-p 0002c000 00:30 1932648629                 /storage/home/hcoda1/4/hyu483/conda_envs/qgis332/lib/liblz4.so.1.10.0
155537857000-155537957000 rw-p 00000000 00:00 0 
155537957000-15553795d000 r--p 00000000 00:30 1940416824                 /storage/home/hcoda1/4/hyu483/conda_envs/qgis332/lib/python3.11/site-packages/debugpy/_vendored/pydevd/_pydevd_bundle/pydevd_cython.cpython-311-x86_64-linux-gnu.so
15553795d000-1555379ec000 r-xp 00006000 00:30 1940416824                 /storage/home/hcoda1/4/hyu483/conda_envs/qgis332/lib/python3.11/site-packages/debugpy/_vendored/pydevd/_pydevd_bundle/pydevd_cython.cpython-311-x86_64-linux-gnu.so
1555379ec000-1555379f8000 r--p 00095000 00:30 1940416824                 /storage/home/hcoda1/4/hyu483/conda_envs/qgis332/lib/python3.11/site-packages/debugpy/_vendored/pydevd/_pydevd_bundle/pydevd_cython.cpython-311-x86_64-linux-gnu.so
1555379f8000-1555379f9000 r--p 000a0000 00:30 1940416824                 /storage/home/hcoda1/4/hyu483/conda_envs/qgis332/lib/python3.11/site-packages/debugpy/_vendored/pydevd/_pydevd_bundle/pydevd_cython.cpython-311-x86_64-linux-gnu.so
1555379f9000-1555379fc000 rw-p 000a1000 00:30 1940416824                 /storage/home/hcoda1/4/hyu483/conda_envs/qgis332/lib/python3.11/site-packages/debugpy/_vendored/pydevd/_pydevd_bundle/pydevd_cython.cpython-311-x86_64-linux-gnu.so
1555379fc000-1555379fd000 rw-p 00000000 00:00 0 
1555379fd000-1555379fe000 ---p 00000000 00:00 0 
1555379fe000-155537bfe000 rw-p 00000000 00:00 0 
155537bfe000-155537bff000 ---p 00000000 00:00 0 
155537bff000-155537dff000 rw-p 00000000 00:00 0 
155537dff000-155537e00000 ---p 00000000 00:00 0 
155537e00000-155538021000 rw-p 00000000 00:00 0 
155538021000-15553c000000 ---p 00000000 00:00 0 
15553c000000-15553c021000 rw-p 00000000 00:00 0 
15553c021000-155540000000 ---p 00000000 00:00 0 
155540000000-1555400c2000 rw-p 00000000 00:00 0 
1555400c2000-155544000000 ---p 00000000 00:00 0 
155544000000-155544001000 r--p 00000000 fd:00 67240392                   /usr/lib/locale/C.utf8/LC_TELEPHONE
155544001000-155544002000 r--p 00000000 00:30 1917422071                 /storage/home/hcoda1/4/hyu483/conda_envs/qgis332/lib/libcharset.so.1.0.0
155544002000-155544003000 r-xp 00001000 00:30 1917422071                 /storage/home/hcoda1/4/hyu483/conda_envs/qgis332/lib/libcharset.so.1.0.0
155544003000-155544004000 r--p 00002000 00:30 1917422071                 /storage/home/hcoda1/4/hyu483/conda_envs/qgis332/lib/libcharset.so.1.0.0
155544004000-155544005000 r--p 00002000 00:30 1917422071                 /storage/home/hcoda1/4/hyu483/conda_envs/qgis332/lib/libcharset.so.1.0.0
155544005000-155544006000 rw-p 00003000 00:30 1917422071                 /storage/home/hcoda1/4/hyu483/conda_envs/qgis332/lib/libcharset.so.1.0.0
155544006000-155544008000 r--p 00000000 00:30 1932648739                 /storage/home/hcoda1/4/hyu483/conda_envs/qgis332/lib/libblosc.so.1.21.6
155544008000-155544014000 r-xp 00002000 00:30 1932648739                 /storage/home/hcoda1/4/hyu483/conda_envs/qgis332/lib/libblosc.so.1.21.6
155544014000-155544016000 r--p 0000e000 00:30 1932648739                 /storage/home/hcoda1/4/hyu483/conda_envs/qgis332/lib/libblosc.so.1.21.6
155544016000-155544017000 r--p 00010000 00:30 1932648739                 /storage/home/hcoda1/4/hyu483/conda_envs/qgis332/lib/libblosc.so.1.21.6
155544017000-155544018000 rw-p 00011000 00:30 1932648739                 /storage/home/hcoda1/4/hyu483/conda_envs/qgis332/lib/libblosc.so.1.21.6
155544018000-155544019000 r--p 00000000 00:30 1932645672                 /storage/home/hcoda1/4/hyu483/conda_envs/qgis332/lib/libdeflate.so.0
155544019000-155544029000 r-xp 00001000 00:30 1932645672                 /storage/home/hcoda1/4/hyu483/conda_envs/qgis332/lib/libdeflate.so.0
155544029000-15554402e000 r--p 00011000 00:30 1932645672                 /storage/home/hcoda1/4/hyu483/conda_envs/qgis332/lib/libdeflate.so.0
15554402e000-15554402f000 r--p 00015000 00:30 1932645672                 /storage/home/hcoda1/4/hyu483/conda_envs/qgis332/lib/libdeflate.so.0
15554402f000-155544030000 rw-p 00016000 00:30 1932645672                 /storage/home/hcoda1/4/hyu483/conda_envs/qgis332/lib/libdeflate.so.0
155544030000-155544148000 rw-p 00000000 00:00 0 
155544148000-155544149000 ---p 00000000 00:00 0 
155544149000-155544349000 rw-p 00000000 00:00 0 
155544349000-15554434a000 ---p 00000000 00:00 0 
15554434a000-15554454a000 rw-p 00000000 00:00 0 
15554454a000-15554454b000 ---p 00000000 00:00 0 
15554454b000-15554474b000 rw-p 00000000 00:00 0 
15554474b000-15554474c000 ---p 00000000 00:00 0 
15554474c000-15554494c000 rw-p 00000000 00:00 0 
15554494c000-15554494d000 ---p 00000000 00:00 0 
15554494d000-155544b4d000 rw-p 00000000 00:00 0 
155544b4d000-155544b4e000 ---p 00000000 00:00 0 
155544b4e000-155544d4e000 rw-p 00000000 00:00 0 
155544d4e000-155544d50000 r--p 00000000 00:30 1917424729                 /storage/home/hcoda1/4/hyu483/conda_envs/qgis332/lib/libffi.so.8.1.4
155544d50000-155544d56000 r-xp 00002000 00:30 1917424729                 /storage/home/hcoda1/4/hyu483/conda_envs/qgis332/lib/libffi.so.8.1.4
155544d56000-155544d58000 r--p 00008000 00:30 1917424729                 /storage/home/hcoda1/4/hyu483/conda_envs/qgis332/lib/libffi.so.8.1.4
155544d58000-155544d59000 r--p 00009000 00:30 1917424729                 /storage/home/hcoda1/4/hyu483/conda_envs/qgis332/lib/libffi.so.8.1.4
155544d59000-155544d5a000 rw-p 0000a000 00:30 1917424729                 /storage/home/hcoda1/4/hyu483/conda_envs/qgis332/lib/libffi.so.8.1.4
155544d5a000-155544d61000 r--p 00000000 00:30 1883947848                 /storage/home/hcoda1/4/hyu483/conda_envs/qgis332/lib/python3.11/lib-dynload/_ctypes.cpython-311-x86_64-linux-gnu.so
155544d61000-155544d6e000 r-xp 00007000 00:30 1883947848                 /storage/home/hcoda1/4/hyu483/conda_envs/qgis332/lib/python3.11/lib-dynload/_ctypes.cpython-311-x86_64-linux-gnu.so
155544d6e000-155544d74000 r--p 00014000 00:30 1883947848                 /storage/home/hcoda1/4/hyu483/conda_envs/qgis332/lib/python3.11/lib-dynload/_ctypes.cpython-311-x86_64-linux-gnu.so
155544d74000-155544d75000 r--p 00019000 00:30 1883947848                 /storage/home/hcoda1/4/hyu483/conda_envs/qgis332/lib/python3.11/lib-dynload/_ctypes.cpython-311-x86_64-linux-gnu.so
155544d75000-155544d79000 rw-p 0001a000 00:30 1883947848                 /storage/home/hcoda1/4/hyu483/conda_envs/qgis332/lib/python3.11/lib-dynload/_ctypes.cpython-311-x86_64-linux-gnu.so
155544d79000-155544e79000 rw-p 00000000 00:00 0 
155544e79000-155544e7b000 r--p 00000000 00:30 1893821922                 /storage/home/hcoda1/4/hyu483/conda_envs/qgis332/lib/python3.11/site-packages/psutil/_psutil_posix.abi3.so
155544e7b000-155544e7d000 r-xp 00002000 00:30 1893821922                 /storage/home/hcoda1/4/hyu483/conda_envs/qgis332/lib/python3.11/site-packages/psutil/_psutil_posix.abi3.so
155544e7d000-155544e7e000 r--p 00004000 00:30 1893821922                 /storage/home/hcoda1/4/hyu483/conda_envs/qgis332/lib/python3.11/site-packages/psutil/_psutil_posix.abi3.so
155544e7e000-155544e7f000 r--p 00004000 00:30 1893821922                 /storage/home/hcoda1/4/hyu483/conda_envs/qgis332/lib/python3.11/site-packages/psutil/_psutil_posix.abi3.so
155544e7f000-155544e80000 rw-p 00005000 00:30 1893821922                 /storage/home/hcoda1/4/hyu483/conda_envs/qgis332/lib/python3.11/site-packages/psutil/_psutil_posix.abi3.so
155544e80000-155544e83000 r--p 00000000 00:30 1893822620                 /storage/home/hcoda1/4/hyu483/conda_envs/qgis332/lib/python3.11/site-packages/psutil/_psutil_linux.abi3.so
155544e83000-155544e86000 r-xp 00003000 00:30 1893822620                 /storage/home/hcoda1/4/hyu483/conda_envs/qgis332/lib/python3.11/site-packages/psutil/_psutil_linux.abi3.so
155544e86000-155544e87000 r--p 00006000 00:30 1893822620                 /storage/home/hcoda1/4/hyu483/conda_envs/qgis332/lib/python3.11/site-packages/psutil/_psutil_linux.abi3.so
155544e87000-155544e88000 r--p 00006000 00:30 1893822620                 /storage/home/hcoda1/4/hyu483/conda_envs/qgis332/lib/python3.11/site-packages/psutil/_psutil_linux.abi3.so
155544e88000-155544e89000 rw-p 00007000 00:30 1893822620                 /storage/home/hcoda1/4/hyu483/conda_envs/qgis332/lib/python3.11/site-packages/psutil/_psutil_linux.abi3.so
155544e89000-155544f89000 rw-p 00000000 00:00 0 
155544f89000-155544f8b000 r--p 00000000 00:30 1883947902                 /storage/home/hcoda1/4/hyu483/conda_envs/qgis332/lib/python3.11/lib-dynload/resource.cpython-311-x86_64-linux-gnu.so
155544f8b000-155544f8c000 r-xp 00002000 00:30 1883947902                 /storage/home/hcoda1/4/hyu483/conda_envs/qgis332/lib/python3.11/lib-dynload/resource.cpython-311-x86_64-linux-gnu.so
155544f8c000-155544f8d000 r--p 00003000 00:30 1883947902                 /storage/home/hcoda1/4/hyu483/conda_envs/qgis332/lib/python3.11/lib-dynload/resource.cpython-311-x86_64-linux-gnu.so
155544f8d000-155544f8e000 r--p 00003000 00:30 1883947902                 /storage/home/hcoda1/4/hyu483/conda_envs/qgis332/lib/python3.11/lib-dynload/resource.cpython-311-x86_64-linux-gnu.so
155544f8e000-155544f8f000 rw-p 00004000 00:30 1883947902                 /storage/home/hcoda1/4/hyu483/conda_envs/qgis332/lib/python3.11/lib-dynload/resource.cpython-311-x86_64-linux-gnu.so
155544f8f000-15554538f000 rw-p 00000000 00:00 0 
15554538f000-155545392000 r--p 00000000 00:30 1883947907                 /storage/home/hcoda1/4/hyu483/conda_envs/qgis332/lib/python3.11/lib-dynload/unicodedata.cpython-311-x86_64-linux-gnu.so
155545392000-155545395000 r-xp 00003000 00:30 1883947907                 /storage/home/hcoda1/4/hyu483/conda_envs/qgis332/lib/python3.11/lib-dynload/unicodedata.cpython-311-x86_64-linux-gnu.so
155545395000-1555454a1000 r--p 00006000 00:30 1883947907                 /storage/home/hcoda1/4/hyu483/conda_envs/qgis332/lib/python3.11/lib-dynload/unicodedata.cpython-311-x86_64-linux-gnu.so
1555454a1000-1555454a2000 r--p 00112000 00:30 1883947907                 /storage/home/hcoda1/4/hyu483/conda_envs/qgis332/lib/python3.11/lib-dynload/unicodedata.cpython-311-x86_64-linux-gnu.so
1555454a2000-1555454a3000 rw-p 00113000 00:30 1883947907                 /storage/home/hcoda1/4/hyu483/conda_envs/qgis332/lib/python3.11/lib-dynload/unicodedata.cpython-311-x86_64-linux-gnu.so
1555454a3000-1555459a3000 rw-p 00000000 00:00 0 
1555459a3000-1555459b7000 r--p 00000000 00:30 1917423161                 /storage/home/hcoda1/4/hyu483/conda_envs/qgis332/lib/libsqlite3.so.3.49.2
1555459b7000-155545adb000 r-xp 00014000 00:30 1917423161                 /storage/home/hcoda1/4/hyu483/conda_envs/qgis332/lib/libsqlite3.so.3.49.2
155545adb000-155545b17000 r--p 00138000 00:30 1917423161                 /storage/home/hcoda1/4/hyu483/conda_envs/qgis332/lib/libsqlite3.so.3.49.2
155545b17000-155545b1b000 r--p 00173000 00:30 1917423161                 /storage/home/hcoda1/4/hyu483/conda_envs/qgis332/lib/libsqlite3.so.3.49.2
155545b1b000-155545b1f000 rw-p 00177000 00:30 1917423161                 /storage/home/hcoda1/4/hyu483/conda_envs/qgis332/lib/libsqlite3.so.3.49.2
155545b1f000-155545c20000 rw-p 00000000 00:00 0 
155545c20000-155545c21000 r--p 00000000 fd:00 67240387                   /usr/lib/locale/C.utf8/LC_MEASUREMENT
155545c21000-155545c22000 r--p 00000000 fd:00 67240386                   /usr/lib/locale/C.utf8/LC_IDENTIFICATION
155545c22000-155545c25000 r--p 00000000 00:30 2036218261                 /storage/home/hcoda1/4/hyu483/conda_envs/qgis332/lib/libQt5Concurrent.so.5.15.15
155545c25000-155545c27000 r-xp 00003000 00:30 2036218261                 /storage/home/hcoda1/4/hyu483/conda_envs/qgis332/lib/libQt5Concurrent.so.5.15.15
155545c27000-155545c28000 r--p 00005000 00:30 2036218261                 /storage/home/hcoda1/4/hyu483/conda_envs/qgis332/lib/libQt5Concurrent.so.5.15.15
155545c28000-155545c29000 r--p 00005000 00:30 2036218261                 /storage/home/hcoda1/4/hyu483/conda_envs/qgis332/lib/libQt5Concurrent.so.5.15.15
155545c29000-155545c2a000 rw-p 00006000 00:30 2036218261                 /storage/home/hcoda1/4/hyu483/conda_envs/qgis332/lib/libQt5Concurrent.so.5.15.15
155545c2a000-155545c3c000 r--p 00000000 00:30 2036222370                 /storage/home/hcoda1/4/hyu483/conda_envs/qgis332/lib/libQt5Xml.so.5.15.15
155545c3c000-155545c52000 r-xp 00012000 00:30 2036222370                 /storage/home/hcoda1/4/hyu483/conda_envs/qgis332/lib/libQt5Xml.so.5.15.15
155545c52000-155545c5d000 r--p 00028000 00:30 2036222370                 /storage/home/hcoda1/4/hyu483/conda_envs/qgis332/lib/libQt5Xml.so.5.15.15
155545c5d000-155545c5f000 r--p 00033000 00:30 2036222370                 /storage/home/hcoda1/4/hyu483/conda_envs/qgis332/lib/libQt5Xml.so.5.15.15
155545c5f000-155545c60000 rw-p 00035000 00:30 2036222370                 /storage/home/hcoda1/4/hyu483/conda_envs/qgis332/lib/libQt5Xml.so.5.15.15
155545c60000-155545c67000 r--p 00000000 00:30 1883955979                 /storage/home/hcoda1/4/hyu483/conda_envs/qgis332/lib/python3.11/site-packages/PyQt5/sip.cpython-311-x86_64-linux-gnu.so
155545c67000-155545c7c000 r-xp 00007000 00:30 1883955979                 /storage/home/hcoda1/4/hyu483/conda_envs/qgis332/lib/python3.11/site-packages/PyQt5/sip.cpython-311-x86_64-linux-gnu.so
155545c7c000-155545c83000 r--p 0001c000 00:30 1883955979                 /storage/home/hcoda1/4/hyu483/conda_envs/qgis332/lib/python3.11/site-packages/PyQt5/sip.cpython-311-x86_64-linux-gnu.so
155545c83000-155545c84000 r--p 00023000 00:30 1883955979                 /storage/home/hcoda1/4/hyu483/conda_envs/qgis332/lib/python3.11/site-packages/PyQt5/sip.cpython-311-x86_64-linux-gnu.so
155545c84000-155545c86000 rw-p 00024000 00:30 1883955979                 /storage/home/hcoda1/4/hyu483/conda_envs/qgis332/lib/python3.11/site-packages/PyQt5/sip.cpython-311-x86_64-linux-gnu.so
155545c86000-155545c87000 r--p 00000000 00:30 1932632623                 /storage/home/hcoda1/4/hyu483/conda_envs/qgis332/lib/libgthread-2.0.so.0.8400.1
155545c87000-155545c88000 r-xp 00001000 00:30 1932632623                 /storage/home/hcoda1/4/hyu483/conda_envs/qgis332/lib/libgthread-2.0.so.0.8400.1
155545c88000-155545c89000 r--p 00002000 00:30 1932632623                 /storage/home/hcoda1/4/hyu483/conda_envs/qgis332/lib/libgthread-2.0.so.0.8400.1
155545c89000-155545c8a000 r--p 00002000 00:30 1932632623                 /storage/home/hcoda1/4/hyu483/conda_envs/qgis332/lib/libgthread-2.0.so.0.8400.1
155545c8a000-155545c8b000 rw-p 00003000 00:30 1932632623                 /storage/home/hcoda1/4/hyu483/conda_envs/qgis332/lib/libgthread-2.0.so.0.8400.1
155545c8b000-155545c8f000 rw-p 00000000 00:00 0 
155545c8f000-155545c90000 rw-s 00000000 00:63 7                          /dev/shm/sem.blhQV2 (deleted)
155545c90000-155545c91000 rw-s 00000000 00:63 6                          /dev/shm/sem.YTwdk6 (deleted)
155545c91000-155545c92000 rw-s 00000000 00:63 5                          /dev/shm/sem.JHAoKj (deleted)
155545c92000-155545c93000 rw-s 00000000 00:63 4                          /dev/shm/sem.9mdnpm (deleted)
155545c93000-155545c95000 r--p 00000000 00:30 1883947862                 /storage/home/hcoda1/4/hyu483/conda_envs/qgis332/lib/python3.11/lib-dynload/_multiprocessing.cpython-311-x86_64-linux-gnu.so
155545c95000-155545c96000 r-xp 00002000 00:30 1883947862                 /storage/home/hcoda1/4/hyu483/conda_envs/qgis332/lib/python3.11/lib-dynload/_multiprocessing.cpython-311-x86_64-linux-gnu.so
155545c96000-155545c97000 r--p 00003000 00:30 1883947862                 /storage/home/hcoda1/4/hyu483/conda_envs/qgis332/lib/python3.11/lib-dynload/_multiprocessing.cpython-311-x86_64-linux-gnu.so
155545c97000-155545c98000 r--p 00003000 00:30 1883947862                 /storage/home/hcoda1/4/hyu483/conda_envs/qgis332/lib/python3.11/lib-dynload/_multiprocessing.cpython-311-x86_64-linux-gnu.so
155545c98000-155545c99000 rw-p 00004000 00:30 1883947862                 /storage/home/hcoda1/4/hyu483/conda_envs/qgis332/lib/python3.11/lib-dynload/_multiprocessing.cpython-311-x86_64-linux-gnu.so
155545c99000-155545ca5000 r--p 00000000 00:30 2007942052                 /storage/home/hcoda1/4/hyu483/conda_envs/qgis332/lib/python3.11/site-packages/osgeo/_osr.cpython-311-x86_64-linux-gnu.so
155545ca5000-155545ce4000 r-xp 0000c000 00:30 2007942052                 /storage/home/hcoda1/4/hyu483/conda_envs/qgis332/lib/python3.11/site-packages/osgeo/_osr.cpython-311-x86_64-linux-gnu.so
155545ce4000-155545d07000 r--p 0004b000 00:30 2007942052                 /storage/home/hcoda1/4/hyu483/conda_envs/qgis332/lib/python3.11/site-packages/osgeo/_osr.cpython-311-x86_64-linux-gnu.so
155545d07000-155545d08000 r--p 0006e000 00:30 2007942052                 /storage/home/hcoda1/4/hyu483/conda_envs/qgis332/lib/python3.11/site-packages/osgeo/_osr.cpython-311-x86_64-linux-gnu.so
155545d08000-155545d0b000 rw-p 0006f000 00:30 2007942052                 /storage/home/hcoda1/4/hyu483/conda_envs/qgis332/lib/python3.11/site-packages/osgeo/_osr.cpython-311-x86_64-linux-gnu.so
155545d0b000-15554610b000 rw-p 00000000 00:00 0 
15554610b000-15554610e000 r--p 00000000 00:30 1883947847                 /storage/home/hcoda1/4/hyu483/conda_envs/qgis332/lib/python3.11/lib-dynload/_csv.cpython-311-x86_64-linux-gnu.so
15554610e000-155546112000 r-xp 00003000 00:30 1883947847                 /storage/home/hcoda1/4/hyu483/conda_envs/qgis332/lib/python3.11/lib-dynload/_csv.cpython-311-x86_64-linux-gnu.so
155546112000-155546115000 r--p 00007000 00:30 1883947847                 /storage/home/hcoda1/4/hyu483/conda_envs/qgis332/lib/python3.11/lib-dynload/_csv.cpython-311-x86_64-linux-gnu.so
155546115000-155546116000 r--p 00009000 00:30 1883947847                 /storage/home/hcoda1/4/hyu483/conda_envs/qgis332/lib/python3.11/lib-dynload/_csv.cpython-311-x86_64-linux-gnu.so
155546116000-155546117000 rw-p 0000a000 00:30 1883947847                 /storage/home/hcoda1/4/hyu483/conda_envs/qgis332/lib/python3.11/lib-dynload/_csv.cpython-311-x86_64-linux-gnu.so
155546117000-155546217000 rw-p 00000000 00:00 0 
155546217000-155546219000 r--p 00000000 00:30 1917423856                 /storage/home/hcoda1/4/hyu483/conda_envs/qgis332/lib/libuuid.so.1.3.0
155546219000-15554621d000 r-xp 00002000 00:30 1917423856                 /storage/home/hcoda1/4/hyu483/conda_envs/qgis332/lib/libuuid.so.1.3.0
15554621d000-15554621e000 r--p 00006000 00:30 1917423856                 /storage/home/hcoda1/4/hyu483/conda_envs/qgis332/lib/libuuid.so.1.3.0
15554621e000-15554621f000 r--p 00006000 00:30 1917423856                 /storage/home/hcoda1/4/hyu483/conda_envs/qgis332/lib/libuuid.so.1.3.0
15554621f000-155546220000 rw-p 00007000 00:30 1917423856                 /storage/home/hcoda1/4/hyu483/conda_envs/qgis332/lib/libuuid.so.1.3.0
155546220000-155546221000 r--p 00000000 00:30 1883947886                 /storage/home/hcoda1/4/hyu483/conda_envs/qgis332/lib/python3.11/lib-dynload/_uuid.cpython-311-x86_64-linux-gnu.so
155546221000-155546222000 r-xp 00001000 00:30 1883947886                 /storage/home/hcoda1/4/hyu483/conda_envs/qgis332/lib/python3.11/lib-dynload/_uuid.cpython-311-x86_64-linux-gnu.so
155546222000-155546223000 r--p 00002000 00:30 1883947886                 /storage/home/hcoda1/4/hyu483/conda_envs/qgis332/lib/python3.11/lib-dynload/_uuid.cpython-311-x86_64-linux-gnu.so
155546223000-155546224000 r--p 00002000 00:30 1883947886                 /storage/home/hcoda1/4/hyu483/conda_envs/qgis332/lib/python3.11/lib-dynload/_uuid.cpython-311-x86_64-linux-gnu.so
155546224000-155546225000 rw-p 00003000 00:30 1883947886                 /storage/home/hcoda1/4/hyu483/conda_envs/qgis332/lib/python3.11/lib-dynload/_uuid.cpython-311-x86_64-linux-gnu.so
155546225000-15554622a000 r--p 00000000 00:30 1917322248                 /storage/home/hcoda1/4/hyu483/conda_envs/qgis332/lib/liblzma.so.5
15554622a000-155546248000 r-xp 00005000 00:30 1917322248                 /storage/home/hcoda1/4/hyu483/conda_envs/qgis332/lib/liblzma.so.5
155546248000-155546254000 r--p 00023000 00:30 1917322248                 /storage/home/hcoda1/4/hyu483/conda_envs/qgis332/lib/liblzma.so.5
155546254000-155546255000 r--p 0002f000 00:30 1917322248                 /storage/home/hcoda1/4/hyu483/conda_envs/qgis332/lib/liblzma.so.5
155546255000-155546256000 rw-p 00030000 00:30 1917322248                 /storage/home/hcoda1/4/hyu483/conda_envs/qgis332/lib/liblzma.so.5
155546256000-155546259000 r--p 00000000 00:30 1883947859                 /storage/home/hcoda1/4/hyu483/conda_envs/qgis332/lib/python3.11/lib-dynload/_lzma.cpython-311-x86_64-linux-gnu.so
155546259000-15554625d000 r-xp 00003000 00:30 1883947859                 /storage/home/hcoda1/4/hyu483/conda_envs/qgis332/lib/python3.11/lib-dynload/_lzma.cpython-311-x86_64-linux-gnu.so
15554625d000-155546260000 r--p 00007000 00:30 1883947859                 /storage/home/hcoda1/4/hyu483/conda_envs/qgis332/lib/python3.11/lib-dynload/_lzma.cpython-311-x86_64-linux-gnu.so
155546260000-155546261000 r--p 00009000 00:30 1883947859                 /storage/home/hcoda1/4/hyu483/conda_envs/qgis332/lib/python3.11/lib-dynload/_lzma.cpython-311-x86_64-linux-gnu.so
155546261000-155546262000 rw-p 0000a000 00:30 1883947859                 /storage/home/hcoda1/4/hyu483/conda_envs/qgis332/lib/python3.11/lib-dynload/_lzma.cpython-311-x86_64-linux-gnu.so
155546262000-155546264000 r--p 00000000 00:30 1917424859                 /storage/home/hcoda1/4/hyu483/conda_envs/qgis332/lib/libbz2.so.1.0.8
155546264000-155546272000 r-xp 00002000 00:30 1917424859                 /storage/home/hcoda1/4/hyu483/conda_envs/qgis332/lib/libbz2.so.1.0.8
155546272000-155546274000 r--p 00010000 00:30 1917424859                 /storage/home/hcoda1/4/hyu483/conda_envs/qgis332/lib/libbz2.so.1.0.8
155546274000-155546275000 r--p 00011000 00:30 1917424859                 /storage/home/hcoda1/4/hyu483/conda_envs/qgis332/lib/libbz2.so.1.0.8
155546275000-155546276000 rw-p 00012000 00:30 1917424859                 /storage/home/hcoda1/4/hyu483/conda_envs/qgis332/lib/libbz2.so.1.0.8
155546276000-155546278000 r--p 00000000 00:30 1883947838                 /storage/home/hcoda1/4/hyu483/conda_envs/qgis332/lib/python3.11/lib-dynload/_bz2.cpython-311-x86_64-linux-gnu.so
155546278000-15554627a000 r-xp 00002000 00:30 1883947838                 /storage/home/hcoda1/4/hyu483/conda_envs/qgis332/lib/python3.11/lib-dynload/_bz2.cpython-311-x86_64-linux-gnu.so
15554627a000-15554627c000 r--p 00004000 00:30 1883947838                 /storage/home/hcoda1/4/hyu483/conda_envs/qgis332/lib/python3.11/lib-dynload/_bz2.cpython-311-x86_64-linux-gnu.so
15554627c000-15554627d000 r--p 00005000 00:30 1883947838                 /storage/home/hcoda1/4/hyu483/conda_envs/qgis332/lib/python3.11/lib-dynload/_bz2.cpython-311-x86_64-linux-gnu.so
15554627d000-15554627e000 rw-p 00006000 00:30 1883947838                 /storage/home/hcoda1/4/hyu483/conda_envs/qgis332/lib/python3.11/lib-dynload/_bz2.cpython-311-x86_64-linux-gnu.so
15554627e000-155546281000 r--p 00000000 00:30 1883947906                 /storage/home/hcoda1/4/hyu483/conda_envs/qgis332/lib/python3.11/lib-dynload/termios.cpython-311-x86_64-linux-gnu.so
155546281000-155546282000 r-xp 00003000 00:30 1883947906                 /storage/home/hcoda1/4/hyu483/conda_envs/qgis332/lib/python3.11/lib-dynload/termios.cpython-311-x86_64-linux-gnu.so
155546282000-155546284000 r--p 00004000 00:30 1883947906                 /storage/home/hcoda1/4/hyu483/conda_envs/qgis332/lib/python3.11/lib-dynload/termios.cpython-311-x86_64-linux-gnu.so
155546284000-155546285000 r--p 00005000 00:30 1883947906                 /storage/home/hcoda1/4/hyu483/conda_envs/qgis332/lib/python3.11/lib-dynload/termios.cpython-311-x86_64-linux-gnu.so
155546285000-155546287000 rw-p 00006000 00:30 1883947906                 /storage/home/hcoda1/4/hyu483/conda_envs/qgis332/lib/python3.11/lib-dynload/termios.cpython-311-x86_64-linux-gnu.so
155546287000-155546387000 rw-p 00000000 00:00 0 
155546387000-15554638e000 r--p 00000000 00:30 1883947853                 /storage/home/hcoda1/4/hyu483/conda_envs/qgis332/lib/python3.11/lib-dynload/_decimal.cpython-311-x86_64-linux-gnu.so
15554638e000-1555463c0000 r-xp 00007000 00:30 1883947853                 /storage/home/hcoda1/4/hyu483/conda_envs/qgis332/lib/python3.11/lib-dynload/_decimal.cpython-311-x86_64-linux-gnu.so
1555463c0000-1555463d0000 r--p 00039000 00:30 1883947853                 /storage/home/hcoda1/4/hyu483/conda_envs/qgis332/lib/python3.11/lib-dynload/_decimal.cpython-311-x86_64-linux-gnu.so
1555463d0000-1555463d1000 r--p 00049000 00:30 1883947853                 /storage/home/hcoda1/4/hyu483/conda_envs/qgis332/lib/python3.11/lib-dynload/_decimal.cpython-311-x86_64-linux-gnu.so
1555463d1000-1555463d4000 rw-p 0004a000 00:30 1883947853                 /storage/home/hcoda1/4/hyu483/conda_envs/qgis332/lib/python3.11/lib-dynload/_decimal.cpython-311-x86_64-linux-gnu.so
1555463d4000-1555464d4000 rw-p 00000000 00:00 0 
1555464d4000-1555464e5000 r--p 00000000 00:30 1883927592                 /storage/home/hcoda1/4/hyu483/conda_envs/qgis332/lib/libtinfow.so.6.5
1555464e5000-155546502000 r-xp 00011000 00:30 1883927592                 /storage/home/hcoda1/4/hyu483/conda_envs/qgis332/lib/libtinfow.so.6.5
155546502000-155546513000 r--p 0002e000 00:30 1883927592                 /storage/home/hcoda1/4/hyu483/conda_envs/qgis332/lib/libtinfow.so.6.5
155546513000-155546517000 r--p 0003f000 00:30 1883927592                 /storage/home/hcoda1/4/hyu483/conda_envs/qgis332/lib/libtinfow.so.6.5
155546517000-155546518000 rw-p 00043000 00:30 1883927592                 /storage/home/hcoda1/4/hyu483/conda_envs/qgis332/lib/libtinfow.so.6.5
155546518000-155546524000 r--p 00000000 00:30 1917440039                 /storage/home/hcoda1/4/hyu483/conda_envs/qgis332/lib/libncursesw.so.6.5
155546524000-155546549000 r-xp 0000c000 00:30 1917440039                 /storage/home/hcoda1/4/hyu483/conda_envs/qgis332/lib/libncursesw.so.6.5
155546549000-155546551000 r--p 00031000 00:30 1917440039                 /storage/home/hcoda1/4/hyu483/conda_envs/qgis332/lib/libncursesw.so.6.5
155546551000-155546552000 r--p 00039000 00:30 1917440039                 /storage/home/hcoda1/4/hyu483/conda_envs/qgis332/lib/libncursesw.so.6.5
155546552000-155546553000 rw-p 0003a000 00:30 1917440039                 /storage/home/hcoda1/4/hyu483/conda_envs/qgis332/lib/libncursesw.so.6.5
155546553000-15554655b000 r--p 00000000 00:30 1883947850                 /storage/home/hcoda1/4/hyu483/conda_envs/qgis332/lib/python3.11/lib-dynload/_curses.cpython-311-x86_64-linux-gnu.so
15554655b000-155546568000 r-xp 00008000 00:30 1883947850                 /storage/home/hcoda1/4/hyu483/conda_envs/qgis332/lib/python3.11/lib-dynload/_curses.cpython-311-x86_64-linux-gnu.so
155546568000-155546573000 r--p 00015000 00:30 1883947850                 /storage/home/hcoda1/4/hyu483/conda_envs/qgis332/lib/python3.11/lib-dynload/_curses.cpython-311-x86_64-linux-gnu.so
155546573000-155546574000 r--p 0001f000 00:30 1883947850                 /storage/home/hcoda1/4/hyu483/conda_envs/qgis332/lib/python3.11/lib-dynload/_curses.cpython-311-x86_64-linux-gnu.so
155546574000-155546576000 rw-p 00020000 00:30 1883947850                 /storage/home/hcoda1/4/hyu483/conda_envs/qgis332/lib/python3.11/lib-dynload/_curses.cpython-311-x86_64-linux-gnu.so
155546576000-15554657b000 r--p 00000000 00:30 1883947852                 /storage/home/hcoda1/4/hyu483/conda_envs/qgis332/lib/python3.11/lib-dynload/_datetime.cpython-311-x86_64-linux-gnu.so
15554657b000-15554658c000 r-xp 00005000 00:30 1883947852                 /storage/home/hcoda1/4/hyu483/conda_envs/qgis332/lib/python3.11/lib-dynload/_datetime.cpython-311-x86_64-linux-gnu.so
15554658c000-155546592000 r--p 00016000 00:30 1883947852                 /storage/home/hcoda1/4/hyu483/conda_envs/qgis332/lib/python3.11/lib-dynload/_datetime.cpython-311-x86_64-linux-gnu.so
155546592000-155546593000 r--p 0001b000 00:30 1883947852                 /storage/home/hcoda1/4/hyu483/conda_envs/qgis332/lib/python3.11/lib-dynload/_datetime.cpython-311-x86_64-linux-gnu.so
155546593000-155546595000 rw-p 0001c000 00:30 1883947852                 /storage/home/hcoda1/4/hyu483/conda_envs/qgis332/lib/python3.11/lib-dynload/_datetime.cpython-311-x86_64-linux-gnu.so
155546595000-155546795000 rw-p 00000000 00:00 0 
155546795000-155546796000 rw-s 00000000 00:63 3                          /dev/shm/sem.mQQxo4 (deleted)
155546796000-155546797000 rw-s 00000000 00:63 2                          /dev/shm/sem.Blk8yp (deleted)
155546797000-155546799000 r--p 00000000 00:30 1883947858                 /storage/home/hcoda1/4/hyu483/conda_envs/qgis332/lib/python3.11/lib-dynload/_lsprof.cpython-311-x86_64-linux-gnu.so
155546799000-15554679b000 r-xp 00002000 00:30 1883947858                 /storage/home/hcoda1/4/hyu483/conda_envs/qgis332/lib/python3.11/lib-dynload/_lsprof.cpython-311-x86_64-linux-gnu.so
15554679b000-15554679c000 r--p 00004000 00:30 1883947858                 /storage/home/hcoda1/4/hyu483/conda_envs/qgis332/lib/python3.11/lib-dynload/_lsprof.cpython-311-x86_64-linux-gnu.so
15554679c000-15554679d000 r--p 00005000 00:30 1883947858                 /storage/home/hcoda1/4/hyu483/conda_envs/qgis332/lib/python3.11/lib-dynload/_lsprof.cpython-311-x86_64-linux-gnu.so
15554679d000-15554679e000 rw-p 00006000 00:30 1883947858                 /storage/home/hcoda1/4/hyu483/conda_envs/qgis332/lib/python3.11/lib-dynload/_lsprof.cpython-311-x86_64-linux-gnu.so
15554679e000-1555467a2000 r--p 00000000 00:30 1917321451                 /storage/home/hcoda1/4/hyu483/conda_envs/qgis332/lib/libexpat.so.1.10.1
1555467a2000-1555467be000 r-xp 00004000 00:30 1917321451                 /storage/home/hcoda1/4/hyu483/conda_envs/qgis332/lib/libexpat.so.1.10.1
1555467be000-1555467c6000 r--p 00020000 00:30 1917321451                 /storage/home/hcoda1/4/hyu483/conda_envs/qgis332/lib/libexpat.so.1.10.1
1555467c6000-1555467c8000 r--p 00028000 00:30 1917321451                 /storage/home/hcoda1/4/hyu483/conda_envs/qgis332/lib/libexpat.so.1.10.1
1555467c8000-1555467c9000 rw-p 0002a000 00:30 1917321451                 /storage/home/hcoda1/4/hyu483/conda_envs/qgis332/lib/libexpat.so.1.10.1
1555467c9000-1555467ce000 r--p 00000000 00:30 1883947900                 /storage/home/hcoda1/4/hyu483/conda_envs/qgis332/lib/python3.11/lib-dynload/pyexpat.cpython-311-x86_64-linux-gnu.so
1555467ce000-1555467d3000 r-xp 00005000 00:30 1883947900                 /storage/home/hcoda1/4/hyu483/conda_envs/qgis332/lib/python3.11/lib-dynload/pyexpat.cpython-311-x86_64-linux-gnu.so
1555467d3000-1555467d7000 r--p 0000a000 00:30 1883947900                 /storage/home/hcoda1/4/hyu483/conda_envs/qgis332/lib/python3.11/lib-dynload/pyexpat.cpython-311-x86_64-linux-gnu.so
1555467d7000-1555467d8000 r--p 0000d000 00:30 1883947900                 /storage/home/hcoda1/4/hyu483/conda_envs/qgis332/lib/python3.11/lib-dynload/pyexpat.cpython-311-x86_64-linux-gnu.so
1555467d8000-1555467da000 rw-p 0000e000 00:30 1883947900                 /storage/home/hcoda1/4/hyu483/conda_envs/qgis332/lib/python3.11/lib-dynload/pyexpat.cpython-311-x86_64-linux-gnu.so
1555467da000-1555467e2000 r--p 00000000 00:30 1883947874                 /storage/home/hcoda1/4/hyu483/conda_envs/qgis332/lib/python3.11/lib-dynload/_sqlite3.cpython-311-x86_64-linux-gnu.so
1555467e2000-1555467f0000 r-xp 00008000 00:30 1883947874                 /storage/home/hcoda1/4/hyu483/conda_envs/qgis332/lib/python3.11/lib-dynload/_sqlite3.cpython-311-x86_64-linux-gnu.so
1555467f0000-1555467f7000 r--p 00016000 00:30 1883947874                 /storage/home/hcoda1/4/hyu483/conda_envs/qgis332/lib/python3.11/lib-dynload/_sqlite3.cpython-311-x86_64-linux-gnu.so
1555467f7000-1555467f9000 r--p 0001c000 00:30 1883947874                 /storage/home/hcoda1/4/hyu483/conda_envs/qgis332/lib/python3.11/lib-dynload/_sqlite3.cpython-311-x86_64-linux-gnu.so
1555467f9000-1555467fb000 rw-p 0001e000 00:30 1883947874                 /storage/home/hcoda1/4/hyu483/conda_envs/qgis332/lib/python3.11/lib-dynload/_sqlite3.cpython-311-x86_64-linux-gnu.so
1555467fb000-155546800000 r--p 00000000 00:30 1883947835                 /storage/home/hcoda1/4/hyu483/conda_envs/qgis332/lib/python3.11/lib-dynload/_asyncio.cpython-311-x86_64-linux-gnu.so
155546800000-155546805000 r-xp 00005000 00:30 1883947835                 /storage/home/hcoda1/4/hyu483/conda_envs/qgis332/lib/python3.11/lib-dynload/_asyncio.cpython-311-x86_64-linux-gnu.so
155546805000-155546809000 r--p 0000a000 00:30 1883947835                 /storage/home/hcoda1/4/hyu483/conda_envs/qgis332/lib/python3.11/lib-dynload/_asyncio.cpython-311-x86_64-linux-gnu.so
155546809000-15554680a000 r--p 0000d000 00:30 1883947835                 /storage/home/hcoda1/4/hyu483/conda_envs/qgis332/lib/python3.11/lib-dynload/_asyncio.cpython-311-x86_64-linux-gnu.so
15554680a000-15554680c000 rw-p 0000e000 00:30 1883947835                 /storage/home/hcoda1/4/hyu483/conda_envs/qgis332/lib/python3.11/lib-dynload/_asyncio.cpython-311-x86_64-linux-gnu.so
15554680c000-15554680d000 r--p 00000000 00:30 1883947845                 /storage/home/hcoda1/4/hyu483/conda_envs/qgis332/lib/python3.11/lib-dynload/_contextvars.cpython-311-x86_64-linux-gnu.so
15554680d000-15554680e000 r-xp 00001000 00:30 1883947845                 /storage/home/hcoda1/4/hyu483/conda_envs/qgis332/lib/python3.11/lib-dynload/_contextvars.cpython-311-x86_64-linux-gnu.so
15554680e000-15554680f000 r--p 00002000 00:30 1883947845                 /storage/home/hcoda1/4/hyu483/conda_envs/qgis332/lib/python3.11/lib-dynload/_contextvars.cpython-311-x86_64-linux-gnu.so
15554680f000-155546810000 r--p 00002000 00:30 1883947845                 /storage/home/hcoda1/4/hyu483/conda_envs/qgis332/lib/python3.11/lib-dynload/_contextvars.cpython-311-x86_64-linux-gnu.so
155546810000-155546811000 rw-p 00003000 00:30 1883947845                 /storage/home/hcoda1/4/hyu483/conda_envs/qgis332/lib/python3.11/lib-dynload/_contextvars.cpython-311-x86_64-linux-gnu.so
155546811000-155546911000 rw-p 00000000 00:00 0 
155546911000-155546914000 r--p 00000000 00:30 1917447966                 /storage/home/hcoda1/4/hyu483/conda_envs/qgis332/lib/libz.so.1.3.1
155546914000-155546923000 r-xp 00003000 00:30 1917447966                 /storage/home/hcoda1/4/hyu483/conda_envs/qgis332/lib/libz.so.1.3.1
155546923000-15554692a000 r--p 00012000 00:30 1917447966                 /storage/home/hcoda1/4/hyu483/conda_envs/qgis332/lib/libz.so.1.3.1
15554692a000-15554692b000 r--p 00018000 00:30 1917447966                 /storage/home/hcoda1/4/hyu483/conda_envs/qgis332/lib/libz.so.1.3.1
15554692b000-15554692c000 rw-p 00019000 00:30 1917447966                 /storage/home/hcoda1/4/hyu483/conda_envs/qgis332/lib/libz.so.1.3.1
15554692c000-15554692e000 r--p 00000000 00:30 1883947892                 /storage/home/hcoda1/4/hyu483/conda_envs/qgis332/lib/python3.11/lib-dynload/binascii.cpython-311-x86_64-linux-gnu.so
15554692e000-155546931000 r-xp 00002000 00:30 1883947892                 /storage/home/hcoda1/4/hyu483/conda_envs/qgis332/lib/python3.11/lib-dynload/binascii.cpython-311-x86_64-linux-gnu.so
155546931000-155546933000 r--p 00005000 00:30 1883947892                 /storage/home/hcoda1/4/hyu483/conda_envs/qgis332/lib/python3.11/lib-dynload/binascii.cpython-311-x86_64-linux-gnu.so
155546933000-155546934000 r--p 00006000 00:30 1883947892                 /storage/home/hcoda1/4/hyu483/conda_envs/qgis332/lib/python3.11/lib-dynload/binascii.cpython-311-x86_64-linux-gnu.so
155546934000-155546935000 rw-p 00007000 00:30 1883947892                 /storage/home/hcoda1/4/hyu483/conda_envs/qgis332/lib/python3.11/lib-dynload/binascii.cpython-311-x86_64-linux-gnu.so
155546935000-155546959000 r--p 00000000 00:30 1966296730                 /storage/home/hcoda1/4/hyu483/conda_envs/qgis332/lib/libssl.so.3
155546959000-1555469f3000 r-xp 00024000 00:30 1966296730                 /storage/home/hcoda1/4/hyu483/conda_envs/qgis332/lib/libssl.so.3
1555469f3000-155546a23000 r--p 000be000 00:30 1966296730                 /storage/home/hcoda1/4/hyu483/conda_envs/qgis332/lib/libssl.so.3
155546a23000-155546a2d000 r--p 000ee000 00:30 1966296730                 /storage/home/hcoda1/4/hyu483/conda_envs/qgis332/lib/libssl.so.3
155546a2d000-155546a31000 rw-p 000f8000 00:30 1966296730                 /storage/home/hcoda1/4/hyu483/conda_envs/qgis332/lib/libssl.so.3
155546a31000-155546a44000 r--p 00000000 00:30 1883947875                 /storage/home/hcoda1/4/hyu483/conda_envs/qgis332/lib/python3.11/lib-dynload/_ssl.cpython-311-x86_64-linux-gnu.so
155546a44000-155546a4e000 r-xp 00013000 00:30 1883947875                 /storage/home/hcoda1/4/hyu483/conda_envs/qgis332/lib/python3.11/lib-dynload/_ssl.cpython-311-x86_64-linux-gnu.so
155546a4e000-155546a5c000 r--p 0001d000 00:30 1883947875                 /storage/home/hcoda1/4/hyu483/conda_envs/qgis332/lib/python3.11/lib-dynload/_ssl.cpython-311-x86_64-linux-gnu.so
155546a5c000-155546a5d000 r--p 0002b000 00:30 1883947875                 /storage/home/hcoda1/4/hyu483/conda_envs/qgis332/lib/python3.11/lib-dynload/_ssl.cpython-311-x86_64-linux-gnu.so
155546a5d000-155546a65000 rw-p 0002c000 00:30 1883947875                 /storage/home/hcoda1/4/hyu483/conda_envs/qgis332/lib/python3.11/lib-dynload/_ssl.cpython-311-x86_64-linux-gnu.so
155546a65000-155546a69000 r--p 00000000 00:30 1883947890                 /storage/home/hcoda1/4/hyu483/conda_envs/qgis332/lib/python3.11/lib-dynload/array.cpython-311-x86_64-linux-gnu.so
155546a69000-155546a70000 r-xp 00004000 00:30 1883947890                 /storage/home/hcoda1/4/hyu483/conda_envs/qgis332/lib/python3.11/lib-dynload/array.cpython-311-x86_64-linux-gnu.so
155546a70000-155546a74000 r--p 0000b000 00:30 1883947890                 /storage/home/hcoda1/4/hyu483/conda_envs/qgis332/lib/python3.11/lib-dynload/array.cpython-311-x86_64-linux-gnu.so
155546a74000-155546a75000 r--p 0000f000 00:30 1883947890                 /storage/home/hcoda1/4/hyu483/conda_envs/qgis332/lib/python3.11/lib-dynload/array.cpython-311-x86_64-linux-gnu.so
155546a75000-155546a76000 rw-p 00010000 00:30 1883947890                 /storage/home/hcoda1/4/hyu483/conda_envs/qgis332/lib/python3.11/lib-dynload/array.cpython-311-x86_64-linux-gnu.so
155546a76000-155546a7b000 r--p 00000000 00:30 1883947873                 /storage/home/hcoda1/4/hyu483/conda_envs/qgis332/lib/python3.11/lib-dynload/_socket.cpython-311-x86_64-linux-gnu.so
155546a7b000-155546a83000 r-xp 00005000 00:30 1883947873                 /storage/home/hcoda1/4/hyu483/conda_envs/qgis332/lib/python3.11/lib-dynload/_socket.cpython-311-x86_64-linux-gnu.so
155546a83000-155546a8b000 r--p 0000d000 00:30 1883947873                 /storage/home/hcoda1/4/hyu483/conda_envs/qgis332/lib/python3.11/lib-dynload/_socket.cpython-311-x86_64-linux-gnu.so
155546a8b000-155546a8c000 r--p 00014000 00:30 1883947873                 /storage/home/hcoda1/4/hyu483/conda_envs/qgis332/lib/python3.11/lib-dynload/_socket.cpython-311-x86_64-linux-gnu.so
155546a8c000-155546a8d000 rw-p 00015000 00:30 1883947873                 /storage/home/hcoda1/4/hyu483/conda_envs/qgis332/lib/python3.11/lib-dynload/_socket.cpython-311-x86_64-linux-gnu.so
155546a8d000-155546a8e000 r--p 00000000 00:30 1883947856                 /storage/home/hcoda1/4/hyu483/conda_envs/qgis332/lib/python3.11/lib-dynload/_heapq.cpython-311-x86_64-linux-gnu.so
155546a8e000-155546a91000 r-xp 00001000 00:30 1883947856                 /storage/home/hcoda1/4/hyu483/conda_envs/qgis332/lib/python3.11/lib-dynload/_heapq.cpython-311-x86_64-linux-gnu.so
155546a91000-155546a94000 r--p 00004000 00:30 1883947856                 /storage/home/hcoda1/4/hyu483/conda_envs/qgis332/lib/python3.11/lib-dynload/_heapq.cpython-311-x86_64-linux-gnu.so
155546a94000-155546a95000 r--p 00006000 00:30 1883947856                 /storage/home/hcoda1/4/hyu483/conda_envs/qgis332/lib/python3.11/lib-dynload/_heapq.cpython-311-x86_64-linux-gnu.so
155546a95000-155546a96000 rw-p 00007000 00:30 1883947856                 /storage/home/hcoda1/4/hyu483/conda_envs/qgis332/lib/python3.11/lib-dynload/_heapq.cpython-311-x86_64-linux-gnu.so
155546a96000-155546b96000 rw-p 00000000 00:00 0 
155546b96000-155546b98000 r--p 00000000 00:30 1883947872                 /storage/home/hcoda1/4/hyu483/conda_envs/qgis332/lib/python3.11/lib-dynload/_sha512.cpython-311-x86_64-linux-gnu.so
155546b98000-155546b9c000 r-xp 00002000 00:30 1883947872                 /storage/home/hcoda1/4/hyu483/conda_envs/qgis332/lib/python3.11/lib-dynload/_sha512.cpython-311-x86_64-linux-gnu.so
155546b9c000-155546b9d000 r--p 00006000 00:30 1883947872                 /storage/home/hcoda1/4/hyu483/conda_envs/qgis332/lib/python3.11/lib-dynload/_sha512.cpython-311-x86_64-linux-gnu.so
155546b9d000-155546b9e000 r--p 00006000 00:30 1883947872                 /storage/home/hcoda1/4/hyu483/conda_envs/qgis332/lib/python3.11/lib-dynload/_sha512.cpython-311-x86_64-linux-gnu.so
155546b9e000-155546b9f000 rw-p 00007000 00:30 1883947872                 /storage/home/hcoda1/4/hyu483/conda_envs/qgis332/lib/python3.11/lib-dynload/_sha512.cpython-311-x86_64-linux-gnu.so
155546b9f000-155546ba1000 r--p 00000000 00:30 1883947868                 /storage/home/hcoda1/4/hyu483/conda_envs/qgis332/lib/python3.11/lib-dynload/_random.cpython-311-x86_64-linux-gnu.so
155546ba1000-155546ba3000 r-xp 00002000 00:30 1883947868                 /storage/home/hcoda1/4/hyu483/conda_envs/qgis332/lib/python3.11/lib-dynload/_random.cpython-311-x86_64-linux-gnu.so
155546ba3000-155546ba4000 r--p 00004000 00:30 1883947868                 /storage/home/hcoda1/4/hyu483/conda_envs/qgis332/lib/python3.11/lib-dynload/_random.cpython-311-x86_64-linux-gnu.so
155546ba4000-155546ba5000 r--p 00004000 00:30 1883947868                 /storage/home/hcoda1/4/hyu483/conda_envs/qgis332/lib/python3.11/lib-dynload/_random.cpython-311-x86_64-linux-gnu.so
155546ba5000-155546ba6000 rw-p 00005000 00:30 1883947868                 /storage/home/hcoda1/4/hyu483/conda_envs/qgis332/lib/python3.11/lib-dynload/_random.cpython-311-x86_64-linux-gnu.so
155546ba6000-155546ba8000 r--p 00000000 00:30 1883947836                 /storage/home/hcoda1/4/hyu483/conda_envs/qgis332/lib/python3.11/lib-dynload/_bisect.cpython-311-x86_64-linux-gnu.so
155546ba8000-155546ba9000 r-xp 00002000 00:30 1883947836                 /storage/home/hcoda1/4/hyu483/conda_envs/qgis332/lib/python3.11/lib-dynload/_bisect.cpython-311-x86_64-linux-gnu.so
155546ba9000-155546baa000 r--p 00003000 00:30 1883947836                 /storage/home/hcoda1/4/hyu483/conda_envs/qgis332/lib/python3.11/lib-dynload/_bisect.cpython-311-x86_64-linux-gnu.so
155546baa000-155546bab000 r--p 00003000 00:30 1883947836                 /storage/home/hcoda1/4/hyu483/conda_envs/qgis332/lib/python3.11/lib-dynload/_bisect.cpython-311-x86_64-linux-gnu.so
155546bab000-155546bac000 rw-p 00004000 00:30 1883947836                 /storage/home/hcoda1/4/hyu483/conda_envs/qgis332/lib/python3.11/lib-dynload/_bisect.cpython-311-x86_64-linux-gnu.so
155546bac000-155546bb1000 r--p 00000000 00:30 1883947864                 /storage/home/hcoda1/4/hyu483/conda_envs/qgis332/lib/python3.11/lib-dynload/_pickle.cpython-311-x86_64-linux-gnu.so
155546bb1000-155546bc2000 r-xp 00005000 00:30 1883947864                 /storage/home/hcoda1/4/hyu483/conda_envs/qgis332/lib/python3.11/lib-dynload/_pickle.cpython-311-x86_64-linux-gnu.so
155546bc2000-155546bc8000 r--p 00016000 00:30 1883947864                 /storage/home/hcoda1/4/hyu483/conda_envs/qgis332/lib/python3.11/lib-dynload/_pickle.cpython-311-x86_64-linux-gnu.so
155546bc8000-155546bc9000 r--p 0001c000 00:30 1883947864                 /storage/home/hcoda1/4/hyu483/conda_envs/qgis332/lib/python3.11/lib-dynload/_pickle.cpython-311-x86_64-linux-gnu.so
155546bc9000-155546bca000 rw-p 0001d000 00:30 1883947864                 /storage/home/hcoda1/4/hyu483/conda_envs/qgis332/lib/python3.11/lib-dynload/_pickle.cpython-311-x86_64-linux-gnu.so
155546bca000-155546cca000 rw-p 00000000 00:00 0 
155546cca000-155546cce000 r--p 00000000 fd:00 33554588                   /usr/lib64/libresolv.so.2
155546cce000-155546cd7000 r-xp 00004000 fd:00 33554588                   /usr/lib64/libresolv.so.2
155546cd7000-155546cda000 r--p 0000d000 fd:00 33554588                   /usr/lib64/libresolv.so.2
155546cda000-155546cdb000 r--p 0000f000 fd:00 33554588                   /usr/lib64/libresolv.so.2
155546cdb000-155546cdc000 rw-p 00010000 fd:00 33554588                   /usr/lib64/libresolv.so.2
155546cdc000-155546cde000 rw-p 00000000 00:00 0 
155546cde000-155546cdf000 r--p 00000000 00:30 1883947863                 /storage/home/hcoda1/4/hyu483/conda_envs/qgis332/lib/python3.11/lib-dynload/_opcode.cpython-311-x86_64-linux-gnu.so
155546cdf000-155546ce0000 r-xp 00001000 00:30 1883947863                 /storage/home/hcoda1/4/hyu483/conda_envs/qgis332/lib/python3.11/lib-dynload/_opcode.cpython-311-x86_64-linux-gnu.so
155546ce0000-155546ce1000 r--p 00002000 00:30 1883947863                 /storage/home/hcoda1/4/hyu483/conda_envs/qgis332/lib/python3.11/lib-dynload/_opcode.cpython-311-x86_64-linux-gnu.so
155546ce1000-155546ce2000 r--p 00002000 00:30 1883947863                 /storage/home/hcoda1/4/hyu483/conda_envs/qgis332/lib/python3.11/lib-dynload/_opcode.cpython-311-x86_64-linux-gnu.so
155546ce2000-155546ce3000 rw-p 00003000 00:30 1883947863                 /storage/home/hcoda1/4/hyu483/conda_envs/qgis332/lib/python3.11/lib-dynload/_opcode.cpython-311-x86_64-linux-gnu.so
155546ce3000-155546ce7000 r--p 00000000 00:30 1883947877                 /storage/home/hcoda1/4/hyu483/conda_envs/qgis332/lib/python3.11/lib-dynload/_struct.cpython-311-x86_64-linux-gnu.so
155546ce7000-155546cec000 r-xp 00004000 00:30 1883947877                 /storage/home/hcoda1/4/hyu483/conda_envs/qgis332/lib/python3.11/lib-dynload/_struct.cpython-311-x86_64-linux-gnu.so
155546cec000-155546cf0000 r--p 00009000 00:30 1883947877                 /storage/home/hcoda1/4/hyu483/conda_envs/qgis332/lib/python3.11/lib-dynload/_struct.cpython-311-x86_64-linux-gnu.so
155546cf0000-155546cf1000 r--p 0000c000 00:30 1883947877                 /storage/home/hcoda1/4/hyu483/conda_envs/qgis332/lib/python3.11/lib-dynload/_struct.cpython-311-x86_64-linux-gnu.so
155546cf1000-155546cf2000 rw-p 0000d000 00:30 1883947877                 /storage/home/hcoda1/4/hyu483/conda_envs/qgis332/lib/python3.11/lib-dynload/_struct.cpython-311-x86_64-linux-gnu.so
155546cf2000-155546de0000 r--p 00000000 00:30 1966296576                 /storage/home/hcoda1/4/hyu483/conda_envs/qgis332/lib/libcrypto.so.3
155546de0000-155547142000 r-xp 000ee000 00:30 1966296576                 /storage/home/hcoda1/4/hyu483/conda_envs/qgis332/lib/libcrypto.so.3
155547142000-155547278000 r--p 00450000 00:30 1966296576                 /storage/home/hcoda1/4/hyu483/conda_envs/qgis332/lib/libcrypto.so.3
155547278000-1555472fa000 r--p 00585000 00:30 1966296576                 /storage/home/hcoda1/4/hyu483/conda_envs/qgis332/lib/libcrypto.so.3
1555472fa000-1555472fd000 rw-p 00607000 00:30 1966296576                 /storage/home/hcoda1/4/hyu483/conda_envs/qgis332/lib/libcrypto.so.3
1555472fd000-155547300000 rw-p 00000000 00:00 0 
155547300000-155547302000 r--p 00000000 00:30 1917445387                 /storage/home/hcoda1/4/hyu483/conda_envs/qgis332/lib/libkeyutils.so.1.9
155547302000-155547304000 r-xp 00002000 00:30 1917445387                 /storage/home/hcoda1/4/hyu483/conda_envs/qgis332/lib/libkeyutils.so.1.9
155547304000-155547305000 r--p 00004000 00:30 1917445387                 /storage/home/hcoda1/4/hyu483/conda_envs/qgis332/lib/libkeyutils.so.1.9
155547305000-155547306000 r--p 00004000 00:30 1917445387                 /storage/home/hcoda1/4/hyu483/conda_envs/qgis332/lib/libkeyutils.so.1.9
155547306000-155547307000 rw-p 00005000 00:30 1917445387                 /storage/home/hcoda1/4/hyu483/conda_envs/qgis332/lib/libkeyutils.so.1.9
155547307000-15554730b000 r--p 00000000 00:30 1917424600                 /storage/home/hcoda1/4/hyu483/conda_envs/qgis332/lib/libkrb5support.so.0.1
15554730b000-155547311000 r-xp 00004000 00:30 1917424600                 /storage/home/hcoda1/4/hyu483/conda_envs/qgis332/lib/libkrb5support.so.0.1
155547311000-155547313000 r--p 0000a000 00:30 1917424600                 /storage/home/hcoda1/4/hyu483/conda_envs/qgis332/lib/libkrb5support.so.0.1
155547313000-155547314000 r--p 0000c000 00:30 1917424600                 /storage/home/hcoda1/4/hyu483/conda_envs/qgis332/lib/libkrb5support.so.0.1
155547314000-155547315000 rw-p 0000d000 00:30 1917424600                 /storage/home/hcoda1/4/hyu483/conda_envs/qgis332/lib/libkrb5support.so.0.1
155547315000-155547317000 r--p 00000000 00:30 1917424554                 /storage/home/hcoda1/4/hyu483/conda_envs/qgis332/lib/libcom_err.so.3.0
155547317000-155547318000 r-xp 00002000 00:30 1917424554                 /storage/home/hcoda1/4/hyu483/conda_envs/qgis332/lib/libcom_err.so.3.0
155547318000-155547319000 r--p 00003000 00:30 1917424554                 /storage/home/hcoda1/4/hyu483/conda_envs/qgis332/lib/libcom_err.so.3.0
155547319000-15554731a000 r--p 00003000 00:30 1917424554                 /storage/home/hcoda1/4/hyu483/conda_envs/qgis332/lib/libcom_err.so.3.0
15554731a000-15554731b000 rw-p 00004000 00:30 1917424554                 /storage/home/hcoda1/4/hyu483/conda_envs/qgis332/lib/libcom_err.so.3.0
15554731b000-155547321000 r--p 00000000 00:30 1917424588                 /storage/home/hcoda1/4/hyu483/conda_envs/qgis332/lib/libk5crypto.so.3.1
155547321000-15554732c000 r-xp 00006000 00:30 1917424588                 /storage/home/hcoda1/4/hyu483/conda_envs/qgis332/lib/libk5crypto.so.3.1
15554732c000-155547330000 r--p 00011000 00:30 1917424588                 /storage/home/hcoda1/4/hyu483/conda_envs/qgis332/lib/libk5crypto.so.3.1
155547330000-155547332000 r--p 00014000 00:30 1917424588                 /storage/home/hcoda1/4/hyu483/conda_envs/qgis332/lib/libk5crypto.so.3.1
155547332000-155547333000 rw-p 00016000 00:30 1917424588                 /storage/home/hcoda1/4/hyu483/conda_envs/qgis332/lib/libk5crypto.so.3.1
155547333000-155547357000 r--p 00000000 00:30 1883927888                 /storage/home/hcoda1/4/hyu483/conda_envs/qgis332/lib/libkrb5.so.3.3
155547357000-1555473b1000 r-xp 00024000 00:30 1883927888                 /storage/home/hcoda1/4/hyu483/conda_envs/qgis332/lib/libkrb5.so.3.3
1555473b1000-1555473f9000 r--p 0007e000 00:30 1883927888                 /storage/home/hcoda1/4/hyu483/conda_envs/qgis332/lib/libkrb5.so.3.3
1555473f9000-155547407000 r--p 000c5000 00:30 1883927888                 /storage/home/hcoda1/4/hyu483/conda_envs/qgis332/lib/libkrb5.so.3.3
155547407000-155547409000 rw-p 000d3000 00:30 1883927888                 /storage/home/hcoda1/4/hyu483/conda_envs/qgis332/lib/libkrb5.so.3.3
155547409000-15554740d000 r--p 00000000 00:30 1917435685                 /storage/home/hcoda1/4/hyu483/conda_envs/qgis332/lib/libgcc_s.so.1
15554740d000-155547422000 r-xp 00004000 00:30 1917435685                 /storage/home/hcoda1/4/hyu483/conda_envs/qgis332/lib/libgcc_s.so.1
155547422000-155547426000 r--p 00019000 00:30 1917435685                 /storage/home/hcoda1/4/hyu483/conda_envs/qgis332/lib/libgcc_s.so.1
155547426000-155547427000 r--p 0001c000 00:30 1917435685                 /storage/home/hcoda1/4/hyu483/conda_envs/qgis332/lib/libgcc_s.so.1
155547427000-155547428000 rw-p 0001d000 00:30 1917435685                 /storage/home/hcoda1/4/hyu483/conda_envs/qgis332/lib/libgcc_s.so.1
155547428000-1555474d6000 r--p 00000000 00:30 1917447939                 /storage/home/hcoda1/4/hyu483/conda_envs/qgis332/lib/libstdc++.so.6.0.34
1555474d6000-155547577000 r-xp 000ae000 00:30 1917447939                 /storage/home/hcoda1/4/hyu483/conda_envs/qgis332/lib/libstdc++.so.6.0.34
155547577000-1555475ff000 r--p 0014f000 00:30 1917447939                 /storage/home/hcoda1/4/hyu483/conda_envs/qgis332/lib/libstdc++.so.6.0.34
1555475ff000-15554760d000 r--p 001d7000 00:30 1917447939                 /storage/home/hcoda1/4/hyu483/conda_envs/qgis332/lib/libstdc++.so.6.0.34
15554760d000-155547611000 rw-p 001e5000 00:30 1917447939                 /storage/home/hcoda1/4/hyu483/conda_envs/qgis332/lib/libstdc++.so.6.0.34
155547611000-155547615000 rw-p 00000000 00:00 0 
155547615000-155547623000 r--p 00000000 00:30 1883927884                 /storage/home/hcoda1/4/hyu483/conda_envs/qgis332/lib/libgssapi_krb5.so.2.2
155547623000-155547658000 r-xp 0000e000 00:30 1883927884                 /storage/home/hcoda1/4/hyu483/conda_envs/qgis332/lib/libgssapi_krb5.so.2.2
155547658000-155547665000 r--p 00043000 00:30 1883927884                 /storage/home/hcoda1/4/hyu483/conda_envs/qgis332/lib/libgssapi_krb5.so.2.2
155547665000-155547667000 r--p 00050000 00:30 1883927884                 /storage/home/hcoda1/4/hyu483/conda_envs/qgis332/lib/libgssapi_krb5.so.2.2
155547667000-155547668000 rw-p 00052000 00:30 1883927884                 /storage/home/hcoda1/4/hyu483/conda_envs/qgis332/lib/libgssapi_krb5.so.2.2
155547668000-155547677000 r--p 00000000 00:30 2036040345                 /storage/home/hcoda1/4/hyu483/conda_envs/qgis332/lib/libsodium.so.26.2.0
155547677000-1555476b6000 r-xp 0000f000 00:30 2036040345                 /storage/home/hcoda1/4/hyu483/conda_envs/qgis332/lib/libsodium.so.26.2.0
1555476b6000-1555476c8000 r--p 0004e000 00:30 2036040345                 /storage/home/hcoda1/4/hyu483/conda_envs/qgis332/lib/libsodium.so.26.2.0
1555476c8000-1555476c9000 r--p 00060000 00:30 2036040345                 /storage/home/hcoda1/4/hyu483/conda_envs/qgis332/lib/libsodium.so.26.2.0
1555476c9000-1555476ca000 rw-p 00061000 00:30 2036040345                 /storage/home/hcoda1/4/hyu483/conda_envs/qgis332/lib/libsodium.so.26.2.0
1555476ca000-1555476e1000 r--p 00000000 00:30 2035448251                 /storage/home/hcoda1/4/hyu483/conda_envs/qgis332/lib/libzmq.so.5.2.5
1555476e1000-155547745000 r-xp 00017000 00:30 2035448251                 /storage/home/hcoda1/4/hyu483/conda_envs/qgis332/lib/libzmq.so.5.2.5
155547745000-155547762000 r--p 0007b000 00:30 2035448251                 /storage/home/hcoda1/4/hyu483/conda_envs/qgis332/lib/libzmq.so.5.2.5
155547762000-15554776a000 r--p 00097000 00:30 2035448251                 /storage/home/hcoda1/4/hyu483/conda_envs/qgis332/lib/libzmq.so.5.2.5
15554776a000-15554776b000 rw-p 0009f000 00:30 2035448251                 /storage/home/hcoda1/4/hyu483/conda_envs/qgis332/lib/libzmq.so.5.2.5
15554776b000-155547772000 r--p 00000000 00:30 2007786314                 /storage/home/hcoda1/4/hyu483/conda_envs/qgis332/lib/python3.11/site-packages/zmq/backend/cython/_zmq.cpython-311-x86_64-linux-gnu.so
155547772000-1555477a3000 r-xp 00007000 00:30 2007786314                 /storage/home/hcoda1/4/hyu483/conda_envs/qgis332/lib/python3.11/site-packages/zmq/backend/cython/_zmq.cpython-311-x86_64-linux-gnu.so
1555477a3000-1555477ad000 r--p 00038000 00:30 2007786314                 /storage/home/hcoda1/4/hyu483/conda_envs/qgis332/lib/python3.11/site-packages/zmq/backend/cython/_zmq.cpython-311-x86_64-linux-gnu.so
1555477ad000-1555477ae000 r--p 00042000 00:30 2007786314                 /storage/home/hcoda1/4/hyu483/conda_envs/qgis332/lib/python3.11/site-packages/zmq/backend/cython/_zmq.cpython-311-x86_64-linux-gnu.so
1555477ae000-1555477b0000 rw-p 00043000 00:30 2007786314                 /storage/home/hcoda1/4/hyu483/conda_envs/qgis332/lib/python3.11/site-packages/zmq/backend/cython/_zmq.cpython-311-x86_64-linux-gnu.so
1555477b0000-1555477b1000 rw-p 00000000 00:00 0 
1555477b1000-1555477b5000 r--p 00000000 00:30 1883947896                 /storage/home/hcoda1/4/hyu483/conda_envs/qgis332/lib/python3.11/lib-dynload/math.cpython-311-x86_64-linux-gnu.so
1555477b5000-1555477bc000 r-xp 00004000 00:30 1883947896                 /storage/home/hcoda1/4/hyu483/conda_envs/qgis332/lib/python3.11/lib-dynload/math.cpython-311-x86_64-linux-gnu.so
1555477bc000-1555477c1000 r--p 0000b000 00:30 1883947896                 /storage/home/hcoda1/4/hyu483/conda_envs/qgis332/lib/python3.11/lib-dynload/math.cpython-311-x86_64-linux-gnu.so
1555477c1000-1555477c2000 r--p 0000f000 00:30 1883947896                 /storage/home/hcoda1/4/hyu483/conda_envs/qgis332/lib/python3.11/lib-dynload/math.cpython-311-x86_64-linux-gnu.so
1555477c2000-1555477c3000 rw-p 00010000 00:30 1883947896                 /storage/home/hcoda1/4/hyu483/conda_envs/qgis332/lib/python3.11/lib-dynload/math.cpython-311-x86_64-linux-gnu.so
1555477c3000-1555477c6000 r--p 00000000 00:30 1883947903                 /storage/home/hcoda1/4/hyu483/conda_envs/qgis332/lib/python3.11/lib-dynload/select.cpython-311-x86_64-linux-gnu.so
1555477c6000-1555477c9000 r-xp 00003000 00:30 1883947903                 /storage/home/hcoda1/4/hyu483/conda_envs/qgis332/lib/python3.11/lib-dynload/select.cpython-311-x86_64-linux-gnu.so
1555477c9000-1555477cb000 r--p 00006000 00:30 1883947903                 /storage/home/hcoda1/4/hyu483/conda_envs/qgis332/lib/python3.11/lib-dynload/select.cpython-311-x86_64-linux-gnu.so
1555477cb000-1555477cc000 r--p 00008000 00:30 1883947903                 /storage/home/hcoda1/4/hyu483/conda_envs/qgis332/lib/python3.11/lib-dynload/select.cpython-311-x86_64-linux-gnu.so
1555477cc000-1555477cd000 rw-p 00009000 00:30 1883947903                 /storage/home/hcoda1/4/hyu483/conda_envs/qgis332/lib/python3.11/lib-dynload/select.cpython-311-x86_64-linux-gnu.so
1555477cd000-1555477ce000 r--p 00000000 00:30 1940419644                 /storage/home/hcoda1/4/hyu483/conda_envs/qgis332/lib/python3.11/site-packages/tornado/speedups.abi3.so
1555477ce000-1555477cf000 r-xp 00001000 00:30 1940419644                 /storage/home/hcoda1/4/hyu483/conda_envs/qgis332/lib/python3.11/site-packages/tornado/speedups.abi3.so
1555477cf000-1555477d0000 r--p 00002000 00:30 1940419644                 /storage/home/hcoda1/4/hyu483/conda_envs/qgis332/lib/python3.11/site-packages/tornado/speedups.abi3.so
1555477d0000-1555477d1000 r--p 00002000 00:30 1940419644                 /storage/home/hcoda1/4/hyu483/conda_envs/qgis332/lib/python3.11/site-packages/tornado/speedups.abi3.so
1555477d1000-1555477d2000 rw-p 00003000 00:30 1940419644                 /storage/home/hcoda1/4/hyu483/conda_envs/qgis332/lib/python3.11/site-packages/tornado/speedups.abi3.so
1555477d2000-1555477d5000 r--p 00000000 00:30 1883947910                 /storage/home/hcoda1/4/hyu483/conda_envs/qgis332/lib/python3.11/lib-dynload/zlib.cpython-311-x86_64-linux-gnu.so
1555477d5000-1555477d9000 r-xp 00003000 00:30 1883947910                 /storage/home/hcoda1/4/hyu483/conda_envs/qgis332/lib/python3.11/lib-dynload/zlib.cpython-311-x86_64-linux-gnu.so
1555477d9000-1555477dc000 r--p 00007000 00:30 1883947910                 /storage/home/hcoda1/4/hyu483/conda_envs/qgis332/lib/python3.11/lib-dynload/zlib.cpython-311-x86_64-linux-gnu.so
1555477dc000-1555477dd000 r--p 00009000 00:30 1883947910                 /storage/home/hcoda1/4/hyu483/conda_envs/qgis332/lib/python3.11/lib-dynload/zlib.cpython-311-x86_64-linux-gnu.so
1555477dd000-1555477de000 rw-p 0000a000 00:30 1883947910                 /storage/home/hcoda1/4/hyu483/conda_envs/qgis332/lib/python3.11/lib-dynload/zlib.cpython-311-x86_64-linux-gnu.so
1555477de000-1555477e0000 r--p 00000000 00:30 1883947837                 /storage/home/hcoda1/4/hyu483/conda_envs/qgis332/lib/python3.11/lib-dynload/_blake2.cpython-311-x86_64-linux-gnu.so
1555477e0000-1555477e7000 r-xp 00002000 00:30 1883947837                 /storage/home/hcoda1/4/hyu483/conda_envs/qgis332/lib/python3.11/lib-dynload/_blake2.cpython-311-x86_64-linux-gnu.so
1555477e7000-1555477e9000 r--p 00009000 00:30 1883947837                 /storage/home/hcoda1/4/hyu483/conda_envs/qgis332/lib/python3.11/lib-dynload/_blake2.cpython-311-x86_64-linux-gnu.so
1555477e9000-1555477ea000 r--p 0000a000 00:30 1883947837                 /storage/home/hcoda1/4/hyu483/conda_envs/qgis332/lib/python3.11/lib-dynload/_blake2.cpython-311-x86_64-linux-gnu.so
1555477ea000-1555477eb000 rw-p 0000b000 00:30 1883947837                 /storage/home/hcoda1/4/hyu483/conda_envs/qgis332/lib/python3.11/lib-dynload/_blake2.cpython-311-x86_64-linux-gnu.so
1555477eb000-1555477ef000 r--p 00000000 00:30 1883947855                 /storage/home/hcoda1/4/hyu483/conda_envs/qgis332/lib/python3.11/lib-dynload/_hashlib.cpython-311-x86_64-linux-gnu.so
1555477ef000-1555477f4000 r-xp 00004000 00:30 1883947855                 /storage/home/hcoda1/4/hyu483/conda_envs/qgis332/lib/python3.11/lib-dynload/_hashlib.cpython-311-x86_64-linux-gnu.so
1555477f4000-1555477f8000 r--p 00009000 00:30 1883947855                 /storage/home/hcoda1/4/hyu483/conda_envs/qgis332/lib/python3.11/lib-dynload/_hashlib.cpython-311-x86_64-linux-gnu.so
1555477f8000-1555477f9000 r--p 0000d000 00:30 1883947855                 /storage/home/hcoda1/4/hyu483/conda_envs/qgis332/lib/python3.11/lib-dynload/_hashlib.cpython-311-x86_64-linux-gnu.so
1555477f9000-1555477fa000 rw-p 0000e000 00:30 1883947855                 /storage/home/hcoda1/4/hyu483/conda_envs/qgis332/lib/python3.11/lib-dynload/_hashlib.cpython-311-x86_64-linux-gnu.so
1555477fa000-1555477fc000 r--p 00000000 00:30 1883947867                 /storage/home/hcoda1/4/hyu483/conda_envs/qgis332/lib/python3.11/lib-dynload/_queue.cpython-311-x86_64-linux-gnu.so
1555477fc000-1555477fd000 r-xp 00002000 00:30 1883947867                 /storage/home/hcoda1/4/hyu483/conda_envs/qgis332/lib/python3.11/lib-dynload/_queue.cpython-311-x86_64-linux-gnu.so
1555477fd000-1555477fe000 r--p 00003000 00:30 1883947867                 /storage/home/hcoda1/4/hyu483/conda_envs/qgis332/lib/python3.11/lib-dynload/_queue.cpython-311-x86_64-linux-gnu.so
1555477fe000-1555477ff000 r--p 00003000 00:30 1883947867                 /storage/home/hcoda1/4/hyu483/conda_envs/qgis332/lib/python3.11/lib-dynload/_queue.cpython-311-x86_64-linux-gnu.so
1555477ff000-155547800000 rw-p 00004000 00:30 1883947867                 /storage/home/hcoda1/4/hyu483/conda_envs/qgis332/lib/python3.11/lib-dynload/_queue.cpython-311-x86_64-linux-gnu.so
155547800000-155547c00000 rw-p 00000000 00:00 0 
155547c00000-155555130000 r--p 00000000 fd:00 102696584                  /usr/lib/locale/locale-archive
155555130000-155555134000 rw-p 00000000 00:00 0 
155555134000-155555136000 r--p 00000000 00:30 1883947866                 /storage/home/hcoda1/4/hyu483/conda_envs/qgis332/lib/python3.11/lib-dynload/_posixsubprocess.cpython-311-x86_64-linux-gnu.so
155555136000-155555138000 r-xp 00002000 00:30 1883947866                 /storage/home/hcoda1/4/hyu483/conda_envs/qgis332/lib/python3.11/lib-dynload/_posixsubprocess.cpython-311-x86_64-linux-gnu.so
155555138000-155555139000 r--p 00004000 00:30 1883947866                 /storage/home/hcoda1/4/hyu483/conda_envs/qgis332/lib/python3.11/lib-dynload/_posixsubprocess.cpython-311-x86_64-linux-gnu.so
155555139000-15555513a000 r--p 00004000 00:30 1883947866                 /storage/home/hcoda1/4/hyu483/conda_envs/qgis332/lib/python3.11/lib-dynload/_posixsubprocess.cpython-311-x86_64-linux-gnu.so
15555513a000-15555513b000 rw-p 00005000 00:30 1883947866                 /storage/home/hcoda1/4/hyu483/conda_envs/qgis332/lib/python3.11/lib-dynload/_posixsubprocess.cpython-311-x86_64-linux-gnu.so
15555513b000-15555513e000 r--p 00000000 00:30 1883947857                 /storage/home/hcoda1/4/hyu483/conda_envs/qgis332/lib/python3.11/lib-dynload/_json.cpython-311-x86_64-linux-gnu.so
15555513e000-155555145000 r-xp 00003000 00:30 1883947857                 /storage/home/hcoda1/4/hyu483/conda_envs/qgis332/lib/python3.11/lib-dynload/_json.cpython-311-x86_64-linux-gnu.so
155555145000-155555147000 r--p 0000a000 00:30 1883947857                 /storage/home/hcoda1/4/hyu483/conda_envs/qgis332/lib/python3.11/lib-dynload/_json.cpython-311-x86_64-linux-gnu.so
155555147000-155555148000 r--p 0000b000 00:30 1883947857                 /storage/home/hcoda1/4/hyu483/conda_envs/qgis332/lib/python3.11/lib-dynload/_json.cpython-311-x86_64-linux-gnu.so
155555148000-155555149000 rw-p 0000c000 00:30 1883947857                 /storage/home/hcoda1/4/hyu483/conda_envs/qgis332/lib/python3.11/lib-dynload/_json.cpython-311-x86_64-linux-gnu.so
155555149000-1555551ab000 rw-p 00000000 00:00 0 
1555551ab000-155555200000 r--p 00000000 fd:00 67240385                   /usr/lib/locale/C.utf8/LC_CTYPE
155555200000-155555228000 r--p 00000000 fd:00 33554577                   /usr/lib64/libc.so.6
155555228000-15555539d000 r-xp 00028000 fd:00 33554577                   /usr/lib64/libc.so.6
15555539d000-1555553f5000 r--p 0019d000 fd:00 33554577                   /usr/lib64/libc.so.6
1555553f5000-1555553f9000 r--p 001f5000 fd:00 33554577                   /usr/lib64/libc.so.6
1555553f9000-1555553fb000 rw-p 001f9000 fd:00 33554577                   /usr/lib64/libc.so.6
1555553fb000-155555408000 rw-p 00000000 00:00 0 
155555408000-15555540a000 r--p 00000000 00:30 1883947894                 /storage/home/hcoda1/4/hyu483/conda_envs/qgis332/lib/python3.11/lib-dynload/fcntl.cpython-311-x86_64-linux-gnu.so
15555540a000-15555540b000 r-xp 00002000 00:30 1883947894                 /storage/home/hcoda1/4/hyu483/conda_envs/qgis332/lib/python3.11/lib-dynload/fcntl.cpython-311-x86_64-linux-gnu.so
15555540b000-15555540d000 r--p 00003000 00:30 1883947894                 /storage/home/hcoda1/4/hyu483/conda_envs/qgis332/lib/python3.11/lib-dynload/fcntl.cpython-311-x86_64-linux-gnu.so
15555540d000-15555540e000 r--p 00004000 00:30 1883947894                 /storage/home/hcoda1/4/hyu483/conda_envs/qgis332/lib/python3.11/lib-dynload/fcntl.cpython-311-x86_64-linux-gnu.so
15555540e000-15555540f000 rw-p 00005000 00:30 1883947894                 /storage/home/hcoda1/4/hyu483/conda_envs/qgis332/lib/python3.11/lib-dynload/fcntl.cpython-311-x86_64-linux-gnu.so
15555540f000-155555411000 rw-p 00000000 00:00 0 
155555411000-155555412000 r--p 00000000 fd:00 33554589                   /usr/lib64/librt.so.1
155555412000-155555413000 r-xp 00001000 fd:00 33554589                   /usr/lib64/librt.so.1
155555413000-155555414000 r--p 00002000 fd:00 33554589                   /usr/lib64/librt.so.1
155555414000-155555415000 r--p 00002000 fd:00 33554589                   /usr/lib64/librt.so.1
155555415000-155555416000 rw-p 00003000 fd:00 33554589                   /usr/lib64/librt.so.1
155555416000-155555423000 r--p 00000000 fd:00 33554580                   /usr/lib64/libm.so.6
155555423000-155555493000 r-xp 0000d000 fd:00 33554580                   /usr/lib64/libm.so.6
155555493000-1555554ef000 r--p 0007d000 fd:00 33554580                   /usr/lib64/libm.so.6
1555554ef000-1555554f0000 r--p 000d8000 fd:00 33554580                   /usr/lib64/libm.so.6
1555554f0000-1555554f1000 rw-p 000d9000 fd:00 33554580                   /usr/lib64/libm.so.6
1555554f1000-1555554f3000 rw-p 00000000 00:00 0 
1555554f3000-1555554f4000 r--p 00000000 fd:00 33554591                   /usr/lib64/libutil.so.1
1555554f4000-1555554f5000 r-xp 00001000 fd:00 33554591                   /usr/lib64/libutil.so.1
1555554f5000-1555554f6000 r--p 00002000 fd:00 33554591                   /usr/lib64/libutil.so.1
1555554f6000-1555554f7000 r--p 00002000 fd:00 33554591                   /usr/lib64/libutil.so.1
1555554f7000-1555554f8000 rw-p 00003000 fd:00 33554591                   /usr/lib64/libutil.so.1
1555554f8000-1555554f9000 r--p 00000000 fd:00 33554579                   /usr/lib64/libdl.so.2
1555554f9000-1555554fa000 r-xp 00001000 fd:00 33554579                   /usr/lib64/libdl.so.2
1555554fa000-1555554fb000 r--p 00002000 fd:00 33554579                   /usr/lib64/libdl.so.2
1555554fb000-1555554fc000 r--p 00002000 fd:00 33554579                   /usr/lib64/libdl.so.2
1555554fc000-1555554fd000 rw-p 00003000 fd:00 33554579                   /usr/lib64/libdl.so.2
1555554fd000-1555554fe000 r--p 00000000 fd:00 33554587                   /usr/lib64/libpthread.so.0
1555554fe000-1555554ff000 r-xp 00001000 fd:00 33554587                   /usr/lib64/libpthread.so.0
1555554ff000-155555500000 r--p 00002000 fd:00 33554587                   /usr/lib64/libpthread.so.0
155555500000-155555501000 r--p 00002000 fd:00 33554587                   /usr/lib64/libpthread.so.0
155555501000-155555502000 rw-p 00003000 fd:00 33554587                   /usr/lib64/libpthread.so.0
155555502000-155555506000 rw-p 00000000 00:00 0 
155555506000-155555507000 r--p 00000000 00:30 1883947885                 /storage/home/hcoda1/4/hyu483/conda_envs/qgis332/lib/python3.11/lib-dynload/_typing.cpython-311-x86_64-linux-gnu.so
155555507000-155555508000 r-xp 00001000 00:30 1883947885                 /storage/home/hcoda1/4/hyu483/conda_envs/qgis332/lib/python3.11/lib-dynload/_typing.cpython-311-x86_64-linux-gnu.so
155555508000-155555509000 r--p 00002000 00:30 1883947885                 /storage/home/hcoda1/4/hyu483/conda_envs/qgis332/lib/python3.11/lib-dynload/_typing.cpython-311-x86_64-linux-gnu.so
155555509000-15555550a000 r--p 00002000 00:30 1883947885                 /storage/home/hcoda1/4/hyu483/conda_envs/qgis332/lib/python3.11/lib-dynload/_typing.cpython-311-x86_64-linux-gnu.so
15555550a000-15555550b000 rw-p 00003000 00:30 1883947885                 /storage/home/hcoda1/4/hyu483/conda_envs/qgis332/lib/python3.11/lib-dynload/_typing.cpython-311-x86_64-linux-gnu.so
15555550b000-15555550f000 rw-p 00000000 00:00 0 
15555550f000-155555516000 r--s 00000000 fd:00 67242496                   /usr/lib64/gconv/gconv-modules.cache
155555516000-155555518000 rw-p 00000000 00:00 0 
155555518000-15555551c000 r--p 00000000 00:00 0                          [vvar]
15555551c000-15555551e000 r-xp 00000000 00:00 0                          [vdso]
15555551e000-155555520000 r--p 00000000 fd:00 33554572                   /usr/lib64/ld-linux-x86-64.so.2
155555520000-155555547000 r-xp 00002000 fd:00 33554572                   /usr/lib64/ld-linux-x86-64.so.2
155555547000-155555552000 r--p 00029000 fd:00 33554572                   /usr/lib64/ld-linux-x86-64.so.2
155555552000-155555554000 r--p 00034000 fd:00 33554572                   /usr/lib64/ld-linux-x86-64.so.2
155555554000-155555556000 rw-p 00036000 fd:00 33554572                   /usr/lib64/ld-linux-x86-64.so.2
555555554000-555555644000 r--p 00000000 00:30 1883928226                 /storage/home/hcoda1/4/hyu483/conda_envs/qgis332/bin/python3.11
555555644000-555555881000 r-xp 000f0000 00:30 1883928226                 /storage/home/hcoda1/4/hyu483/conda_envs/qgis332/bin/python3.11
555555881000-55555596d000 r--p 0032d000 00:30 1883928226                 /storage/home/hcoda1/4/hyu483/conda_envs/qgis332/bin/python3.11
55555596d000-55555599c000 r--p 00419000 00:30 1883928226                 /storage/home/hcoda1/4/hyu483/conda_envs/qgis332/bin/python3.11
55555599c000-555555acd000 rw-p 00448000 00:30 1883928226                 /storage/home/hcoda1/4/hyu483/conda_envs/qgis332/bin/python3.11
555555acd000-555555b0f000 rw-p 00000000 00:00 0 
555555b0f000-555556bb4000 rw-p 00000000 00:00 0                          [heap]
555556bb4000-55555f19c000 rw-p 00000000 00:00 0                          [heap]
55555f19c000-55555f8f7000 rw-p 00000000 00:00 0                          [heap]
55555f8f7000-5555601f0000 rw-p 00000000 00:00 0                          [heap]
5555601f0000-5555639f8000 rw-p 00000000 00:00 0                          [heap]
5555639f8000-555564af6000 rw-p 00000000 00:00 0                          [heap]
555564af6000-55556591f000 rw-p 00000000 00:00 0                          [heap]
55556591f000-555566d3c000 rw-p 00000000 00:00 0                          [heap]
555566d3c000-555569e66000 rw-p 00000000 00:00 0                          [heap]
555569e66000-55556bab8000 rw-p 00000000 00:00 0                          [heap]
55556bab8000-555570ac9000 rw-p 00000000 00:00 0                          [heap]
555570ac9000-5555715d2000 rw-p 00000000 00:00 0                          [heap]
5555715d2000-55557453d000 rw-p 00000000 00:00 0                          [heap]
7fffffeff000-7ffffff03000 ---p 00000000 00:00 0 
7ffffff03000-7ffffffff000 rw-p 00000000 00:00 0                          [stack]
ffffffffff600000-ffffffffff601000 --xp 00000000 00:00 0                  [vsyscall]


VM Arguments:
java_command: <unknown>
java_class_path (initial): /storage/home/hcoda1/4/hyu483/qgis_332/profiles/default/python/plugins/processing_umep/functions/URock/h2gis-standalone/h2gis-dist-2.2.3.jar:/storage/home/hcoda1/4/hyu483/.local/lib/python3.11/site-packages/org.jpype.jar
Launcher Type: generic

[Global flags]
     intx CICompilerCount                          = 12                                        {product} {ergonomic}
     uint ConcGCThreads                            = 3                                         {product} {ergonomic}
     uint G1ConcRefinementThreads                  = 13                                        {product} {ergonomic}
   size_t G1HeapRegionSize                         = 16777216                                  {product} {ergonomic}
    uintx GCDrainStackTargetSize                   = 64                                        {product} {ergonomic}
   size_t InitialHeapSize                          = 2147483648                                {product} {ergonomic}
   size_t MarkStackSize                            = 4194304                                   {product} {ergonomic}
   size_t MaxHeapSize                              = 32178700288                               {product} {ergonomic}
   size_t MaxNewSize                               = 19293798400                               {product} {ergonomic}
   size_t MinHeapDeltaBytes                        = 16777216                                  {product} {ergonomic}
   size_t MinHeapSize                              = 16777216                                  {product} {ergonomic}
    uintx NonNMethodCodeHeapSize                   = 7602480                                {pd product} {ergonomic}
    uintx NonProfiledCodeHeapSize                  = 122027880                              {pd product} {ergonomic}
    uintx ProfiledCodeHeapSize                     = 122027880                              {pd product} {ergonomic}
    uintx ReservedCodeCacheSize                    = 251658240                              {pd product} {ergonomic}
     bool SegmentedCodeCache                       = true                                      {product} {ergonomic}
   size_t SoftMaxHeapSize                          = 32178700288                            {manageable} {ergonomic}
     bool UseCompressedClassPointers               = true                           {product lp64_product} {ergonomic}
     bool UseCompressedOops                        = true                           {product lp64_product} {ergonomic}
     bool UseG1GC                                  = true                                      {product} {ergonomic}

Logging:
Log output configuration:
 #0: stdout all=warning uptime,level,tags
 #1: stderr all=off uptime,level,tags

Environment Variables:
JAVA_HOME=/usr/lib/jvm/java-17-openjdk-17.0.16.0.8-2.el9.x86_64
PATH=/storage/home/hcoda1/4/hyu483/conda_envs/qgis332/bin:/usr/local/pace-apps/manual/packages/miniforge/24.3.0-0/condabin:/opt/pace-common/bin:/opt/slurm/current/bin:/usr/local/pace-apps/spack/packages/linux-rhel9-x86_64_v3/gcc-12.3.0/mvapich2-2.3.7-1-qv3gjagtbx5e3rlbdy6iy2sfczryftyt/bin:/opt/pmix/4.2.6/bin:/usr/local/pace-apps/spack/packages/linux-rhel9-x86_64_v3/gcc-11.3.1/gcc-12.3.0-ukkkutsxfl5kpnnaxflpkq2jtliwthfz/bin:/opt/TurboVNC/bin:/usr/local/bin:/usr/bin:/usr/local/sbin:/usr/sbin:/opt/mellanox/doca/tools:/opt/iozone/bin:/storage/home/hcoda1/4/hyu483/bin
LD_LIBRARY_PATH=/opt/slurm/current/lib:/usr/local/pace-apps/spack/packages/linux-rhel9-x86_64_v3/gcc-12.3.0/mvapich2-2.3.7-1-qv3gjagtbx5e3rlbdy6iy2sfczryftyt/lib:/opt/slurm/current/lib:/opt/pmix/4.2.6/lib:/usr/local/pace-apps/spack/packages/linux-rhel9-x86_64_v3/gcc-12.3.0/libpciaccess-0.17-pjfe4ct4gfm5k26s36hmewhbz4k232dl/lib:/usr/local/pace-apps/spack/packages/linux-rhel9-x86_64_v3/gcc-11.3.1/gcc-12.3.0-ukkkutsxfl5kpnnaxflpkq2jtliwthfz/lib64:/usr/local/pace-apps/spack/packages/linux-rhel9-x86_64_v3/gcc-11.3.1/gcc-12.3.0-ukkkutsxfl5kpnnaxflpkq2jtliwthfz/lib:/usr/local/pace-apps/spack/packages/linux-rhel9-x86_64_v3/gcc-12.3.0/zlib-1.2.13-3qhjpij2pji47kfanmlflvwk5ljcn5lh/lib:/usr/local/pace-apps/spack/packages/linux-rhel9-x86_64_v3/gcc-12.3.0/mpc-1.3.1-3zvixith5i243hwiill4exyu3lf2q6ad/lib:/usr/local/pace-apps/spack/packages/linux-rhel9-x86_64_v3/gcc-12.3.0/mpfr-4.2.0-tox4bdsc25zr763rnq5gzlukfbvw7uj7/lib:/usr/local/pace-apps/spack/packages/linux-rhel9-x86_64_v3/gcc-12.3.0/gmp-6.2.1-n7dzsse5e3f6w5z6q6cuqursydg6yypo/lib::
SHELL=/bin/bash
DISPLAY=:1.0
LANG=C.UTF-8
TERM=xterm-color
TMPDIR=/tmp

Active Locale:
LC_ALL=LC_CTYPE=en_US.UTF-8;LC_NUMERIC=C;LC_TIME=en_US.UTF-8;LC_COLLATE=en_US.UTF-8;LC_MONETARY=en_US.UTF-8;LC_MESSAGES=en_US.UTF-8;LC_PAPER=C.UTF-8;LC_NAME=C.UTF-8;LC_ADDRESS=C.UTF-8;LC_TELEPHONE=C.UTF-8;LC_MEASUREMENT=C.UTF-8;LC_IDENTIFICATION=C.UTF-8
LC_COLLATE=en_US.UTF-8
LC_CTYPE=en_US.UTF-8
LC_MESSAGES=en_US.UTF-8
LC_MONETARY=en_US.UTF-8
LC_NUMERIC=C
LC_TIME=en_US.UTF-8

Signal Handlers:
   SIGSEGV: crash_handler in libjvm.so, mask=11100100010111111101111111111110, flags=SA_RESTART|SA_SIGINFO, unblocked
    SIGBUS: crash_handler in libjvm.so, mask=11100100010111111101111111111110, flags=SA_RESTART|SA_SIGINFO, unblocked
    SIGFPE: crash_handler in libjvm.so, mask=11100100010111111101111111111110, flags=SA_RESTART|SA_SIGINFO, unblocked
   SIGPIPE: SIG_IGN, mask=00000000000000000000000000000000, flags=none, blocked
  *** Handler was modified!
  *** Expected: javaSignalHandler in libjvm.so, mask=11100100110111111111111111111110, flags=SA_RESTART|SA_SIGINFO
   SIGXFSZ: javaSignalHandler in libjvm.so, mask=11100100010111111101111111111110, flags=SA_RESTART|SA_SIGINFO, blocked
    SIGILL: crash_handler in libjvm.so, mask=11100100010111111101111111111110, flags=SA_RESTART|SA_SIGINFO, unblocked
   SIGUSR2: SR_handler in libjvm.so, mask=00000000000000000000000000000000, flags=SA_RESTART|SA_SIGINFO, blocked
    SIGHUP: UserHandler in libjvm.so, mask=11100100010111111101111111111110, flags=SA_RESTART|SA_SIGINFO, blocked
    SIGINT: UserHandler in libjvm.so, mask=11100100010111111101111111111110, flags=SA_RESTART|SA_SIGINFO, blocked
   SIGTERM: UserHandler in libjvm.so, mask=11100100010111111101111111111110, flags=SA_RESTART|SA_SIGINFO, blocked
   SIGQUIT: UserHandler in libjvm.so, mask=11100100010111111101111111111110, flags=SA_RESTART|SA_SIGINFO, blocked
   SIGTRAP: crash_handler in libjvm.so, mask=11100100010111111101111111111110, flags=SA_RESTART|SA_SIGINFO, unblocked


Periodic native trim disabled


---------------  S Y S T E M  ---------------

OS:
Red Hat Enterprise Linux release 9.6 (Plow)
uname: Linux 5.14.0-570.37.1.el9_6.x86_64 #1 SMP PREEMPT_DYNAMIC Sat Aug 16 01:10:00 EDT 2025 x86_64
OS uptime: 72 days 4:22 hours
libc: glibc 2.34 NPTL 2.34 
rlimit (soft/hard): STACK infinity/infinity , CORE infinity/infinity , NPROC 2060845/2060845 , NOFILE 131072/131072 , AS infinity/infinity , CPU infinity/infinity , DATA infinity/infinity , FSIZE infinity/infinity , MEMLOCK infinity/infinity
load average: 6.13 6.06 7.22

/proc/meminfo:
MemTotal:       527658784 kB
MemFree:        477147488 kB
MemAvailable:   505499000 kB
Buffers:            8460 kB
Cached:         28252524 kB
SwapCached:            8 kB
Active:         17565764 kB
Inactive:       21178956 kB
Active(anon):   10584148 kB
Inactive(anon):    16444 kB
Active(file):    6981616 kB
Inactive(file): 21162512 kB
Unevictable:       37788 kB
Mlocked:           34716 kB
SwapTotal:       8388604 kB
SwapFree:        8388092 kB
Zswap:                 0 kB
Zswapped:              0 kB
Dirty:               556 kB
Writeback:          1008 kB
AnonPages:      10404240 kB
Mapped:           932632 kB
Shmem:            156928 kB
KReclaimable:    3854304 kB
Slab:            8172340 kB
SReclaimable:    3854304 kB
SUnreclaim:      4318036 kB
KernelStack:       56288 kB
PageTables:        61024 kB
SecPageTables:     59468 kB
NFS_Unstable:          0 kB
Bounce:                0 kB
WritebackTmp:          0 kB
CommitLimit:    272217996 kB
Committed_AS:   64907356 kB
VmallocTotal:   34359738367 kB
VmallocUsed:      410908 kB
VmallocChunk:          0 kB
Percpu:           304640 kB
HardwareCorrupted:     0 kB
AnonHugePages:   3751936 kB
ShmemHugePages:        0 kB
ShmemPmdMapped:        0 kB
FileHugePages:         0 kB
FilePmdMapped:         0 kB
CmaTotal:              0 kB
CmaFree:               0 kB
Unaccepted:            0 kB
HugePages_Total:       0
HugePages_Free:        0
HugePages_Rsvd:        0
HugePages_Surp:        0
Hugepagesize:       2048 kB
Hugetlb:               0 kB
DirectMap4k:      860812 kB
DirectMap2M:    12623872 kB
DirectMap1G:    523239424 kB

/sys/kernel/mm/transparent_hugepage/enabled: [always] madvise never
/sys/kernel/mm/transparent_hugepage/hpage_pmd_size: 2097152
/sys/kernel/mm/transparent_hugepage/defrag (defrag/compaction efforts parameter): always defer defer+madvise [madvise] never

Process Memory:
Virtual Size: 42062480K (peak: 42192028K)
Resident Set Size: 2365540K (peak: 3245124K) (anon: 2020452K, file: 345088K, shmem: 0K)
Swapped out: 0K
C-Heap outstanding allocations: 501861K, retained: 498358K
glibc malloc tunables: (default)

/proc/sys/kernel/threads-max (system-wide limit on the number of threads): 4121690
/proc/sys/vm/max_map_count (maximum number of memory map areas a process may have): 983040
/proc/sys/vm/swappiness (control to define how aggressively the kernel swaps out anonymous memory): 10
/proc/sys/kernel/pid_max (system-wide limit on number of process identifiers): 4194304

container (cgroup) information:
container_type: cgroupv2
cpu_cpuset_cpus: not supported
cpu_memory_nodes: not supported
active_processor_count: 16
cpu_quota: no quota
cpu_period: 100000
cpu_shares: no shares
memory_limit_in_bytes: unlimited
memory_and_swap_limit_in_bytes: unlimited
memory_soft_limit_in_bytes: 0
memory_usage_in_bytes: 15912320 k
memory_max_usage_in_bytes: not supported
memory_swap_current_in_bytes: 0
memory_swap_max_limit_in_bytes: unlimited
maximum number of tasks: not supported
current number of tasks: not supported

Steal ticks since vm start: 0
Steal ticks percentage since vm start:  0.000

CPU: total 128 (initial active 16) (64 cores per cpu, 1 threads per core) family 25 model 1 stepping 1 microcode 0xa0011d5, cx8, cmov, fxsr, mmx, 3dnowpref, sse, sse2, sse3, ssse3, sse4a, sse4.1, sse4.2, popcnt, lzcnt, tsc, tscinvbit, avx, avx2, aes, clmul, bmi1, bmi2, adx, sha, fma, vzeroupper, clflush, clflushopt
CPU Model and flags from /proc/cpuinfo:
model name	: AMD EPYC 7713 64-Core Processor
flags		: fpu vme de pse tsc msr pae mce cx8 apic sep mtrr pge mca cmov pat pse36 clflush mmx fxsr sse sse2 ht syscall nx mmxext fxsr_opt pdpe1gb rdtscp lm constant_tsc rep_good nopl xtopology nonstop_tsc cpuid extd_apicid aperfmperf rapl pni pclmulqdq monitor ssse3 fma cx16 pcid sse4_1 sse4_2 movbe popcnt aes xsave avx f16c rdrand lahf_lm cmp_legacy svm extapic cr8_legacy abm sse4a misalignsse 3dnowprefetch osvw ibs skinit wdt tce topoext perfctr_core perfctr_nb bpext perfctr_llc mwaitx cpb cat_l3 cdp_l3 hw_pstate ssbd mba ibrs ibpb stibp vmmcall fsgsbase bmi1 avx2 smep bmi2 invpcid cqm rdt_a rdseed adx smap clflushopt clwb sha_ni xsaveopt xsavec xgetbv1 xsaves cqm_llc cqm_occup_llc cqm_mbm_total cqm_mbm_local clzero irperf xsaveerptr rdpru wbnoinvd amd_ppin brs arat npt lbrv svm_lock nrip_save tsc_scale vmcb_clean flushbyasid decodeassists pausefilter pfthreshold v_vmsave_vmload vgif v_spec_ctrl umip pku ospke vaes vpclmulqdq rdpid overflow_recov succor smca debug_swap

Online cpus: 0-127
Offline cpus: 
BIOS frequency limitation: 2000000
Frequency switch latency (ns): 0
Available cpu frequencies: 2000000 1700000 1500000 
Current governor: performance
Core performance/turbo boost: 1

Memory: 4k page, physical 527658784k(477197296k free), swap 8388604k(8388092k free)
Page Sizes: 4k

vm_info: OpenJDK 64-Bit Server VM (17.0.16+8-LTS) for linux-amd64 JRE (17.0.16+8-LTS), built on Jul 15 2025 00:00:00 by "mockbuild" with gcc 8.5.0 20210514 (Red Hat 8.5.0-18)

END.
