#
# A fatal error has been detected by the Java Runtime Environment:
#
#  SIGSEGV (0xb) at pc=0x0000555555764228, pid=2153689, tid=2166972
#
# JRE version: OpenJDK Runtime Environment (Red_Hat-17.0.16.0.8-1) (17.0.16+8) (build 17.0.16+8-LTS)
# Java VM: OpenJDK 64-Bit Server VM (Red_Hat-17.0.16.0.8-1) (17.0.16+8-LTS, mixed mode, sharing, tiered, compressed oops, compressed class ptrs, g1 gc, linux-amd64)
# Problematic frame:
# C  [python+0x210228]  PyObject_RichCompareBool+0x38
#
# Core dump will be written. Default location: /var/tmp/cores/core.%e.2153689.%t.%h.dump
#
# If you would like to submit a bug report, please visit:
#   https://access.redhat.com/support/cases/
# The crash happened outside the Java Virtual Machine in native code.
# See problematic frame for where to report the bug.
#

---------------  S U M M A R Y ------------

Command Line: 

Host: AMD EPYC 7713 64-Core Processor, 128 cores, 503G, Red Hat Enterprise Linux release 9.6 (Plow)
Time: Fri Dec 19 12:06:49 2025 EST elapsed time: 758.316154 seconds (0d 0h 12m 38s)

---------------  T H R E A D  ---------------

Current thread (0x0000155520001470):  JavaThread "SIGTERM handler" daemon [_thread_in_native, id=2166972, stack(0x00001553f132c000,0x00001553f142c000)]

Stack: [0x00001553f132c000,0x00001553f142c000],  sp=0x00001553f142a5c0,  free space=1017k
Native frames: (J=compiled Java code, j=interpreted, Vv=VM code, C=native code)
C  [python+0x210228]  PyObject_RichCompareBool+0x38

Java frames: (J=compiled Java code, j=interpreted, Vv=VM code)
j  org.jpype.JPypeSignal.interruptPy(I)V+0
j  org.jpype.JPypeSignal.lambda$getSignalHandler$0(ILjava/lang/Object;Ljava/lang/reflect/Method;[Ljava/lang/Object;)Ljava/lang/Object;+7
j  org.jpype.JPypeSignal$$Lambda$14+0x00001553b1006ac0.invoke(Ljava/lang/Object;Ljava/lang/reflect/Method;[Ljava/lang/Object;)Ljava/lang/Object;+7
j  jdk.proxy2.$Proxy3.handle(Lsun/misc/Signal;)V+16 jdk.proxy2
j  sun.misc.Signal$InternalMiscHandler.handle(Ljdk/internal/misc/Signal;)V+8 jdk.unsupported@17.0.16
j  jdk.internal.misc.Signal$1.run()V+8 java.base@17.0.16
j  java.lang.Thread.run()V+11 java.base@17.0.16
v  ~StubRoutines::call_stub

siginfo: si_signo: 11 (SIGSEGV), si_code: 1 (SEGV_MAPERR), si_addr: 0x0000000000000020

Registers:
RAX=0x0000555555a92980, RBX=0x0000555555aa3ba8, RCX=0x0000000000000004, RDX=0x0000000000000002
RSP=0x00001553f142a5c0, RBP=0x0000000000000002, RSI=0x0000555555aa3ba8, RDI=0x0000555555aa3b88
R8 =0x00001554316ecc24, R9 =0x0000000000000000, R10=0x000015544026c5ab, R11=0x0000000082178110
R12=0x0000555555aa3b88, R13=0x0000000000000000, R14=0x00001553f142a6b8, R15=0x0000155520001470
RIP=0x0000555555764228, EFLAGS=0x0000000000010202, CSGSFS=0x002b000000000033, ERR=0x0000000000000004
  TRAPNO=0x000000000000000e

XMM[0]=0x0000000000000000 0x0000000000000000
XMM[1]=0xff00000000000000 0x0000000000000000
XMM[2]=0x0000000000000000 0x00000000000000ff
XMM[3]=0x0000000000000000 0x00000000000000ff
XMM[4]=0x0000000000000000 0x0000000000000000
XMM[5]=0x00001555552910ff 0x0000000000000001
XMM[6]=0x00000000002c98d0 0x0000000000000004
XMM[7]=0x0000000000000200 0x0000155328000020
XMM[8]=0x7c8b483824448b4c 0x30244c8b4c282454
XMM[9]=0x2020200020200000 0x0000000000000000
XMM[10]=0x3f3f3f3f3f3f3f3f 0x3f3f3f3f3f3f3f3f
XMM[11]=0x9999999999999999 0x9999999999999999
XMM[12]=0x2020202020202020 0x2020202020202020
XMM[13]=0x550c7dc3243185be 0x12835b01d807aa98
XMM[14]=0xab1c5ed5923f82a4 0x59f111f13956c25b
XMM[15]=0x0000000000000000 0x0000000000000000
  MXCSR=0x00001fa3


Register to memory mapping:

RAX=0x0000555555a92980: PyLong_Type+0x0000000000000000 in /storage/home/hcoda1/4/hyu483/conda_envs/qgis332/bin/python at 0x0000555555554000
RBX=0x0000555555aa3ba8: _PyRuntime+0x0000000000000368 in /storage/home/hcoda1/4/hyu483/conda_envs/qgis332/bin/python at 0x0000555555554000
RCX=0x0000000000000004 is an unknown value
RDX=0x0000000000000002 is an unknown value
RSP=0x00001553f142a5c0 is pointing into the stack for thread: 0x0000155520001470
RBP=0x0000000000000002 is an unknown value
RSI=0x0000555555aa3ba8: _PyRuntime+0x0000000000000368 in /storage/home/hcoda1/4/hyu483/conda_envs/qgis332/bin/python at 0x0000555555554000
RDI=0x0000555555aa3b88: _PyRuntime+0x0000000000000348 in /storage/home/hcoda1/4/hyu483/conda_envs/qgis332/bin/python at 0x0000555555554000
R8 =0x00001554316ecc24 points into unknown readable memory: 04 04 04 04
R9 =0x0 is NULL
R10=0x000015544026c5ab is at code_begin+843 in an Interpreter codelet
method entry point (kind = native)  [0x000015544026c260, 0x000015544026cac0]  2144 bytes
R11=0x0000000082178110 is an oop: java.lang.Class 
{0x0000000082178110} - klass: 'java/lang/Class'
 - ---- fields (total size 15 words):
 - private volatile transient 'classRedefinedCount' 'I' @12  0
 - private volatile transient 'cachedConstructor' 'Ljava/lang/reflect/Constructor;' @40  NULL (0)
 - private transient 'name' 'Ljava/lang/String;' @44  "org.jpype.JPypeSignal"{0x0000000082178188} (1042f031)
 - private transient 'module' 'Ljava/lang/Module;' @48  a 'java/lang/Module'{0x00000007fef56a80} (ffdead50)
 - private final 'classLoader' 'Ljava/lang/ClassLoader;' @52  a 'jdk/internal/loader/ClassLoaders$AppClassLoader'{0x00000007fef562f8} (ffdeac5f)
 - private transient 'classData' 'Ljava/lang/Object;' @56  NULL (0)
 - private transient 'packageName' 'Ljava/lang/String;' @60  "org.jpype"{0x0000000082129f18} (104253e3)
 - private final 'componentType' 'Ljava/lang/Class;' @64  NULL (0)
 - private volatile transient 'reflectionData' 'Ljava/lang/ref/SoftReference;' @68  NULL (0)
 - private volatile transient 'genericInfo' 'Lsun/reflect/generics/repository/ClassRepository;' @72  NULL (0)
 - private volatile transient 'enumConstants' '[Ljava/lang/Object;' @76  NULL (0)
 - private volatile transient 'enumConstantDirectory' 'Ljava/util/Map;' @80  NULL (0)
 - private volatile transient 'annotationData' 'Ljava/lang/Class$AnnotationData;' @84  NULL (0)
 - private volatile transient 'annotationType' 'Lsun/reflect/annotation/AnnotationType;' @88  NULL (0)
 - transient 'classValueMap' 'Ljava/lang/ClassValue$ClassValueMap;' @92  NULL (0)
 - signature: Lorg/jpype/JPypeSignal;
 - fake entry for mirror: 'org/jpype/JPypeSignal'
 - fake entry for array: NULL
 - fake entry for oop_size: 15
 - fake entry for static_oop_field_count: 1
 - static 'main' 'Ljava/lang/Thread;' @112  a 'java/lang/Thread'{0x0000000082001580} (104002b0)
R12=0x0000555555aa3b88: _PyRuntime+0x0000000000000348 in /storage/home/hcoda1/4/hyu483/conda_envs/qgis332/bin/python at 0x0000555555554000
R13=0x0 is NULL
R14=0x00001553f142a6b8 is pointing into the stack for thread: 0x0000155520001470
R15=0x0000155520001470 is a thread


Top of Stack: (sp=0x00001553f142a5c0)
0x00001553f142a5c0:   00001553f142a628 00001553f142a5c8
0x00001553f142a5d0:   0000000000000000 000000000000000f
0x00001553f142a5e0:   0000555555aa3b88 0000000000000000
0x00001553f142a5f0:   00001553ac41a730 00001553f142a6b8
0x00001553f142a600:   0000155520001470 000055555582328a
0x00001553f142a610:   0000000000000004 00005555556fdec6
0x00001553f142a620:   0000000000000004 00001553ac41a730
0x00001553f142a630:   00001553f142a698 000015544026c5da
0x00001553f142a640:   0000000000000000 00001553f142a638
0x00001553f142a650:   00001553f142a650 0000000000000000
0x00001553f142a660:   00001553f142a6b8 00001553ac41a8f8
0x00001553f142a670:   0000000000000000 0000000082178110
0x00001553f142a680:   00001553ac41a730 0000000000000000
0x00001553f142a690:   00001553f142a6b8 00001553f142a708
0x00001553f142a6a0:   0000155440268260 0000000082178110
0x00001553f142a6b0:   0000155440269ff8 000000000000000f
0x00001553f142a6c0:   00001553f142a6c0 00001553ac41a867
0x00001553f142a6d0:   00001553f142a730 00001553ac41a8f8
0x00001553f142a6e0:   0000000000000000 0000000082178110
0x00001553f142a6f0:   00001553ac41a870 00001553f142a6b8
0x00001553f142a700:   00001553f142a718 00001553f142a780
0x00001553f142a710:   00001554402683b9 000000009b984888
0x00001553f142a720:   000000008217a008 000000008217a180
0x00001553f142a730:   000000000000000f 00001553f142a738
0x00001553f142a740:   00001553ac41ae1f 00001553f142a7a8
0x00001553f142a750:   00001553ac41ae80 0000000000000000
0x00001553f142a760:   0000000082179638 00001553ac41ae28
0x00001553f142a770:   00001553f142a718 00001553f142a790
0x00001553f142a780:   00001553f142a7f8 000015544026883f
0x00001553f142a790:   000000009b984888 000000008217a008
0x00001553f142a7a0:   000000008217a180 000000008217a170
0x00001553f142a7b0:   00001553f142a7b0 00001553ac41b8d8 

Instructions: (pc=0x0000555555764228)
0x0000555555764128:   31 c9 4c 8d 15 ff a7 32 00 89 4c 24 0c 48 85 c0
0x0000555555764138:   0f 84 3d ff ff ff 4c 89 14 24 4c 89 ff ba 02 00
0x0000555555764148:   00 00 48 89 de ff d0 4c 8b 14 24 48 89 c7 4c 39
0x0000555555764158:   d0 0f 85 a9 fe ff ff 49 ff 0a 0f 84 e2 6c f0 ff
0x0000555555764168:   83 7c 24 0c 00 0f 85 3e ff ff ff 48 8b 53 08 e9
0x0000555555764178:   ff fe ff ff 4c 8b 92 c8 00 00 00 4d 85 d2 0f 84
0x0000555555764188:   55 6d f0 ff 48 89 df 8b 15 43 7f 23 00 4c 89 fe
0x0000555555764198:   41 ff d2 4c 8d 15 8e a7 32 00 48 89 c7 4c 39 d0
0x00005555557641a8:   0f 85 5a fe ff ff 48 ff 0d 7b a7 32 00 0f 84 e4
0x00005555557641b8:   6c f0 ff 49 8b 47 08 c7 44 24 0c 01 00 00 00 48
0x00005555557641c8:   8b 80 c8 00 00 00 48 85 c0 0f 85 67 ff ff ff e9
0x00005555557641d8:   d5 fe ff ff 41 83 ce ff e9 67 fe ff ff e9 19 6d
0x00005555557641e8:   f0 ff e9 83 6c f0 ff 90 41 57 41 56 41 55 41 54
0x00005555557641f8:   49 89 fc 55 89 d5 53 48 89 f3 48 83 ec 18 48 39
0x0000555555764208:   f7 0f 84 b1 00 00 00 4c 8b 2d 6a f8 33 00 4d 85
0x0000555555764218:   e4 0f 84 7a 71 f0 ff 48 85 db 0f 84 71 71 f0 ff
0x0000555555764228:   41 8b 45 20 8d 50 ff 41 89 55 20 85 c0 0f 8e 7f
0x0000555555764238:   71 f0 ff 48 8b 53 08 49 8b 44 24 08 48 39 d0 0f
0x0000555555764248:   85 60 01 00 00 48 8b 80 c8 00 00 00 48 85 c0 0f
0x0000555555764258:   84 80 00 00 00 4c 89 e7 89 ea 48 89 de ff d0 48
0x0000555555764268:   89 c7 48 8d 05 bf a6 32 00 48 39 c7 74 5a 41 ff
0x0000555555764278:   45 20 48 85 ff 0f 84 22 01 00 00 48 8d 05 b6 f0
0x0000555555764288:   33 00 48 39 47 08 0f 85 c7 70 f0 ff 48 8d 05 45
0x0000555555764298:   f2 33 00 31 db 48 39 c7 0f 94 c3 48 ff 0f 0f 84
0x00005555557642a8:   e1 70 f0 ff 48 83 c4 18 89 d8 5b 5d 41 5c 41 5d
0x00005555557642b8:   41 5e 41 5f c3 0f 1f 00 83 fa 02 0f 85 56 01 00
0x00005555557642c8:   00 bb 01 00 00 00 eb dc 48 ff 0f 0f 84 66 70 f0
0x00005555557642d8:   ff 48 8b 53 08 48 8b 8a c8 00 00 00 48 85 c9 74
0x00005555557642e8:   31 48 63 c5 48 8d 15 dd 7d 23 00 48 89 df 4c 89
0x00005555557642f8:   e6 8b 14 82 ff d1 48 89 c7 48 8d 05 28 a6 32 00
0x0000555555764308:   48 39 c7 0f 85 65 ff ff ff 48 ff 0f 0f 84 19 70
0x0000555555764318:   f0 ff 83 fd 02 75 26 49 39 dc 0f 84 27 70 f0 ff 


Stack slot to memory mapping:
stack at sp + 0 slots: 0x00001553f142a628 is pointing into the stack for thread: 0x0000155520001470
stack at sp + 1 slots: 0x00001553f142a5c8 is pointing into the stack for thread: 0x0000155520001470
stack at sp + 2 slots: 0x0 is NULL
stack at sp + 3 slots: 0x000000000000000f is an unknown value
stack at sp + 4 slots: 0x0000555555aa3b88: _PyRuntime+0x0000000000000348 in /storage/home/hcoda1/4/hyu483/conda_envs/qgis332/bin/python at 0x0000555555554000
stack at sp + 5 slots: 0x0 is NULL
stack at sp + 6 slots: {method} {0x00001553ac41a730} 'interruptPy' '(I)V' in 'org/jpype/JPypeSignal'
stack at sp + 7 slots: 0x00001553f142a6b8 is pointing into the stack for thread: 0x0000155520001470


---------------  P R O C E S S  ---------------

Threads class SMR info:
_java_thread_list=0x0000155520001e40, length=23, elements={
0x0000555557ee4250, 0x000055555d492a40, 0x000055555d493ce0, 0x000055555d497bc0,
0x000055555d498e30, 0x000055555d49a100, 0x000055555d49b6c0, 0x000055555d49cab0,
0x000055555d49dde0, 0x000055555d4a3ea0, 0x000055555d4a7b50, 0x000055555d659520,
0x0000555557e2a350, 0x000055555d74dd50, 0x000055555d911540, 0x000015536c004260,
0x0000155334013970, 0x000055555b90e6c0, 0x0000555557e73b00, 0x0000555557e61050,
0x0000155358009e50, 0x0000155380a695a0, 0x0000155520001470
}

Java Threads: ( => current thread )
  0x0000555557ee4250 JavaThread "main" [_thread_in_native, id=2153689, stack(0x00007fffffeff000,0x00007ffffffff000)]
  0x000055555d492a40 JavaThread "Reference Handler" daemon [_thread_blocked, id=2154642, stack(0x000015546b3fb000,0x000015546b5fb000)]
  0x000055555d493ce0 JavaThread "Finalizer" daemon [_thread_blocked, id=2154644, stack(0x000015546b5fc000,0x000015546b7fc000)]
  0x000055555d497bc0 JavaThread "Signal Dispatcher" daemon [_thread_blocked, id=2154647, stack(0x000015546b7fd000,0x000015546b9fd000)]
  0x000055555d498e30 JavaThread "Service Thread" daemon [_thread_blocked, id=2154648, stack(0x000015546b9fe000,0x000015546bbfe000)]
  0x000055555d49a100 JavaThread "Monitor Deflation Thread" daemon [_thread_blocked, id=2154650, stack(0x000015546bbff000,0x000015546bdff000)]
  0x000055555d49b6c0 JavaThread "C2 CompilerThread0" daemon [_thread_blocked, id=2154653, stack(0x000015546be00000,0x000015546c000000)]
  0x000055555d49cab0 JavaThread "C1 CompilerThread0" daemon [_thread_blocked, id=2154654, stack(0x000015547003f000,0x000015547023f000)]
  0x000055555d49dde0 JavaThread "Sweeper thread" daemon [_thread_blocked, id=2154656, stack(0x0000155470240000,0x0000155470440000)]
  0x000055555d4a3ea0 JavaThread "Notification Thread" daemon [_thread_blocked, id=2154659, stack(0x0000155470441000,0x0000155470641000)]
  0x000055555d4a7b50 JavaThread "Common-Cleaner" daemon [_thread_blocked, id=2154663, stack(0x0000155470843000,0x0000155470a43000)]
  0x000055555d659520 JavaThread "Python Reference Queue" daemon [_thread_blocked, id=2154748, stack(0x0000155544246000,0x0000155544346000)]
  0x0000555557e2a350 JavaThread "H2 File Lock Watchdog /tmp/myDbH21766163280_371848.lock.db" daemon [_thread_blocked, id=2159446, stack(0x00001554540f8000,0x00001554541f8000)]
  0x000055555d74dd50 JavaThread "H2 TCP Server (tcp://172.27.150.58:38519)" daemon [_thread_in_native, id=2159713, stack(0x0000155544448000,0x0000155544548000)]
  0x000055555d911540 JavaThread "MVStore background writer /tmp/myDbH21766163280_371848.mv.db" daemon [_thread_blocked, id=2159717, stack(0x00001555371b1000,0x00001555372b1000)]
  0x000015536c004260 JavaThread "H2-serialization" daemon [_thread_blocked, id=2159839, stack(0x00001553f152e000,0x00001553f172e000)]
  0x0000155334013970 JavaThread "H2-save" daemon [_thread_blocked, id=2159848, stack(0x00001553f112b000,0x00001553f132b000)]
  0x000055555b90e6c0 JavaThread "H2 File Lock Watchdog /tmp/myDbH21766163291_1226406.lock.db" daemon [_thread_blocked, id=2161738, stack(0x00001554547ff000,0x00001554548ff000)]
  0x0000555557e73b00 JavaThread "H2 TCP Server (tcp://172.27.150.58:45303)" daemon [_thread_in_native, id=2161973, stack(0x0000155454900000,0x0000155454a00000)]
  0x0000555557e61050 JavaThread "MVStore background writer /tmp/myDbH21766163291_1226406.mv.db" daemon [_thread_blocked, id=2161979, stack(0x00001554545fd000,0x00001554546fd000)]
  0x0000155358009e50 JavaThread "H2-serialization" daemon [_thread_blocked, id=2162103, stack(0x00001555372b2000,0x00001555373b2000)]
  0x0000155380a695a0 JavaThread "H2-save" daemon [_thread_blocked, id=2162121, stack(0x00001554543fb000,0x00001554544fb000)]
=>0x0000155520001470 JavaThread "SIGTERM handler" daemon [_thread_in_native, id=2166972, stack(0x00001553f132c000,0x00001553f142c000)]

Other Threads:
  0x000055555b264fe0 VMThread "VM Thread" [stack: 0x000015546b1fa000,0x000015546b3fa000] [id=2154641]
  0x0000555557e3f090 WatcherThread [stack: 0x0000155470642000,0x0000155470842000] [id=2154661]
  0x0000555557423530 GCTaskThread "GC Thread#0" [stack: 0x0000155457883000,0x0000155457a83000] [id=2154630]
  0x0000155524001e60 GCTaskThread "GC Thread#1" [stack: 0x0000155537b00000,0x0000155537c00000] [id=2154853]
  0x0000155524002ca0 GCTaskThread "GC Thread#2" [stack: 0x00001555379ff000,0x0000155537aff000] [id=2154861]
  0x000015552491c0a0 GCTaskThread "GC Thread#3" [stack: 0x0000155480f00000,0x0000155481000000] [id=2155763]
  0x000015552491c460 GCTaskThread "GC Thread#4" [stack: 0x0000155479700000,0x0000155479800000] [id=2155764]
  0x0000155524512760 GCTaskThread "GC Thread#5" [stack: 0x0000155455500000,0x0000155455600000] [id=2155765]
  0x0000155524513520 GCTaskThread "GC Thread#6" [stack: 0x0000155455100000,0x0000155455200000] [id=2155767]
  0x0000155524514320 GCTaskThread "GC Thread#7" [stack: 0x0000155454d00000,0x0000155454e00000] [id=2155769]
  0x0000155524920090 GCTaskThread "GC Thread#8" [stack: 0x00001554541f9000,0x00001554542f9000] [id=2155891]
  0x000015552451a4f0 GCTaskThread "GC Thread#9" [stack: 0x00001554546fe000,0x00001554547fe000] [id=2157640]
  0x0000555557dfcfd0 ConcurrentGCThread "G1 Main Marker" [stack: 0x000015546a9f6000,0x000015546abf6000] [id=2154633]
  0x0000555557423270 ConcurrentGCThread "G1 Conc#0" [stack: 0x000015546abf7000,0x000015546adf7000] [id=2154635]
  0x0000155540087150 ConcurrentGCThread "G1 Conc#1" [stack: 0x0000155544347000,0x0000155544447000] [id=2162280]
  0x000015554009f900 ConcurrentGCThread "G1 Conc#2" [stack: 0x00001554542fa000,0x00001554543fa000] [id=2162292]
  0x0000555557e94ac0 ConcurrentGCThread "G1 Refine#0" [stack: 0x000015546adf8000,0x000015546aff8000] [id=2154637]
  0x0000155530002940 ConcurrentGCThread "G1 Refine#1" [stack: 0x00001554544fc000,0x00001554545fc000] [id=2162047]
  0x0000555557b96cd0 ConcurrentGCThread "G1 Service" [stack: 0x000015546aff9000,0x000015546b1f9000] [id=2154639]

Threads with active compile tasks:

VM state: not at safepoint (normal execution)

VM Mutex/Monitor currently owned by a thread: None

Heap address: 0x0000000082000000, size: 30688 MB, Compressed Oops mode: Zero based, Oop shift amount: 3

CDS archive(s) mapped at: [0x00001553b0000000-0x00001553b0bcc000-0x00001553b0bcc000), size 12369920, SharedBaseAddress: 0x00001553b0000000, ArchiveRelocationMode: 1.
Compressed class space mapped at: 0x00001553b1000000-0x00001553f1000000, reserved size: 1073741824
Narrow klass base: 0x00001553b0000000, Narrow klass shift: 0, Narrow klass range: 0x100000000

GC Precious Log:
 CPUs: 128 total, 16 available
 Memory: 503G
 Large Page Support: Disabled
 NUMA Support: Disabled
 Compressed Oops: Enabled (Zero based)
 Heap Region Size: 16M
 Heap Min Capacity: 16M
 Heap Initial Capacity: 2G
 Heap Max Capacity: 30688M
 Pre-touch: Disabled
 Parallel Workers: 13
 Concurrent Workers: 3
 Concurrent Refinement Workers: 13
 Periodic GC: Disabled

Heap:
 garbage-first heap   total 491520K, used 125528K [0x0000000082000000, 0x0000000800000000)
  region size 16384K, 4 young (65536K), 1 survivors (16384K)
 Metaspace       used 13647K, committed 13952K, reserved 1114112K
  class space    used 1316K, committed 1472K, reserved 1048576K

Heap Regions: E=young(eden), S=young(survivor), O=old, HS=humongous(starts), HC=humongous(continues), CS=collection set, F=free, OA=open archive, CA=closed archive, TAMS=top-at-mark-start (previous, next)
|   0|0x0000000082000000, 0x0000000083000000, 0x0000000083000000|100%| O|  |TAMS 0x0000000083000000, 0x0000000082000000| Untracked 
|   1|0x0000000083000000, 0x0000000083e06bd0, 0x0000000084000000| 87%| O|  |TAMS 0x0000000083e06bd0, 0x0000000083000000| Untracked 
|   2|0x0000000084000000, 0x00000000842d34d8, 0x0000000085000000| 17%| O|  |TAMS 0x00000000842d34d8, 0x0000000084000000| Complete 
|   3|0x0000000085000000, 0x0000000086000000, 0x0000000086000000|100%| O|  |TAMS 0x0000000086000000, 0x0000000085000000| Complete 
|   4|0x0000000086000000, 0x0000000086a95400, 0x0000000087000000| 66%| O|  |TAMS 0x0000000086a95400, 0x0000000086000000| Complete 
|   5|0x0000000087000000, 0x0000000087000000, 0x0000000088000000|  0%| F|  |TAMS 0x0000000087000000, 0x0000000087000000| Untracked 
|   6|0x0000000088000000, 0x0000000088000000, 0x0000000089000000|  0%| F|  |TAMS 0x0000000088000000, 0x0000000088000000| Untracked 
|   7|0x0000000089000000, 0x0000000089000000, 0x000000008a000000|  0%| F|  |TAMS 0x0000000089000000, 0x0000000089000000| Untracked 
|   8|0x000000008a000000, 0x000000008af39c68, 0x000000008b000000| 95%| S|CS|TAMS 0x000000008a000000, 0x000000008a000000| Complete 
|   9|0x000000008b000000, 0x000000008b000000, 0x000000008c000000|  0%| F|  |TAMS 0x000000008b000000, 0x000000008b000000| Untracked 
|  10|0x000000008c000000, 0x000000008c000000, 0x000000008d000000|  0%| F|  |TAMS 0x000000008c000000, 0x000000008c000000| Untracked 
|  11|0x000000008d000000, 0x000000008d000000, 0x000000008e000000|  0%| F|  |TAMS 0x000000008d000000, 0x000000008d000000| Untracked 
|  12|0x000000008e000000, 0x000000008e000000, 0x000000008f000000|  0%| F|  |TAMS 0x000000008e000000, 0x000000008e000000| Untracked 
|  13|0x000000008f000000, 0x000000008f000000, 0x0000000090000000|  0%| F|  |TAMS 0x000000008f000000, 0x000000008f000000| Untracked 
|  14|0x0000000090000000, 0x0000000090000000, 0x0000000091000000|  0%| F|  |TAMS 0x0000000090000000, 0x0000000090000000| Untracked 
|  15|0x0000000091000000, 0x0000000091000000, 0x0000000092000000|  0%| F|  |TAMS 0x0000000091000000, 0x0000000091000000| Untracked 
|  16|0x0000000092000000, 0x0000000092000000, 0x0000000093000000|  0%| F|  |TAMS 0x0000000092000000, 0x0000000092000000| Untracked 
|  17|0x0000000093000000, 0x0000000093000000, 0x0000000094000000|  0%| F|  |TAMS 0x0000000093000000, 0x0000000093000000| Untracked 
|  18|0x0000000094000000, 0x0000000094000000, 0x0000000095000000|  0%| F|  |TAMS 0x0000000094000000, 0x0000000094000000| Untracked 
|  19|0x0000000095000000, 0x0000000095000000, 0x0000000096000000|  0%| F|  |TAMS 0x0000000095000000, 0x0000000095000000| Untracked 
|  20|0x0000000096000000, 0x0000000096000000, 0x0000000097000000|  0%| F|  |TAMS 0x0000000096000000, 0x0000000096000000| Untracked 
|  21|0x0000000097000000, 0x0000000097000000, 0x0000000098000000|  0%| F|  |TAMS 0x0000000097000000, 0x0000000097000000| Untracked 
|  22|0x0000000098000000, 0x0000000098000000, 0x0000000099000000|  0%| F|  |TAMS 0x0000000098000000, 0x0000000098000000| Untracked 
|  23|0x0000000099000000, 0x0000000099000000, 0x000000009a000000|  0%| F|  |TAMS 0x0000000099000000, 0x0000000099000000| Untracked 
|  24|0x000000009a000000, 0x000000009a000000, 0x000000009b000000|  0%| F|  |TAMS 0x000000009a000000, 0x000000009a000000| Untracked 
|  25|0x000000009b000000, 0x000000009ba9d680, 0x000000009c000000| 66%| E|  |TAMS 0x000000009b000000, 0x000000009b000000| Complete 
|  26|0x000000009c000000, 0x000000009d000000, 0x000000009d000000|100%| E|CS|TAMS 0x000000009c000000, 0x000000009c000000| Complete 
|  68|0x00000000c6000000, 0x00000000c7000000, 0x00000000c7000000|100%| E|CS|TAMS 0x00000000c6000000, 0x00000000c6000000| Complete 
|1916|0x00000007fe000000, 0x00000007fef75000, 0x00000007ff000000| 96%|OA|  |TAMS 0x00000007fef75000, 0x00000007fe000000| Untracked 
|1917|0x00000007ff000000, 0x00000007ff078000, 0x0000000800000000|  2%|CA|  |TAMS 0x00000007ff078000, 0x00000007ff000000| Untracked 

Card table byte_map: [0x0000155431620000,0x0000155435210000] _byte_map_base: 0x0000155431210000

Marking Bits (Prev, Next): (CMBitMap*) 0x0000555557df4cb0, (CMBitMap*) 0x0000555557df4c70
 Prev Bits: [0x00001553f1b30000, 0x000015540fab0000)
 Next Bits: [0x000015540fab0000, 0x000015542da30000)

Polling page: 0x0000155544c7b000

Metaspace:

Usage:
  Non-class:     12.04 MB used.
      Class:      1.29 MB used.
       Both:     13.33 MB used.

Virtual space:
  Non-class space:       64.00 MB reserved,      12.19 MB ( 19%) committed,  1 nodes.
      Class space:        1.00 GB reserved,       1.44 MB ( <1%) committed,  1 nodes.
             Both:        1.06 GB reserved,      13.62 MB (  1%) committed. 

Chunk freelists:
   Non-Class:  3.30 MB
       Class:  14.49 MB
        Both:  17.79 MB

MaxMetaspaceSize: unlimited
CompressedClassSpaceSize: 1.00 GB
Initial GC threshold: 21.00 MB
Current GC threshold: 22.50 MB
CDS: on
MetaspaceReclaimPolicy: balanced
 - commit_granule_bytes: 65536.
 - commit_granule_words: 8192.
 - virtual_space_node_default_size: 8388608.
 - enlarge_chunks_in_place: 1.
 - new_chunks_are_fully_committed: 0.
 - uncommit_free_chunks: 1.
 - use_allocation_guard: 0.
 - handle_deallocations: 1.


Internal statistics:

num_allocs_failed_limit: 0.
num_arena_births: 220.
num_arena_deaths: 2.
num_vsnodes_births: 2.
num_vsnodes_deaths: 0.
num_space_committed: 218.
num_space_uncommitted: 0.
num_chunks_returned_to_freelist: 3.
num_chunks_taken_from_freelist: 591.
num_chunk_merges: 0.
num_chunk_splits: 423.
num_chunks_enlarged: 320.
num_inconsistent_stats: 0.

CodeHeap 'non-profiled nmethods': size=119168Kb used=2815Kb max_used=2815Kb free=116352Kb
 bounds [0x00001554409a0000, 0x0000155440c60000, 0x0000155447e00000]
CodeHeap 'profiled nmethods': size=119164Kb used=6235Kb max_used=7246Kb free=112928Kb
 bounds [0x0000155438e00000, 0x0000155439520000, 0x000015544025f000]
CodeHeap 'non-nmethods': size=7428Kb used=1233Kb max_used=2974Kb free=6194Kb
 bounds [0x000015544025f000, 0x00001554405bf000, 0x00001554409a0000]
 total_blobs=3741 nmethods=3191 adapters=462
 compilation: enabled
              stopped_count=0, restarted_count=0
 full_count=0

Compilation events (20 events):
Event: 419.291 Thread 0x000055555d49b6c0 3778       4       jdk.internal.misc.Unsafe::checkSize (32 bytes)
Event: 419.292 Thread 0x000055555d49b6c0 nmethod 3778 0x0000155440c5a390 code [0x0000155440c5a520, 0x0000155440c5a5b8]
Event: 430.292 Thread 0x000055555d49b6c0 3779       4       jdk.internal.misc.Unsafe::copyMemory (33 bytes)
Event: 430.296 Thread 0x000055555d49b6c0 nmethod 3779 0x0000155440c5a690 code [0x0000155440c5a820, 0x0000155440c5ab98]
Event: 445.788 Thread 0x000055555d49b6c0 3780   !   4       org.h2.mvstore.MVStore::tryCommit (59 bytes)
Event: 445.797 Thread 0x000055555d49b6c0 nmethod 3780 0x0000155440c5af90 code [0x0000155440c5b200, 0x0000155440c5ba28]
Event: 469.867 Thread 0x000055555d49b6c0 3781   !   4       org.h2.mvstore.FileStore::writeInBackground (92 bytes)
Event: 469.881 Thread 0x000055555d49b6c0 nmethod 3781 0x0000155440c5c190 code [0x0000155440c5c420, 0x0000155440c5cf08]
Event: 532.306 Thread 0x000055555d49b6c0 3782       4       java.util.Collections$UnmodifiableCollection$1::hasNext (10 bytes)
Event: 532.307 Thread 0x000055555d49b6c0 nmethod 3782 0x0000155440c5da90 code [0x0000155440c5dc20, 0x0000155440c5dcd8]
Event: 612.626 Thread 0x000055555d49b6c0 3783       4       java.lang.ref.ReferenceQueue::reallyPoll (65 bytes)
Event: 612.630 Thread 0x000055555d49b6c0 nmethod 3783 0x0000155440c5dd90 code [0x0000155440c5df20, 0x0000155440c5e238]
Event: 629.318 Thread 0x000055555d49b6c0 3784       4       java.lang.ref.Cleaner$1::apply (9 bytes)
Event: 629.319 Thread 0x000055555d49b6c0 nmethod 3784 0x0000155440c5e310 code [0x0000155440c5e4a0, 0x0000155440c5e558]
Event: 645.020 Thread 0x000055555d49b6c0 3785   !   4       java.lang.Thread::blockedOn (27 bytes)
Event: 645.022 Thread 0x000055555d49b6c0 nmethod 3785 0x0000155440c5e610 code [0x0000155440c5e7a0, 0x0000155440c5ea58]
Event: 665.022 Thread 0x000055555d49b6c0 3786       4       java.util.Collections$UnmodifiableCollection$1::next (10 bytes)
Event: 665.023 Thread 0x000055555d49b6c0 nmethod 3786 0x0000155440c5eb10 code [0x0000155440c5eca0, 0x0000155440c5edd8]
Event: 737.331 Thread 0x000055555d49b6c0 3787       4       org.h2.store.fs.disk.FilePathDisk::translateFileName (47 bytes)
Event: 737.350 Thread 0x000055555d49b6c0 nmethod 3787 0x0000155440c5ef10 code [0x0000155440c5f0c0, 0x0000155440c5f818]

GC Heap History (20 events):
Event: 8.740 GC heap before
{Heap before GC invocations=7 (full 3):
 garbage-first heap   total 163840K, used 65227K [0x0000000082000000, 0x0000000800000000)
  region size 16384K, 3 young (49152K), 0 survivors (0K)
 Metaspace       used 12471K, committed 12736K, reserved 1114112K
  class space    used 1251K, committed 1408K, reserved 1048576K
}
Event: 8.814 GC heap after
{Heap after GC invocations=8 (full 3):
 garbage-first heap   total 1130496K, used 58712K [0x0000000082000000, 0x0000000800000000)
  region size 16384K, 1 young (16384K), 1 survivors (16384K)
 Metaspace       used 12471K, committed 12736K, reserved 1114112K
  class space    used 1251K, committed 1408K, reserved 1048576K
}
Event: 10.840 GC heap before
{Heap before GC invocations=8 (full 3):
 garbage-first heap   total 1130496K, used 58712K [0x0000000082000000, 0x0000000800000000)
  region size 16384K, 2 young (32768K), 1 survivors (16384K)
 Metaspace       used 12534K, committed 12800K, reserved 1114112K
  class space    used 1255K, committed 1408K, reserved 1048576K
}
Event: 10.894 GC heap after
{Heap after GC invocations=9 (full 4):
 garbage-first heap   total 229376K, used 43781K [0x0000000082000000, 0x0000000800000000)
  region size 16384K, 0 young (0K), 0 survivors (0K)
 Metaspace       used 12534K, committed 12800K, reserved 1114112K
  class space    used 1255K, committed 1408K, reserved 1048576K
}
Event: 20.875 GC heap before
{Heap before GC invocations=9 (full 4):
 garbage-first heap   total 229376K, used 109317K [0x0000000082000000, 0x0000000800000000)
  region size 16384K, 4 young (65536K), 0 survivors (0K)
 Metaspace       used 13210K, committed 13440K, reserved 1114112K
  class space    used 1307K, committed 1408K, reserved 1048576K
}
Event: 20.915 GC heap after
{Heap after GC invocations=10 (full 4):
 garbage-first heap   total 229376K, used 55113K [0x0000000082000000, 0x0000000800000000)
  region size 16384K, 1 young (16384K), 1 survivors (16384K)
 Metaspace       used 13210K, committed 13440K, reserved 1114112K
  class space    used 1307K, committed 1408K, reserved 1048576K
}
Event: 23.055 GC heap before
{Heap before GC invocations=10 (full 4):
 garbage-first heap   total 229376K, used 71497K [0x0000000082000000, 0x0000000800000000)
  region size 16384K, 4 young (65536K), 1 survivors (16384K)
 Metaspace       used 13219K, committed 13440K, reserved 1114112K
  class space    used 1307K, committed 1408K, reserved 1048576K
}
Event: 23.365 GC heap after
{Heap after GC invocations=11 (full 5):
 garbage-first heap   total 229376K, used 55592K [0x0000000082000000, 0x0000000800000000)
  region size 16384K, 0 young (0K), 0 survivors (0K)
 Metaspace       used 13219K, committed 13440K, reserved 1114112K
  class space    used 1307K, committed 1408K, reserved 1048576K
}
Event: 31.090 GC heap before
{Heap before GC invocations=11 (full 5):
 garbage-first heap   total 229376K, used 88360K [0x0000000082000000, 0x0000000800000000)
  region size 16384K, 3 young (49152K), 0 survivors (0K)
 Metaspace       used 13441K, committed 13760K, reserved 1114112K
  class space    used 1314K, committed 1472K, reserved 1048576K
}
Event: 31.100 GC heap after
{Heap after GC invocations=12 (full 5):
 garbage-first heap   total 229376K, used 66885K [0x0000000082000000, 0x0000000800000000)
  region size 16384K, 1 young (16384K), 1 survivors (16384K)
 Metaspace       used 13441K, committed 13760K, reserved 1114112K
  class space    used 1314K, committed 1472K, reserved 1048576K
}
Event: 32.799 GC heap before
{Heap before GC invocations=12 (full 5):
 garbage-first heap   total 229376K, used 99653K [0x0000000082000000, 0x0000000800000000)
  region size 16384K, 4 young (65536K), 1 survivors (16384K)
 Metaspace       used 13442K, committed 13760K, reserved 1114112K
  class space    used 1314K, committed 1472K, reserved 1048576K
}
Event: 32.826 GC heap after
{Heap after GC invocations=13 (full 5):
 garbage-first heap   total 229376K, used 74354K [0x0000000082000000, 0x0000000800000000)
  region size 16384K, 1 young (16384K), 1 survivors (16384K)
 Metaspace       used 13442K, committed 13760K, reserved 1114112K
  class space    used 1314K, committed 1472K, reserved 1048576K
}
Event: 33.554 GC heap before
{Heap before GC invocations=13 (full 5):
 garbage-first heap   total 229376K, used 74354K [0x0000000082000000, 0x0000000800000000)
  region size 16384K, 3 young (49152K), 1 survivors (16384K)
 Metaspace       used 13500K, committed 13824K, reserved 1114112K
  class space    used 1314K, committed 1472K, reserved 1048576K
}
Event: 33.762 GC heap after
{Heap after GC invocations=14 (full 6):
 garbage-first heap   total 229376K, used 49948K [0x0000000082000000, 0x0000000800000000)
  region size 16384K, 0 young (0K), 0 survivors (0K)
 Metaspace       used 13500K, committed 13824K, reserved 1114112K
  class space    used 1314K, committed 1472K, reserved 1048576K
}
Event: 41.112 GC heap before
{Heap before GC invocations=14 (full 6):
 garbage-first heap   total 229376K, used 99100K [0x0000000082000000, 0x0000000800000000)
  region size 16384K, 4 young (65536K), 0 survivors (0K)
 Metaspace       used 13545K, committed 13824K, reserved 1114112K
  class space    used 1315K, committed 1472K, reserved 1048576K
}
Event: 41.131 GC heap after
{Heap after GC invocations=15 (full 6):
 garbage-first heap   total 229376K, used 75878K [0x0000000082000000, 0x0000000800000000)
  region size 16384K, 1 young (16384K), 1 survivors (16384K)
 Metaspace       used 13545K, committed 13824K, reserved 1114112K
  class space    used 1315K, committed 1472K, reserved 1048576K
}
Event: 41.989 GC heap before
{Heap before GC invocations=15 (full 6):
 garbage-first heap   total 229376K, used 108646K [0x0000000082000000, 0x0000000800000000)
  region size 16384K, 3 young (49152K), 1 survivors (16384K)
 Metaspace       used 13546K, committed 13824K, reserved 1114112K
  class space    used 1315K, committed 1472K, reserved 1048576K
}
Event: 42.012 GC heap after
{Heap after GC invocations=16 (full 6):
 garbage-first heap   total 229376K, used 83413K [0x0000000082000000, 0x0000000800000000)
  region size 16384K, 1 young (16384K), 1 survivors (16384K)
 Metaspace       used 13546K, committed 13824K, reserved 1114112K
  class space    used 1315K, committed 1472K, reserved 1048576K
}
Event: 42.674 GC heap before
{Heap before GC invocations=16 (full 6):
 garbage-first heap   total 229376K, used 99797K [0x0000000082000000, 0x0000000800000000)
  region size 16384K, 3 young (49152K), 1 survivors (16384K)
 Metaspace       used 13584K, committed 13888K, reserved 1114112K
  class space    used 1315K, committed 1472K, reserved 1048576K
}
Event: 42.688 GC heap after
{Heap after GC invocations=17 (full 6):
 garbage-first heap   total 1163264K, used 92760K [0x0000000082000000, 0x0000000800000000)
  region size 16384K, 1 young (16384K), 1 survivors (16384K)
 Metaspace       used 13584K, committed 13888K, reserved 1114112K
  class space    used 1315K, committed 1472K, reserved 1048576K
}

Dll operation events (9 events):
Event: 0.013 Loaded shared library /usr/lib/jvm/java-17-openjdk-17.0.16.0.8-2.el9.x86_64/lib/libjava.so
Event: 0.032 Loaded shared library /usr/lib/jvm/java-17-openjdk-17.0.16.0.8-2.el9.x86_64/lib/libjsvml.so
Event: 0.048 Loaded shared library /usr/lib/jvm/java-17-openjdk-17.0.16.0.8-2.el9.x86_64/lib/libnio.so
Event: 0.051 Loaded shared library /usr/lib/jvm/java-17-openjdk-17.0.16.0.8-2.el9.x86_64/lib/libzip.so
Event: 0.154 Loaded shared library /storage/home/hcoda1/4/hyu483/.local/lib/python3.11/site-packages/_jpype.cpython-311-x86_64-linux-gnu.so
Event: 0.200 Loaded shared library /usr/lib/jvm/java-17-openjdk-17.0.16.0.8-2.el9.x86_64/lib/libjimage.so
Event: 2.943 Loaded shared library /usr/lib/jvm/java-17-openjdk-17.0.16.0.8-2.el9.x86_64/lib/libsystemconf.so
Event: 3.498 Loaded shared library /usr/lib/jvm/java-17-openjdk-17.0.16.0.8-2.el9.x86_64/lib/libnet.so
Event: 3.595 Loaded shared library /usr/lib/jvm/java-17-openjdk-17.0.16.0.8-2.el9.x86_64/lib/libextnet.so

Deoptimization events (20 events):
Event: 42.495 Thread 0x0000555557ee4250 DEOPT PACKING pc=0x00001554393c046b sp=0x00007fffffff0260
Event: 42.495 Thread 0x0000555557ee4250 DEOPT UNPACKING pc=0x00001554402b5e2f sp=0x00007ffffffef7b0 mode 0
Event: 42.496 Thread 0x0000555557ee4250 DEOPT PACKING pc=0x00001554393c046b sp=0x00007fffffff0260
Event: 42.496 Thread 0x0000555557ee4250 DEOPT UNPACKING pc=0x00001554402b5e2f sp=0x00007ffffffef7b0 mode 0
Event: 42.496 Thread 0x0000555557ee4250 DEOPT PACKING pc=0x00001554393c046b sp=0x00007fffffff0260
Event: 42.496 Thread 0x0000555557ee4250 DEOPT UNPACKING pc=0x00001554402b5e2f sp=0x00007ffffffef7b0 mode 0
Event: 42.497 Thread 0x0000555557ee4250 DEOPT PACKING pc=0x00001554393c046b sp=0x00007fffffff0260
Event: 42.497 Thread 0x0000555557ee4250 DEOPT UNPACKING pc=0x00001554402b5e2f sp=0x00007ffffffef7b0 mode 0
Event: 42.498 Thread 0x0000555557ee4250 DEOPT PACKING pc=0x00001554393c046b sp=0x00007fffffff0260
Event: 42.498 Thread 0x0000555557ee4250 DEOPT UNPACKING pc=0x00001554402b5e2f sp=0x00007ffffffef7b0 mode 0
Event: 42.591 Thread 0x0000555557ee4250 DEOPT PACKING pc=0x00001554393c046b sp=0x00007fffffff0110
Event: 42.591 Thread 0x0000555557ee4250 DEOPT UNPACKING pc=0x00001554402b5e2f sp=0x00007ffffffef658 mode 0
Event: 42.592 Thread 0x0000555557ee4250 DEOPT PACKING pc=0x00001554393c046b sp=0x00007fffffff0110
Event: 42.592 Thread 0x0000555557ee4250 DEOPT UNPACKING pc=0x00001554402b5e2f sp=0x00007ffffffef658 mode 0
Event: 42.592 Thread 0x0000555557ee4250 DEOPT PACKING pc=0x00001554393c046b sp=0x00007fffffff0110
Event: 42.592 Thread 0x0000555557ee4250 DEOPT UNPACKING pc=0x00001554402b5e2f sp=0x00007ffffffef658 mode 0
Event: 42.595 Thread 0x0000555557ee4250 DEOPT PACKING pc=0x00001554393c046b sp=0x00007fffffff0110
Event: 42.595 Thread 0x0000555557ee4250 DEOPT UNPACKING pc=0x00001554402b5e2f sp=0x00007ffffffef658 mode 0
Event: 42.595 Thread 0x0000555557ee4250 DEOPT PACKING pc=0x00001554393c046b sp=0x00007fffffff0110
Event: 42.595 Thread 0x0000555557ee4250 DEOPT UNPACKING pc=0x00001554402b5e2f sp=0x00007ffffffef658 mode 0

Classes loaded (20 events):
Event: 13.174 Loading class sun/nio/cs/ArrayDecoder done
Event: 13.174 Loading class sun/nio/cs/SingleByte$Decoder done
Event: 13.174 Loading class sun/nio/cs/MS1252$Holder
Event: 13.174 Loading class sun/nio/cs/MS1252$Holder done
Event: 13.174 Loading class sun/nio/cs/SingleByte
Event: 13.174 Loading class sun/nio/cs/SingleByte done
Event: 13.221 Loading class java/nio/BufferUnderflowException
Event: 13.221 Loading class java/nio/BufferUnderflowException done
Event: 13.243 Loading class java/nio/StringCharBuffer
Event: 13.243 Loading class java/nio/StringCharBuffer done
Event: 13.317 Loading class java/util/Formatter$FixedString
Event: 13.317 Loading class java/util/Formatter$FixedString done
Event: 13.324 Loading class sun/text/resources/cldr/FormatData_en
Event: 13.324 Loading class sun/text/resources/cldr/FormatData_en done
Event: 29.115 Loading class java/util/PriorityQueue
Event: 29.115 Loading class java/util/PriorityQueue done
Event: 29.115 Loading class java/util/PriorityQueue$Itr
Event: 29.115 Loading class java/util/PriorityQueue$Itr done
Event: 758.162 Loading class jdk/internal/misc/Signal$1
Event: 758.162 Loading class jdk/internal/misc/Signal$1 done

Classes unloaded (1 events):
Event: 7.465 Thread 0x000055555b264fe0 Unloading class 0x00001553b1129400 'java/lang/invoke/LambdaForm$MH+0x00001553b1129400'

Classes redefined (0 events):
No events

Internal exceptions (20 events):
Event: 4.360 Thread 0x0000555557ee4250 Exception <a 'sun/nio/fs/UnixException'{0x0000000088061608}> (0x0000000088061608) 
thrown [src/hotspot/share/prims/jni.cpp, line 516]
Event: 4.363 Thread 0x0000555557ee4250 Exception <a 'java/lang/NoSuchMethodError'{0x000000008807ffd0}: 'void java.lang.invoke.DirectMethodHandle$Holder.invokeStatic(java.lang.Object, java.lang.Object, java.lang.Object, java.lang.Object)'> (0x000000008807ffd0) 
thrown [src/hotspot/share/interpreter/linkResolver.cpp, line 759]
Event: 4.423 Thread 0x0000555557ee4250 Exception <a 'java/lang/NoSuchMethodError'{0x00000000881add00}: 'void java.lang.invoke.DirectMethodHandle$Holder.invokeSpecial(java.lang.Object, java.lang.Object, long)'> (0x00000000881add00) 
thrown [src/hotspot/share/interpreter/linkResolver.cpp, line 759]
Event: 4.426 Thread 0x0000555557ee4250 Exception <a 'java/lang/NoSuchMethodError'{0x00000000881c0d40}: 'java.lang.Object java.lang.invoke.DirectMethodHandle$Holder.newInvokeSpecial(java.lang.Object, java.lang.Object, int, java.lang.Object, long)'> (0x00000000881c0d40) 
thrown [src/hotspot/share/interpreter/linkResolver.cpp, line 759]
Event: 17.266 Thread 0x0000555557ee4250 Exception <a 'sun/nio/fs/UnixException'{0x000000008d28b918}> (0x000000008d28b918) 
thrown [src/hotspot/share/prims/jni.cpp, line 516]
Event: 17.267 Thread 0x0000555557ee4250 Exception <a 'sun/nio/fs/UnixException'{0x000000008d28e750}> (0x000000008d28e750) 
thrown [src/hotspot/share/prims/jni.cpp, line 516]
Event: 17.370 Thread 0x0000555557ee4250 Exception <a 'sun/nio/fs/UnixException'{0x000000008d37ac30}> (0x000000008d37ac30) 
thrown [src/hotspot/share/prims/jni.cpp, line 516]
Event: 17.373 Thread 0x0000555557ee4250 Exception <a 'sun/nio/fs/UnixException'{0x000000008d389490}> (0x000000008d389490) 
thrown [src/hotspot/share/prims/jni.cpp, line 516]
Event: 29.042 Thread 0x0000555557ee4250 Exception <a 'sun/nio/fs/UnixException'{0x000000008d088d40}> (0x000000008d088d40) 
thrown [src/hotspot/share/prims/jni.cpp, line 516]
Event: 29.042 Thread 0x0000555557ee4250 Exception <a 'sun/nio/fs/UnixException'{0x000000008d08bb78}> (0x000000008d08bb78) 
thrown [src/hotspot/share/prims/jni.cpp, line 516]
Event: 29.114 Thread 0x0000555557ee4250 Exception <a 'java/lang/NoSuchMethodError'{0x000000008d0e9600}: 'java.lang.Object java.lang.invoke.DirectMethodHandle$Holder.newInvokeSpecial(java.lang.Object, java.lang.Object, int)'> (0x000000008d0e9600) 
thrown [src/hotspot/share/interpreter/linkResolver.cpp, line 759]
Event: 29.412 Thread 0x0000555557ee4250 Exception <a 'java/lang/NoSuchMethodError'{0x000000008d8baec8}: 'java.lang.Object java.lang.invoke.DirectMethodHandle$Holder.newInvokeSpecial(java.lang.Object, java.lang.Object, int, long)'> (0x000000008d8baec8) 
thrown [src/hotspot/share/interpreter/linkResolver.cpp, line 759]
Event: 30.160 Thread 0x000055555d8369f0 Exception <a 'java/lang/InterruptedException'{0x000000008d055f18}: sleep interrupted> (0x000000008d055f18) 
thrown [src/hotspot/share/prims/jvm.cpp, line 3064]
Event: 30.260 Thread 0x0000555557ee4250 Exception <a 'sun/nio/fs/UnixException'{0x000000008cd99828}> (0x000000008cd99828) 
thrown [src/hotspot/share/prims/jni.cpp, line 516]
Event: 30.274 Thread 0x0000555557ee4250 Exception <a 'sun/nio/fs/UnixException'{0x000000008cdab890}> (0x000000008cdab890) 
thrown [src/hotspot/share/prims/jni.cpp, line 516]
Event: 39.849 Thread 0x0000555557ee4250 Exception <a 'sun/nio/fs/UnixException'{0x000000008c05d740}> (0x000000008c05d740) 
thrown [src/hotspot/share/prims/jni.cpp, line 516]
Event: 39.850 Thread 0x0000555557ee4250 Exception <a 'sun/nio/fs/UnixException'{0x000000008c060550}> (0x000000008c060550) 
thrown [src/hotspot/share/prims/jni.cpp, line 516]
Event: 40.792 Thread 0x000055555da22dd0 Exception <a 'java/lang/InterruptedException'{0x000000008c0dbe50}: sleep interrupted> (0x000000008c0dbe50) 
thrown [src/hotspot/share/prims/jvm.cpp, line 3064]
Event: 40.837 Thread 0x0000555557ee4250 Exception <a 'sun/nio/fs/UnixException'{0x000000008bfbda58}> (0x000000008bfbda58) 
thrown [src/hotspot/share/prims/jni.cpp, line 516]
Event: 40.839 Thread 0x0000555557ee4250 Exception <a 'sun/nio/fs/UnixException'{0x000000008bfd2558}> (0x000000008bfd2558) 
thrown [src/hotspot/share/prims/jni.cpp, line 516]

VM Operations (20 events):
Event: 45.900 Executing VM operation: Cleanup
Event: 45.900 Executing VM operation: Cleanup done
Event: 60.065 Executing VM operation: HandshakeAllThreads
Event: 60.065 Executing VM operation: HandshakeAllThreads done
Event: 112.068 Executing VM operation: Cleanup
Event: 112.068 Executing VM operation: Cleanup done
Event: 122.069 Executing VM operation: Cleanup
Event: 122.069 Executing VM operation: Cleanup done
Event: 127.069 Executing VM operation: Cleanup
Event: 127.069 Executing VM operation: Cleanup done
Event: 131.069 Executing VM operation: Cleanup
Event: 131.069 Executing VM operation: Cleanup done
Event: 321.080 Executing VM operation: Cleanup
Event: 321.080 Executing VM operation: Cleanup done
Event: 533.093 Executing VM operation: Cleanup
Event: 533.093 Executing VM operation: Cleanup done
Event: 630.099 Executing VM operation: Cleanup
Event: 630.099 Executing VM operation: Cleanup done
Event: 666.101 Executing VM operation: Cleanup
Event: 666.101 Executing VM operation: Cleanup done

Memory protections (20 events):
Event: 30.624 Protecting memory [0x0000155480a00000,0x0000155480a04000] with protection modes 0
Event: 30.733 Protecting memory [0x00001554739b2000,0x00001554739b6000] with protection modes 0
Event: 30.766 Protecting memory [0x0000155473bd4000,0x0000155473bd8000] with protection modes 0
Event: 30.853 Protecting memory [0x00001553f172f000,0x00001553f1733000] with protection modes 0
Event: 30.900 Protecting memory [0x00001553f152e000,0x00001553f1532000] with protection modes 0
Event: 30.941 Protecting memory [0x00001553f112b000,0x00001553f112f000] with protection modes 0
Event: 39.911 Protecting memory [0x00001554547ff000,0x0000155454803000] with protection modes 0
Event: 40.193 Protecting memory [0x00001553f132c000,0x00001553f1330000] with protection modes 0
Event: 40.245 Protecting memory [0x00001553f142d000,0x00001553f1431000] with protection modes 0
Event: 40.283 Protecting memory [0x00001555373b3000,0x00001555373b7000] with protection modes 0
Event: 40.314 Protecting memory [0x00001554545fd000,0x0000155454601000] with protection modes 0
Event: 40.356 Protecting memory [0x00001554544fc000,0x0000155454500000] with protection modes 0
Event: 40.835 Protecting memory [0x0000155454900000,0x0000155454904000] with protection modes 0
Event: 40.885 Protecting memory [0x00001554545fd000,0x0000155454601000] with protection modes 0
Event: 40.917 Protecting memory [0x00001554544fc000,0x0000155454500000] with protection modes 0
Event: 41.426 Protecting memory [0x00001555372b2000,0x00001555372b6000] with protection modes 0
Event: 41.517 Protecting memory [0x00001554543fb000,0x00001554543ff000] with protection modes 0
Event: 42.529 Protecting memory [0x00001555373b3000,0x00001555373b7000] with protection modes 0
Event: 758.162 Protecting memory [0x00001553f132c000,0x00001553f1330000] with protection modes 0
Event: 758.313 Protecting memory [0x00001553f132c000,0x00001553f1330000] with protection modes 0

Nmethod flushes (20 events):
Event: 18.558 Thread 0x000055555d49dde0 flushing  nmethod 0x000015543933f410
Event: 18.558 Thread 0x000055555d49dde0 flushing  nmethod 0x0000155439346a90
Event: 18.558 Thread 0x000055555d49dde0 flushing  nmethod 0x000015543936f190
Event: 18.558 Thread 0x000055555d49dde0 flushing  nmethod 0x000015543936f490
Event: 18.558 Thread 0x000055555d49dde0 flushing  nmethod 0x000015543936fa10
Event: 18.558 Thread 0x000055555d49dde0 flushing osr nmethod 0x0000155439373590
Event: 18.558 Thread 0x000055555d49dde0 flushing  nmethod 0x0000155439389690
Event: 18.558 Thread 0x000055555d49dde0 flushing  nmethod 0x000015543938ea90
Event: 18.558 Thread 0x000055555d49dde0 flushing  nmethod 0x0000155439392590
Event: 18.558 Thread 0x000055555d49dde0 flushing  nmethod 0x0000155439394c10
Event: 18.558 Thread 0x000055555d49dde0 flushing  nmethod 0x000015543939aa10
Event: 18.558 Thread 0x000055555d49dde0 flushing  nmethod 0x000015543939c490
Event: 18.558 Thread 0x000055555d49dde0 flushing  nmethod 0x000015543939dc10
Event: 18.558 Thread 0x000055555d49dde0 flushing  nmethod 0x00001554393c1990
Event: 18.558 Thread 0x000055555d49dde0 flushing  nmethod 0x00001554393c8b90
Event: 18.559 Thread 0x000055555d49dde0 flushing  nmethod 0x00001554393ea790
Event: 18.559 Thread 0x000055555d49dde0 flushing  nmethod 0x00001554393eb590
Event: 18.559 Thread 0x000055555d49dde0 flushing  nmethod 0x00001554393ff810
Event: 18.559 Thread 0x000055555d49dde0 flushing  nmethod 0x0000155439434110
Event: 18.559 Thread 0x000055555d49dde0 flushing  nmethod 0x0000155439434990

Events (20 events):
Event: 40.279 Thread 0x000055555d49cab0 Thread added: 0x00001554500886f0
Event: 40.314 Thread 0x000055555d49cab0 Thread added: 0x0000155450088ca0
Event: 40.327 Thread 0x000055555d49cab0 Thread added: 0x00001554502704f0
Event: 40.518 Thread 0x00001554502704f0 Thread exited: 0x00001554502704f0
Event: 40.792 Thread 0x000055555da22dd0 Thread exited: 0x000055555da22dd0
Event: 40.835 Thread 0x0000555557ee4250 Thread added: 0x0000555557e73b00
Event: 40.837 Thread 0x0000155450088ca0 Thread exited: 0x0000155450088ca0
Event: 40.883 Thread 0x0000555557ee4250 Thread added: 0x0000555557e61050
Event: 40.917 Thread 0x0000555557e73b00 Thread added: 0x0000155354001950
Event: 40.933 Thread 0x0000155354001950 Thread exited: 0x0000155354001950
Event: 41.422 Thread 0x0000555557e61050 Thread added: 0x0000155358009e50
Event: 41.517 Thread 0x0000155358009e50 Thread added: 0x0000155380a695a0
Event: 41.929 Thread 0x00001554500886f0 Thread exited: 0x00001554500886f0
Event: 42.519 Thread 0x000055555d49cab0 Thread added: 0x00001554502713c0
Event: 44.741 Thread 0x00001554502713c0 Thread exited: 0x00001554502713c0
Event: 44.742 Thread 0x00001554501ec330 Thread exited: 0x00001554501ec330
Event: 44.742 Thread 0x000015545008b6a0 Thread exited: 0x000015545008b6a0
Event: 758.162 Thread 0x000055555d497bc0 Thread added: 0x0000155520001490
Event: 758.163 Thread 0x0000155520001490 Thread exited: 0x0000155520001490
Event: 758.313 Thread 0x000055555d497bc0 Thread added: 0x0000155520001470


Dynamic libraries:
82000000-9d000000 rw-p 00000000 00:00 0 
9d000000-c6000000 ---p 00000000 00:00 0 
c6000000-c7000000 rw-p 00000000 00:00 0 
c7000000-7fe000000 ---p 00000000 00:00 0 
7fe000000-7fef00000 rw-p 00000000 00:00 0 
7fef00000-7fef75000 rw-p 00c7c000 fd:00 104334674                        /usr/lib/jvm/java-17-openjdk-17.0.16.0.8-2.el9.x86_64/lib/server/classes.jsa
7fef75000-7ff000000 rw-p 00000000 00:00 0 
7ff000000-7ff078000 rw-p 00c04000 fd:00 104334674                        /usr/lib/jvm/java-17-openjdk-17.0.16.0.8-2.el9.x86_64/lib/server/classes.jsa
7ff078000-800000000 rw-p 00000000 00:00 0 
15531c000000-15531c3e3000 rw-p 00000000 00:00 0 
15531c3e3000-155320000000 ---p 00000000 00:00 0 
155323dff000-155323e00000 ---p 00000000 00:00 0 
155323e00000-1553244ac000 rw-p 00000000 00:00 0 
1553244ac000-155328000000 ---p 00000000 00:00 0 
155328000000-1553288d0000 rw-p 00000000 00:00 0 
1553288d0000-15532c000000 ---p 00000000 00:00 0 
15532c000000-15532cfd1000 rw-p 00000000 00:00 0 
15532cfd1000-155330000000 ---p 00000000 00:00 0 
155330000000-155331106000 rw-p 00000000 00:00 0 
155331106000-155334000000 ---p 00000000 00:00 0 
155334000000-15533404f000 rw-p 00000000 00:00 0 
15533404f000-155338000000 ---p 00000000 00:00 0 
155338000000-15533954b000 rw-p 00000000 00:00 0 
15533954b000-15533c000000 ---p 00000000 00:00 0 
15533c000000-15533d3c3000 rw-p 00000000 00:00 0 
15533d3c3000-155340000000 ---p 00000000 00:00 0 
155340000000-155340021000 rw-p 00000000 00:00 0 
155340021000-155344000000 ---p 00000000 00:00 0 
155344000000-155345440000 rw-p 00000000 00:00 0 
155345440000-155348000000 ---p 00000000 00:00 0 
155348000000-155348e7f000 rw-p 00000000 00:00 0 
155348e7f000-15534c000000 ---p 00000000 00:00 0 
15534c000000-15534c8b2000 rw-p 00000000 00:00 0 
15534c8b2000-155350000000 ---p 00000000 00:00 0 
155350000000-155350531000 rw-p 00000000 00:00 0 
155350531000-155354000000 ---p 00000000 00:00 0 
155354000000-155354db1000 rw-p 00000000 00:00 0 
155354db1000-155358000000 ---p 00000000 00:00 0 
155358000000-155358d51000 rw-p 00000000 00:00 0 
155358d51000-15535c000000 ---p 00000000 00:00 0 
15535c000000-15535c021000 rw-p 00000000 00:00 0 
15535c021000-155360000000 ---p 00000000 00:00 0 
155360000000-155360021000 rw-p 00000000 00:00 0 
155360021000-155364000000 ---p 00000000 00:00 0 
155364000000-155364021000 rw-p 00000000 00:00 0 
155364021000-155368000000 ---p 00000000 00:00 0 
155368000000-155368021000 rw-p 00000000 00:00 0 
155368021000-15536c000000 ---p 00000000 00:00 0 
15536c000000-15536c412000 rw-p 00000000 00:00 0 
15536c412000-155370000000 ---p 00000000 00:00 0 
155370000000-155370175000 rw-p 00000000 00:00 0 
155370175000-155374000000 ---p 00000000 00:00 0 
155374000000-1553745ae000 rw-p 00000000 00:00 0 
1553745ae000-155378000000 ---p 00000000 00:00 0 
155378000000-155378c2f000 rw-p 00000000 00:00 0 
155378c2f000-15537c000000 ---p 00000000 00:00 0 
15537c000000-15537c021000 rw-p 00000000 00:00 0 
15537c021000-155380000000 ---p 00000000 00:00 0 
155380000000-15538102d000 rw-p 00000000 00:00 0 
15538102d000-155384000000 ---p 00000000 00:00 0 
155384000000-155384021000 rw-p 00000000 00:00 0 
155384021000-155388000000 ---p 00000000 00:00 0 
155388000000-155388021000 rw-p 00000000 00:00 0 
155388021000-15538c000000 ---p 00000000 00:00 0 
15538c000000-15538c4e5000 rw-p 00000000 00:00 0 
15538c4e5000-155390000000 ---p 00000000 00:00 0 
155390000000-155390c23000 rw-p 00000000 00:00 0 
155390c23000-155394000000 ---p 00000000 00:00 0 
155394000000-1553940d8000 rw-p 00000000 00:00 0 
1553940d8000-155398000000 ---p 00000000 00:00 0 
155398000000-1553987cd000 rw-p 00000000 00:00 0 
1553987cd000-15539c000000 ---p 00000000 00:00 0 
15539c000000-15539c021000 rw-p 00000000 00:00 0 
15539c021000-1553a0000000 ---p 00000000 00:00 0 
1553a0000000-1553a0021000 rw-p 00000000 00:00 0 
1553a0021000-1553a4000000 ---p 00000000 00:00 0 
1553a4000000-1553a4021000 rw-p 00000000 00:00 0 
1553a4021000-1553a8000000 ---p 00000000 00:00 0 
1553a8000000-1553a8021000 rw-p 00000000 00:00 0 
1553a8021000-1553ac000000 ---p 00000000 00:00 0 
1553ac000000-1553ac3f0000 rw-p 00000000 00:00 0 
1553ac3f0000-1553ac9f0000 rw-p 00000000 00:00 0 
1553ac9f0000-1553acaf0000 rw-p 00000000 00:00 0 
1553acaf0000-1553acb70000 rw-p 00000000 00:00 0 
1553acb70000-1553acc00000 ---p 00000000 00:00 0 
1553acc00000-1553accc0000 rw-p 00000000 00:00 0 
1553accc0000-1553b0000000 ---p 00000000 00:00 0 
1553b0000000-1553b0bcc000 rw-p 00001000 fd:00 104334674                  /usr/lib/jvm/java-17-openjdk-17.0.16.0.8-2.el9.x86_64/lib/server/classes.jsa
1553b0bcc000-1553b1000000 ---p 00000000 00:00 0 
1553b1000000-1553b1030000 rw-p 00000000 00:00 0 
1553b1030000-1553b10b0000 rw-p 00000000 00:00 0 
1553b10b0000-1553b10e0000 rw-p 00000000 00:00 0 
1553b10e0000-1553b1100000 ---p 00000000 00:00 0 
1553b1100000-1553b1190000 rw-p 00000000 00:00 0 
1553b1190000-1553f1000000 ---p 00000000 00:00 0 
1553f112a000-1553f112b000 ---p 00000000 00:00 0 
1553f112b000-1553f112f000 ---p 00000000 00:00 0 
1553f112f000-1553f132b000 rw-p 00000000 00:00 0 
1553f132b000-1553f132c000 ---p 00000000 00:00 0 
1553f132c000-1553f1330000 ---p 00000000 00:00 0 
1553f1330000-1553f142c000 rw-p 00000000 00:00 0 
1553f142c000-1553f142d000 ---p 00000000 00:00 0 
1553f142d000-1553f1431000 ---p 00000000 00:00 0 
1553f1431000-1553f152d000 rw-p 00000000 00:00 0 
1553f152d000-1553f152e000 ---p 00000000 00:00 0 
1553f152e000-1553f1532000 ---p 00000000 00:00 0 
1553f1532000-1553f172e000 rw-p 00000000 00:00 0 
1553f172e000-1553f172f000 ---p 00000000 00:00 0 
1553f172f000-1553f1733000 ---p 00000000 00:00 0 
1553f1733000-1553f192f000 rw-p 00000000 00:00 0 
1553f192f000-1553f1930000 ---p 00000000 00:00 0 
1553f1930000-1553f21f0000 rw-p 00000000 00:00 0 
1553f21f0000-1553f2c30000 ---p 00000000 00:00 0 
1553f2c30000-1553f2c70000 rw-p 00000000 00:00 0 
1553f2c70000-15540fa30000 ---p 00000000 00:00 0 
15540fa30000-155410170000 rw-p 00000000 00:00 0 
155410170000-155410bb0000 ---p 00000000 00:00 0 
155410bb0000-155410bf0000 rw-p 00000000 00:00 0 
155410bf0000-15542d9b0000 ---p 00000000 00:00 0 
15542d9b0000-15542db08000 rw-p 00000000 00:00 0 
15542db08000-15542dc50000 ---p 00000000 00:00 0 
15542dc50000-15542dc58000 rw-p 00000000 00:00 0 
15542dc58000-155431610000 ---p 00000000 00:00 0 
155431610000-1554316f8000 rw-p 00000000 00:00 0 
1554316f8000-155431840000 ---p 00000000 00:00 0 
155431840000-155431848000 rw-p 00000000 00:00 0 
155431848000-155435200000 ---p 00000000 00:00 0 
155435200000-1554352e8000 rw-p 00000000 00:00 0 
1554352e8000-155435430000 ---p 00000000 00:00 0 
155435430000-155435438000 rw-p 00000000 00:00 0 
155435438000-155438df0000 ---p 00000000 00:00 0 
155438df0000-155438e00000 rw-p 00000000 00:00 0 
155438e00000-155439520000 rwxp 00000000 00:00 0 
155439520000-15544025f000 ---p 00000000 00:00 0 
15544025f000-1554405bf000 rwxp 00000000 00:00 0 
1554405bf000-1554409a0000 ---p 00000000 00:00 0 
1554409a0000-155440c60000 rwxp 00000000 00:00 0 
155440c60000-155447e00000 ---p 00000000 00:00 0 
155447e00000-15544ff2d000 r--s 00000000 fd:00 36932672                   /usr/lib/jvm/java-17-openjdk-17.0.16.0.8-2.el9.x86_64/lib/modules
155450000000-155450021000 rw-p 00000000 00:00 0 
155450021000-1554514e8000 rw-p 00000000 00:00 0 
1554514e8000-155454000000 ---p 00000000 00:00 0 
1554540f7000-1554540f8000 ---p 00000000 00:00 0 
1554540f8000-1554540fc000 ---p 00000000 00:00 0 
1554540fc000-1554541f8000 rw-p 00000000 00:00 0 
1554541f8000-1554541f9000 ---p 00000000 00:00 0 
1554541f9000-1554542f9000 rw-p 00000000 00:00 0 
1554542f9000-1554542fa000 ---p 00000000 00:00 0 
1554542fa000-1554542fe000 ---p 00000000 00:00 0 
1554542fe000-1554543fa000 rw-p 00000000 00:00 0 
1554543fa000-1554543fb000 ---p 00000000 00:00 0 
1554543fb000-1554543ff000 ---p 00000000 00:00 0 
1554543ff000-1554544fb000 rw-p 00000000 00:00 0 
1554544fb000-1554544fc000 ---p 00000000 00:00 0 
1554544fc000-155454500000 ---p 00000000 00:00 0 
155454500000-1554545fc000 rw-p 00000000 00:00 0 
1554545fc000-1554545fd000 ---p 00000000 00:00 0 
1554545fd000-155454601000 ---p 00000000 00:00 0 
155454601000-1554546fd000 rw-p 00000000 00:00 0 
1554546fd000-1554546fe000 ---p 00000000 00:00 0 
1554546fe000-155454702000 ---p 00000000 00:00 0 
155454702000-1554547fe000 rw-p 00000000 00:00 0 
1554547fe000-1554547ff000 ---p 00000000 00:00 0 
1554547ff000-155454803000 ---p 00000000 00:00 0 
155454803000-1554548ff000 rw-p 00000000 00:00 0 
1554548ff000-155454900000 ---p 00000000 00:00 0 
155454900000-155454904000 ---p 00000000 00:00 0 
155454904000-155454a00000 rw-p 00000000 00:00 0 
155454a00000-155454a02000 r-xp 00000000 fd:00 36932577                   /usr/lib/jvm/java-17-openjdk-17.0.16.0.8-2.el9.x86_64/lib/libextnet.so
155454a02000-155454c01000 ---p 00002000 fd:00 36932577                   /usr/lib/jvm/java-17-openjdk-17.0.16.0.8-2.el9.x86_64/lib/libextnet.so
155454c01000-155454c02000 r--p 00001000 fd:00 36932577                   /usr/lib/jvm/java-17-openjdk-17.0.16.0.8-2.el9.x86_64/lib/libextnet.so
155454c02000-155454c03000 rw-p 00000000 00:00 0 
155454cff000-155454d00000 ---p 00000000 00:00 0 
155454d00000-155454e00000 rw-p 00000000 00:00 0 
155454e00000-155454e02000 r-xp 00000000 fd:00 36932605                   /usr/lib/jvm/java-17-openjdk-17.0.16.0.8-2.el9.x86_64/lib/libsystemconf.so
155454e02000-155455001000 ---p 00002000 fd:00 36932605                   /usr/lib/jvm/java-17-openjdk-17.0.16.0.8-2.el9.x86_64/lib/libsystemconf.so
155455001000-155455002000 r--p 00001000 fd:00 36932605                   /usr/lib/jvm/java-17-openjdk-17.0.16.0.8-2.el9.x86_64/lib/libsystemconf.so
155455002000-155455003000 rw-p 00000000 00:00 0 
1554550ff000-155455100000 ---p 00000000 00:00 0 
155455100000-155455200000 rw-p 00000000 00:00 0 
155455200000-15545521b000 r-xp 00000000 fd:00 36932607                   /usr/lib/jvm/java-17-openjdk-17.0.16.0.8-2.el9.x86_64/lib/libzip.so
15545521b000-15545541a000 ---p 0001b000 fd:00 36932607                   /usr/lib/jvm/java-17-openjdk-17.0.16.0.8-2.el9.x86_64/lib/libzip.so
15545541a000-15545541b000 r--p 0001a000 fd:00 36932607                   /usr/lib/jvm/java-17-openjdk-17.0.16.0.8-2.el9.x86_64/lib/libzip.so
15545541b000-15545541c000 rw-p 00000000 00:00 0 
1554554ff000-155455500000 ---p 00000000 00:00 0 
155455500000-155455600000 rw-p 00000000 00:00 0 
155455600000-155455615000 r-xp 00000000 fd:00 36932598                   /usr/lib/jvm/java-17-openjdk-17.0.16.0.8-2.el9.x86_64/lib/libnet.so
155455615000-155455815000 ---p 00015000 fd:00 36932598                   /usr/lib/jvm/java-17-openjdk-17.0.16.0.8-2.el9.x86_64/lib/libnet.so
155455815000-155455816000 r--p 00015000 fd:00 36932598                   /usr/lib/jvm/java-17-openjdk-17.0.16.0.8-2.el9.x86_64/lib/libnet.so
155455816000-155455817000 rw-p 00016000 fd:00 36932598                   /usr/lib/jvm/java-17-openjdk-17.0.16.0.8-2.el9.x86_64/lib/libnet.so
15545587e000-15545787e000 rw-p 00000000 00:00 0 
15545787e000-155457882000 rw-p 00000000 00:00 0 
155457882000-155457883000 ---p 00000000 00:00 0 
155457883000-155457a83000 rw-p 00000000 00:00 0 
155457a83000-155457a84000 rw-s 00000000 00:64 25                         /dev/shm/sem.SwRwVa (deleted)
155457a84000-155457a85000 rw-s 00000000 00:64 24                         /dev/shm/sem.szxhS9 (deleted)
155457a85000-155457b85000 rw-p 00000000 00:00 0 
155457b85000-155457b8e000 r--p 00000000 00:2e 2036218625                 /storage/home/hcoda1/4/hyu483/conda_envs/qgis332/lib/libQt5Gamepad.so.5.15.15
155457b8e000-155457b95000 r-xp 00009000 00:2e 2036218625                 /storage/home/hcoda1/4/hyu483/conda_envs/qgis332/lib/libQt5Gamepad.so.5.15.15
155457b95000-155457b9d000 r--p 00010000 00:2e 2036218625                 /storage/home/hcoda1/4/hyu483/conda_envs/qgis332/lib/libQt5Gamepad.so.5.15.15
155457b9d000-155457b9e000 r--p 00017000 00:2e 2036218625                 /storage/home/hcoda1/4/hyu483/conda_envs/qgis332/lib/libQt5Gamepad.so.5.15.15
155457b9e000-155457b9f000 rw-p 00018000 00:2e 2036218625                 /storage/home/hcoda1/4/hyu483/conda_envs/qgis332/lib/libQt5Gamepad.so.5.15.15
155457b9f000-155457bcc000 r--p 00000000 00:2e 2036218154                 /storage/home/hcoda1/4/hyu483/conda_envs/qgis332/lib/libQt53DCore.so.5.15.15
155457bcc000-155457bed000 r-xp 0002d000 00:2e 2036218154                 /storage/home/hcoda1/4/hyu483/conda_envs/qgis332/lib/libQt53DCore.so.5.15.15
155457bed000-155457c04000 r--p 0004e000 00:2e 2036218154                 /storage/home/hcoda1/4/hyu483/conda_envs/qgis332/lib/libQt53DCore.so.5.15.15
155457c04000-155457c08000 r--p 00064000 00:2e 2036218154                 /storage/home/hcoda1/4/hyu483/conda_envs/qgis332/lib/libQt53DCore.so.5.15.15
155457c08000-155457c09000 rw-p 00068000 00:2e 2036218154                 /storage/home/hcoda1/4/hyu483/conda_envs/qgis332/lib/libQt53DCore.so.5.15.15
155457c09000-155457c0e000 r--p 00000000 00:2e 2036218181                 /storage/home/hcoda1/4/hyu483/conda_envs/qgis332/lib/libQt53DLogic.so.5.15.15
155457c0e000-155457c11000 r-xp 00005000 00:2e 2036218181                 /storage/home/hcoda1/4/hyu483/conda_envs/qgis332/lib/libQt53DLogic.so.5.15.15
155457c11000-155457c13000 r--p 00008000 00:2e 2036218181                 /storage/home/hcoda1/4/hyu483/conda_envs/qgis332/lib/libQt53DLogic.so.5.15.15
155457c13000-155457c14000 r--p 00009000 00:2e 2036218181                 /storage/home/hcoda1/4/hyu483/conda_envs/qgis332/lib/libQt53DLogic.so.5.15.15
155457c14000-155457c15000 rw-p 0000a000 00:2e 2036218181                 /storage/home/hcoda1/4/hyu483/conda_envs/qgis332/lib/libQt53DLogic.so.5.15.15
155457c15000-155457c36000 r--p 00000000 00:2e 2036218174                 /storage/home/hcoda1/4/hyu483/conda_envs/qgis332/lib/libQt53DInput.so.5.15.15
155457c36000-155457c5a000 r-xp 00021000 00:2e 2036218174                 /storage/home/hcoda1/4/hyu483/conda_envs/qgis332/lib/libQt53DInput.so.5.15.15
155457c5a000-155457c72000 r--p 00045000 00:2e 2036218174                 /storage/home/hcoda1/4/hyu483/conda_envs/qgis332/lib/libQt53DInput.so.5.15.15
155457c72000-155457c77000 r--p 0005d000 00:2e 2036218174                 /storage/home/hcoda1/4/hyu483/conda_envs/qgis332/lib/libQt53DInput.so.5.15.15
155457c77000-155457c78000 rw-p 00062000 00:2e 2036218174                 /storage/home/hcoda1/4/hyu483/conda_envs/qgis332/lib/libQt53DInput.so.5.15.15
155457c78000-155457d1d000 r--p 00000000 00:2e 2036218231                 /storage/home/hcoda1/4/hyu483/conda_envs/qgis332/lib/libQt53DRender.so.5.15.15
155457d1d000-155457dec000 r-xp 000a5000 00:2e 2036218231                 /storage/home/hcoda1/4/hyu483/conda_envs/qgis332/lib/libQt53DRender.so.5.15.15
155457dec000-155457e5f000 r--p 00174000 00:2e 2036218231                 /storage/home/hcoda1/4/hyu483/conda_envs/qgis332/lib/libQt53DRender.so.5.15.15
155457e5f000-155457e72000 r--p 001e7000 00:2e 2036218231                 /storage/home/hcoda1/4/hyu483/conda_envs/qgis332/lib/libQt53DRender.so.5.15.15
155457e72000-155457e74000 rw-p 001fa000 00:2e 2036218231                 /storage/home/hcoda1/4/hyu483/conda_envs/qgis332/lib/libQt53DRender.so.5.15.15
155457e74000-155457ea5000 r--p 00000000 00:2e 2036218167                 /storage/home/hcoda1/4/hyu483/conda_envs/qgis332/lib/libQt53DExtras.so.5.15.15
155457ea5000-155457ed3000 r-xp 00031000 00:2e 2036218167                 /storage/home/hcoda1/4/hyu483/conda_envs/qgis332/lib/libQt53DExtras.so.5.15.15
155457ed3000-155457f14000 r--p 0005f000 00:2e 2036218167                 /storage/home/hcoda1/4/hyu483/conda_envs/qgis332/lib/libQt53DExtras.so.5.15.15
155457f14000-155457f19000 r--p 000a0000 00:2e 2036218167                 /storage/home/hcoda1/4/hyu483/conda_envs/qgis332/lib/libQt53DExtras.so.5.15.15
155457f19000-155457f1a000 rw-p 000a5000 00:2e 2036218167                 /storage/home/hcoda1/4/hyu483/conda_envs/qgis332/lib/libQt53DExtras.so.5.15.15
155457f1a000-155457f79000 r--p 00000000 00:2e 1902568247                 /storage/home/hcoda1/4/hyu483/conda_envs/qgis332/lib/libqgis_3d.so.3.40.3
155457f79000-1554580b5000 r-xp 0005f000 00:2e 1902568247                 /storage/home/hcoda1/4/hyu483/conda_envs/qgis332/lib/libqgis_3d.so.3.40.3
1554580b5000-155458114000 r--p 0019b000 00:2e 1902568247                 /storage/home/hcoda1/4/hyu483/conda_envs/qgis332/lib/libqgis_3d.so.3.40.3
155458114000-155458120000 r--p 001fa000 00:2e 1902568247                 /storage/home/hcoda1/4/hyu483/conda_envs/qgis332/lib/libqgis_3d.so.3.40.3
155458120000-155458121000 rw-p 00206000 00:2e 1902568247                 /storage/home/hcoda1/4/hyu483/conda_envs/qgis332/lib/libqgis_3d.so.3.40.3
155458121000-155458163000 r--p 00000000 00:2e 1889088339                 /storage/home/hcoda1/4/hyu483/conda_envs/qgis332/share/qgis/python/qgis/_3d_p.so
155458163000-1554581e4000 r-xp 00042000 00:2e 1889088339                 /storage/home/hcoda1/4/hyu483/conda_envs/qgis332/share/qgis/python/qgis/_3d_p.so
1554581e4000-15545822f000 r--p 000c3000 00:2e 1889088339                 /storage/home/hcoda1/4/hyu483/conda_envs/qgis332/share/qgis/python/qgis/_3d_p.so
15545822f000-155458233000 r--p 0010e000 00:2e 1889088339                 /storage/home/hcoda1/4/hyu483/conda_envs/qgis332/share/qgis/python/qgis/_3d_p.so
155458233000-15545823f000 rw-p 00112000 00:2e 1889088339                 /storage/home/hcoda1/4/hyu483/conda_envs/qgis332/share/qgis/python/qgis/_3d_p.so
15545823f000-155458245000 r--p 00000000 00:2e 2036231155                 /storage/home/hcoda1/4/hyu483/conda_envs/qgis332/plugins/imageformats/libqwebp.so
155458245000-155458288000 r-xp 00006000 00:2e 2036231155                 /storage/home/hcoda1/4/hyu483/conda_envs/qgis332/plugins/imageformats/libqwebp.so
155458288000-1554582a6000 r--p 00049000 00:2e 2036231155                 /storage/home/hcoda1/4/hyu483/conda_envs/qgis332/plugins/imageformats/libqwebp.so
1554582a6000-1554582a7000 r--p 00067000 00:2e 2036231155                 /storage/home/hcoda1/4/hyu483/conda_envs/qgis332/plugins/imageformats/libqwebp.so
1554582a7000-1554582a8000 rw-p 00068000 00:2e 2036231155                 /storage/home/hcoda1/4/hyu483/conda_envs/qgis332/plugins/imageformats/libqwebp.so
1554582a8000-1554582aa000 rw-p 00000000 00:00 0 
1554582aa000-1554582ad000 r--p 00000000 00:2e 2036231154                 /storage/home/hcoda1/4/hyu483/conda_envs/qgis332/plugins/imageformats/libqwbmp.so
1554582ad000-1554582ae000 r-xp 00003000 00:2e 2036231154                 /storage/home/hcoda1/4/hyu483/conda_envs/qgis332/plugins/imageformats/libqwbmp.so
1554582ae000-1554582af000 r--p 00004000 00:2e 2036231154                 /storage/home/hcoda1/4/hyu483/conda_envs/qgis332/plugins/imageformats/libqwbmp.so
1554582af000-1554582b0000 r--p 00004000 00:2e 2036231154                 /storage/home/hcoda1/4/hyu483/conda_envs/qgis332/plugins/imageformats/libqwbmp.so
1554582b0000-1554582b1000 rw-p 00005000 00:2e 2036231154                 /storage/home/hcoda1/4/hyu483/conda_envs/qgis332/plugins/imageformats/libqwbmp.so
1554582b1000-1554582b7000 r--p 00000000 00:2e 2036231152                 /storage/home/hcoda1/4/hyu483/conda_envs/qgis332/plugins/imageformats/libqtiff.so
1554582b7000-1554582e9000 r-xp 00006000 00:2e 2036231152                 /storage/home/hcoda1/4/hyu483/conda_envs/qgis332/plugins/imageformats/libqtiff.so
1554582e9000-155458315000 r--p 00038000 00:2e 2036231152                 /storage/home/hcoda1/4/hyu483/conda_envs/qgis332/plugins/imageformats/libqtiff.so
155458315000-155458319000 r--p 00064000 00:2e 2036231152                 /storage/home/hcoda1/4/hyu483/conda_envs/qgis332/plugins/imageformats/libqtiff.so
155458319000-15545831a000 rw-p 00068000 00:2e 2036231152                 /storage/home/hcoda1/4/hyu483/conda_envs/qgis332/plugins/imageformats/libqtiff.so
15545831a000-15545831d000 r--p 00000000 00:2e 2036231132                 /storage/home/hcoda1/4/hyu483/conda_envs/qgis332/plugins/imageformats/libqtga.so
15545831d000-15545831e000 r-xp 00003000 00:2e 2036231132                 /storage/home/hcoda1/4/hyu483/conda_envs/qgis332/plugins/imageformats/libqtga.so
15545831e000-15545831f000 r--p 00004000 00:2e 2036231132                 /storage/home/hcoda1/4/hyu483/conda_envs/qgis332/plugins/imageformats/libqtga.so
15545831f000-155458320000 r--p 00004000 00:2e 2036231132                 /storage/home/hcoda1/4/hyu483/conda_envs/qgis332/plugins/imageformats/libqtga.so
155458320000-155458321000 rw-p 00005000 00:2e 2036231132                 /storage/home/hcoda1/4/hyu483/conda_envs/qgis332/plugins/imageformats/libqtga.so
155458321000-155458324000 r--p 00000000 00:2e 2036231131                 /storage/home/hcoda1/4/hyu483/conda_envs/qgis332/plugins/imageformats/libqsvg.so
155458324000-155458326000 r-xp 00003000 00:2e 2036231131                 /storage/home/hcoda1/4/hyu483/conda_envs/qgis332/plugins/imageformats/libqsvg.so
155458326000-155458327000 r--p 00005000 00:2e 2036231131                 /storage/home/hcoda1/4/hyu483/conda_envs/qgis332/plugins/imageformats/libqsvg.so
155458327000-155458328000 r--p 00005000 00:2e 2036231131                 /storage/home/hcoda1/4/hyu483/conda_envs/qgis332/plugins/imageformats/libqsvg.so
155458328000-155458329000 rw-p 00006000 00:2e 2036231131                 /storage/home/hcoda1/4/hyu483/conda_envs/qgis332/plugins/imageformats/libqsvg.so
155458329000-15545832e000 r--p 00000000 00:2e 2036231125                 /storage/home/hcoda1/4/hyu483/conda_envs/qgis332/plugins/imageformats/libqjpeg.so
15545832e000-155458332000 r-xp 00005000 00:2e 2036231125                 /storage/home/hcoda1/4/hyu483/conda_envs/qgis332/plugins/imageformats/libqjpeg.so
155458332000-155458333000 r--p 00009000 00:2e 2036231125                 /storage/home/hcoda1/4/hyu483/conda_envs/qgis332/plugins/imageformats/libqjpeg.so
155458333000-155458334000 r--p 0000a000 00:2e 2036231125                 /storage/home/hcoda1/4/hyu483/conda_envs/qgis332/plugins/imageformats/libqjpeg.so
155458334000-155458335000 rw-p 0000b000 00:2e 2036231125                 /storage/home/hcoda1/4/hyu483/conda_envs/qgis332/plugins/imageformats/libqjpeg.so
155458335000-155458338000 r--p 00000000 00:2e 2036231121                 /storage/home/hcoda1/4/hyu483/conda_envs/qgis332/plugins/imageformats/libqico.so
155458338000-15545833b000 r-xp 00003000 00:2e 2036231121                 /storage/home/hcoda1/4/hyu483/conda_envs/qgis332/plugins/imageformats/libqico.so
15545833b000-15545833c000 r--p 00006000 00:2e 2036231121                 /storage/home/hcoda1/4/hyu483/conda_envs/qgis332/plugins/imageformats/libqico.so
15545833c000-15545833d000 r--p 00006000 00:2e 2036231121                 /storage/home/hcoda1/4/hyu483/conda_envs/qgis332/plugins/imageformats/libqico.so
15545833d000-15545833e000 rw-p 00007000 00:2e 2036231121                 /storage/home/hcoda1/4/hyu483/conda_envs/qgis332/plugins/imageformats/libqico.so
15545833e000-155458341000 r--p 00000000 00:2e 2036231106                 /storage/home/hcoda1/4/hyu483/conda_envs/qgis332/plugins/imageformats/libqicns.so
155458341000-155458344000 r-xp 00003000 00:2e 2036231106                 /storage/home/hcoda1/4/hyu483/conda_envs/qgis332/plugins/imageformats/libqicns.so
155458344000-155458346000 r--p 00006000 00:2e 2036231106                 /storage/home/hcoda1/4/hyu483/conda_envs/qgis332/plugins/imageformats/libqicns.so
155458346000-155458347000 r--p 00007000 00:2e 2036231106                 /storage/home/hcoda1/4/hyu483/conda_envs/qgis332/plugins/imageformats/libqicns.so
155458347000-155458348000 rw-p 00008000 00:2e 2036231106                 /storage/home/hcoda1/4/hyu483/conda_envs/qgis332/plugins/imageformats/libqicns.so
155458348000-15545834b000 r--p 00000000 00:2e 2036231100                 /storage/home/hcoda1/4/hyu483/conda_envs/qgis332/plugins/imageformats/libqgif.so
15545834b000-15545834e000 r-xp 00003000 00:2e 2036231100                 /storage/home/hcoda1/4/hyu483/conda_envs/qgis332/plugins/imageformats/libqgif.so
15545834e000-15545834f000 r--p 00006000 00:2e 2036231100                 /storage/home/hcoda1/4/hyu483/conda_envs/qgis332/plugins/imageformats/libqgif.so
15545834f000-155458350000 r--p 00006000 00:2e 2036231100                 /storage/home/hcoda1/4/hyu483/conda_envs/qgis332/plugins/imageformats/libqgif.so
155458350000-155458351000 rw-p 00007000 00:2e 2036231100                 /storage/home/hcoda1/4/hyu483/conda_envs/qgis332/plugins/imageformats/libqgif.so
155458351000-155458359000 r--p 00000000 00:2e 2085784181                 /storage/home/hcoda1/4/hyu483/conda_envs/qgis332/lib/libudev.so.1.7.10
155458359000-155458382000 r-xp 00008000 00:2e 2085784181                 /storage/home/hcoda1/4/hyu483/conda_envs/qgis332/lib/libudev.so.1.7.10
155458382000-155458398000 r--p 00031000 00:2e 2085784181                 /storage/home/hcoda1/4/hyu483/conda_envs/qgis332/lib/libudev.so.1.7.10
155458398000-15545839d000 r--p 00046000 00:2e 2085784181                 /storage/home/hcoda1/4/hyu483/conda_envs/qgis332/lib/libudev.so.1.7.10
15545839d000-15545839e000 rw-p 0004b000 00:2e 2085784181                 /storage/home/hcoda1/4/hyu483/conda_envs/qgis332/lib/libudev.so.1.7.10
15545839e000-15545899e000 rw-p 00000000 00:00 0 
15545899e000-1554589a4000 r--p 00000000 00:2e 1886351543                 /storage/home/hcoda1/4/hyu483/.local/lib/python3.11/site-packages/cftime/_cftime.cpython-311-x86_64-linux-gnu.so
1554589a4000-155458a27000 r-xp 00006000 00:2e 1886351543                 /storage/home/hcoda1/4/hyu483/.local/lib/python3.11/site-packages/cftime/_cftime.cpython-311-x86_64-linux-gnu.so
155458a27000-155458a36000 r--p 00089000 00:2e 1886351543                 /storage/home/hcoda1/4/hyu483/.local/lib/python3.11/site-packages/cftime/_cftime.cpython-311-x86_64-linux-gnu.so
155458a36000-155458a37000 r--p 00097000 00:2e 1886351543                 /storage/home/hcoda1/4/hyu483/.local/lib/python3.11/site-packages/cftime/_cftime.cpython-311-x86_64-linux-gnu.so
155458a37000-155458a3a000 rw-p 00098000 00:2e 1886351543                 /storage/home/hcoda1/4/hyu483/.local/lib/python3.11/site-packages/cftime/_cftime.cpython-311-x86_64-linux-gnu.so
155458a3a000-155458a3c000 rw-p 00000000 00:00 0 
155458a3c000-155458a3d000 r--p 00000000 00:2e 1886354769                 /storage/home/hcoda1/4/hyu483/.local/lib/python3.11/site-packages/netCDF4.libs/libaec-001fb5f0.so.0.0.12
155458a3d000-155458a42000 r-xp 00001000 00:2e 1886354769                 /storage/home/hcoda1/4/hyu483/.local/lib/python3.11/site-packages/netCDF4.libs/libaec-001fb5f0.so.0.0.12
155458a42000-155458a43000 r--p 00006000 00:2e 1886354769                 /storage/home/hcoda1/4/hyu483/.local/lib/python3.11/site-packages/netCDF4.libs/libaec-001fb5f0.so.0.0.12
155458a43000-155458a44000 r--p 00006000 00:2e 1886354769                 /storage/home/hcoda1/4/hyu483/.local/lib/python3.11/site-packages/netCDF4.libs/libaec-001fb5f0.so.0.0.12
155458a44000-155458a45000 rw-p 00007000 00:2e 1886354769                 /storage/home/hcoda1/4/hyu483/.local/lib/python3.11/site-packages/netCDF4.libs/libaec-001fb5f0.so.0.0.12
155458a45000-155458a46000 rw-p 0001d000 00:2e 1886354769                 /storage/home/hcoda1/4/hyu483/.local/lib/python3.11/site-packages/netCDF4.libs/libaec-001fb5f0.so.0.0.12
155458a46000-155458b00000 r--p 00000000 00:2e 1886354768                 /storage/home/hcoda1/4/hyu483/.local/lib/python3.11/site-packages/netCDF4.libs/libcrypto-7323a46d.so.3
155458b00000-155458e46000 r-xp 000ba000 00:2e 1886354768                 /storage/home/hcoda1/4/hyu483/.local/lib/python3.11/site-packages/netCDF4.libs/libcrypto-7323a46d.so.3
155458e46000-155458f2e000 r--p 00400000 00:2e 1886354768                 /storage/home/hcoda1/4/hyu483/.local/lib/python3.11/site-packages/netCDF4.libs/libcrypto-7323a46d.so.3
155458f2e000-155458f8e000 r--p 004e7000 00:2e 1886354768                 /storage/home/hcoda1/4/hyu483/.local/lib/python3.11/site-packages/netCDF4.libs/libcrypto-7323a46d.so.3
155458f8e000-155458f92000 rw-p 00547000 00:2e 1886354768                 /storage/home/hcoda1/4/hyu483/.local/lib/python3.11/site-packages/netCDF4.libs/libcrypto-7323a46d.so.3
155458f92000-155458f95000 rw-p 00000000 00:00 0 
155458f95000-155458fbc000 rw-p 005f5000 00:2e 1886354768                 /storage/home/hcoda1/4/hyu483/.local/lib/python3.11/site-packages/netCDF4.libs/libcrypto-7323a46d.so.3
155458fbc000-155458fde000 r--p 00000000 00:2e 1886354767                 /storage/home/hcoda1/4/hyu483/.local/lib/python3.11/site-packages/netCDF4.libs/libssl-f6dcfdae.so.3
155458fde000-155459079000 r-xp 00022000 00:2e 1886354767                 /storage/home/hcoda1/4/hyu483/.local/lib/python3.11/site-packages/netCDF4.libs/libssl-f6dcfdae.so.3
155459079000-1554590ac000 r--p 000bd000 00:2e 1886354767                 /storage/home/hcoda1/4/hyu483/.local/lib/python3.11/site-packages/netCDF4.libs/libssl-f6dcfdae.so.3
1554590ac000-1554590b6000 r--p 000ef000 00:2e 1886354767                 /storage/home/hcoda1/4/hyu483/.local/lib/python3.11/site-packages/netCDF4.libs/libssl-f6dcfdae.so.3
1554590b6000-1554590bb000 rw-p 000f9000 00:2e 1886354767                 /storage/home/hcoda1/4/hyu483/.local/lib/python3.11/site-packages/netCDF4.libs/libssl-f6dcfdae.so.3
1554590bb000-1554590c9000 rw-p 00128000 00:2e 1886354767                 /storage/home/hcoda1/4/hyu483/.local/lib/python3.11/site-packages/netCDF4.libs/libssl-f6dcfdae.so.3
1554590c9000-155459116000 r--p 00000000 00:2e 1886354763                 /storage/home/hcoda1/4/hyu483/.local/lib/python3.11/site-packages/netCDF4.libs/libhdf5-0b47eb58.so.310.2.0
155459116000-155459402000 r-xp 0004d000 00:2e 1886354763                 /storage/home/hcoda1/4/hyu483/.local/lib/python3.11/site-packages/netCDF4.libs/libhdf5-0b47eb58.so.310.2.0
155459402000-1554594e8000 r--p 00339000 00:2e 1886354763                 /storage/home/hcoda1/4/hyu483/.local/lib/python3.11/site-packages/netCDF4.libs/libhdf5-0b47eb58.so.310.2.0
1554594e8000-1554594f4000 r--p 0041e000 00:2e 1886354763                 /storage/home/hcoda1/4/hyu483/.local/lib/python3.11/site-packages/netCDF4.libs/libhdf5-0b47eb58.so.310.2.0
1554594f4000-1554594fd000 rw-p 0042a000 00:2e 1886354763                 /storage/home/hcoda1/4/hyu483/.local/lib/python3.11/site-packages/netCDF4.libs/libhdf5-0b47eb58.so.310.2.0
1554594fd000-155459500000 rw-p 00000000 00:00 0 
155459500000-15545952b000 rw-p 00490000 00:2e 1886354763                 /storage/home/hcoda1/4/hyu483/.local/lib/python3.11/site-packages/netCDF4.libs/libhdf5-0b47eb58.so.310.2.0
15545952b000-15545952c000 r--p 00000000 00:2e 1886354766                 /storage/home/hcoda1/4/hyu483/.local/lib/python3.11/site-packages/netCDF4.libs/libsz-b66d1717.so.2.0.1
15545952c000-15545952d000 r-xp 00001000 00:2e 1886354766                 /storage/home/hcoda1/4/hyu483/.local/lib/python3.11/site-packages/netCDF4.libs/libsz-b66d1717.so.2.0.1
15545952d000-15545952e000 r--p 00002000 00:2e 1886354766                 /storage/home/hcoda1/4/hyu483/.local/lib/python3.11/site-packages/netCDF4.libs/libsz-b66d1717.so.2.0.1
15545952e000-15545952f000 r--p 00002000 00:2e 1886354766                 /storage/home/hcoda1/4/hyu483/.local/lib/python3.11/site-packages/netCDF4.libs/libsz-b66d1717.so.2.0.1
15545952f000-155459530000 rw-p 00003000 00:2e 1886354766                 /storage/home/hcoda1/4/hyu483/.local/lib/python3.11/site-packages/netCDF4.libs/libsz-b66d1717.so.2.0.1
155459530000-155459532000 rw-p 00008000 00:2e 1886354766                 /storage/home/hcoda1/4/hyu483/.local/lib/python3.11/site-packages/netCDF4.libs/libsz-b66d1717.so.2.0.1
155459532000-155459538000 r--p 00000000 00:2e 1886354761                 /storage/home/hcoda1/4/hyu483/.local/lib/python3.11/site-packages/netCDF4.libs/libhdf5_hl-123198ff.so.310.0.2
155459538000-15545954e000 r-xp 00006000 00:2e 1886354761                 /storage/home/hcoda1/4/hyu483/.local/lib/python3.11/site-packages/netCDF4.libs/libhdf5_hl-123198ff.so.310.0.2
15545954e000-155459553000 r--p 0001c000 00:2e 1886354761                 /storage/home/hcoda1/4/hyu483/.local/lib/python3.11/site-packages/netCDF4.libs/libhdf5_hl-123198ff.so.310.0.2
155459553000-155459554000 ---p 00021000 00:2e 1886354761                 /storage/home/hcoda1/4/hyu483/.local/lib/python3.11/site-packages/netCDF4.libs/libhdf5_hl-123198ff.so.310.0.2
155459554000-155459555000 r--p 00021000 00:2e 1886354761                 /storage/home/hcoda1/4/hyu483/.local/lib/python3.11/site-packages/netCDF4.libs/libhdf5_hl-123198ff.so.310.0.2
155459555000-155459556000 rw-p 00022000 00:2e 1886354761                 /storage/home/hcoda1/4/hyu483/.local/lib/python3.11/site-packages/netCDF4.libs/libhdf5_hl-123198ff.so.310.0.2
155459556000-155459557000 rw-p 00000000 00:00 0 
155459557000-15545955b000 rw-p 00028000 00:2e 1886354761                 /storage/home/hcoda1/4/hyu483/.local/lib/python3.11/site-packages/netCDF4.libs/libhdf5_hl-123198ff.so.310.0.2
15545955b000-155459569000 r--p 00000000 00:2e 1886354762                 /storage/home/hcoda1/4/hyu483/.local/lib/python3.11/site-packages/netCDF4.libs/libcurl-5a2014d4.so.4.8.0
155459569000-1554595d8000 r-xp 0000e000 00:2e 1886354762                 /storage/home/hcoda1/4/hyu483/.local/lib/python3.11/site-packages/netCDF4.libs/libcurl-5a2014d4.so.4.8.0
1554595d8000-1554595fa000 r--p 0007d000 00:2e 1886354762                 /storage/home/hcoda1/4/hyu483/.local/lib/python3.11/site-packages/netCDF4.libs/libcurl-5a2014d4.so.4.8.0
1554595fa000-1554595fd000 r--p 0009e000 00:2e 1886354762                 /storage/home/hcoda1/4/hyu483/.local/lib/python3.11/site-packages/netCDF4.libs/libcurl-5a2014d4.so.4.8.0
1554595fd000-155459601000 rw-p 000a1000 00:2e 1886354762                 /storage/home/hcoda1/4/hyu483/.local/lib/python3.11/site-packages/netCDF4.libs/libcurl-5a2014d4.so.4.8.0
155459601000-155459605000 rw-p 000ba000 00:2e 1886354762                 /storage/home/hcoda1/4/hyu483/.local/lib/python3.11/site-packages/netCDF4.libs/libcurl-5a2014d4.so.4.8.0
155459605000-15545963b000 r--p 00000000 00:2e 1886354765                 /storage/home/hcoda1/4/hyu483/.local/lib/python3.11/site-packages/netCDF4.libs/libnetcdf-1423d252.so.22
15545963b000-15545971e000 r-xp 00036000 00:2e 1886354765                 /storage/home/hcoda1/4/hyu483/.local/lib/python3.11/site-packages/netCDF4.libs/libnetcdf-1423d252.so.22
15545971e000-1554597b8000 r--p 00119000 00:2e 1886354765                 /storage/home/hcoda1/4/hyu483/.local/lib/python3.11/site-packages/netCDF4.libs/libnetcdf-1423d252.so.22
1554597b8000-1554597b9000 ---p 001b3000 00:2e 1886354765                 /storage/home/hcoda1/4/hyu483/.local/lib/python3.11/site-packages/netCDF4.libs/libnetcdf-1423d252.so.22
1554597b9000-1554597bc000 r--p 001b3000 00:2e 1886354765                 /storage/home/hcoda1/4/hyu483/.local/lib/python3.11/site-packages/netCDF4.libs/libnetcdf-1423d252.so.22
1554597bc000-1554597c8000 rw-p 001b6000 00:2e 1886354765                 /storage/home/hcoda1/4/hyu483/.local/lib/python3.11/site-packages/netCDF4.libs/libnetcdf-1423d252.so.22
1554597c8000-155459860000 rw-p 00000000 00:00 0 
155459860000-155459881000 rw-p 001ea000 00:2e 1886354765                 /storage/home/hcoda1/4/hyu483/.local/lib/python3.11/site-packages/netCDF4.libs/libnetcdf-1423d252.so.22
155459881000-15545988e000 r--p 00000000 00:2e 1886354754                 /storage/home/hcoda1/4/hyu483/.local/lib/python3.11/site-packages/netCDF4/_netCDF4.cpython-311-x86_64-linux-gnu.so
15545988e000-1554599db000 r-xp 0000d000 00:2e 1886354754                 /storage/home/hcoda1/4/hyu483/.local/lib/python3.11/site-packages/netCDF4/_netCDF4.cpython-311-x86_64-linux-gnu.so
1554599db000-155459a13000 r--p 0015a000 00:2e 1886354754                 /storage/home/hcoda1/4/hyu483/.local/lib/python3.11/site-packages/netCDF4/_netCDF4.cpython-311-x86_64-linux-gnu.so
155459a13000-155459a14000 ---p 00192000 00:2e 1886354754                 /storage/home/hcoda1/4/hyu483/.local/lib/python3.11/site-packages/netCDF4/_netCDF4.cpython-311-x86_64-linux-gnu.so
155459a14000-155459a15000 r--p 00192000 00:2e 1886354754                 /storage/home/hcoda1/4/hyu483/.local/lib/python3.11/site-packages/netCDF4/_netCDF4.cpython-311-x86_64-linux-gnu.so
155459a15000-155459a1c000 rw-p 00193000 00:2e 1886354754                 /storage/home/hcoda1/4/hyu483/.local/lib/python3.11/site-packages/netCDF4/_netCDF4.cpython-311-x86_64-linux-gnu.so
155459a1c000-155459a21000 rw-p 00000000 00:00 0 
155459a21000-155459a25000 rw-p 00c63000 00:2e 1886354754                 /storage/home/hcoda1/4/hyu483/.local/lib/python3.11/site-packages/netCDF4/_netCDF4.cpython-311-x86_64-linux-gnu.so
155459a25000-155459b25000 rw-p 00000000 00:00 0 
155459b25000-155459b28000 r--p 00000000 00:2e 1883948910                 /storage/home/hcoda1/4/hyu483/conda_envs/qgis332/lib/python3.11/site-packages/_brotli.cpython-311-x86_64-linux-gnu.so
155459b28000-155459b7c000 r-xp 00003000 00:2e 1883948910                 /storage/home/hcoda1/4/hyu483/conda_envs/qgis332/lib/python3.11/site-packages/_brotli.cpython-311-x86_64-linux-gnu.so
155459b7c000-155459bf0000 r--p 00057000 00:2e 1883948910                 /storage/home/hcoda1/4/hyu483/conda_envs/qgis332/lib/python3.11/site-packages/_brotli.cpython-311-x86_64-linux-gnu.so
155459bf0000-155459bf1000 r--p 000ca000 00:2e 1883948910                 /storage/home/hcoda1/4/hyu483/conda_envs/qgis332/lib/python3.11/site-packages/_brotli.cpython-311-x86_64-linux-gnu.so
155459bf1000-155459bf2000 rw-p 000cb000 00:2e 1883948910                 /storage/home/hcoda1/4/hyu483/conda_envs/qgis332/lib/python3.11/site-packages/_brotli.cpython-311-x86_64-linux-gnu.so
155459bf2000-155459ef2000 rw-p 00000000 00:00 0 
155459ef2000-155459ef9000 r--p 00000000 00:2e 2127319739                 /storage/home/hcoda1/4/hyu483/conda_envs/qgis332/lib/python3.11/site-packages/matplotlib/_image.cpython-311-x86_64-linux-gnu.so
155459ef9000-155459f35000 r-xp 00007000 00:2e 2127319739                 /storage/home/hcoda1/4/hyu483/conda_envs/qgis332/lib/python3.11/site-packages/matplotlib/_image.cpython-311-x86_64-linux-gnu.so
155459f35000-155459f40000 r--p 00043000 00:2e 2127319739                 /storage/home/hcoda1/4/hyu483/conda_envs/qgis332/lib/python3.11/site-packages/matplotlib/_image.cpython-311-x86_64-linux-gnu.so
155459f40000-155459f41000 r--p 0004d000 00:2e 2127319739                 /storage/home/hcoda1/4/hyu483/conda_envs/qgis332/lib/python3.11/site-packages/matplotlib/_image.cpython-311-x86_64-linux-gnu.so
155459f41000-155459f42000 rw-p 0004e000 00:2e 2127319739                 /storage/home/hcoda1/4/hyu483/conda_envs/qgis332/lib/python3.11/site-packages/matplotlib/_image.cpython-311-x86_64-linux-gnu.so
155459f42000-15545a442000 rw-p 00000000 00:00 0 
15545a442000-15545a449000 r--p 00000000 00:2e 2127319516                 /storage/home/hcoda1/4/hyu483/conda_envs/qgis332/lib/python3.11/site-packages/kiwisolver/_cext.cpython-311-x86_64-linux-gnu.so
15545a449000-15545a462000 r-xp 00007000 00:2e 2127319516                 /storage/home/hcoda1/4/hyu483/conda_envs/qgis332/lib/python3.11/site-packages/kiwisolver/_cext.cpython-311-x86_64-linux-gnu.so
15545a462000-15545a467000 r--p 00020000 00:2e 2127319516                 /storage/home/hcoda1/4/hyu483/conda_envs/qgis332/lib/python3.11/site-packages/kiwisolver/_cext.cpython-311-x86_64-linux-gnu.so
15545a467000-15545a468000 r--p 00025000 00:2e 2127319516                 /storage/home/hcoda1/4/hyu483/conda_envs/qgis332/lib/python3.11/site-packages/kiwisolver/_cext.cpython-311-x86_64-linux-gnu.so
15545a468000-15545a469000 rw-p 00026000 00:2e 2127319516                 /storage/home/hcoda1/4/hyu483/conda_envs/qgis332/lib/python3.11/site-packages/kiwisolver/_cext.cpython-311-x86_64-linux-gnu.so
15545a469000-15545a46e000 r--p 00000000 00:2e 2127319899                 /storage/home/hcoda1/4/hyu483/conda_envs/qgis332/lib/python3.11/site-packages/matplotlib/ft2font.cpython-311-x86_64-linux-gnu.so
15545a46e000-15545a479000 r-xp 00005000 00:2e 2127319899                 /storage/home/hcoda1/4/hyu483/conda_envs/qgis332/lib/python3.11/site-packages/matplotlib/ft2font.cpython-311-x86_64-linux-gnu.so
15545a479000-15545a480000 r--p 00010000 00:2e 2127319899                 /storage/home/hcoda1/4/hyu483/conda_envs/qgis332/lib/python3.11/site-packages/matplotlib/ft2font.cpython-311-x86_64-linux-gnu.so
15545a480000-15545a481000 r--p 00017000 00:2e 2127319899                 /storage/home/hcoda1/4/hyu483/conda_envs/qgis332/lib/python3.11/site-packages/matplotlib/ft2font.cpython-311-x86_64-linux-gnu.so
15545a481000-15545a482000 rw-p 00018000 00:2e 2127319899                 /storage/home/hcoda1/4/hyu483/conda_envs/qgis332/lib/python3.11/site-packages/matplotlib/ft2font.cpython-311-x86_64-linux-gnu.so
15545a482000-15545a783000 rw-p 00000000 00:00 0 
15545a783000-15545a78a000 r--p 00000000 00:2e 2127319745                 /storage/home/hcoda1/4/hyu483/conda_envs/qgis332/lib/python3.11/site-packages/matplotlib/_path.cpython-311-x86_64-linux-gnu.so
15545a78a000-15545a7be000 r-xp 00007000 00:2e 2127319745                 /storage/home/hcoda1/4/hyu483/conda_envs/qgis332/lib/python3.11/site-packages/matplotlib/_path.cpython-311-x86_64-linux-gnu.so
15545a7be000-15545a7c9000 r--p 0003b000 00:2e 2127319745                 /storage/home/hcoda1/4/hyu483/conda_envs/qgis332/lib/python3.11/site-packages/matplotlib/_path.cpython-311-x86_64-linux-gnu.so
15545a7c9000-15545a7ca000 r--p 00046000 00:2e 2127319745                 /storage/home/hcoda1/4/hyu483/conda_envs/qgis332/lib/python3.11/site-packages/matplotlib/_path.cpython-311-x86_64-linux-gnu.so
15545a7ca000-15545a7cb000 rw-p 00047000 00:2e 2127319745                 /storage/home/hcoda1/4/hyu483/conda_envs/qgis332/lib/python3.11/site-packages/matplotlib/_path.cpython-311-x86_64-linux-gnu.so
15545a7cb000-15545a8cb000 rw-p 00000000 00:00 0 
15545a8cb000-15545a8d4000 r--p 00000000 00:2e 1932634404                 /storage/home/hcoda1/4/hyu483/conda_envs/qgis332/lib/libopenjp2.so.2.5.3
15545a8d4000-15545a920000 r-xp 00009000 00:2e 1932634404                 /storage/home/hcoda1/4/hyu483/conda_envs/qgis332/lib/libopenjp2.so.2.5.3
15545a920000-15545a933000 r--p 00055000 00:2e 1932634404                 /storage/home/hcoda1/4/hyu483/conda_envs/qgis332/lib/libopenjp2.so.2.5.3
15545a933000-15545a935000 r--p 00067000 00:2e 1932634404                 /storage/home/hcoda1/4/hyu483/conda_envs/qgis332/lib/libopenjp2.so.2.5.3
15545a935000-15545a936000 rw-p 00069000 00:2e 1932634404                 /storage/home/hcoda1/4/hyu483/conda_envs/qgis332/lib/libopenjp2.so.2.5.3
15545a936000-15545a94c000 r--p 00000000 00:2e 2007940290                 /storage/home/hcoda1/4/hyu483/conda_envs/qgis332/lib/python3.11/site-packages/PIL/_imaging.cpython-311-x86_64-linux-gnu.so
15545a94c000-15545a9ba000 r-xp 00016000 00:2e 2007940290                 /storage/home/hcoda1/4/hyu483/conda_envs/qgis332/lib/python3.11/site-packages/PIL/_imaging.cpython-311-x86_64-linux-gnu.so
15545a9ba000-15545a9cb000 r--p 00084000 00:2e 2007940290                 /storage/home/hcoda1/4/hyu483/conda_envs/qgis332/lib/python3.11/site-packages/PIL/_imaging.cpython-311-x86_64-linux-gnu.so
15545a9cb000-15545a9d0000 r--p 00094000 00:2e 2007940290                 /storage/home/hcoda1/4/hyu483/conda_envs/qgis332/lib/python3.11/site-packages/PIL/_imaging.cpython-311-x86_64-linux-gnu.so
15545a9d0000-15545a9d3000 rw-p 00099000 00:2e 2007940290                 /storage/home/hcoda1/4/hyu483/conda_envs/qgis332/lib/python3.11/site-packages/PIL/_imaging.cpython-311-x86_64-linux-gnu.so
15545a9d3000-15545aad4000 rw-p 00000000 00:00 0 
15545aad4000-15545aada000 r--p 00000000 00:2e 2127319727                 /storage/home/hcoda1/4/hyu483/conda_envs/qgis332/lib/python3.11/site-packages/matplotlib/_c_internal_utils.cpython-311-x86_64-linux-gnu.so
15545aada000-15545aaed000 r-xp 00006000 00:2e 2127319727                 /storage/home/hcoda1/4/hyu483/conda_envs/qgis332/lib/python3.11/site-packages/matplotlib/_c_internal_utils.cpython-311-x86_64-linux-gnu.so
15545aaed000-15545aaf2000 r--p 00019000 00:2e 2127319727                 /storage/home/hcoda1/4/hyu483/conda_envs/qgis332/lib/python3.11/site-packages/matplotlib/_c_internal_utils.cpython-311-x86_64-linux-gnu.so
15545aaf2000-15545aaf3000 r--p 0001e000 00:2e 2127319727                 /storage/home/hcoda1/4/hyu483/conda_envs/qgis332/lib/python3.11/site-packages/matplotlib/_c_internal_utils.cpython-311-x86_64-linux-gnu.so
15545aaf3000-15545aaf4000 rw-p 0001f000 00:2e 2127319727                 /storage/home/hcoda1/4/hyu483/conda_envs/qgis332/lib/python3.11/site-packages/matplotlib/_c_internal_utils.cpython-311-x86_64-linux-gnu.so
15545aaf4000-15545aef4000 rw-p 00000000 00:00 0 
15545aef4000-15545aef5000 r--p 00000000 00:2e 1940411735                 /storage/home/hcoda1/4/hyu483/conda_envs/qgis332/lib/python3.11/site-packages/markupsafe/_speedups.cpython-311-x86_64-linux-gnu.so
15545aef5000-15545aef6000 r-xp 00001000 00:2e 1940411735                 /storage/home/hcoda1/4/hyu483/conda_envs/qgis332/lib/python3.11/site-packages/markupsafe/_speedups.cpython-311-x86_64-linux-gnu.so
15545aef6000-15545aef7000 r--p 00002000 00:2e 1940411735                 /storage/home/hcoda1/4/hyu483/conda_envs/qgis332/lib/python3.11/site-packages/markupsafe/_speedups.cpython-311-x86_64-linux-gnu.so
15545aef7000-15545aef8000 r--p 00002000 00:2e 1940411735                 /storage/home/hcoda1/4/hyu483/conda_envs/qgis332/lib/python3.11/site-packages/markupsafe/_speedups.cpython-311-x86_64-linux-gnu.so
15545aef8000-15545aef9000 rw-p 00003000 00:2e 1940411735                 /storage/home/hcoda1/4/hyu483/conda_envs/qgis332/lib/python3.11/site-packages/markupsafe/_speedups.cpython-311-x86_64-linux-gnu.so
15545aef9000-15545aefb000 r--p 00000000 00:2e 1883947862                 /storage/home/hcoda1/4/hyu483/conda_envs/qgis332/lib/python3.11/lib-dynload/_multiprocessing.cpython-311-x86_64-linux-gnu.so
15545aefb000-15545aefc000 r-xp 00002000 00:2e 1883947862                 /storage/home/hcoda1/4/hyu483/conda_envs/qgis332/lib/python3.11/lib-dynload/_multiprocessing.cpython-311-x86_64-linux-gnu.so
15545aefc000-15545aefd000 r--p 00003000 00:2e 1883947862                 /storage/home/hcoda1/4/hyu483/conda_envs/qgis332/lib/python3.11/lib-dynload/_multiprocessing.cpython-311-x86_64-linux-gnu.so
15545aefd000-15545aefe000 r--p 00003000 00:2e 1883947862                 /storage/home/hcoda1/4/hyu483/conda_envs/qgis332/lib/python3.11/lib-dynload/_multiprocessing.cpython-311-x86_64-linux-gnu.so
15545aefe000-15545aeff000 rw-p 00004000 00:2e 1883947862                 /storage/home/hcoda1/4/hyu483/conda_envs/qgis332/lib/python3.11/lib-dynload/_multiprocessing.cpython-311-x86_64-linux-gnu.so
15545aeff000-15545b2ff000 rw-p 00000000 00:00 0 
15545b2ff000-15545b300000 r--p 00000000 00:2e 1886351669                 /storage/home/hcoda1/4/hyu483/.local/lib/python3.11/site-packages/timezonefinder/inside_polygon_ext.abi3.so
15545b300000-15545b301000 r-xp 00001000 00:2e 1886351669                 /storage/home/hcoda1/4/hyu483/.local/lib/python3.11/site-packages/timezonefinder/inside_polygon_ext.abi3.so
15545b301000-15545b302000 r--p 00002000 00:2e 1886351669                 /storage/home/hcoda1/4/hyu483/.local/lib/python3.11/site-packages/timezonefinder/inside_polygon_ext.abi3.so
15545b302000-15545b303000 r--p 00002000 00:2e 1886351669                 /storage/home/hcoda1/4/hyu483/.local/lib/python3.11/site-packages/timezonefinder/inside_polygon_ext.abi3.so
15545b303000-15545b304000 rw-p 00003000 00:2e 1886351669                 /storage/home/hcoda1/4/hyu483/.local/lib/python3.11/site-packages/timezonefinder/inside_polygon_ext.abi3.so
15545b304000-15545b305000 r-xp 00000000 00:00 0 
15545b305000-15545b306000 r--p 00000000 00:00 0 
15545b306000-15545b307000 r-xp 00000000 00:00 0 
15545b307000-15545b308000 r--p 00000000 00:00 0 
15545b308000-15545b309000 r-xp 00000000 00:00 0 
15545b309000-15545b30a000 r--p 00000000 00:00 0 
15545b30a000-15545b30b000 r-xp 00000000 00:00 0 
15545b30b000-15545b30c000 r--p 00000000 00:00 0 
15545b30c000-15545b30d000 r-xp 00000000 00:00 0 
15545b30d000-15545b60d000 rw-p 00000000 00:00 0 
15545b60d000-15545b615000 r--p 00000000 00:2e 1883950401                 /storage/home/hcoda1/4/hyu483/conda_envs/qgis332/lib/python3.11/site-packages/_cffi_backend.cpython-311-x86_64-linux-gnu.so
15545b615000-15545b62c000 r-xp 00008000 00:2e 1883950401                 /storage/home/hcoda1/4/hyu483/conda_envs/qgis332/lib/python3.11/site-packages/_cffi_backend.cpython-311-x86_64-linux-gnu.so
15545b62c000-15545b637000 r--p 0001f000 00:2e 1883950401                 /storage/home/hcoda1/4/hyu483/conda_envs/qgis332/lib/python3.11/site-packages/_cffi_backend.cpython-311-x86_64-linux-gnu.so
15545b637000-15545b639000 r--p 00029000 00:2e 1883950401                 /storage/home/hcoda1/4/hyu483/conda_envs/qgis332/lib/python3.11/site-packages/_cffi_backend.cpython-311-x86_64-linux-gnu.so
15545b639000-15545b63c000 rw-p 0002b000 00:2e 1883950401                 /storage/home/hcoda1/4/hyu483/conda_envs/qgis332/lib/python3.11/site-packages/_cffi_backend.cpython-311-x86_64-linux-gnu.so
15545b63c000-15545be3f000 rw-p 00000000 00:00 0 
15545be3f000-15545be40000 r--p 00000000 00:2e 1886353575                 /storage/home/hcoda1/4/hyu483/.local/lib/python3.11/site-packages/numba/experimental/jitclass/_box.cpython-311-x86_64-linux-gnu.so
15545be40000-15545be41000 r-xp 00001000 00:2e 1886353575                 /storage/home/hcoda1/4/hyu483/.local/lib/python3.11/site-packages/numba/experimental/jitclass/_box.cpython-311-x86_64-linux-gnu.so
15545be41000-15545be42000 r--p 00002000 00:2e 1886353575                 /storage/home/hcoda1/4/hyu483/.local/lib/python3.11/site-packages/numba/experimental/jitclass/_box.cpython-311-x86_64-linux-gnu.so
15545be42000-15545be43000 r--p 00002000 00:2e 1886353575                 /storage/home/hcoda1/4/hyu483/.local/lib/python3.11/site-packages/numba/experimental/jitclass/_box.cpython-311-x86_64-linux-gnu.so
15545be43000-15545be44000 rw-p 00003000 00:2e 1886353575                 /storage/home/hcoda1/4/hyu483/.local/lib/python3.11/site-packages/numba/experimental/jitclass/_box.cpython-311-x86_64-linux-gnu.so
15545be44000-15545be46000 r--p 00000000 00:2e 1886353631                 /storage/home/hcoda1/4/hyu483/.local/lib/python3.11/site-packages/numba/np/ufunc/_internal.cpython-311-x86_64-linux-gnu.so
15545be46000-15545be48000 r-xp 00002000 00:2e 1886353631                 /storage/home/hcoda1/4/hyu483/.local/lib/python3.11/site-packages/numba/np/ufunc/_internal.cpython-311-x86_64-linux-gnu.so
15545be48000-15545be49000 r--p 00004000 00:2e 1886353631                 /storage/home/hcoda1/4/hyu483/.local/lib/python3.11/site-packages/numba/np/ufunc/_internal.cpython-311-x86_64-linux-gnu.so
15545be49000-15545be4a000 ---p 00005000 00:2e 1886353631                 /storage/home/hcoda1/4/hyu483/.local/lib/python3.11/site-packages/numba/np/ufunc/_internal.cpython-311-x86_64-linux-gnu.so
15545be4a000-15545be4b000 r--p 00005000 00:2e 1886353631                 /storage/home/hcoda1/4/hyu483/.local/lib/python3.11/site-packages/numba/np/ufunc/_internal.cpython-311-x86_64-linux-gnu.so
15545be4b000-15545be4c000 rw-p 00006000 00:2e 1886353631                 /storage/home/hcoda1/4/hyu483/.local/lib/python3.11/site-packages/numba/np/ufunc/_internal.cpython-311-x86_64-linux-gnu.so
15545be4c000-15545bf4c000 rw-p 00000000 00:00 0 
15545bf4c000-15545bf4e000 r--p 00000000 00:2e 1886353255                 /storage/home/hcoda1/4/hyu483/.local/lib/python3.11/site-packages/numba/core/runtime/_nrt_python.cpython-311-x86_64-linux-gnu.so
15545bf4e000-15545bf51000 r-xp 00002000 00:2e 1886353255                 /storage/home/hcoda1/4/hyu483/.local/lib/python3.11/site-packages/numba/core/runtime/_nrt_python.cpython-311-x86_64-linux-gnu.so
15545bf51000-15545bf53000 r--p 00005000 00:2e 1886353255                 /storage/home/hcoda1/4/hyu483/.local/lib/python3.11/site-packages/numba/core/runtime/_nrt_python.cpython-311-x86_64-linux-gnu.so
15545bf53000-15545bf54000 r--p 00006000 00:2e 1886353255                 /storage/home/hcoda1/4/hyu483/.local/lib/python3.11/site-packages/numba/core/runtime/_nrt_python.cpython-311-x86_64-linux-gnu.so
15545bf54000-15545bf55000 rw-p 00007000 00:2e 1886353255                 /storage/home/hcoda1/4/hyu483/.local/lib/python3.11/site-packages/numba/core/runtime/_nrt_python.cpython-311-x86_64-linux-gnu.so
15545bf55000-15545c255000 rw-p 00000000 00:00 0 
15545c255000-15545c256000 r--p 00000000 00:2e 1886353134                 /storage/home/hcoda1/4/hyu483/.local/lib/python3.11/site-packages/numba/_devicearray.cpython-311-x86_64-linux-gnu.so
15545c256000-15545c257000 r-xp 00001000 00:2e 1886353134                 /storage/home/hcoda1/4/hyu483/.local/lib/python3.11/site-packages/numba/_devicearray.cpython-311-x86_64-linux-gnu.so
15545c257000-15545c258000 r--p 00002000 00:2e 1886353134                 /storage/home/hcoda1/4/hyu483/.local/lib/python3.11/site-packages/numba/_devicearray.cpython-311-x86_64-linux-gnu.so
15545c258000-15545c259000 r--p 00002000 00:2e 1886353134                 /storage/home/hcoda1/4/hyu483/.local/lib/python3.11/site-packages/numba/_devicearray.cpython-311-x86_64-linux-gnu.so
15545c259000-15545c25a000 rw-p 00003000 00:2e 1886353134                 /storage/home/hcoda1/4/hyu483/.local/lib/python3.11/site-packages/numba/_devicearray.cpython-311-x86_64-linux-gnu.so
15545c25a000-15545c25e000 r--p 00000000 00:2e 1886353136                 /storage/home/hcoda1/4/hyu483/.local/lib/python3.11/site-packages/numba/_dispatcher.cpython-311-x86_64-linux-gnu.so
15545c25e000-15545c264000 r-xp 00004000 00:2e 1886353136                 /storage/home/hcoda1/4/hyu483/.local/lib/python3.11/site-packages/numba/_dispatcher.cpython-311-x86_64-linux-gnu.so
15545c264000-15545c266000 r--p 0000a000 00:2e 1886353136                 /storage/home/hcoda1/4/hyu483/.local/lib/python3.11/site-packages/numba/_dispatcher.cpython-311-x86_64-linux-gnu.so
15545c266000-15545c267000 r--p 0000b000 00:2e 1886353136                 /storage/home/hcoda1/4/hyu483/.local/lib/python3.11/site-packages/numba/_dispatcher.cpython-311-x86_64-linux-gnu.so
15545c267000-15545c268000 rw-p 0000c000 00:2e 1886353136                 /storage/home/hcoda1/4/hyu483/.local/lib/python3.11/site-packages/numba/_dispatcher.cpython-311-x86_64-linux-gnu.so
15545c268000-15545c26c000 r--p 00000000 00:2e 1886353142                 /storage/home/hcoda1/4/hyu483/.local/lib/python3.11/site-packages/numba/_helperlib.cpython-311-x86_64-linux-gnu.so
15545c26c000-15545c282000 r-xp 00004000 00:2e 1886353142                 /storage/home/hcoda1/4/hyu483/.local/lib/python3.11/site-packages/numba/_helperlib.cpython-311-x86_64-linux-gnu.so
15545c282000-15545c2a8000 r--p 0001a000 00:2e 1886353142                 /storage/home/hcoda1/4/hyu483/.local/lib/python3.11/site-packages/numba/_helperlib.cpython-311-x86_64-linux-gnu.so
15545c2a8000-15545c2a9000 r--p 0003f000 00:2e 1886353142                 /storage/home/hcoda1/4/hyu483/.local/lib/python3.11/site-packages/numba/_helperlib.cpython-311-x86_64-linux-gnu.so
15545c2a9000-15545c2aa000 rw-p 00040000 00:2e 1886353142                 /storage/home/hcoda1/4/hyu483/.local/lib/python3.11/site-packages/numba/_helperlib.cpython-311-x86_64-linux-gnu.so
15545c2aa000-15545c6aa000 rw-p 00000000 00:00 0 
15545c6aa000-15545cd88000 r--p 00000000 00:2e 1886350432                 /storage/home/hcoda1/4/hyu483/.local/lib/python3.11/site-packages/llvmlite/binding/libllvmlite.so
15545cd88000-1554602d4000 r-xp 006de000 00:2e 1886350432                 /storage/home/hcoda1/4/hyu483/.local/lib/python3.11/site-packages/llvmlite/binding/libllvmlite.so
1554602d4000-155462863000 r--p 03c2a000 00:2e 1886350432                 /storage/home/hcoda1/4/hyu483/.local/lib/python3.11/site-packages/llvmlite/binding/libllvmlite.so
155462863000-155462ef2000 r--p 061b8000 00:2e 1886350432                 /storage/home/hcoda1/4/hyu483/.local/lib/python3.11/site-packages/llvmlite/binding/libllvmlite.so
155462ef2000-155462f09000 rw-p 06847000 00:2e 1886350432                 /storage/home/hcoda1/4/hyu483/.local/lib/python3.11/site-packages/llvmlite/binding/libllvmlite.so
155462f09000-155462f82000 rw-p 00000000 00:00 0 
155462f82000-155462f8b000 r--p 00000000 00:2e 1886350785                 /storage/home/hcoda1/4/hyu483/.local/lib/python3.11/site-packages/h3/_cy/to_multipoly.cpython-311-x86_64-linux-gnu.so
155462f8b000-155462fb7000 r-xp 00009000 00:2e 1886350785                 /storage/home/hcoda1/4/hyu483/.local/lib/python3.11/site-packages/h3/_cy/to_multipoly.cpython-311-x86_64-linux-gnu.so
155462fb7000-155462fc6000 r--p 00035000 00:2e 1886350785                 /storage/home/hcoda1/4/hyu483/.local/lib/python3.11/site-packages/h3/_cy/to_multipoly.cpython-311-x86_64-linux-gnu.so
155462fc6000-155462fc7000 r--p 00044000 00:2e 1886350785                 /storage/home/hcoda1/4/hyu483/.local/lib/python3.11/site-packages/h3/_cy/to_multipoly.cpython-311-x86_64-linux-gnu.so
155462fc7000-155462fc9000 rw-p 00045000 00:2e 1886350785                 /storage/home/hcoda1/4/hyu483/.local/lib/python3.11/site-packages/h3/_cy/to_multipoly.cpython-311-x86_64-linux-gnu.so
155462fc9000-155462fca000 rw-p 00000000 00:00 0 
155462fca000-155462fd4000 r--p 00000000 00:2e 1886350790                 /storage/home/hcoda1/4/hyu483/.local/lib/python3.11/site-packages/h3/_cy/vertex.cpython-311-x86_64-linux-gnu.so
155462fd4000-155462fff000 r-xp 0000a000 00:2e 1886350790                 /storage/home/hcoda1/4/hyu483/.local/lib/python3.11/site-packages/h3/_cy/vertex.cpython-311-x86_64-linux-gnu.so
155462fff000-15546300d000 r--p 00035000 00:2e 1886350790                 /storage/home/hcoda1/4/hyu483/.local/lib/python3.11/site-packages/h3/_cy/vertex.cpython-311-x86_64-linux-gnu.so
15546300d000-15546300e000 r--p 00043000 00:2e 1886350790                 /storage/home/hcoda1/4/hyu483/.local/lib/python3.11/site-packages/h3/_cy/vertex.cpython-311-x86_64-linux-gnu.so
15546300e000-155463010000 rw-p 00044000 00:2e 1886350790                 /storage/home/hcoda1/4/hyu483/.local/lib/python3.11/site-packages/h3/_cy/vertex.cpython-311-x86_64-linux-gnu.so
155463010000-155463011000 rw-p 00000000 00:00 0 
155463011000-15546301c000 r--p 00000000 00:2e 1886350779                 /storage/home/hcoda1/4/hyu483/.local/lib/python3.11/site-packages/h3/_cy/latlng.cpython-311-x86_64-linux-gnu.so
15546301c000-155463056000 r-xp 0000b000 00:2e 1886350779                 /storage/home/hcoda1/4/hyu483/.local/lib/python3.11/site-packages/h3/_cy/latlng.cpython-311-x86_64-linux-gnu.so
155463056000-155463068000 r--p 00045000 00:2e 1886350779                 /storage/home/hcoda1/4/hyu483/.local/lib/python3.11/site-packages/h3/_cy/latlng.cpython-311-x86_64-linux-gnu.so
155463068000-155463069000 r--p 00057000 00:2e 1886350779                 /storage/home/hcoda1/4/hyu483/.local/lib/python3.11/site-packages/h3/_cy/latlng.cpython-311-x86_64-linux-gnu.so
155463069000-15546306c000 rw-p 00058000 00:2e 1886350779                 /storage/home/hcoda1/4/hyu483/.local/lib/python3.11/site-packages/h3/_cy/latlng.cpython-311-x86_64-linux-gnu.so
15546306c000-15546306d000 rw-p 00000000 00:00 0 
15546306d000-155463077000 r--p 00000000 00:2e 1886350771                 /storage/home/hcoda1/4/hyu483/.local/lib/python3.11/site-packages/h3/_cy/edges.cpython-311-x86_64-linux-gnu.so
155463077000-1554630a4000 r-xp 0000a000 00:2e 1886350771                 /storage/home/hcoda1/4/hyu483/.local/lib/python3.11/site-packages/h3/_cy/edges.cpython-311-x86_64-linux-gnu.so
1554630a4000-1554630b3000 r--p 00037000 00:2e 1886350771                 /storage/home/hcoda1/4/hyu483/.local/lib/python3.11/site-packages/h3/_cy/edges.cpython-311-x86_64-linux-gnu.so
1554630b3000-1554630b4000 r--p 00046000 00:2e 1886350771                 /storage/home/hcoda1/4/hyu483/.local/lib/python3.11/site-packages/h3/_cy/edges.cpython-311-x86_64-linux-gnu.so
1554630b4000-1554630b6000 rw-p 00047000 00:2e 1886350771                 /storage/home/hcoda1/4/hyu483/.local/lib/python3.11/site-packages/h3/_cy/edges.cpython-311-x86_64-linux-gnu.so
1554630b6000-1554631b7000 rw-p 00000000 00:00 0 
1554631b7000-1554631bb000 r--p 00000000 00:2e 1886350774                 /storage/home/hcoda1/4/hyu483/.local/lib/python3.11/site-packages/h3/_cy/error_system.cpython-311-x86_64-linux-gnu.so
1554631bb000-1554631c9000 r-xp 00004000 00:2e 1886350774                 /storage/home/hcoda1/4/hyu483/.local/lib/python3.11/site-packages/h3/_cy/error_system.cpython-311-x86_64-linux-gnu.so
1554631c9000-1554631cd000 r--p 00012000 00:2e 1886350774                 /storage/home/hcoda1/4/hyu483/.local/lib/python3.11/site-packages/h3/_cy/error_system.cpython-311-x86_64-linux-gnu.so
1554631cd000-1554631ce000 r--p 00015000 00:2e 1886350774                 /storage/home/hcoda1/4/hyu483/.local/lib/python3.11/site-packages/h3/_cy/error_system.cpython-311-x86_64-linux-gnu.so
1554631ce000-1554631cf000 rw-p 00016000 00:2e 1886350774                 /storage/home/hcoda1/4/hyu483/.local/lib/python3.11/site-packages/h3/_cy/error_system.cpython-311-x86_64-linux-gnu.so
1554631cf000-1554631d0000 rw-p 00000000 00:00 0 
1554631d0000-1554631d6000 r--p 00000000 00:2e 1886350782                 /storage/home/hcoda1/4/hyu483/.local/lib/python3.11/site-packages/h3/_cy/memory.cpython-311-x86_64-linux-gnu.so
1554631d6000-1554631fc000 r-xp 00006000 00:2e 1886350782                 /storage/home/hcoda1/4/hyu483/.local/lib/python3.11/site-packages/h3/_cy/memory.cpython-311-x86_64-linux-gnu.so
1554631fc000-155463204000 r--p 0002c000 00:2e 1886350782                 /storage/home/hcoda1/4/hyu483/.local/lib/python3.11/site-packages/h3/_cy/memory.cpython-311-x86_64-linux-gnu.so
155463204000-155463205000 r--p 00033000 00:2e 1886350782                 /storage/home/hcoda1/4/hyu483/.local/lib/python3.11/site-packages/h3/_cy/memory.cpython-311-x86_64-linux-gnu.so
155463205000-155463207000 rw-p 00034000 00:2e 1886350782                 /storage/home/hcoda1/4/hyu483/.local/lib/python3.11/site-packages/h3/_cy/memory.cpython-311-x86_64-linux-gnu.so
155463207000-155463208000 rw-p 00000000 00:00 0 
155463208000-155463213000 r--p 00000000 00:2e 1886350768                 /storage/home/hcoda1/4/hyu483/.local/lib/python3.11/site-packages/h3/_cy/cells.cpython-311-x86_64-linux-gnu.so
155463213000-15546324f000 r-xp 0000b000 00:2e 1886350768                 /storage/home/hcoda1/4/hyu483/.local/lib/python3.11/site-packages/h3/_cy/cells.cpython-311-x86_64-linux-gnu.so
15546324f000-155463261000 r--p 00047000 00:2e 1886350768                 /storage/home/hcoda1/4/hyu483/.local/lib/python3.11/site-packages/h3/_cy/cells.cpython-311-x86_64-linux-gnu.so
155463261000-155463263000 r--p 00058000 00:2e 1886350768                 /storage/home/hcoda1/4/hyu483/.local/lib/python3.11/site-packages/h3/_cy/cells.cpython-311-x86_64-linux-gnu.so
155463263000-155463266000 rw-p 0005a000 00:2e 1886350768                 /storage/home/hcoda1/4/hyu483/.local/lib/python3.11/site-packages/h3/_cy/cells.cpython-311-x86_64-linux-gnu.so
155463266000-155463666000 rw-p 00000000 00:00 0 
155463666000-1554636aa000 r--p 00000000 00:2e 1886350300                 /storage/home/hcoda1/4/hyu483/.local/lib/python3.11/site-packages/pydantic_core/_pydantic_core.cpython-311-x86_64-linux-gnu.so
1554636aa000-1554639b2000 r-xp 00044000 00:2e 1886350300                 /storage/home/hcoda1/4/hyu483/.local/lib/python3.11/site-packages/pydantic_core/_pydantic_core.cpython-311-x86_64-linux-gnu.so
1554639b2000-155463ab9000 r--p 0034c000 00:2e 1886350300                 /storage/home/hcoda1/4/hyu483/.local/lib/python3.11/site-packages/pydantic_core/_pydantic_core.cpython-311-x86_64-linux-gnu.so
155463ab9000-155463aed000 r--p 00452000 00:2e 1886350300                 /storage/home/hcoda1/4/hyu483/.local/lib/python3.11/site-packages/pydantic_core/_pydantic_core.cpython-311-x86_64-linux-gnu.so
155463aed000-155463af2000 rw-p 00486000 00:2e 1886350300                 /storage/home/hcoda1/4/hyu483/.local/lib/python3.11/site-packages/pydantic_core/_pydantic_core.cpython-311-x86_64-linux-gnu.so
155463af2000-155463cf3000 rw-p 00000000 00:00 0 
155463cf3000-155463d07000 r--p 00000000 00:2e 2007910836                 /storage/home/hcoda1/4/hyu483/conda_envs/qgis332/lib/python3.11/site-packages/zstandard/backend_c.cpython-311-x86_64-linux-gnu.so
155463d07000-155463de3000 r-xp 00014000 00:2e 2007910836                 /storage/home/hcoda1/4/hyu483/conda_envs/qgis332/lib/python3.11/site-packages/zstandard/backend_c.cpython-311-x86_64-linux-gnu.so
155463de3000-155463dfb000 r--p 000f0000 00:2e 2007910836                 /storage/home/hcoda1/4/hyu483/conda_envs/qgis332/lib/python3.11/site-packages/zstandard/backend_c.cpython-311-x86_64-linux-gnu.so
155463dfb000-155463dfd000 r--p 00107000 00:2e 2007910836                 /storage/home/hcoda1/4/hyu483/conda_envs/qgis332/lib/python3.11/site-packages/zstandard/backend_c.cpython-311-x86_64-linux-gnu.so
155463dfd000-155463e00000 rw-p 00109000 00:2e 2007910836                 /storage/home/hcoda1/4/hyu483/conda_envs/qgis332/lib/python3.11/site-packages/zstandard/backend_c.cpython-311-x86_64-linux-gnu.so
155463e00000-155464021000 rw-p 00000000 00:00 0 
155464021000-155465502000 rw-p 00000000 00:00 0 
155465502000-155468000000 ---p 00000000 00:00 0 
155468000000-155468001000 r--p 00000000 00:00 0 
155468001000-155468002000 rw-p 00000000 00:00 0 
155468002000-155468003000 r--p 00000000 00:2e 1886353138                 /storage/home/hcoda1/4/hyu483/.local/lib/python3.11/site-packages/numba/_dynfunc.cpython-311-x86_64-linux-gnu.so
155468003000-155468004000 r-xp 00001000 00:2e 1886353138                 /storage/home/hcoda1/4/hyu483/.local/lib/python3.11/site-packages/numba/_dynfunc.cpython-311-x86_64-linux-gnu.so
155468004000-155468005000 r--p 00002000 00:2e 1886353138                 /storage/home/hcoda1/4/hyu483/.local/lib/python3.11/site-packages/numba/_dynfunc.cpython-311-x86_64-linux-gnu.so
155468005000-155468006000 r--p 00002000 00:2e 1886353138                 /storage/home/hcoda1/4/hyu483/.local/lib/python3.11/site-packages/numba/_dynfunc.cpython-311-x86_64-linux-gnu.so
155468006000-155468007000 rw-p 00003000 00:2e 1886353138                 /storage/home/hcoda1/4/hyu483/.local/lib/python3.11/site-packages/numba/_dynfunc.cpython-311-x86_64-linux-gnu.so
155468007000-15546800e000 r--p 00000000 00:2e 1886350787                 /storage/home/hcoda1/4/hyu483/.local/lib/python3.11/site-packages/h3/_cy/util.cpython-311-x86_64-linux-gnu.so
15546800e000-155468020000 r-xp 00007000 00:2e 1886350787                 /storage/home/hcoda1/4/hyu483/.local/lib/python3.11/site-packages/h3/_cy/util.cpython-311-x86_64-linux-gnu.so
155468020000-15546802b000 r--p 00019000 00:2e 1886350787                 /storage/home/hcoda1/4/hyu483/.local/lib/python3.11/site-packages/h3/_cy/util.cpython-311-x86_64-linux-gnu.so
15546802b000-15546802c000 r--p 00023000 00:2e 1886350787                 /storage/home/hcoda1/4/hyu483/.local/lib/python3.11/site-packages/h3/_cy/util.cpython-311-x86_64-linux-gnu.so
15546802c000-15546802d000 rw-p 00024000 00:2e 1886350787                 /storage/home/hcoda1/4/hyu483/.local/lib/python3.11/site-packages/h3/_cy/util.cpython-311-x86_64-linux-gnu.so
15546802d000-15546802e000 rw-p 00000000 00:00 0 
15546802e000-155468030000 r--p 00000000 00:2e 1886351242                 /storage/home/hcoda1/4/hyu483/.local/lib/python3.11/site-packages/f90wrap/sizeof_fortran_t.cpython-311-x86_64-linux-gnu.so
155468030000-155468034000 r-xp 00002000 00:2e 1886351242                 /storage/home/hcoda1/4/hyu483/.local/lib/python3.11/site-packages/f90wrap/sizeof_fortran_t.cpython-311-x86_64-linux-gnu.so
155468034000-155468036000 r--p 00006000 00:2e 1886351242                 /storage/home/hcoda1/4/hyu483/.local/lib/python3.11/site-packages/f90wrap/sizeof_fortran_t.cpython-311-x86_64-linux-gnu.so
155468036000-155468037000 r--p 00007000 00:2e 1886351242                 /storage/home/hcoda1/4/hyu483/.local/lib/python3.11/site-packages/f90wrap/sizeof_fortran_t.cpython-311-x86_64-linux-gnu.so
155468037000-155468038000 rw-p 00008000 00:2e 1886351242                 /storage/home/hcoda1/4/hyu483/.local/lib/python3.11/site-packages/f90wrap/sizeof_fortran_t.cpython-311-x86_64-linux-gnu.so
155468038000-155468138000 rw-p 00000000 00:00 0 
155468138000-155468178000 r-xp 00000000 00:2e 1886356665                 /storage/home/hcoda1/4/hyu483/.local/lib/python3.11/site-packages/supy.libs/libquadmath-828275a7.so.0.0.0
155468178000-155468377000 ---p 00040000 00:2e 1886356665                 /storage/home/hcoda1/4/hyu483/.local/lib/python3.11/site-packages/supy.libs/libquadmath-828275a7.so.0.0.0
155468377000-155468378000 r--p 0003f000 00:2e 1886356665                 /storage/home/hcoda1/4/hyu483/.local/lib/python3.11/site-packages/supy.libs/libquadmath-828275a7.so.0.0.0
155468378000-155468379000 rw-p 00040000 00:2e 1886356665                 /storage/home/hcoda1/4/hyu483/.local/lib/python3.11/site-packages/supy.libs/libquadmath-828275a7.so.0.0.0
155468379000-15546837a000 rw-p 00042000 00:2e 1886356665                 /storage/home/hcoda1/4/hyu483/.local/lib/python3.11/site-packages/supy.libs/libquadmath-828275a7.so.0.0.0
15546837a000-1554685f6000 r-xp 00000000 00:2e 1886356664                 /storage/home/hcoda1/4/hyu483/.local/lib/python3.11/site-packages/supy.libs/libgfortran-8f1e9814.so.5.0.0
1554685f6000-1554687f6000 ---p 0027c000 00:2e 1886356664                 /storage/home/hcoda1/4/hyu483/.local/lib/python3.11/site-packages/supy.libs/libgfortran-8f1e9814.so.5.0.0
1554687f6000-1554687f8000 r--p 0027c000 00:2e 1886356664                 /storage/home/hcoda1/4/hyu483/.local/lib/python3.11/site-packages/supy.libs/libgfortran-8f1e9814.so.5.0.0
1554687f8000-1554687f9000 rw-p 0027e000 00:2e 1886356664                 /storage/home/hcoda1/4/hyu483/.local/lib/python3.11/site-packages/supy.libs/libgfortran-8f1e9814.so.5.0.0
1554687f9000-15546880e000 rw-p 00282000 00:2e 1886356664                 /storage/home/hcoda1/4/hyu483/.local/lib/python3.11/site-packages/supy.libs/libgfortran-8f1e9814.so.5.0.0
15546880e000-15546889c000 r--p 00000000 00:2e 1886356588                 /storage/home/hcoda1/4/hyu483/.local/lib/python3.11/site-packages/supy/_supy_driver.cpython-311-x86_64-linux-gnu.so
15546889c000-155468efb000 r-xp 0008e000 00:2e 1886356588                 /storage/home/hcoda1/4/hyu483/.local/lib/python3.11/site-packages/supy/_supy_driver.cpython-311-x86_64-linux-gnu.so
155468efb000-1554690ca000 r--p 006ed000 00:2e 1886356588                 /storage/home/hcoda1/4/hyu483/.local/lib/python3.11/site-packages/supy/_supy_driver.cpython-311-x86_64-linux-gnu.so
1554690ca000-1554690cc000 r--p 008bb000 00:2e 1886356588                 /storage/home/hcoda1/4/hyu483/.local/lib/python3.11/site-packages/supy/_supy_driver.cpython-311-x86_64-linux-gnu.so
1554690cc000-155469220000 rw-p 008bd000 00:2e 1886356588                 /storage/home/hcoda1/4/hyu483/.local/lib/python3.11/site-packages/supy/_supy_driver.cpython-311-x86_64-linux-gnu.so
155469220000-15546961f000 rw-p 00000000 00:00 0 
15546961f000-155469674000 rw-p 00e4a000 00:2e 1886356588                 /storage/home/hcoda1/4/hyu483/.local/lib/python3.11/site-packages/supy/_supy_driver.cpython-311-x86_64-linux-gnu.so
155469674000-155469774000 rw-p 00000000 00:00 0 
155469774000-155469778000 r--p 00000000 00:2e 2005409725                 /storage/home/hcoda1/4/hyu483/conda_envs/qgis332/lib/python3.11/site-packages/pandas/_libs/testing.cpython-311-x86_64-linux-gnu.so
155469778000-15546978a000 r-xp 00004000 00:2e 2005409725                 /storage/home/hcoda1/4/hyu483/conda_envs/qgis332/lib/python3.11/site-packages/pandas/_libs/testing.cpython-311-x86_64-linux-gnu.so
15546978a000-15546978e000 r--p 00016000 00:2e 2005409725                 /storage/home/hcoda1/4/hyu483/conda_envs/qgis332/lib/python3.11/site-packages/pandas/_libs/testing.cpython-311-x86_64-linux-gnu.so
15546978e000-15546978f000 r--p 00019000 00:2e 2005409725                 /storage/home/hcoda1/4/hyu483/conda_envs/qgis332/lib/python3.11/site-packages/pandas/_libs/testing.cpython-311-x86_64-linux-gnu.so
15546978f000-155469790000 rw-p 0001a000 00:2e 2005409725                 /storage/home/hcoda1/4/hyu483/conda_envs/qgis332/lib/python3.11/site-packages/pandas/_libs/testing.cpython-311-x86_64-linux-gnu.so
155469790000-155469890000 rw-p 00000000 00:00 0 
155469890000-155469897000 r--p 00000000 00:2e 2005420290                 /storage/home/hcoda1/4/hyu483/conda_envs/qgis332/lib/python3.11/site-packages/pandas/_libs/parsers.cpython-311-x86_64-linux-gnu.so
155469897000-1554698f9000 r-xp 00007000 00:2e 2005420290                 /storage/home/hcoda1/4/hyu483/conda_envs/qgis332/lib/python3.11/site-packages/pandas/_libs/parsers.cpython-311-x86_64-linux-gnu.so
1554698f9000-155469905000 r--p 00069000 00:2e 2005420290                 /storage/home/hcoda1/4/hyu483/conda_envs/qgis332/lib/python3.11/site-packages/pandas/_libs/parsers.cpython-311-x86_64-linux-gnu.so
155469905000-155469906000 r--p 00075000 00:2e 2005420290                 /storage/home/hcoda1/4/hyu483/conda_envs/qgis332/lib/python3.11/site-packages/pandas/_libs/parsers.cpython-311-x86_64-linux-gnu.so
155469906000-155469909000 rw-p 00076000 00:2e 2005420290                 /storage/home/hcoda1/4/hyu483/conda_envs/qgis332/lib/python3.11/site-packages/pandas/_libs/parsers.cpython-311-x86_64-linux-gnu.so
155469909000-155469a0b000 rw-p 00000000 00:00 0 
155469a0b000-155469a14000 r--p 00000000 00:2e 2005421907                 /storage/home/hcoda1/4/hyu483/conda_envs/qgis332/lib/python3.11/site-packages/pandas/_libs/groupby.cpython-311-x86_64-linux-gnu.so
155469a14000-155469c20000 r-xp 00009000 00:2e 2005421907                 /storage/home/hcoda1/4/hyu483/conda_envs/qgis332/lib/python3.11/site-packages/pandas/_libs/groupby.cpython-311-x86_64-linux-gnu.so
155469c20000-155469c3d000 r--p 00215000 00:2e 2005421907                 /storage/home/hcoda1/4/hyu483/conda_envs/qgis332/lib/python3.11/site-packages/pandas/_libs/groupby.cpython-311-x86_64-linux-gnu.so
155469c3d000-155469c3e000 r--p 00231000 00:2e 2005421907                 /storage/home/hcoda1/4/hyu483/conda_envs/qgis332/lib/python3.11/site-packages/pandas/_libs/groupby.cpython-311-x86_64-linux-gnu.so
155469c3e000-155469c43000 rw-p 00232000 00:2e 2005421907                 /storage/home/hcoda1/4/hyu483/conda_envs/qgis332/lib/python3.11/site-packages/pandas/_libs/groupby.cpython-311-x86_64-linux-gnu.so
155469c43000-155469d46000 rw-p 00000000 00:00 0 
155469d46000-155469d4c000 r--p 00000000 00:2e 2005405971                 /storage/home/hcoda1/4/hyu483/conda_envs/qgis332/lib/python3.11/site-packages/pandas/_libs/reshape.cpython-311-x86_64-linux-gnu.so
155469d4c000-155469d7e000 r-xp 00006000 00:2e 2005405971                 /storage/home/hcoda1/4/hyu483/conda_envs/qgis332/lib/python3.11/site-packages/pandas/_libs/reshape.cpython-311-x86_64-linux-gnu.so
155469d7e000-155469d86000 r--p 00038000 00:2e 2005405971                 /storage/home/hcoda1/4/hyu483/conda_envs/qgis332/lib/python3.11/site-packages/pandas/_libs/reshape.cpython-311-x86_64-linux-gnu.so
155469d86000-155469d87000 r--p 00040000 00:2e 2005405971                 /storage/home/hcoda1/4/hyu483/conda_envs/qgis332/lib/python3.11/site-packages/pandas/_libs/reshape.cpython-311-x86_64-linux-gnu.so
155469d87000-155469d89000 rw-p 00041000 00:2e 2005405971                 /storage/home/hcoda1/4/hyu483/conda_envs/qgis332/lib/python3.11/site-packages/pandas/_libs/reshape.cpython-311-x86_64-linux-gnu.so
155469d89000-155469d8a000 rw-p 00000000 00:00 0 
155469d8a000-155469d8f000 r--p 00000000 00:2e 2005417277                 /storage/home/hcoda1/4/hyu483/conda_envs/qgis332/lib/python3.11/site-packages/pandas/_libs/window/indexers.cpython-311-x86_64-linux-gnu.so
155469d8f000-155469dac000 r-xp 00005000 00:2e 2005417277                 /storage/home/hcoda1/4/hyu483/conda_envs/qgis332/lib/python3.11/site-packages/pandas/_libs/window/indexers.cpython-311-x86_64-linux-gnu.so
155469dac000-155469db3000 r--p 00022000 00:2e 2005417277                 /storage/home/hcoda1/4/hyu483/conda_envs/qgis332/lib/python3.11/site-packages/pandas/_libs/window/indexers.cpython-311-x86_64-linux-gnu.so
155469db3000-155469db4000 r--p 00029000 00:2e 2005417277                 /storage/home/hcoda1/4/hyu483/conda_envs/qgis332/lib/python3.11/site-packages/pandas/_libs/window/indexers.cpython-311-x86_64-linux-gnu.so
155469db4000-155469db6000 rw-p 0002a000 00:2e 2005417277                 /storage/home/hcoda1/4/hyu483/conda_envs/qgis332/lib/python3.11/site-packages/pandas/_libs/window/indexers.cpython-311-x86_64-linux-gnu.so
155469db6000-155469fb6000 rw-p 00000000 00:00 0 
155469fb6000-155469fbd000 r--p 00000000 00:2e 2005402119                 /storage/home/hcoda1/4/hyu483/conda_envs/qgis332/lib/python3.11/site-packages/pandas/_libs/join.cpython-311-x86_64-linux-gnu.so
155469fbd000-15546a0d8000 r-xp 00007000 00:2e 2005402119                 /storage/home/hcoda1/4/hyu483/conda_envs/qgis332/lib/python3.11/site-packages/pandas/_libs/join.cpython-311-x86_64-linux-gnu.so
15546a0d8000-15546a0e6000 r--p 00122000 00:2e 2005402119                 /storage/home/hcoda1/4/hyu483/conda_envs/qgis332/lib/python3.11/site-packages/pandas/_libs/join.cpython-311-x86_64-linux-gnu.so
15546a0e6000-15546a0e7000 r--p 00130000 00:2e 2005402119                 /storage/home/hcoda1/4/hyu483/conda_envs/qgis332/lib/python3.11/site-packages/pandas/_libs/join.cpython-311-x86_64-linux-gnu.so
15546a0e7000-15546a0ea000 rw-p 00131000 00:2e 2005402119                 /storage/home/hcoda1/4/hyu483/conda_envs/qgis332/lib/python3.11/site-packages/pandas/_libs/join.cpython-311-x86_64-linux-gnu.so
15546a0ea000-15546a0ec000 rw-p 00000000 00:00 0 
15546a0ec000-15546a0f6000 r--p 00000000 00:2e 2005413789                 /storage/home/hcoda1/4/hyu483/conda_envs/qgis332/lib/python3.11/site-packages/pandas/_libs/index.cpython-311-x86_64-linux-gnu.so
15546a0f6000-15546a196000 r-xp 0000a000 00:2e 2005413789                 /storage/home/hcoda1/4/hyu483/conda_envs/qgis332/lib/python3.11/site-packages/pandas/_libs/index.cpython-311-x86_64-linux-gnu.so
15546a196000-15546a1ad000 r--p 000aa000 00:2e 2005413789                 /storage/home/hcoda1/4/hyu483/conda_envs/qgis332/lib/python3.11/site-packages/pandas/_libs/index.cpython-311-x86_64-linux-gnu.so
15546a1ad000-15546a1ae000 r--p 000c0000 00:2e 2005413789                 /storage/home/hcoda1/4/hyu483/conda_envs/qgis332/lib/python3.11/site-packages/pandas/_libs/index.cpython-311-x86_64-linux-gnu.so
15546a1ae000-15546a1b6000 rw-p 000c1000 00:2e 2005413789                 /storage/home/hcoda1/4/hyu483/conda_envs/qgis332/lib/python3.11/site-packages/pandas/_libs/index.cpython-311-x86_64-linux-gnu.so
15546a1b6000-15546a664000 rw-p 00000000 00:00 0 
15546a664000-15546a66b000 r--p 00000000 00:2e 2005412765                 /storage/home/hcoda1/4/hyu483/conda_envs/qgis332/lib/python3.11/site-packages/pandas/_libs/internals.cpython-311-x86_64-linux-gnu.so
15546a66b000-15546a6ac000 r-xp 00007000 00:2e 2005412765                 /storage/home/hcoda1/4/hyu483/conda_envs/qgis332/lib/python3.11/site-packages/pandas/_libs/internals.cpython-311-x86_64-linux-gnu.so
15546a6ac000-15546a6b8000 r--p 00048000 00:2e 2005412765                 /storage/home/hcoda1/4/hyu483/conda_envs/qgis332/lib/python3.11/site-packages/pandas/_libs/internals.cpython-311-x86_64-linux-gnu.so
15546a6b8000-15546a6b9000 r--p 00053000 00:2e 2005412765                 /storage/home/hcoda1/4/hyu483/conda_envs/qgis332/lib/python3.11/site-packages/pandas/_libs/internals.cpython-311-x86_64-linux-gnu.so
15546a6b9000-15546a6bc000 rw-p 00054000 00:2e 2005412765                 /storage/home/hcoda1/4/hyu483/conda_envs/qgis332/lib/python3.11/site-packages/pandas/_libs/internals.cpython-311-x86_64-linux-gnu.so
15546a6bc000-15546a6be000 rw-p 00000000 00:00 0 
15546a6be000-15546a6c5000 r--p 00000000 00:2e 2005421142                 /storage/home/hcoda1/4/hyu483/conda_envs/qgis332/lib/python3.11/site-packages/pandas/_libs/sparse.cpython-311-x86_64-linux-gnu.so
15546a6c5000-15546a77b000 r-xp 00007000 00:2e 2005421142                 /storage/home/hcoda1/4/hyu483/conda_envs/qgis332/lib/python3.11/site-packages/pandas/_libs/sparse.cpython-311-x86_64-linux-gnu.so
15546a77b000-15546a788000 r--p 000bd000 00:2e 2005421142                 /storage/home/hcoda1/4/hyu483/conda_envs/qgis332/lib/python3.11/site-packages/pandas/_libs/sparse.cpython-311-x86_64-linux-gnu.so
15546a788000-15546a789000 r--p 000ca000 00:2e 2005421142                 /storage/home/hcoda1/4/hyu483/conda_envs/qgis332/lib/python3.11/site-packages/pandas/_libs/sparse.cpython-311-x86_64-linux-gnu.so
15546a789000-15546a78c000 rw-p 000cb000 00:2e 2005421142                 /storage/home/hcoda1/4/hyu483/conda_envs/qgis332/lib/python3.11/site-packages/pandas/_libs/sparse.cpython-311-x86_64-linux-gnu.so
15546a78c000-15546a88e000 rw-p 00000000 00:00 0 
15546a88e000-15546a894000 r--p 00000000 00:2e 1896364421                 /storage/home/hcoda1/4/hyu483/conda_envs/qgis332/lib/python3.11/site-packages/pandas/_libs/tslib.cpython-311-x86_64-linux-gnu.so
15546a894000-15546a8ca000 r-xp 00006000 00:2e 1896364421                 /storage/home/hcoda1/4/hyu483/conda_envs/qgis332/lib/python3.11/site-packages/pandas/_libs/tslib.cpython-311-x86_64-linux-gnu.so
15546a8ca000-15546a8d4000 r--p 0003c000 00:2e 1896364421                 /storage/home/hcoda1/4/hyu483/conda_envs/qgis332/lib/python3.11/site-packages/pandas/_libs/tslib.cpython-311-x86_64-linux-gnu.so
15546a8d4000-15546a8d5000 r--p 00045000 00:2e 1896364421                 /storage/home/hcoda1/4/hyu483/conda_envs/qgis332/lib/python3.11/site-packages/pandas/_libs/tslib.cpython-311-x86_64-linux-gnu.so
15546a8d5000-15546a8d7000 rw-p 00046000 00:2e 1896364421                 /storage/home/hcoda1/4/hyu483/conda_envs/qgis332/lib/python3.11/site-packages/pandas/_libs/tslib.cpython-311-x86_64-linux-gnu.so
15546a8d7000-15546a8d8000 rw-p 00000000 00:00 0 
15546a8d8000-15546a8dc000 r--p 00000000 00:2e 2005417720                 /storage/home/hcoda1/4/hyu483/conda_envs/qgis332/lib/python3.11/site-packages/pandas/_libs/arrays.cpython-311-x86_64-linux-gnu.so
15546a8dc000-15546a8ee000 r-xp 00004000 00:2e 2005417720                 /storage/home/hcoda1/4/hyu483/conda_envs/qgis332/lib/python3.11/site-packages/pandas/_libs/arrays.cpython-311-x86_64-linux-gnu.so
15546a8ee000-15546a8f2000 r--p 00016000 00:2e 2005417720                 /storage/home/hcoda1/4/hyu483/conda_envs/qgis332/lib/python3.11/site-packages/pandas/_libs/arrays.cpython-311-x86_64-linux-gnu.so
15546a8f2000-15546a8f3000 r--p 0001a000 00:2e 2005417720                 /storage/home/hcoda1/4/hyu483/conda_envs/qgis332/lib/python3.11/site-packages/pandas/_libs/arrays.cpython-311-x86_64-linux-gnu.so
15546a8f3000-15546a8f4000 rw-p 0001b000 00:2e 2005417720                 /storage/home/hcoda1/4/hyu483/conda_envs/qgis332/lib/python3.11/site-packages/pandas/_libs/arrays.cpython-311-x86_64-linux-gnu.so
15546a8f4000-15546a9f5000 rw-p 00000000 00:00 0 
15546a9f5000-15546a9f6000 ---p 00000000 00:00 0 
15546a9f6000-15546abf6000 rw-p 00000000 00:00 0 
15546abf6000-15546abf7000 ---p 00000000 00:00 0 
15546abf7000-15546adf7000 rw-p 00000000 00:00 0 
15546adf7000-15546adf8000 ---p 00000000 00:00 0 
15546adf8000-15546aff8000 rw-p 00000000 00:00 0 
15546aff8000-15546aff9000 ---p 00000000 00:00 0 
15546aff9000-15546b1f9000 rw-p 00000000 00:00 0 
15546b1f9000-15546b1fa000 ---p 00000000 00:00 0 
15546b1fa000-15546b3fa000 rw-p 00000000 00:00 0 
15546b3fa000-15546b3ff000 ---p 00000000 00:00 0 
15546b3ff000-15546b5fb000 rw-p 00000000 00:00 0 
15546b5fb000-15546b600000 ---p 00000000 00:00 0 
15546b600000-15546b7fc000 rw-p 00000000 00:00 0 
15546b7fc000-15546b801000 ---p 00000000 00:00 0 
15546b801000-15546b9fd000 rw-p 00000000 00:00 0 
15546b9fd000-15546ba02000 ---p 00000000 00:00 0 
15546ba02000-15546bbfe000 rw-p 00000000 00:00 0 
15546bbfe000-15546bc03000 ---p 00000000 00:00 0 
15546bc03000-15546bdff000 rw-p 00000000 00:00 0 
15546bdff000-15546be04000 ---p 00000000 00:00 0 
15546be04000-15546c021000 rw-p 00000000 00:00 0 
15546c021000-155470000000 ---p 00000000 00:00 0 
155470000000-155470002000 r--p 00000000 00:2e 1886353274                 /storage/home/hcoda1/4/hyu483/.local/lib/python3.11/site-packages/numba/core/typeconv/_typeconv.cpython-311-x86_64-linux-gnu.so
155470002000-155470004000 r-xp 00002000 00:2e 1886353274                 /storage/home/hcoda1/4/hyu483/.local/lib/python3.11/site-packages/numba/core/typeconv/_typeconv.cpython-311-x86_64-linux-gnu.so
155470004000-155470005000 r--p 00004000 00:2e 1886353274                 /storage/home/hcoda1/4/hyu483/.local/lib/python3.11/site-packages/numba/core/typeconv/_typeconv.cpython-311-x86_64-linux-gnu.so
155470005000-155470006000 r--p 00004000 00:2e 1886353274                 /storage/home/hcoda1/4/hyu483/.local/lib/python3.11/site-packages/numba/core/typeconv/_typeconv.cpython-311-x86_64-linux-gnu.so
155470006000-155470007000 rw-p 00005000 00:2e 1886353274                 /storage/home/hcoda1/4/hyu483/.local/lib/python3.11/site-packages/numba/core/typeconv/_typeconv.cpython-311-x86_64-linux-gnu.so
155470007000-155470009000 r--p 00000000 00:2e 1886351246                 /storage/home/hcoda1/4/hyu483/.local/lib/python3.11/site-packages/f90wrap/arraydata.cpython-311-x86_64-linux-gnu.so
155470009000-15547000d000 r-xp 00002000 00:2e 1886351246                 /storage/home/hcoda1/4/hyu483/.local/lib/python3.11/site-packages/f90wrap/arraydata.cpython-311-x86_64-linux-gnu.so
15547000d000-15547000f000 r--p 00006000 00:2e 1886351246                 /storage/home/hcoda1/4/hyu483/.local/lib/python3.11/site-packages/f90wrap/arraydata.cpython-311-x86_64-linux-gnu.so
15547000f000-155470010000 r--p 00007000 00:2e 1886351246                 /storage/home/hcoda1/4/hyu483/.local/lib/python3.11/site-packages/f90wrap/arraydata.cpython-311-x86_64-linux-gnu.so
155470010000-155470011000 rw-p 00008000 00:2e 1886351246                 /storage/home/hcoda1/4/hyu483/.local/lib/python3.11/site-packages/f90wrap/arraydata.cpython-311-x86_64-linux-gnu.so
155470011000-155470016000 r--p 00000000 00:2e 2005418679                 /storage/home/hcoda1/4/hyu483/conda_envs/qgis332/lib/python3.11/site-packages/pandas/_libs/hashing.cpython-311-x86_64-linux-gnu.so
155470016000-155470034000 r-xp 00005000 00:2e 2005418679                 /storage/home/hcoda1/4/hyu483/conda_envs/qgis332/lib/python3.11/site-packages/pandas/_libs/hashing.cpython-311-x86_64-linux-gnu.so
155470034000-15547003b000 r--p 00023000 00:2e 2005418679                 /storage/home/hcoda1/4/hyu483/conda_envs/qgis332/lib/python3.11/site-packages/pandas/_libs/hashing.cpython-311-x86_64-linux-gnu.so
15547003b000-15547003c000 r--p 0002a000 00:2e 2005418679                 /storage/home/hcoda1/4/hyu483/conda_envs/qgis332/lib/python3.11/site-packages/pandas/_libs/hashing.cpython-311-x86_64-linux-gnu.so
15547003c000-15547003e000 rw-p 0002b000 00:2e 2005418679                 /storage/home/hcoda1/4/hyu483/conda_envs/qgis332/lib/python3.11/site-packages/pandas/_libs/hashing.cpython-311-x86_64-linux-gnu.so
15547003e000-155470043000 ---p 00000000 00:00 0 
155470043000-15547023f000 rw-p 00000000 00:00 0 
15547023f000-155470244000 ---p 00000000 00:00 0 
155470244000-155470440000 rw-p 00000000 00:00 0 
155470440000-155470445000 ---p 00000000 00:00 0 
155470445000-155470641000 rw-p 00000000 00:00 0 
155470641000-155470642000 ---p 00000000 00:00 0 
155470642000-155470842000 rw-p 00000000 00:00 0 
155470842000-155470847000 ---p 00000000 00:00 0 
155470847000-155470a43000 rw-p 00000000 00:00 0 
155470a43000-155470a47000 r--p 00000000 00:2e 1886350353                 /storage/home/hcoda1/4/hyu483/.local/lib/python3.11/site-packages/numexpr/interpreter.cpython-311-x86_64-linux-gnu.so
155470a47000-155470a6e000 r-xp 00004000 00:2e 1886350353                 /storage/home/hcoda1/4/hyu483/.local/lib/python3.11/site-packages/numexpr/interpreter.cpython-311-x86_64-linux-gnu.so
155470a6e000-155470a71000 r--p 0002b000 00:2e 1886350353                 /storage/home/hcoda1/4/hyu483/.local/lib/python3.11/site-packages/numexpr/interpreter.cpython-311-x86_64-linux-gnu.so
155470a71000-155470a72000 r--p 0002e000 00:2e 1886350353                 /storage/home/hcoda1/4/hyu483/.local/lib/python3.11/site-packages/numexpr/interpreter.cpython-311-x86_64-linux-gnu.so
155470a72000-155470a73000 rw-p 0002f000 00:2e 1886350353                 /storage/home/hcoda1/4/hyu483/.local/lib/python3.11/site-packages/numexpr/interpreter.cpython-311-x86_64-linux-gnu.so
155470a73000-155470a79000 r--p 00000000 00:2e 2005531780                 /storage/home/hcoda1/4/hyu483/conda_envs/qgis332/lib/python3.11/site-packages/pandas/_libs/ops.cpython-311-x86_64-linux-gnu.so
155470a79000-155470aa1000 r-xp 00006000 00:2e 2005531780                 /storage/home/hcoda1/4/hyu483/conda_envs/qgis332/lib/python3.11/site-packages/pandas/_libs/ops.cpython-311-x86_64-linux-gnu.so
155470aa1000-155470aa9000 r--p 0002e000 00:2e 2005531780                 /storage/home/hcoda1/4/hyu483/conda_envs/qgis332/lib/python3.11/site-packages/pandas/_libs/ops.cpython-311-x86_64-linux-gnu.so
155470aa9000-155470aaa000 r--p 00035000 00:2e 2005531780                 /storage/home/hcoda1/4/hyu483/conda_envs/qgis332/lib/python3.11/site-packages/pandas/_libs/ops.cpython-311-x86_64-linux-gnu.so
155470aaa000-155470aac000 rw-p 00036000 00:2e 2005531780                 /storage/home/hcoda1/4/hyu483/conda_envs/qgis332/lib/python3.11/site-packages/pandas/_libs/ops.cpython-311-x86_64-linux-gnu.so
155470aac000-155470bad000 rw-p 00000000 00:00 0 
155470bad000-155470bb6000 r--p 00000000 00:2e 2005420455                 /storage/home/hcoda1/4/hyu483/conda_envs/qgis332/lib/python3.11/site-packages/pandas/_libs/lib.cpython-311-x86_64-linux-gnu.so
155470bb6000-155470c51000 r-xp 00009000 00:2e 2005420455                 /storage/home/hcoda1/4/hyu483/conda_envs/qgis332/lib/python3.11/site-packages/pandas/_libs/lib.cpython-311-x86_64-linux-gnu.so
155470c51000-155470c68000 r--p 000a4000 00:2e 2005420455                 /storage/home/hcoda1/4/hyu483/conda_envs/qgis332/lib/python3.11/site-packages/pandas/_libs/lib.cpython-311-x86_64-linux-gnu.so
155470c68000-155470c69000 r--p 000bb000 00:2e 2005420455                 /storage/home/hcoda1/4/hyu483/conda_envs/qgis332/lib/python3.11/site-packages/pandas/_libs/lib.cpython-311-x86_64-linux-gnu.so
155470c69000-155470c6f000 rw-p 000bc000 00:2e 2005420455                 /storage/home/hcoda1/4/hyu483/conda_envs/qgis332/lib/python3.11/site-packages/pandas/_libs/lib.cpython-311-x86_64-linux-gnu.so
155470c6f000-155470c71000 rw-p 00000000 00:00 0 
155470c71000-155470c7a000 r--p 00000000 00:2e 2094260140                 /storage/home/hcoda1/4/hyu483/conda_envs/qgis332/lib/python3.11/site-packages/pandas/_libs/algos.cpython-311-x86_64-linux-gnu.so
155470c7a000-155470e35000 r-xp 00009000 00:2e 2094260140                 /storage/home/hcoda1/4/hyu483/conda_envs/qgis332/lib/python3.11/site-packages/pandas/_libs/algos.cpython-311-x86_64-linux-gnu.so
155470e35000-155470e50000 r--p 001c4000 00:2e 2094260140                 /storage/home/hcoda1/4/hyu483/conda_envs/qgis332/lib/python3.11/site-packages/pandas/_libs/algos.cpython-311-x86_64-linux-gnu.so
155470e50000-155470e51000 r--p 001df000 00:2e 2094260140                 /storage/home/hcoda1/4/hyu483/conda_envs/qgis332/lib/python3.11/site-packages/pandas/_libs/algos.cpython-311-x86_64-linux-gnu.so
155470e51000-155470e55000 rw-p 001e0000 00:2e 2094260140                 /storage/home/hcoda1/4/hyu483/conda_envs/qgis332/lib/python3.11/site-packages/pandas/_libs/algos.cpython-311-x86_64-linux-gnu.so
155470e55000-155470e59000 rw-p 00000000 00:00 0 
155470e59000-155470e5c000 r--p 00000000 00:2e 2005412605                 /storage/home/hcoda1/4/hyu483/conda_envs/qgis332/lib/python3.11/site-packages/pandas/_libs/ops_dispatch.cpython-311-x86_64-linux-gnu.so
155470e5c000-155470e64000 r-xp 00003000 00:2e 2005412605                 /storage/home/hcoda1/4/hyu483/conda_envs/qgis332/lib/python3.11/site-packages/pandas/_libs/ops_dispatch.cpython-311-x86_64-linux-gnu.so
155470e64000-155470e66000 r--p 0000b000 00:2e 2005412605                 /storage/home/hcoda1/4/hyu483/conda_envs/qgis332/lib/python3.11/site-packages/pandas/_libs/ops_dispatch.cpython-311-x86_64-linux-gnu.so
155470e66000-155470e67000 r--p 0000d000 00:2e 2005412605                 /storage/home/hcoda1/4/hyu483/conda_envs/qgis332/lib/python3.11/site-packages/pandas/_libs/ops_dispatch.cpython-311-x86_64-linux-gnu.so
155470e67000-155470e68000 rw-p 0000e000 00:2e 2005412605                 /storage/home/hcoda1/4/hyu483/conda_envs/qgis332/lib/python3.11/site-packages/pandas/_libs/ops_dispatch.cpython-311-x86_64-linux-gnu.so
155470e68000-155470e6d000 r--p 00000000 00:2e 2005422337                 /storage/home/hcoda1/4/hyu483/conda_envs/qgis332/lib/python3.11/site-packages/pandas/_libs/tslibs/vectorized.cpython-311-x86_64-linux-gnu.so
155470e6d000-155470e91000 r-xp 00005000 00:2e 2005422337                 /storage/home/hcoda1/4/hyu483/conda_envs/qgis332/lib/python3.11/site-packages/pandas/_libs/tslibs/vectorized.cpython-311-x86_64-linux-gnu.so
155470e91000-155470e99000 r--p 00029000 00:2e 2005422337                 /storage/home/hcoda1/4/hyu483/conda_envs/qgis332/lib/python3.11/site-packages/pandas/_libs/tslibs/vectorized.cpython-311-x86_64-linux-gnu.so
155470e99000-155470e9a000 r--p 00031000 00:2e 2005422337                 /storage/home/hcoda1/4/hyu483/conda_envs/qgis332/lib/python3.11/site-packages/pandas/_libs/tslibs/vectorized.cpython-311-x86_64-linux-gnu.so
155470e9a000-155470e9c000 rw-p 00032000 00:2e 2005422337                 /storage/home/hcoda1/4/hyu483/conda_envs/qgis332/lib/python3.11/site-packages/pandas/_libs/tslibs/vectorized.cpython-311-x86_64-linux-gnu.so
155470e9c000-155470ea3000 r--p 00000000 00:2e 2005421285                 /storage/home/hcoda1/4/hyu483/conda_envs/qgis332/lib/python3.11/site-packages/pandas/_libs/tslibs/period.cpython-311-x86_64-linux-gnu.so
155470ea3000-155470ef4000 r-xp 00007000 00:2e 2005421285                 /storage/home/hcoda1/4/hyu483/conda_envs/qgis332/lib/python3.11/site-packages/pandas/_libs/tslibs/period.cpython-311-x86_64-linux-gnu.so
155470ef4000-155470f0c000 r--p 00058000 00:2e 2005421285                 /storage/home/hcoda1/4/hyu483/conda_envs/qgis332/lib/python3.11/site-packages/pandas/_libs/tslibs/period.cpython-311-x86_64-linux-gnu.so
155470f0c000-155470f0d000 r--p 00070000 00:2e 2005421285                 /storage/home/hcoda1/4/hyu483/conda_envs/qgis332/lib/python3.11/site-packages/pandas/_libs/tslibs/period.cpython-311-x86_64-linux-gnu.so
155470f0d000-155470f10000 rw-p 00071000 00:2e 2005421285                 /storage/home/hcoda1/4/hyu483/conda_envs/qgis332/lib/python3.11/site-packages/pandas/_libs/tslibs/period.cpython-311-x86_64-linux-gnu.so
155470f10000-155471011000 rw-p 00000000 00:00 0 
155471011000-155471017000 r--p 00000000 00:2e 2005418514                 /storage/home/hcoda1/4/hyu483/conda_envs/qgis332/lib/python3.11/site-packages/pandas/_libs/tslibs/strptime.cpython-311-x86_64-linux-gnu.so
155471017000-15547105b000 r-xp 00006000 00:2e 2005418514                 /storage/home/hcoda1/4/hyu483/conda_envs/qgis332/lib/python3.11/site-packages/pandas/_libs/tslibs/strptime.cpython-311-x86_64-linux-gnu.so
15547105b000-155471065000 r--p 0004a000 00:2e 2005418514                 /storage/home/hcoda1/4/hyu483/conda_envs/qgis332/lib/python3.11/site-packages/pandas/_libs/tslibs/strptime.cpython-311-x86_64-linux-gnu.so
155471065000-155471066000 r--p 00054000 00:2e 2005418514                 /storage/home/hcoda1/4/hyu483/conda_envs/qgis332/lib/python3.11/site-packages/pandas/_libs/tslibs/strptime.cpython-311-x86_64-linux-gnu.so
155471066000-155471068000 rw-p 00055000 00:2e 2005418514                 /storage/home/hcoda1/4/hyu483/conda_envs/qgis332/lib/python3.11/site-packages/pandas/_libs/tslibs/strptime.cpython-311-x86_64-linux-gnu.so
155471068000-155471069000 rw-p 00000000 00:00 0 
155471069000-155471070000 r--p 00000000 00:2e 2005411455                 /storage/home/hcoda1/4/hyu483/conda_envs/qgis332/lib/python3.11/site-packages/pandas/_libs/tslibs/parsing.cpython-311-x86_64-linux-gnu.so
155471070000-1554710b8000 r-xp 00007000 00:2e 2005411455                 /storage/home/hcoda1/4/hyu483/conda_envs/qgis332/lib/python3.11/site-packages/pandas/_libs/tslibs/parsing.cpython-311-x86_64-linux-gnu.so
1554710b8000-1554710c4000 r--p 0004f000 00:2e 2005411455                 /storage/home/hcoda1/4/hyu483/conda_envs/qgis332/lib/python3.11/site-packages/pandas/_libs/tslibs/parsing.cpython-311-x86_64-linux-gnu.so
1554710c4000-1554710c5000 r--p 0005b000 00:2e 2005411455                 /storage/home/hcoda1/4/hyu483/conda_envs/qgis332/lib/python3.11/site-packages/pandas/_libs/tslibs/parsing.cpython-311-x86_64-linux-gnu.so
1554710c5000-1554710c7000 rw-p 0005c000 00:2e 2005411455                 /storage/home/hcoda1/4/hyu483/conda_envs/qgis332/lib/python3.11/site-packages/pandas/_libs/tslibs/parsing.cpython-311-x86_64-linux-gnu.so
1554710c7000-1554710c9000 rw-p 00000000 00:00 0 
1554710c9000-1554710cd000 r--p 00000000 00:2e 2005532411                 /storage/home/hcoda1/4/hyu483/conda_envs/qgis332/lib/python3.11/site-packages/pandas/_libs/properties.cpython-311-x86_64-linux-gnu.so
1554710cd000-1554710d8000 r-xp 00004000 00:2e 2005532411                 /storage/home/hcoda1/4/hyu483/conda_envs/qgis332/lib/python3.11/site-packages/pandas/_libs/properties.cpython-311-x86_64-linux-gnu.so
1554710d8000-1554710db000 r--p 0000f000 00:2e 2005532411                 /storage/home/hcoda1/4/hyu483/conda_envs/qgis332/lib/python3.11/site-packages/pandas/_libs/properties.cpython-311-x86_64-linux-gnu.so
1554710db000-1554710dc000 r--p 00012000 00:2e 2005532411                 /storage/home/hcoda1/4/hyu483/conda_envs/qgis332/lib/python3.11/site-packages/pandas/_libs/properties.cpython-311-x86_64-linux-gnu.so
1554710dc000-1554710dd000 rw-p 00013000 00:2e 2005532411                 /storage/home/hcoda1/4/hyu483/conda_envs/qgis332/lib/python3.11/site-packages/pandas/_libs/properties.cpython-311-x86_64-linux-gnu.so
1554710dd000-1554710e3000 r--p 00000000 00:2e 2005413418                 /storage/home/hcoda1/4/hyu483/conda_envs/qgis332/lib/python3.11/site-packages/pandas/_libs/tslibs/tzconversion.cpython-311-x86_64-linux-gnu.so
1554710e3000-155471119000 r-xp 00006000 00:2e 2005413418                 /storage/home/hcoda1/4/hyu483/conda_envs/qgis332/lib/python3.11/site-packages/pandas/_libs/tslibs/tzconversion.cpython-311-x86_64-linux-gnu.so
155471119000-155471122000 r--p 0003c000 00:2e 2005413418                 /storage/home/hcoda1/4/hyu483/conda_envs/qgis332/lib/python3.11/site-packages/pandas/_libs/tslibs/tzconversion.cpython-311-x86_64-linux-gnu.so
155471122000-155471123000 r--p 00045000 00:2e 2005413418                 /storage/home/hcoda1/4/hyu483/conda_envs/qgis332/lib/python3.11/site-packages/pandas/_libs/tslibs/tzconversion.cpython-311-x86_64-linux-gnu.so
155471123000-155471125000 rw-p 00046000 00:2e 2005413418                 /storage/home/hcoda1/4/hyu483/conda_envs/qgis332/lib/python3.11/site-packages/pandas/_libs/tslibs/tzconversion.cpython-311-x86_64-linux-gnu.so
155471125000-155471126000 rw-p 00000000 00:00 0 
155471126000-15547112c000 r--p 00000000 00:2e 2005410152                 /storage/home/hcoda1/4/hyu483/conda_envs/qgis332/lib/python3.11/site-packages/pandas/_libs/tslibs/fields.cpython-311-x86_64-linux-gnu.so
15547112c000-155471163000 r-xp 00006000 00:2e 2005410152                 /storage/home/hcoda1/4/hyu483/conda_envs/qgis332/lib/python3.11/site-packages/pandas/_libs/tslibs/fields.cpython-311-x86_64-linux-gnu.so
155471163000-15547116d000 r--p 0003d000 00:2e 2005410152                 /storage/home/hcoda1/4/hyu483/conda_envs/qgis332/lib/python3.11/site-packages/pandas/_libs/tslibs/fields.cpython-311-x86_64-linux-gnu.so
15547116d000-15547116e000 r--p 00046000 00:2e 2005410152                 /storage/home/hcoda1/4/hyu483/conda_envs/qgis332/lib/python3.11/site-packages/pandas/_libs/tslibs/fields.cpython-311-x86_64-linux-gnu.so
15547116e000-155471170000 rw-p 00047000 00:2e 2005410152                 /storage/home/hcoda1/4/hyu483/conda_envs/qgis332/lib/python3.11/site-packages/pandas/_libs/tslibs/fields.cpython-311-x86_64-linux-gnu.so
155471170000-155471171000 rw-p 00000000 00:00 0 
155471171000-155471173000 r--p 00000000 00:2e 1883947889                 /storage/home/hcoda1/4/hyu483/conda_envs/qgis332/lib/python3.11/lib-dynload/_zoneinfo.cpython-311-x86_64-linux-gnu.so
155471173000-155471178000 r-xp 00002000 00:2e 1883947889                 /storage/home/hcoda1/4/hyu483/conda_envs/qgis332/lib/python3.11/lib-dynload/_zoneinfo.cpython-311-x86_64-linux-gnu.so
155471178000-155471179000 r--p 00007000 00:2e 1883947889                 /storage/home/hcoda1/4/hyu483/conda_envs/qgis332/lib/python3.11/lib-dynload/_zoneinfo.cpython-311-x86_64-linux-gnu.so
155471179000-15547117a000 r--p 00008000 00:2e 1883947889                 /storage/home/hcoda1/4/hyu483/conda_envs/qgis332/lib/python3.11/lib-dynload/_zoneinfo.cpython-311-x86_64-linux-gnu.so
15547117a000-15547117b000 rw-p 00009000 00:2e 1883947889                 /storage/home/hcoda1/4/hyu483/conda_envs/qgis332/lib/python3.11/lib-dynload/_zoneinfo.cpython-311-x86_64-linux-gnu.so
15547117b000-155471181000 r--p 00000000 00:2e 2094164605                 /storage/home/hcoda1/4/hyu483/conda_envs/qgis332/lib/python3.11/site-packages/pandas/_libs/tslibs/timezones.cpython-311-x86_64-linux-gnu.so
155471181000-1554711ae000 r-xp 00006000 00:2e 2094164605                 /storage/home/hcoda1/4/hyu483/conda_envs/qgis332/lib/python3.11/site-packages/pandas/_libs/tslibs/timezones.cpython-311-x86_64-linux-gnu.so
1554711ae000-1554711b7000 r--p 00033000 00:2e 2094164605                 /storage/home/hcoda1/4/hyu483/conda_envs/qgis332/lib/python3.11/site-packages/pandas/_libs/tslibs/timezones.cpython-311-x86_64-linux-gnu.so
1554711b7000-1554711b8000 r--p 0003b000 00:2e 2094164605                 /storage/home/hcoda1/4/hyu483/conda_envs/qgis332/lib/python3.11/site-packages/pandas/_libs/tslibs/timezones.cpython-311-x86_64-linux-gnu.so
1554711b8000-1554711ba000 rw-p 0003c000 00:2e 2094164605                 /storage/home/hcoda1/4/hyu483/conda_envs/qgis332/lib/python3.11/site-packages/pandas/_libs/tslibs/timezones.cpython-311-x86_64-linux-gnu.so
1554711ba000-1554711bb000 rw-p 00000000 00:00 0 
1554711bb000-1554711c3000 r--p 00000000 00:2e 2005412434                 /storage/home/hcoda1/4/hyu483/conda_envs/qgis332/lib/python3.11/site-packages/pandas/_libs/tslibs/timedeltas.cpython-311-x86_64-linux-gnu.so
1554711c3000-15547122e000 r-xp 00008000 00:2e 2005412434                 /storage/home/hcoda1/4/hyu483/conda_envs/qgis332/lib/python3.11/site-packages/pandas/_libs/tslibs/timedeltas.cpython-311-x86_64-linux-gnu.so
15547122e000-155471242000 r--p 00073000 00:2e 2005412434                 /storage/home/hcoda1/4/hyu483/conda_envs/qgis332/lib/python3.11/site-packages/pandas/_libs/tslibs/timedeltas.cpython-311-x86_64-linux-gnu.so
155471242000-155471243000 r--p 00087000 00:2e 2005412434                 /storage/home/hcoda1/4/hyu483/conda_envs/qgis332/lib/python3.11/site-packages/pandas/_libs/tslibs/timedeltas.cpython-311-x86_64-linux-gnu.so
155471243000-155471246000 rw-p 00088000 00:2e 2005412434                 /storage/home/hcoda1/4/hyu483/conda_envs/qgis332/lib/python3.11/site-packages/pandas/_libs/tslibs/timedeltas.cpython-311-x86_64-linux-gnu.so
155471246000-155471248000 rw-p 00000000 00:00 0 
155471248000-15547124d000 r--p 00000000 00:2e 2005404136                 /storage/home/hcoda1/4/hyu483/conda_envs/qgis332/lib/python3.11/site-packages/pandas/_libs/tslibs/nattype.cpython-311-x86_64-linux-gnu.so
15547124d000-15547126f000 r-xp 00005000 00:2e 2005404136                 /storage/home/hcoda1/4/hyu483/conda_envs/qgis332/lib/python3.11/site-packages/pandas/_libs/tslibs/nattype.cpython-311-x86_64-linux-gnu.so
15547126f000-15547127c000 r--p 00027000 00:2e 2005404136                 /storage/home/hcoda1/4/hyu483/conda_envs/qgis332/lib/python3.11/site-packages/pandas/_libs/tslibs/nattype.cpython-311-x86_64-linux-gnu.so
15547127c000-15547127d000 r--p 00034000 00:2e 2005404136                 /storage/home/hcoda1/4/hyu483/conda_envs/qgis332/lib/python3.11/site-packages/pandas/_libs/tslibs/nattype.cpython-311-x86_64-linux-gnu.so
15547127d000-15547127f000 rw-p 00035000 00:2e 2005404136                 /storage/home/hcoda1/4/hyu483/conda_envs/qgis332/lib/python3.11/site-packages/pandas/_libs/tslibs/nattype.cpython-311-x86_64-linux-gnu.so
15547127f000-155471280000 rw-p 00000000 00:00 0 
155471280000-155471288000 r--p 00000000 00:2e 2005422025                 /storage/home/hcoda1/4/hyu483/conda_envs/qgis332/lib/python3.11/site-packages/pandas/_libs/tslibs/timestamps.cpython-311-x86_64-linux-gnu.so
155471288000-1554712ec000 r-xp 00008000 00:2e 2005422025                 /storage/home/hcoda1/4/hyu483/conda_envs/qgis332/lib/python3.11/site-packages/pandas/_libs/tslibs/timestamps.cpython-311-x86_64-linux-gnu.so
1554712ec000-15547130d000 r--p 0006c000 00:2e 2005422025                 /storage/home/hcoda1/4/hyu483/conda_envs/qgis332/lib/python3.11/site-packages/pandas/_libs/tslibs/timestamps.cpython-311-x86_64-linux-gnu.so
15547130d000-15547130e000 r--p 0008c000 00:2e 2005422025                 /storage/home/hcoda1/4/hyu483/conda_envs/qgis332/lib/python3.11/site-packages/pandas/_libs/tslibs/timestamps.cpython-311-x86_64-linux-gnu.so
15547130e000-155471311000 rw-p 0008d000 00:2e 2005422025                 /storage/home/hcoda1/4/hyu483/conda_envs/qgis332/lib/python3.11/site-packages/pandas/_libs/tslibs/timestamps.cpython-311-x86_64-linux-gnu.so
155471311000-155471313000 rw-p 00000000 00:00 0 
155471313000-15547131f000 r--p 00000000 00:2e 2005416137                 /storage/home/hcoda1/4/hyu483/conda_envs/qgis332/lib/python3.11/site-packages/pandas/_libs/tslibs/offsets.cpython-311-x86_64-linux-gnu.so
15547131f000-1554713e2000 r-xp 0000c000 00:2e 2005416137                 /storage/home/hcoda1/4/hyu483/conda_envs/qgis332/lib/python3.11/site-packages/pandas/_libs/tslibs/offsets.cpython-311-x86_64-linux-gnu.so
1554713e2000-155471407000 r--p 000cf000 00:2e 2005416137                 /storage/home/hcoda1/4/hyu483/conda_envs/qgis332/lib/python3.11/site-packages/pandas/_libs/tslibs/offsets.cpython-311-x86_64-linux-gnu.so
155471407000-155471408000 r--p 000f4000 00:2e 2005416137                 /storage/home/hcoda1/4/hyu483/conda_envs/qgis332/lib/python3.11/site-packages/pandas/_libs/tslibs/offsets.cpython-311-x86_64-linux-gnu.so
155471408000-155471412000 rw-p 000f5000 00:2e 2005416137                 /storage/home/hcoda1/4/hyu483/conda_envs/qgis332/lib/python3.11/site-packages/pandas/_libs/tslibs/offsets.cpython-311-x86_64-linux-gnu.so
155471412000-155471415000 rw-p 00000000 00:00 0 
155471415000-155471419000 r--p 00000000 00:2e 2005412613                 /storage/home/hcoda1/4/hyu483/conda_envs/qgis332/lib/python3.11/site-packages/pandas/_libs/tslibs/base.cpython-311-x86_64-linux-gnu.so
155471419000-155471420000 r-xp 00004000 00:2e 2005412613                 /storage/home/hcoda1/4/hyu483/conda_envs/qgis332/lib/python3.11/site-packages/pandas/_libs/tslibs/base.cpython-311-x86_64-linux-gnu.so
155471420000-155471422000 r--p 0000b000 00:2e 2005412613                 /storage/home/hcoda1/4/hyu483/conda_envs/qgis332/lib/python3.11/site-packages/pandas/_libs/tslibs/base.cpython-311-x86_64-linux-gnu.so
155471422000-155471423000 r--p 0000d000 00:2e 2005412613                 /storage/home/hcoda1/4/hyu483/conda_envs/qgis332/lib/python3.11/site-packages/pandas/_libs/tslibs/base.cpython-311-x86_64-linux-gnu.so
155471423000-155471424000 rw-p 0000e000 00:2e 2005412613                 /storage/home/hcoda1/4/hyu483/conda_envs/qgis332/lib/python3.11/site-packages/pandas/_libs/tslibs/base.cpython-311-x86_64-linux-gnu.so
155471424000-15547142a000 r--p 00000000 00:2e 2005419835                 /storage/home/hcoda1/4/hyu483/conda_envs/qgis332/lib/python3.11/site-packages/pandas/_libs/tslibs/conversion.cpython-311-x86_64-linux-gnu.so
15547142a000-15547145a000 r-xp 00006000 00:2e 2005419835                 /storage/home/hcoda1/4/hyu483/conda_envs/qgis332/lib/python3.11/site-packages/pandas/_libs/tslibs/conversion.cpython-311-x86_64-linux-gnu.so
15547145a000-155471463000 r--p 00036000 00:2e 2005419835                 /storage/home/hcoda1/4/hyu483/conda_envs/qgis332/lib/python3.11/site-packages/pandas/_libs/tslibs/conversion.cpython-311-x86_64-linux-gnu.so
155471463000-155471464000 r--p 0003f000 00:2e 2005419835                 /storage/home/hcoda1/4/hyu483/conda_envs/qgis332/lib/python3.11/site-packages/pandas/_libs/tslibs/conversion.cpython-311-x86_64-linux-gnu.so
155471464000-155471466000 rw-p 00040000 00:2e 2005419835                 /storage/home/hcoda1/4/hyu483/conda_envs/qgis332/lib/python3.11/site-packages/pandas/_libs/tslibs/conversion.cpython-311-x86_64-linux-gnu.so
155471466000-155471467000 rw-p 00000000 00:00 0 
155471467000-15547146b000 r--p 00000000 00:2e 2005420583                 /storage/home/hcoda1/4/hyu483/conda_envs/qgis332/lib/python3.11/site-packages/pandas/_libs/tslibs/np_datetime.cpython-311-x86_64-linux-gnu.so
15547146b000-155471483000 r-xp 00004000 00:2e 2005420583                 /storage/home/hcoda1/4/hyu483/conda_envs/qgis332/lib/python3.11/site-packages/pandas/_libs/tslibs/np_datetime.cpython-311-x86_64-linux-gnu.so
155471483000-155471488000 r--p 0001c000 00:2e 2005420583                 /storage/home/hcoda1/4/hyu483/conda_envs/qgis332/lib/python3.11/site-packages/pandas/_libs/tslibs/np_datetime.cpython-311-x86_64-linux-gnu.so
155471488000-155471489000 r--p 00021000 00:2e 2005420583                 /storage/home/hcoda1/4/hyu483/conda_envs/qgis332/lib/python3.11/site-packages/pandas/_libs/tslibs/np_datetime.cpython-311-x86_64-linux-gnu.so
155471489000-15547148a000 rw-p 00022000 00:2e 2005420583                 /storage/home/hcoda1/4/hyu483/conda_envs/qgis332/lib/python3.11/site-packages/pandas/_libs/tslibs/np_datetime.cpython-311-x86_64-linux-gnu.so
15547148a000-15547148e000 r--p 00000000 00:2e 2005415204                 /storage/home/hcoda1/4/hyu483/conda_envs/qgis332/lib/python3.11/site-packages/pandas/_libs/tslibs/ccalendar.cpython-311-x86_64-linux-gnu.so
15547148e000-155471498000 r-xp 00004000 00:2e 2005415204                 /storage/home/hcoda1/4/hyu483/conda_envs/qgis332/lib/python3.11/site-packages/pandas/_libs/tslibs/ccalendar.cpython-311-x86_64-linux-gnu.so
155471498000-15547149b000 r--p 0000e000 00:2e 2005415204                 /storage/home/hcoda1/4/hyu483/conda_envs/qgis332/lib/python3.11/site-packages/pandas/_libs/tslibs/ccalendar.cpython-311-x86_64-linux-gnu.so
15547149b000-15547149c000 r--p 00011000 00:2e 2005415204                 /storage/home/hcoda1/4/hyu483/conda_envs/qgis332/lib/python3.11/site-packages/pandas/_libs/tslibs/ccalendar.cpython-311-x86_64-linux-gnu.so
15547149c000-15547149d000 rw-p 00012000 00:2e 2005415204                 /storage/home/hcoda1/4/hyu483/conda_envs/qgis332/lib/python3.11/site-packages/pandas/_libs/tslibs/ccalendar.cpython-311-x86_64-linux-gnu.so
15547149d000-1554714a2000 r--p 00000000 00:2e 2005408511                 /storage/home/hcoda1/4/hyu483/conda_envs/qgis332/lib/python3.11/site-packages/pandas/_libs/tslibs/dtypes.cpython-311-x86_64-linux-gnu.so
1554714a2000-1554714c3000 r-xp 00005000 00:2e 2005408511                 /storage/home/hcoda1/4/hyu483/conda_envs/qgis332/lib/python3.11/site-packages/pandas/_libs/tslibs/dtypes.cpython-311-x86_64-linux-gnu.so
1554714c3000-1554714c9000 r--p 00026000 00:2e 2005408511                 /storage/home/hcoda1/4/hyu483/conda_envs/qgis332/lib/python3.11/site-packages/pandas/_libs/tslibs/dtypes.cpython-311-x86_64-linux-gnu.so
1554714c9000-1554714ca000 r--p 0002b000 00:2e 2005408511                 /storage/home/hcoda1/4/hyu483/conda_envs/qgis332/lib/python3.11/site-packages/pandas/_libs/tslibs/dtypes.cpython-311-x86_64-linux-gnu.so
1554714ca000-1554714cb000 rw-p 0002c000 00:2e 2005408511                 /storage/home/hcoda1/4/hyu483/conda_envs/qgis332/lib/python3.11/site-packages/pandas/_libs/tslibs/dtypes.cpython-311-x86_64-linux-gnu.so
1554714cb000-1554714cc000 rw-p 00000000 00:00 0 
1554714cc000-1554714d1000 r--p 00000000 00:2e 2005422395                 /storage/home/hcoda1/4/hyu483/conda_envs/qgis332/lib/python3.11/site-packages/pandas/_libs/missing.cpython-311-x86_64-linux-gnu.so
1554714d1000-1554714f2000 r-xp 00005000 00:2e 2005422395                 /storage/home/hcoda1/4/hyu483/conda_envs/qgis332/lib/python3.11/site-packages/pandas/_libs/missing.cpython-311-x86_64-linux-gnu.so
1554714f2000-1554714f9000 r--p 00026000 00:2e 2005422395                 /storage/home/hcoda1/4/hyu483/conda_envs/qgis332/lib/python3.11/site-packages/pandas/_libs/missing.cpython-311-x86_64-linux-gnu.so
1554714f9000-1554714fa000 r--p 0002c000 00:2e 2005422395                 /storage/home/hcoda1/4/hyu483/conda_envs/qgis332/lib/python3.11/site-packages/pandas/_libs/missing.cpython-311-x86_64-linux-gnu.so
1554714fa000-1554714fb000 rw-p 0002d000 00:2e 2005422395                 /storage/home/hcoda1/4/hyu483/conda_envs/qgis332/lib/python3.11/site-packages/pandas/_libs/missing.cpython-311-x86_64-linux-gnu.so
1554714fb000-1554714fc000 rw-p 00000000 00:00 0 
1554714fc000-15547150d000 r--p 00000000 00:2e 2005414249                 /storage/home/hcoda1/4/hyu483/conda_envs/qgis332/lib/python3.11/site-packages/pandas/_libs/hashtable.cpython-311-x86_64-linux-gnu.so
15547150d000-155471699000 r-xp 00011000 00:2e 2005414249                 /storage/home/hcoda1/4/hyu483/conda_envs/qgis332/lib/python3.11/site-packages/pandas/_libs/hashtable.cpython-311-x86_64-linux-gnu.so
155471699000-1554716d0000 r--p 0019d000 00:2e 2005414249                 /storage/home/hcoda1/4/hyu483/conda_envs/qgis332/lib/python3.11/site-packages/pandas/_libs/hashtable.cpython-311-x86_64-linux-gnu.so
1554716d0000-1554716d1000 r--p 001d3000 00:2e 2005414249                 /storage/home/hcoda1/4/hyu483/conda_envs/qgis332/lib/python3.11/site-packages/pandas/_libs/hashtable.cpython-311-x86_64-linux-gnu.so
1554716d1000-1554716df000 rw-p 001d4000 00:2e 2005414249                 /storage/home/hcoda1/4/hyu483/conda_envs/qgis332/lib/python3.11/site-packages/pandas/_libs/hashtable.cpython-311-x86_64-linux-gnu.so
1554716df000-1554717e6000 rw-p 00000000 00:00 0 
1554717e6000-1554717f1000 r--p 00000000 00:2e 2005416280                 /storage/home/hcoda1/4/hyu483/conda_envs/qgis332/lib/python3.11/site-packages/pandas/_libs/interval.cpython-311-x86_64-linux-gnu.so
1554717f1000-1554718fc000 r-xp 0000b000 00:2e 2005416280                 /storage/home/hcoda1/4/hyu483/conda_envs/qgis332/lib/python3.11/site-packages/pandas/_libs/interval.cpython-311-x86_64-linux-gnu.so
1554718fc000-15547191a000 r--p 00116000 00:2e 2005416280                 /storage/home/hcoda1/4/hyu483/conda_envs/qgis332/lib/python3.11/site-packages/pandas/_libs/interval.cpython-311-x86_64-linux-gnu.so
15547191a000-15547191b000 r--p 00133000 00:2e 2005416280                 /storage/home/hcoda1/4/hyu483/conda_envs/qgis332/lib/python3.11/site-packages/pandas/_libs/interval.cpython-311-x86_64-linux-gnu.so
15547191b000-155471922000 rw-p 00134000 00:2e 2005416280                 /storage/home/hcoda1/4/hyu483/conda_envs/qgis332/lib/python3.11/site-packages/pandas/_libs/interval.cpython-311-x86_64-linux-gnu.so
155471922000-155471924000 rw-p 00000000 00:00 0 
155471924000-155471926000 r--p 00000000 00:2e 2094142674                 /storage/home/hcoda1/4/hyu483/conda_envs/qgis332/lib/python3.11/site-packages/pandas/_libs/pandas_datetime.cpython-311-x86_64-linux-gnu.so
155471926000-15547192b000 r-xp 00002000 00:2e 2094142674                 /storage/home/hcoda1/4/hyu483/conda_envs/qgis332/lib/python3.11/site-packages/pandas/_libs/pandas_datetime.cpython-311-x86_64-linux-gnu.so
15547192b000-15547192d000 r--p 00007000 00:2e 2094142674                 /storage/home/hcoda1/4/hyu483/conda_envs/qgis332/lib/python3.11/site-packages/pandas/_libs/pandas_datetime.cpython-311-x86_64-linux-gnu.so
15547192d000-15547192e000 r--p 00008000 00:2e 2094142674                 /storage/home/hcoda1/4/hyu483/conda_envs/qgis332/lib/python3.11/site-packages/pandas/_libs/pandas_datetime.cpython-311-x86_64-linux-gnu.so
15547192e000-15547192f000 rw-p 00009000 00:2e 2094142674                 /storage/home/hcoda1/4/hyu483/conda_envs/qgis332/lib/python3.11/site-packages/pandas/_libs/pandas_datetime.cpython-311-x86_64-linux-gnu.so
15547192f000-155471931000 r--p 00000000 00:2e 2005420751                 /storage/home/hcoda1/4/hyu483/conda_envs/qgis332/lib/python3.11/site-packages/pandas/_libs/pandas_parser.cpython-311-x86_64-linux-gnu.so
155471931000-155471936000 r-xp 00002000 00:2e 2005420751                 /storage/home/hcoda1/4/hyu483/conda_envs/qgis332/lib/python3.11/site-packages/pandas/_libs/pandas_parser.cpython-311-x86_64-linux-gnu.so
155471936000-155471938000 r--p 00007000 00:2e 2005420751                 /storage/home/hcoda1/4/hyu483/conda_envs/qgis332/lib/python3.11/site-packages/pandas/_libs/pandas_parser.cpython-311-x86_64-linux-gnu.so
155471938000-155471939000 r--p 00008000 00:2e 2005420751                 /storage/home/hcoda1/4/hyu483/conda_envs/qgis332/lib/python3.11/site-packages/pandas/_libs/pandas_parser.cpython-311-x86_64-linux-gnu.so
155471939000-15547193a000 rw-p 00009000 00:2e 2005420751                 /storage/home/hcoda1/4/hyu483/conda_envs/qgis332/lib/python3.11/site-packages/pandas/_libs/pandas_parser.cpython-311-x86_64-linux-gnu.so
15547193a000-155471940000 r--p 00000000 00:2e 1896406246                 /storage/home/hcoda1/4/hyu483/conda_envs/qgis332/lib/python3.11/site-packages/scipy/ndimage/_ni_label.cpython-311-x86_64-linux-gnu.so
155471940000-155471985000 r-xp 00006000 00:2e 1896406246                 /storage/home/hcoda1/4/hyu483/conda_envs/qgis332/lib/python3.11/site-packages/scipy/ndimage/_ni_label.cpython-311-x86_64-linux-gnu.so
155471985000-15547198e000 r--p 0004b000 00:2e 1896406246                 /storage/home/hcoda1/4/hyu483/conda_envs/qgis332/lib/python3.11/site-packages/scipy/ndimage/_ni_label.cpython-311-x86_64-linux-gnu.so
15547198e000-15547198f000 r--p 00054000 00:2e 1896406246                 /storage/home/hcoda1/4/hyu483/conda_envs/qgis332/lib/python3.11/site-packages/scipy/ndimage/_ni_label.cpython-311-x86_64-linux-gnu.so
15547198f000-155471991000 rw-p 00055000 00:2e 1896406246                 /storage/home/hcoda1/4/hyu483/conda_envs/qgis332/lib/python3.11/site-packages/scipy/ndimage/_ni_label.cpython-311-x86_64-linux-gnu.so
155471991000-155471992000 rw-p 00000000 00:00 0 
155471992000-155471996000 r--p 00000000 00:2e 2005404994                 /storage/home/hcoda1/4/hyu483/conda_envs/qgis332/lib/python3.11/site-packages/scipy/special/_ellip_harm_2.cpython-311-x86_64-linux-gnu.so
155471996000-1554719a3000 r-xp 00004000 00:2e 2005404994                 /storage/home/hcoda1/4/hyu483/conda_envs/qgis332/lib/python3.11/site-packages/scipy/special/_ellip_harm_2.cpython-311-x86_64-linux-gnu.so
1554719a3000-1554719a6000 r--p 00011000 00:2e 2005404994                 /storage/home/hcoda1/4/hyu483/conda_envs/qgis332/lib/python3.11/site-packages/scipy/special/_ellip_harm_2.cpython-311-x86_64-linux-gnu.so
1554719a6000-1554719a7000 r--p 00014000 00:2e 2005404994                 /storage/home/hcoda1/4/hyu483/conda_envs/qgis332/lib/python3.11/site-packages/scipy/special/_ellip_harm_2.cpython-311-x86_64-linux-gnu.so
1554719a7000-1554719a8000 rw-p 00015000 00:2e 2005404994                 /storage/home/hcoda1/4/hyu483/conda_envs/qgis332/lib/python3.11/site-packages/scipy/special/_ellip_harm_2.cpython-311-x86_64-linux-gnu.so
1554719a8000-1554719ae000 r--p 00000000 00:2e 2005407841                 /storage/home/hcoda1/4/hyu483/conda_envs/qgis332/lib/python3.11/site-packages/scipy/sparse/csgraph/_reordering.cpython-311-x86_64-linux-gnu.so
1554719ae000-1554719db000 r-xp 00006000 00:2e 2005407841                 /storage/home/hcoda1/4/hyu483/conda_envs/qgis332/lib/python3.11/site-packages/scipy/sparse/csgraph/_reordering.cpython-311-x86_64-linux-gnu.so
1554719db000-1554719e4000 r--p 00033000 00:2e 2005407841                 /storage/home/hcoda1/4/hyu483/conda_envs/qgis332/lib/python3.11/site-packages/scipy/sparse/csgraph/_reordering.cpython-311-x86_64-linux-gnu.so
1554719e4000-1554719e5000 r--p 0003c000 00:2e 2005407841                 /storage/home/hcoda1/4/hyu483/conda_envs/qgis332/lib/python3.11/site-packages/scipy/sparse/csgraph/_reordering.cpython-311-x86_64-linux-gnu.so
1554719e5000-1554719e7000 rw-p 0003d000 00:2e 2005407841                 /storage/home/hcoda1/4/hyu483/conda_envs/qgis332/lib/python3.11/site-packages/scipy/sparse/csgraph/_reordering.cpython-311-x86_64-linux-gnu.so
1554719e7000-1554719e8000 rw-p 00000000 00:00 0 
1554719e8000-1554719ed000 r--p 00000000 00:2e 2007907105                 /storage/home/hcoda1/4/hyu483/conda_envs/qgis332/lib/python3.11/site-packages/scipy/sparse/csgraph/_matching.cpython-311-x86_64-linux-gnu.so
1554719ed000-155471a1c000 r-xp 00005000 00:2e 2007907105                 /storage/home/hcoda1/4/hyu483/conda_envs/qgis332/lib/python3.11/site-packages/scipy/sparse/csgraph/_matching.cpython-311-x86_64-linux-gnu.so
155471a1c000-155471a29000 r--p 00034000 00:2e 2007907105                 /storage/home/hcoda1/4/hyu483/conda_envs/qgis332/lib/python3.11/site-packages/scipy/sparse/csgraph/_matching.cpython-311-x86_64-linux-gnu.so
155471a29000-155471a2a000 r--p 00041000 00:2e 2007907105                 /storage/home/hcoda1/4/hyu483/conda_envs/qgis332/lib/python3.11/site-packages/scipy/sparse/csgraph/_matching.cpython-311-x86_64-linux-gnu.so
155471a2a000-155471a2c000 rw-p 00042000 00:2e 2007907105                 /storage/home/hcoda1/4/hyu483/conda_envs/qgis332/lib/python3.11/site-packages/scipy/sparse/csgraph/_matching.cpython-311-x86_64-linux-gnu.so
155471a2c000-155471a2d000 rw-p 00000000 00:00 0 
155471a2d000-155471a32000 r--p 00000000 00:2e 2005531620                 /storage/home/hcoda1/4/hyu483/conda_envs/qgis332/lib/python3.11/site-packages/scipy/sparse/csgraph/_flow.cpython-311-x86_64-linux-gnu.so
155471a32000-155471a61000 r-xp 00005000 00:2e 2005531620                 /storage/home/hcoda1/4/hyu483/conda_envs/qgis332/lib/python3.11/site-packages/scipy/sparse/csgraph/_flow.cpython-311-x86_64-linux-gnu.so
155471a61000-155471a6d000 r--p 00034000 00:2e 2005531620                 /storage/home/hcoda1/4/hyu483/conda_envs/qgis332/lib/python3.11/site-packages/scipy/sparse/csgraph/_flow.cpython-311-x86_64-linux-gnu.so
155471a6d000-155471a6e000 r--p 0003f000 00:2e 2005531620                 /storage/home/hcoda1/4/hyu483/conda_envs/qgis332/lib/python3.11/site-packages/scipy/sparse/csgraph/_flow.cpython-311-x86_64-linux-gnu.so
155471a6e000-155471a70000 rw-p 00040000 00:2e 2005531620                 /storage/home/hcoda1/4/hyu483/conda_envs/qgis332/lib/python3.11/site-packages/scipy/sparse/csgraph/_flow.cpython-311-x86_64-linux-gnu.so
155471a70000-155471b71000 rw-p 00000000 00:00 0 
155471b71000-155471b76000 r--p 00000000 00:2e 2005405635                 /storage/home/hcoda1/4/hyu483/conda_envs/qgis332/lib/python3.11/site-packages/scipy/sparse/csgraph/_min_spanning_tree.cpython-311-x86_64-linux-gnu.so
155471b76000-155471b98000 r-xp 00005000 00:2e 2005405635                 /storage/home/hcoda1/4/hyu483/conda_envs/qgis332/lib/python3.11/site-packages/scipy/sparse/csgraph/_min_spanning_tree.cpython-311-x86_64-linux-gnu.so
155471b98000-155471ba1000 r--p 00027000 00:2e 2005405635                 /storage/home/hcoda1/4/hyu483/conda_envs/qgis332/lib/python3.11/site-packages/scipy/sparse/csgraph/_min_spanning_tree.cpython-311-x86_64-linux-gnu.so
155471ba1000-155471ba2000 r--p 0002f000 00:2e 2005405635                 /storage/home/hcoda1/4/hyu483/conda_envs/qgis332/lib/python3.11/site-packages/scipy/sparse/csgraph/_min_spanning_tree.cpython-311-x86_64-linux-gnu.so
155471ba2000-155471ba4000 rw-p 00030000 00:2e 2005405635                 /storage/home/hcoda1/4/hyu483/conda_envs/qgis332/lib/python3.11/site-packages/scipy/sparse/csgraph/_min_spanning_tree.cpython-311-x86_64-linux-gnu.so
155471ba4000-155471baa000 r--p 00000000 00:2e 2094244287                 /storage/home/hcoda1/4/hyu483/conda_envs/qgis332/lib/python3.11/site-packages/scipy/sparse/csgraph/_traversal.cpython-311-x86_64-linux-gnu.so
155471baa000-155471c17000 r-xp 00006000 00:2e 2094244287                 /storage/home/hcoda1/4/hyu483/conda_envs/qgis332/lib/python3.11/site-packages/scipy/sparse/csgraph/_traversal.cpython-311-x86_64-linux-gnu.so
155471c17000-155471c27000 r--p 00073000 00:2e 2094244287                 /storage/home/hcoda1/4/hyu483/conda_envs/qgis332/lib/python3.11/site-packages/scipy/sparse/csgraph/_traversal.cpython-311-x86_64-linux-gnu.so
155471c27000-155471c28000 r--p 00083000 00:2e 2094244287                 /storage/home/hcoda1/4/hyu483/conda_envs/qgis332/lib/python3.11/site-packages/scipy/sparse/csgraph/_traversal.cpython-311-x86_64-linux-gnu.so
155471c28000-155471c2a000 rw-p 00084000 00:2e 2094244287                 /storage/home/hcoda1/4/hyu483/conda_envs/qgis332/lib/python3.11/site-packages/scipy/sparse/csgraph/_traversal.cpython-311-x86_64-linux-gnu.so
155471c2a000-155471c2b000 rw-p 00000000 00:00 0 
155471c2b000-155471c2f000 r--p 00000000 00:2e 2005528384                 /storage/home/hcoda1/4/hyu483/conda_envs/qgis332/lib/python3.11/site-packages/scipy/sparse/csgraph/_tools.cpython-311-x86_64-linux-gnu.so
155471c2f000-155471c4b000 r-xp 00004000 00:2e 2005528384                 /storage/home/hcoda1/4/hyu483/conda_envs/qgis332/lib/python3.11/site-packages/scipy/sparse/csgraph/_tools.cpython-311-x86_64-linux-gnu.so
155471c4b000-155471c55000 r--p 00020000 00:2e 2005528384                 /storage/home/hcoda1/4/hyu483/conda_envs/qgis332/lib/python3.11/site-packages/scipy/sparse/csgraph/_tools.cpython-311-x86_64-linux-gnu.so
155471c55000-155471c56000 r--p 00029000 00:2e 2005528384                 /storage/home/hcoda1/4/hyu483/conda_envs/qgis332/lib/python3.11/site-packages/scipy/sparse/csgraph/_tools.cpython-311-x86_64-linux-gnu.so
155471c56000-155471c57000 rw-p 0002a000 00:2e 2005528384                 /storage/home/hcoda1/4/hyu483/conda_envs/qgis332/lib/python3.11/site-packages/scipy/sparse/csgraph/_tools.cpython-311-x86_64-linux-gnu.so
155471c57000-155471c58000 rw-p 00000000 00:00 0 
155471c58000-155471c5e000 r--p 00000000 00:2e 2094140142                 /storage/home/hcoda1/4/hyu483/conda_envs/qgis332/lib/python3.11/site-packages/scipy/sparse/csgraph/_shortest_path.cpython-311-x86_64-linux-gnu.so
155471c5e000-155471cb3000 r-xp 00006000 00:2e 2094140142                 /storage/home/hcoda1/4/hyu483/conda_envs/qgis332/lib/python3.11/site-packages/scipy/sparse/csgraph/_shortest_path.cpython-311-x86_64-linux-gnu.so
155471cb3000-155471cc8000 r--p 0005b000 00:2e 2094140142                 /storage/home/hcoda1/4/hyu483/conda_envs/qgis332/lib/python3.11/site-packages/scipy/sparse/csgraph/_shortest_path.cpython-311-x86_64-linux-gnu.so
155471cc8000-155471cc9000 r--p 00070000 00:2e 2094140142                 /storage/home/hcoda1/4/hyu483/conda_envs/qgis332/lib/python3.11/site-packages/scipy/sparse/csgraph/_shortest_path.cpython-311-x86_64-linux-gnu.so
155471cc9000-155471ccb000 rw-p 00071000 00:2e 2094140142                 /storage/home/hcoda1/4/hyu483/conda_envs/qgis332/lib/python3.11/site-packages/scipy/sparse/csgraph/_shortest_path.cpython-311-x86_64-linux-gnu.so
155471ccb000-155471ccc000 rw-p 00000000 00:00 0 
155471ccc000-155471cd0000 r--p 00000000 00:2e 2094263788                 /storage/home/hcoda1/4/hyu483/conda_envs/qgis332/lib/python3.11/site-packages/scipy/sparse/linalg/_propack/_zpropack.cpython-311-x86_64-linux-gnu.so
155471cd0000-155471cde000 r-xp 00004000 00:2e 2094263788                 /storage/home/hcoda1/4/hyu483/conda_envs/qgis332/lib/python3.11/site-packages/scipy/sparse/linalg/_propack/_zpropack.cpython-311-x86_64-linux-gnu.so
155471cde000-155471ce3000 r--p 00012000 00:2e 2094263788                 /storage/home/hcoda1/4/hyu483/conda_envs/qgis332/lib/python3.11/site-packages/scipy/sparse/linalg/_propack/_zpropack.cpython-311-x86_64-linux-gnu.so
155471ce3000-155471ce4000 r--p 00016000 00:2e 2094263788                 /storage/home/hcoda1/4/hyu483/conda_envs/qgis332/lib/python3.11/site-packages/scipy/sparse/linalg/_propack/_zpropack.cpython-311-x86_64-linux-gnu.so
155471ce4000-155471ce9000 rw-p 00017000 00:2e 2094263788                 /storage/home/hcoda1/4/hyu483/conda_envs/qgis332/lib/python3.11/site-packages/scipy/sparse/linalg/_propack/_zpropack.cpython-311-x86_64-linux-gnu.so
155471ce9000-155471ced000 r--p 00000000 00:2e 2005403167                 /storage/home/hcoda1/4/hyu483/conda_envs/qgis332/lib/python3.11/site-packages/scipy/sparse/linalg/_propack/_cpropack.cpython-311-x86_64-linux-gnu.so
155471ced000-155471cfb000 r-xp 00004000 00:2e 2005403167                 /storage/home/hcoda1/4/hyu483/conda_envs/qgis332/lib/python3.11/site-packages/scipy/sparse/linalg/_propack/_cpropack.cpython-311-x86_64-linux-gnu.so
155471cfb000-155471d00000 r--p 00012000 00:2e 2005403167                 /storage/home/hcoda1/4/hyu483/conda_envs/qgis332/lib/python3.11/site-packages/scipy/sparse/linalg/_propack/_cpropack.cpython-311-x86_64-linux-gnu.so
155471d00000-155471d01000 r--p 00016000 00:2e 2005403167                 /storage/home/hcoda1/4/hyu483/conda_envs/qgis332/lib/python3.11/site-packages/scipy/sparse/linalg/_propack/_cpropack.cpython-311-x86_64-linux-gnu.so
155471d01000-155471d05000 rw-p 00017000 00:2e 2005403167                 /storage/home/hcoda1/4/hyu483/conda_envs/qgis332/lib/python3.11/site-packages/scipy/sparse/linalg/_propack/_cpropack.cpython-311-x86_64-linux-gnu.so
155471d05000-155471d06000 rw-p 00000000 00:00 0 
155471d06000-155471d09000 r--p 00000000 00:2e 1896406803                 /storage/home/hcoda1/4/hyu483/conda_envs/qgis332/lib/python3.11/site-packages/scipy/sparse/linalg/_propack/_dpropack.cpython-311-x86_64-linux-gnu.so
155471d09000-155471d16000 r-xp 00003000 00:2e 1896406803                 /storage/home/hcoda1/4/hyu483/conda_envs/qgis332/lib/python3.11/site-packages/scipy/sparse/linalg/_propack/_dpropack.cpython-311-x86_64-linux-gnu.so
155471d16000-155471d1b000 r--p 00010000 00:2e 1896406803                 /storage/home/hcoda1/4/hyu483/conda_envs/qgis332/lib/python3.11/site-packages/scipy/sparse/linalg/_propack/_dpropack.cpython-311-x86_64-linux-gnu.so
155471d1b000-155471d1c000 r--p 00014000 00:2e 1896406803                 /storage/home/hcoda1/4/hyu483/conda_envs/qgis332/lib/python3.11/site-packages/scipy/sparse/linalg/_propack/_dpropack.cpython-311-x86_64-linux-gnu.so
155471d1c000-155471d20000 rw-p 00015000 00:2e 1896406803                 /storage/home/hcoda1/4/hyu483/conda_envs/qgis332/lib/python3.11/site-packages/scipy/sparse/linalg/_propack/_dpropack.cpython-311-x86_64-linux-gnu.so
155471d20000-155471d23000 r--p 00000000 00:2e 2005406993                 /storage/home/hcoda1/4/hyu483/conda_envs/qgis332/lib/python3.11/site-packages/scipy/sparse/linalg/_propack/_spropack.cpython-311-x86_64-linux-gnu.so
155471d23000-155471d30000 r-xp 00003000 00:2e 2005406993                 /storage/home/hcoda1/4/hyu483/conda_envs/qgis332/lib/python3.11/site-packages/scipy/sparse/linalg/_propack/_spropack.cpython-311-x86_64-linux-gnu.so
155471d30000-155471d35000 r--p 00010000 00:2e 2005406993                 /storage/home/hcoda1/4/hyu483/conda_envs/qgis332/lib/python3.11/site-packages/scipy/sparse/linalg/_propack/_spropack.cpython-311-x86_64-linux-gnu.so
155471d35000-155471d36000 r--p 00014000 00:2e 2005406993                 /storage/home/hcoda1/4/hyu483/conda_envs/qgis332/lib/python3.11/site-packages/scipy/sparse/linalg/_propack/_spropack.cpython-311-x86_64-linux-gnu.so
155471d36000-155471d3a000 rw-p 00015000 00:2e 2005406993                 /storage/home/hcoda1/4/hyu483/conda_envs/qgis332/lib/python3.11/site-packages/scipy/sparse/linalg/_propack/_spropack.cpython-311-x86_64-linux-gnu.so
155471d3a000-155471d40000 r--p 00000000 00:2e 2094148894                 /storage/home/hcoda1/4/hyu483/conda_envs/qgis332/lib/python3.11/site-packages/scipy/sparse/linalg/_eigen/arpack/_arpack.cpython-311-x86_64-linux-gnu.so
155471d40000-155471d8a000 r-xp 00006000 00:2e 2094148894                 /storage/home/hcoda1/4/hyu483/conda_envs/qgis332/lib/python3.11/site-packages/scipy/sparse/linalg/_eigen/arpack/_arpack.cpython-311-x86_64-linux-gnu.so
155471d8a000-155471d9b000 r--p 00050000 00:2e 2094148894                 /storage/home/hcoda1/4/hyu483/conda_envs/qgis332/lib/python3.11/site-packages/scipy/sparse/linalg/_eigen/arpack/_arpack.cpython-311-x86_64-linux-gnu.so
155471d9b000-155471d9c000 r--p 00060000 00:2e 2094148894                 /storage/home/hcoda1/4/hyu483/conda_envs/qgis332/lib/python3.11/site-packages/scipy/sparse/linalg/_eigen/arpack/_arpack.cpython-311-x86_64-linux-gnu.so
155471d9c000-155471da7000 rw-p 00061000 00:2e 2094148894                 /storage/home/hcoda1/4/hyu483/conda_envs/qgis332/lib/python3.11/site-packages/scipy/sparse/linalg/_eigen/arpack/_arpack.cpython-311-x86_64-linux-gnu.so
155471da7000-155471daa000 r--p 00000000 00:2e 2005529879                 /storage/home/hcoda1/4/hyu483/conda_envs/qgis332/lib/python3.11/site-packages/scipy/sparse/linalg/_dsolve/_superlu.cpython-311-x86_64-linux-gnu.so
155471daa000-155471de6000 r-xp 00003000 00:2e 2005529879                 /storage/home/hcoda1/4/hyu483/conda_envs/qgis332/lib/python3.11/site-packages/scipy/sparse/linalg/_dsolve/_superlu.cpython-311-x86_64-linux-gnu.so
155471de6000-155471def000 r--p 0003f000 00:2e 2005529879                 /storage/home/hcoda1/4/hyu483/conda_envs/qgis332/lib/python3.11/site-packages/scipy/sparse/linalg/_dsolve/_superlu.cpython-311-x86_64-linux-gnu.so
155471def000-155471df0000 r--p 00047000 00:2e 2005529879                 /storage/home/hcoda1/4/hyu483/conda_envs/qgis332/lib/python3.11/site-packages/scipy/sparse/linalg/_dsolve/_superlu.cpython-311-x86_64-linux-gnu.so
155471df0000-155471df1000 rw-p 00048000 00:2e 2005529879                 /storage/home/hcoda1/4/hyu483/conda_envs/qgis332/lib/python3.11/site-packages/scipy/sparse/linalg/_dsolve/_superlu.cpython-311-x86_64-linux-gnu.so
155471df1000-155471df8000 r--p 00000000 00:2e 2005409426                 /storage/home/hcoda1/4/hyu483/conda_envs/qgis332/lib/python3.11/site-packages/scipy/sparse/_csparsetools.cpython-311-x86_64-linux-gnu.so
155471df8000-155471e73000 r-xp 00007000 00:2e 2005409426                 /storage/home/hcoda1/4/hyu483/conda_envs/qgis332/lib/python3.11/site-packages/scipy/sparse/_csparsetools.cpython-311-x86_64-linux-gnu.so
155471e73000-155471e80000 r--p 00082000 00:2e 2005409426                 /storage/home/hcoda1/4/hyu483/conda_envs/qgis332/lib/python3.11/site-packages/scipy/sparse/_csparsetools.cpython-311-x86_64-linux-gnu.so
155471e80000-155471e81000 r--p 0008f000 00:2e 2005409426                 /storage/home/hcoda1/4/hyu483/conda_envs/qgis332/lib/python3.11/site-packages/scipy/sparse/_csparsetools.cpython-311-x86_64-linux-gnu.so
155471e81000-155471e84000 rw-p 00090000 00:2e 2005409426                 /storage/home/hcoda1/4/hyu483/conda_envs/qgis332/lib/python3.11/site-packages/scipy/sparse/_csparsetools.cpython-311-x86_64-linux-gnu.so
155471e84000-155471f86000 rw-p 00000000 00:00 0 
155471f86000-155471f89000 r--p 00000000 00:2e 2005410463                 /storage/home/hcoda1/4/hyu483/conda_envs/qgis332/lib/python3.11/site-packages/scipy/sparse/_sparsetools.cpython-311-x86_64-linux-gnu.so
155471f89000-1554722f0000 r-xp 00003000 00:2e 2005410463                 /storage/home/hcoda1/4/hyu483/conda_envs/qgis332/lib/python3.11/site-packages/scipy/sparse/_sparsetools.cpython-311-x86_64-linux-gnu.so
1554722f0000-155472356000 r--p 0036a000 00:2e 2005410463                 /storage/home/hcoda1/4/hyu483/conda_envs/qgis332/lib/python3.11/site-packages/scipy/sparse/_sparsetools.cpython-311-x86_64-linux-gnu.so
155472356000-155472357000 r--p 003cf000 00:2e 2005410463                 /storage/home/hcoda1/4/hyu483/conda_envs/qgis332/lib/python3.11/site-packages/scipy/sparse/_sparsetools.cpython-311-x86_64-linux-gnu.so
155472357000-155472358000 rw-p 003d0000 00:2e 2005410463                 /storage/home/hcoda1/4/hyu483/conda_envs/qgis332/lib/python3.11/site-packages/scipy/sparse/_sparsetools.cpython-311-x86_64-linux-gnu.so
155472358000-155472360000 r--p 00000000 00:2e 2005531008                 /storage/home/hcoda1/4/hyu483/conda_envs/qgis332/lib/python3.11/site-packages/scipy/linalg/cython_blas.cpython-311-x86_64-linux-gnu.so
155472360000-155472385000 r-xp 00008000 00:2e 2005531008                 /storage/home/hcoda1/4/hyu483/conda_envs/qgis332/lib/python3.11/site-packages/scipy/linalg/cython_blas.cpython-311-x86_64-linux-gnu.so
155472385000-155472393000 r--p 0002d000 00:2e 2005531008                 /storage/home/hcoda1/4/hyu483/conda_envs/qgis332/lib/python3.11/site-packages/scipy/linalg/cython_blas.cpython-311-x86_64-linux-gnu.so
155472393000-155472394000 r--p 0003b000 00:2e 2005531008                 /storage/home/hcoda1/4/hyu483/conda_envs/qgis332/lib/python3.11/site-packages/scipy/linalg/cython_blas.cpython-311-x86_64-linux-gnu.so
155472394000-155472396000 rw-p 0003c000 00:2e 2005531008                 /storage/home/hcoda1/4/hyu483/conda_envs/qgis332/lib/python3.11/site-packages/scipy/linalg/cython_blas.cpython-311-x86_64-linux-gnu.so
155472396000-155472397000 rw-p 00000000 00:00 0 
155472397000-15547239b000 r--p 00000000 00:2e 2005528056                 /storage/home/hcoda1/4/hyu483/conda_envs/qgis332/lib/python3.11/site-packages/scipy/linalg/_decomp_update.cpython-311-x86_64-linux-gnu.so
15547239b000-1554723d1000 r-xp 00004000 00:2e 2005528056                 /storage/home/hcoda1/4/hyu483/conda_envs/qgis332/lib/python3.11/site-packages/scipy/linalg/_decomp_update.cpython-311-x86_64-linux-gnu.so
1554723d1000-1554723e1000 r--p 0003a000 00:2e 2005528056                 /storage/home/hcoda1/4/hyu483/conda_envs/qgis332/lib/python3.11/site-packages/scipy/linalg/_decomp_update.cpython-311-x86_64-linux-gnu.so
1554723e1000-1554723e2000 r--p 00049000 00:2e 2005528056                 /storage/home/hcoda1/4/hyu483/conda_envs/qgis332/lib/python3.11/site-packages/scipy/linalg/_decomp_update.cpython-311-x86_64-linux-gnu.so
1554723e2000-1554723e3000 rw-p 0004a000 00:2e 2005528056                 /storage/home/hcoda1/4/hyu483/conda_envs/qgis332/lib/python3.11/site-packages/scipy/linalg/_decomp_update.cpython-311-x86_64-linux-gnu.so
1554723e3000-1554723e4000 rw-p 00000000 00:00 0 
1554723e4000-1554723e7000 r--p 00000000 00:2e 2005409082                 /storage/home/hcoda1/4/hyu483/conda_envs/qgis332/lib/python3.11/site-packages/scipy/linalg/_linalg_pythran.cpython-311-x86_64-linux-gnu.so
1554723e7000-1554723f6000 r-xp 00003000 00:2e 2005409082                 /storage/home/hcoda1/4/hyu483/conda_envs/qgis332/lib/python3.11/site-packages/scipy/linalg/_linalg_pythran.cpython-311-x86_64-linux-gnu.so
1554723f6000-1554723f9000 r--p 00012000 00:2e 2005409082                 /storage/home/hcoda1/4/hyu483/conda_envs/qgis332/lib/python3.11/site-packages/scipy/linalg/_linalg_pythran.cpython-311-x86_64-linux-gnu.so
1554723f9000-1554723fa000 r--p 00014000 00:2e 2005409082                 /storage/home/hcoda1/4/hyu483/conda_envs/qgis332/lib/python3.11/site-packages/scipy/linalg/_linalg_pythran.cpython-311-x86_64-linux-gnu.so
1554723fa000-1554723fb000 rw-p 00015000 00:2e 2005409082                 /storage/home/hcoda1/4/hyu483/conda_envs/qgis332/lib/python3.11/site-packages/scipy/linalg/_linalg_pythran.cpython-311-x86_64-linux-gnu.so
1554723fb000-1554723fd000 r--p 00000000 00:2e 1896364342                 /storage/home/hcoda1/4/hyu483/conda_envs/qgis332/lib/python3.11/site-packages/scipy/linalg/_matfuncs_expm.cpython-311-x86_64-linux-gnu.so
1554723fd000-15547240b000 r-xp 00002000 00:2e 1896364342                 /storage/home/hcoda1/4/hyu483/conda_envs/qgis332/lib/python3.11/site-packages/scipy/linalg/_matfuncs_expm.cpython-311-x86_64-linux-gnu.so
15547240b000-15547240d000 r--p 00010000 00:2e 1896364342                 /storage/home/hcoda1/4/hyu483/conda_envs/qgis332/lib/python3.11/site-packages/scipy/linalg/_matfuncs_expm.cpython-311-x86_64-linux-gnu.so
15547240d000-15547240e000 r--p 00012000 00:2e 1896364342                 /storage/home/hcoda1/4/hyu483/conda_envs/qgis332/lib/python3.11/site-packages/scipy/linalg/_matfuncs_expm.cpython-311-x86_64-linux-gnu.so
15547240e000-15547240f000 rw-p 00013000 00:2e 1896364342                 /storage/home/hcoda1/4/hyu483/conda_envs/qgis332/lib/python3.11/site-packages/scipy/linalg/_matfuncs_expm.cpython-311-x86_64-linux-gnu.so
15547240f000-155472415000 r--p 00000000 00:2e 2005409165                 /storage/home/hcoda1/4/hyu483/conda_envs/qgis332/lib/python3.11/site-packages/scipy/linalg/_matfuncs_sqrtm_triu.cpython-311-x86_64-linux-gnu.so
155472415000-155472439000 r-xp 00006000 00:2e 2005409165                 /storage/home/hcoda1/4/hyu483/conda_envs/qgis332/lib/python3.11/site-packages/scipy/linalg/_matfuncs_sqrtm_triu.cpython-311-x86_64-linux-gnu.so
155472439000-155472441000 r--p 0002a000 00:2e 2005409165                 /storage/home/hcoda1/4/hyu483/conda_envs/qgis332/lib/python3.11/site-packages/scipy/linalg/_matfuncs_sqrtm_triu.cpython-311-x86_64-linux-gnu.so
155472441000-155472442000 r--p 00031000 00:2e 2005409165                 /storage/home/hcoda1/4/hyu483/conda_envs/qgis332/lib/python3.11/site-packages/scipy/linalg/_matfuncs_sqrtm_triu.cpython-311-x86_64-linux-gnu.so
155472442000-155472444000 rw-p 00032000 00:2e 2005409165                 /storage/home/hcoda1/4/hyu483/conda_envs/qgis332/lib/python3.11/site-packages/scipy/linalg/_matfuncs_sqrtm_triu.cpython-311-x86_64-linux-gnu.so
155472444000-155472445000 rw-p 00000000 00:00 0 
155472445000-15547244a000 r--p 00000000 00:2e 2094249436                 /storage/home/hcoda1/4/hyu483/conda_envs/qgis332/lib/python3.11/site-packages/scipy/linalg/_decomp_lu_cython.cpython-311-x86_64-linux-gnu.so
15547244a000-15547246d000 r-xp 00005000 00:2e 2094249436                 /storage/home/hcoda1/4/hyu483/conda_envs/qgis332/lib/python3.11/site-packages/scipy/linalg/_decomp_lu_cython.cpython-311-x86_64-linux-gnu.so
15547246d000-155472474000 r--p 00028000 00:2e 2094249436                 /storage/home/hcoda1/4/hyu483/conda_envs/qgis332/lib/python3.11/site-packages/scipy/linalg/_decomp_lu_cython.cpython-311-x86_64-linux-gnu.so
155472474000-155472475000 r--p 0002f000 00:2e 2094249436                 /storage/home/hcoda1/4/hyu483/conda_envs/qgis332/lib/python3.11/site-packages/scipy/linalg/_decomp_lu_cython.cpython-311-x86_64-linux-gnu.so
155472475000-155472477000 rw-p 00030000 00:2e 2094249436                 /storage/home/hcoda1/4/hyu483/conda_envs/qgis332/lib/python3.11/site-packages/scipy/linalg/_decomp_lu_cython.cpython-311-x86_64-linux-gnu.so
155472477000-15547247d000 r--p 00000000 00:2e 2005405164                 /storage/home/hcoda1/4/hyu483/conda_envs/qgis332/lib/python3.11/site-packages/scipy/linalg/_solve_toeplitz.cpython-311-x86_64-linux-gnu.so
15547247d000-1554724a5000 r-xp 00006000 00:2e 2005405164                 /storage/home/hcoda1/4/hyu483/conda_envs/qgis332/lib/python3.11/site-packages/scipy/linalg/_solve_toeplitz.cpython-311-x86_64-linux-gnu.so
1554724a5000-1554724ad000 r--p 0002e000 00:2e 2005405164                 /storage/home/hcoda1/4/hyu483/conda_envs/qgis332/lib/python3.11/site-packages/scipy/linalg/_solve_toeplitz.cpython-311-x86_64-linux-gnu.so
1554724ad000-1554724ae000 r--p 00035000 00:2e 2005405164                 /storage/home/hcoda1/4/hyu483/conda_envs/qgis332/lib/python3.11/site-packages/scipy/linalg/_solve_toeplitz.cpython-311-x86_64-linux-gnu.so
1554724ae000-1554724b0000 rw-p 00036000 00:2e 2005405164                 /storage/home/hcoda1/4/hyu483/conda_envs/qgis332/lib/python3.11/site-packages/scipy/linalg/_solve_toeplitz.cpython-311-x86_64-linux-gnu.so
1554724b0000-1554724b1000 rw-p 00000000 00:00 0 
1554724b1000-1554724cc000 r--p 00000000 00:2e 2005404219                 /storage/home/hcoda1/4/hyu483/conda_envs/qgis332/lib/python3.11/site-packages/scipy/linalg/cython_lapack.cpython-311-x86_64-linux-gnu.so
1554724cc000-1554724e4000 r-xp 0001b000 00:2e 2005404219                 /storage/home/hcoda1/4/hyu483/conda_envs/qgis332/lib/python3.11/site-packages/scipy/linalg/cython_lapack.cpython-311-x86_64-linux-gnu.so
1554724e4000-15547253c000 r--p 00033000 00:2e 2005404219                 /storage/home/hcoda1/4/hyu483/conda_envs/qgis332/lib/python3.11/site-packages/scipy/linalg/cython_lapack.cpython-311-x86_64-linux-gnu.so
15547253c000-155472540000 r--p 0008b000 00:2e 2005404219                 /storage/home/hcoda1/4/hyu483/conda_envs/qgis332/lib/python3.11/site-packages/scipy/linalg/cython_lapack.cpython-311-x86_64-linux-gnu.so
155472540000-155472541000 rw-p 0008f000 00:2e 2005404219                 /storage/home/hcoda1/4/hyu483/conda_envs/qgis332/lib/python3.11/site-packages/scipy/linalg/cython_lapack.cpython-311-x86_64-linux-gnu.so
155472541000-155472548000 r--p 00000000 00:2e 1885190397                 /storage/home/hcoda1/4/hyu483/conda_envs/qgis332/lib/python3.11/site-packages/scipy/linalg/_cythonized_array_utils.cpython-311-x86_64-linux-gnu.so
155472548000-1554725af000 r-xp 00007000 00:2e 1885190397                 /storage/home/hcoda1/4/hyu483/conda_envs/qgis332/lib/python3.11/site-packages/scipy/linalg/_cythonized_array_utils.cpython-311-x86_64-linux-gnu.so
1554725af000-1554725be000 r--p 0006e000 00:2e 1885190397                 /storage/home/hcoda1/4/hyu483/conda_envs/qgis332/lib/python3.11/site-packages/scipy/linalg/_cythonized_array_utils.cpython-311-x86_64-linux-gnu.so
1554725be000-1554725bf000 r--p 0007c000 00:2e 1885190397                 /storage/home/hcoda1/4/hyu483/conda_envs/qgis332/lib/python3.11/site-packages/scipy/linalg/_cythonized_array_utils.cpython-311-x86_64-linux-gnu.so
1554725bf000-1554725c2000 rw-p 0007d000 00:2e 1885190397                 /storage/home/hcoda1/4/hyu483/conda_envs/qgis332/lib/python3.11/site-packages/scipy/linalg/_cythonized_array_utils.cpython-311-x86_64-linux-gnu.so
1554725c2000-1554726c3000 rw-p 00000000 00:00 0 
1554726c3000-1554726ec000 r--p 00000000 00:2e 2005408760                 /storage/home/hcoda1/4/hyu483/conda_envs/qgis332/lib/python3.11/site-packages/scipy/linalg/_flapack.cpython-311-x86_64-linux-gnu.so
1554726ec000-1554727b4000 r-xp 00029000 00:2e 2005408760                 /storage/home/hcoda1/4/hyu483/conda_envs/qgis332/lib/python3.11/site-packages/scipy/linalg/_flapack.cpython-311-x86_64-linux-gnu.so
1554727b4000-155472828000 r--p 000f1000 00:2e 2005408760                 /storage/home/hcoda1/4/hyu483/conda_envs/qgis332/lib/python3.11/site-packages/scipy/linalg/_flapack.cpython-311-x86_64-linux-gnu.so
155472828000-155472829000 r--p 00164000 00:2e 2005408760                 /storage/home/hcoda1/4/hyu483/conda_envs/qgis332/lib/python3.11/site-packages/scipy/linalg/_flapack.cpython-311-x86_64-linux-gnu.so
155472829000-1554728b5000 rw-p 00165000 00:2e 2005408760                 /storage/home/hcoda1/4/hyu483/conda_envs/qgis332/lib/python3.11/site-packages/scipy/linalg/_flapack.cpython-311-x86_64-linux-gnu.so
1554728b5000-1554728c4000 r--p 00000000 00:2e 2005531815                 /storage/home/hcoda1/4/hyu483/conda_envs/qgis332/lib/python3.11/site-packages/scipy/linalg/_fblas.cpython-311-x86_64-linux-gnu.so
1554728c4000-1554728fe000 r-xp 0000f000 00:2e 2005531815                 /storage/home/hcoda1/4/hyu483/conda_envs/qgis332/lib/python3.11/site-packages/scipy/linalg/_fblas.cpython-311-x86_64-linux-gnu.so
1554728fe000-15547291f000 r--p 00049000 00:2e 2005531815                 /storage/home/hcoda1/4/hyu483/conda_envs/qgis332/lib/python3.11/site-packages/scipy/linalg/_fblas.cpython-311-x86_64-linux-gnu.so
15547291f000-155472920000 r--p 0006a000 00:2e 2005531815                 /storage/home/hcoda1/4/hyu483/conda_envs/qgis332/lib/python3.11/site-packages/scipy/linalg/_fblas.cpython-311-x86_64-linux-gnu.so
155472920000-155472946000 rw-p 0006b000 00:2e 2005531815                 /storage/home/hcoda1/4/hyu483/conda_envs/qgis332/lib/python3.11/site-packages/scipy/linalg/_fblas.cpython-311-x86_64-linux-gnu.so
155472946000-155472947000 r-xp 00000000 00:00 0 
155472947000-155472948000 r--p 00000000 00:00 0 
155472948000-155472949000 r-xp 00000000 00:00 0 
155472949000-15547294a000 r--p 00000000 00:00 0 
15547294a000-15547294d000 r--p 00000000 00:2e 2005528733                 /storage/home/hcoda1/4/hyu483/conda_envs/qgis332/lib/python3.11/site-packages/scipy/special/_comb.cpython-311-x86_64-linux-gnu.so
15547294d000-155472953000 r-xp 00003000 00:2e 2005528733                 /storage/home/hcoda1/4/hyu483/conda_envs/qgis332/lib/python3.11/site-packages/scipy/special/_comb.cpython-311-x86_64-linux-gnu.so
155472953000-155472955000 r--p 00009000 00:2e 2005528733                 /storage/home/hcoda1/4/hyu483/conda_envs/qgis332/lib/python3.11/site-packages/scipy/special/_comb.cpython-311-x86_64-linux-gnu.so
155472955000-155472956000 r--p 0000a000 00:2e 2005528733                 /storage/home/hcoda1/4/hyu483/conda_envs/qgis332/lib/python3.11/site-packages/scipy/special/_comb.cpython-311-x86_64-linux-gnu.so
155472956000-155472957000 rw-p 0000b000 00:2e 2005528733                 /storage/home/hcoda1/4/hyu483/conda_envs/qgis332/lib/python3.11/site-packages/scipy/special/_comb.cpython-311-x86_64-linux-gnu.so
155472957000-15547295c000 r--p 00000000 00:2e 2005405474                 /storage/home/hcoda1/4/hyu483/conda_envs/qgis332/lib/python3.11/site-packages/scipy/special/_specfun.cpython-311-x86_64-linux-gnu.so
15547295c000-155472987000 r-xp 00005000 00:2e 2005405474                 /storage/home/hcoda1/4/hyu483/conda_envs/qgis332/lib/python3.11/site-packages/scipy/special/_specfun.cpython-311-x86_64-linux-gnu.so
155472987000-15547298e000 r--p 00030000 00:2e 2005405474                 /storage/home/hcoda1/4/hyu483/conda_envs/qgis332/lib/python3.11/site-packages/scipy/special/_specfun.cpython-311-x86_64-linux-gnu.so
15547298e000-15547298f000 r--p 00036000 00:2e 2005405474                 /storage/home/hcoda1/4/hyu483/conda_envs/qgis332/lib/python3.11/site-packages/scipy/special/_specfun.cpython-311-x86_64-linux-gnu.so
15547298f000-155472990000 rw-p 00037000 00:2e 2005405474                 /storage/home/hcoda1/4/hyu483/conda_envs/qgis332/lib/python3.11/site-packages/scipy/special/_specfun.cpython-311-x86_64-linux-gnu.so
155472990000-155472991000 rw-p 00000000 00:00 0 
155472991000-155472993000 r--p 00000000 00:2e 2005401868                 /storage/home/hcoda1/4/hyu483/conda_envs/qgis332/lib/python3.11/site-packages/scipy/special/_gufuncs.cpython-311-x86_64-linux-gnu.so
155472993000-155472a0f000 r-xp 00002000 00:2e 2005401868                 /storage/home/hcoda1/4/hyu483/conda_envs/qgis332/lib/python3.11/site-packages/scipy/special/_gufuncs.cpython-311-x86_64-linux-gnu.so
155472a0f000-155472a1b000 r--p 0007e000 00:2e 2005401868                 /storage/home/hcoda1/4/hyu483/conda_envs/qgis332/lib/python3.11/site-packages/scipy/special/_gufuncs.cpython-311-x86_64-linux-gnu.so
155472a1b000-155472a1c000 r--p 00089000 00:2e 2005401868                 /storage/home/hcoda1/4/hyu483/conda_envs/qgis332/lib/python3.11/site-packages/scipy/special/_gufuncs.cpython-311-x86_64-linux-gnu.so
155472a1c000-155472a1d000 rw-p 0008a000 00:2e 2005401868                 /storage/home/hcoda1/4/hyu483/conda_envs/qgis332/lib/python3.11/site-packages/scipy/special/_gufuncs.cpython-311-x86_64-linux-gnu.so
155472a1d000-155472a21000 r--p 00000000 00:2e 2005402619                 /storage/home/hcoda1/4/hyu483/conda_envs/qgis332/lib/python3.11/site-packages/scipy/special/_special_ufuncs.cpython-311-x86_64-linux-gnu.so
155472a21000-155472b0b000 r-xp 00004000 00:2e 2005402619                 /storage/home/hcoda1/4/hyu483/conda_envs/qgis332/lib/python3.11/site-packages/scipy/special/_special_ufuncs.cpython-311-x86_64-linux-gnu.so
155472b0b000-155472b4f000 r--p 000ee000 00:2e 2005402619                 /storage/home/hcoda1/4/hyu483/conda_envs/qgis332/lib/python3.11/site-packages/scipy/special/_special_ufuncs.cpython-311-x86_64-linux-gnu.so
155472b4f000-155472b50000 r--p 00131000 00:2e 2005402619                 /storage/home/hcoda1/4/hyu483/conda_envs/qgis332/lib/python3.11/site-packages/scipy/special/_special_ufuncs.cpython-311-x86_64-linux-gnu.so
155472b50000-155472b51000 rw-p 00132000 00:2e 2005402619                 /storage/home/hcoda1/4/hyu483/conda_envs/qgis332/lib/python3.11/site-packages/scipy/special/_special_ufuncs.cpython-311-x86_64-linux-gnu.so
155472b51000-155472b57000 r--p 00000000 00:2e 2005404740                 /storage/home/hcoda1/4/hyu483/conda_envs/qgis332/lib/python3.11/site-packages/scipy/special/_ufuncs_cxx.cpython-311-x86_64-linux-gnu.so
155472b57000-155472c7e000 r-xp 00006000 00:2e 2005404740                 /storage/home/hcoda1/4/hyu483/conda_envs/qgis332/lib/python3.11/site-packages/scipy/special/_ufuncs_cxx.cpython-311-x86_64-linux-gnu.so
155472c7e000-155472caf000 r--p 0012d000 00:2e 2005404740                 /storage/home/hcoda1/4/hyu483/conda_envs/qgis332/lib/python3.11/site-packages/scipy/special/_ufuncs_cxx.cpython-311-x86_64-linux-gnu.so
155472caf000-155472cb0000 r--p 0015d000 00:2e 2005404740                 /storage/home/hcoda1/4/hyu483/conda_envs/qgis332/lib/python3.11/site-packages/scipy/special/_ufuncs_cxx.cpython-311-x86_64-linux-gnu.so
155472cb0000-155472cb1000 rw-p 0015e000 00:2e 2005404740                 /storage/home/hcoda1/4/hyu483/conda_envs/qgis332/lib/python3.11/site-packages/scipy/special/_ufuncs_cxx.cpython-311-x86_64-linux-gnu.so
155472cb1000-155472cb2000 r--p 00000000 00:2e 1896366554                 /storage/home/hcoda1/4/hyu483/conda_envs/qgis332/lib/python3.11/site-packages/scipy/special/libsf_error_state.so
155472cb2000-155472cb3000 r-xp 00001000 00:2e 1896366554                 /storage/home/hcoda1/4/hyu483/conda_envs/qgis332/lib/python3.11/site-packages/scipy/special/libsf_error_state.so
155472cb3000-155472cb4000 r--p 00002000 00:2e 1896366554                 /storage/home/hcoda1/4/hyu483/conda_envs/qgis332/lib/python3.11/site-packages/scipy/special/libsf_error_state.so
155472cb4000-155472cb5000 r--p 00002000 00:2e 1896366554                 /storage/home/hcoda1/4/hyu483/conda_envs/qgis332/lib/python3.11/site-packages/scipy/special/libsf_error_state.so
155472cb5000-155472cb6000 rw-p 00003000 00:2e 1896366554                 /storage/home/hcoda1/4/hyu483/conda_envs/qgis332/lib/python3.11/site-packages/scipy/special/libsf_error_state.so
155472cb6000-155472cbc000 r--p 00000000 00:2e 2094149515                 /storage/home/hcoda1/4/hyu483/conda_envs/qgis332/lib/python3.11/site-packages/scipy/special/_ufuncs.cpython-311-x86_64-linux-gnu.so
155472cbc000-155472d49000 r-xp 00006000 00:2e 2094149515                 /storage/home/hcoda1/4/hyu483/conda_envs/qgis332/lib/python3.11/site-packages/scipy/special/_ufuncs.cpython-311-x86_64-linux-gnu.so
155472d49000-155472d98000 r--p 00093000 00:2e 2094149515                 /storage/home/hcoda1/4/hyu483/conda_envs/qgis332/lib/python3.11/site-packages/scipy/special/_ufuncs.cpython-311-x86_64-linux-gnu.so
155472d98000-155472d99000 r--p 000e2000 00:2e 2094149515                 /storage/home/hcoda1/4/hyu483/conda_envs/qgis332/lib/python3.11/site-packages/scipy/special/_ufuncs.cpython-311-x86_64-linux-gnu.so
155472d99000-155472d9a000 rw-p 000e3000 00:2e 2094149515                 /storage/home/hcoda1/4/hyu483/conda_envs/qgis332/lib/python3.11/site-packages/scipy/special/_ufuncs.cpython-311-x86_64-linux-gnu.so
155472d9a000-155472ea1000 rw-p 00000000 00:00 0 
155472ea1000-155472ea2000 r--p 00000000 00:2e 1896364553                 /storage/home/hcoda1/4/hyu483/conda_envs/qgis332/lib/python3.11/site-packages/scipy/ndimage/_rank_filter_1d.cpython-311-x86_64-linux-gnu.so
155472ea2000-155472ea5000 r-xp 00001000 00:2e 1896364553                 /storage/home/hcoda1/4/hyu483/conda_envs/qgis332/lib/python3.11/site-packages/scipy/ndimage/_rank_filter_1d.cpython-311-x86_64-linux-gnu.so
155472ea5000-155472ea6000 r--p 00004000 00:2e 1896364553                 /storage/home/hcoda1/4/hyu483/conda_envs/qgis332/lib/python3.11/site-packages/scipy/ndimage/_rank_filter_1d.cpython-311-x86_64-linux-gnu.so
155472ea6000-155472ea7000 r--p 00004000 00:2e 1896364553                 /storage/home/hcoda1/4/hyu483/conda_envs/qgis332/lib/python3.11/site-packages/scipy/ndimage/_rank_filter_1d.cpython-311-x86_64-linux-gnu.so
155472ea7000-155472ea8000 rw-p 00005000 00:2e 1896364553                 /storage/home/hcoda1/4/hyu483/conda_envs/qgis332/lib/python3.11/site-packages/scipy/ndimage/_rank_filter_1d.cpython-311-x86_64-linux-gnu.so
155472ea8000-155472eaa000 r--p 00000000 00:2e 2005410484                 /storage/home/hcoda1/4/hyu483/conda_envs/qgis332/lib/python3.11/site-packages/scipy/ndimage/_nd_image.cpython-311-x86_64-linux-gnu.so
155472eaa000-155472ec3000 r-xp 00002000 00:2e 2005410484                 /storage/home/hcoda1/4/hyu483/conda_envs/qgis332/lib/python3.11/site-packages/scipy/ndimage/_nd_image.cpython-311-x86_64-linux-gnu.so
155472ec3000-155472ec6000 r--p 0001b000 00:2e 2005410484                 /storage/home/hcoda1/4/hyu483/conda_envs/qgis332/lib/python3.11/site-packages/scipy/ndimage/_nd_image.cpython-311-x86_64-linux-gnu.so
155472ec6000-155472ec7000 r--p 0001e000 00:2e 2005410484                 /storage/home/hcoda1/4/hyu483/conda_envs/qgis332/lib/python3.11/site-packages/scipy/ndimage/_nd_image.cpython-311-x86_64-linux-gnu.so
155472ec7000-155472ec8000 rw-p 0001f000 00:2e 2005410484                 /storage/home/hcoda1/4/hyu483/conda_envs/qgis332/lib/python3.11/site-packages/scipy/ndimage/_nd_image.cpython-311-x86_64-linux-gnu.so
155472ec8000-155472ecc000 r--p 00000000 00:2e 2005405376                 /storage/home/hcoda1/4/hyu483/conda_envs/qgis332/lib/python3.11/site-packages/scipy/_lib/_ccallback_c.cpython-311-x86_64-linux-gnu.so
155472ecc000-155472ed8000 r-xp 00004000 00:2e 2005405376                 /storage/home/hcoda1/4/hyu483/conda_envs/qgis332/lib/python3.11/site-packages/scipy/_lib/_ccallback_c.cpython-311-x86_64-linux-gnu.so
155472ed8000-155472edb000 r--p 00010000 00:2e 2005405376                 /storage/home/hcoda1/4/hyu483/conda_envs/qgis332/lib/python3.11/site-packages/scipy/_lib/_ccallback_c.cpython-311-x86_64-linux-gnu.so
155472edb000-155472edc000 r--p 00012000 00:2e 2005405376                 /storage/home/hcoda1/4/hyu483/conda_envs/qgis332/lib/python3.11/site-packages/scipy/_lib/_ccallback_c.cpython-311-x86_64-linux-gnu.so
155472edc000-155472edd000 rw-p 00013000 00:2e 2005405376                 /storage/home/hcoda1/4/hyu483/conda_envs/qgis332/lib/python3.11/site-packages/scipy/_lib/_ccallback_c.cpython-311-x86_64-linux-gnu.so
155472edd000-1554730dd000 rw-p 00000000 00:00 0 
1554730dd000-1554730ee000 r--p 00000000 00:2e 2007947907                 /storage/home/hcoda1/4/hyu483/conda_envs/qgis332/lib/python3.11/site-packages/psycopg2/_psycopg.cpython-311-x86_64-linux-gnu.so
1554730ee000-15547310b000 r-xp 00011000 00:2e 2007947907                 /storage/home/hcoda1/4/hyu483/conda_envs/qgis332/lib/python3.11/site-packages/psycopg2/_psycopg.cpython-311-x86_64-linux-gnu.so
15547310b000-155473120000 r--p 0002e000 00:2e 2007947907                 /storage/home/hcoda1/4/hyu483/conda_envs/qgis332/lib/python3.11/site-packages/psycopg2/_psycopg.cpython-311-x86_64-linux-gnu.so
155473120000-155473123000 r--p 00042000 00:2e 2007947907                 /storage/home/hcoda1/4/hyu483/conda_envs/qgis332/lib/python3.11/site-packages/psycopg2/_psycopg.cpython-311-x86_64-linux-gnu.so
155473123000-15547312a000 rw-p 00045000 00:2e 2007947907                 /storage/home/hcoda1/4/hyu483/conda_envs/qgis332/lib/python3.11/site-packages/psycopg2/_psycopg.cpython-311-x86_64-linux-gnu.so
15547312a000-15547322a000 rw-p 00000000 00:00 0 
15547322a000-15547322f000 r--p 00000000 00:2e 2007942030                 /storage/home/hcoda1/4/hyu483/conda_envs/qgis332/lib/python3.11/site-packages/osgeo/_gnm.cpython-311-x86_64-linux-gnu.so
15547322f000-15547323c000 r-xp 00005000 00:2e 2007942030                 /storage/home/hcoda1/4/hyu483/conda_envs/qgis332/lib/python3.11/site-packages/osgeo/_gnm.cpython-311-x86_64-linux-gnu.so
15547323c000-155473242000 r--p 00012000 00:2e 2007942030                 /storage/home/hcoda1/4/hyu483/conda_envs/qgis332/lib/python3.11/site-packages/osgeo/_gnm.cpython-311-x86_64-linux-gnu.so
155473242000-155473243000 r--p 00017000 00:2e 2007942030                 /storage/home/hcoda1/4/hyu483/conda_envs/qgis332/lib/python3.11/site-packages/osgeo/_gnm.cpython-311-x86_64-linux-gnu.so
155473243000-155473245000 rw-p 00018000 00:2e 2007942030                 /storage/home/hcoda1/4/hyu483/conda_envs/qgis332/lib/python3.11/site-packages/osgeo/_gnm.cpython-311-x86_64-linux-gnu.so
155473245000-15547324e000 r--p 00000000 00:2e 2007942027                 /storage/home/hcoda1/4/hyu483/conda_envs/qgis332/lib/python3.11/site-packages/osgeo/_gdal_array.cpython-311-x86_64-linux-gnu.so
15547324e000-15547325e000 r-xp 00009000 00:2e 2007942027                 /storage/home/hcoda1/4/hyu483/conda_envs/qgis332/lib/python3.11/site-packages/osgeo/_gdal_array.cpython-311-x86_64-linux-gnu.so
15547325e000-155473264000 r--p 00019000 00:2e 2007942027                 /storage/home/hcoda1/4/hyu483/conda_envs/qgis332/lib/python3.11/site-packages/osgeo/_gdal_array.cpython-311-x86_64-linux-gnu.so
155473264000-155473265000 r--p 0001f000 00:2e 2007942027                 /storage/home/hcoda1/4/hyu483/conda_envs/qgis332/lib/python3.11/site-packages/osgeo/_gdal_array.cpython-311-x86_64-linux-gnu.so
155473265000-155473267000 rw-p 00020000 00:2e 2007942027                 /storage/home/hcoda1/4/hyu483/conda_envs/qgis332/lib/python3.11/site-packages/osgeo/_gdal_array.cpython-311-x86_64-linux-gnu.so
155473267000-155473273000 r--p 00000000 00:2e 2007942052                 /storage/home/hcoda1/4/hyu483/conda_envs/qgis332/lib/python3.11/site-packages/osgeo/_osr.cpython-311-x86_64-linux-gnu.so
155473273000-1554732b2000 r-xp 0000c000 00:2e 2007942052                 /storage/home/hcoda1/4/hyu483/conda_envs/qgis332/lib/python3.11/site-packages/osgeo/_osr.cpython-311-x86_64-linux-gnu.so
1554732b2000-1554732d5000 r--p 0004b000 00:2e 2007942052                 /storage/home/hcoda1/4/hyu483/conda_envs/qgis332/lib/python3.11/site-packages/osgeo/_osr.cpython-311-x86_64-linux-gnu.so
1554732d5000-1554732d6000 r--p 0006e000 00:2e 2007942052                 /storage/home/hcoda1/4/hyu483/conda_envs/qgis332/lib/python3.11/site-packages/osgeo/_osr.cpython-311-x86_64-linux-gnu.so
1554732d6000-1554732d9000 rw-p 0006f000 00:2e 2007942052                 /storage/home/hcoda1/4/hyu483/conda_envs/qgis332/lib/python3.11/site-packages/osgeo/_osr.cpython-311-x86_64-linux-gnu.so
1554732d9000-1554732ee000 r--p 00000000 00:2e 2007942046                 /storage/home/hcoda1/4/hyu483/conda_envs/qgis332/lib/python3.11/site-packages/osgeo/_ogr.cpython-311-x86_64-linux-gnu.so
1554732ee000-15547335a000 r-xp 00015000 00:2e 2007942046                 /storage/home/hcoda1/4/hyu483/conda_envs/qgis332/lib/python3.11/site-packages/osgeo/_ogr.cpython-311-x86_64-linux-gnu.so
15547335a000-15547339b000 r--p 00081000 00:2e 2007942046                 /storage/home/hcoda1/4/hyu483/conda_envs/qgis332/lib/python3.11/site-packages/osgeo/_ogr.cpython-311-x86_64-linux-gnu.so
15547339b000-15547339d000 r--p 000c1000 00:2e 2007942046                 /storage/home/hcoda1/4/hyu483/conda_envs/qgis332/lib/python3.11/site-packages/osgeo/_ogr.cpython-311-x86_64-linux-gnu.so
15547339d000-1554733a2000 rw-p 000c3000 00:2e 2007942046                 /storage/home/hcoda1/4/hyu483/conda_envs/qgis332/lib/python3.11/site-packages/osgeo/_ogr.cpython-311-x86_64-linux-gnu.so
1554733a2000-1554734a3000 rw-p 00000000 00:00 0 
1554734a3000-1554734a5000 r--p 00000000 00:2e 2007942029                 /storage/home/hcoda1/4/hyu483/conda_envs/qgis332/lib/python3.11/site-packages/osgeo/_gdalconst.cpython-311-x86_64-linux-gnu.so
1554734a5000-1554734ab000 r-xp 00002000 00:2e 2007942029                 /storage/home/hcoda1/4/hyu483/conda_envs/qgis332/lib/python3.11/site-packages/osgeo/_gdalconst.cpython-311-x86_64-linux-gnu.so
1554734ab000-1554734ad000 r--p 00008000 00:2e 2007942029                 /storage/home/hcoda1/4/hyu483/conda_envs/qgis332/lib/python3.11/site-packages/osgeo/_gdalconst.cpython-311-x86_64-linux-gnu.so
1554734ad000-1554734ae000 r--p 00009000 00:2e 2007942029                 /storage/home/hcoda1/4/hyu483/conda_envs/qgis332/lib/python3.11/site-packages/osgeo/_gdalconst.cpython-311-x86_64-linux-gnu.so
1554734ae000-1554734af000 rw-p 0000a000 00:2e 2007942029                 /storage/home/hcoda1/4/hyu483/conda_envs/qgis332/lib/python3.11/site-packages/osgeo/_gdalconst.cpython-311-x86_64-linux-gnu.so
1554734af000-1554734d0000 r--p 00000000 00:2e 2007942026                 /storage/home/hcoda1/4/hyu483/conda_envs/qgis332/lib/python3.11/site-packages/osgeo/_gdal.cpython-311-x86_64-linux-gnu.so
1554734d0000-155473579000 r-xp 00021000 00:2e 2007942026                 /storage/home/hcoda1/4/hyu483/conda_envs/qgis332/lib/python3.11/site-packages/osgeo/_gdal.cpython-311-x86_64-linux-gnu.so
155473579000-1554735c7000 r--p 000ca000 00:2e 2007942026                 /storage/home/hcoda1/4/hyu483/conda_envs/qgis332/lib/python3.11/site-packages/osgeo/_gdal.cpython-311-x86_64-linux-gnu.so
1554735c7000-1554735c9000 r--p 00118000 00:2e 2007942026                 /storage/home/hcoda1/4/hyu483/conda_envs/qgis332/lib/python3.11/site-packages/osgeo/_gdal.cpython-311-x86_64-linux-gnu.so
1554735c9000-1554735d2000 rw-p 0011a000 00:2e 2007942026                 /storage/home/hcoda1/4/hyu483/conda_envs/qgis332/lib/python3.11/site-packages/osgeo/_gdal.cpython-311-x86_64-linux-gnu.so
1554735d2000-1554736d3000 rw-p 00000000 00:00 0 
1554736d3000-1554736d5000 r--p 00000000 00:2e 1883936952                 /storage/home/hcoda1/4/hyu483/conda_envs/qgis332/lib/libyaml-0.so.2.0.9
1554736d5000-1554736ed000 r-xp 00002000 00:2e 1883936952                 /storage/home/hcoda1/4/hyu483/conda_envs/qgis332/lib/libyaml-0.so.2.0.9
1554736ed000-1554736f1000 r--p 0001a000 00:2e 1883936952                 /storage/home/hcoda1/4/hyu483/conda_envs/qgis332/lib/libyaml-0.so.2.0.9
1554736f1000-1554736f2000 r--p 0001d000 00:2e 1883936952                 /storage/home/hcoda1/4/hyu483/conda_envs/qgis332/lib/libyaml-0.so.2.0.9
1554736f2000-1554736f3000 rw-p 0001e000 00:2e 1883936952                 /storage/home/hcoda1/4/hyu483/conda_envs/qgis332/lib/libyaml-0.so.2.0.9
1554736f3000-1554736f8000 r--p 00000000 00:2e 2094164532                 /storage/home/hcoda1/4/hyu483/conda_envs/qgis332/lib/python3.11/site-packages/yaml/_yaml.cpython-311-x86_64-linux-gnu.so
1554736f8000-155473726000 r-xp 00005000 00:2e 2094164532                 /storage/home/hcoda1/4/hyu483/conda_envs/qgis332/lib/python3.11/site-packages/yaml/_yaml.cpython-311-x86_64-linux-gnu.so
155473726000-15547372b000 r--p 00033000 00:2e 2094164532                 /storage/home/hcoda1/4/hyu483/conda_envs/qgis332/lib/python3.11/site-packages/yaml/_yaml.cpython-311-x86_64-linux-gnu.so
15547372b000-15547372c000 r--p 00038000 00:2e 2094164532                 /storage/home/hcoda1/4/hyu483/conda_envs/qgis332/lib/python3.11/site-packages/yaml/_yaml.cpython-311-x86_64-linux-gnu.so
15547372c000-15547372e000 rw-p 00039000 00:2e 2094164532                 /storage/home/hcoda1/4/hyu483/conda_envs/qgis332/lib/python3.11/site-packages/yaml/_yaml.cpython-311-x86_64-linux-gnu.so
15547372e000-15547382f000 rw-p 00000000 00:00 0 
15547382f000-155473833000 r--p 00000000 00:2e 1883947854                 /storage/home/hcoda1/4/hyu483/conda_envs/qgis332/lib/python3.11/lib-dynload/_elementtree.cpython-311-x86_64-linux-gnu.so
155473833000-15547383c000 r-xp 00004000 00:2e 1883947854                 /storage/home/hcoda1/4/hyu483/conda_envs/qgis332/lib/python3.11/lib-dynload/_elementtree.cpython-311-x86_64-linux-gnu.so
15547383c000-155473840000 r--p 0000d000 00:2e 1883947854                 /storage/home/hcoda1/4/hyu483/conda_envs/qgis332/lib/python3.11/lib-dynload/_elementtree.cpython-311-x86_64-linux-gnu.so
155473840000-155473841000 r--p 00010000 00:2e 1883947854                 /storage/home/hcoda1/4/hyu483/conda_envs/qgis332/lib/python3.11/lib-dynload/_elementtree.cpython-311-x86_64-linux-gnu.so
155473841000-155473843000 rw-p 00011000 00:2e 1883947854                 /storage/home/hcoda1/4/hyu483/conda_envs/qgis332/lib/python3.11/lib-dynload/_elementtree.cpython-311-x86_64-linux-gnu.so
155473843000-155473885000 r--p 00000000 00:2e 1889088345                 /storage/home/hcoda1/4/hyu483/conda_envs/qgis332/share/qgis/python/qgis/_analysis.so
155473885000-15547391a000 r-xp 00042000 00:2e 1889088345                 /storage/home/hcoda1/4/hyu483/conda_envs/qgis332/share/qgis/python/qgis/_analysis.so
15547391a000-155473962000 r--p 000d7000 00:2e 1889088345                 /storage/home/hcoda1/4/hyu483/conda_envs/qgis332/share/qgis/python/qgis/_analysis.so
155473962000-155473966000 r--p 0011e000 00:2e 1889088345                 /storage/home/hcoda1/4/hyu483/conda_envs/qgis332/share/qgis/python/qgis/_analysis.so
155473966000-155473975000 rw-p 00122000 00:2e 1889088345                 /storage/home/hcoda1/4/hyu483/conda_envs/qgis332/share/qgis/python/qgis/_analysis.so
155473975000-15547397f000 r--p 00000000 00:2e 2036230892                 /storage/home/hcoda1/4/hyu483/conda_envs/qgis332/plugins/bearer/libqnmbearer.so
15547397f000-155473994000 r-xp 0000a000 00:2e 2036230892                 /storage/home/hcoda1/4/hyu483/conda_envs/qgis332/plugins/bearer/libqnmbearer.so
155473994000-1554739a0000 r--p 0001f000 00:2e 2036230892                 /storage/home/hcoda1/4/hyu483/conda_envs/qgis332/plugins/bearer/libqnmbearer.so
1554739a0000-1554739a2000 r--p 0002a000 00:2e 2036230892                 /storage/home/hcoda1/4/hyu483/conda_envs/qgis332/plugins/bearer/libqnmbearer.so
1554739a2000-1554739a3000 rw-p 0002c000 00:2e 2036230892                 /storage/home/hcoda1/4/hyu483/conda_envs/qgis332/plugins/bearer/libqnmbearer.so
1554739a3000-1554739a8000 r--p 00000000 00:2e 2036230891                 /storage/home/hcoda1/4/hyu483/conda_envs/qgis332/plugins/bearer/libqgenericbearer.so
1554739a8000-1554739ac000 r-xp 00005000 00:2e 2036230891                 /storage/home/hcoda1/4/hyu483/conda_envs/qgis332/plugins/bearer/libqgenericbearer.so
1554739ac000-1554739af000 r--p 00009000 00:2e 2036230891                 /storage/home/hcoda1/4/hyu483/conda_envs/qgis332/plugins/bearer/libqgenericbearer.so
1554739af000-1554739b0000 r--p 0000b000 00:2e 2036230891                 /storage/home/hcoda1/4/hyu483/conda_envs/qgis332/plugins/bearer/libqgenericbearer.so
1554739b0000-1554739b1000 rw-p 0000c000 00:2e 2036230891                 /storage/home/hcoda1/4/hyu483/conda_envs/qgis332/plugins/bearer/libqgenericbearer.so
1554739b1000-1554739b2000 ---p 00000000 00:00 0 
1554739b2000-1554739b6000 ---p 00000000 00:00 0 
1554739b6000-155473bb2000 rw-p 00000000 00:00 0 
155473bb2000-155473bba000 r--p 00000000 00:2e 2036230888                 /storage/home/hcoda1/4/hyu483/conda_envs/qgis332/plugins/bearer/libqconnmanbearer.so
155473bba000-155473bc8000 r-xp 00008000 00:2e 2036230888                 /storage/home/hcoda1/4/hyu483/conda_envs/qgis332/plugins/bearer/libqconnmanbearer.so
155473bc8000-155473bd1000 r--p 00016000 00:2e 2036230888                 /storage/home/hcoda1/4/hyu483/conda_envs/qgis332/plugins/bearer/libqconnmanbearer.so
155473bd1000-155473bd2000 r--p 0001f000 00:2e 2036230888                 /storage/home/hcoda1/4/hyu483/conda_envs/qgis332/plugins/bearer/libqconnmanbearer.so
155473bd2000-155473bd3000 rw-p 00020000 00:2e 2036230888                 /storage/home/hcoda1/4/hyu483/conda_envs/qgis332/plugins/bearer/libqconnmanbearer.so
155473bd3000-155473bd4000 ---p 00000000 00:00 0 
155473bd4000-155473bd8000 ---p 00000000 00:00 0 
155473bd8000-155473dd4000 rw-p 00000000 00:00 0 
155473dd4000-155473dea000 r--p 00000000 00:2e 1889086924                 /storage/home/hcoda1/4/hyu483/conda_envs/qgis332/lib/libpdal_plugin_writer_tiledb.so.18.1.0
155473dea000-155473e38000 r-xp 00016000 00:2e 1889086924                 /storage/home/hcoda1/4/hyu483/conda_envs/qgis332/lib/libpdal_plugin_writer_tiledb.so.18.1.0
155473e38000-155473e4a000 r--p 00064000 00:2e 1889086924                 /storage/home/hcoda1/4/hyu483/conda_envs/qgis332/lib/libpdal_plugin_writer_tiledb.so.18.1.0
155473e4a000-155473e4d000 r--p 00075000 00:2e 1889086924                 /storage/home/hcoda1/4/hyu483/conda_envs/qgis332/lib/libpdal_plugin_writer_tiledb.so.18.1.0
155473e4d000-155473e4e000 rw-p 00078000 00:2e 1889086924                 /storage/home/hcoda1/4/hyu483/conda_envs/qgis332/lib/libpdal_plugin_writer_tiledb.so.18.1.0
155473e4e000-155473e62000 r--p 00000000 00:2e 2085794851                 /storage/home/hcoda1/4/hyu483/conda_envs/qgis332/lib/libpdal_plugin_writer_nitf.so.18.1.0
155473e62000-155473e8c000 r-xp 00014000 00:2e 2085794851                 /storage/home/hcoda1/4/hyu483/conda_envs/qgis332/lib/libpdal_plugin_writer_nitf.so.18.1.0
155473e8c000-155473e95000 r--p 0003e000 00:2e 2085794851                 /storage/home/hcoda1/4/hyu483/conda_envs/qgis332/lib/libpdal_plugin_writer_nitf.so.18.1.0
155473e95000-155473e98000 r--p 00047000 00:2e 2085794851                 /storage/home/hcoda1/4/hyu483/conda_envs/qgis332/lib/libpdal_plugin_writer_nitf.so.18.1.0
155473e98000-155473e99000 rw-p 0004a000 00:2e 2085794851                 /storage/home/hcoda1/4/hyu483/conda_envs/qgis332/lib/libpdal_plugin_writer_nitf.so.18.1.0
155473e99000-155473ec0000 r--p 00000000 00:2e 1910472411                 /storage/home/hcoda1/4/hyu483/conda_envs/qgis332/lib/libpdal_plugin_writer_e57.so.18.1.0
155473ec0000-155473f4c000 r-xp 00027000 00:2e 1910472411                 /storage/home/hcoda1/4/hyu483/conda_envs/qgis332/lib/libpdal_plugin_writer_e57.so.18.1.0
155473f4c000-155473f6c000 r--p 000b3000 00:2e 1910472411                 /storage/home/hcoda1/4/hyu483/conda_envs/qgis332/lib/libpdal_plugin_writer_e57.so.18.1.0
155473f6c000-155473f70000 r--p 000d3000 00:2e 1910472411                 /storage/home/hcoda1/4/hyu483/conda_envs/qgis332/lib/libpdal_plugin_writer_e57.so.18.1.0
155473f70000-155473f71000 rw-p 000d7000 00:2e 1910472411                 /storage/home/hcoda1/4/hyu483/conda_envs/qgis332/lib/libpdal_plugin_writer_e57.so.18.1.0
155473f71000-155473f7c000 r--p 00000000 00:2e 1910472398                 /storage/home/hcoda1/4/hyu483/conda_envs/qgis332/lib/libpdal_plugin_writer_draco.so.18.1.0
155473f7c000-155473fa3000 r-xp 0000b000 00:2e 1910472398                 /storage/home/hcoda1/4/hyu483/conda_envs/qgis332/lib/libpdal_plugin_writer_draco.so.18.1.0
155473fa3000-155473fad000 r--p 00032000 00:2e 1910472398                 /storage/home/hcoda1/4/hyu483/conda_envs/qgis332/lib/libpdal_plugin_writer_draco.so.18.1.0
155473fad000-155473faf000 r--p 0003b000 00:2e 1910472398                 /storage/home/hcoda1/4/hyu483/conda_envs/qgis332/lib/libpdal_plugin_writer_draco.so.18.1.0
155473faf000-155473fb0000 rw-p 0003d000 00:2e 1910472398                 /storage/home/hcoda1/4/hyu483/conda_envs/qgis332/lib/libpdal_plugin_writer_draco.so.18.1.0
155473fb0000-155473fbf000 r--p 00000000 00:2e 1889086932                 /storage/home/hcoda1/4/hyu483/conda_envs/qgis332/lib/libpdal_plugin_writer_arrow.so.18.1.0
155473fbf000-155473ff0000 r-xp 0000f000 00:2e 1889086932                 /storage/home/hcoda1/4/hyu483/conda_envs/qgis332/lib/libpdal_plugin_writer_arrow.so.18.1.0
155473ff0000-155473ffd000 r--p 00040000 00:2e 1889086932                 /storage/home/hcoda1/4/hyu483/conda_envs/qgis332/lib/libpdal_plugin_writer_arrow.so.18.1.0
155473ffd000-155473fff000 r--p 0004d000 00:2e 1889086932                 /storage/home/hcoda1/4/hyu483/conda_envs/qgis332/lib/libpdal_plugin_writer_arrow.so.18.1.0
155473fff000-155474000000 rw-p 0004f000 00:2e 1889086932                 /storage/home/hcoda1/4/hyu483/conda_envs/qgis332/lib/libpdal_plugin_writer_arrow.so.18.1.0
155474000000-155474021000 rw-p 00000000 00:00 0 
155474021000-155478000000 ---p 00000000 00:00 0 
155478000000-155478010000 rwxp 00000000 00:00 0 
155478010000-155478018000 r--p 00000000 00:2e 1910472466                 /storage/home/hcoda1/4/hyu483/conda_envs/qgis332/lib/libpdal_plugin_writer_pgpointcloud.so.18.1.0
155478018000-15547802b000 r-xp 00008000 00:2e 1910472466                 /storage/home/hcoda1/4/hyu483/conda_envs/qgis332/lib/libpdal_plugin_writer_pgpointcloud.so.18.1.0
15547802b000-15547802f000 r--p 0001b000 00:2e 1910472466                 /storage/home/hcoda1/4/hyu483/conda_envs/qgis332/lib/libpdal_plugin_writer_pgpointcloud.so.18.1.0
15547802f000-155478031000 r--p 0001f000 00:2e 1910472466                 /storage/home/hcoda1/4/hyu483/conda_envs/qgis332/lib/libpdal_plugin_writer_pgpointcloud.so.18.1.0
155478031000-155478032000 rw-p 00021000 00:2e 1910472466                 /storage/home/hcoda1/4/hyu483/conda_envs/qgis332/lib/libpdal_plugin_writer_pgpointcloud.so.18.1.0
155478032000-15547804e000 r--p 00000000 00:2e 1932645938                 /storage/home/hcoda1/4/hyu483/conda_envs/qgis332/lib/libkj-1.0.2.so
15547804e000-1554780ad000 r-xp 0001c000 00:2e 1932645938                 /storage/home/hcoda1/4/hyu483/conda_envs/qgis332/lib/libkj-1.0.2.so
1554780ad000-1554780ca000 r--p 0007b000 00:2e 1932645938                 /storage/home/hcoda1/4/hyu483/conda_envs/qgis332/lib/libkj-1.0.2.so
1554780ca000-1554780cd000 r--p 00098000 00:2e 1932645938                 /storage/home/hcoda1/4/hyu483/conda_envs/qgis332/lib/libkj-1.0.2.so
1554780cd000-1554780ce000 rw-p 0009b000 00:2e 1932645938                 /storage/home/hcoda1/4/hyu483/conda_envs/qgis332/lib/libkj-1.0.2.so
1554780ce000-1554780f3000 r--p 00000000 00:2e 1932645923                 /storage/home/hcoda1/4/hyu483/conda_envs/qgis332/lib/libcapnp-1.0.2.so
1554780f3000-155478157000 r-xp 00025000 00:2e 1932645923                 /storage/home/hcoda1/4/hyu483/conda_envs/qgis332/lib/libcapnp-1.0.2.so
155478157000-15547817b000 r--p 00089000 00:2e 1932645923                 /storage/home/hcoda1/4/hyu483/conda_envs/qgis332/lib/libcapnp-1.0.2.so
15547817b000-15547817f000 r--p 000ad000 00:2e 1932645923                 /storage/home/hcoda1/4/hyu483/conda_envs/qgis332/lib/libcapnp-1.0.2.so
15547817f000-155478180000 rw-p 000b1000 00:2e 1932645923                 /storage/home/hcoda1/4/hyu483/conda_envs/qgis332/lib/libcapnp-1.0.2.so
155478180000-155478184000 r--p 00000000 00:2e 1932645991                 /storage/home/hcoda1/4/hyu483/conda_envs/qgis332/lib/libfmt.so.11.0.2
155478184000-1554781a0000 r-xp 00004000 00:2e 1932645991                 /storage/home/hcoda1/4/hyu483/conda_envs/qgis332/lib/libfmt.so.11.0.2
1554781a0000-1554781a5000 r--p 00020000 00:2e 1932645991                 /storage/home/hcoda1/4/hyu483/conda_envs/qgis332/lib/libfmt.so.11.0.2
1554781a5000-1554781a6000 r--p 00024000 00:2e 1932645991                 /storage/home/hcoda1/4/hyu483/conda_envs/qgis332/lib/libfmt.so.11.0.2
1554781a6000-1554781a7000 rw-p 00025000 00:2e 1932645991                 /storage/home/hcoda1/4/hyu483/conda_envs/qgis332/lib/libfmt.so.11.0.2
1554781a7000-1554781a8000 r--p 00000000 00:2e 1932647728                 /storage/home/hcoda1/4/hyu483/conda_envs/qgis332/lib/libabsl_log_severity.so.2407.0.0
1554781a8000-1554781a9000 r-xp 00001000 00:2e 1932647728                 /storage/home/hcoda1/4/hyu483/conda_envs/qgis332/lib/libabsl_log_severity.so.2407.0.0
1554781a9000-1554781aa000 r--p 00002000 00:2e 1932647728                 /storage/home/hcoda1/4/hyu483/conda_envs/qgis332/lib/libabsl_log_severity.so.2407.0.0
1554781aa000-1554781ab000 r--p 00002000 00:2e 1932647728                 /storage/home/hcoda1/4/hyu483/conda_envs/qgis332/lib/libabsl_log_severity.so.2407.0.0
1554781ab000-1554781ac000 rw-p 00003000 00:2e 1932647728                 /storage/home/hcoda1/4/hyu483/conda_envs/qgis332/lib/libabsl_log_severity.so.2407.0.0
1554781ac000-1554781ad000 r--p 00000000 00:2e 1932647780                 /storage/home/hcoda1/4/hyu483/conda_envs/qgis332/lib/libabsl_string_view.so.2407.0.0
1554781ad000-1554781ae000 r-xp 00001000 00:2e 1932647780                 /storage/home/hcoda1/4/hyu483/conda_envs/qgis332/lib/libabsl_string_view.so.2407.0.0
1554781ae000-1554781af000 r--p 00002000 00:2e 1932647780                 /storage/home/hcoda1/4/hyu483/conda_envs/qgis332/lib/libabsl_string_view.so.2407.0.0
1554781af000-1554781b0000 r--p 00002000 00:2e 1932647780                 /storage/home/hcoda1/4/hyu483/conda_envs/qgis332/lib/libabsl_string_view.so.2407.0.0
1554781b0000-1554781b1000 rw-p 00003000 00:2e 1932647780                 /storage/home/hcoda1/4/hyu483/conda_envs/qgis332/lib/libabsl_string_view.so.2407.0.0
1554781b1000-1554781b2000 r--p 00000000 00:2e 1932647620                 /storage/home/hcoda1/4/hyu483/conda_envs/qgis332/lib/libabsl_bad_optional_access.so.2407.0.0
1554781b2000-1554781b3000 r-xp 00001000 00:2e 1932647620                 /storage/home/hcoda1/4/hyu483/conda_envs/qgis332/lib/libabsl_bad_optional_access.so.2407.0.0
1554781b3000-1554781b4000 r--p 00002000 00:2e 1932647620                 /storage/home/hcoda1/4/hyu483/conda_envs/qgis332/lib/libabsl_bad_optional_access.so.2407.0.0
1554781b4000-1554781b5000 r--p 00002000 00:2e 1932647620                 /storage/home/hcoda1/4/hyu483/conda_envs/qgis332/lib/libabsl_bad_optional_access.so.2407.0.0
1554781b5000-1554781b6000 rw-p 00003000 00:2e 1932647620                 /storage/home/hcoda1/4/hyu483/conda_envs/qgis332/lib/libabsl_bad_optional_access.so.2407.0.0
1554781b6000-1554781c0000 r--p 00000000 00:2e 1932645924                 /storage/home/hcoda1/4/hyu483/conda_envs/qgis332/lib/libcapnp-json-1.0.2.so
1554781c0000-1554781dc000 r-xp 0000a000 00:2e 1932645924                 /storage/home/hcoda1/4/hyu483/conda_envs/qgis332/lib/libcapnp-json-1.0.2.so
1554781dc000-1554781e3000 r--p 00026000 00:2e 1932645924                 /storage/home/hcoda1/4/hyu483/conda_envs/qgis332/lib/libcapnp-json-1.0.2.so
1554781e3000-1554781e5000 r--p 0002c000 00:2e 1932645924                 /storage/home/hcoda1/4/hyu483/conda_envs/qgis332/lib/libcapnp-json-1.0.2.so
1554781e5000-1554781e6000 rw-p 0002e000 00:2e 1932645924                 /storage/home/hcoda1/4/hyu483/conda_envs/qgis332/lib/libcapnp-json-1.0.2.so
1554781e6000-155478207000 r--p 00000000 00:2e 1932623848                 /storage/home/hcoda1/4/hyu483/conda_envs/qgis332/lib/libspdlog.so.1.15.1
155478207000-15547823f000 r-xp 00021000 00:2e 1932623848                 /storage/home/hcoda1/4/hyu483/conda_envs/qgis332/lib/libspdlog.so.1.15.1
15547823f000-15547824e000 r--p 00059000 00:2e 1932623848                 /storage/home/hcoda1/4/hyu483/conda_envs/qgis332/lib/libspdlog.so.1.15.1
15547824e000-155478252000 r--p 00067000 00:2e 1932623848                 /storage/home/hcoda1/4/hyu483/conda_envs/qgis332/lib/libspdlog.so.1.15.1
155478252000-155478253000 rw-p 0006b000 00:2e 1932623848                 /storage/home/hcoda1/4/hyu483/conda_envs/qgis332/lib/libspdlog.so.1.15.1
155478253000-15547831b000 r--p 00000000 00:2e 2085794946                 /storage/home/hcoda1/4/hyu483/conda_envs/qgis332/lib/libtiledb.so.2.27
15547831b000-155478f59000 r-xp 000c8000 00:2e 2085794946                 /storage/home/hcoda1/4/hyu483/conda_envs/qgis332/lib/libtiledb.so.2.27
155478f59000-1554791ed000 r--p 00d06000 00:2e 2085794946                 /storage/home/hcoda1/4/hyu483/conda_envs/qgis332/lib/libtiledb.so.2.27
1554791ed000-15547920b000 r--p 00f9a000 00:2e 2085794946                 /storage/home/hcoda1/4/hyu483/conda_envs/qgis332/lib/libtiledb.so.2.27
15547920b000-155479216000 rw-p 00fb8000 00:2e 2085794946                 /storage/home/hcoda1/4/hyu483/conda_envs/qgis332/lib/libtiledb.so.2.27
155479216000-155479218000 rw-p 00000000 00:00 0 
155479218000-15547922c000 r--p 00000000 00:2e 1889086921                 /storage/home/hcoda1/4/hyu483/conda_envs/qgis332/lib/libpdal_plugin_reader_tiledb.so.18.1.0
15547922c000-155479270000 r-xp 00014000 00:2e 1889086921                 /storage/home/hcoda1/4/hyu483/conda_envs/qgis332/lib/libpdal_plugin_reader_tiledb.so.18.1.0
155479270000-155479280000 r--p 00058000 00:2e 1889086921                 /storage/home/hcoda1/4/hyu483/conda_envs/qgis332/lib/libpdal_plugin_reader_tiledb.so.18.1.0
155479280000-155479283000 r--p 00067000 00:2e 1889086921                 /storage/home/hcoda1/4/hyu483/conda_envs/qgis332/lib/libpdal_plugin_reader_tiledb.so.18.1.0
155479283000-155479284000 rw-p 0006a000 00:2e 1889086921                 /storage/home/hcoda1/4/hyu483/conda_envs/qgis332/lib/libpdal_plugin_reader_tiledb.so.18.1.0
155479284000-15547928b000 r--p 00000000 00:2e 1910472458                 /storage/home/hcoda1/4/hyu483/conda_envs/qgis332/lib/libpdal_plugin_reader_pgpointcloud.so.18.1.0
15547928b000-15547929c000 r-xp 00007000 00:2e 1910472458                 /storage/home/hcoda1/4/hyu483/conda_envs/qgis332/lib/libpdal_plugin_reader_pgpointcloud.so.18.1.0
15547929c000-1554792a0000 r--p 00018000 00:2e 1910472458                 /storage/home/hcoda1/4/hyu483/conda_envs/qgis332/lib/libpdal_plugin_reader_pgpointcloud.so.18.1.0
1554792a0000-1554792a2000 r--p 0001b000 00:2e 1910472458                 /storage/home/hcoda1/4/hyu483/conda_envs/qgis332/lib/libpdal_plugin_reader_pgpointcloud.so.18.1.0
1554792a2000-1554792a3000 rw-p 0001d000 00:2e 1910472458                 /storage/home/hcoda1/4/hyu483/conda_envs/qgis332/lib/libpdal_plugin_reader_pgpointcloud.so.18.1.0
1554792a3000-1554792b0000 r--p 00000000 00:2e 2085794857                 /storage/home/hcoda1/4/hyu483/conda_envs/qgis332/lib/python3.11/site-packages/pdal/libpdal_plugin_reader_numpy.so
1554792b0000-1554792e0000 r-xp 0000d000 00:2e 2085794857                 /storage/home/hcoda1/4/hyu483/conda_envs/qgis332/lib/python3.11/site-packages/pdal/libpdal_plugin_reader_numpy.so
1554792e0000-1554792e9000 r--p 0003d000 00:2e 2085794857                 /storage/home/hcoda1/4/hyu483/conda_envs/qgis332/lib/python3.11/site-packages/pdal/libpdal_plugin_reader_numpy.so
1554792e9000-1554792eb000 r--p 00045000 00:2e 2085794857                 /storage/home/hcoda1/4/hyu483/conda_envs/qgis332/lib/python3.11/site-packages/pdal/libpdal_plugin_reader_numpy.so
1554792eb000-1554792ec000 rw-p 00047000 00:2e 2085794857                 /storage/home/hcoda1/4/hyu483/conda_envs/qgis332/lib/python3.11/site-packages/pdal/libpdal_plugin_reader_numpy.so
1554792ec000-155479354000 r--p 00000000 00:2e 1940516580                 /storage/home/hcoda1/4/hyu483/conda_envs/qgis332/lib/libnitf-cpp.so
155479354000-155479456000 r-xp 00068000 00:2e 1940516580                 /storage/home/hcoda1/4/hyu483/conda_envs/qgis332/lib/libnitf-cpp.so
155479456000-1554794a8000 r--p 0016a000 00:2e 1940516580                 /storage/home/hcoda1/4/hyu483/conda_envs/qgis332/lib/libnitf-cpp.so
1554794a8000-1554794b0000 r--p 001bc000 00:2e 1940516580                 /storage/home/hcoda1/4/hyu483/conda_envs/qgis332/lib/libnitf-cpp.so
1554794b0000-1554794cb000 rw-p 001c4000 00:2e 1940516580                 /storage/home/hcoda1/4/hyu483/conda_envs/qgis332/lib/libnitf-cpp.so
1554794cb000-1554794cd000 rw-p 00000000 00:00 0 
1554794cd000-1554794de000 r--p 00000000 00:2e 2085794847                 /storage/home/hcoda1/4/hyu483/conda_envs/qgis332/lib/libpdal_plugin_reader_nitf.so.18.1.0
1554794de000-1554794fc000 r-xp 00011000 00:2e 2085794847                 /storage/home/hcoda1/4/hyu483/conda_envs/qgis332/lib/libpdal_plugin_reader_nitf.so.18.1.0
1554794fc000-155479502000 r--p 0002f000 00:2e 2085794847                 /storage/home/hcoda1/4/hyu483/conda_envs/qgis332/lib/libpdal_plugin_reader_nitf.so.18.1.0
155479502000-155479505000 r--p 00035000 00:2e 2085794847                 /storage/home/hcoda1/4/hyu483/conda_envs/qgis332/lib/libpdal_plugin_reader_nitf.so.18.1.0
155479505000-155479506000 rw-p 00038000 00:2e 2085794847                 /storage/home/hcoda1/4/hyu483/conda_envs/qgis332/lib/libpdal_plugin_reader_nitf.so.18.1.0
155479506000-15547950d000 r--p 00000000 00:2e 1910472416                 /storage/home/hcoda1/4/hyu483/conda_envs/qgis332/lib/libpdal_plugin_reader_icebridge.so.18.1.0
15547950d000-15547951d000 r-xp 00007000 00:2e 1910472416                 /storage/home/hcoda1/4/hyu483/conda_envs/qgis332/lib/libpdal_plugin_reader_icebridge.so.18.1.0
15547951d000-155479521000 r--p 00017000 00:2e 1910472416                 /storage/home/hcoda1/4/hyu483/conda_envs/qgis332/lib/libpdal_plugin_reader_icebridge.so.18.1.0
155479521000-155479522000 r--p 0001b000 00:2e 1910472416                 /storage/home/hcoda1/4/hyu483/conda_envs/qgis332/lib/libpdal_plugin_reader_icebridge.so.18.1.0
155479522000-155479523000 rw-p 0001c000 00:2e 1910472416                 /storage/home/hcoda1/4/hyu483/conda_envs/qgis332/lib/libpdal_plugin_reader_icebridge.so.18.1.0
155479523000-15547954a000 r--p 00000000 00:2e 1910472404                 /storage/home/hcoda1/4/hyu483/conda_envs/qgis332/lib/libpdal_plugin_reader_e57.so.18.1.0
15547954a000-1554795da000 r-xp 00027000 00:2e 1910472404                 /storage/home/hcoda1/4/hyu483/conda_envs/qgis332/lib/libpdal_plugin_reader_e57.so.18.1.0
1554795da000-1554795fa000 r--p 000b7000 00:2e 1910472404                 /storage/home/hcoda1/4/hyu483/conda_envs/qgis332/lib/libpdal_plugin_reader_e57.so.18.1.0
1554795fa000-1554795fe000 r--p 000d7000 00:2e 1910472404                 /storage/home/hcoda1/4/hyu483/conda_envs/qgis332/lib/libpdal_plugin_reader_e57.so.18.1.0
1554795fe000-1554795ff000 rw-p 000db000 00:2e 1910472404                 /storage/home/hcoda1/4/hyu483/conda_envs/qgis332/lib/libpdal_plugin_reader_e57.so.18.1.0
1554796ff000-155479700000 ---p 00000000 00:00 0 
155479700000-155479800000 rw-p 00000000 00:00 0 
155479800000-15547a000000 rw-p 00000000 00:00 0 
15547a000000-15547a001000 r--p 00000000 00:2e 1932647622                 /storage/home/hcoda1/4/hyu483/conda_envs/qgis332/lib/libabsl_bad_variant_access.so.2407.0.0
15547a001000-15547a002000 r-xp 00001000 00:2e 1932647622                 /storage/home/hcoda1/4/hyu483/conda_envs/qgis332/lib/libabsl_bad_variant_access.so.2407.0.0
15547a002000-15547a003000 r--p 00002000 00:2e 1932647622                 /storage/home/hcoda1/4/hyu483/conda_envs/qgis332/lib/libabsl_bad_variant_access.so.2407.0.0
15547a003000-15547a004000 r--p 00002000 00:2e 1932647622                 /storage/home/hcoda1/4/hyu483/conda_envs/qgis332/lib/libabsl_bad_variant_access.so.2407.0.0
15547a004000-15547a005000 rw-p 00003000 00:2e 1932647622                 /storage/home/hcoda1/4/hyu483/conda_envs/qgis332/lib/libabsl_bad_variant_access.so.2407.0.0
15547a005000-15547a007000 r--p 00000000 00:2e 1932647628                 /storage/home/hcoda1/4/hyu483/conda_envs/qgis332/lib/libabsl_civil_time.so.2407.0.0
15547a007000-15547a00a000 r-xp 00002000 00:2e 1932647628                 /storage/home/hcoda1/4/hyu483/conda_envs/qgis332/lib/libabsl_civil_time.so.2407.0.0
15547a00a000-15547a00b000 r--p 00005000 00:2e 1932647628                 /storage/home/hcoda1/4/hyu483/conda_envs/qgis332/lib/libabsl_civil_time.so.2407.0.0
15547a00b000-15547a00c000 r--p 00005000 00:2e 1932647628                 /storage/home/hcoda1/4/hyu483/conda_envs/qgis332/lib/libabsl_civil_time.so.2407.0.0
15547a00c000-15547a00d000 rw-p 00006000 00:2e 1932647628                 /storage/home/hcoda1/4/hyu483/conda_envs/qgis332/lib/libabsl_civil_time.so.2407.0.0
15547a00d000-15547a00e000 r--p 00000000 00:2e 1932647646                 /storage/home/hcoda1/4/hyu483/conda_envs/qgis332/lib/libabsl_crc_cpu_detect.so.2407.0.0
15547a00e000-15547a00f000 r-xp 00001000 00:2e 1932647646                 /storage/home/hcoda1/4/hyu483/conda_envs/qgis332/lib/libabsl_crc_cpu_detect.so.2407.0.0
15547a00f000-15547a010000 r--p 00002000 00:2e 1932647646                 /storage/home/hcoda1/4/hyu483/conda_envs/qgis332/lib/libabsl_crc_cpu_detect.so.2407.0.0
15547a010000-15547a011000 r--p 00002000 00:2e 1932647646                 /storage/home/hcoda1/4/hyu483/conda_envs/qgis332/lib/libabsl_crc_cpu_detect.so.2407.0.0
15547a011000-15547a012000 rw-p 00003000 00:2e 1932647646                 /storage/home/hcoda1/4/hyu483/conda_envs/qgis332/lib/libabsl_crc_cpu_detect.so.2407.0.0
15547a012000-15547a014000 r--p 00000000 00:2e 1932647690                 /storage/home/hcoda1/4/hyu483/conda_envs/qgis332/lib/libabsl_graphcycles_internal.so.2407.0.0
15547a014000-15547a018000 r-xp 00002000 00:2e 1932647690                 /storage/home/hcoda1/4/hyu483/conda_envs/qgis332/lib/libabsl_graphcycles_internal.so.2407.0.0
15547a018000-15547a019000 r--p 00006000 00:2e 1932647690                 /storage/home/hcoda1/4/hyu483/conda_envs/qgis332/lib/libabsl_graphcycles_internal.so.2407.0.0
15547a019000-15547a01a000 r--p 00006000 00:2e 1932647690                 /storage/home/hcoda1/4/hyu483/conda_envs/qgis332/lib/libabsl_graphcycles_internal.so.2407.0.0
15547a01a000-15547a01b000 rw-p 00007000 00:2e 1932647690                 /storage/home/hcoda1/4/hyu483/conda_envs/qgis332/lib/libabsl_graphcycles_internal.so.2407.0.0
15547a01b000-15547a045000 r--p 00000000 00:2e 1896406321                 /storage/home/hcoda1/4/hyu483/conda_envs/qgis332/lib/libhdf5_cpp.so.310.0.3
15547a045000-15547a078000 r-xp 0002a000 00:2e 1896406321                 /storage/home/hcoda1/4/hyu483/conda_envs/qgis332/lib/libhdf5_cpp.so.310.0.3
15547a078000-15547a093000 r--p 0005d000 00:2e 1896406321                 /storage/home/hcoda1/4/hyu483/conda_envs/qgis332/lib/libhdf5_cpp.so.310.0.3
15547a093000-15547a097000 r--p 00077000 00:2e 1896406321                 /storage/home/hcoda1/4/hyu483/conda_envs/qgis332/lib/libhdf5_cpp.so.310.0.3
15547a097000-15547a098000 rw-p 0007b000 00:2e 1896406321                 /storage/home/hcoda1/4/hyu483/conda_envs/qgis332/lib/libhdf5_cpp.so.310.0.3
15547a098000-15547a0a4000 r--p 00000000 00:2e 1889083870                 /storage/home/hcoda1/4/hyu483/conda_envs/qgis332/lib/libpdal_plugin_reader_hdf.so.18.1.0
15547a0a4000-15547a0ca000 r-xp 0000c000 00:2e 1889083870                 /storage/home/hcoda1/4/hyu483/conda_envs/qgis332/lib/libpdal_plugin_reader_hdf.so.18.1.0
15547a0ca000-15547a0d3000 r--p 00032000 00:2e 1889083870                 /storage/home/hcoda1/4/hyu483/conda_envs/qgis332/lib/libpdal_plugin_reader_hdf.so.18.1.0
15547a0d3000-15547a0d5000 r--p 0003a000 00:2e 1889083870                 /storage/home/hcoda1/4/hyu483/conda_envs/qgis332/lib/libpdal_plugin_reader_hdf.so.18.1.0
15547a0d5000-15547a0d6000 rw-p 0003c000 00:2e 1889083870                 /storage/home/hcoda1/4/hyu483/conda_envs/qgis332/lib/libpdal_plugin_reader_hdf.so.18.1.0
15547a0d6000-15547a0dc000 r--p 00000000 00:2e 1910472391                 /storage/home/hcoda1/4/hyu483/conda_envs/qgis332/lib/libpdal_plugin_reader_draco.so.18.1.0
15547a0dc000-15547a0ee000 r-xp 00006000 00:2e 1910472391                 /storage/home/hcoda1/4/hyu483/conda_envs/qgis332/lib/libpdal_plugin_reader_draco.so.18.1.0
15547a0ee000-15547a0f2000 r--p 00018000 00:2e 1910472391                 /storage/home/hcoda1/4/hyu483/conda_envs/qgis332/lib/libpdal_plugin_reader_draco.so.18.1.0
15547a0f2000-15547a0f3000 r--p 0001b000 00:2e 1910472391                 /storage/home/hcoda1/4/hyu483/conda_envs/qgis332/lib/libpdal_plugin_reader_draco.so.18.1.0
15547a0f3000-15547a0f4000 rw-p 0001c000 00:2e 1910472391                 /storage/home/hcoda1/4/hyu483/conda_envs/qgis332/lib/libpdal_plugin_reader_draco.so.18.1.0
15547a0f4000-15547a0f8000 r--p 00000000 00:2e 1932647772                 /storage/home/hcoda1/4/hyu483/conda_envs/qgis332/lib/libabsl_status.so.2407.0.0
15547a0f8000-15547a0fc000 r-xp 00004000 00:2e 1932647772                 /storage/home/hcoda1/4/hyu483/conda_envs/qgis332/lib/libabsl_status.so.2407.0.0
15547a0fc000-15547a0fe000 r--p 00008000 00:2e 1932647772                 /storage/home/hcoda1/4/hyu483/conda_envs/qgis332/lib/libabsl_status.so.2407.0.0
15547a0fe000-15547a0ff000 r--p 00009000 00:2e 1932647772                 /storage/home/hcoda1/4/hyu483/conda_envs/qgis332/lib/libabsl_status.so.2407.0.0
15547a0ff000-15547a100000 rw-p 0000a000 00:2e 1932647772                 /storage/home/hcoda1/4/hyu483/conda_envs/qgis332/lib/libabsl_status.so.2407.0.0
15547a100000-15547a101000 r--p 00000000 00:2e 1932647712                 /storage/home/hcoda1/4/hyu483/conda_envs/qgis332/lib/libabsl_log_internal_conditions.so.2407.0.0
15547a101000-15547a102000 r-xp 00001000 00:2e 1932647712                 /storage/home/hcoda1/4/hyu483/conda_envs/qgis332/lib/libabsl_log_internal_conditions.so.2407.0.0
15547a102000-15547a103000 r--p 00002000 00:2e 1932647712                 /storage/home/hcoda1/4/hyu483/conda_envs/qgis332/lib/libabsl_log_internal_conditions.so.2407.0.0
15547a103000-15547a104000 r--p 00002000 00:2e 1932647712                 /storage/home/hcoda1/4/hyu483/conda_envs/qgis332/lib/libabsl_log_internal_conditions.so.2407.0.0
15547a104000-15547a105000 rw-p 00003000 00:2e 1932647712                 /storage/home/hcoda1/4/hyu483/conda_envs/qgis332/lib/libabsl_log_internal_conditions.so.2407.0.0
15547a105000-15547a107000 r--p 00000000 00:2e 1932647774                 /storage/home/hcoda1/4/hyu483/conda_envs/qgis332/lib/libabsl_statusor.so.2407.0.0
15547a107000-15547a108000 r-xp 00002000 00:2e 1932647774                 /storage/home/hcoda1/4/hyu483/conda_envs/qgis332/lib/libabsl_statusor.so.2407.0.0
15547a108000-15547a109000 r--p 00003000 00:2e 1932647774                 /storage/home/hcoda1/4/hyu483/conda_envs/qgis332/lib/libabsl_statusor.so.2407.0.0
15547a109000-15547a10a000 r--p 00003000 00:2e 1932647774                 /storage/home/hcoda1/4/hyu483/conda_envs/qgis332/lib/libabsl_statusor.so.2407.0.0
15547a10a000-15547a10b000 rw-p 00004000 00:2e 1932647774                 /storage/home/hcoda1/4/hyu483/conda_envs/qgis332/lib/libabsl_statusor.so.2407.0.0
15547a10b000-15547a10c000 r--p 00000000 00:2e 1932647659                 /storage/home/hcoda1/4/hyu483/conda_envs/qgis332/lib/libabsl_die_if_null.so.2407.0.0
15547a10c000-15547a10d000 r-xp 00001000 00:2e 1932647659                 /storage/home/hcoda1/4/hyu483/conda_envs/qgis332/lib/libabsl_die_if_null.so.2407.0.0
15547a10d000-15547a10e000 r--p 00002000 00:2e 1932647659                 /storage/home/hcoda1/4/hyu483/conda_envs/qgis332/lib/libabsl_die_if_null.so.2407.0.0
15547a10e000-15547a10f000 r--p 00002000 00:2e 1932647659                 /storage/home/hcoda1/4/hyu483/conda_envs/qgis332/lib/libabsl_die_if_null.so.2407.0.0
15547a10f000-15547a110000 rw-p 00003000 00:2e 1932647659                 /storage/home/hcoda1/4/hyu483/conda_envs/qgis332/lib/libabsl_die_if_null.so.2407.0.0
15547a110000-15547a130000 r--p 00000000 00:2e 1932648649                 /storage/home/hcoda1/4/hyu483/conda_envs/qgis332/lib/libs2n.so.1.0.0
15547a130000-15547a1bc000 r-xp 00020000 00:2e 1932648649                 /storage/home/hcoda1/4/hyu483/conda_envs/qgis332/lib/libs2n.so.1.0.0
15547a1bc000-15547a23a000 r--p 000ac000 00:2e 1932648649                 /storage/home/hcoda1/4/hyu483/conda_envs/qgis332/lib/libs2n.so.1.0.0
15547a23a000-15547a241000 r--p 00129000 00:2e 1932648649                 /storage/home/hcoda1/4/hyu483/conda_envs/qgis332/lib/libs2n.so.1.0.0
15547a241000-15547a259000 rw-p 00130000 00:2e 1932648649                 /storage/home/hcoda1/4/hyu483/conda_envs/qgis332/lib/libs2n.so.1.0.0
15547a259000-15547a262000 rw-p 00000000 00:00 0 
15547a262000-15547a263000 r--p 00000000 00:2e 1932645790                 /storage/home/hcoda1/4/hyu483/conda_envs/qgis332/lib/libaws-c-compression.so.1.0.0
15547a263000-15547a264000 r-xp 00001000 00:2e 1932645790                 /storage/home/hcoda1/4/hyu483/conda_envs/qgis332/lib/libaws-c-compression.so.1.0.0
15547a264000-15547a265000 r--p 00002000 00:2e 1932645790                 /storage/home/hcoda1/4/hyu483/conda_envs/qgis332/lib/libaws-c-compression.so.1.0.0
15547a265000-15547a266000 r--p 00002000 00:2e 1932645790                 /storage/home/hcoda1/4/hyu483/conda_envs/qgis332/lib/libaws-c-compression.so.1.0.0
15547a266000-15547a267000 rw-p 00003000 00:2e 1932645790                 /storage/home/hcoda1/4/hyu483/conda_envs/qgis332/lib/libaws-c-compression.so.1.0.0
15547a267000-15547a2f7000 r--p 00000000 00:2e 1932649567                 /storage/home/hcoda1/4/hyu483/conda_envs/qgis332/lib/libprotobuf.so.28.3.0
15547a2f7000-15547a4db000 r-xp 00090000 00:2e 1932649567                 /storage/home/hcoda1/4/hyu483/conda_envs/qgis332/lib/libprotobuf.so.28.3.0
15547a4db000-15547a544000 r--p 00274000 00:2e 1932649567                 /storage/home/hcoda1/4/hyu483/conda_envs/qgis332/lib/libprotobuf.so.28.3.0
15547a544000-15547a54f000 r--p 002dc000 00:2e 1932649567                 /storage/home/hcoda1/4/hyu483/conda_envs/qgis332/lib/libprotobuf.so.28.3.0
15547a54f000-15547a555000 rw-p 002e7000 00:2e 1932649567                 /storage/home/hcoda1/4/hyu483/conda_envs/qgis332/lib/libprotobuf.so.28.3.0
15547a555000-15547a556000 rw-p 00000000 00:00 0 
15547a556000-15547a557000 r--p 00000000 00:2e 1932645815                 /storage/home/hcoda1/4/hyu483/conda_envs/qgis332/lib/libaws-checksums.so.1.0.0
15547a557000-15547a55a000 r-xp 00001000 00:2e 1932645815                 /storage/home/hcoda1/4/hyu483/conda_envs/qgis332/lib/libaws-checksums.so.1.0.0
15547a55a000-15547a567000 r--p 00004000 00:2e 1932645815                 /storage/home/hcoda1/4/hyu483/conda_envs/qgis332/lib/libaws-checksums.so.1.0.0
15547a567000-15547a568000 r--p 00010000 00:2e 1932645815                 /storage/home/hcoda1/4/hyu483/conda_envs/qgis332/lib/libaws-checksums.so.1.0.0
15547a568000-15547a569000 rw-p 00011000 00:2e 1932645815                 /storage/home/hcoda1/4/hyu483/conda_envs/qgis332/lib/libaws-checksums.so.1.0.0
15547a569000-15547a56e000 r--p 00000000 00:2e 2085783842                 /storage/home/hcoda1/4/hyu483/conda_envs/qgis332/lib/libaws-c-sdkutils.so.1.0.0
15547a56e000-15547a57c000 r-xp 00005000 00:2e 2085783842                 /storage/home/hcoda1/4/hyu483/conda_envs/qgis332/lib/libaws-c-sdkutils.so.1.0.0
15547a57c000-15547a582000 r--p 00013000 00:2e 2085783842                 /storage/home/hcoda1/4/hyu483/conda_envs/qgis332/lib/libaws-c-sdkutils.so.1.0.0
15547a582000-15547a583000 r--p 00018000 00:2e 2085783842                 /storage/home/hcoda1/4/hyu483/conda_envs/qgis332/lib/libaws-c-sdkutils.so.1.0.0
15547a583000-15547a584000 rw-p 00019000 00:2e 2085783842                 /storage/home/hcoda1/4/hyu483/conda_envs/qgis332/lib/libaws-c-sdkutils.so.1.0.0
15547a584000-15547a58b000 r--p 00000000 00:2e 2085783841                 /storage/home/hcoda1/4/hyu483/conda_envs/qgis332/lib/libaws-c-cal.so.1.0.0
15547a58b000-15547a594000 r-xp 00007000 00:2e 2085783841                 /storage/home/hcoda1/4/hyu483/conda_envs/qgis332/lib/libaws-c-cal.so.1.0.0
15547a594000-15547a599000 r--p 00010000 00:2e 2085783841                 /storage/home/hcoda1/4/hyu483/conda_envs/qgis332/lib/libaws-c-cal.so.1.0.0
15547a599000-15547a59a000 r--p 00014000 00:2e 2085783841                 /storage/home/hcoda1/4/hyu483/conda_envs/qgis332/lib/libaws-c-cal.so.1.0.0
15547a59a000-15547a59b000 rw-p 00015000 00:2e 2085783841                 /storage/home/hcoda1/4/hyu483/conda_envs/qgis332/lib/libaws-c-cal.so.1.0.0
15547a59b000-15547a5ad000 r--p 00000000 00:2e 2085784089                 /storage/home/hcoda1/4/hyu483/conda_envs/qgis332/lib/libaws-c-io.so.1.0.0
15547a5ad000-15547a5cc000 r-xp 00012000 00:2e 2085784089                 /storage/home/hcoda1/4/hyu483/conda_envs/qgis332/lib/libaws-c-io.so.1.0.0
15547a5cc000-15547a5e6000 r--p 00031000 00:2e 2085784089                 /storage/home/hcoda1/4/hyu483/conda_envs/qgis332/lib/libaws-c-io.so.1.0.0
15547a5e6000-15547a5e8000 r--p 0004a000 00:2e 2085784089                 /storage/home/hcoda1/4/hyu483/conda_envs/qgis332/lib/libaws-c-io.so.1.0.0
15547a5e8000-15547a5ea000 rw-p 0004c000 00:2e 2085784089                 /storage/home/hcoda1/4/hyu483/conda_envs/qgis332/lib/libaws-c-io.so.1.0.0
15547a5ea000-15547a5eb000 rw-p 00000000 00:00 0 
15547a5eb000-15547a5fb000 r--p 00000000 00:2e 2085784154                 /storage/home/hcoda1/4/hyu483/conda_envs/qgis332/lib/libaws-c-http.so.1.0.0
15547a5fb000-15547a632000 r-xp 00010000 00:2e 2085784154                 /storage/home/hcoda1/4/hyu483/conda_envs/qgis332/lib/libaws-c-http.so.1.0.0
15547a632000-15547a64e000 r--p 00047000 00:2e 2085784154                 /storage/home/hcoda1/4/hyu483/conda_envs/qgis332/lib/libaws-c-http.so.1.0.0
15547a64e000-15547a650000 r--p 00063000 00:2e 2085784154                 /storage/home/hcoda1/4/hyu483/conda_envs/qgis332/lib/libaws-c-http.so.1.0.0
15547a650000-15547a652000 rw-p 00065000 00:2e 2085784154                 /storage/home/hcoda1/4/hyu483/conda_envs/qgis332/lib/libaws-c-http.so.1.0.0
15547a652000-15547a653000 rw-p 00000000 00:00 0 
15547a653000-15547a65e000 r--p 00000000 00:2e 2085784219                 /storage/home/hcoda1/4/hyu483/conda_envs/qgis332/lib/libaws-c-auth.so.1.0.0
15547a65e000-15547a67d000 r-xp 0000b000 00:2e 2085784219                 /storage/home/hcoda1/4/hyu483/conda_envs/qgis332/lib/libaws-c-auth.so.1.0.0
15547a67d000-15547a68c000 r--p 0002a000 00:2e 2085784219                 /storage/home/hcoda1/4/hyu483/conda_envs/qgis332/lib/libaws-c-auth.so.1.0.0
15547a68c000-15547a68d000 r--p 00039000 00:2e 2085784219                 /storage/home/hcoda1/4/hyu483/conda_envs/qgis332/lib/libaws-c-auth.so.1.0.0
15547a68d000-15547a68e000 rw-p 0003a000 00:2e 2085784219                 /storage/home/hcoda1/4/hyu483/conda_envs/qgis332/lib/libaws-c-auth.so.1.0.0
15547a68e000-15547a69d000 r--p 00000000 00:2e 2085784338                 /storage/home/hcoda1/4/hyu483/conda_envs/qgis332/lib/libaws-c-s3.so.1.0.0
15547a69d000-15547a6b9000 r-xp 0000f000 00:2e 2085784338                 /storage/home/hcoda1/4/hyu483/conda_envs/qgis332/lib/libaws-c-s3.so.1.0.0
15547a6b9000-15547a6c6000 r--p 0002b000 00:2e 2085784338                 /storage/home/hcoda1/4/hyu483/conda_envs/qgis332/lib/libaws-c-s3.so.1.0.0
15547a6c6000-15547a6c8000 r--p 00038000 00:2e 2085784338                 /storage/home/hcoda1/4/hyu483/conda_envs/qgis332/lib/libaws-c-s3.so.1.0.0
15547a6c8000-15547a6c9000 rw-p 0003a000 00:2e 2085784338                 /storage/home/hcoda1/4/hyu483/conda_envs/qgis332/lib/libaws-c-s3.so.1.0.0
15547a6c9000-15547a6d9000 r--p 00000000 00:2e 2085784223                 /storage/home/hcoda1/4/hyu483/conda_envs/qgis332/lib/libaws-c-mqtt.so.1.0.0
15547a6d9000-15547a70b000 r-xp 00010000 00:2e 2085784223                 /storage/home/hcoda1/4/hyu483/conda_envs/qgis332/lib/libaws-c-mqtt.so.1.0.0
15547a70b000-15547a726000 r--p 00042000 00:2e 2085784223                 /storage/home/hcoda1/4/hyu483/conda_envs/qgis332/lib/libaws-c-mqtt.so.1.0.0
15547a726000-15547a728000 r--p 0005c000 00:2e 2085784223                 /storage/home/hcoda1/4/hyu483/conda_envs/qgis332/lib/libaws-c-mqtt.so.1.0.0
15547a728000-15547a72a000 rw-p 0005e000 00:2e 2085784223                 /storage/home/hcoda1/4/hyu483/conda_envs/qgis332/lib/libaws-c-mqtt.so.1.0.0
15547a72a000-15547a72f000 r--p 00000000 00:2e 2085784153                 /storage/home/hcoda1/4/hyu483/conda_envs/qgis332/lib/libaws-c-event-stream.so.1.0.0
15547a72f000-15547a73a000 r-xp 00005000 00:2e 2085784153                 /storage/home/hcoda1/4/hyu483/conda_envs/qgis332/lib/libaws-c-event-stream.so.1.0.0
15547a73a000-15547a740000 r--p 00010000 00:2e 2085784153                 /storage/home/hcoda1/4/hyu483/conda_envs/qgis332/lib/libaws-c-event-stream.so.1.0.0
15547a740000-15547a741000 r--p 00016000 00:2e 2085784153                 /storage/home/hcoda1/4/hyu483/conda_envs/qgis332/lib/libaws-c-event-stream.so.1.0.0
15547a741000-15547a742000 rw-p 00017000 00:2e 2085784153                 /storage/home/hcoda1/4/hyu483/conda_envs/qgis332/lib/libaws-c-event-stream.so.1.0.0
15547a742000-15547a755000 r--p 00000000 00:2e 1932645641                 /storage/home/hcoda1/4/hyu483/conda_envs/qgis332/lib/libaws-c-common.so.1.0.0
15547a755000-15547a775000 r-xp 00013000 00:2e 1932645641                 /storage/home/hcoda1/4/hyu483/conda_envs/qgis332/lib/libaws-c-common.so.1.0.0
15547a775000-15547a785000 r--p 00033000 00:2e 1932645641                 /storage/home/hcoda1/4/hyu483/conda_envs/qgis332/lib/libaws-c-common.so.1.0.0
15547a785000-15547a786000 r--p 00043000 00:2e 1932645641                 /storage/home/hcoda1/4/hyu483/conda_envs/qgis332/lib/libaws-c-common.so.1.0.0
15547a786000-15547a787000 rw-p 00044000 00:2e 1932645641                 /storage/home/hcoda1/4/hyu483/conda_envs/qgis332/lib/libaws-c-common.so.1.0.0
15547a787000-15547a788000 rw-p 00000000 00:00 0 
15547a788000-15547a798000 r--p 00000000 00:2e 2007940768                 /storage/home/hcoda1/4/hyu483/conda_envs/qgis332/lib/libaws-cpp-sdk-sts.so
15547a798000-15547a7b8000 r-xp 00010000 00:2e 2007940768                 /storage/home/hcoda1/4/hyu483/conda_envs/qgis332/lib/libaws-cpp-sdk-sts.so
15547a7b8000-15547a7c1000 r--p 00030000 00:2e 2007940768                 /storage/home/hcoda1/4/hyu483/conda_envs/qgis332/lib/libaws-cpp-sdk-sts.so
15547a7c1000-15547a7c3000 r--p 00038000 00:2e 2007940768                 /storage/home/hcoda1/4/hyu483/conda_envs/qgis332/lib/libaws-cpp-sdk-sts.so
15547a7c3000-15547a7c4000 rw-p 0003a000 00:2e 2007940768                 /storage/home/hcoda1/4/hyu483/conda_envs/qgis332/lib/libaws-cpp-sdk-sts.so
15547a7c4000-15547a7e0000 r--p 00000000 00:2e 2007940763                 /storage/home/hcoda1/4/hyu483/conda_envs/qgis332/lib/libaws-cpp-sdk-cognito-identity.so
15547a7e0000-15547a818000 r-xp 0001c000 00:2e 2007940763                 /storage/home/hcoda1/4/hyu483/conda_envs/qgis332/lib/libaws-cpp-sdk-cognito-identity.so
15547a818000-15547a824000 r--p 00054000 00:2e 2007940763                 /storage/home/hcoda1/4/hyu483/conda_envs/qgis332/lib/libaws-cpp-sdk-cognito-identity.so
15547a824000-15547a828000 r--p 00060000 00:2e 2007940763                 /storage/home/hcoda1/4/hyu483/conda_envs/qgis332/lib/libaws-cpp-sdk-cognito-identity.so
15547a828000-15547a829000 rw-p 00064000 00:2e 2007940763                 /storage/home/hcoda1/4/hyu483/conda_envs/qgis332/lib/libaws-cpp-sdk-cognito-identity.so
15547a829000-15547a82a000 r--p 00000000 00:2e 1896406258                 /storage/home/hcoda1/4/hyu483/conda_envs/qgis332/lib/libcrc32c.so.1.1.0
15547a82a000-15547a82b000 r-xp 00001000 00:2e 1896406258                 /storage/home/hcoda1/4/hyu483/conda_envs/qgis332/lib/libcrc32c.so.1.1.0
15547a82b000-15547a82d000 r--p 00002000 00:2e 1896406258                 /storage/home/hcoda1/4/hyu483/conda_envs/qgis332/lib/libcrc32c.so.1.1.0
15547a82d000-15547a82e000 r--p 00003000 00:2e 1896406258                 /storage/home/hcoda1/4/hyu483/conda_envs/qgis332/lib/libcrc32c.so.1.1.0
15547a82e000-15547a82f000 rw-p 00004000 00:2e 1896406258                 /storage/home/hcoda1/4/hyu483/conda_envs/qgis332/lib/libcrc32c.so.1.1.0
15547a82f000-15547a856000 r--p 00000000 00:2e 2007945513                 /storage/home/hcoda1/4/hyu483/conda_envs/qgis332/lib/libgoogle_cloud_cpp_rest_internal.so.2.36.0
15547a856000-15547a903000 r-xp 00027000 00:2e 2007945513                 /storage/home/hcoda1/4/hyu483/conda_envs/qgis332/lib/libgoogle_cloud_cpp_rest_internal.so.2.36.0
15547a903000-15547a923000 r--p 000d4000 00:2e 2007945513                 /storage/home/hcoda1/4/hyu483/conda_envs/qgis332/lib/libgoogle_cloud_cpp_rest_internal.so.2.36.0
15547a923000-15547a926000 r--p 000f4000 00:2e 2007945513                 /storage/home/hcoda1/4/hyu483/conda_envs/qgis332/lib/libgoogle_cloud_cpp_rest_internal.so.2.36.0
15547a926000-15547a927000 rw-p 000f7000 00:2e 2007945513                 /storage/home/hcoda1/4/hyu483/conda_envs/qgis332/lib/libgoogle_cloud_cpp_rest_internal.so.2.36.0
15547a927000-15547a930000 r--p 00000000 00:2e 2007944248                 /storage/home/hcoda1/4/hyu483/conda_envs/qgis332/lib/libazure-storage-common.so
15547a930000-15547a961000 r-xp 00009000 00:2e 2007944248                 /storage/home/hcoda1/4/hyu483/conda_envs/qgis332/lib/libazure-storage-common.so
15547a961000-15547a96d000 r--p 0003a000 00:2e 2007944248                 /storage/home/hcoda1/4/hyu483/conda_envs/qgis332/lib/libazure-storage-common.so
15547a96d000-15547a96e000 r--p 00046000 00:2e 2007944248                 /storage/home/hcoda1/4/hyu483/conda_envs/qgis332/lib/libazure-storage-common.so
15547a96e000-15547a96f000 rw-p 00047000 00:2e 2007944248                 /storage/home/hcoda1/4/hyu483/conda_envs/qgis332/lib/libazure-storage-common.so
15547a96f000-15547a970000 r--p 00000000 00:2e 1917420446                 /storage/home/hcoda1/4/hyu483/conda_envs/qgis332/lib/libbrotlienc.so.1.1.0
15547a970000-15547a9c9000 r-xp 00001000 00:2e 1917420446                 /storage/home/hcoda1/4/hyu483/conda_envs/qgis332/lib/libbrotlienc.so.1.1.0
15547a9c9000-15547aa1b000 r--p 0005a000 00:2e 1917420446                 /storage/home/hcoda1/4/hyu483/conda_envs/qgis332/lib/libbrotlienc.so.1.1.0
15547aa1b000-15547aa1c000 r--p 000ab000 00:2e 1917420446                 /storage/home/hcoda1/4/hyu483/conda_envs/qgis332/lib/libbrotlienc.so.1.1.0
15547aa1c000-15547aa1d000 rw-p 000ac000 00:2e 1917420446                 /storage/home/hcoda1/4/hyu483/conda_envs/qgis332/lib/libbrotlienc.so.1.1.0
15547aa1d000-15547aa9d000 r--p 00000000 00:2e 1932650261                 /storage/home/hcoda1/4/hyu483/conda_envs/qgis332/lib/liborc.so
15547aa9d000-15547ab83000 r-xp 00080000 00:2e 1932650261                 /storage/home/hcoda1/4/hyu483/conda_envs/qgis332/lib/liborc.so
15547ab83000-15547abc7000 r--p 00166000 00:2e 1932650261                 /storage/home/hcoda1/4/hyu483/conda_envs/qgis332/lib/liborc.so
15547abc7000-15547abd4000 r--p 001aa000 00:2e 1932650261                 /storage/home/hcoda1/4/hyu483/conda_envs/qgis332/lib/liborc.so
15547abd4000-15547abd8000 rw-p 001b7000 00:2e 1932650261                 /storage/home/hcoda1/4/hyu483/conda_envs/qgis332/lib/liborc.so
15547abd8000-15547ac0b000 r--p 00000000 00:2e 2085784381                 /storage/home/hcoda1/4/hyu483/conda_envs/qgis332/lib/libaws-crt-cpp.so
15547ac0b000-15547ac57000 r-xp 00033000 00:2e 2085784381                 /storage/home/hcoda1/4/hyu483/conda_envs/qgis332/lib/libaws-crt-cpp.so
15547ac57000-15547ac73000 r--p 0007f000 00:2e 2085784381                 /storage/home/hcoda1/4/hyu483/conda_envs/qgis332/lib/libaws-crt-cpp.so
15547ac73000-15547ac77000 r--p 0009a000 00:2e 2085784381                 /storage/home/hcoda1/4/hyu483/conda_envs/qgis332/lib/libaws-crt-cpp.so
15547ac77000-15547ac78000 rw-p 0009e000 00:2e 2085784381                 /storage/home/hcoda1/4/hyu483/conda_envs/qgis332/lib/libaws-crt-cpp.so
15547ac78000-15547acdd000 r--p 00000000 00:2e 2085769475                 /storage/home/hcoda1/4/hyu483/conda_envs/qgis332/lib/libaws-cpp-sdk-core.so
15547acdd000-15547adc5000 r-xp 00065000 00:2e 2085769475                 /storage/home/hcoda1/4/hyu483/conda_envs/qgis332/lib/libaws-cpp-sdk-core.so
15547adc5000-15547adfb000 r--p 0014d000 00:2e 2085769475                 /storage/home/hcoda1/4/hyu483/conda_envs/qgis332/lib/libaws-cpp-sdk-core.so
15547adfb000-15547ae05000 r--p 00182000 00:2e 2085769475                 /storage/home/hcoda1/4/hyu483/conda_envs/qgis332/lib/libaws-cpp-sdk-core.so
15547ae05000-15547ae06000 rw-p 0018c000 00:2e 2085769475                 /storage/home/hcoda1/4/hyu483/conda_envs/qgis332/lib/libaws-cpp-sdk-core.so
15547ae06000-15547ae07000 rw-p 00000000 00:00 0 
15547ae07000-15547ae86000 r--p 00000000 00:2e 2085767953                 /storage/home/hcoda1/4/hyu483/conda_envs/qgis332/lib/libaws-cpp-sdk-s3.so
15547ae86000-15547b006000 r-xp 0007f000 00:2e 2085767953                 /storage/home/hcoda1/4/hyu483/conda_envs/qgis332/lib/libaws-cpp-sdk-s3.so
15547b006000-15547b055000 r--p 001ff000 00:2e 2085767953                 /storage/home/hcoda1/4/hyu483/conda_envs/qgis332/lib/libaws-cpp-sdk-s3.so
15547b055000-15547b064000 r--p 0024e000 00:2e 2085767953                 /storage/home/hcoda1/4/hyu483/conda_envs/qgis332/lib/libaws-cpp-sdk-s3.so
15547b064000-15547b065000 rw-p 0025d000 00:2e 2085767953                 /storage/home/hcoda1/4/hyu483/conda_envs/qgis332/lib/libaws-cpp-sdk-s3.so
15547b065000-15547b06e000 r--p 00000000 00:2e 2007940764                 /storage/home/hcoda1/4/hyu483/conda_envs/qgis332/lib/libaws-cpp-sdk-identity-management.so
15547b06e000-15547b087000 r-xp 00009000 00:2e 2007940764                 /storage/home/hcoda1/4/hyu483/conda_envs/qgis332/lib/libaws-cpp-sdk-identity-management.so
15547b087000-15547b08a000 r--p 00022000 00:2e 2007940764                 /storage/home/hcoda1/4/hyu483/conda_envs/qgis332/lib/libaws-cpp-sdk-identity-management.so
15547b08a000-15547b08b000 r--p 00025000 00:2e 2007940764                 /storage/home/hcoda1/4/hyu483/conda_envs/qgis332/lib/libaws-cpp-sdk-identity-management.so
15547b08b000-15547b08c000 rw-p 00026000 00:2e 2007940764                 /storage/home/hcoda1/4/hyu483/conda_envs/qgis332/lib/libaws-cpp-sdk-identity-management.so
15547b08c000-15547b0ab000 r--p 00000000 00:2e 2085784354                 /storage/home/hcoda1/4/hyu483/conda_envs/qgis332/lib/libgoogle_cloud_cpp_common.so.2.36.0
15547b0ab000-15547b0fc000 r-xp 0001f000 00:2e 2085784354                 /storage/home/hcoda1/4/hyu483/conda_envs/qgis332/lib/libgoogle_cloud_cpp_common.so.2.36.0
15547b0fc000-15547b10e000 r--p 00070000 00:2e 2085784354                 /storage/home/hcoda1/4/hyu483/conda_envs/qgis332/lib/libgoogle_cloud_cpp_common.so.2.36.0
15547b10e000-15547b111000 r--p 00081000 00:2e 2085784354                 /storage/home/hcoda1/4/hyu483/conda_envs/qgis332/lib/libgoogle_cloud_cpp_common.so.2.36.0
15547b111000-15547b112000 rw-p 00084000 00:2e 2085784354                 /storage/home/hcoda1/4/hyu483/conda_envs/qgis332/lib/libgoogle_cloud_cpp_common.so.2.36.0
15547b112000-15547b164000 r--p 00000000 00:2e 2007947608                 /storage/home/hcoda1/4/hyu483/conda_envs/qgis332/lib/libgoogle_cloud_cpp_storage.so.2.36.0
15547b164000-15547b31a000 r-xp 00052000 00:2e 2007947608                 /storage/home/hcoda1/4/hyu483/conda_envs/qgis332/lib/libgoogle_cloud_cpp_storage.so.2.36.0
15547b31a000-15547b371000 r--p 00208000 00:2e 2007947608                 /storage/home/hcoda1/4/hyu483/conda_envs/qgis332/lib/libgoogle_cloud_cpp_storage.so.2.36.0
15547b371000-15547b377000 r--p 0025f000 00:2e 2007947608                 /storage/home/hcoda1/4/hyu483/conda_envs/qgis332/lib/libgoogle_cloud_cpp_storage.so.2.36.0
15547b377000-15547b378000 rw-p 00265000 00:2e 2007947608                 /storage/home/hcoda1/4/hyu483/conda_envs/qgis332/lib/libgoogle_cloud_cpp_storage.so.2.36.0
15547b378000-15547b38c000 r--p 00000000 00:2e 1932536780                 /storage/home/hcoda1/4/hyu483/conda_envs/qgis332/lib/libazure-core.so
15547b38c000-15547b3da000 r-xp 00014000 00:2e 1932536780                 /storage/home/hcoda1/4/hyu483/conda_envs/qgis332/lib/libazure-core.so
15547b3da000-15547b3e9000 r--p 00062000 00:2e 1932536780                 /storage/home/hcoda1/4/hyu483/conda_envs/qgis332/lib/libazure-core.so
15547b3e9000-15547b3eb000 r--p 00071000 00:2e 1932536780                 /storage/home/hcoda1/4/hyu483/conda_envs/qgis332/lib/libazure-core.so
15547b3eb000-15547b3ec000 rw-p 00073000 00:2e 1932536780                 /storage/home/hcoda1/4/hyu483/conda_envs/qgis332/lib/libazure-core.so
15547b3ec000-15547b401000 r--p 00000000 00:2e 2007944088                 /storage/home/hcoda1/4/hyu483/conda_envs/qgis332/lib/libazure-identity.so
15547b401000-15547b472000 r-xp 00015000 00:2e 2007944088                 /storage/home/hcoda1/4/hyu483/conda_envs/qgis332/lib/libazure-identity.so
15547b472000-15547b487000 r--p 00086000 00:2e 2007944088                 /storage/home/hcoda1/4/hyu483/conda_envs/qgis332/lib/libazure-identity.so
15547b487000-15547b489000 r--p 0009a000 00:2e 2007944088                 /storage/home/hcoda1/4/hyu483/conda_envs/qgis332/lib/libazure-identity.so
15547b489000-15547b48a000 rw-p 0009c000 00:2e 2007944088                 /storage/home/hcoda1/4/hyu483/conda_envs/qgis332/lib/libazure-identity.so
15547b48a000-15547b4af000 r--p 00000000 00:2e 2007947077                 /storage/home/hcoda1/4/hyu483/conda_envs/qgis332/lib/libazure-storage-blobs.so
15547b4af000-15547b5cf000 r-xp 00025000 00:2e 2007947077                 /storage/home/hcoda1/4/hyu483/conda_envs/qgis332/lib/libazure-storage-blobs.so
15547b5cf000-15547b5f5000 r--p 00145000 00:2e 2007947077                 /storage/home/hcoda1/4/hyu483/conda_envs/qgis332/lib/libazure-storage-blobs.so
15547b5f5000-15547b5f8000 r--p 0016a000 00:2e 2007947077                 /storage/home/hcoda1/4/hyu483/conda_envs/qgis332/lib/libazure-storage-blobs.so
15547b5f8000-15547b5f9000 rw-p 0016d000 00:2e 2007947077                 /storage/home/hcoda1/4/hyu483/conda_envs/qgis332/lib/libazure-storage-blobs.so
15547b5f9000-15547b60e000 r--p 00000000 00:2e 2007940798                 /storage/home/hcoda1/4/hyu483/conda_envs/qgis332/lib/libazure-storage-files-datalake.so
15547b60e000-15547b69d000 r-xp 00015000 00:2e 2007940798                 /storage/home/hcoda1/4/hyu483/conda_envs/qgis332/lib/libazure-storage-files-datalake.so
15547b69d000-15547b6af000 r--p 000a4000 00:2e 2007940798                 /storage/home/hcoda1/4/hyu483/conda_envs/qgis332/lib/libazure-storage-files-datalake.so
15547b6af000-15547b6b1000 r--p 000b5000 00:2e 2007940798                 /storage/home/hcoda1/4/hyu483/conda_envs/qgis332/lib/libazure-storage-files-datalake.so
15547b6b1000-15547b6b2000 rw-p 000b7000 00:2e 2007940798                 /storage/home/hcoda1/4/hyu483/conda_envs/qgis332/lib/libazure-storage-files-datalake.so
15547b6b2000-15547b6b4000 r--p 00000000 00:2e 1932645722                 /storage/home/hcoda1/4/hyu483/conda_envs/qgis332/lib/libutf8proc.so.3.1.0
15547b6b4000-15547b6b6000 r-xp 00002000 00:2e 1932645722                 /storage/home/hcoda1/4/hyu483/conda_envs/qgis332/lib/libutf8proc.so.3.1.0
15547b6b6000-15547b709000 r--p 00004000 00:2e 1932645722                 /storage/home/hcoda1/4/hyu483/conda_envs/qgis332/lib/libutf8proc.so.3.1.0
15547b709000-15547b70a000 r--p 00056000 00:2e 1932645722                 /storage/home/hcoda1/4/hyu483/conda_envs/qgis332/lib/libutf8proc.so.3.1.0
15547b70a000-15547b70b000 rw-p 00057000 00:2e 1932645722                 /storage/home/hcoda1/4/hyu483/conda_envs/qgis332/lib/libutf8proc.so.3.1.0
15547b70b000-15547b722000 r--p 00000000 00:2e 1932649573                 /storage/home/hcoda1/4/hyu483/conda_envs/qgis332/lib/libre2.so.11
15547b722000-15547b767000 r-xp 00017000 00:2e 1932649573                 /storage/home/hcoda1/4/hyu483/conda_envs/qgis332/lib/libre2.so.11
15547b767000-15547b780000 r--p 0005c000 00:2e 1932649573                 /storage/home/hcoda1/4/hyu483/conda_envs/qgis332/lib/libre2.so.11
15547b780000-15547b785000 r--p 00074000 00:2e 1932649573                 /storage/home/hcoda1/4/hyu483/conda_envs/qgis332/lib/libre2.so.11
15547b785000-15547b786000 rw-p 00079000 00:2e 1932649573                 /storage/home/hcoda1/4/hyu483/conda_envs/qgis332/lib/libre2.so.11
15547b786000-15547b7b8000 r--p 00000000 00:2e 2085784112                 /storage/home/hcoda1/4/hyu483/conda_envs/qgis332/lib/libthrift.so.0.21.0
15547b7b8000-15547b815000 r-xp 00032000 00:2e 2085784112                 /storage/home/hcoda1/4/hyu483/conda_envs/qgis332/lib/libthrift.so.0.21.0
15547b815000-15547b830000 r--p 0008f000 00:2e 2085784112                 /storage/home/hcoda1/4/hyu483/conda_envs/qgis332/lib/libthrift.so.0.21.0
15547b830000-15547b836000 r--p 000aa000 00:2e 2085784112                 /storage/home/hcoda1/4/hyu483/conda_envs/qgis332/lib/libthrift.so.0.21.0
15547b836000-15547b837000 rw-p 000b0000 00:2e 2085784112                 /storage/home/hcoda1/4/hyu483/conda_envs/qgis332/lib/libthrift.so.0.21.0
15547b837000-15547d126000 r-xp 00000000 00:2e 2085794253                 /storage/home/hcoda1/4/hyu483/conda_envs/qgis332/lib/libarrow.so.1801.0.0
15547d126000-15547d17d000 r--p 018ee000 00:2e 2085794253                 /storage/home/hcoda1/4/hyu483/conda_envs/qgis332/lib/libarrow.so.1801.0.0
15547d17d000-15547d181000 rw-p 01945000 00:2e 2085794253                 /storage/home/hcoda1/4/hyu483/conda_envs/qgis332/lib/libarrow.so.1801.0.0
15547d181000-15547d3f4000 rw-p 00000000 00:00 0 
15547d3f4000-15547d750000 r-xp 00000000 00:2e 1889083867                 /storage/home/hcoda1/4/hyu483/conda_envs/qgis332/lib/libparquet.so.1801.0.0
15547d750000-15547d751000 ---p 0035c000 00:2e 1889083867                 /storage/home/hcoda1/4/hyu483/conda_envs/qgis332/lib/libparquet.so.1801.0.0
15547d751000-15547d774000 r--p 0035c000 00:2e 1889083867                 /storage/home/hcoda1/4/hyu483/conda_envs/qgis332/lib/libparquet.so.1801.0.0
15547d774000-15547d775000 rw-p 0037f000 00:2e 1889083867                 /storage/home/hcoda1/4/hyu483/conda_envs/qgis332/lib/libparquet.so.1801.0.0
15547d775000-15547d781000 r--p 00000000 00:2e 1889086929                 /storage/home/hcoda1/4/hyu483/conda_envs/qgis332/lib/libpdal_plugin_reader_arrow.so.18.1.0
15547d781000-15547d7ad000 r-xp 0000c000 00:2e 1889086929                 /storage/home/hcoda1/4/hyu483/conda_envs/qgis332/lib/libpdal_plugin_reader_arrow.so.18.1.0
15547d7ad000-15547d7b7000 r--p 00038000 00:2e 1889086929                 /storage/home/hcoda1/4/hyu483/conda_envs/qgis332/lib/libpdal_plugin_reader_arrow.so.18.1.0
15547d7b7000-15547d7b9000 r--p 00041000 00:2e 1889086929                 /storage/home/hcoda1/4/hyu483/conda_envs/qgis332/lib/libpdal_plugin_reader_arrow.so.18.1.0
15547d7b9000-15547d7ba000 rw-p 00043000 00:2e 1889086929                 /storage/home/hcoda1/4/hyu483/conda_envs/qgis332/lib/libpdal_plugin_reader_arrow.so.18.1.0
15547d7ba000-15547d7c7000 r--p 00000000 00:2e 1917429389                 /storage/home/hcoda1/4/hyu483/conda_envs/qgis332/lib/libgomp.so.1.0.0
15547d7c7000-15547d7ea000 r-xp 0000d000 00:2e 1917429389                 /storage/home/hcoda1/4/hyu483/conda_envs/qgis332/lib/libgomp.so.1.0.0
15547d7ea000-15547d7f8000 r--p 00030000 00:2e 1917429389                 /storage/home/hcoda1/4/hyu483/conda_envs/qgis332/lib/libgomp.so.1.0.0
15547d7f8000-15547d7f9000 r--p 0003d000 00:2e 1917429389                 /storage/home/hcoda1/4/hyu483/conda_envs/qgis332/lib/libgomp.so.1.0.0
15547d7f9000-15547d7fa000 rw-p 0003e000 00:2e 1917429389                 /storage/home/hcoda1/4/hyu483/conda_envs/qgis332/lib/libgomp.so.1.0.0
15547d7fa000-15547d7fb000 r--p 00000000 00:2e 2094161960                 /storage/home/hcoda1/4/hyu483/conda_envs/qgis332/lib/libcamd.so.2.4.6
15547d7fb000-15547d804000 r-xp 00001000 00:2e 2094161960                 /storage/home/hcoda1/4/hyu483/conda_envs/qgis332/lib/libcamd.so.2.4.6
15547d804000-15547d806000 r--p 0000a000 00:2e 2094161960                 /storage/home/hcoda1/4/hyu483/conda_envs/qgis332/lib/libcamd.so.2.4.6
15547d806000-15547d807000 r--p 0000b000 00:2e 2094161960                 /storage/home/hcoda1/4/hyu483/conda_envs/qgis332/lib/libcamd.so.2.4.6
15547d807000-15547d808000 rw-p 0000c000 00:2e 2094161960                 /storage/home/hcoda1/4/hyu483/conda_envs/qgis332/lib/libcamd.so.2.4.6
15547d808000-15547d809000 r--p 00000000 00:2e 2094148979                 /storage/home/hcoda1/4/hyu483/conda_envs/qgis332/lib/libccolamd.so.2.9.6
15547d809000-15547d812000 r-xp 00001000 00:2e 2094148979                 /storage/home/hcoda1/4/hyu483/conda_envs/qgis332/lib/libccolamd.so.2.9.6
15547d812000-15547d814000 r--p 0000a000 00:2e 2094148979                 /storage/home/hcoda1/4/hyu483/conda_envs/qgis332/lib/libccolamd.so.2.9.6
15547d814000-15547d815000 r--p 0000b000 00:2e 2094148979                 /storage/home/hcoda1/4/hyu483/conda_envs/qgis332/lib/libccolamd.so.2.9.6
15547d815000-15547d816000 rw-p 0000c000 00:2e 2094148979                 /storage/home/hcoda1/4/hyu483/conda_envs/qgis332/lib/libccolamd.so.2.9.6
15547d816000-15547d817000 r--p 00000000 00:2e 2094148218                 /storage/home/hcoda1/4/hyu483/conda_envs/qgis332/lib/libcolamd.so.2.9.6
15547d817000-15547d81c000 r-xp 00001000 00:2e 2094148218                 /storage/home/hcoda1/4/hyu483/conda_envs/qgis332/lib/libcolamd.so.2.9.6
15547d81c000-15547d81d000 r--p 00006000 00:2e 2094148218                 /storage/home/hcoda1/4/hyu483/conda_envs/qgis332/lib/libcolamd.so.2.9.6
15547d81d000-15547d81e000 r--p 00006000 00:2e 2094148218                 /storage/home/hcoda1/4/hyu483/conda_envs/qgis332/lib/libcolamd.so.2.9.6
15547d81e000-15547d81f000 rw-p 00007000 00:2e 2094148218                 /storage/home/hcoda1/4/hyu483/conda_envs/qgis332/lib/libcolamd.so.2.9.6
15547d81f000-15547d820000 r--p 00000000 00:2e 2094148827                 /storage/home/hcoda1/4/hyu483/conda_envs/qgis332/lib/libamd.so.2.4.6
15547d820000-15547d828000 r-xp 00001000 00:2e 2094148827                 /storage/home/hcoda1/4/hyu483/conda_envs/qgis332/lib/libamd.so.2.4.6
15547d828000-15547d82a000 r--p 00009000 00:2e 2094148827                 /storage/home/hcoda1/4/hyu483/conda_envs/qgis332/lib/libamd.so.2.4.6
15547d82a000-15547d82b000 r--p 0000a000 00:2e 2094148827                 /storage/home/hcoda1/4/hyu483/conda_envs/qgis332/lib/libamd.so.2.4.6
15547d82b000-15547d82c000 rw-p 0000b000 00:2e 2094148827                 /storage/home/hcoda1/4/hyu483/conda_envs/qgis332/lib/libamd.so.2.4.6
15547d82c000-15547d83d000 r--p 00000000 00:2e 1893834641                 /storage/home/hcoda1/4/hyu483/conda_envs/qgis332/lib/libmetis.so
15547d83d000-15547d88a000 r-xp 00011000 00:2e 1893834641                 /storage/home/hcoda1/4/hyu483/conda_envs/qgis332/lib/libmetis.so
15547d88a000-15547d89b000 r--p 0005e000 00:2e 1893834641                 /storage/home/hcoda1/4/hyu483/conda_envs/qgis332/lib/libmetis.so
15547d89b000-15547d89d000 r--p 0006e000 00:2e 1893834641                 /storage/home/hcoda1/4/hyu483/conda_envs/qgis332/lib/libmetis.so
15547d89d000-15547d89e000 rw-p 00070000 00:2e 1893834641                 /storage/home/hcoda1/4/hyu483/conda_envs/qgis332/lib/libmetis.so
15547d89e000-15547d8a4000 r--p 00000000 00:2e 2094141292                 /storage/home/hcoda1/4/hyu483/conda_envs/qgis332/lib/libspqr.so.2.0.9
15547d8a4000-15547d8cc000 r-xp 00006000 00:2e 2094141292                 /storage/home/hcoda1/4/hyu483/conda_envs/qgis332/lib/libspqr.so.2.0.9
15547d8cc000-15547d8d0000 r--p 0002e000 00:2e 2094141292                 /storage/home/hcoda1/4/hyu483/conda_envs/qgis332/lib/libspqr.so.2.0.9
15547d8d0000-15547d8d1000 r--p 00031000 00:2e 2094141292                 /storage/home/hcoda1/4/hyu483/conda_envs/qgis332/lib/libspqr.so.2.0.9
15547d8d1000-15547d8d2000 rw-p 00032000 00:2e 2094141292                 /storage/home/hcoda1/4/hyu483/conda_envs/qgis332/lib/libspqr.so.2.0.9
15547d8d2000-15547d8da000 r--p 00000000 00:2e 2094162630                 /storage/home/hcoda1/4/hyu483/conda_envs/qgis332/lib/libcholmod.so.3.0.14
15547d8da000-15547d9d1000 r-xp 00008000 00:2e 2094162630                 /storage/home/hcoda1/4/hyu483/conda_envs/qgis332/lib/libcholmod.so.3.0.14
15547d9d1000-15547d9df000 r--p 000ff000 00:2e 2094162630                 /storage/home/hcoda1/4/hyu483/conda_envs/qgis332/lib/libcholmod.so.3.0.14
15547d9df000-15547d9e0000 r--p 0010c000 00:2e 2094162630                 /storage/home/hcoda1/4/hyu483/conda_envs/qgis332/lib/libcholmod.so.3.0.14
15547d9e0000-15547d9e1000 rw-p 0010d000 00:2e 2094162630                 /storage/home/hcoda1/4/hyu483/conda_envs/qgis332/lib/libcholmod.so.3.0.14
15547d9e1000-15547d9e6000 r--p 00000000 00:2e 1940419484                 /storage/home/hcoda1/4/hyu483/conda_envs/qgis332/lib/libgflags.so.2.2.2
15547d9e6000-15547da07000 r-xp 00005000 00:2e 1940419484                 /storage/home/hcoda1/4/hyu483/conda_envs/qgis332/lib/libgflags.so.2.2.2
15547da07000-15547da0c000 r--p 00026000 00:2e 1940419484                 /storage/home/hcoda1/4/hyu483/conda_envs/qgis332/lib/libgflags.so.2.2.2
15547da0c000-15547da0d000 r--p 0002a000 00:2e 1940419484                 /storage/home/hcoda1/4/hyu483/conda_envs/qgis332/lib/libgflags.so.2.2.2
15547da0d000-15547da0e000 rw-p 0002b000 00:2e 1940419484                 /storage/home/hcoda1/4/hyu483/conda_envs/qgis332/lib/libgflags.so.2.2.2
15547da0e000-15547da1f000 r--p 00000000 00:2e 1932648822                 /storage/home/hcoda1/4/hyu483/conda_envs/qgis332/lib/libglog.so.0.7.1
15547da1f000-15547da45000 r-xp 00011000 00:2e 1932648822                 /storage/home/hcoda1/4/hyu483/conda_envs/qgis332/lib/libglog.so.0.7.1
15547da45000-15547da4f000 r--p 00037000 00:2e 1932648822                 /storage/home/hcoda1/4/hyu483/conda_envs/qgis332/lib/libglog.so.0.7.1
15547da4f000-15547da51000 r--p 00041000 00:2e 1932648822                 /storage/home/hcoda1/4/hyu483/conda_envs/qgis332/lib/libglog.so.0.7.1
15547da51000-15547da52000 rw-p 00043000 00:2e 1932648822                 /storage/home/hcoda1/4/hyu483/conda_envs/qgis332/lib/libglog.so.0.7.1
15547da52000-15547da62000 rw-p 00000000 00:00 0 
15547da62000-15547da85000 r--p 00000000 00:2e 2007941774                 /storage/home/hcoda1/4/hyu483/conda_envs/qgis332/lib/libceres.so.2.2.0
15547da85000-15547df0d000 r-xp 00023000 00:2e 2007941774                 /storage/home/hcoda1/4/hyu483/conda_envs/qgis332/lib/libceres.so.2.2.0
15547df0d000-15547dfc8000 r--p 004ab000 00:2e 2007941774                 /storage/home/hcoda1/4/hyu483/conda_envs/qgis332/lib/libceres.so.2.2.0
15547dfc8000-15547dfd0000 r--p 00566000 00:2e 2007941774                 /storage/home/hcoda1/4/hyu483/conda_envs/qgis332/lib/libceres.so.2.2.0
15547dfd0000-15547dfd1000 rw-p 0056e000 00:2e 2007941774                 /storage/home/hcoda1/4/hyu483/conda_envs/qgis332/lib/libceres.so.2.2.0
15547dfd1000-15547dfdc000 r--p 00000000 00:2e 1910472472                 /storage/home/hcoda1/4/hyu483/conda_envs/qgis332/lib/libpdal_plugin_filter_trajectory.so.18.1.0
15547dfdc000-15547e012000 r-xp 0000b000 00:2e 1910472472                 /storage/home/hcoda1/4/hyu483/conda_envs/qgis332/lib/libpdal_plugin_filter_trajectory.so.18.1.0
15547e012000-15547e018000 r--p 00041000 00:2e 1910472472                 /storage/home/hcoda1/4/hyu483/conda_envs/qgis332/lib/libpdal_plugin_filter_trajectory.so.18.1.0
15547e018000-15547e01a000 r--p 00046000 00:2e 1910472472                 /storage/home/hcoda1/4/hyu483/conda_envs/qgis332/lib/libpdal_plugin_filter_trajectory.so.18.1.0
15547e01a000-15547e01b000 rw-p 00048000 00:2e 1910472472                 /storage/home/hcoda1/4/hyu483/conda_envs/qgis332/lib/libpdal_plugin_filter_trajectory.so.18.1.0
15547e01b000-15547e02a000 r--p 00000000 00:2e 2085794856                 /storage/home/hcoda1/4/hyu483/conda_envs/qgis332/lib/python3.11/site-packages/pdal/libpdal_plugin_filter_python.so
15547e02a000-15547e063000 r-xp 0000f000 00:2e 2085794856                 /storage/home/hcoda1/4/hyu483/conda_envs/qgis332/lib/python3.11/site-packages/pdal/libpdal_plugin_filter_python.so
15547e063000-15547e06f000 r--p 00048000 00:2e 2085794856                 /storage/home/hcoda1/4/hyu483/conda_envs/qgis332/lib/python3.11/site-packages/pdal/libpdal_plugin_filter_python.so
15547e06f000-15547e071000 r--p 00054000 00:2e 2085794856                 /storage/home/hcoda1/4/hyu483/conda_envs/qgis332/lib/python3.11/site-packages/pdal/libpdal_plugin_filter_python.so
15547e071000-15547e072000 rw-p 00056000 00:2e 2085794856                 /storage/home/hcoda1/4/hyu483/conda_envs/qgis332/lib/python3.11/site-packages/pdal/libpdal_plugin_filter_python.so
15547e072000-15547e076000 r--p 00000000 00:2e 1932536845                 /storage/home/hcoda1/4/hyu483/conda_envs/qgis332/lib/libfgt.so.0.4.11
15547e076000-15547e080000 r-xp 00004000 00:2e 1932536845                 /storage/home/hcoda1/4/hyu483/conda_envs/qgis332/lib/libfgt.so.0.4.11
15547e080000-15547e082000 r--p 0000e000 00:2e 1932536845                 /storage/home/hcoda1/4/hyu483/conda_envs/qgis332/lib/libfgt.so.0.4.11
15547e082000-15547e083000 r--p 0000f000 00:2e 1932536845                 /storage/home/hcoda1/4/hyu483/conda_envs/qgis332/lib/libfgt.so.0.4.11
15547e083000-15547e084000 rw-p 00010000 00:2e 1932536845                 /storage/home/hcoda1/4/hyu483/conda_envs/qgis332/lib/libfgt.so.0.4.11
15547e084000-15547e08e000 r--p 00000000 00:2e 1910472385                 /storage/home/hcoda1/4/hyu483/conda_envs/qgis332/lib/libpdal_plugin_filter_cpd.so.18.1.0
15547e08e000-15547e0dd000 r-xp 0000a000 00:2e 1910472385                 /storage/home/hcoda1/4/hyu483/conda_envs/qgis332/lib/libpdal_plugin_filter_cpd.so.18.1.0
15547e0dd000-15547e0e4000 r--p 00059000 00:2e 1910472385                 /storage/home/hcoda1/4/hyu483/conda_envs/qgis332/lib/libpdal_plugin_filter_cpd.so.18.1.0
15547e0e4000-15547e0e6000 r--p 0005f000 00:2e 1910472385                 /storage/home/hcoda1/4/hyu483/conda_envs/qgis332/lib/libpdal_plugin_filter_cpd.so.18.1.0
15547e0e6000-15547e0e7000 rw-p 00061000 00:2e 1910472385                 /storage/home/hcoda1/4/hyu483/conda_envs/qgis332/lib/libpdal_plugin_filter_cpd.so.18.1.0
15547e0e7000-15547e10f000 r--p 00000000 00:2e 1902568361                 /storage/home/hcoda1/4/hyu483/conda_envs/qgis332/lib/qgis/plugins/libprovider_wms.so
15547e10f000-15547e1d4000 r-xp 00028000 00:2e 1902568361                 /storage/home/hcoda1/4/hyu483/conda_envs/qgis332/lib/qgis/plugins/libprovider_wms.so
15547e1d4000-15547e20b000 r--p 000ed000 00:2e 1902568361                 /storage/home/hcoda1/4/hyu483/conda_envs/qgis332/lib/qgis/plugins/libprovider_wms.so
15547e20b000-15547e211000 r--p 00124000 00:2e 1902568361                 /storage/home/hcoda1/4/hyu483/conda_envs/qgis332/lib/qgis/plugins/libprovider_wms.so
15547e211000-15547e212000 rw-p 0012a000 00:2e 1902568361                 /storage/home/hcoda1/4/hyu483/conda_envs/qgis332/lib/qgis/plugins/libprovider_wms.so
15547e212000-15547e23e000 r--p 00000000 00:2e 1902568359                 /storage/home/hcoda1/4/hyu483/conda_envs/qgis332/lib/qgis/plugins/libprovider_wfs.so
15547e23e000-15547e33f000 r-xp 0002c000 00:2e 1902568359                 /storage/home/hcoda1/4/hyu483/conda_envs/qgis332/lib/qgis/plugins/libprovider_wfs.so
15547e33f000-15547e37b000 r--p 0012d000 00:2e 1902568359                 /storage/home/hcoda1/4/hyu483/conda_envs/qgis332/lib/qgis/plugins/libprovider_wfs.so
15547e37b000-15547e382000 r--p 00169000 00:2e 1902568359                 /storage/home/hcoda1/4/hyu483/conda_envs/qgis332/lib/qgis/plugins/libprovider_wfs.so
15547e382000-15547e383000 rw-p 00170000 00:2e 1902568359                 /storage/home/hcoda1/4/hyu483/conda_envs/qgis332/lib/qgis/plugins/libprovider_wfs.so
15547e383000-15547e397000 r--p 00000000 00:2e 1902568336                 /storage/home/hcoda1/4/hyu483/conda_envs/qgis332/lib/qgis/plugins/libprovider_wcs.so
15547e397000-15547e3d2000 r-xp 00014000 00:2e 1902568336                 /storage/home/hcoda1/4/hyu483/conda_envs/qgis332/lib/qgis/plugins/libprovider_wcs.so
15547e3d2000-15547e3e4000 r--p 0004f000 00:2e 1902568336                 /storage/home/hcoda1/4/hyu483/conda_envs/qgis332/lib/qgis/plugins/libprovider_wcs.so
15547e3e4000-15547e3e7000 r--p 00061000 00:2e 1902568336                 /storage/home/hcoda1/4/hyu483/conda_envs/qgis332/lib/qgis/plugins/libprovider_wcs.so
15547e3e7000-15547e3e8000 rw-p 00064000 00:2e 1902568336                 /storage/home/hcoda1/4/hyu483/conda_envs/qgis332/lib/qgis/plugins/libprovider_wcs.so
15547e3e8000-15547e3ef000 r--p 00000000 00:2e 1902568332                 /storage/home/hcoda1/4/hyu483/conda_envs/qgis332/lib/qgis/plugins/libprovider_virtualraster.so
15547e3ef000-15547e3fe000 r-xp 00007000 00:2e 1902568332                 /storage/home/hcoda1/4/hyu483/conda_envs/qgis332/lib/qgis/plugins/libprovider_virtualraster.so
15547e3fe000-15547e401000 r--p 00016000 00:2e 1902568332                 /storage/home/hcoda1/4/hyu483/conda_envs/qgis332/lib/qgis/plugins/libprovider_virtualraster.so
15547e401000-15547e402000 r--p 00019000 00:2e 1902568332                 /storage/home/hcoda1/4/hyu483/conda_envs/qgis332/lib/qgis/plugins/libprovider_virtualraster.so
15547e402000-15547e403000 rw-p 0001a000 00:2e 1902568332                 /storage/home/hcoda1/4/hyu483/conda_envs/qgis332/lib/qgis/plugins/libprovider_virtualraster.so
15547e403000-15547e41a000 r--p 00000000 00:2e 1902568328                 /storage/home/hcoda1/4/hyu483/conda_envs/qgis332/lib/qgis/plugins/libprovider_virtuallayer.so
15547e41a000-15547e44a000 r-xp 00017000 00:2e 1902568328                 /storage/home/hcoda1/4/hyu483/conda_envs/qgis332/lib/qgis/plugins/libprovider_virtuallayer.so
15547e44a000-15547e457000 r--p 00047000 00:2e 1902568328                 /storage/home/hcoda1/4/hyu483/conda_envs/qgis332/lib/qgis/plugins/libprovider_virtuallayer.so
15547e457000-15547e45a000 r--p 00054000 00:2e 1902568328                 /storage/home/hcoda1/4/hyu483/conda_envs/qgis332/lib/qgis/plugins/libprovider_virtuallayer.so
15547e45a000-15547e45b000 rw-p 00057000 00:2e 1902568328                 /storage/home/hcoda1/4/hyu483/conda_envs/qgis332/lib/qgis/plugins/libprovider_virtuallayer.so
15547e45b000-15547e478000 r--p 00000000 00:2e 1902568326                 /storage/home/hcoda1/4/hyu483/conda_envs/qgis332/lib/qgis/plugins/libprovider_spatialite.so
15547e478000-15547e4ee000 r-xp 0001d000 00:2e 1902568326                 /storage/home/hcoda1/4/hyu483/conda_envs/qgis332/lib/qgis/plugins/libprovider_spatialite.so
15547e4ee000-15547e515000 r--p 00093000 00:2e 1902568326                 /storage/home/hcoda1/4/hyu483/conda_envs/qgis332/lib/qgis/plugins/libprovider_spatialite.so
15547e515000-15547e519000 r--p 000b9000 00:2e 1902568326                 /storage/home/hcoda1/4/hyu483/conda_envs/qgis332/lib/qgis/plugins/libprovider_spatialite.so
15547e519000-15547e51a000 rw-p 000bd000 00:2e 1902568326                 /storage/home/hcoda1/4/hyu483/conda_envs/qgis332/lib/qgis/plugins/libprovider_spatialite.so
15547e51a000-15547e528000 r--p 00000000 00:2e 1902568318                 /storage/home/hcoda1/4/hyu483/conda_envs/qgis332/lib/qgis/plugins/libprovider_postgresraster.so
15547e528000-15547e56e000 r-xp 0000e000 00:2e 1902568318                 /storage/home/hcoda1/4/hyu483/conda_envs/qgis332/lib/qgis/plugins/libprovider_postgresraster.so
15547e56e000-15547e589000 r--p 00054000 00:2e 1902568318                 /storage/home/hcoda1/4/hyu483/conda_envs/qgis332/lib/qgis/plugins/libprovider_postgresraster.so
15547e589000-15547e58b000 r--p 0006e000 00:2e 1902568318                 /storage/home/hcoda1/4/hyu483/conda_envs/qgis332/lib/qgis/plugins/libprovider_postgresraster.so
15547e58b000-15547e58c000 rw-p 00070000 00:2e 1902568318                 /storage/home/hcoda1/4/hyu483/conda_envs/qgis332/lib/qgis/plugins/libprovider_postgresraster.so
15547e58c000-15547e591000 r--p 00000000 00:2e 2085784157                 /storage/home/hcoda1/4/hyu483/conda_envs/qgis332/lib/libsasl2.so.3.0.0
15547e591000-15547e5a3000 r-xp 00005000 00:2e 2085784157                 /storage/home/hcoda1/4/hyu483/conda_envs/qgis332/lib/libsasl2.so.3.0.0
15547e5a3000-15547e5a9000 r--p 00017000 00:2e 2085784157                 /storage/home/hcoda1/4/hyu483/conda_envs/qgis332/lib/libsasl2.so.3.0.0
15547e5a9000-15547e5aa000 r--p 0001c000 00:2e 2085784157                 /storage/home/hcoda1/4/hyu483/conda_envs/qgis332/lib/libsasl2.so.3.0.0
15547e5aa000-15547e5ab000 rw-p 0001d000 00:2e 2085784157                 /storage/home/hcoda1/4/hyu483/conda_envs/qgis332/lib/libsasl2.so.3.0.0
15547e5ab000-15547e5af000 r--p 00000000 00:2e 2007931388                 /storage/home/hcoda1/4/hyu483/conda_envs/qgis332/lib/liblber.so.2.0.200
15547e5af000-15547e5b6000 r-xp 00004000 00:2e 2007931388                 /storage/home/hcoda1/4/hyu483/conda_envs/qgis332/lib/liblber.so.2.0.200
15547e5b6000-15547e5b9000 r--p 0000b000 00:2e 2007931388                 /storage/home/hcoda1/4/hyu483/conda_envs/qgis332/lib/liblber.so.2.0.200
15547e5b9000-15547e5ba000 r--p 0000e000 00:2e 2007931388                 /storage/home/hcoda1/4/hyu483/conda_envs/qgis332/lib/liblber.so.2.0.200
15547e5ba000-15547e5bb000 rw-p 0000f000 00:2e 2007931388                 /storage/home/hcoda1/4/hyu483/conda_envs/qgis332/lib/liblber.so.2.0.200
15547e5bb000-15547e5ce000 r--p 00000000 00:2e 2085784265                 /storage/home/hcoda1/4/hyu483/conda_envs/qgis332/lib/libldap.so.2.0.200
15547e5ce000-15547e607000 r-xp 00013000 00:2e 2085784265                 /storage/home/hcoda1/4/hyu483/conda_envs/qgis332/lib/libldap.so.2.0.200
15547e607000-15547e618000 r--p 0004c000 00:2e 2085784265                 /storage/home/hcoda1/4/hyu483/conda_envs/qgis332/lib/libldap.so.2.0.200
15547e618000-15547e61a000 r--p 0005d000 00:2e 2085784265                 /storage/home/hcoda1/4/hyu483/conda_envs/qgis332/lib/libldap.so.2.0.200
15547e61a000-15547e61b000 rw-p 0005f000 00:2e 2085784265                 /storage/home/hcoda1/4/hyu483/conda_envs/qgis332/lib/libldap.so.2.0.200
15547e61b000-15547e61d000 rw-p 00000000 00:00 0 
15547e61d000-15547e62a000 r--p 00000000 00:2e 2085784370                 /storage/home/hcoda1/4/hyu483/conda_envs/qgis332/lib/libpq.so.5.17
15547e62a000-15547e64f000 r-xp 0000d000 00:2e 2085784370                 /storage/home/hcoda1/4/hyu483/conda_envs/qgis332/lib/libpq.so.5.17
15547e64f000-15547e671000 r--p 00032000 00:2e 2085784370                 /storage/home/hcoda1/4/hyu483/conda_envs/qgis332/lib/libpq.so.5.17
15547e671000-15547e675000 r--p 00053000 00:2e 2085784370                 /storage/home/hcoda1/4/hyu483/conda_envs/qgis332/lib/libpq.so.5.17
15547e675000-15547e676000 rw-p 00057000 00:2e 2085784370                 /storage/home/hcoda1/4/hyu483/conda_envs/qgis332/lib/libpq.so.5.17
15547e676000-15547e69e000 r--p 00000000 00:2e 1902568315                 /storage/home/hcoda1/4/hyu483/conda_envs/qgis332/lib/qgis/plugins/libprovider_postgres.so
15547e69e000-15547e793000 r-xp 00028000 00:2e 1902568315                 /storage/home/hcoda1/4/hyu483/conda_envs/qgis332/lib/qgis/plugins/libprovider_postgres.so
15547e793000-15547e7e2000 r--p 0011d000 00:2e 1902568315                 /storage/home/hcoda1/4/hyu483/conda_envs/qgis332/lib/qgis/plugins/libprovider_postgres.so
15547e7e2000-15547e7e8000 r--p 0016c000 00:2e 1902568315                 /storage/home/hcoda1/4/hyu483/conda_envs/qgis332/lib/qgis/plugins/libprovider_postgres.so
15547e7e8000-15547e7e9000 rw-p 00172000 00:2e 1902568315                 /storage/home/hcoda1/4/hyu483/conda_envs/qgis332/lib/qgis/plugins/libprovider_postgres.so
15547e7e9000-15547e7f2000 r--p 00000000 00:2e 1902568309                 /storage/home/hcoda1/4/hyu483/conda_envs/qgis332/lib/qgis/plugins/libprovider_pdal.so
15547e7f2000-15547e806000 r-xp 00009000 00:2e 1902568309                 /storage/home/hcoda1/4/hyu483/conda_envs/qgis332/lib/qgis/plugins/libprovider_pdal.so
15547e806000-15547e80b000 r--p 0001d000 00:2e 1902568309                 /storage/home/hcoda1/4/hyu483/conda_envs/qgis332/lib/qgis/plugins/libprovider_pdal.so
15547e80b000-15547e80c000 r--p 00022000 00:2e 1902568309                 /storage/home/hcoda1/4/hyu483/conda_envs/qgis332/lib/qgis/plugins/libprovider_pdal.so
15547e80c000-15547e80d000 rw-p 00023000 00:2e 1902568309                 /storage/home/hcoda1/4/hyu483/conda_envs/qgis332/lib/qgis/plugins/libprovider_pdal.so
15547e80d000-15547e82e000 r--p 00000000 00:2e 1902568308                 /storage/home/hcoda1/4/hyu483/conda_envs/qgis332/lib/qgis/plugins/libprovider_mssql.so
15547e82e000-15547e8be000 r-xp 00021000 00:2e 1902568308                 /storage/home/hcoda1/4/hyu483/conda_envs/qgis332/lib/qgis/plugins/libprovider_mssql.so
15547e8be000-15547e8e6000 r--p 000b1000 00:2e 1902568308                 /storage/home/hcoda1/4/hyu483/conda_envs/qgis332/lib/qgis/plugins/libprovider_mssql.so
15547e8e6000-15547e8ea000 r--p 000d9000 00:2e 1902568308                 /storage/home/hcoda1/4/hyu483/conda_envs/qgis332/lib/qgis/plugins/libprovider_mssql.so
15547e8ea000-15547e8eb000 rw-p 000dd000 00:2e 1902568308                 /storage/home/hcoda1/4/hyu483/conda_envs/qgis332/lib/qgis/plugins/libprovider_mssql.so
15547e8eb000-15547e8f2000 r--p 00000000 00:2e 2005529064                 /storage/home/hcoda1/4/hyu483/conda_envs/qgis332/lib/libhdf5_hl.so.310.0.3
15547e8f2000-15547e907000 r-xp 00007000 00:2e 2005529064                 /storage/home/hcoda1/4/hyu483/conda_envs/qgis332/lib/libhdf5_hl.so.310.0.3
15547e907000-15547e90c000 r--p 0001c000 00:2e 2005529064                 /storage/home/hcoda1/4/hyu483/conda_envs/qgis332/lib/libhdf5_hl.so.310.0.3
15547e90c000-15547e90d000 r--p 00021000 00:2e 2005529064                 /storage/home/hcoda1/4/hyu483/conda_envs/qgis332/lib/libhdf5_hl.so.310.0.3
15547e90d000-15547e90e000 rw-p 00022000 00:2e 2005529064                 /storage/home/hcoda1/4/hyu483/conda_envs/qgis332/lib/libhdf5_hl.so.310.0.3
15547e90e000-15547e90f000 rw-p 00000000 00:00 0 
15547e90f000-15547e921000 r--p 00000000 00:2e 1932648910                 /storage/home/hcoda1/4/hyu483/conda_envs/qgis332/lib/libdf.so.0.0.0
15547e921000-15547e981000 r-xp 00012000 00:2e 1932648910                 /storage/home/hcoda1/4/hyu483/conda_envs/qgis332/lib/libdf.so.0.0.0
15547e981000-15547e993000 r--p 00072000 00:2e 1932648910                 /storage/home/hcoda1/4/hyu483/conda_envs/qgis332/lib/libdf.so.0.0.0
15547e993000-15547e996000 r--p 00083000 00:2e 1932648910                 /storage/home/hcoda1/4/hyu483/conda_envs/qgis332/lib/libdf.so.0.0.0
15547e996000-15547e997000 rw-p 00086000 00:2e 1932648910                 /storage/home/hcoda1/4/hyu483/conda_envs/qgis332/lib/libdf.so.0.0.0
15547e997000-15547e9c0000 rw-p 00000000 00:00 0 
15547e9c0000-15547e9c7000 r--p 00000000 00:2e 1932648914                 /storage/home/hcoda1/4/hyu483/conda_envs/qgis332/lib/libmfhdf.so.0.0.0
15547e9c7000-15547e9e4000 r-xp 00007000 00:2e 1932648914                 /storage/home/hcoda1/4/hyu483/conda_envs/qgis332/lib/libmfhdf.so.0.0.0
15547e9e4000-15547e9ea000 r--p 00024000 00:2e 1932648914                 /storage/home/hcoda1/4/hyu483/conda_envs/qgis332/lib/libmfhdf.so.0.0.0
15547e9ea000-15547e9eb000 r--p 00029000 00:2e 1932648914                 /storage/home/hcoda1/4/hyu483/conda_envs/qgis332/lib/libmfhdf.so.0.0.0
15547e9eb000-15547e9ec000 rw-p 0002a000 00:2e 1932648914                 /storage/home/hcoda1/4/hyu483/conda_envs/qgis332/lib/libmfhdf.so.0.0.0
15547e9ec000-15547e9ed000 rw-p 00000000 00:00 0 
15547e9ed000-15547e9ee000 r--p 00000000 00:2e 2094149360                 /storage/home/hcoda1/4/hyu483/conda_envs/qgis332/lib/libsz.so.2.0.1
15547e9ee000-15547e9f6000 r-xp 00001000 00:2e 2094149360                 /storage/home/hcoda1/4/hyu483/conda_envs/qgis332/lib/libsz.so.2.0.1
15547e9f6000-15547e9f8000 r--p 00009000 00:2e 2094149360                 /storage/home/hcoda1/4/hyu483/conda_envs/qgis332/lib/libsz.so.2.0.1
15547e9f8000-15547e9f9000 r--p 0000a000 00:2e 2094149360                 /storage/home/hcoda1/4/hyu483/conda_envs/qgis332/lib/libsz.so.2.0.1
15547e9f9000-15547e9fa000 rw-p 0000b000 00:2e 2094149360                 /storage/home/hcoda1/4/hyu483/conda_envs/qgis332/lib/libsz.so.2.0.1
15547e9fa000-15547ea2b000 r--p 00000000 00:2e 1940392614                 /storage/home/hcoda1/4/hyu483/conda_envs/qgis332/lib/libnetcdf.so.19
15547ea2b000-15547eb08000 r-xp 00031000 00:2e 1940392614                 /storage/home/hcoda1/4/hyu483/conda_envs/qgis332/lib/libnetcdf.so.19
15547eb08000-15547eb90000 r--p 0010e000 00:2e 1940392614                 /storage/home/hcoda1/4/hyu483/conda_envs/qgis332/lib/libnetcdf.so.19
15547eb90000-15547eb96000 r--p 00195000 00:2e 1940392614                 /storage/home/hcoda1/4/hyu483/conda_envs/qgis332/lib/libnetcdf.so.19
15547eb96000-15547eb9f000 rw-p 0019b000 00:2e 1940392614                 /storage/home/hcoda1/4/hyu483/conda_envs/qgis332/lib/libnetcdf.so.19
15547eb9f000-15547ec34000 rw-p 00000000 00:00 0 
15547ec34000-15547ec85000 r--p 00000000 00:2e 1883928252                 /storage/home/hcoda1/4/hyu483/conda_envs/qgis332/lib/libhdf5.so.310.3.0
15547ec85000-15547ef5e000 r-xp 00051000 00:2e 1883928252                 /storage/home/hcoda1/4/hyu483/conda_envs/qgis332/lib/libhdf5.so.310.3.0
15547ef5e000-15547f048000 r--p 0032a000 00:2e 1883928252                 /storage/home/hcoda1/4/hyu483/conda_envs/qgis332/lib/libhdf5.so.310.3.0
15547f048000-15547f058000 r--p 00413000 00:2e 1883928252                 /storage/home/hcoda1/4/hyu483/conda_envs/qgis332/lib/libhdf5.so.310.3.0
15547f058000-15547f05a000 rw-p 00423000 00:2e 1883928252                 /storage/home/hcoda1/4/hyu483/conda_envs/qgis332/lib/libhdf5.so.310.3.0
15547f05a000-15547f05c000 rw-p 00000000 00:00 0 
15547f05c000-15547f083000 r--p 00000000 00:2e 1902568294                 /storage/home/hcoda1/4/hyu483/conda_envs/qgis332/lib/qgis/plugins/libprovider_mdal.so
15547f083000-15547f1c4000 r-xp 00027000 00:2e 1902568294                 /storage/home/hcoda1/4/hyu483/conda_envs/qgis332/lib/qgis/plugins/libprovider_mdal.so
15547f1c4000-15547f202000 r--p 00168000 00:2e 1902568294                 /storage/home/hcoda1/4/hyu483/conda_envs/qgis332/lib/qgis/plugins/libprovider_mdal.so
15547f202000-15547f209000 r--p 001a5000 00:2e 1902568294                 /storage/home/hcoda1/4/hyu483/conda_envs/qgis332/lib/qgis/plugins/libprovider_mdal.so
15547f209000-15547f20a000 rw-p 001ac000 00:2e 1902568294                 /storage/home/hcoda1/4/hyu483/conda_envs/qgis332/lib/qgis/plugins/libprovider_mdal.so
15547f20a000-15547f217000 r--p 00000000 00:2e 1902568292                 /storage/home/hcoda1/4/hyu483/conda_envs/qgis332/lib/qgis/plugins/libprovider_gpx.so
15547f217000-15547f238000 r-xp 0000d000 00:2e 1902568292                 /storage/home/hcoda1/4/hyu483/conda_envs/qgis332/lib/qgis/plugins/libprovider_gpx.so
15547f238000-15547f23f000 r--p 0002e000 00:2e 1902568292                 /storage/home/hcoda1/4/hyu483/conda_envs/qgis332/lib/qgis/plugins/libprovider_gpx.so
15547f23f000-15547f241000 r--p 00034000 00:2e 1902568292                 /storage/home/hcoda1/4/hyu483/conda_envs/qgis332/lib/qgis/plugins/libprovider_gpx.so
15547f241000-15547f242000 rw-p 00036000 00:2e 1902568292                 /storage/home/hcoda1/4/hyu483/conda_envs/qgis332/lib/qgis/plugins/libprovider_gpx.so
15547f242000-15547f257000 r--p 00000000 00:2e 1902568289                 /storage/home/hcoda1/4/hyu483/conda_envs/qgis332/lib/qgis/plugins/libprovider_delimitedtext.so
15547f257000-15547f290000 r-xp 00015000 00:2e 1902568289                 /storage/home/hcoda1/4/hyu483/conda_envs/qgis332/lib/qgis/plugins/libprovider_delimitedtext.so
15547f290000-15547f29f000 r--p 0004e000 00:2e 1902568289                 /storage/home/hcoda1/4/hyu483/conda_envs/qgis332/lib/qgis/plugins/libprovider_delimitedtext.so
15547f29f000-15547f2a2000 r--p 0005d000 00:2e 1902568289                 /storage/home/hcoda1/4/hyu483/conda_envs/qgis332/lib/qgis/plugins/libprovider_delimitedtext.so
15547f2a2000-15547f2a3000 rw-p 00060000 00:2e 1902568289                 /storage/home/hcoda1/4/hyu483/conda_envs/qgis332/lib/qgis/plugins/libprovider_delimitedtext.so
15547f2a3000-15547f2af000 r--p 00000000 00:2e 1902568288                 /storage/home/hcoda1/4/hyu483/conda_envs/qgis332/lib/qgis/plugins/libprovider_arcgismapserver.so
15547f2af000-15547f2d1000 r-xp 0000c000 00:2e 1902568288                 /storage/home/hcoda1/4/hyu483/conda_envs/qgis332/lib/qgis/plugins/libprovider_arcgismapserver.so
15547f2d1000-15547f2db000 r--p 0002e000 00:2e 1902568288                 /storage/home/hcoda1/4/hyu483/conda_envs/qgis332/lib/qgis/plugins/libprovider_arcgismapserver.so
15547f2db000-15547f2dd000 r--p 00037000 00:2e 1902568288                 /storage/home/hcoda1/4/hyu483/conda_envs/qgis332/lib/qgis/plugins/libprovider_arcgismapserver.so
15547f2dd000-15547f2de000 rw-p 00039000 00:2e 1902568288                 /storage/home/hcoda1/4/hyu483/conda_envs/qgis332/lib/qgis/plugins/libprovider_arcgismapserver.so
15547f2de000-15547f2fd000 r--p 00000000 00:2e 1902568287                 /storage/home/hcoda1/4/hyu483/conda_envs/qgis332/lib/qgis/plugins/libprovider_arcgisfeatureserver.so
15547f2fd000-15547f347000 r-xp 0001f000 00:2e 1902568287                 /storage/home/hcoda1/4/hyu483/conda_envs/qgis332/lib/qgis/plugins/libprovider_arcgisfeatureserver.so
15547f347000-15547f35e000 r--p 00069000 00:2e 1902568287                 /storage/home/hcoda1/4/hyu483/conda_envs/qgis332/lib/qgis/plugins/libprovider_arcgisfeatureserver.so
15547f35e000-15547f363000 r--p 0007f000 00:2e 1902568287                 /storage/home/hcoda1/4/hyu483/conda_envs/qgis332/lib/qgis/plugins/libprovider_arcgisfeatureserver.so
15547f363000-15547f364000 rw-p 00084000 00:2e 1902568287                 /storage/home/hcoda1/4/hyu483/conda_envs/qgis332/lib/qgis/plugins/libprovider_arcgisfeatureserver.so
15547f364000-15547f373000 r--p 00000000 00:2e 1902568284                 /storage/home/hcoda1/4/hyu483/conda_envs/qgis332/lib/qgis/plugins/libplugin_topology.so
15547f373000-15547f3a7000 r-xp 0000f000 00:2e 1902568284                 /storage/home/hcoda1/4/hyu483/conda_envs/qgis332/lib/qgis/plugins/libplugin_topology.so
15547f3a7000-15547f3b2000 r--p 00043000 00:2e 1902568284                 /storage/home/hcoda1/4/hyu483/conda_envs/qgis332/lib/qgis/plugins/libplugin_topology.so
15547f3b2000-15547f3b4000 r--p 0004e000 00:2e 1902568284                 /storage/home/hcoda1/4/hyu483/conda_envs/qgis332/lib/qgis/plugins/libplugin_topology.so
15547f3b4000-15547f3b5000 rw-p 00050000 00:2e 1902568284                 /storage/home/hcoda1/4/hyu483/conda_envs/qgis332/lib/qgis/plugins/libplugin_topology.so
15547f3b5000-15547f3bf000 r--p 00000000 00:2e 1902568283                 /storage/home/hcoda1/4/hyu483/conda_envs/qgis332/lib/qgis/plugins/libplugin_offlineediting.so
15547f3bf000-15547f3c7000 r-xp 0000a000 00:2e 1902568283                 /storage/home/hcoda1/4/hyu483/conda_envs/qgis332/lib/qgis/plugins/libplugin_offlineediting.so
15547f3c7000-15547f3cc000 r--p 00012000 00:2e 1902568283                 /storage/home/hcoda1/4/hyu483/conda_envs/qgis332/lib/qgis/plugins/libplugin_offlineediting.so
15547f3cc000-15547f3ce000 r--p 00016000 00:2e 1902568283                 /storage/home/hcoda1/4/hyu483/conda_envs/qgis332/lib/qgis/plugins/libplugin_offlineediting.so
15547f3ce000-15547f3cf000 rw-p 00018000 00:2e 1902568283                 /storage/home/hcoda1/4/hyu483/conda_envs/qgis332/lib/qgis/plugins/libplugin_offlineediting.so
15547f3cf000-15547f43a000 r--p 00000000 00:2e 2094142021                 /storage/home/hcoda1/4/hyu483/conda_envs/qgis332/lib/libgsl.so.25.1.0
15547f43a000-15547f644000 r-xp 0006b000 00:2e 2094142021                 /storage/home/hcoda1/4/hyu483/conda_envs/qgis332/lib/libgsl.so.25.1.0
15547f644000-15547f6c0000 r--p 00275000 00:2e 2094142021                 /storage/home/hcoda1/4/hyu483/conda_envs/qgis332/lib/libgsl.so.25.1.0
15547f6c0000-15547f6c1000 ---p 002f1000 00:2e 2094142021                 /storage/home/hcoda1/4/hyu483/conda_envs/qgis332/lib/libgsl.so.25.1.0
15547f6c1000-15547f6c8000 r--p 002f1000 00:2e 2094142021                 /storage/home/hcoda1/4/hyu483/conda_envs/qgis332/lib/libgsl.so.25.1.0
15547f6c8000-15547f6d6000 rw-p 002f8000 00:2e 2094142021                 /storage/home/hcoda1/4/hyu483/conda_envs/qgis332/lib/libgsl.so.25.1.0
15547f6d6000-15547f77e000 r--p 00000000 00:2e 1902568252                 /storage/home/hcoda1/4/hyu483/conda_envs/qgis332/lib/libqgis_analysis.so.3.40.3
15547f77e000-15547fce3000 r-xp 000a8000 00:2e 1902568252                 /storage/home/hcoda1/4/hyu483/conda_envs/qgis332/lib/libqgis_analysis.so.3.40.3
15547fce3000-15547fe81000 r--p 0060d000 00:2e 1902568252                 /storage/home/hcoda1/4/hyu483/conda_envs/qgis332/lib/libqgis_analysis.so.3.40.3
15547fe81000-15547fea3000 r--p 007ab000 00:2e 1902568252                 /storage/home/hcoda1/4/hyu483/conda_envs/qgis332/lib/libqgis_analysis.so.3.40.3
15547fea3000-15547fea4000 rw-p 007cd000 00:2e 1902568252                 /storage/home/hcoda1/4/hyu483/conda_envs/qgis332/lib/libqgis_analysis.so.3.40.3
15547fea4000-15547feb7000 r--p 00000000 00:2e 1902568280                 /storage/home/hcoda1/4/hyu483/conda_envs/qgis332/lib/qgis/plugins/libplugin_geometrychecker.so
15547feb7000-15547feef000 r-xp 00013000 00:2e 1902568280                 /storage/home/hcoda1/4/hyu483/conda_envs/qgis332/lib/qgis/plugins/libplugin_geometrychecker.so
15547feef000-15547fefe000 r--p 0004b000 00:2e 1902568280                 /storage/home/hcoda1/4/hyu483/conda_envs/qgis332/lib/qgis/plugins/libplugin_geometrychecker.so
15547fefe000-15547ff01000 r--p 00059000 00:2e 1902568280                 /storage/home/hcoda1/4/hyu483/conda_envs/qgis332/lib/qgis/plugins/libplugin_geometrychecker.so
15547ff01000-15547ff02000 rw-p 0005c000 00:2e 1902568280                 /storage/home/hcoda1/4/hyu483/conda_envs/qgis332/lib/qgis/plugins/libplugin_geometrychecker.so
15547ff02000-15547ff06000 r--p 00000000 00:2e 2036231099                 /storage/home/hcoda1/4/hyu483/conda_envs/qgis332/plugins/iconengines/libqsvgicon.so
15547ff06000-15547ff09000 r-xp 00004000 00:2e 2036231099                 /storage/home/hcoda1/4/hyu483/conda_envs/qgis332/plugins/iconengines/libqsvgicon.so
15547ff09000-15547ff0a000 r--p 00007000 00:2e 2036231099                 /storage/home/hcoda1/4/hyu483/conda_envs/qgis332/plugins/iconengines/libqsvgicon.so
15547ff0a000-15547ff0b000 r--p 00008000 00:2e 2036231099                 /storage/home/hcoda1/4/hyu483/conda_envs/qgis332/plugins/iconengines/libqsvgicon.so
15547ff0b000-15547ff0c000 rw-p 00009000 00:2e 2036231099                 /storage/home/hcoda1/4/hyu483/conda_envs/qgis332/plugins/iconengines/libqsvgicon.so
15547ff0c000-15547ff1c000 rwxp 00000000 00:00 0 
15547ff1c000-15547ff20000 r--p 00000000 00:2e 1932533450                 /storage/home/hcoda1/4/hyu483/conda_envs/qgis332/lib/libXext.so.6.4.0
15547ff20000-15547ff2b000 r-xp 00004000 00:2e 1932533450                 /storage/home/hcoda1/4/hyu483/conda_envs/qgis332/lib/libXext.so.6.4.0
15547ff2b000-15547ff2f000 r--p 0000f000 00:2e 1932533450                 /storage/home/hcoda1/4/hyu483/conda_envs/qgis332/lib/libXext.so.6.4.0
15547ff2f000-15547ff30000 r--p 00012000 00:2e 1932533450                 /storage/home/hcoda1/4/hyu483/conda_envs/qgis332/lib/libXext.so.6.4.0
15547ff30000-15547ff31000 rw-p 00013000 00:2e 1932533450                 /storage/home/hcoda1/4/hyu483/conda_envs/qgis332/lib/libXext.so.6.4.0
15547ff31000-15547ff3a000 r--p 00000000 00:2e 1883928332                 /storage/home/hcoda1/4/hyu483/conda_envs/qgis332/lib/libfontconfig.so.1.14.0
15547ff3a000-15547ff62000 r-xp 00009000 00:2e 1883928332                 /storage/home/hcoda1/4/hyu483/conda_envs/qgis332/lib/libfontconfig.so.1.14.0
15547ff62000-15547ff7b000 r--p 00031000 00:2e 1883928332                 /storage/home/hcoda1/4/hyu483/conda_envs/qgis332/lib/libfontconfig.so.1.14.0
15547ff7b000-15547ff7d000 r--p 0004a000 00:2e 1883928332                 /storage/home/hcoda1/4/hyu483/conda_envs/qgis332/lib/libfontconfig.so.1.14.0
15547ff7d000-15547ff7e000 rw-p 0004c000 00:2e 1883928332                 /storage/home/hcoda1/4/hyu483/conda_envs/qgis332/lib/libfontconfig.so.1.14.0
15547ff7e000-15547ff90000 r--p 00000000 00:2e 2036231207                 /storage/home/hcoda1/4/hyu483/conda_envs/qgis332/plugins/platforms/libqoffscreen.so
15547ff90000-15547ff9e000 r-xp 00012000 00:2e 2036231207                 /storage/home/hcoda1/4/hyu483/conda_envs/qgis332/plugins/platforms/libqoffscreen.so
15547ff9e000-15547ffa4000 r--p 00020000 00:2e 2036231207                 /storage/home/hcoda1/4/hyu483/conda_envs/qgis332/plugins/platforms/libqoffscreen.so
15547ffa4000-15547ffa6000 r--p 00025000 00:2e 2036231207                 /storage/home/hcoda1/4/hyu483/conda_envs/qgis332/plugins/platforms/libqoffscreen.so
15547ffa6000-15547ffa7000 rw-p 00027000 00:2e 2036231207                 /storage/home/hcoda1/4/hyu483/conda_envs/qgis332/plugins/platforms/libqoffscreen.so
15547ffa7000-1554802a7000 rw-p 00000000 00:00 0 
1554802a7000-1554802ab000 r--p 00000000 00:2e 2007948078                 /storage/home/hcoda1/4/hyu483/conda_envs/qgis332/lib/python3.11/site-packages/shapely/_geos.cpython-311-x86_64-linux-gnu.so
1554802ab000-1554802b2000 r-xp 00004000 00:2e 2007948078                 /storage/home/hcoda1/4/hyu483/conda_envs/qgis332/lib/python3.11/site-packages/shapely/_geos.cpython-311-x86_64-linux-gnu.so
1554802b2000-1554802b4000 r--p 0000b000 00:2e 2007948078                 /storage/home/hcoda1/4/hyu483/conda_envs/qgis332/lib/python3.11/site-packages/shapely/_geos.cpython-311-x86_64-linux-gnu.so
1554802b4000-1554802b5000 r--p 0000d000 00:2e 2007948078                 /storage/home/hcoda1/4/hyu483/conda_envs/qgis332/lib/python3.11/site-packages/shapely/_geos.cpython-311-x86_64-linux-gnu.so
1554802b5000-1554802b6000 rw-p 0000e000 00:2e 2007948078                 /storage/home/hcoda1/4/hyu483/conda_envs/qgis332/lib/python3.11/site-packages/shapely/_geos.cpython-311-x86_64-linux-gnu.so
1554802b6000-1554802bc000 r--p 00000000 00:2e 2007948077                 /storage/home/hcoda1/4/hyu483/conda_envs/qgis332/lib/python3.11/site-packages/shapely/_geometry_helpers.cpython-311-x86_64-linux-gnu.so
1554802bc000-1554802ea000 r-xp 00006000 00:2e 2007948077                 /storage/home/hcoda1/4/hyu483/conda_envs/qgis332/lib/python3.11/site-packages/shapely/_geometry_helpers.cpython-311-x86_64-linux-gnu.so
1554802ea000-1554802f2000 r--p 00034000 00:2e 2007948077                 /storage/home/hcoda1/4/hyu483/conda_envs/qgis332/lib/python3.11/site-packages/shapely/_geometry_helpers.cpython-311-x86_64-linux-gnu.so
1554802f2000-1554802f3000 r--p 0003c000 00:2e 2007948077                 /storage/home/hcoda1/4/hyu483/conda_envs/qgis332/lib/python3.11/site-packages/shapely/_geometry_helpers.cpython-311-x86_64-linux-gnu.so
1554802f3000-1554802f5000 rw-p 0003d000 00:2e 2007948077                 /storage/home/hcoda1/4/hyu483/conda_envs/qgis332/lib/python3.11/site-packages/shapely/_geometry_helpers.cpython-311-x86_64-linux-gnu.so
1554802f5000-1554802f6000 rw-p 00000000 00:00 0 
1554802f6000-1554802fe000 r--p 00000000 00:2e 2007948124                 /storage/home/hcoda1/4/hyu483/conda_envs/qgis332/lib/python3.11/site-packages/shapely/lib.cpython-311-x86_64-linux-gnu.so
1554802fe000-155480316000 r-xp 00008000 00:2e 2007948124                 /storage/home/hcoda1/4/hyu483/conda_envs/qgis332/lib/python3.11/site-packages/shapely/lib.cpython-311-x86_64-linux-gnu.so
155480316000-15548031c000 r--p 00020000 00:2e 2007948124                 /storage/home/hcoda1/4/hyu483/conda_envs/qgis332/lib/python3.11/site-packages/shapely/lib.cpython-311-x86_64-linux-gnu.so
15548031c000-15548031d000 r--p 00025000 00:2e 2007948124                 /storage/home/hcoda1/4/hyu483/conda_envs/qgis332/lib/python3.11/site-packages/shapely/lib.cpython-311-x86_64-linux-gnu.so
15548031d000-15548031e000 rw-p 00026000 00:2e 2007948124                 /storage/home/hcoda1/4/hyu483/conda_envs/qgis332/lib/python3.11/site-packages/shapely/lib.cpython-311-x86_64-linux-gnu.so
15548031e000-155480326000 r--p 00000000 00:2e 1883952737                 /storage/home/hcoda1/4/hyu483/conda_envs/qgis332/lib/python3.11/site-packages/numpy/random/_generator.cpython-311-x86_64-linux-gnu.so
155480326000-155480392000 r-xp 00008000 00:2e 1883952737                 /storage/home/hcoda1/4/hyu483/conda_envs/qgis332/lib/python3.11/site-packages/numpy/random/_generator.cpython-311-x86_64-linux-gnu.so
155480392000-1554803e5000 r--p 00074000 00:2e 1883952737                 /storage/home/hcoda1/4/hyu483/conda_envs/qgis332/lib/python3.11/site-packages/numpy/random/_generator.cpython-311-x86_64-linux-gnu.so
1554803e5000-1554803e6000 r--p 000c7000 00:2e 1883952737                 /storage/home/hcoda1/4/hyu483/conda_envs/qgis332/lib/python3.11/site-packages/numpy/random/_generator.cpython-311-x86_64-linux-gnu.so
1554803e6000-1554803e8000 rw-p 000c8000 00:2e 1883952737                 /storage/home/hcoda1/4/hyu483/conda_envs/qgis332/lib/python3.11/site-packages/numpy/random/_generator.cpython-311-x86_64-linux-gnu.so
1554803e8000-1554803ea000 rw-p 00000000 00:00 0 
1554803ea000-1554803ed000 r--p 00000000 00:2e 1883952746                 /storage/home/hcoda1/4/hyu483/conda_envs/qgis332/lib/python3.11/site-packages/numpy/random/_sfc64.cpython-311-x86_64-linux-gnu.so
1554803ed000-1554803f4000 r-xp 00003000 00:2e 1883952746                 /storage/home/hcoda1/4/hyu483/conda_envs/qgis332/lib/python3.11/site-packages/numpy/random/_sfc64.cpython-311-x86_64-linux-gnu.so
1554803f4000-1554803f7000 r--p 0000a000 00:2e 1883952746                 /storage/home/hcoda1/4/hyu483/conda_envs/qgis332/lib/python3.11/site-packages/numpy/random/_sfc64.cpython-311-x86_64-linux-gnu.so
1554803f7000-1554803f8000 r--p 0000c000 00:2e 1883952746                 /storage/home/hcoda1/4/hyu483/conda_envs/qgis332/lib/python3.11/site-packages/numpy/random/_sfc64.cpython-311-x86_64-linux-gnu.so
1554803f8000-1554803f9000 rw-p 0000d000 00:2e 1883952746                 /storage/home/hcoda1/4/hyu483/conda_envs/qgis332/lib/python3.11/site-packages/numpy/random/_sfc64.cpython-311-x86_64-linux-gnu.so
1554803f9000-1554803fc000 r--p 00000000 00:2e 1883952741                 /storage/home/hcoda1/4/hyu483/conda_envs/qgis332/lib/python3.11/site-packages/numpy/random/_pcg64.cpython-311-x86_64-linux-gnu.so
1554803fc000-15548040a000 r-xp 00003000 00:2e 1883952741                 /storage/home/hcoda1/4/hyu483/conda_envs/qgis332/lib/python3.11/site-packages/numpy/random/_pcg64.cpython-311-x86_64-linux-gnu.so
15548040a000-15548040f000 r--p 00011000 00:2e 1883952741                 /storage/home/hcoda1/4/hyu483/conda_envs/qgis332/lib/python3.11/site-packages/numpy/random/_pcg64.cpython-311-x86_64-linux-gnu.so
15548040f000-155480410000 r--p 00016000 00:2e 1883952741                 /storage/home/hcoda1/4/hyu483/conda_envs/qgis332/lib/python3.11/site-packages/numpy/random/_pcg64.cpython-311-x86_64-linux-gnu.so
155480410000-155480411000 rw-p 00017000 00:2e 1883952741                 /storage/home/hcoda1/4/hyu483/conda_envs/qgis332/lib/python3.11/site-packages/numpy/random/_pcg64.cpython-311-x86_64-linux-gnu.so
155480411000-155480414000 r--p 00000000 00:2e 1883952743                 /storage/home/hcoda1/4/hyu483/conda_envs/qgis332/lib/python3.11/site-packages/numpy/random/_philox.cpython-311-x86_64-linux-gnu.so
155480414000-15548041e000 r-xp 00003000 00:2e 1883952743                 /storage/home/hcoda1/4/hyu483/conda_envs/qgis332/lib/python3.11/site-packages/numpy/random/_philox.cpython-311-x86_64-linux-gnu.so
15548041e000-155480422000 r--p 0000d000 00:2e 1883952743                 /storage/home/hcoda1/4/hyu483/conda_envs/qgis332/lib/python3.11/site-packages/numpy/random/_philox.cpython-311-x86_64-linux-gnu.so
155480422000-155480423000 r--p 00011000 00:2e 1883952743                 /storage/home/hcoda1/4/hyu483/conda_envs/qgis332/lib/python3.11/site-packages/numpy/random/_philox.cpython-311-x86_64-linux-gnu.so
155480423000-155480424000 rw-p 00012000 00:2e 1883952743                 /storage/home/hcoda1/4/hyu483/conda_envs/qgis332/lib/python3.11/site-packages/numpy/random/_philox.cpython-311-x86_64-linux-gnu.so
155480424000-155480429000 r--p 00000000 00:2e 1883952722                 /storage/home/hcoda1/4/hyu483/conda_envs/qgis332/lib/python3.11/site-packages/numpy/random/_bounded_integers.cpython-311-x86_64-linux-gnu.so
155480429000-155480468000 r-xp 00005000 00:2e 1883952722                 /storage/home/hcoda1/4/hyu483/conda_envs/qgis332/lib/python3.11/site-packages/numpy/random/_bounded_integers.cpython-311-x86_64-linux-gnu.so
155480468000-155480471000 r--p 00044000 00:2e 1883952722                 /storage/home/hcoda1/4/hyu483/conda_envs/qgis332/lib/python3.11/site-packages/numpy/random/_bounded_integers.cpython-311-x86_64-linux-gnu.so
155480471000-155480472000 r--p 0004c000 00:2e 1883952722                 /storage/home/hcoda1/4/hyu483/conda_envs/qgis332/lib/python3.11/site-packages/numpy/random/_bounded_integers.cpython-311-x86_64-linux-gnu.so
155480472000-155480473000 rw-p 0004d000 00:2e 1883952722                 /storage/home/hcoda1/4/hyu483/conda_envs/qgis332/lib/python3.11/site-packages/numpy/random/_bounded_integers.cpython-311-x86_64-linux-gnu.so
155480473000-155480474000 rw-p 00000000 00:00 0 
155480474000-155480479000 r--p 00000000 00:2e 1883952753                 /storage/home/hcoda1/4/hyu483/conda_envs/qgis332/lib/python3.11/site-packages/numpy/random/mtrand.cpython-311-x86_64-linux-gnu.so
155480479000-1554804c3000 r-xp 00005000 00:2e 1883952753                 /storage/home/hcoda1/4/hyu483/conda_envs/qgis332/lib/python3.11/site-packages/numpy/random/mtrand.cpython-311-x86_64-linux-gnu.so
1554804c3000-155480513000 r--p 0004f000 00:2e 1883952753                 /storage/home/hcoda1/4/hyu483/conda_envs/qgis332/lib/python3.11/site-packages/numpy/random/mtrand.cpython-311-x86_64-linux-gnu.so
155480513000-155480514000 r--p 0009e000 00:2e 1883952753                 /storage/home/hcoda1/4/hyu483/conda_envs/qgis332/lib/python3.11/site-packages/numpy/random/mtrand.cpython-311-x86_64-linux-gnu.so
155480514000-155480515000 rw-p 0009f000 00:2e 1883952753                 /storage/home/hcoda1/4/hyu483/conda_envs/qgis332/lib/python3.11/site-packages/numpy/random/mtrand.cpython-311-x86_64-linux-gnu.so
155480515000-155480917000 rw-p 00000000 00:00 0 
1554809ff000-155480a00000 ---p 00000000 00:00 0 
155480a00000-155480a04000 ---p 00000000 00:00 0 
155480a04000-155480c00000 rw-p 00000000 00:00 0 
155480c00000-155480c13000 r-xp 00000000 fd:00 36932599                   /usr/lib/jvm/java-17-openjdk-17.0.16.0.8-2.el9.x86_64/lib/libnio.so
155480c13000-155480e13000 ---p 00013000 fd:00 36932599                   /usr/lib/jvm/java-17-openjdk-17.0.16.0.8-2.el9.x86_64/lib/libnio.so
155480e13000-155480e14000 r--p 00013000 fd:00 36932599                   /usr/lib/jvm/java-17-openjdk-17.0.16.0.8-2.el9.x86_64/lib/libnio.so
155480e14000-155480e15000 rw-p 00014000 fd:00 36932599                   /usr/lib/jvm/java-17-openjdk-17.0.16.0.8-2.el9.x86_64/lib/libnio.so
155480eff000-155480f00000 ---p 00000000 00:00 0 
155480f00000-155480f04000 ---p 00000000 00:00 0 
155480f04000-155481000000 rw-p 00000000 00:00 0 
155481000000-15548226c000 r-xp 00000000 fd:00 104334677                  /usr/lib/jvm/java-17-openjdk-17.0.16.0.8-2.el9.x86_64/lib/server/libjvm.so
15548226c000-15548246b000 ---p 0126c000 fd:00 104334677                  /usr/lib/jvm/java-17-openjdk-17.0.16.0.8-2.el9.x86_64/lib/server/libjvm.so
15548246b000-155482524000 r--p 0126b000 fd:00 104334677                  /usr/lib/jvm/java-17-openjdk-17.0.16.0.8-2.el9.x86_64/lib/server/libjvm.so
155482524000-155482559000 rw-p 01324000 fd:00 104334677                  /usr/lib/jvm/java-17-openjdk-17.0.16.0.8-2.el9.x86_64/lib/server/libjvm.so
155482559000-1554825b4000 rw-p 00000000 00:00 0 
1554825ef000-15548260c000 r--p 00000000 00:2e 1893978436                 /storage/home/hcoda1/4/hyu483/conda_envs/qgis332/lib/libnss3.so
15548260c000-1554826e0000 r-xp 0001d000 00:2e 1893978436                 /storage/home/hcoda1/4/hyu483/conda_envs/qgis332/lib/libnss3.so
1554826e0000-15548271c000 r--p 000f1000 00:2e 1893978436                 /storage/home/hcoda1/4/hyu483/conda_envs/qgis332/lib/libnss3.so
15548271c000-155482722000 r--p 0012d000 00:2e 1893978436                 /storage/home/hcoda1/4/hyu483/conda_envs/qgis332/lib/libnss3.so
155482722000-155482725000 rw-p 00133000 00:2e 1893978436                 /storage/home/hcoda1/4/hyu483/conda_envs/qgis332/lib/libnss3.so
155482725000-155482726000 rw-p 00000000 00:00 0 
155482726000-155502726000 rw-p 00000000 00:00 0 
155502726000-155502749000 r--p 00000000 00:2e 1917424039                 /storage/home/hcoda1/4/hyu483/conda_envs/qgis332/lib/libgfortran.so.5.0.0
155502749000-1555028bb000 r-xp 00023000 00:2e 1917424039                 /storage/home/hcoda1/4/hyu483/conda_envs/qgis332/lib/libgfortran.so.5.0.0
1555028bb000-1555028eb000 r--p 00195000 00:2e 1917424039                 /storage/home/hcoda1/4/hyu483/conda_envs/qgis332/lib/libgfortran.so.5.0.0
1555028eb000-1555028ec000 r--p 001c5000 00:2e 1917424039                 /storage/home/hcoda1/4/hyu483/conda_envs/qgis332/lib/libgfortran.so.5.0.0
1555028ec000-1555028ee000 rw-p 001c6000 00:2e 1917424039                 /storage/home/hcoda1/4/hyu483/conda_envs/qgis332/lib/libgfortran.so.5.0.0
1555028ee000-155502a58000 r--p 00000000 00:2e 1917435940                 /storage/home/hcoda1/4/hyu483/conda_envs/qgis332/lib/libopenblasp-r0.3.29.so
155502a58000-155502a59000 r-xp 0016a000 00:2e 1917435940                 /storage/home/hcoda1/4/hyu483/conda_envs/qgis332/lib/libopenblasp-r0.3.29.so
155502a59000-155502a5e000 ---p 0016b000 00:2e 1917435940                 /storage/home/hcoda1/4/hyu483/conda_envs/qgis332/lib/libopenblasp-r0.3.29.so
155502a5e000-155504ca5000 r-xp 00170000 00:2e 1917435940                 /storage/home/hcoda1/4/hyu483/conda_envs/qgis332/lib/libopenblasp-r0.3.29.so
155504ca5000-155504ef3000 r--p 023b7000 00:2e 1917435940                 /storage/home/hcoda1/4/hyu483/conda_envs/qgis332/lib/libopenblasp-r0.3.29.so
155504ef3000-155504f03000 r--p 02604000 00:2e 1917435940                 /storage/home/hcoda1/4/hyu483/conda_envs/qgis332/lib/libopenblasp-r0.3.29.so
155504f03000-155504f1b000 rw-p 02614000 00:2e 1917435940                 /storage/home/hcoda1/4/hyu483/conda_envs/qgis332/lib/libopenblasp-r0.3.29.so
155504f1b000-155504f31000 rw-p 00000000 00:00 0 
155504f31000-155504f5d000 r--p 00000000 00:2e 1883951432                 /storage/home/hcoda1/4/hyu483/conda_envs/qgis332/lib/python3.11/site-packages/numpy/core/_multiarray_umath.cpython-311-x86_64-linux-gnu.so
155504f5d000-15550536f000 r-xp 0002c000 00:2e 1883951432                 /storage/home/hcoda1/4/hyu483/conda_envs/qgis332/lib/python3.11/site-packages/numpy/core/_multiarray_umath.cpython-311-x86_64-linux-gnu.so
15550536f000-1555054c9000 r--p 0043e000 00:2e 1883951432                 /storage/home/hcoda1/4/hyu483/conda_envs/qgis332/lib/python3.11/site-packages/numpy/core/_multiarray_umath.cpython-311-x86_64-linux-gnu.so
1555054c9000-1555054cd000 r--p 00598000 00:2e 1883951432                 /storage/home/hcoda1/4/hyu483/conda_envs/qgis332/lib/python3.11/site-packages/numpy/core/_multiarray_umath.cpython-311-x86_64-linux-gnu.so
1555054cd000-1555054ef000 rw-p 0059c000 00:2e 1883951432                 /storage/home/hcoda1/4/hyu483/conda_envs/qgis332/lib/python3.11/site-packages/numpy/core/_multiarray_umath.cpython-311-x86_64-linux-gnu.so
1555054ef000-15550580f000 rw-p 00000000 00:00 0 
15550580f000-155505810000 rw-s 00000000 fd:01 1073742048                 /tmp/#1073742048 (deleted)
155505810000-155505811000 r--p 00000000 00:2e 2094244831                 /storage/home/hcoda1/4/hyu483/conda_envs/qgis332/lib/libsuitesparseconfig.so.5.10.1
155505811000-155505812000 r-xp 00001000 00:2e 2094244831                 /storage/home/hcoda1/4/hyu483/conda_envs/qgis332/lib/libsuitesparseconfig.so.5.10.1
155505812000-155505813000 r--p 00002000 00:2e 2094244831                 /storage/home/hcoda1/4/hyu483/conda_envs/qgis332/lib/libsuitesparseconfig.so.5.10.1
155505813000-155505814000 r--p 00002000 00:2e 2094244831                 /storage/home/hcoda1/4/hyu483/conda_envs/qgis332/lib/libsuitesparseconfig.so.5.10.1
155505814000-155505815000 rw-p 00003000 00:2e 2094244831                 /storage/home/hcoda1/4/hyu483/conda_envs/qgis332/lib/libsuitesparseconfig.so.5.10.1
155505815000-155505819000 r--p 00000000 00:2e 1883952724                 /storage/home/hcoda1/4/hyu483/conda_envs/qgis332/lib/python3.11/site-packages/numpy/random/_common.cpython-311-x86_64-linux-gnu.so
155505819000-155505843000 r-xp 00004000 00:2e 1883952724                 /storage/home/hcoda1/4/hyu483/conda_envs/qgis332/lib/python3.11/site-packages/numpy/random/_common.cpython-311-x86_64-linux-gnu.so
155505843000-155505847000 r--p 0002e000 00:2e 1883952724                 /storage/home/hcoda1/4/hyu483/conda_envs/qgis332/lib/python3.11/site-packages/numpy/random/_common.cpython-311-x86_64-linux-gnu.so
155505847000-155505848000 r--p 00032000 00:2e 1883952724                 /storage/home/hcoda1/4/hyu483/conda_envs/qgis332/lib/python3.11/site-packages/numpy/random/_common.cpython-311-x86_64-linux-gnu.so
155505848000-155505849000 rw-p 00033000 00:2e 1883952724                 /storage/home/hcoda1/4/hyu483/conda_envs/qgis332/lib/python3.11/site-packages/numpy/random/_common.cpython-311-x86_64-linux-gnu.so
155505849000-155505a4a000 rw-p 00000000 00:00 0 
155505a4a000-155505aa1000 r--p 00000000 00:2e 1940392674                 /storage/home/hcoda1/4/hyu483/conda_envs/qgis332/lib/python3.11/site-packages/PyQt5/Qsci.abi3.so
155505aa1000-155505b4a000 r-xp 00057000 00:2e 1940392674                 /storage/home/hcoda1/4/hyu483/conda_envs/qgis332/lib/python3.11/site-packages/PyQt5/Qsci.abi3.so
155505b4a000-155505ba7000 r--p 00100000 00:2e 1940392674                 /storage/home/hcoda1/4/hyu483/conda_envs/qgis332/lib/python3.11/site-packages/PyQt5/Qsci.abi3.so
155505ba7000-155505bae000 r--p 0015d000 00:2e 1940392674                 /storage/home/hcoda1/4/hyu483/conda_envs/qgis332/lib/python3.11/site-packages/PyQt5/Qsci.abi3.so
155505bae000-155505bc9000 rw-p 00164000 00:2e 1940392674                 /storage/home/hcoda1/4/hyu483/conda_envs/qgis332/lib/python3.11/site-packages/PyQt5/Qsci.abi3.so
155505bc9000-155505c0d000 r--p 00000000 00:2e 1883959863                 /storage/home/hcoda1/4/hyu483/conda_envs/qgis332/lib/python3.11/site-packages/PyQt5/QtMultimedia.abi3.so
155505c0d000-155505c7c000 r-xp 00044000 00:2e 1883959863                 /storage/home/hcoda1/4/hyu483/conda_envs/qgis332/lib/python3.11/site-packages/PyQt5/QtMultimedia.abi3.so
155505c7c000-155505cbe000 r--p 000b3000 00:2e 1883959863                 /storage/home/hcoda1/4/hyu483/conda_envs/qgis332/lib/python3.11/site-packages/PyQt5/QtMultimedia.abi3.so
155505cbe000-155505cc4000 r--p 000f4000 00:2e 1883959863                 /storage/home/hcoda1/4/hyu483/conda_envs/qgis332/lib/python3.11/site-packages/PyQt5/QtMultimedia.abi3.so
155505cc4000-155505cdd000 rw-p 000fa000 00:2e 1883959863                 /storage/home/hcoda1/4/hyu483/conda_envs/qgis332/lib/python3.11/site-packages/PyQt5/QtMultimedia.abi3.so
155505cdd000-155505ddd000 rw-p 00000000 00:00 0 
155505ddd000-155505dde000 r-xs 00000000 fd:01 1073742048                 /tmp/#1073742048 (deleted)
155505dde000-155505de0000 r--p 00000000 00:2e 1883947893                 /storage/home/hcoda1/4/hyu483/conda_envs/qgis332/lib/python3.11/lib-dynload/cmath.cpython-311-x86_64-linux-gnu.so
155505de0000-155505de9000 r-xp 00002000 00:2e 1883947893                 /storage/home/hcoda1/4/hyu483/conda_envs/qgis332/lib/python3.11/lib-dynload/cmath.cpython-311-x86_64-linux-gnu.so
155505de9000-155505deb000 r--p 0000b000 00:2e 1883947893                 /storage/home/hcoda1/4/hyu483/conda_envs/qgis332/lib/python3.11/lib-dynload/cmath.cpython-311-x86_64-linux-gnu.so
155505deb000-155505dec000 r--p 0000c000 00:2e 1883947893                 /storage/home/hcoda1/4/hyu483/conda_envs/qgis332/lib/python3.11/lib-dynload/cmath.cpython-311-x86_64-linux-gnu.so
155505dec000-155505ded000 rw-p 0000d000 00:2e 1883947893                 /storage/home/hcoda1/4/hyu483/conda_envs/qgis332/lib/python3.11/lib-dynload/cmath.cpython-311-x86_64-linux-gnu.so
155505ded000-155505def000 rw-p 00000000 00:00 0 
155505def000-155505df2000 r--p 00000000 00:2e 2005413033                 /storage/home/hcoda1/4/hyu483/conda_envs/qgis332/lib/python3.11/site-packages/pandas/_libs/json.cpython-311-x86_64-linux-gnu.so
155505df2000-155505dfa000 r-xp 00003000 00:2e 2005413033                 /storage/home/hcoda1/4/hyu483/conda_envs/qgis332/lib/python3.11/site-packages/pandas/_libs/json.cpython-311-x86_64-linux-gnu.so
155505dfa000-155505dfd000 r--p 0000b000 00:2e 2005413033                 /storage/home/hcoda1/4/hyu483/conda_envs/qgis332/lib/python3.11/site-packages/pandas/_libs/json.cpython-311-x86_64-linux-gnu.so
155505dfd000-155505dfe000 r--p 0000e000 00:2e 2005413033                 /storage/home/hcoda1/4/hyu483/conda_envs/qgis332/lib/python3.11/site-packages/pandas/_libs/json.cpython-311-x86_64-linux-gnu.so
155505dfe000-155505dff000 rw-p 0000f000 00:2e 2005413033                 /storage/home/hcoda1/4/hyu483/conda_envs/qgis332/lib/python3.11/site-packages/pandas/_libs/json.cpython-311-x86_64-linux-gnu.so
155505dff000-155505e05000 r--p 00000000 00:2e 2005420856                 /storage/home/hcoda1/4/hyu483/conda_envs/qgis332/lib/python3.11/site-packages/pandas/_libs/window/aggregations.cpython-311-x86_64-linux-gnu.so
155505e05000-155505e49000 r-xp 00006000 00:2e 2005420856                 /storage/home/hcoda1/4/hyu483/conda_envs/qgis332/lib/python3.11/site-packages/pandas/_libs/window/aggregations.cpython-311-x86_64-linux-gnu.so
155505e49000-155505e53000 r--p 0004a000 00:2e 2005420856                 /storage/home/hcoda1/4/hyu483/conda_envs/qgis332/lib/python3.11/site-packages/pandas/_libs/window/aggregations.cpython-311-x86_64-linux-gnu.so
155505e53000-155505e54000 r--p 00054000 00:2e 2005420856                 /storage/home/hcoda1/4/hyu483/conda_envs/qgis332/lib/python3.11/site-packages/pandas/_libs/window/aggregations.cpython-311-x86_64-linux-gnu.so
155505e54000-155505e56000 rw-p 00055000 00:2e 2005420856                 /storage/home/hcoda1/4/hyu483/conda_envs/qgis332/lib/python3.11/site-packages/pandas/_libs/window/aggregations.cpython-311-x86_64-linux-gnu.so
155505e56000-155505e57000 rw-p 00000000 00:00 0 
155505e57000-155505e59000 r--p 00000000 00:2e 1883947895                 /storage/home/hcoda1/4/hyu483/conda_envs/qgis332/lib/python3.11/lib-dynload/grp.cpython-311-x86_64-linux-gnu.so
155505e59000-155505e5a000 r-xp 00002000 00:2e 1883947895                 /storage/home/hcoda1/4/hyu483/conda_envs/qgis332/lib/python3.11/lib-dynload/grp.cpython-311-x86_64-linux-gnu.so
155505e5a000-155505e5b000 r--p 00003000 00:2e 1883947895                 /storage/home/hcoda1/4/hyu483/conda_envs/qgis332/lib/python3.11/lib-dynload/grp.cpython-311-x86_64-linux-gnu.so
155505e5b000-155505e5c000 r--p 00003000 00:2e 1883947895                 /storage/home/hcoda1/4/hyu483/conda_envs/qgis332/lib/python3.11/lib-dynload/grp.cpython-311-x86_64-linux-gnu.so
155505e5c000-155505e5d000 rw-p 00004000 00:2e 1883947895                 /storage/home/hcoda1/4/hyu483/conda_envs/qgis332/lib/python3.11/lib-dynload/grp.cpython-311-x86_64-linux-gnu.so
155505e5d000-155505e60000 r--p 00000000 00:2e 1883947897                 /storage/home/hcoda1/4/hyu483/conda_envs/qgis332/lib/python3.11/lib-dynload/mmap.cpython-311-x86_64-linux-gnu.so
155505e60000-155505e63000 r-xp 00003000 00:2e 1883947897                 /storage/home/hcoda1/4/hyu483/conda_envs/qgis332/lib/python3.11/lib-dynload/mmap.cpython-311-x86_64-linux-gnu.so
155505e63000-155505e65000 r--p 00006000 00:2e 1883947897                 /storage/home/hcoda1/4/hyu483/conda_envs/qgis332/lib/python3.11/lib-dynload/mmap.cpython-311-x86_64-linux-gnu.so
155505e65000-155505e66000 r--p 00007000 00:2e 1883947897                 /storage/home/hcoda1/4/hyu483/conda_envs/qgis332/lib/python3.11/lib-dynload/mmap.cpython-311-x86_64-linux-gnu.so
155505e66000-155505e67000 rw-p 00008000 00:2e 1883947897                 /storage/home/hcoda1/4/hyu483/conda_envs/qgis332/lib/python3.11/lib-dynload/mmap.cpython-311-x86_64-linux-gnu.so
155505e67000-155505e6d000 r--p 00000000 00:2e 2005412376                 /storage/home/hcoda1/4/hyu483/conda_envs/qgis332/lib/python3.11/site-packages/pandas/_libs/writers.cpython-311-x86_64-linux-gnu.so
155505e6d000-155505e92000 r-xp 00006000 00:2e 2005412376                 /storage/home/hcoda1/4/hyu483/conda_envs/qgis332/lib/python3.11/site-packages/pandas/_libs/writers.cpython-311-x86_64-linux-gnu.so
155505e92000-155505e9a000 r--p 0002b000 00:2e 2005412376                 /storage/home/hcoda1/4/hyu483/conda_envs/qgis332/lib/python3.11/site-packages/pandas/_libs/writers.cpython-311-x86_64-linux-gnu.so
155505e9a000-155505e9b000 r--p 00032000 00:2e 2005412376                 /storage/home/hcoda1/4/hyu483/conda_envs/qgis332/lib/python3.11/site-packages/pandas/_libs/writers.cpython-311-x86_64-linux-gnu.so
155505e9b000-155505e9d000 rw-p 00033000 00:2e 2005412376                 /storage/home/hcoda1/4/hyu483/conda_envs/qgis332/lib/python3.11/site-packages/pandas/_libs/writers.cpython-311-x86_64-linux-gnu.so
155505e9d000-155505f9e000 rw-p 00000000 00:00 0 
155505f9e000-155505fa2000 r--p 00000000 00:2e 2005415844                 /storage/home/hcoda1/4/hyu483/conda_envs/qgis332/lib/python3.11/site-packages/pandas/_libs/indexing.cpython-311-x86_64-linux-gnu.so
155505fa2000-155505faa000 r-xp 00004000 00:2e 2005415844                 /storage/home/hcoda1/4/hyu483/conda_envs/qgis332/lib/python3.11/site-packages/pandas/_libs/indexing.cpython-311-x86_64-linux-gnu.so
155505faa000-155505fad000 r--p 0000c000 00:2e 2005415844                 /storage/home/hcoda1/4/hyu483/conda_envs/qgis332/lib/python3.11/site-packages/pandas/_libs/indexing.cpython-311-x86_64-linux-gnu.so
155505fad000-155505fae000 r--p 0000e000 00:2e 2005415844                 /storage/home/hcoda1/4/hyu483/conda_envs/qgis332/lib/python3.11/site-packages/pandas/_libs/indexing.cpython-311-x86_64-linux-gnu.so
155505fae000-155505faf000 rw-p 0000f000 00:2e 2005415844                 /storage/home/hcoda1/4/hyu483/conda_envs/qgis332/lib/python3.11/site-packages/pandas/_libs/indexing.cpython-311-x86_64-linux-gnu.so
155505faf000-155505fb0000 rw-s 00000000 00:64 23                         /dev/shm/sem.qpyI9d (deleted)
155505fb0000-155505fb1000 rw-s 00000000 00:64 22                         /dev/shm/sem.UfXN5j (deleted)
155505fb1000-155505fb2000 rw-s 00000000 00:64 21                         /dev/shm/sem.bp7CzY (deleted)
155505fb2000-155505fb3000 rw-s 00000000 00:64 20                         /dev/shm/sem.qgdnTJ (deleted)
155505fb3000-1555060b3000 rw-p 00000000 00:00 0 
1555060b3000-15550696f000 r--p 00000000 00:2e 1889088347                 /storage/home/hcoda1/4/hyu483/conda_envs/qgis332/share/qgis/python/qgis/_core.so
15550696f000-155508057000 r-xp 008bc000 00:2e 1889088347                 /storage/home/hcoda1/4/hyu483/conda_envs/qgis332/share/qgis/python/qgis/_core.so
155508057000-155508cd9000 r--p 01fa4000 00:2e 1889088347                 /storage/home/hcoda1/4/hyu483/conda_envs/qgis332/share/qgis/python/qgis/_core.so
155508cd9000-155508d48000 r--p 02c25000 00:2e 1889088347                 /storage/home/hcoda1/4/hyu483/conda_envs/qgis332/share/qgis/python/qgis/_core.so
155508d48000-155508f16000 rw-p 02c94000 00:2e 1889088347                 /storage/home/hcoda1/4/hyu483/conda_envs/qgis332/share/qgis/python/qgis/_core.so
155508f16000-155508f20000 rw-p 00000000 00:00 0 
155508f20000-155508f26000 r--p 00000000 00:2e 1883959876                 /storage/home/hcoda1/4/hyu483/conda_envs/qgis332/lib/python3.11/site-packages/PyQt5/QtSerialPort.abi3.so
155508f26000-155508f2e000 r-xp 00006000 00:2e 1883959876                 /storage/home/hcoda1/4/hyu483/conda_envs/qgis332/lib/python3.11/site-packages/PyQt5/QtSerialPort.abi3.so
155508f2e000-155508f33000 r--p 0000e000 00:2e 1883959876                 /storage/home/hcoda1/4/hyu483/conda_envs/qgis332/lib/python3.11/site-packages/PyQt5/QtSerialPort.abi3.so
155508f33000-155508f34000 r--p 00013000 00:2e 1883959876                 /storage/home/hcoda1/4/hyu483/conda_envs/qgis332/lib/python3.11/site-packages/PyQt5/QtSerialPort.abi3.so
155508f34000-155508f36000 rw-p 00014000 00:2e 1883959876                 /storage/home/hcoda1/4/hyu483/conda_envs/qgis332/lib/python3.11/site-packages/PyQt5/QtSerialPort.abi3.so
155508f36000-155509036000 rw-p 00000000 00:00 0 
155509036000-155509046000 r--p 00000000 00:2e 1883959868                 /storage/home/hcoda1/4/hyu483/conda_envs/qgis332/lib/python3.11/site-packages/PyQt5/QtPositioning.abi3.so
155509046000-15550905d000 r-xp 00010000 00:2e 1883959868                 /storage/home/hcoda1/4/hyu483/conda_envs/qgis332/lib/python3.11/site-packages/PyQt5/QtPositioning.abi3.so
15550905d000-15550906b000 r--p 00027000 00:2e 1883959868                 /storage/home/hcoda1/4/hyu483/conda_envs/qgis332/lib/python3.11/site-packages/PyQt5/QtPositioning.abi3.so
15550906b000-15550906c000 r--p 00034000 00:2e 1883959868                 /storage/home/hcoda1/4/hyu483/conda_envs/qgis332/lib/python3.11/site-packages/PyQt5/QtPositioning.abi3.so
15550906c000-155509072000 rw-p 00035000 00:2e 1883959868                 /storage/home/hcoda1/4/hyu483/conda_envs/qgis332/lib/python3.11/site-packages/PyQt5/QtPositioning.abi3.so
155509072000-155509081000 r--p 00000000 00:2e 1883959869                 /storage/home/hcoda1/4/hyu483/conda_envs/qgis332/lib/python3.11/site-packages/PyQt5/QtPrintSupport.abi3.so
155509081000-15550909a000 r-xp 0000f000 00:2e 1883959869                 /storage/home/hcoda1/4/hyu483/conda_envs/qgis332/lib/python3.11/site-packages/PyQt5/QtPrintSupport.abi3.so
15550909a000-1555090a8000 r--p 00028000 00:2e 1883959869                 /storage/home/hcoda1/4/hyu483/conda_envs/qgis332/lib/python3.11/site-packages/PyQt5/QtPrintSupport.abi3.so
1555090a8000-1555090aa000 r--p 00035000 00:2e 1883959869                 /storage/home/hcoda1/4/hyu483/conda_envs/qgis332/lib/python3.11/site-packages/PyQt5/QtPrintSupport.abi3.so
1555090aa000-1555090af000 rw-p 00037000 00:2e 1883959869                 /storage/home/hcoda1/4/hyu483/conda_envs/qgis332/lib/python3.11/site-packages/PyQt5/QtPrintSupport.abi3.so
1555090af000-1555090c6000 r--p 00000000 00:2e 1883959877                 /storage/home/hcoda1/4/hyu483/conda_envs/qgis332/lib/python3.11/site-packages/PyQt5/QtSql.abi3.so
1555090c6000-1555090f0000 r-xp 00017000 00:2e 1883959877                 /storage/home/hcoda1/4/hyu483/conda_envs/qgis332/lib/python3.11/site-packages/PyQt5/QtSql.abi3.so
1555090f0000-155509105000 r--p 00041000 00:2e 1883959877                 /storage/home/hcoda1/4/hyu483/conda_envs/qgis332/lib/python3.11/site-packages/PyQt5/QtSql.abi3.so
155509105000-155509106000 r--p 00056000 00:2e 1883959877                 /storage/home/hcoda1/4/hyu483/conda_envs/qgis332/lib/python3.11/site-packages/PyQt5/QtSql.abi3.so
155509106000-15550910d000 rw-p 00057000 00:2e 1883959877                 /storage/home/hcoda1/4/hyu483/conda_envs/qgis332/lib/python3.11/site-packages/PyQt5/QtSql.abi3.so
15550910d000-155509240000 r--p 00000000 00:2e 1883959883                 /storage/home/hcoda1/4/hyu483/conda_envs/qgis332/lib/python3.11/site-packages/PyQt5/QtWidgets.abi3.so
155509240000-155509497000 r-xp 00133000 00:2e 1883959883                 /storage/home/hcoda1/4/hyu483/conda_envs/qgis332/lib/python3.11/site-packages/PyQt5/QtWidgets.abi3.so
155509497000-1555095e5000 r--p 0038a000 00:2e 1883959883                 /storage/home/hcoda1/4/hyu483/conda_envs/qgis332/lib/python3.11/site-packages/PyQt5/QtWidgets.abi3.so
1555095e5000-1555095f9000 r--p 004d7000 00:2e 1883959883                 /storage/home/hcoda1/4/hyu483/conda_envs/qgis332/lib/python3.11/site-packages/PyQt5/QtWidgets.abi3.so
1555095f9000-155509654000 rw-p 004eb000 00:2e 1883959883                 /storage/home/hcoda1/4/hyu483/conda_envs/qgis332/lib/python3.11/site-packages/PyQt5/QtWidgets.abi3.so
155509654000-155509723000 r--p 00000000 00:2e 1883959860                 /storage/home/hcoda1/4/hyu483/conda_envs/qgis332/lib/python3.11/site-packages/PyQt5/QtGui.abi3.so
155509723000-15550986c000 r-xp 000cf000 00:2e 1883959860                 /storage/home/hcoda1/4/hyu483/conda_envs/qgis332/lib/python3.11/site-packages/PyQt5/QtGui.abi3.so
15550986c000-155509943000 r--p 00218000 00:2e 1883959860                 /storage/home/hcoda1/4/hyu483/conda_envs/qgis332/lib/python3.11/site-packages/PyQt5/QtGui.abi3.so
155509943000-15550995b000 r--p 002ee000 00:2e 1883959860                 /storage/home/hcoda1/4/hyu483/conda_envs/qgis332/lib/python3.11/site-packages/PyQt5/QtGui.abi3.so
15550995b000-1555099a2000 rw-p 00306000 00:2e 1883959860                 /storage/home/hcoda1/4/hyu483/conda_envs/qgis332/lib/python3.11/site-packages/PyQt5/QtGui.abi3.so
1555099a2000-1555099a4000 rw-p 00000000 00:00 0 
1555099a4000-1555099da000 r--p 00000000 00:2e 1883959865                 /storage/home/hcoda1/4/hyu483/conda_envs/qgis332/lib/python3.11/site-packages/PyQt5/QtNetwork.abi3.so
1555099da000-155509a38000 r-xp 00036000 00:2e 1883959865                 /storage/home/hcoda1/4/hyu483/conda_envs/qgis332/lib/python3.11/site-packages/PyQt5/QtNetwork.abi3.so
155509a38000-155509a6d000 r--p 00094000 00:2e 1883959865                 /storage/home/hcoda1/4/hyu483/conda_envs/qgis332/lib/python3.11/site-packages/PyQt5/QtNetwork.abi3.so
155509a6d000-155509a6f000 r--p 000c9000 00:2e 1883959865                 /storage/home/hcoda1/4/hyu483/conda_envs/qgis332/lib/python3.11/site-packages/PyQt5/QtNetwork.abi3.so
155509a6f000-155509a83000 rw-p 000cb000 00:2e 1883959865                 /storage/home/hcoda1/4/hyu483/conda_envs/qgis332/lib/python3.11/site-packages/PyQt5/QtNetwork.abi3.so
155509a83000-155509a84000 rw-p 00000000 00:00 0 
155509a84000-155509a97000 r--p 00000000 00:2e 1883959885                 /storage/home/hcoda1/4/hyu483/conda_envs/qgis332/lib/python3.11/site-packages/PyQt5/QtXml.abi3.so
155509a97000-155509ab9000 r-xp 00013000 00:2e 1883959885                 /storage/home/hcoda1/4/hyu483/conda_envs/qgis332/lib/python3.11/site-packages/PyQt5/QtXml.abi3.so
155509ab9000-155509acc000 r--p 00035000 00:2e 1883959885                 /storage/home/hcoda1/4/hyu483/conda_envs/qgis332/lib/python3.11/site-packages/PyQt5/QtXml.abi3.so
155509acc000-155509acd000 r--p 00048000 00:2e 1883959885                 /storage/home/hcoda1/4/hyu483/conda_envs/qgis332/lib/python3.11/site-packages/PyQt5/QtXml.abi3.so
155509acd000-155509ad4000 rw-p 00049000 00:2e 1883959885                 /storage/home/hcoda1/4/hyu483/conda_envs/qgis332/lib/python3.11/site-packages/PyQt5/QtXml.abi3.so
155509ad4000-155509ad5000 r--p 00000000 00:2e 1932647818                 /storage/home/hcoda1/4/hyu483/conda_envs/qgis332/lib/libabsl_utf8_for_code_point.so.2407.0.0
155509ad5000-155509ad6000 r-xp 00001000 00:2e 1932647818                 /storage/home/hcoda1/4/hyu483/conda_envs/qgis332/lib/libabsl_utf8_for_code_point.so.2407.0.0
155509ad6000-155509ad7000 r--p 00002000 00:2e 1932647818                 /storage/home/hcoda1/4/hyu483/conda_envs/qgis332/lib/libabsl_utf8_for_code_point.so.2407.0.0
155509ad7000-155509ad8000 r--p 00002000 00:2e 1932647818                 /storage/home/hcoda1/4/hyu483/conda_envs/qgis332/lib/libabsl_utf8_for_code_point.so.2407.0.0
155509ad8000-155509ad9000 rw-p 00003000 00:2e 1932647818                 /storage/home/hcoda1/4/hyu483/conda_envs/qgis332/lib/libabsl_utf8_for_code_point.so.2407.0.0
155509ad9000-155509ada000 r--p 00000000 00:2e 1932647653                 /storage/home/hcoda1/4/hyu483/conda_envs/qgis332/lib/libabsl_decode_rust_punycode.so.2407.0.0
155509ada000-155509adb000 r-xp 00001000 00:2e 1932647653                 /storage/home/hcoda1/4/hyu483/conda_envs/qgis332/lib/libabsl_decode_rust_punycode.so.2407.0.0
155509adb000-155509adc000 r--p 00002000 00:2e 1932647653                 /storage/home/hcoda1/4/hyu483/conda_envs/qgis332/lib/libabsl_decode_rust_punycode.so.2407.0.0
155509adc000-155509add000 r--p 00002000 00:2e 1932647653                 /storage/home/hcoda1/4/hyu483/conda_envs/qgis332/lib/libabsl_decode_rust_punycode.so.2407.0.0
155509add000-155509ade000 rw-p 00003000 00:2e 1932647653                 /storage/home/hcoda1/4/hyu483/conda_envs/qgis332/lib/libabsl_decode_rust_punycode.so.2407.0.0
155509ade000-155509adf000 r--p 00000000 00:2e 1932647657                 /storage/home/hcoda1/4/hyu483/conda_envs/qgis332/lib/libabsl_demangle_rust.so.2407.0.0
155509adf000-155509ae2000 r-xp 00001000 00:2e 1932647657                 /storage/home/hcoda1/4/hyu483/conda_envs/qgis332/lib/libabsl_demangle_rust.so.2407.0.0
155509ae2000-155509ae3000 r--p 00004000 00:2e 1932647657                 /storage/home/hcoda1/4/hyu483/conda_envs/qgis332/lib/libabsl_demangle_rust.so.2407.0.0
155509ae3000-155509ae4000 r--p 00004000 00:2e 1932647657                 /storage/home/hcoda1/4/hyu483/conda_envs/qgis332/lib/libabsl_demangle_rust.so.2407.0.0
155509ae4000-155509ae5000 rw-p 00005000 00:2e 1932647657                 /storage/home/hcoda1/4/hyu483/conda_envs/qgis332/lib/libabsl_demangle_rust.so.2407.0.0
155509ae5000-155509ae7000 r--p 00000000 00:2e 1932647648                 /storage/home/hcoda1/4/hyu483/conda_envs/qgis332/lib/libabsl_crc_internal.so.2407.0.0
155509ae7000-155509ae9000 r-xp 00002000 00:2e 1932647648                 /storage/home/hcoda1/4/hyu483/conda_envs/qgis332/lib/libabsl_crc_internal.so.2407.0.0
155509ae9000-155509aea000 r--p 00004000 00:2e 1932647648                 /storage/home/hcoda1/4/hyu483/conda_envs/qgis332/lib/libabsl_crc_internal.so.2407.0.0
155509aea000-155509aeb000 r--p 00004000 00:2e 1932647648                 /storage/home/hcoda1/4/hyu483/conda_envs/qgis332/lib/libabsl_crc_internal.so.2407.0.0
155509aeb000-155509aec000 rw-p 00005000 00:2e 1932647648                 /storage/home/hcoda1/4/hyu483/conda_envs/qgis332/lib/libabsl_crc_internal.so.2407.0.0
155509aec000-155509aee000 r--p 00000000 00:2e 1932647655                 /storage/home/hcoda1/4/hyu483/conda_envs/qgis332/lib/libabsl_demangle_internal.so.2407.0.0
155509aee000-155509af9000 r-xp 00002000 00:2e 1932647655                 /storage/home/hcoda1/4/hyu483/conda_envs/qgis332/lib/libabsl_demangle_internal.so.2407.0.0
155509af9000-155509afb000 r--p 0000d000 00:2e 1932647655                 /storage/home/hcoda1/4/hyu483/conda_envs/qgis332/lib/libabsl_demangle_internal.so.2407.0.0
155509afb000-155509afc000 r--p 0000f000 00:2e 1932647655                 /storage/home/hcoda1/4/hyu483/conda_envs/qgis332/lib/libabsl_demangle_internal.so.2407.0.0
155509afc000-155509afd000 rw-p 00010000 00:2e 1932647655                 /storage/home/hcoda1/4/hyu483/conda_envs/qgis332/lib/libabsl_demangle_internal.so.2407.0.0
155509afd000-155509b00000 r--p 00000000 00:2e 1932649178                 /storage/home/hcoda1/4/hyu483/conda_envs/qgis332/lib/libcap.so.2.75
155509b00000-155509b05000 r-xp 00003000 00:2e 1932649178                 /storage/home/hcoda1/4/hyu483/conda_envs/qgis332/lib/libcap.so.2.75
155509b05000-155509b07000 r--p 00008000 00:2e 1932649178                 /storage/home/hcoda1/4/hyu483/conda_envs/qgis332/lib/libcap.so.2.75
155509b07000-155509b08000 r--p 0000a000 00:2e 1932649178                 /storage/home/hcoda1/4/hyu483/conda_envs/qgis332/lib/libcap.so.2.75
155509b08000-155509b09000 rw-p 0000b000 00:2e 1932649178                 /storage/home/hcoda1/4/hyu483/conda_envs/qgis332/lib/libcap.so.2.75
155509b09000-155509b10000 r--p 00000000 00:2e 1883930471                 /storage/home/hcoda1/4/hyu483/conda_envs/qgis332/lib/libmp3lame.so.0.0.0
155509b10000-155509b41000 r-xp 00007000 00:2e 1883930471                 /storage/home/hcoda1/4/hyu483/conda_envs/qgis332/lib/libmp3lame.so.0.0.0
155509b41000-155509b51000 r--p 00038000 00:2e 1883930471                 /storage/home/hcoda1/4/hyu483/conda_envs/qgis332/lib/libmp3lame.so.0.0.0
155509b51000-155509b53000 r--p 00047000 00:2e 1883930471                 /storage/home/hcoda1/4/hyu483/conda_envs/qgis332/lib/libmp3lame.so.0.0.0
155509b53000-155509b54000 rw-p 00049000 00:2e 1883930471                 /storage/home/hcoda1/4/hyu483/conda_envs/qgis332/lib/libmp3lame.so.0.0.0
155509b54000-155509b81000 rw-p 00000000 00:00 0 
155509b81000-155509b88000 r--p 00000000 00:2e 1944914538                 /storage/home/hcoda1/4/hyu483/conda_envs/qgis332/lib/libmpg123.so.0.48.3
155509b88000-155509bc6000 r-xp 00007000 00:2e 1944914538                 /storage/home/hcoda1/4/hyu483/conda_envs/qgis332/lib/libmpg123.so.0.48.3
155509bc6000-155509be2000 r--p 00045000 00:2e 1944914538                 /storage/home/hcoda1/4/hyu483/conda_envs/qgis332/lib/libmpg123.so.0.48.3
155509be2000-155509be3000 r--p 00061000 00:2e 1944914538                 /storage/home/hcoda1/4/hyu483/conda_envs/qgis332/lib/libmpg123.so.0.48.3
155509be3000-155509be4000 rw-p 00062000 00:2e 1944914538                 /storage/home/hcoda1/4/hyu483/conda_envs/qgis332/lib/libmpg123.so.0.48.3
155509be4000-155509be6000 r--p 00000000 00:2e 1940391637                 /storage/home/hcoda1/4/hyu483/conda_envs/qgis332/lib/libogg.so.0.8.5
155509be6000-155509be9000 r-xp 00002000 00:2e 1940391637                 /storage/home/hcoda1/4/hyu483/conda_envs/qgis332/lib/libogg.so.0.8.5
155509be9000-155509bec000 r--p 00005000 00:2e 1940391637                 /storage/home/hcoda1/4/hyu483/conda_envs/qgis332/lib/libogg.so.0.8.5
155509bec000-155509bed000 r--p 00008000 00:2e 1940391637                 /storage/home/hcoda1/4/hyu483/conda_envs/qgis332/lib/libogg.so.0.8.5
155509bed000-155509bee000 rw-p 00009000 00:2e 1940391637                 /storage/home/hcoda1/4/hyu483/conda_envs/qgis332/lib/libogg.so.0.8.5
155509bee000-155509bf2000 r--p 00000000 00:2e 1940507006                 /storage/home/hcoda1/4/hyu483/conda_envs/qgis332/lib/libopus.so.0.10.1
155509bf2000-155509c48000 r-xp 00004000 00:2e 1940507006                 /storage/home/hcoda1/4/hyu483/conda_envs/qgis332/lib/libopus.so.0.10.1
155509c48000-155509c5d000 r--p 0005a000 00:2e 1940507006                 /storage/home/hcoda1/4/hyu483/conda_envs/qgis332/lib/libopus.so.0.10.1
155509c5d000-155509c5e000 r--p 0006f000 00:2e 1940507006                 /storage/home/hcoda1/4/hyu483/conda_envs/qgis332/lib/libopus.so.0.10.1
155509c5e000-155509c5f000 rw-p 00070000 00:2e 1940507006                 /storage/home/hcoda1/4/hyu483/conda_envs/qgis332/lib/libopus.so.0.10.1
155509c5f000-155509c73000 r--p 00000000 00:2e 1883943814                 /storage/home/hcoda1/4/hyu483/conda_envs/qgis332/lib/libvorbisenc.so.2
155509c73000-155509c77000 r-xp 00014000 00:2e 1883943814                 /storage/home/hcoda1/4/hyu483/conda_envs/qgis332/lib/libvorbisenc.so.2
155509c77000-155509cee000 r--p 00018000 00:2e 1883943814                 /storage/home/hcoda1/4/hyu483/conda_envs/qgis332/lib/libvorbisenc.so.2
155509cee000-155509d0a000 r--p 0008e000 00:2e 1883943814                 /storage/home/hcoda1/4/hyu483/conda_envs/qgis332/lib/libvorbisenc.so.2
155509d0a000-155509d0b000 rw-p 000aa000 00:2e 1883943814                 /storage/home/hcoda1/4/hyu483/conda_envs/qgis332/lib/libvorbisenc.so.2
155509d0b000-155509d0f000 r--p 00000000 00:2e 1883943811                 /storage/home/hcoda1/4/hyu483/conda_envs/qgis332/lib/libvorbis.so.0
155509d0f000-155509d33000 r-xp 00004000 00:2e 1883943811                 /storage/home/hcoda1/4/hyu483/conda_envs/qgis332/lib/libvorbis.so.0
155509d33000-155509d45000 r--p 00028000 00:2e 1883943811                 /storage/home/hcoda1/4/hyu483/conda_envs/qgis332/lib/libvorbis.so.0
155509d45000-155509d46000 r--p 00039000 00:2e 1883943811                 /storage/home/hcoda1/4/hyu483/conda_envs/qgis332/lib/libvorbis.so.0
155509d46000-155509d47000 rw-p 0003a000 00:2e 1883943811                 /storage/home/hcoda1/4/hyu483/conda_envs/qgis332/lib/libvorbis.so.0
155509d47000-155509d51000 r--p 00000000 00:2e 1883949138                 /storage/home/hcoda1/4/hyu483/conda_envs/qgis332/lib/libFLAC.so.12.1.0
155509d51000-155509d96000 r-xp 0000a000 00:2e 1883949138                 /storage/home/hcoda1/4/hyu483/conda_envs/qgis332/lib/libFLAC.so.12.1.0
155509d96000-155509da0000 r--p 0004f000 00:2e 1883949138                 /storage/home/hcoda1/4/hyu483/conda_envs/qgis332/lib/libFLAC.so.12.1.0
155509da0000-155509da2000 r--p 00058000 00:2e 1883949138                 /storage/home/hcoda1/4/hyu483/conda_envs/qgis332/lib/libFLAC.so.12.1.0
155509da2000-155509da3000 rw-p 0005a000 00:2e 1883949138                 /storage/home/hcoda1/4/hyu483/conda_envs/qgis332/lib/libFLAC.so.12.1.0
155509da3000-155509da5000 r--p 00000000 00:2e 1932647651                 /storage/home/hcoda1/4/hyu483/conda_envs/qgis332/lib/libabsl_debugging_internal.so.2407.0.0
155509da5000-155509da7000 r-xp 00002000 00:2e 1932647651                 /storage/home/hcoda1/4/hyu483/conda_envs/qgis332/lib/libabsl_debugging_internal.so.2407.0.0
155509da7000-155509da8000 r--p 00004000 00:2e 1932647651                 /storage/home/hcoda1/4/hyu483/conda_envs/qgis332/lib/libabsl_debugging_internal.so.2407.0.0
155509da8000-155509da9000 r--p 00004000 00:2e 1932647651                 /storage/home/hcoda1/4/hyu483/conda_envs/qgis332/lib/libabsl_debugging_internal.so.2407.0.0
155509da9000-155509daa000 rw-p 00005000 00:2e 1932647651                 /storage/home/hcoda1/4/hyu483/conda_envs/qgis332/lib/libabsl_debugging_internal.so.2407.0.0
155509daa000-155509dab000 r--p 00000000 00:2e 1932647663                 /storage/home/hcoda1/4/hyu483/conda_envs/qgis332/lib/libabsl_exponential_biased.so.2407.0.0
155509dab000-155509dac000 r-xp 00001000 00:2e 1932647663                 /storage/home/hcoda1/4/hyu483/conda_envs/qgis332/lib/libabsl_exponential_biased.so.2407.0.0
155509dac000-155509dad000 r--p 00002000 00:2e 1932647663                 /storage/home/hcoda1/4/hyu483/conda_envs/qgis332/lib/libabsl_exponential_biased.so.2407.0.0
155509dad000-155509dae000 r--p 00002000 00:2e 1932647663                 /storage/home/hcoda1/4/hyu483/conda_envs/qgis332/lib/libabsl_exponential_biased.so.2407.0.0
155509dae000-155509daf000 rw-p 00003000 00:2e 1932647663                 /storage/home/hcoda1/4/hyu483/conda_envs/qgis332/lib/libabsl_exponential_biased.so.2407.0.0
155509daf000-155509db1000 r--p 00000000 00:2e 1932647642                 /storage/home/hcoda1/4/hyu483/conda_envs/qgis332/lib/libabsl_crc32c.so.2407.0.0
155509db1000-155509db2000 r-xp 00002000 00:2e 1932647642                 /storage/home/hcoda1/4/hyu483/conda_envs/qgis332/lib/libabsl_crc32c.so.2407.0.0
155509db2000-155509db3000 r--p 00003000 00:2e 1932647642                 /storage/home/hcoda1/4/hyu483/conda_envs/qgis332/lib/libabsl_crc32c.so.2407.0.0
155509db3000-155509db4000 r--p 00003000 00:2e 1932647642                 /storage/home/hcoda1/4/hyu483/conda_envs/qgis332/lib/libabsl_crc32c.so.2407.0.0
155509db4000-155509db5000 rw-p 00004000 00:2e 1932647642                 /storage/home/hcoda1/4/hyu483/conda_envs/qgis332/lib/libabsl_crc32c.so.2407.0.0
155509db5000-155509dbc000 r--p 00000000 00:2e 1932647800                 /storage/home/hcoda1/4/hyu483/conda_envs/qgis332/lib/libabsl_time_zone.so.2407.0.0
155509dbc000-155509dd0000 r-xp 00007000 00:2e 1932647800                 /storage/home/hcoda1/4/hyu483/conda_envs/qgis332/lib/libabsl_time_zone.so.2407.0.0
155509dd0000-155509dd3000 r--p 0001b000 00:2e 1932647800                 /storage/home/hcoda1/4/hyu483/conda_envs/qgis332/lib/libabsl_time_zone.so.2407.0.0
155509dd3000-155509dd4000 r--p 0001e000 00:2e 1932647800                 /storage/home/hcoda1/4/hyu483/conda_envs/qgis332/lib/libabsl_time_zone.so.2407.0.0
155509dd4000-155509dd5000 rw-p 0001f000 00:2e 1932647800                 /storage/home/hcoda1/4/hyu483/conda_envs/qgis332/lib/libabsl_time_zone.so.2407.0.0
155509dd5000-155509dd6000 r--p 00000000 00:2e 1932647730                 /storage/home/hcoda1/4/hyu483/conda_envs/qgis332/lib/libabsl_log_sink.so.2407.0.0
155509dd6000-155509dd7000 r-xp 00001000 00:2e 1932647730                 /storage/home/hcoda1/4/hyu483/conda_envs/qgis332/lib/libabsl_log_sink.so.2407.0.0
155509dd7000-155509dd8000 r--p 00002000 00:2e 1932647730                 /storage/home/hcoda1/4/hyu483/conda_envs/qgis332/lib/libabsl_log_sink.so.2407.0.0
155509dd8000-155509dd9000 r--p 00002000 00:2e 1932647730                 /storage/home/hcoda1/4/hyu483/conda_envs/qgis332/lib/libabsl_log_sink.so.2407.0.0
155509dd9000-155509dda000 rw-p 00003000 00:2e 1932647730                 /storage/home/hcoda1/4/hyu483/conda_envs/qgis332/lib/libabsl_log_sink.so.2407.0.0
155509dda000-155509ddc000 r--p 00000000 00:2e 1932647786                 /storage/home/hcoda1/4/hyu483/conda_envs/qgis332/lib/libabsl_symbolize.so.2407.0.0
155509ddc000-155509ddf000 r-xp 00002000 00:2e 1932647786                 /storage/home/hcoda1/4/hyu483/conda_envs/qgis332/lib/libabsl_symbolize.so.2407.0.0
155509ddf000-155509de0000 r--p 00005000 00:2e 1932647786                 /storage/home/hcoda1/4/hyu483/conda_envs/qgis332/lib/libabsl_symbolize.so.2407.0.0
155509de0000-155509de1000 r--p 00006000 00:2e 1932647786                 /storage/home/hcoda1/4/hyu483/conda_envs/qgis332/lib/libabsl_symbolize.so.2407.0.0
155509de1000-155509de2000 rw-p 00007000 00:2e 1932647786                 /storage/home/hcoda1/4/hyu483/conda_envs/qgis332/lib/libabsl_symbolize.so.2407.0.0
155509de2000-155509de4000 r--p 00000000 00:2e 1917322456                 /storage/home/hcoda1/4/hyu483/conda_envs/qgis332/lib/libXdmcp.so.6.0.0
155509de4000-155509de6000 r-xp 00002000 00:2e 1917322456                 /storage/home/hcoda1/4/hyu483/conda_envs/qgis332/lib/libXdmcp.so.6.0.0
155509de6000-155509de8000 r--p 00004000 00:2e 1917322456                 /storage/home/hcoda1/4/hyu483/conda_envs/qgis332/lib/libXdmcp.so.6.0.0
155509de8000-155509de9000 r--p 00005000 00:2e 1917322456                 /storage/home/hcoda1/4/hyu483/conda_envs/qgis332/lib/libXdmcp.so.6.0.0
155509de9000-155509dea000 rw-p 00006000 00:2e 1917322456                 /storage/home/hcoda1/4/hyu483/conda_envs/qgis332/lib/libXdmcp.so.6.0.0
155509dea000-155509deb000 r--p 00000000 00:2e 1917437744                 /storage/home/hcoda1/4/hyu483/conda_envs/qgis332/lib/libXau.so.6.0.0
155509deb000-155509dec000 r-xp 00001000 00:2e 1917437744                 /storage/home/hcoda1/4/hyu483/conda_envs/qgis332/lib/libXau.so.6.0.0
155509dec000-155509ded000 r--p 00002000 00:2e 1917437744                 /storage/home/hcoda1/4/hyu483/conda_envs/qgis332/lib/libXau.so.6.0.0
155509ded000-155509dee000 r--p 00002000 00:2e 1917437744                 /storage/home/hcoda1/4/hyu483/conda_envs/qgis332/lib/libXau.so.6.0.0
155509dee000-155509def000 rw-p 00003000 00:2e 1917437744                 /storage/home/hcoda1/4/hyu483/conda_envs/qgis332/lib/libXau.so.6.0.0
155509def000-155509e0e000 r--p 00000000 00:2e 2085784180                 /storage/home/hcoda1/4/hyu483/conda_envs/qgis332/lib/libsystemd.so.0.40.0
155509e0e000-155509ebc000 r-xp 0001f000 00:2e 2085784180                 /storage/home/hcoda1/4/hyu483/conda_envs/qgis332/lib/libsystemd.so.0.40.0
155509ebc000-155509f00000 r--p 000cd000 00:2e 2085784180                 /storage/home/hcoda1/4/hyu483/conda_envs/qgis332/lib/libsystemd.so.0.40.0
155509f00000-155509f0d000 r--p 00111000 00:2e 2085784180                 /storage/home/hcoda1/4/hyu483/conda_envs/qgis332/lib/libsystemd.so.0.40.0
155509f0d000-155509f0e000 rw-p 0011e000 00:2e 2085784180                 /storage/home/hcoda1/4/hyu483/conda_envs/qgis332/lib/libsystemd.so.0.40.0
155509f0e000-155509f0f000 rw-p 00000000 00:00 0 
155509f0f000-155509f18000 r--p 00000000 00:2e 1883950922                 /storage/home/hcoda1/4/hyu483/conda_envs/qgis332/lib/libsndfile.so.1.0.37
155509f18000-155509f7c000 r-xp 00009000 00:2e 1883950922                 /storage/home/hcoda1/4/hyu483/conda_envs/qgis332/lib/libsndfile.so.1.0.37
155509f7c000-155509f9b000 r--p 0006d000 00:2e 1883950922                 /storage/home/hcoda1/4/hyu483/conda_envs/qgis332/lib/libsndfile.so.1.0.37
155509f9b000-155509f9e000 r--p 0008c000 00:2e 1883950922                 /storage/home/hcoda1/4/hyu483/conda_envs/qgis332/lib/libsndfile.so.1.0.37
155509f9e000-155509f9f000 rw-p 0008f000 00:2e 1883950922                 /storage/home/hcoda1/4/hyu483/conda_envs/qgis332/lib/libsndfile.so.1.0.37
155509f9f000-155509fa1000 rw-p 00000000 00:00 0 
155509fa1000-155509fae000 r--p 00000000 00:2e 1932649910                 /storage/home/hcoda1/4/hyu483/conda_envs/qgis332/lib/libminizip.so.4.0.10
155509fae000-155509fc0000 r-xp 0000d000 00:2e 1932649910                 /storage/home/hcoda1/4/hyu483/conda_envs/qgis332/lib/libminizip.so.4.0.10
155509fc0000-155509fc6000 r--p 0001f000 00:2e 1932649910                 /storage/home/hcoda1/4/hyu483/conda_envs/qgis332/lib/libminizip.so.4.0.10
155509fc6000-155509fc7000 r--p 00025000 00:2e 1932649910                 /storage/home/hcoda1/4/hyu483/conda_envs/qgis332/lib/libminizip.so.4.0.10
155509fc7000-155509fc8000 rw-p 00026000 00:2e 1932649910                 /storage/home/hcoda1/4/hyu483/conda_envs/qgis332/lib/libminizip.so.4.0.10
155509fc8000-155509fca000 r--p 00000000 00:2e 1932647784                 /storage/home/hcoda1/4/hyu483/conda_envs/qgis332/lib/libabsl_strings_internal.so.2407.0.0
155509fca000-155509fcb000 r-xp 00002000 00:2e 1932647784                 /storage/home/hcoda1/4/hyu483/conda_envs/qgis332/lib/libabsl_strings_internal.so.2407.0.0
155509fcb000-155509fcc000 r--p 00003000 00:2e 1932647784                 /storage/home/hcoda1/4/hyu483/conda_envs/qgis332/lib/libabsl_strings_internal.so.2407.0.0
155509fcc000-155509fcd000 r--p 00003000 00:2e 1932647784                 /storage/home/hcoda1/4/hyu483/conda_envs/qgis332/lib/libabsl_strings_internal.so.2407.0.0
155509fcd000-155509fce000 rw-p 00004000 00:2e 1932647784                 /storage/home/hcoda1/4/hyu483/conda_envs/qgis332/lib/libabsl_strings_internal.so.2407.0.0
155509fce000-155509fd0000 r--p 00000000 00:2e 1932647696                 /storage/home/hcoda1/4/hyu483/conda_envs/qgis332/lib/libabsl_int128.so.2407.0.0
155509fd0000-155509fd2000 r-xp 00002000 00:2e 1932647696                 /storage/home/hcoda1/4/hyu483/conda_envs/qgis332/lib/libabsl_int128.so.2407.0.0
155509fd2000-155509fd3000 r--p 00004000 00:2e 1932647696                 /storage/home/hcoda1/4/hyu483/conda_envs/qgis332/lib/libabsl_int128.so.2407.0.0
155509fd3000-155509fd4000 r--p 00004000 00:2e 1932647696                 /storage/home/hcoda1/4/hyu483/conda_envs/qgis332/lib/libabsl_int128.so.2407.0.0
155509fd4000-155509fd5000 rw-p 00005000 00:2e 1932647696                 /storage/home/hcoda1/4/hyu483/conda_envs/qgis332/lib/libabsl_int128.so.2407.0.0
155509fd5000-155509fd6000 r--p 00000000 00:2e 1932647768                 /storage/home/hcoda1/4/hyu483/conda_envs/qgis332/lib/libabsl_spinlock_wait.so.2407.0.0
155509fd6000-155509fd7000 r-xp 00001000 00:2e 1932647768                 /storage/home/hcoda1/4/hyu483/conda_envs/qgis332/lib/libabsl_spinlock_wait.so.2407.0.0
155509fd7000-155509fd8000 r--p 00002000 00:2e 1932647768                 /storage/home/hcoda1/4/hyu483/conda_envs/qgis332/lib/libabsl_spinlock_wait.so.2407.0.0
155509fd8000-155509fd9000 r--p 00002000 00:2e 1932647768                 /storage/home/hcoda1/4/hyu483/conda_envs/qgis332/lib/libabsl_spinlock_wait.so.2407.0.0
155509fd9000-155509fda000 rw-p 00003000 00:2e 1932647768                 /storage/home/hcoda1/4/hyu483/conda_envs/qgis332/lib/libabsl_spinlock_wait.so.2407.0.0
155509fda000-155509fdc000 r--p 00000000 00:2e 1932647734                 /storage/home/hcoda1/4/hyu483/conda_envs/qgis332/lib/libabsl_malloc_internal.so.2407.0.0
155509fdc000-155509fde000 r-xp 00002000 00:2e 1932647734                 /storage/home/hcoda1/4/hyu483/conda_envs/qgis332/lib/libabsl_malloc_internal.so.2407.0.0
155509fde000-155509fdf000 r--p 00004000 00:2e 1932647734                 /storage/home/hcoda1/4/hyu483/conda_envs/qgis332/lib/libabsl_malloc_internal.so.2407.0.0
155509fdf000-155509fe0000 r--p 00004000 00:2e 1932647734                 /storage/home/hcoda1/4/hyu483/conda_envs/qgis332/lib/libabsl_malloc_internal.so.2407.0.0
155509fe0000-155509fe1000 rw-p 00005000 00:2e 1932647734                 /storage/home/hcoda1/4/hyu483/conda_envs/qgis332/lib/libabsl_malloc_internal.so.2407.0.0
155509fe1000-155509fe3000 r--p 00000000 00:2e 1932647698                 /storage/home/hcoda1/4/hyu483/conda_envs/qgis332/lib/libabsl_kernel_timeout_internal.so.2407.0.0
155509fe3000-155509fe4000 r-xp 00002000 00:2e 1932647698                 /storage/home/hcoda1/4/hyu483/conda_envs/qgis332/lib/libabsl_kernel_timeout_internal.so.2407.0.0
155509fe4000-155509fe5000 r--p 00003000 00:2e 1932647698                 /storage/home/hcoda1/4/hyu483/conda_envs/qgis332/lib/libabsl_kernel_timeout_internal.so.2407.0.0
155509fe5000-155509fe6000 r--p 00003000 00:2e 1932647698                 /storage/home/hcoda1/4/hyu483/conda_envs/qgis332/lib/libabsl_kernel_timeout_internal.so.2407.0.0
155509fe6000-155509fe7000 rw-p 00004000 00:2e 1932647698                 /storage/home/hcoda1/4/hyu483/conda_envs/qgis332/lib/libabsl_kernel_timeout_internal.so.2407.0.0
155509fe7000-155509fe8000 r--p 00000000 00:2e 1932647770                 /storage/home/hcoda1/4/hyu483/conda_envs/qgis332/lib/libabsl_stacktrace.so.2407.0.0
155509fe8000-155509fe9000 r-xp 00001000 00:2e 1932647770                 /storage/home/hcoda1/4/hyu483/conda_envs/qgis332/lib/libabsl_stacktrace.so.2407.0.0
155509fe9000-155509fea000 r--p 00002000 00:2e 1932647770                 /storage/home/hcoda1/4/hyu483/conda_envs/qgis332/lib/libabsl_stacktrace.so.2407.0.0
155509fea000-155509feb000 r--p 00002000 00:2e 1932647770                 /storage/home/hcoda1/4/hyu483/conda_envs/qgis332/lib/libabsl_stacktrace.so.2407.0.0
155509feb000-155509fec000 rw-p 00003000 00:2e 1932647770                 /storage/home/hcoda1/4/hyu483/conda_envs/qgis332/lib/libabsl_stacktrace.so.2407.0.0
155509fec000-155509fee000 r--p 00000000 00:2e 1932647636                 /storage/home/hcoda1/4/hyu483/conda_envs/qgis332/lib/libabsl_cordz_handle.so.2407.0.0
155509fee000-155509fef000 r-xp 00002000 00:2e 1932647636                 /storage/home/hcoda1/4/hyu483/conda_envs/qgis332/lib/libabsl_cordz_handle.so.2407.0.0
155509fef000-155509ff0000 r--p 00003000 00:2e 1932647636                 /storage/home/hcoda1/4/hyu483/conda_envs/qgis332/lib/libabsl_cordz_handle.so.2407.0.0
155509ff0000-155509ff1000 r--p 00003000 00:2e 1932647636                 /storage/home/hcoda1/4/hyu483/conda_envs/qgis332/lib/libabsl_cordz_handle.so.2407.0.0
155509ff1000-155509ff2000 rw-p 00004000 00:2e 1932647636                 /storage/home/hcoda1/4/hyu483/conda_envs/qgis332/lib/libabsl_cordz_handle.so.2407.0.0
155509ff2000-155509ff3000 r--p 00000000 00:2e 1932647634                 /storage/home/hcoda1/4/hyu483/conda_envs/qgis332/lib/libabsl_cordz_functions.so.2407.0.0
155509ff3000-155509ff4000 r-xp 00001000 00:2e 1932647634                 /storage/home/hcoda1/4/hyu483/conda_envs/qgis332/lib/libabsl_cordz_functions.so.2407.0.0
155509ff4000-155509ff5000 r--p 00002000 00:2e 1932647634                 /storage/home/hcoda1/4/hyu483/conda_envs/qgis332/lib/libabsl_cordz_functions.so.2407.0.0
155509ff5000-155509ff6000 r--p 00002000 00:2e 1932647634                 /storage/home/hcoda1/4/hyu483/conda_envs/qgis332/lib/libabsl_cordz_functions.so.2407.0.0
155509ff6000-155509ff7000 rw-p 00003000 00:2e 1932647634                 /storage/home/hcoda1/4/hyu483/conda_envs/qgis332/lib/libabsl_cordz_functions.so.2407.0.0
155509ff7000-155509ff9000 r--p 00000000 00:2e 1932647644                 /storage/home/hcoda1/4/hyu483/conda_envs/qgis332/lib/libabsl_crc_cord_state.so.2407.0.0
155509ff9000-155509ffc000 r-xp 00002000 00:2e 1932647644                 /storage/home/hcoda1/4/hyu483/conda_envs/qgis332/lib/libabsl_crc_cord_state.so.2407.0.0
155509ffc000-155509ffd000 r--p 00005000 00:2e 1932647644                 /storage/home/hcoda1/4/hyu483/conda_envs/qgis332/lib/libabsl_crc_cord_state.so.2407.0.0
155509ffd000-155509ffe000 r--p 00005000 00:2e 1932647644                 /storage/home/hcoda1/4/hyu483/conda_envs/qgis332/lib/libabsl_crc_cord_state.so.2407.0.0
155509ffe000-155509fff000 rw-p 00006000 00:2e 1932647644                 /storage/home/hcoda1/4/hyu483/conda_envs/qgis332/lib/libabsl_crc_cord_state.so.2407.0.0
155509fff000-15550a000000 r--p 00000000 00:2e 1932647732                 /storage/home/hcoda1/4/hyu483/conda_envs/qgis332/lib/libabsl_low_level_hash.so.2407.0.0
15550a000000-15550a001000 r-xp 00001000 00:2e 1932647732                 /storage/home/hcoda1/4/hyu483/conda_envs/qgis332/lib/libabsl_low_level_hash.so.2407.0.0
15550a001000-15550a002000 r--p 00002000 00:2e 1932647732                 /storage/home/hcoda1/4/hyu483/conda_envs/qgis332/lib/libabsl_low_level_hash.so.2407.0.0
15550a002000-15550a003000 r--p 00002000 00:2e 1932647732                 /storage/home/hcoda1/4/hyu483/conda_envs/qgis332/lib/libabsl_low_level_hash.so.2407.0.0
15550a003000-15550a004000 rw-p 00003000 00:2e 1932647732                 /storage/home/hcoda1/4/hyu483/conda_envs/qgis332/lib/libabsl_low_level_hash.so.2407.0.0
15550a004000-15550a005000 r--p 00000000 00:2e 1932647626                 /storage/home/hcoda1/4/hyu483/conda_envs/qgis332/lib/libabsl_city.so.2407.0.0
15550a005000-15550a006000 r-xp 00001000 00:2e 1932647626                 /storage/home/hcoda1/4/hyu483/conda_envs/qgis332/lib/libabsl_city.so.2407.0.0
15550a006000-15550a007000 r--p 00002000 00:2e 1932647626                 /storage/home/hcoda1/4/hyu483/conda_envs/qgis332/lib/libabsl_city.so.2407.0.0
15550a007000-15550a008000 r--p 00002000 00:2e 1932647626                 /storage/home/hcoda1/4/hyu483/conda_envs/qgis332/lib/libabsl_city.so.2407.0.0
15550a008000-15550a009000 rw-p 00003000 00:2e 1932647626                 /storage/home/hcoda1/4/hyu483/conda_envs/qgis332/lib/libabsl_city.so.2407.0.0
15550a009000-15550a00a000 r--p 00000000 00:2e 1932647764                 /storage/home/hcoda1/4/hyu483/conda_envs/qgis332/lib/libabsl_raw_logging_internal.so.2407.0.0
15550a00a000-15550a00b000 r-xp 00001000 00:2e 1932647764                 /storage/home/hcoda1/4/hyu483/conda_envs/qgis332/lib/libabsl_raw_logging_internal.so.2407.0.0
15550a00b000-15550a00c000 r--p 00002000 00:2e 1932647764                 /storage/home/hcoda1/4/hyu483/conda_envs/qgis332/lib/libabsl_raw_logging_internal.so.2407.0.0
15550a00c000-15550a00d000 r--p 00002000 00:2e 1932647764                 /storage/home/hcoda1/4/hyu483/conda_envs/qgis332/lib/libabsl_raw_logging_internal.so.2407.0.0
15550a00d000-15550a00e000 rw-p 00003000 00:2e 1932647764                 /storage/home/hcoda1/4/hyu483/conda_envs/qgis332/lib/libabsl_raw_logging_internal.so.2407.0.0
15550a00e000-15550a010000 r--p 00000000 00:2e 1932647624                 /storage/home/hcoda1/4/hyu483/conda_envs/qgis332/lib/libabsl_base.so.2407.0.0
15550a010000-15550a011000 r-xp 00002000 00:2e 1932647624                 /storage/home/hcoda1/4/hyu483/conda_envs/qgis332/lib/libabsl_base.so.2407.0.0
15550a011000-15550a012000 r--p 00003000 00:2e 1932647624                 /storage/home/hcoda1/4/hyu483/conda_envs/qgis332/lib/libabsl_base.so.2407.0.0
15550a012000-15550a013000 r--p 00003000 00:2e 1932647624                 /storage/home/hcoda1/4/hyu483/conda_envs/qgis332/lib/libabsl_base.so.2407.0.0
15550a013000-15550a014000 rw-p 00004000 00:2e 1932647624                 /storage/home/hcoda1/4/hyu483/conda_envs/qgis332/lib/libabsl_base.so.2407.0.0
15550a014000-15550a01a000 r--p 00000000 00:2e 1932647792                 /storage/home/hcoda1/4/hyu483/conda_envs/qgis332/lib/libabsl_time.so.2407.0.0
15550a01a000-15550a027000 r-xp 00006000 00:2e 1932647792                 /storage/home/hcoda1/4/hyu483/conda_envs/qgis332/lib/libabsl_time.so.2407.0.0
15550a027000-15550a02a000 r--p 00013000 00:2e 1932647792                 /storage/home/hcoda1/4/hyu483/conda_envs/qgis332/lib/libabsl_time.so.2407.0.0
15550a02a000-15550a02b000 r--p 00015000 00:2e 1932647792                 /storage/home/hcoda1/4/hyu483/conda_envs/qgis332/lib/libabsl_time.so.2407.0.0
15550a02b000-15550a02c000 rw-p 00016000 00:2e 1932647792                 /storage/home/hcoda1/4/hyu483/conda_envs/qgis332/lib/libabsl_time.so.2407.0.0
15550a02c000-15550a02e000 r--p 00000000 00:2e 1932647706                 /storage/home/hcoda1/4/hyu483/conda_envs/qgis332/lib/libabsl_log_globals.so.2407.0.0
15550a02e000-15550a02f000 r-xp 00002000 00:2e 1932647706                 /storage/home/hcoda1/4/hyu483/conda_envs/qgis332/lib/libabsl_log_globals.so.2407.0.0
15550a02f000-15550a030000 r--p 00003000 00:2e 1932647706                 /storage/home/hcoda1/4/hyu483/conda_envs/qgis332/lib/libabsl_log_globals.so.2407.0.0
15550a030000-15550a031000 r--p 00003000 00:2e 1932647706                 /storage/home/hcoda1/4/hyu483/conda_envs/qgis332/lib/libabsl_log_globals.so.2407.0.0
15550a031000-15550a032000 rw-p 00004000 00:2e 1932647706                 /storage/home/hcoda1/4/hyu483/conda_envs/qgis332/lib/libabsl_log_globals.so.2407.0.0
15550a032000-15550a033000 r--p 00000000 00:2e 1932647718                 /storage/home/hcoda1/4/hyu483/conda_envs/qgis332/lib/libabsl_log_internal_globals.so.2407.0.0
15550a033000-15550a034000 r-xp 00001000 00:2e 1932647718                 /storage/home/hcoda1/4/hyu483/conda_envs/qgis332/lib/libabsl_log_internal_globals.so.2407.0.0
15550a034000-15550a035000 r--p 00002000 00:2e 1932647718                 /storage/home/hcoda1/4/hyu483/conda_envs/qgis332/lib/libabsl_log_internal_globals.so.2407.0.0
15550a035000-15550a036000 r--p 00002000 00:2e 1932647718                 /storage/home/hcoda1/4/hyu483/conda_envs/qgis332/lib/libabsl_log_internal_globals.so.2407.0.0
15550a036000-15550a037000 rw-p 00003000 00:2e 1932647718                 /storage/home/hcoda1/4/hyu483/conda_envs/qgis332/lib/libabsl_log_internal_globals.so.2407.0.0
15550a037000-15550a039000 r--p 00000000 00:2e 1932647720                 /storage/home/hcoda1/4/hyu483/conda_envs/qgis332/lib/libabsl_log_internal_log_sink_set.so.2407.0.0
15550a039000-15550a03a000 r-xp 00002000 00:2e 1932647720                 /storage/home/hcoda1/4/hyu483/conda_envs/qgis332/lib/libabsl_log_internal_log_sink_set.so.2407.0.0
15550a03a000-15550a03b000 r--p 00003000 00:2e 1932647720                 /storage/home/hcoda1/4/hyu483/conda_envs/qgis332/lib/libabsl_log_internal_log_sink_set.so.2407.0.0
15550a03b000-15550a03c000 r--p 00003000 00:2e 1932647720                 /storage/home/hcoda1/4/hyu483/conda_envs/qgis332/lib/libabsl_log_internal_log_sink_set.so.2407.0.0
15550a03c000-15550a03d000 rw-p 00004000 00:2e 1932647720                 /storage/home/hcoda1/4/hyu483/conda_envs/qgis332/lib/libabsl_log_internal_log_sink_set.so.2407.0.0
15550a03d000-15550a03e000 r--p 00000000 00:2e 1932647778                 /storage/home/hcoda1/4/hyu483/conda_envs/qgis332/lib/libabsl_strerror.so.2407.0.0
15550a03e000-15550a03f000 r-xp 00001000 00:2e 1932647778                 /storage/home/hcoda1/4/hyu483/conda_envs/qgis332/lib/libabsl_strerror.so.2407.0.0
15550a03f000-15550a040000 r--p 00002000 00:2e 1932647778                 /storage/home/hcoda1/4/hyu483/conda_envs/qgis332/lib/libabsl_strerror.so.2407.0.0
15550a040000-15550a041000 r--p 00002000 00:2e 1932647778                 /storage/home/hcoda1/4/hyu483/conda_envs/qgis332/lib/libabsl_strerror.so.2407.0.0
15550a041000-15550a042000 rw-p 00003000 00:2e 1932647778                 /storage/home/hcoda1/4/hyu483/conda_envs/qgis332/lib/libabsl_strerror.so.2407.0.0
15550a042000-15550a043000 r--p 00000000 00:2e 1932647726                 /storage/home/hcoda1/4/hyu483/conda_envs/qgis332/lib/libabsl_log_internal_proto.so.2407.0.0
15550a043000-15550a044000 r-xp 00001000 00:2e 1932647726                 /storage/home/hcoda1/4/hyu483/conda_envs/qgis332/lib/libabsl_log_internal_proto.so.2407.0.0
15550a044000-15550a045000 r--p 00002000 00:2e 1932647726                 /storage/home/hcoda1/4/hyu483/conda_envs/qgis332/lib/libabsl_log_internal_proto.so.2407.0.0
15550a045000-15550a046000 r--p 00002000 00:2e 1932647726                 /storage/home/hcoda1/4/hyu483/conda_envs/qgis332/lib/libabsl_log_internal_proto.so.2407.0.0
15550a046000-15550a047000 rw-p 00003000 00:2e 1932647726                 /storage/home/hcoda1/4/hyu483/conda_envs/qgis332/lib/libabsl_log_internal_proto.so.2407.0.0
15550a047000-15550a049000 r--p 00000000 00:2e 1932647716                 /storage/home/hcoda1/4/hyu483/conda_envs/qgis332/lib/libabsl_log_internal_format.so.2407.0.0
15550a049000-15550a04a000 r-xp 00002000 00:2e 1932647716                 /storage/home/hcoda1/4/hyu483/conda_envs/qgis332/lib/libabsl_log_internal_format.so.2407.0.0
15550a04a000-15550a04b000 r--p 00003000 00:2e 1932647716                 /storage/home/hcoda1/4/hyu483/conda_envs/qgis332/lib/libabsl_log_internal_format.so.2407.0.0
15550a04b000-15550a04c000 r--p 00003000 00:2e 1932647716                 /storage/home/hcoda1/4/hyu483/conda_envs/qgis332/lib/libabsl_log_internal_format.so.2407.0.0
15550a04c000-15550a04d000 rw-p 00004000 00:2e 1932647716                 /storage/home/hcoda1/4/hyu483/conda_envs/qgis332/lib/libabsl_log_internal_format.so.2407.0.0
15550a04d000-15550a04e000 r--p 00000000 00:2e 1932647661                 /storage/home/hcoda1/4/hyu483/conda_envs/qgis332/lib/libabsl_examine_stack.so.2407.0.0
15550a04e000-15550a04f000 r-xp 00001000 00:2e 1932647661                 /storage/home/hcoda1/4/hyu483/conda_envs/qgis332/lib/libabsl_examine_stack.so.2407.0.0
15550a04f000-15550a050000 r--p 00002000 00:2e 1932647661                 /storage/home/hcoda1/4/hyu483/conda_envs/qgis332/lib/libabsl_examine_stack.so.2407.0.0
15550a050000-15550a051000 r--p 00002000 00:2e 1932647661                 /storage/home/hcoda1/4/hyu483/conda_envs/qgis332/lib/libabsl_examine_stack.so.2407.0.0
15550a051000-15550a052000 rw-p 00003000 00:2e 1932647661                 /storage/home/hcoda1/4/hyu483/conda_envs/qgis332/lib/libabsl_examine_stack.so.2407.0.0
15550a052000-15550a053000 r--p 00000000 00:2e 1917321425                 /storage/home/hcoda1/4/hyu483/conda_envs/qgis332/lib/libbrotlicommon.so.1.1.0
15550a053000-15550a054000 r-xp 00001000 00:2e 1917321425                 /storage/home/hcoda1/4/hyu483/conda_envs/qgis332/lib/libbrotlicommon.so.1.1.0
15550a054000-15550a073000 r--p 00002000 00:2e 1917321425                 /storage/home/hcoda1/4/hyu483/conda_envs/qgis332/lib/libbrotlicommon.so.1.1.0
15550a073000-15550a074000 r--p 00021000 00:2e 1917321425                 /storage/home/hcoda1/4/hyu483/conda_envs/qgis332/lib/libbrotlicommon.so.1.1.0
15550a074000-15550a075000 rw-p 00022000 00:2e 1917321425                 /storage/home/hcoda1/4/hyu483/conda_envs/qgis332/lib/libbrotlicommon.so.1.1.0
15550a075000-15550a077000 r--p 00000000 00:2e 1917429479                 /storage/home/hcoda1/4/hyu483/conda_envs/qgis332/lib/liburiparser.so.1.0.31
15550a077000-15550a082000 r-xp 00002000 00:2e 1917429479                 /storage/home/hcoda1/4/hyu483/conda_envs/qgis332/lib/liburiparser.so.1.0.31
15550a082000-15550a084000 r--p 0000d000 00:2e 1917429479                 /storage/home/hcoda1/4/hyu483/conda_envs/qgis332/lib/liburiparser.so.1.0.31
15550a084000-15550a085000 r--p 0000e000 00:2e 1917429479                 /storage/home/hcoda1/4/hyu483/conda_envs/qgis332/lib/liburiparser.so.1.0.31
15550a085000-15550a086000 rw-p 0000f000 00:2e 1917429479                 /storage/home/hcoda1/4/hyu483/conda_envs/qgis332/lib/liburiparser.so.1.0.31
15550a086000-15550a088000 r--p 00000000 00:2e 1917445108                 /storage/home/hcoda1/4/hyu483/conda_envs/qgis332/lib/libnsl.so.3.0.0
15550a088000-15550a08a000 r-xp 00002000 00:2e 1917445108                 /storage/home/hcoda1/4/hyu483/conda_envs/qgis332/lib/libnsl.so.3.0.0
15550a08a000-15550a08b000 r--p 00004000 00:2e 1917445108                 /storage/home/hcoda1/4/hyu483/conda_envs/qgis332/lib/libnsl.so.3.0.0
15550a08b000-15550a08c000 r--p 00005000 00:2e 1917445108                 /storage/home/hcoda1/4/hyu483/conda_envs/qgis332/lib/libnsl.so.3.0.0
15550a08c000-15550a08d000 rw-p 00006000 00:2e 1917445108                 /storage/home/hcoda1/4/hyu483/conda_envs/qgis332/lib/libnsl.so.3.0.0
15550a08d000-15550a091000 r--p 00000000 00:2e 1917322291                 /storage/home/hcoda1/4/hyu483/conda_envs/qgis332/lib/libsnappy.so.1.2.1
15550a091000-15550a098000 r-xp 00004000 00:2e 1917322291                 /storage/home/hcoda1/4/hyu483/conda_envs/qgis332/lib/libsnappy.so.1.2.1
15550a098000-15550a09a000 r--p 0000b000 00:2e 1917322291                 /storage/home/hcoda1/4/hyu483/conda_envs/qgis332/lib/libsnappy.so.1.2.1
15550a09a000-15550a09b000 r--p 0000c000 00:2e 1917322291                 /storage/home/hcoda1/4/hyu483/conda_envs/qgis332/lib/libsnappy.so.1.2.1
15550a09b000-15550a09c000 rw-p 0000d000 00:2e 1917322291                 /storage/home/hcoda1/4/hyu483/conda_envs/qgis332/lib/libsnappy.so.1.2.1
15550a09c000-15550a0a4000 r--p 00000000 00:2e 1932648097                 /storage/home/hcoda1/4/hyu483/conda_envs/qgis332/lib/libssh2.so.1.0.1
15550a0a4000-15550a0d8000 r-xp 00008000 00:2e 1932648097                 /storage/home/hcoda1/4/hyu483/conda_envs/qgis332/lib/libssh2.so.1.0.1
15550a0d8000-15550a0e7000 r--p 0003c000 00:2e 1932648097                 /storage/home/hcoda1/4/hyu483/conda_envs/qgis332/lib/libssh2.so.1.0.1
15550a0e7000-15550a0e9000 r--p 0004a000 00:2e 1932648097                 /storage/home/hcoda1/4/hyu483/conda_envs/qgis332/lib/libssh2.so.1.0.1
15550a0e9000-15550a0ea000 rw-p 0004c000 00:2e 1932648097                 /storage/home/hcoda1/4/hyu483/conda_envs/qgis332/lib/libssh2.so.1.0.1
15550a0ea000-15550a0f0000 r--p 00000000 00:2e 1932649284                 /storage/home/hcoda1/4/hyu483/conda_envs/qgis332/lib/libnghttp2.so.14.28.3
15550a0f0000-15550a105000 r-xp 00006000 00:2e 1932649284                 /storage/home/hcoda1/4/hyu483/conda_envs/qgis332/lib/libnghttp2.so.14.28.3
15550a105000-15550a112000 r--p 0001b000 00:2e 1932649284                 /storage/home/hcoda1/4/hyu483/conda_envs/qgis332/lib/libnghttp2.so.14.28.3
15550a112000-15550a115000 r--p 00027000 00:2e 1932649284                 /storage/home/hcoda1/4/hyu483/conda_envs/qgis332/lib/libnghttp2.so.14.28.3
15550a115000-15550a116000 rw-p 0002a000 00:2e 1932649284                 /storage/home/hcoda1/4/hyu483/conda_envs/qgis332/lib/libnghttp2.so.14.28.3
15550a116000-15550a119000 r--p 00000000 00:2e 1917418657                 /storage/home/hcoda1/4/hyu483/conda_envs/qgis332/lib/liblzo2.so.2.0.0
15550a119000-15550a146000 r-xp 00003000 00:2e 1917418657                 /storage/home/hcoda1/4/hyu483/conda_envs/qgis332/lib/liblzo2.so.2.0.0
15550a146000-15550a149000 r--p 00030000 00:2e 1917418657                 /storage/home/hcoda1/4/hyu483/conda_envs/qgis332/lib/liblzo2.so.2.0.0
15550a149000-15550a14a000 r--p 00033000 00:2e 1917418657                 /storage/home/hcoda1/4/hyu483/conda_envs/qgis332/lib/liblzo2.so.2.0.0
15550a14a000-15550a14b000 rw-p 00034000 00:2e 1917418657                 /storage/home/hcoda1/4/hyu483/conda_envs/qgis332/lib/liblzo2.so.2.0.0
15550a14b000-15550a14d000 r--p 00000000 00:2e 1932632619                 /storage/home/hcoda1/4/hyu483/conda_envs/qgis332/lib/libgmodule-2.0.so.0.8400.1
15550a14d000-15550a14f000 r-xp 00002000 00:2e 1932632619                 /storage/home/hcoda1/4/hyu483/conda_envs/qgis332/lib/libgmodule-2.0.so.0.8400.1
15550a14f000-15550a150000 r--p 00004000 00:2e 1932632619                 /storage/home/hcoda1/4/hyu483/conda_envs/qgis332/lib/libgmodule-2.0.so.0.8400.1
15550a150000-15550a151000 r--p 00004000 00:2e 1932632619                 /storage/home/hcoda1/4/hyu483/conda_envs/qgis332/lib/libgmodule-2.0.so.0.8400.1
15550a151000-15550a152000 rw-p 00005000 00:2e 1932632619                 /storage/home/hcoda1/4/hyu483/conda_envs/qgis332/lib/libgmodule-2.0.so.0.8400.1
15550a152000-15550a153000 r--p 00000000 00:2e 1932645735                 /storage/home/hcoda1/4/hyu483/conda_envs/qgis332/lib/libsharpyuv.so.0.1.1
15550a153000-15550a15b000 r-xp 00001000 00:2e 1932645735                 /storage/home/hcoda1/4/hyu483/conda_envs/qgis332/lib/libsharpyuv.so.0.1.1
15550a15b000-15550a15c000 r--p 00009000 00:2e 1932645735                 /storage/home/hcoda1/4/hyu483/conda_envs/qgis332/lib/libsharpyuv.so.0.1.1
15550a15c000-15550a15d000 r--p 00009000 00:2e 1932645735                 /storage/home/hcoda1/4/hyu483/conda_envs/qgis332/lib/libsharpyuv.so.0.1.1
15550a15d000-15550a15e000 rw-p 0000a000 00:2e 1932645735                 /storage/home/hcoda1/4/hyu483/conda_envs/qgis332/lib/libsharpyuv.so.0.1.1
15550a15e000-15550a15f000 rw-p 00000000 00:00 0 
15550a15f000-15550a16d000 r--p 00000000 00:2e 1932648602                 /storage/home/hcoda1/4/hyu483/conda_envs/qgis332/lib/libxcb.so.1.1.0
15550a16d000-15550a181000 r-xp 0000e000 00:2e 1932648602                 /storage/home/hcoda1/4/hyu483/conda_envs/qgis332/lib/libxcb.so.1.1.0
15550a181000-15550a18a000 r--p 00022000 00:2e 1932648602                 /storage/home/hcoda1/4/hyu483/conda_envs/qgis332/lib/libxcb.so.1.1.0
15550a18a000-15550a18b000 r--p 0002a000 00:2e 1932648602                 /storage/home/hcoda1/4/hyu483/conda_envs/qgis332/lib/libxcb.so.1.1.0
15550a18b000-15550a18c000 rw-p 0002b000 00:2e 1932648602                 /storage/home/hcoda1/4/hyu483/conda_envs/qgis332/lib/libxcb.so.1.1.0
15550a18c000-15550a19b000 r--p 00000000 00:2e 1883928323                 /storage/home/hcoda1/4/hyu483/conda_envs/qgis332/lib/libdbus-1.so.3.24.0
15550a19b000-15550a1c9000 r-xp 0000f000 00:2e 1883928323                 /storage/home/hcoda1/4/hyu483/conda_envs/qgis332/lib/libdbus-1.so.3.24.0
15550a1c9000-15550a1de000 r--p 0003d000 00:2e 1883928323                 /storage/home/hcoda1/4/hyu483/conda_envs/qgis332/lib/libdbus-1.so.3.24.0
15550a1de000-15550a1e0000 r--p 00051000 00:2e 1883928323                 /storage/home/hcoda1/4/hyu483/conda_envs/qgis332/lib/libdbus-1.so.3.24.0
15550a1e0000-15550a1e1000 rw-p 00053000 00:2e 1883928323                 /storage/home/hcoda1/4/hyu483/conda_envs/qgis332/lib/libdbus-1.so.3.24.0
15550a1e1000-15550a1f8000 r--p 00000000 00:2e 2085794105                 /storage/home/hcoda1/4/hyu483/conda_envs/qgis332/lib/pulseaudio/libpulsecommon-17.0.so
15550a1f8000-15550a223000 r-xp 00017000 00:2e 2085794105                 /storage/home/hcoda1/4/hyu483/conda_envs/qgis332/lib/pulseaudio/libpulsecommon-17.0.so
15550a223000-15550a23a000 r--p 00042000 00:2e 2085794105                 /storage/home/hcoda1/4/hyu483/conda_envs/qgis332/lib/pulseaudio/libpulsecommon-17.0.so
15550a23a000-15550a23c000 r--p 00059000 00:2e 2085794105                 /storage/home/hcoda1/4/hyu483/conda_envs/qgis332/lib/pulseaudio/libpulsecommon-17.0.so
15550a23c000-15550a23d000 rw-p 0005b000 00:2e 2085794105                 /storage/home/hcoda1/4/hyu483/conda_envs/qgis332/lib/pulseaudio/libpulsecommon-17.0.so
15550a23d000-15550a240000 r--p 00000000 00:2e 1883937156                 /storage/home/hcoda1/4/hyu483/conda_envs/qgis332/lib/libgraphite2.so.3.2.1
15550a240000-15550a25c000 r-xp 00003000 00:2e 1883937156                 /storage/home/hcoda1/4/hyu483/conda_envs/qgis332/lib/libgraphite2.so.3.2.1
15550a25c000-15550a261000 r--p 0001f000 00:2e 1883937156                 /storage/home/hcoda1/4/hyu483/conda_envs/qgis332/lib/libgraphite2.so.3.2.1
15550a261000-15550a263000 r--p 00023000 00:2e 1883937156                 /storage/home/hcoda1/4/hyu483/conda_envs/qgis332/lib/libgraphite2.so.3.2.1
15550a263000-15550a264000 rw-p 00025000 00:2e 1883937156                 /storage/home/hcoda1/4/hyu483/conda_envs/qgis332/lib/libgraphite2.so.3.2.1
15550a264000-15550a272000 r--p 00000000 00:2e 1917424817                 /storage/home/hcoda1/4/hyu483/conda_envs/qgis332/lib/libfreetype.so.6.20.2
15550a272000-15550a2f0000 r-xp 0000e000 00:2e 1917424817                 /storage/home/hcoda1/4/hyu483/conda_envs/qgis332/lib/libfreetype.so.6.20.2
15550a2f0000-15550a318000 r--p 0008c000 00:2e 1917424817                 /storage/home/hcoda1/4/hyu483/conda_envs/qgis332/lib/libfreetype.so.6.20.2
15550a318000-15550a320000 r--p 000b3000 00:2e 1917424817                 /storage/home/hcoda1/4/hyu483/conda_envs/qgis332/lib/libfreetype.so.6.20.2
15550a320000-15550a321000 rw-p 000bb000 00:2e 1917424817                 /storage/home/hcoda1/4/hyu483/conda_envs/qgis332/lib/libfreetype.so.6.20.2
15550a321000-15550a324000 r--p 00000000 00:2e 1932634294                 /storage/home/hcoda1/4/hyu483/conda_envs/qgis332/lib/libGLX.so.0.0.0
15550a324000-15550a33e000 r-xp 00003000 00:2e 1932634294                 /storage/home/hcoda1/4/hyu483/conda_envs/qgis332/lib/libGLX.so.0.0.0
15550a33e000-15550a341000 r--p 0001d000 00:2e 1932634294                 /storage/home/hcoda1/4/hyu483/conda_envs/qgis332/lib/libGLX.so.0.0.0
15550a341000-15550a342000 r--p 00020000 00:2e 1932634294                 /storage/home/hcoda1/4/hyu483/conda_envs/qgis332/lib/libGLX.so.0.0.0
15550a342000-15550a343000 rw-p 00021000 00:2e 1932634294                 /storage/home/hcoda1/4/hyu483/conda_envs/qgis332/lib/libGLX.so.0.0.0
15550a343000-15550a353000 rw-p 00000000 00:00 0 
15550a353000-15550a394000 r--p 00000000 00:2e 1932645527                 /storage/home/hcoda1/4/hyu483/conda_envs/qgis332/lib/libGLdispatch.so.0.0.0
15550a394000-15550a3d3000 r-xp 00041000 00:2e 1932645527                 /storage/home/hcoda1/4/hyu483/conda_envs/qgis332/lib/libGLdispatch.so.0.0.0
15550a3d3000-15550a3e6000 r--p 00080000 00:2e 1932645527                 /storage/home/hcoda1/4/hyu483/conda_envs/qgis332/lib/libGLdispatch.so.0.0.0
15550a3e6000-15550a402000 r--p 00093000 00:2e 1932645527                 /storage/home/hcoda1/4/hyu483/conda_envs/qgis332/lib/libGLdispatch.so.0.0.0
15550a402000-15550a403000 rw-p 000af000 00:2e 1932645527                 /storage/home/hcoda1/4/hyu483/conda_envs/qgis332/lib/libGLdispatch.so.0.0.0
15550a403000-15550a40b000 rw-p 00000000 00:00 0 
15550a40b000-15550a40c000 r--p 00000000 00:2e 1917422071                 /storage/home/hcoda1/4/hyu483/conda_envs/qgis332/lib/libcharset.so.1.0.0
15550a40c000-15550a40d000 r-xp 00001000 00:2e 1917422071                 /storage/home/hcoda1/4/hyu483/conda_envs/qgis332/lib/libcharset.so.1.0.0
15550a40d000-15550a40e000 r--p 00002000 00:2e 1917422071                 /storage/home/hcoda1/4/hyu483/conda_envs/qgis332/lib/libcharset.so.1.0.0
15550a40e000-15550a40f000 r--p 00002000 00:2e 1917422071                 /storage/home/hcoda1/4/hyu483/conda_envs/qgis332/lib/libcharset.so.1.0.0
15550a40f000-15550a410000 rw-p 00003000 00:2e 1917422071                 /storage/home/hcoda1/4/hyu483/conda_envs/qgis332/lib/libcharset.so.1.0.0
15550a410000-15550a412000 r--p 00000000 00:2e 1932632488                 /storage/home/hcoda1/4/hyu483/conda_envs/qgis332/lib/libfreexl.so.1.2.0
15550a412000-15550a41d000 r-xp 00002000 00:2e 1932632488                 /storage/home/hcoda1/4/hyu483/conda_envs/qgis332/lib/libfreexl.so.1.2.0
15550a41d000-15550a420000 r--p 0000d000 00:2e 1932632488                 /storage/home/hcoda1/4/hyu483/conda_envs/qgis332/lib/libfreexl.so.1.2.0
15550a420000-15550a421000 r--p 0000f000 00:2e 1932632488                 /storage/home/hcoda1/4/hyu483/conda_envs/qgis332/lib/libfreexl.so.1.2.0
15550a421000-15550a422000 rw-p 00010000 00:2e 1932632488                 /storage/home/hcoda1/4/hyu483/conda_envs/qgis332/lib/libfreexl.so.1.2.0
15550a422000-15550a434000 r--p 00000000 00:2e 1932649579                 /storage/home/hcoda1/4/hyu483/conda_envs/qgis332/lib/librttopo.so.1.1.0
15550a434000-15550a47e000 r-xp 00012000 00:2e 1932649579                 /storage/home/hcoda1/4/hyu483/conda_envs/qgis332/lib/librttopo.so.1.1.0
15550a47e000-15550a495000 r--p 0005c000 00:2e 1932649579                 /storage/home/hcoda1/4/hyu483/conda_envs/qgis332/lib/librttopo.so.1.1.0
15550a495000-15550a497000 r--p 00073000 00:2e 1932649579                 /storage/home/hcoda1/4/hyu483/conda_envs/qgis332/lib/librttopo.so.1.1.0
15550a497000-15550a498000 rw-p 00075000 00:2e 1932649579                 /storage/home/hcoda1/4/hyu483/conda_envs/qgis332/lib/librttopo.so.1.1.0
15550a498000-15550a560000 r--p 00000000 00:2e 1932646517                 /storage/home/hcoda1/4/hyu483/conda_envs/qgis332/lib/libgeos.so.3.13.0
15550a560000-15550a76b000 r-xp 000c8000 00:2e 1932646517                 /storage/home/hcoda1/4/hyu483/conda_envs/qgis332/lib/libgeos.so.3.13.0
15550a76b000-15550a7e5000 r--p 002d3000 00:2e 1932646517                 /storage/home/hcoda1/4/hyu483/conda_envs/qgis332/lib/libgeos.so.3.13.0
15550a7e5000-15550a7f5000 r--p 0034c000 00:2e 1932646517                 /storage/home/hcoda1/4/hyu483/conda_envs/qgis332/lib/libgeos.so.3.13.0
15550a7f5000-15550a7f6000 rw-p 0035c000 00:2e 1932646517                 /storage/home/hcoda1/4/hyu483/conda_envs/qgis332/lib/libgeos.so.3.13.0
15550a7f6000-15550a7f9000 r--p 00000000 00:2e 1932647790                 /storage/home/hcoda1/4/hyu483/conda_envs/qgis332/lib/libabsl_throw_delegate.so.2407.0.0
15550a7f9000-15550a7fa000 r-xp 00003000 00:2e 1932647790                 /storage/home/hcoda1/4/hyu483/conda_envs/qgis332/lib/libabsl_throw_delegate.so.2407.0.0
15550a7fa000-15550a7fb000 r--p 00004000 00:2e 1932647790                 /storage/home/hcoda1/4/hyu483/conda_envs/qgis332/lib/libabsl_throw_delegate.so.2407.0.0
15550a7fb000-15550a7fc000 r--p 00004000 00:2e 1932647790                 /storage/home/hcoda1/4/hyu483/conda_envs/qgis332/lib/libabsl_throw_delegate.so.2407.0.0
15550a7fc000-15550a7fd000 rw-p 00005000 00:2e 1932647790                 /storage/home/hcoda1/4/hyu483/conda_envs/qgis332/lib/libabsl_throw_delegate.so.2407.0.0
15550a7fd000-15550a803000 r--p 00000000 00:2e 1932647782                 /storage/home/hcoda1/4/hyu483/conda_envs/qgis332/lib/libabsl_strings.so.2407.0.0
15550a803000-15550a816000 r-xp 00006000 00:2e 1932647782                 /storage/home/hcoda1/4/hyu483/conda_envs/qgis332/lib/libabsl_strings.so.2407.0.0
15550a816000-15550a81e000 r--p 00019000 00:2e 1932647782                 /storage/home/hcoda1/4/hyu483/conda_envs/qgis332/lib/libabsl_strings.so.2407.0.0
15550a81e000-15550a81f000 r--p 00020000 00:2e 1932647782                 /storage/home/hcoda1/4/hyu483/conda_envs/qgis332/lib/libabsl_strings.so.2407.0.0
15550a81f000-15550a820000 rw-p 00021000 00:2e 1932647782                 /storage/home/hcoda1/4/hyu483/conda_envs/qgis332/lib/libabsl_strings.so.2407.0.0
15550a820000-15550a826000 r--p 00000000 00:2e 1932647776                 /storage/home/hcoda1/4/hyu483/conda_envs/qgis332/lib/libabsl_str_format_internal.so.2407.0.0
15550a826000-15550a839000 r-xp 00006000 00:2e 1932647776                 /storage/home/hcoda1/4/hyu483/conda_envs/qgis332/lib/libabsl_str_format_internal.so.2407.0.0
15550a839000-15550a83c000 r--p 00019000 00:2e 1932647776                 /storage/home/hcoda1/4/hyu483/conda_envs/qgis332/lib/libabsl_str_format_internal.so.2407.0.0
15550a83c000-15550a83d000 r--p 0001c000 00:2e 1932647776                 /storage/home/hcoda1/4/hyu483/conda_envs/qgis332/lib/libabsl_str_format_internal.so.2407.0.0
15550a83d000-15550a83e000 rw-p 0001d000 00:2e 1932647776                 /storage/home/hcoda1/4/hyu483/conda_envs/qgis332/lib/libabsl_str_format_internal.so.2407.0.0
15550a83e000-15550a843000 r--p 00000000 00:2e 1932647788                 /storage/home/hcoda1/4/hyu483/conda_envs/qgis332/lib/libabsl_synchronization.so.2407.0.0
15550a843000-15550a848000 r-xp 00005000 00:2e 1932647788                 /storage/home/hcoda1/4/hyu483/conda_envs/qgis332/lib/libabsl_synchronization.so.2407.0.0
15550a848000-15550a84b000 r--p 0000a000 00:2e 1932647788                 /storage/home/hcoda1/4/hyu483/conda_envs/qgis332/lib/libabsl_synchronization.so.2407.0.0
15550a84b000-15550a84c000 r--p 0000c000 00:2e 1932647788                 /storage/home/hcoda1/4/hyu483/conda_envs/qgis332/lib/libabsl_synchronization.so.2407.0.0
15550a84c000-15550a84d000 rw-p 0000d000 00:2e 1932647788                 /storage/home/hcoda1/4/hyu483/conda_envs/qgis332/lib/libabsl_synchronization.so.2407.0.0
15550a84d000-15550a84f000 rw-p 00000000 00:00 0 
15550a84f000-15550a852000 r--p 00000000 00:2e 1932647632                 /storage/home/hcoda1/4/hyu483/conda_envs/qgis332/lib/libabsl_cord_internal.so.2407.0.0
15550a852000-15550a860000 r-xp 00003000 00:2e 1932647632                 /storage/home/hcoda1/4/hyu483/conda_envs/qgis332/lib/libabsl_cord_internal.so.2407.0.0
15550a860000-15550a862000 r--p 00011000 00:2e 1932647632                 /storage/home/hcoda1/4/hyu483/conda_envs/qgis332/lib/libabsl_cord_internal.so.2407.0.0
15550a862000-15550a863000 r--p 00012000 00:2e 1932647632                 /storage/home/hcoda1/4/hyu483/conda_envs/qgis332/lib/libabsl_cord_internal.so.2407.0.0
15550a863000-15550a864000 rw-p 00013000 00:2e 1932647632                 /storage/home/hcoda1/4/hyu483/conda_envs/qgis332/lib/libabsl_cord_internal.so.2407.0.0
15550a864000-15550a866000 r--p 00000000 00:2e 1932647638                 /storage/home/hcoda1/4/hyu483/conda_envs/qgis332/lib/libabsl_cordz_info.so.2407.0.0
15550a866000-15550a868000 r-xp 00002000 00:2e 1932647638                 /storage/home/hcoda1/4/hyu483/conda_envs/qgis332/lib/libabsl_cordz_info.so.2407.0.0
15550a868000-15550a869000 r--p 00004000 00:2e 1932647638                 /storage/home/hcoda1/4/hyu483/conda_envs/qgis332/lib/libabsl_cordz_info.so.2407.0.0
15550a869000-15550a86a000 r--p 00004000 00:2e 1932647638                 /storage/home/hcoda1/4/hyu483/conda_envs/qgis332/lib/libabsl_cordz_info.so.2407.0.0
15550a86a000-15550a86b000 rw-p 00005000 00:2e 1932647638                 /storage/home/hcoda1/4/hyu483/conda_envs/qgis332/lib/libabsl_cordz_info.so.2407.0.0
15550a86b000-15550a871000 r--p 00000000 00:2e 1932647630                 /storage/home/hcoda1/4/hyu483/conda_envs/qgis332/lib/libabsl_cord.so.2407.0.0
15550a871000-15550a889000 r-xp 00006000 00:2e 1932647630                 /storage/home/hcoda1/4/hyu483/conda_envs/qgis332/lib/libabsl_cord.so.2407.0.0
15550a889000-15550a88c000 r--p 0001e000 00:2e 1932647630                 /storage/home/hcoda1/4/hyu483/conda_envs/qgis332/lib/libabsl_cord.so.2407.0.0
15550a88c000-15550a88d000 r--p 00020000 00:2e 1932647630                 /storage/home/hcoda1/4/hyu483/conda_envs/qgis332/lib/libabsl_cord.so.2407.0.0
15550a88d000-15550a88e000 rw-p 00021000 00:2e 1932647630                 /storage/home/hcoda1/4/hyu483/conda_envs/qgis332/lib/libabsl_cord.so.2407.0.0
15550a88e000-15550a88f000 r--p 00000000 00:2e 1932647692                 /storage/home/hcoda1/4/hyu483/conda_envs/qgis332/lib/libabsl_hash.so.2407.0.0
15550a88f000-15550a890000 r-xp 00001000 00:2e 1932647692                 /storage/home/hcoda1/4/hyu483/conda_envs/qgis332/lib/libabsl_hash.so.2407.0.0
15550a890000-15550a891000 r--p 00002000 00:2e 1932647692                 /storage/home/hcoda1/4/hyu483/conda_envs/qgis332/lib/libabsl_hash.so.2407.0.0
15550a891000-15550a892000 r--p 00002000 00:2e 1932647692                 /storage/home/hcoda1/4/hyu483/conda_envs/qgis332/lib/libabsl_hash.so.2407.0.0
15550a892000-15550a893000 rw-p 00003000 00:2e 1932647692                 /storage/home/hcoda1/4/hyu483/conda_envs/qgis332/lib/libabsl_hash.so.2407.0.0
15550a893000-15550a895000 r--p 00000000 00:2e 1932647762                 /storage/home/hcoda1/4/hyu483/conda_envs/qgis332/lib/libabsl_raw_hash_set.so.2407.0.0
15550a895000-15550a896000 r-xp 00002000 00:2e 1932647762                 /storage/home/hcoda1/4/hyu483/conda_envs/qgis332/lib/libabsl_raw_hash_set.so.2407.0.0
15550a896000-15550a897000 r--p 00003000 00:2e 1932647762                 /storage/home/hcoda1/4/hyu483/conda_envs/qgis332/lib/libabsl_raw_hash_set.so.2407.0.0
15550a897000-15550a898000 r--p 00003000 00:2e 1932647762                 /storage/home/hcoda1/4/hyu483/conda_envs/qgis332/lib/libabsl_raw_hash_set.so.2407.0.0
15550a898000-15550a899000 rw-p 00004000 00:2e 1932647762                 /storage/home/hcoda1/4/hyu483/conda_envs/qgis332/lib/libabsl_raw_hash_set.so.2407.0.0
15550a899000-15550a89a000 r--p 00000000 00:2e 1932647724                 /storage/home/hcoda1/4/hyu483/conda_envs/qgis332/lib/libabsl_log_internal_nullguard.so.2407.0.0
15550a89a000-15550a89b000 r-xp 00001000 00:2e 1932647724                 /storage/home/hcoda1/4/hyu483/conda_envs/qgis332/lib/libabsl_log_internal_nullguard.so.2407.0.0
15550a89b000-15550a89c000 r--p 00002000 00:2e 1932647724                 /storage/home/hcoda1/4/hyu483/conda_envs/qgis332/lib/libabsl_log_internal_nullguard.so.2407.0.0
15550a89c000-15550a89d000 r--p 00002000 00:2e 1932647724                 /storage/home/hcoda1/4/hyu483/conda_envs/qgis332/lib/libabsl_log_internal_nullguard.so.2407.0.0
15550a89d000-15550a89e000 rw-p 00003000 00:2e 1932647724                 /storage/home/hcoda1/4/hyu483/conda_envs/qgis332/lib/libabsl_log_internal_nullguard.so.2407.0.0
15550a89e000-15550a8a4000 r--p 00000000 00:2e 1932647722                 /storage/home/hcoda1/4/hyu483/conda_envs/qgis332/lib/libabsl_log_internal_message.so.2407.0.0
15550a8a4000-15550a8a7000 r-xp 00006000 00:2e 1932647722                 /storage/home/hcoda1/4/hyu483/conda_envs/qgis332/lib/libabsl_log_internal_message.so.2407.0.0
15550a8a7000-15550a8a9000 r--p 00009000 00:2e 1932647722                 /storage/home/hcoda1/4/hyu483/conda_envs/qgis332/lib/libabsl_log_internal_message.so.2407.0.0
15550a8a9000-15550a8aa000 r--p 0000a000 00:2e 1932647722                 /storage/home/hcoda1/4/hyu483/conda_envs/qgis332/lib/libabsl_log_internal_message.so.2407.0.0
15550a8aa000-15550a8ab000 rw-p 0000b000 00:2e 1932647722                 /storage/home/hcoda1/4/hyu483/conda_envs/qgis332/lib/libabsl_log_internal_message.so.2407.0.0
15550a8ab000-15550a8ae000 r--p 00000000 00:2e 1932647710                 /storage/home/hcoda1/4/hyu483/conda_envs/qgis332/lib/libabsl_log_internal_check_op.so.2407.0.0
15550a8ae000-15550a8b1000 r-xp 00003000 00:2e 1932647710                 /storage/home/hcoda1/4/hyu483/conda_envs/qgis332/lib/libabsl_log_internal_check_op.so.2407.0.0
15550a8b1000-15550a8b2000 r--p 00006000 00:2e 1932647710                 /storage/home/hcoda1/4/hyu483/conda_envs/qgis332/lib/libabsl_log_internal_check_op.so.2407.0.0
15550a8b2000-15550a8b3000 r--p 00006000 00:2e 1932647710                 /storage/home/hcoda1/4/hyu483/conda_envs/qgis332/lib/libabsl_log_internal_check_op.so.2407.0.0
15550a8b3000-15550a8b4000 rw-p 00007000 00:2e 1932647710                 /storage/home/hcoda1/4/hyu483/conda_envs/qgis332/lib/libabsl_log_internal_check_op.so.2407.0.0
15550a8b4000-15550a8b5000 r--p 00000000 00:2e 1932649572                 /storage/home/hcoda1/4/hyu483/conda_envs/qgis332/lib/libutf8_validity.so
15550a8b5000-15550a8b6000 r-xp 00001000 00:2e 1932649572                 /storage/home/hcoda1/4/hyu483/conda_envs/qgis332/lib/libutf8_validity.so
15550a8b6000-15550a8b7000 r--p 00002000 00:2e 1932649572                 /storage/home/hcoda1/4/hyu483/conda_envs/qgis332/lib/libutf8_validity.so
15550a8b7000-15550a8b8000 r--p 00002000 00:2e 1932649572                 /storage/home/hcoda1/4/hyu483/conda_envs/qgis332/lib/libutf8_validity.so
15550a8b8000-15550a8b9000 rw-p 00003000 00:2e 1932649572                 /storage/home/hcoda1/4/hyu483/conda_envs/qgis332/lib/libutf8_validity.so
15550a8b9000-15550a8ba000 r--p 00000000 00:2e 1917421784                 /storage/home/hcoda1/4/hyu483/conda_envs/qgis332/lib/libbrotlidec.so.1.1.0
15550a8ba000-15550a8c2000 r-xp 00001000 00:2e 1917421784                 /storage/home/hcoda1/4/hyu483/conda_envs/qgis332/lib/libbrotlidec.so.1.1.0
15550a8c2000-15550a8c5000 r--p 00009000 00:2e 1917421784                 /storage/home/hcoda1/4/hyu483/conda_envs/qgis332/lib/libbrotlidec.so.1.1.0
15550a8c5000-15550a8c6000 r--p 0000b000 00:2e 1917421784                 /storage/home/hcoda1/4/hyu483/conda_envs/qgis332/lib/libbrotlidec.so.1.1.0
15550a8c6000-15550a8c7000 rw-p 0000c000 00:2e 1917421784                 /storage/home/hcoda1/4/hyu483/conda_envs/qgis332/lib/libbrotlidec.so.1.1.0
15550a8c7000-15550a8cc000 r--p 00000000 00:2e 1932645664                 /storage/home/hcoda1/4/hyu483/conda_envs/qgis332/lib/libjson-c.so.5.4.0
15550a8cc000-15550a8d5000 r-xp 00005000 00:2e 1932645664                 /storage/home/hcoda1/4/hyu483/conda_envs/qgis332/lib/libjson-c.so.5.4.0
15550a8d5000-15550a8d9000 r--p 0000e000 00:2e 1932645664                 /storage/home/hcoda1/4/hyu483/conda_envs/qgis332/lib/libjson-c.so.5.4.0
15550a8d9000-15550a8da000 r--p 00011000 00:2e 1932645664                 /storage/home/hcoda1/4/hyu483/conda_envs/qgis332/lib/libjson-c.so.5.4.0
15550a8da000-15550a8db000 rw-p 00012000 00:2e 1932645664                 /storage/home/hcoda1/4/hyu483/conda_envs/qgis332/lib/libjson-c.so.5.4.0
15550a8db000-15550a8e9000 r--p 00000000 00:2e 1917444996                 /storage/home/hcoda1/4/hyu483/conda_envs/qgis332/lib/libkmlengine.so.1.3.0
15550a8e9000-15550a90f000 r-xp 0000e000 00:2e 1917444996                 /storage/home/hcoda1/4/hyu483/conda_envs/qgis332/lib/libkmlengine.so.1.3.0
15550a90f000-15550a917000 r--p 00034000 00:2e 1917444996                 /storage/home/hcoda1/4/hyu483/conda_envs/qgis332/lib/libkmlengine.so.1.3.0
15550a917000-15550a919000 r--p 0003b000 00:2e 1917444996                 /storage/home/hcoda1/4/hyu483/conda_envs/qgis332/lib/libkmlengine.so.1.3.0
15550a919000-15550a91a000 rw-p 0003d000 00:2e 1917444996                 /storage/home/hcoda1/4/hyu483/conda_envs/qgis332/lib/libkmlengine.so.1.3.0
15550a91a000-15550a94d000 r--p 00000000 00:2e 1917444995                 /storage/home/hcoda1/4/hyu483/conda_envs/qgis332/lib/libkmldom.so.1.3.0
15550a94d000-15550a9ac000 r-xp 00033000 00:2e 1917444995                 /storage/home/hcoda1/4/hyu483/conda_envs/qgis332/lib/libkmldom.so.1.3.0
15550a9ac000-15550a9ca000 r--p 00092000 00:2e 1917444995                 /storage/home/hcoda1/4/hyu483/conda_envs/qgis332/lib/libkmldom.so.1.3.0
15550a9ca000-15550a9d1000 r--p 000af000 00:2e 1917444995                 /storage/home/hcoda1/4/hyu483/conda_envs/qgis332/lib/libkmldom.so.1.3.0
15550a9d1000-15550a9d3000 rw-p 000b6000 00:2e 1917444995                 /storage/home/hcoda1/4/hyu483/conda_envs/qgis332/lib/libkmldom.so.1.3.0
15550a9d3000-15550a9dc000 r--p 00000000 00:2e 1917445002                 /storage/home/hcoda1/4/hyu483/conda_envs/qgis332/lib/libkmlbase.so.1.3.0
15550a9dc000-15550a9f1000 r-xp 00009000 00:2e 1917445002                 /storage/home/hcoda1/4/hyu483/conda_envs/qgis332/lib/libkmlbase.so.1.3.0
15550a9f1000-15550a9f6000 r--p 0001e000 00:2e 1917445002                 /storage/home/hcoda1/4/hyu483/conda_envs/qgis332/lib/libkmlbase.so.1.3.0
15550a9f6000-15550a9f7000 r--p 00022000 00:2e 1917445002                 /storage/home/hcoda1/4/hyu483/conda_envs/qgis332/lib/libkmlbase.so.1.3.0
15550a9f7000-15550a9f8000 rw-p 00023000 00:2e 1917445002                 /storage/home/hcoda1/4/hyu483/conda_envs/qgis332/lib/libkmlbase.so.1.3.0
15550a9f8000-15550a9fb000 r--p 00000000 00:2e 1917448003                 /storage/home/hcoda1/4/hyu483/conda_envs/qgis332/lib/libgif.so.7.2.0
15550a9fb000-15550aa02000 r-xp 00003000 00:2e 1917448003                 /storage/home/hcoda1/4/hyu483/conda_envs/qgis332/lib/libgif.so.7.2.0
15550aa02000-15550aa04000 r--p 0000a000 00:2e 1917448003                 /storage/home/hcoda1/4/hyu483/conda_envs/qgis332/lib/libgif.so.7.2.0
15550aa04000-15550aa05000 r--p 0000c000 00:2e 1917448003                 /storage/home/hcoda1/4/hyu483/conda_envs/qgis332/lib/libgif.so.7.2.0
15550aa05000-15550aa06000 rw-p 0000d000 00:2e 1917448003                 /storage/home/hcoda1/4/hyu483/conda_envs/qgis332/lib/libgif.so.7.2.0
15550aa06000-15550aa14000 r--p 00000000 00:2e 1917423026                 /storage/home/hcoda1/4/hyu483/conda_envs/qgis332/lib/libLerc.so.4
15550aa14000-15550aac7000 r-xp 0000e000 00:2e 1917423026                 /storage/home/hcoda1/4/hyu483/conda_envs/qgis332/lib/libLerc.so.4
15550aac7000-15550aad2000 r--p 000c1000 00:2e 1917423026                 /storage/home/hcoda1/4/hyu483/conda_envs/qgis332/lib/libLerc.so.4
15550aad2000-15550aad3000 r--p 000cc000 00:2e 1917423026                 /storage/home/hcoda1/4/hyu483/conda_envs/qgis332/lib/libLerc.so.4
15550aad3000-15550aad4000 rw-p 000cd000 00:2e 1917423026                 /storage/home/hcoda1/4/hyu483/conda_envs/qgis332/lib/libLerc.so.4
15550aad4000-15550aae4000 r--p 00000000 00:2e 2007944320                 /storage/home/hcoda1/4/hyu483/conda_envs/qgis332/lib/libgeotiff.so.5.2.4
15550aae4000-15550aaf0000 r-xp 00010000 00:2e 2007944320                 /storage/home/hcoda1/4/hyu483/conda_envs/qgis332/lib/libgeotiff.so.5.2.4
15550aaf0000-15550aaff000 r--p 0001c000 00:2e 2007944320                 /storage/home/hcoda1/4/hyu483/conda_envs/qgis332/lib/libgeotiff.so.5.2.4
15550aaff000-15550ab08000 r--p 0002b000 00:2e 2007944320                 /storage/home/hcoda1/4/hyu483/conda_envs/qgis332/lib/libgeotiff.so.5.2.4
15550ab08000-15550ab09000 rw-p 00034000 00:2e 2007944320                 /storage/home/hcoda1/4/hyu483/conda_envs/qgis332/lib/libgeotiff.so.5.2.4
15550ab09000-15550ab12000 r--p 00000000 00:2e 1932649728                 /storage/home/hcoda1/4/hyu483/conda_envs/qgis332/lib/libtiff.so.6.1.0
15550ab12000-15550ab67000 r-xp 00009000 00:2e 1932649728                 /storage/home/hcoda1/4/hyu483/conda_envs/qgis332/lib/libtiff.so.6.1.0
15550ab67000-15550ab98000 r--p 0005e000 00:2e 1932649728                 /storage/home/hcoda1/4/hyu483/conda_envs/qgis332/lib/libtiff.so.6.1.0
15550ab98000-15550ab9d000 r--p 0008f000 00:2e 1932649728                 /storage/home/hcoda1/4/hyu483/conda_envs/qgis332/lib/libtiff.so.6.1.0
15550ab9d000-15550ab9e000 rw-p 00094000 00:2e 1932649728                 /storage/home/hcoda1/4/hyu483/conda_envs/qgis332/lib/libtiff.so.6.1.0
15550ab9e000-15550acbb000 r--p 00000000 00:2e 1932533409                 /storage/home/hcoda1/4/hyu483/conda_envs/qgis332/lib/libxerces-c-3.2.so
15550acbb000-15550ae37000 r-xp 0011d000 00:2e 1932533409                 /storage/home/hcoda1/4/hyu483/conda_envs/qgis332/lib/libxerces-c-3.2.so
15550ae37000-15550aefd000 r--p 00299000 00:2e 1932533409                 /storage/home/hcoda1/4/hyu483/conda_envs/qgis332/lib/libxerces-c-3.2.so
15550aefd000-15550af15000 r--p 0035f000 00:2e 1932533409                 /storage/home/hcoda1/4/hyu483/conda_envs/qgis332/lib/libxerces-c-3.2.so
15550af15000-15550af37000 rw-p 00377000 00:2e 1932533409                 /storage/home/hcoda1/4/hyu483/conda_envs/qgis332/lib/libxerces-c-3.2.so
15550af37000-15550af3a000 r--p 00000000 00:2e 1932648629                 /storage/home/hcoda1/4/hyu483/conda_envs/qgis332/lib/liblz4.so.1.10.0
15550af3a000-15550af60000 r-xp 00003000 00:2e 1932648629                 /storage/home/hcoda1/4/hyu483/conda_envs/qgis332/lib/liblz4.so.1.10.0
15550af60000-15550af63000 r--p 00029000 00:2e 1932648629                 /storage/home/hcoda1/4/hyu483/conda_envs/qgis332/lib/liblz4.so.1.10.0
15550af63000-15550af64000 r--p 0002b000 00:2e 1932648629                 /storage/home/hcoda1/4/hyu483/conda_envs/qgis332/lib/liblz4.so.1.10.0
15550af64000-15550af65000 rw-p 0002c000 00:2e 1932648629                 /storage/home/hcoda1/4/hyu483/conda_envs/qgis332/lib/liblz4.so.1.10.0
15550af65000-15550af66000 r--p 00000000 00:2e 1932645672                 /storage/home/hcoda1/4/hyu483/conda_envs/qgis332/lib/libdeflate.so.0
15550af66000-15550af76000 r-xp 00001000 00:2e 1932645672                 /storage/home/hcoda1/4/hyu483/conda_envs/qgis332/lib/libdeflate.so.0
15550af76000-15550af7b000 r--p 00011000 00:2e 1932645672                 /storage/home/hcoda1/4/hyu483/conda_envs/qgis332/lib/libdeflate.so.0
15550af7b000-15550af7c000 r--p 00015000 00:2e 1932645672                 /storage/home/hcoda1/4/hyu483/conda_envs/qgis332/lib/libdeflate.so.0
15550af7c000-15550af7d000 rw-p 00016000 00:2e 1932645672                 /storage/home/hcoda1/4/hyu483/conda_envs/qgis332/lib/libdeflate.so.0
15550af7d000-15550af91000 r--p 00000000 00:2e 2085784164                 /storage/home/hcoda1/4/hyu483/conda_envs/qgis332/lib/libcurl.so.4.8.0
15550af91000-15550b027000 r-xp 00014000 00:2e 2085784164                 /storage/home/hcoda1/4/hyu483/conda_envs/qgis332/lib/libcurl.so.4.8.0
15550b027000-15550b054000 r--p 000aa000 00:2e 2085784164                 /storage/home/hcoda1/4/hyu483/conda_envs/qgis332/lib/libcurl.so.4.8.0
15550b054000-15550b05a000 r--p 000d7000 00:2e 2085784164                 /storage/home/hcoda1/4/hyu483/conda_envs/qgis332/lib/libcurl.so.4.8.0
15550b05a000-15550b05b000 rw-p 000dd000 00:2e 2085784164                 /storage/home/hcoda1/4/hyu483/conda_envs/qgis332/lib/libcurl.so.4.8.0
15550b05b000-15550b06e000 r--p 00000000 00:2e 1932536878                 /storage/home/hcoda1/4/hyu483/conda_envs/qgis332/lib/libarchive.so.13.7.7
15550b06e000-15550b0fc000 r-xp 00013000 00:2e 1932536878                 /storage/home/hcoda1/4/hyu483/conda_envs/qgis332/lib/libarchive.so.13.7.7
15550b0fc000-15550b125000 r--p 000a1000 00:2e 1932536878                 /storage/home/hcoda1/4/hyu483/conda_envs/qgis332/lib/libarchive.so.13.7.7
15550b125000-15550b129000 r--p 000c9000 00:2e 1932536878                 /storage/home/hcoda1/4/hyu483/conda_envs/qgis332/lib/libarchive.so.13.7.7
15550b129000-15550b12a000 rw-p 000cd000 00:2e 1932536878                 /storage/home/hcoda1/4/hyu483/conda_envs/qgis332/lib/libarchive.so.13.7.7
15550b12a000-15550b13b000 r--p 00000000 00:2e 1932632621                 /storage/home/hcoda1/4/hyu483/conda_envs/qgis332/lib/libgobject-2.0.so.0.8400.1
15550b13b000-15550b16f000 r-xp 00011000 00:2e 1932632621                 /storage/home/hcoda1/4/hyu483/conda_envs/qgis332/lib/libgobject-2.0.so.0.8400.1
15550b16f000-15550b189000 r--p 00045000 00:2e 1932632621                 /storage/home/hcoda1/4/hyu483/conda_envs/qgis332/lib/libgobject-2.0.so.0.8400.1
15550b189000-15550b18c000 r--p 0005f000 00:2e 1932632621                 /storage/home/hcoda1/4/hyu483/conda_envs/qgis332/lib/libgobject-2.0.so.0.8400.1
15550b18c000-15550b18d000 rw-p 00062000 00:2e 1932632621                 /storage/home/hcoda1/4/hyu483/conda_envs/qgis332/lib/libgobject-2.0.so.0.8400.1
15550b18d000-15550b1ab000 r--p 00000000 00:2e 2007949746                 /storage/home/hcoda1/4/hyu483/conda_envs/qgis332/lib/libgstvideo-1.0.so.0.2411.0
15550b1ab000-15550b235000 r-xp 0001e000 00:2e 2007949746                 /storage/home/hcoda1/4/hyu483/conda_envs/qgis332/lib/libgstvideo-1.0.so.0.2411.0
15550b235000-15550b260000 r--p 000a8000 00:2e 2007949746                 /storage/home/hcoda1/4/hyu483/conda_envs/qgis332/lib/libgstvideo-1.0.so.0.2411.0
15550b260000-15550b273000 r--p 000d2000 00:2e 2007949746                 /storage/home/hcoda1/4/hyu483/conda_envs/qgis332/lib/libgstvideo-1.0.so.0.2411.0
15550b273000-15550b274000 rw-p 000e5000 00:2e 2007949746                 /storage/home/hcoda1/4/hyu483/conda_envs/qgis332/lib/libgstvideo-1.0.so.0.2411.0
15550b274000-15550b27f000 r--p 00000000 00:2e 2085771266                 /storage/home/hcoda1/4/hyu483/conda_envs/qgis332/lib/libgsttag-1.0.so.0.2411.0
15550b27f000-15550b29f000 r-xp 0000b000 00:2e 2085771266                 /storage/home/hcoda1/4/hyu483/conda_envs/qgis332/lib/libgsttag-1.0.so.0.2411.0
15550b29f000-15550b2b2000 r--p 0002b000 00:2e 2085771266                 /storage/home/hcoda1/4/hyu483/conda_envs/qgis332/lib/libgsttag-1.0.so.0.2411.0
15550b2b2000-15550b2b4000 r--p 0003e000 00:2e 2085771266                 /storage/home/hcoda1/4/hyu483/conda_envs/qgis332/lib/libgsttag-1.0.so.0.2411.0
15550b2b4000-15550b2b5000 rw-p 00040000 00:2e 2085771266                 /storage/home/hcoda1/4/hyu483/conda_envs/qgis332/lib/libgsttag-1.0.so.0.2411.0
15550b2b5000-15550b2c7000 r--p 00000000 00:2e 2085771253                 /storage/home/hcoda1/4/hyu483/conda_envs/qgis332/lib/libgstaudio-1.0.so.0.2411.0
15550b2c7000-15550b313000 r-xp 00012000 00:2e 2085771253                 /storage/home/hcoda1/4/hyu483/conda_envs/qgis332/lib/libgstaudio-1.0.so.0.2411.0
15550b313000-15550b332000 r--p 0005e000 00:2e 2085771253                 /storage/home/hcoda1/4/hyu483/conda_envs/qgis332/lib/libgstaudio-1.0.so.0.2411.0
15550b332000-15550b336000 r--p 0007c000 00:2e 2085771253                 /storage/home/hcoda1/4/hyu483/conda_envs/qgis332/lib/libgstaudio-1.0.so.0.2411.0
15550b336000-15550b337000 rw-p 00080000 00:2e 2085771253                 /storage/home/hcoda1/4/hyu483/conda_envs/qgis332/lib/libgstaudio-1.0.so.0.2411.0
15550b337000-15550b348000 r--p 00000000 00:2e 2085771263                 /storage/home/hcoda1/4/hyu483/conda_envs/qgis332/lib/libgstpbutils-1.0.so.0.2411.0
15550b348000-15550b366000 r-xp 00011000 00:2e 2085771263                 /storage/home/hcoda1/4/hyu483/conda_envs/qgis332/lib/libgstpbutils-1.0.so.0.2411.0
15550b366000-15550b376000 r--p 0002f000 00:2e 2085771263                 /storage/home/hcoda1/4/hyu483/conda_envs/qgis332/lib/libgstpbutils-1.0.so.0.2411.0
15550b376000-15550b379000 r--p 0003f000 00:2e 2085771263                 /storage/home/hcoda1/4/hyu483/conda_envs/qgis332/lib/libgstpbutils-1.0.so.0.2411.0
15550b379000-15550b37a000 rw-p 00042000 00:2e 2085771263                 /storage/home/hcoda1/4/hyu483/conda_envs/qgis332/lib/libgstpbutils-1.0.so.0.2411.0
15550b37a000-15550b3ad000 r--p 00000000 00:2e 2085784405                 /storage/home/hcoda1/4/hyu483/conda_envs/qgis332/lib/libgstreamer-1.0.so.0.2411.0
15550b3ad000-15550b46c000 r-xp 00033000 00:2e 2085784405                 /storage/home/hcoda1/4/hyu483/conda_envs/qgis332/lib/libgstreamer-1.0.so.0.2411.0
15550b46c000-15550b4cc000 r--p 000f2000 00:2e 2085784405                 /storage/home/hcoda1/4/hyu483/conda_envs/qgis332/lib/libgstreamer-1.0.so.0.2411.0
15550b4cc000-15550b4d3000 r--p 00151000 00:2e 2085784405                 /storage/home/hcoda1/4/hyu483/conda_envs/qgis332/lib/libgstreamer-1.0.so.0.2411.0
15550b4d3000-15550b4d5000 rw-p 00158000 00:2e 2085784405                 /storage/home/hcoda1/4/hyu483/conda_envs/qgis332/lib/libgstreamer-1.0.so.0.2411.0
15550b4d5000-15550b4d6000 rw-p 00000000 00:00 0 
15550b4d6000-15550b4e7000 r--p 00000000 00:2e 2007947251                 /storage/home/hcoda1/4/hyu483/conda_envs/qgis332/lib/libgstbase-1.0.so.0.2411.0
15550b4e7000-15550b53c000 r-xp 00011000 00:2e 2007947251                 /storage/home/hcoda1/4/hyu483/conda_envs/qgis332/lib/libgstbase-1.0.so.0.2411.0
15550b53c000-15550b55d000 r--p 00066000 00:2e 2007947251                 /storage/home/hcoda1/4/hyu483/conda_envs/qgis332/lib/libgstbase-1.0.so.0.2411.0
15550b55d000-15550b55f000 r--p 00087000 00:2e 2007947251                 /storage/home/hcoda1/4/hyu483/conda_envs/qgis332/lib/libgstbase-1.0.so.0.2411.0
15550b55f000-15550b560000 rw-p 00089000 00:2e 2007947251                 /storage/home/hcoda1/4/hyu483/conda_envs/qgis332/lib/libgstbase-1.0.so.0.2411.0
15550b560000-15550b565000 r--p 00000000 00:2e 2007949719                 /storage/home/hcoda1/4/hyu483/conda_envs/qgis332/lib/libgstapp-1.0.so.0.2411.0
15550b565000-15550b570000 r-xp 00005000 00:2e 2007949719                 /storage/home/hcoda1/4/hyu483/conda_envs/qgis332/lib/libgstapp-1.0.so.0.2411.0
15550b570000-15550b575000 r--p 00010000 00:2e 2007949719                 /storage/home/hcoda1/4/hyu483/conda_envs/qgis332/lib/libgstapp-1.0.so.0.2411.0
15550b575000-15550b576000 r--p 00015000 00:2e 2007949719                 /storage/home/hcoda1/4/hyu483/conda_envs/qgis332/lib/libgstapp-1.0.so.0.2411.0
15550b576000-15550b577000 rw-p 00016000 00:2e 2007949719                 /storage/home/hcoda1/4/hyu483/conda_envs/qgis332/lib/libgstapp-1.0.so.0.2411.0
15550b577000-15550b5b4000 r--p 00000000 00:2e 2085784167                 /storage/home/hcoda1/4/hyu483/conda_envs/qgis332/lib/libgio-2.0.so.0.8400.1
15550b5b4000-15550b6c0000 r-xp 0003d000 00:2e 2085784167                 /storage/home/hcoda1/4/hyu483/conda_envs/qgis332/lib/libgio-2.0.so.0.8400.1
15550b6c0000-15550b747000 r--p 00149000 00:2e 2085784167                 /storage/home/hcoda1/4/hyu483/conda_envs/qgis332/lib/libgio-2.0.so.0.8400.1
15550b747000-15550b74f000 r--p 001cf000 00:2e 2085784167                 /storage/home/hcoda1/4/hyu483/conda_envs/qgis332/lib/libgio-2.0.so.0.8400.1
15550b74f000-15550b750000 rw-p 001d7000 00:2e 2085784167                 /storage/home/hcoda1/4/hyu483/conda_envs/qgis332/lib/libgio-2.0.so.0.8400.1
15550b750000-15550b752000 rw-p 00000000 00:00 0 
15550b752000-15550b75d000 r--p 00000000 00:2e 2007931286                 /storage/home/hcoda1/4/hyu483/conda_envs/qgis332/lib/libxslt.so.1.1.43
15550b75d000-15550b781000 r-xp 0000b000 00:2e 2007931286                 /storage/home/hcoda1/4/hyu483/conda_envs/qgis332/lib/libxslt.so.1.1.43
15550b781000-15550b78e000 r--p 0002f000 00:2e 2007931286                 /storage/home/hcoda1/4/hyu483/conda_envs/qgis332/lib/libxslt.so.1.1.43
15550b78e000-15550b78f000 r--p 0003c000 00:2e 2007931286                 /storage/home/hcoda1/4/hyu483/conda_envs/qgis332/lib/libxslt.so.1.1.43
15550b78f000-15550b790000 rw-p 0003d000 00:2e 2007931286                 /storage/home/hcoda1/4/hyu483/conda_envs/qgis332/lib/libxslt.so.1.1.43
15550b790000-15550b7c6000 r--p 00000000 00:2e 2085784185                 /storage/home/hcoda1/4/hyu483/conda_envs/qgis332/lib/libxml2.so.2.13.8
15550b7c6000-15550b89e000 r-xp 00036000 00:2e 2085784185                 /storage/home/hcoda1/4/hyu483/conda_envs/qgis332/lib/libxml2.so.2.13.8
15550b89e000-15550b8e4000 r--p 0010e000 00:2e 2085784185                 /storage/home/hcoda1/4/hyu483/conda_envs/qgis332/lib/libxml2.so.2.13.8
15550b8e4000-15550b8ef000 r--p 00153000 00:2e 2085784185                 /storage/home/hcoda1/4/hyu483/conda_envs/qgis332/lib/libxml2.so.2.13.8
15550b8ef000-15550b8f0000 rw-p 0015e000 00:2e 2085784185                 /storage/home/hcoda1/4/hyu483/conda_envs/qgis332/lib/libxml2.so.2.13.8
15550b8f0000-15550b8f1000 rw-p 00000000 00:00 0 
15550b8f1000-15550b8f4000 r--p 00000000 00:2e 1932645738                 /storage/home/hcoda1/4/hyu483/conda_envs/qgis332/lib/libwebp.so.7.1.10
15550b8f4000-15550b98c000 r-xp 00003000 00:2e 1932645738                 /storage/home/hcoda1/4/hyu483/conda_envs/qgis332/lib/libwebp.so.7.1.10
15550b98c000-15550b9a0000 r--p 0009b000 00:2e 1932645738                 /storage/home/hcoda1/4/hyu483/conda_envs/qgis332/lib/libwebp.so.7.1.10
15550b9a0000-15550b9a1000 r--p 000ae000 00:2e 1932645738                 /storage/home/hcoda1/4/hyu483/conda_envs/qgis332/lib/libwebp.so.7.1.10
15550b9a1000-15550b9a2000 rw-p 000af000 00:2e 1932645738                 /storage/home/hcoda1/4/hyu483/conda_envs/qgis332/lib/libwebp.so.7.1.10
15550b9a2000-15550b9a3000 rw-p 00000000 00:00 0 
15550b9a3000-15550b9a9000 r--p 00000000 00:2e 1932645689                 /storage/home/hcoda1/4/hyu483/conda_envs/qgis332/lib/libjpeg.so.8.3.2
15550b9a9000-15550ba3f000 r-xp 00006000 00:2e 1932645689                 /storage/home/hcoda1/4/hyu483/conda_envs/qgis332/lib/libjpeg.so.8.3.2
15550ba3f000-15550ba68000 r--p 0009c000 00:2e 1932645689                 /storage/home/hcoda1/4/hyu483/conda_envs/qgis332/lib/libjpeg.so.8.3.2
15550ba68000-15550ba69000 r--p 000c5000 00:2e 1932645689                 /storage/home/hcoda1/4/hyu483/conda_envs/qgis332/lib/libjpeg.so.8.3.2
15550ba69000-15550ba6a000 rw-p 000c6000 00:2e 1932645689                 /storage/home/hcoda1/4/hyu483/conda_envs/qgis332/lib/libjpeg.so.8.3.2
15550ba6a000-15550ba86000 r--p 00000000 00:2e 2036220337                 /storage/home/hcoda1/4/hyu483/conda_envs/qgis332/lib/libQt5Sensors.so.5.15.15
15550ba86000-15550ba92000 r-xp 0001c000 00:2e 2036220337                 /storage/home/hcoda1/4/hyu483/conda_envs/qgis332/lib/libQt5Sensors.so.5.15.15
15550ba92000-15550ba9e000 r--p 00028000 00:2e 2036220337                 /storage/home/hcoda1/4/hyu483/conda_envs/qgis332/lib/libQt5Sensors.so.5.15.15
15550ba9e000-15550baa2000 r--p 00034000 00:2e 2036220337                 /storage/home/hcoda1/4/hyu483/conda_envs/qgis332/lib/libQt5Sensors.so.5.15.15
15550baa2000-15550baa3000 rw-p 00038000 00:2e 2036220337                 /storage/home/hcoda1/4/hyu483/conda_envs/qgis332/lib/libQt5Sensors.so.5.15.15
15550baa3000-15550bac1000 r--p 00000000 00:2e 2085784136                 /storage/home/hcoda1/4/hyu483/conda_envs/qgis332/lib/libX11.so.6.4.0
15550bac1000-15550bb4f000 r-xp 0001e000 00:2e 2085784136                 /storage/home/hcoda1/4/hyu483/conda_envs/qgis332/lib/libX11.so.6.4.0
15550bb4f000-15550bbe5000 r--p 000ac000 00:2e 2085784136                 /storage/home/hcoda1/4/hyu483/conda_envs/qgis332/lib/libX11.so.6.4.0
15550bbe5000-15550bbe8000 r--p 00141000 00:2e 2085784136                 /storage/home/hcoda1/4/hyu483/conda_envs/qgis332/lib/libX11.so.6.4.0
15550bbe8000-15550bbec000 rw-p 00144000 00:2e 2085784136                 /storage/home/hcoda1/4/hyu483/conda_envs/qgis332/lib/libX11.so.6.4.0
15550bbec000-15550bbf6000 r--p 00000000 00:2e 2036222285                 /storage/home/hcoda1/4/hyu483/conda_envs/qgis332/lib/libQt5WebChannel.so.5.15.15
15550bbf6000-15550bc03000 r-xp 0000a000 00:2e 2036222285                 /storage/home/hcoda1/4/hyu483/conda_envs/qgis332/lib/libQt5WebChannel.so.5.15.15
15550bc03000-15550bc0a000 r--p 00017000 00:2e 2036222285                 /storage/home/hcoda1/4/hyu483/conda_envs/qgis332/lib/libQt5WebChannel.so.5.15.15
15550bc0a000-15550bc0b000 r--p 0001e000 00:2e 2036222285                 /storage/home/hcoda1/4/hyu483/conda_envs/qgis332/lib/libQt5WebChannel.so.5.15.15
15550bc0b000-15550bc0c000 rw-p 0001f000 00:2e 2036222285                 /storage/home/hcoda1/4/hyu483/conda_envs/qgis332/lib/libQt5WebChannel.so.5.15.15
15550bc0c000-15550bc28000 r--p 00000000 00:2e 2036218912                 /storage/home/hcoda1/4/hyu483/conda_envs/qgis332/lib/libQt5QmlModels.so.5.15.15
15550bc28000-15550bc56000 r-xp 0001c000 00:2e 2036218912                 /storage/home/hcoda1/4/hyu483/conda_envs/qgis332/lib/libQt5QmlModels.so.5.15.15
15550bc56000-15550bc6f000 r--p 0004a000 00:2e 2036218912                 /storage/home/hcoda1/4/hyu483/conda_envs/qgis332/lib/libQt5QmlModels.so.5.15.15
15550bc6f000-15550bc73000 r--p 00062000 00:2e 2036218912                 /storage/home/hcoda1/4/hyu483/conda_envs/qgis332/lib/libQt5QmlModels.so.5.15.15
15550bc73000-15550bc74000 rw-p 00066000 00:2e 2036218912                 /storage/home/hcoda1/4/hyu483/conda_envs/qgis332/lib/libQt5QmlModels.so.5.15.15
15550bc74000-15550bd93000 r--p 00000000 00:2e 2036218982                 /storage/home/hcoda1/4/hyu483/conda_envs/qgis332/lib/libQt5Quick.so.5.15.15
15550bd93000-15550bf55000 r-xp 0011f000 00:2e 2036218982                 /storage/home/hcoda1/4/hyu483/conda_envs/qgis332/lib/libQt5Quick.so.5.15.15
15550bf55000-15550c076000 r--p 002e1000 00:2e 2036218982                 /storage/home/hcoda1/4/hyu483/conda_envs/qgis332/lib/libQt5Quick.so.5.15.15
15550c076000-15550c09f000 r--p 00402000 00:2e 2036218982                 /storage/home/hcoda1/4/hyu483/conda_envs/qgis332/lib/libQt5Quick.so.5.15.15
15550c09f000-15550c0a4000 rw-p 0042b000 00:2e 2036218982                 /storage/home/hcoda1/4/hyu483/conda_envs/qgis332/lib/libQt5Quick.so.5.15.15
15550c0a4000-15550c0a6000 rw-p 00000000 00:00 0 
15550c0a6000-15550c0c4000 r--p 00000000 00:2e 2036218825                 /storage/home/hcoda1/4/hyu483/conda_envs/qgis332/lib/libQt5OpenGL.so.5.15.15
15550c0c4000-15550c0e1000 r-xp 0001e000 00:2e 2036218825                 /storage/home/hcoda1/4/hyu483/conda_envs/qgis332/lib/libQt5OpenGL.so.5.15.15
15550c0e1000-15550c0f1000 r--p 0003b000 00:2e 2036218825                 /storage/home/hcoda1/4/hyu483/conda_envs/qgis332/lib/libQt5OpenGL.so.5.15.15
15550c0f1000-15550c0f3000 r--p 0004a000 00:2e 2036218825                 /storage/home/hcoda1/4/hyu483/conda_envs/qgis332/lib/libQt5OpenGL.so.5.15.15
15550c0f3000-15550c0f4000 rw-p 0004c000 00:2e 2036218825                 /storage/home/hcoda1/4/hyu483/conda_envs/qgis332/lib/libQt5OpenGL.so.5.15.15
15550c0f4000-15550c0f5000 rw-p 00000000 00:00 0 
15550c0f5000-15550c10c000 r--p 00000000 00:2e 2036218285                 /storage/home/hcoda1/4/hyu483/conda_envs/qgis332/lib/libQt5DBus.so.5.15.15
15550c10c000-15550c140000 r-xp 00017000 00:2e 2036218285                 /storage/home/hcoda1/4/hyu483/conda_envs/qgis332/lib/libQt5DBus.so.5.15.15
15550c140000-15550c159000 r--p 0004b000 00:2e 2036218285                 /storage/home/hcoda1/4/hyu483/conda_envs/qgis332/lib/libQt5DBus.so.5.15.15
15550c159000-15550c15b000 r--p 00063000 00:2e 2036218285                 /storage/home/hcoda1/4/hyu483/conda_envs/qgis332/lib/libQt5DBus.so.5.15.15
15550c15b000-15550c15c000 rw-p 00065000 00:2e 2036218285                 /storage/home/hcoda1/4/hyu483/conda_envs/qgis332/lib/libQt5DBus.so.5.15.15
15550c15c000-15550c15d000 rw-p 00000000 00:00 0 
15550c15d000-15550c16b000 r--p 00000000 00:2e 2085794172                 /storage/home/hcoda1/4/hyu483/conda_envs/qgis332/lib/libpulse.so.0.24.3
15550c16b000-15550c188000 r-xp 0000e000 00:2e 2085794172                 /storage/home/hcoda1/4/hyu483/conda_envs/qgis332/lib/libpulse.so.0.24.3
15550c188000-15550c192000 r--p 0002b000 00:2e 2085794172                 /storage/home/hcoda1/4/hyu483/conda_envs/qgis332/lib/libpulse.so.0.24.3
15550c192000-15550c194000 r--p 00035000 00:2e 2085794172                 /storage/home/hcoda1/4/hyu483/conda_envs/qgis332/lib/libpulse.so.0.24.3
15550c194000-15550c195000 rw-p 00037000 00:2e 2085794172                 /storage/home/hcoda1/4/hyu483/conda_envs/qgis332/lib/libpulse.so.0.24.3
15550c195000-15550c1a4000 r--p 00000000 00:2e 2007949872                 /storage/home/hcoda1/4/hyu483/conda_envs/qgis332/lib/libharfbuzz.so.0.61121.0
15550c1a4000-15550c298000 r-xp 0000f000 00:2e 2007949872                 /storage/home/hcoda1/4/hyu483/conda_envs/qgis332/lib/libharfbuzz.so.0.61121.0
15550c298000-15550c2d2000 r--p 00103000 00:2e 2007949872                 /storage/home/hcoda1/4/hyu483/conda_envs/qgis332/lib/libharfbuzz.so.0.61121.0
15550c2d2000-15550c2d4000 r--p 0013c000 00:2e 2007949872                 /storage/home/hcoda1/4/hyu483/conda_envs/qgis332/lib/libharfbuzz.so.0.61121.0
15550c2d4000-15550c2d5000 rw-p 0013e000 00:2e 2007949872                 /storage/home/hcoda1/4/hyu483/conda_envs/qgis332/lib/libharfbuzz.so.0.61121.0
15550c2d5000-15550c2dc000 r--p 00000000 00:2e 1917439818                 /storage/home/hcoda1/4/hyu483/conda_envs/qgis332/lib/libpng16.so.16.47.0
15550c2dc000-15550c305000 r-xp 00007000 00:2e 1917439818                 /storage/home/hcoda1/4/hyu483/conda_envs/qgis332/lib/libpng16.so.16.47.0
15550c305000-15550c310000 r--p 00030000 00:2e 1917439818                 /storage/home/hcoda1/4/hyu483/conda_envs/qgis332/lib/libpng16.so.16.47.0
15550c310000-15550c311000 r--p 0003b000 00:2e 1917439818                 /storage/home/hcoda1/4/hyu483/conda_envs/qgis332/lib/libpng16.so.16.47.0
15550c311000-15550c312000 rw-p 0003c000 00:2e 1917439818                 /storage/home/hcoda1/4/hyu483/conda_envs/qgis332/lib/libpng16.so.16.47.0
15550c312000-15550c359000 r--p 00000000 00:2e 1932540511                 /storage/home/hcoda1/4/hyu483/conda_envs/qgis332/lib/libGL.so.1.7.0
15550c359000-15550c378000 r-xp 00047000 00:2e 1932540511                 /storage/home/hcoda1/4/hyu483/conda_envs/qgis332/lib/libGL.so.1.7.0
15550c378000-15550c38d000 r--p 00066000 00:2e 1932540511                 /storage/home/hcoda1/4/hyu483/conda_envs/qgis332/lib/libGL.so.1.7.0
15550c38d000-15550c39b000 r--p 0007a000 00:2e 1932540511                 /storage/home/hcoda1/4/hyu483/conda_envs/qgis332/lib/libGL.so.1.7.0
15550c39b000-15550c39c000 rw-p 00088000 00:2e 1932540511                 /storage/home/hcoda1/4/hyu483/conda_envs/qgis332/lib/libGL.so.1.7.0
15550c39c000-15550c39d000 rw-p 00000000 00:00 0 
15550c39d000-15550c3c2000 r--p 00000000 00:2e 2007946888                 /storage/home/hcoda1/4/hyu483/conda_envs/qgis332/lib/libspatialite.so.8.1.0
15550c3c2000-15550c836000 r-xp 00025000 00:2e 2007946888                 /storage/home/hcoda1/4/hyu483/conda_envs/qgis332/lib/libspatialite.so.8.1.0
15550c836000-15550cb3e000 r--p 00499000 00:2e 2007946888                 /storage/home/hcoda1/4/hyu483/conda_envs/qgis332/lib/libspatialite.so.8.1.0
15550cb3e000-15550cb42000 r--p 007a1000 00:2e 2007946888                 /storage/home/hcoda1/4/hyu483/conda_envs/qgis332/lib/libspatialite.so.8.1.0
15550cb42000-15550cb44000 rw-p 007a5000 00:2e 2007946888                 /storage/home/hcoda1/4/hyu483/conda_envs/qgis332/lib/libspatialite.so.8.1.0
15550cb44000-15550cb45000 rw-p 00000000 00:00 0 
15550cb45000-15550cb5c000 r--p 00000000 00:2e 1932646520                 /storage/home/hcoda1/4/hyu483/conda_envs/qgis332/lib/libgeos_c.so.1.19.0
15550cb5c000-15550cb88000 r-xp 00017000 00:2e 1932646520                 /storage/home/hcoda1/4/hyu483/conda_envs/qgis332/lib/libgeos_c.so.1.19.0
15550cb88000-15550cb98000 r--p 00043000 00:2e 1932646520                 /storage/home/hcoda1/4/hyu483/conda_envs/qgis332/lib/libgeos_c.so.1.19.0
15550cb98000-15550cb9a000 r--p 00052000 00:2e 1932646520                 /storage/home/hcoda1/4/hyu483/conda_envs/qgis332/lib/libgeos_c.so.1.19.0
15550cb9a000-15550cb9b000 rw-p 00054000 00:2e 1932646520                 /storage/home/hcoda1/4/hyu483/conda_envs/qgis332/lib/libgeos_c.so.1.19.0
15550cb9b000-15550cbb3000 r--p 00000000 00:2e 2036218848                 /storage/home/hcoda1/4/hyu483/conda_envs/qgis332/lib/libQt5Positioning.so.5.15.15
15550cbb3000-15550cbe3000 r-xp 00018000 00:2e 2036218848                 /storage/home/hcoda1/4/hyu483/conda_envs/qgis332/lib/libQt5Positioning.so.5.15.15
15550cbe3000-15550cbf8000 r--p 00048000 00:2e 2036218848                 /storage/home/hcoda1/4/hyu483/conda_envs/qgis332/lib/libQt5Positioning.so.5.15.15
15550cbf8000-15550cbfa000 r--p 0005d000 00:2e 2036218848                 /storage/home/hcoda1/4/hyu483/conda_envs/qgis332/lib/libQt5Positioning.so.5.15.15
15550cbfa000-15550cbfb000 rw-p 0005f000 00:2e 2036218848                 /storage/home/hcoda1/4/hyu483/conda_envs/qgis332/lib/libQt5Positioning.so.5.15.15
15550cbfb000-15550cce1000 r--p 00000000 00:2e 2007953493                 /storage/home/hcoda1/4/hyu483/conda_envs/qgis332/lib/libpdalcpp.so.18.1.0
15550cce1000-15550d528000 r-xp 000e6000 00:2e 2007953493                 /storage/home/hcoda1/4/hyu483/conda_envs/qgis332/lib/libpdalcpp.so.18.1.0
15550d528000-15550d656000 r--p 0092d000 00:2e 2007953493                 /storage/home/hcoda1/4/hyu483/conda_envs/qgis332/lib/libpdalcpp.so.18.1.0
15550d656000-15550d690000 r--p 00a5a000 00:2e 2007953493                 /storage/home/hcoda1/4/hyu483/conda_envs/qgis332/lib/libpdalcpp.so.18.1.0
15550d690000-15550d693000 rw-p 00a94000 00:2e 2007953493                 /storage/home/hcoda1/4/hyu483/conda_envs/qgis332/lib/libpdalcpp.so.18.1.0
15550d693000-15550d79f000 rw-p 00000000 00:00 0 
15550d79f000-15550d7f6000 r--p 00000000 00:2e 1896366959                 /storage/home/hcoda1/4/hyu483/conda_envs/qgis332/lib/libdraco.so.9.0.0
15550d7f6000-15550d90f000 r-xp 00057000 00:2e 1896366959                 /storage/home/hcoda1/4/hyu483/conda_envs/qgis332/lib/libdraco.so.9.0.0
15550d90f000-15550d93e000 r--p 00170000 00:2e 1896366959                 /storage/home/hcoda1/4/hyu483/conda_envs/qgis332/lib/libdraco.so.9.0.0
15550d93e000-15550d944000 r--p 0019f000 00:2e 1896366959                 /storage/home/hcoda1/4/hyu483/conda_envs/qgis332/lib/libdraco.so.9.0.0
15550d944000-15550d945000 rw-p 001a5000 00:2e 1896366959                 /storage/home/hcoda1/4/hyu483/conda_envs/qgis332/lib/libdraco.so.9.0.0
15550d945000-15550d96a000 r--p 00000000 00:2e 2036218864                 /storage/home/hcoda1/4/hyu483/conda_envs/qgis332/lib/libQt5PrintSupport.so.5.15.15
15550d96a000-15550d98b000 r-xp 00025000 00:2e 2036218864                 /storage/home/hcoda1/4/hyu483/conda_envs/qgis332/lib/libQt5PrintSupport.so.5.15.15
15550d98b000-15550d9a2000 r--p 00046000 00:2e 2036218864                 /storage/home/hcoda1/4/hyu483/conda_envs/qgis332/lib/libQt5PrintSupport.so.5.15.15
15550d9a2000-15550d9a6000 r--p 0005c000 00:2e 2036218864                 /storage/home/hcoda1/4/hyu483/conda_envs/qgis332/lib/libQt5PrintSupport.so.5.15.15
15550d9a6000-15550d9a8000 rw-p 00060000 00:2e 2036218864                 /storage/home/hcoda1/4/hyu483/conda_envs/qgis332/lib/libQt5PrintSupport.so.5.15.15
15550d9a8000-15550d9b5000 r--p 00000000 00:2e 1893824152                 /storage/home/hcoda1/4/hyu483/conda_envs/qgis332/lib/libqt5keychain.so.0.14.3
15550d9b5000-15550d9c9000 r-xp 0000d000 00:2e 1893824152                 /storage/home/hcoda1/4/hyu483/conda_envs/qgis332/lib/libqt5keychain.so.0.14.3
15550d9c9000-15550d9d1000 r--p 00021000 00:2e 1893824152                 /storage/home/hcoda1/4/hyu483/conda_envs/qgis332/lib/libqt5keychain.so.0.14.3
15550d9d1000-15550d9d3000 r--p 00029000 00:2e 1893824152                 /storage/home/hcoda1/4/hyu483/conda_envs/qgis332/lib/libqt5keychain.so.0.14.3
15550d9d3000-15550d9d4000 rw-p 0002b000 00:2e 1893824152                 /storage/home/hcoda1/4/hyu483/conda_envs/qgis332/lib/libqt5keychain.so.0.14.3
15550d9d4000-15550d9fb000 r--p 00000000 00:2e 1932649565                 /storage/home/hcoda1/4/hyu483/conda_envs/qgis332/lib/libprotobuf-lite.so.28.3.0
15550d9fb000-15550da46000 r-xp 00027000 00:2e 1932649565                 /storage/home/hcoda1/4/hyu483/conda_envs/qgis332/lib/libprotobuf-lite.so.28.3.0
15550da46000-15550da59000 r--p 00072000 00:2e 1932649565                 /storage/home/hcoda1/4/hyu483/conda_envs/qgis332/lib/libprotobuf-lite.so.28.3.0
15550da59000-15550da5b000 r--p 00085000 00:2e 1932649565                 /storage/home/hcoda1/4/hyu483/conda_envs/qgis332/lib/libprotobuf-lite.so.28.3.0
15550da5b000-15550da5c000 rw-p 00087000 00:2e 1932649565                 /storage/home/hcoda1/4/hyu483/conda_envs/qgis332/lib/libprotobuf-lite.so.28.3.0
15550da5c000-15550da61000 r--p 00000000 00:2e 1932649746                 /storage/home/hcoda1/4/hyu483/conda_envs/qgis332/lib/libzip.so.5.5
15550da61000-15550da76000 r-xp 00005000 00:2e 1932649746                 /storage/home/hcoda1/4/hyu483/conda_envs/qgis332/lib/libzip.so.5.5
15550da76000-15550da7c000 r--p 0001a000 00:2e 1932649746                 /storage/home/hcoda1/4/hyu483/conda_envs/qgis332/lib/libzip.so.5.5
15550da7c000-15550da7d000 r--p 0001f000 00:2e 1932649746                 /storage/home/hcoda1/4/hyu483/conda_envs/qgis332/lib/libzip.so.5.5
15550da7d000-15550da7e000 rw-p 00020000 00:2e 1932649746                 /storage/home/hcoda1/4/hyu483/conda_envs/qgis332/lib/libzip.so.5.5
15550da7e000-15550daaf000 r--p 00000000 00:2e 1932648081                 /storage/home/hcoda1/4/hyu483/conda_envs/qgis332/lib/libspatialindex.so.8.0.0
15550daaf000-15550db5e000 r-xp 00031000 00:2e 1932648081                 /storage/home/hcoda1/4/hyu483/conda_envs/qgis332/lib/libspatialindex.so.8.0.0
15550db5e000-15550db86000 r--p 000e0000 00:2e 1932648081                 /storage/home/hcoda1/4/hyu483/conda_envs/qgis332/lib/libspatialindex.so.8.0.0
15550db86000-15550db8b000 r--p 00107000 00:2e 1932648081                 /storage/home/hcoda1/4/hyu483/conda_envs/qgis332/lib/libspatialindex.so.8.0.0
15550db8b000-15550db8c000 rw-p 0010c000 00:2e 1932648081                 /storage/home/hcoda1/4/hyu483/conda_envs/qgis332/lib/libspatialindex.so.8.0.0
15550db8c000-15550db93000 r--p 00000000 00:2e 1883928113                 /storage/home/hcoda1/4/hyu483/conda_envs/qgis332/lib/libOpenCL.so.1.0.0
15550db93000-15550dbb4000 r-xp 00007000 00:2e 1883928113                 /storage/home/hcoda1/4/hyu483/conda_envs/qgis332/lib/libOpenCL.so.1.0.0
15550dbb4000-15550dbc3000 r--p 00028000 00:2e 1883928113                 /storage/home/hcoda1/4/hyu483/conda_envs/qgis332/lib/libOpenCL.so.1.0.0
15550dbc3000-15550dbc4000 r--p 00037000 00:2e 1883928113                 /storage/home/hcoda1/4/hyu483/conda_envs/qgis332/lib/libOpenCL.so.1.0.0
15550dbc4000-15550dbc5000 rw-p 00038000 00:2e 1883928113                 /storage/home/hcoda1/4/hyu483/conda_envs/qgis332/lib/libOpenCL.so.1.0.0
15550dbc5000-15550dc6b000 r--p 00000000 00:2e 2036218894                 /storage/home/hcoda1/4/hyu483/conda_envs/qgis332/lib/libQt5Qml.so.5.15.15
15550dc6b000-15550de0d000 r-xp 000a6000 00:2e 2036218894                 /storage/home/hcoda1/4/hyu483/conda_envs/qgis332/lib/libQt5Qml.so.5.15.15
15550de0d000-15550dee4000 r--p 00248000 00:2e 2036218894                 /storage/home/hcoda1/4/hyu483/conda_envs/qgis332/lib/libQt5Qml.so.5.15.15
15550dee4000-15550defe000 r--p 0031e000 00:2e 2036218894                 /storage/home/hcoda1/4/hyu483/conda_envs/qgis332/lib/libQt5Qml.so.5.15.15
15550defe000-15550df00000 rw-p 00338000 00:2e 2036218894                 /storage/home/hcoda1/4/hyu483/conda_envs/qgis332/lib/libQt5Qml.so.5.15.15
15550df00000-15550df03000 rw-p 00000000 00:00 0 
15550df03000-15550df81000 r--p 00000000 00:2e 2085784332                 /storage/home/hcoda1/4/hyu483/conda_envs/qgis332/lib/libproj.so.25.9.5.1
15550df81000-15550e264000 r-xp 0007e000 00:2e 2085784332                 /storage/home/hcoda1/4/hyu483/conda_envs/qgis332/lib/libproj.so.25.9.5.1
15550e264000-15550e308000 r--p 00361000 00:2e 2085784332                 /storage/home/hcoda1/4/hyu483/conda_envs/qgis332/lib/libproj.so.25.9.5.1
15550e308000-15550e324000 r--p 00405000 00:2e 2085784332                 /storage/home/hcoda1/4/hyu483/conda_envs/qgis332/lib/libproj.so.25.9.5.1
15550e324000-15550e325000 rw-p 00421000 00:2e 2085784332                 /storage/home/hcoda1/4/hyu483/conda_envs/qgis332/lib/libproj.so.25.9.5.1
15550e325000-15550e328000 rw-p 00000000 00:00 0 
15550e328000-15550e402000 r--p 00000000 00:2e 1932648804                 /storage/home/hcoda1/4/hyu483/conda_envs/qgis332/lib/libexiv2.so.0.28.5
15550e402000-15550e5d9000 r-xp 000da000 00:2e 1932648804                 /storage/home/hcoda1/4/hyu483/conda_envs/qgis332/lib/libexiv2.so.0.28.5
15550e5d9000-15550e6b3000 r--p 002b1000 00:2e 1932648804                 /storage/home/hcoda1/4/hyu483/conda_envs/qgis332/lib/libexiv2.so.0.28.5
15550e6b3000-15550e710000 r--p 0038b000 00:2e 1932648804                 /storage/home/hcoda1/4/hyu483/conda_envs/qgis332/lib/libexiv2.so.0.28.5
15550e710000-15550e711000 rw-p 003e8000 00:2e 1932648804                 /storage/home/hcoda1/4/hyu483/conda_envs/qgis332/lib/libexiv2.so.0.28.5
15550e711000-15550e715000 rw-p 00000000 00:00 0 
15550e715000-15550e95a000 r--p 00000000 00:2e 2085794100                 /storage/home/hcoda1/4/hyu483/conda_envs/qgis332/lib/libgdal.so.36.3.10.2
15550e95a000-15550fb76000 r-xp 00245000 00:2e 2085794100                 /storage/home/hcoda1/4/hyu483/conda_envs/qgis332/lib/libgdal.so.36.3.10.2
15550fb76000-15550ff90000 r--p 01461000 00:2e 2085794100                 /storage/home/hcoda1/4/hyu483/conda_envs/qgis332/lib/libgdal.so.36.3.10.2
15550ff90000-155510032000 r--p 0187b000 00:2e 2085794100                 /storage/home/hcoda1/4/hyu483/conda_envs/qgis332/lib/libgdal.so.36.3.10.2
155510032000-155510033000 rw-p 0191d000 00:2e 2085794100                 /storage/home/hcoda1/4/hyu483/conda_envs/qgis332/lib/libgdal.so.36.3.10.2
155510033000-155510037000 rw-p 00000000 00:00 0 
155510037000-155512f5b000 r-xp 00000000 00:2e 1889083960                 /storage/home/hcoda1/4/hyu483/conda_envs/qgis332/lib/libQt5WebKit.so.5.212.0
155512f5b000-155513106000 r--p 02f23000 00:2e 1889083960                 /storage/home/hcoda1/4/hyu483/conda_envs/qgis332/lib/libQt5WebKit.so.5.212.0
155513106000-15551311e000 rw-p 030ce000 00:2e 1889083960                 /storage/home/hcoda1/4/hyu483/conda_envs/qgis332/lib/libQt5WebKit.so.5.212.0
15551311e000-155513137000 rw-p 00000000 00:00 0 
155513137000-155513182000 r-xp 00000000 00:2e 1889083965                 /storage/home/hcoda1/4/hyu483/conda_envs/qgis332/lib/libQt5WebKitWidgets.so.5.212.0
155513182000-155513187000 r--p 0004a000 00:2e 1889083965                 /storage/home/hcoda1/4/hyu483/conda_envs/qgis332/lib/libQt5WebKitWidgets.so.5.212.0
155513187000-155513188000 rw-p 0004f000 00:2e 1889083965                 /storage/home/hcoda1/4/hyu483/conda_envs/qgis332/lib/libQt5WebKitWidgets.so.5.212.0
155513188000-15551319b000 r--p 00000000 00:2e 2036221498                 /storage/home/hcoda1/4/hyu483/conda_envs/qgis332/lib/libQt5Sql.so.5.15.15
15551319b000-1555131af000 r-xp 00013000 00:2e 2036221498                 /storage/home/hcoda1/4/hyu483/conda_envs/qgis332/lib/libQt5Sql.so.5.15.15
1555131af000-1555131b9000 r--p 00027000 00:2e 2036221498                 /storage/home/hcoda1/4/hyu483/conda_envs/qgis332/lib/libQt5Sql.so.5.15.15
1555131b9000-1555131bb000 r--p 00030000 00:2e 2036221498                 /storage/home/hcoda1/4/hyu483/conda_envs/qgis332/lib/libQt5Sql.so.5.15.15
1555131bb000-1555131bc000 rw-p 00032000 00:2e 2036221498                 /storage/home/hcoda1/4/hyu483/conda_envs/qgis332/lib/libQt5Sql.so.5.15.15
1555131bc000-155513247000 r--p 00000000 00:2e 1889086906                 /storage/home/hcoda1/4/hyu483/conda_envs/qgis332/lib/libqwt.so.6.3.0
155513247000-155513312000 r-xp 0008b000 00:2e 1889086906                 /storage/home/hcoda1/4/hyu483/conda_envs/qgis332/lib/libqwt.so.6.3.0
155513312000-155513354000 r--p 00156000 00:2e 1889086906                 /storage/home/hcoda1/4/hyu483/conda_envs/qgis332/lib/libqwt.so.6.3.0
155513354000-155513360000 r--p 00197000 00:2e 1889086906                 /storage/home/hcoda1/4/hyu483/conda_envs/qgis332/lib/libqwt.so.6.3.0
155513360000-155513365000 rw-p 001a3000 00:2e 1889086906                 /storage/home/hcoda1/4/hyu483/conda_envs/qgis332/lib/libqwt.so.6.3.0
155513365000-1555133a9000 r--p 00000000 00:2e 2036218706                 /storage/home/hcoda1/4/hyu483/conda_envs/qgis332/lib/libQt5Network.so.5.15.15
1555133a9000-15551343f000 r-xp 00044000 00:2e 2036218706                 /storage/home/hcoda1/4/hyu483/conda_envs/qgis332/lib/libQt5Network.so.5.15.15
15551343f000-155513492000 r--p 000da000 00:2e 2036218706                 /storage/home/hcoda1/4/hyu483/conda_envs/qgis332/lib/libQt5Network.so.5.15.15
155513492000-155513498000 r--p 0012d000 00:2e 2036218706                 /storage/home/hcoda1/4/hyu483/conda_envs/qgis332/lib/libQt5Network.so.5.15.15
155513498000-15551349b000 rw-p 00133000 00:2e 2036218706                 /storage/home/hcoda1/4/hyu483/conda_envs/qgis332/lib/libQt5Network.so.5.15.15
15551349b000-155513500000 r--p 00000000 00:2e 1940392821                 /storage/home/hcoda1/4/hyu483/conda_envs/qgis332/lib/libqscintilla2_qt5.so.15.2.1
155513500000-15551377c000 r-xp 00065000 00:2e 1940392821                 /storage/home/hcoda1/4/hyu483/conda_envs/qgis332/lib/libqscintilla2_qt5.so.15.2.1
15551377c000-155513800000 r--p 002e1000 00:2e 1940392821                 /storage/home/hcoda1/4/hyu483/conda_envs/qgis332/lib/libqscintilla2_qt5.so.15.2.1
155513800000-15551380e000 r--p 00365000 00:2e 1940392821                 /storage/home/hcoda1/4/hyu483/conda_envs/qgis332/lib/libqscintilla2_qt5.so.15.2.1
15551380e000-155513813000 rw-p 00373000 00:2e 1940392821                 /storage/home/hcoda1/4/hyu483/conda_envs/qgis332/lib/libqscintilla2_qt5.so.15.2.1
155513813000-155513816000 rw-p 00000000 00:00 0 
155513816000-1555138fc000 r--p 00000000 00:2e 2036218636                 /storage/home/hcoda1/4/hyu483/conda_envs/qgis332/lib/libQt5Gui.so.5.15.15
1555138fc000-155513b25000 r-xp 000e6000 00:2e 2036218636                 /storage/home/hcoda1/4/hyu483/conda_envs/qgis332/lib/libQt5Gui.so.5.15.15
155513b25000-155513c19000 r--p 0030f000 00:2e 2036218636                 /storage/home/hcoda1/4/hyu483/conda_envs/qgis332/lib/libQt5Gui.so.5.15.15
155513c19000-155513c29000 r--p 00403000 00:2e 2036218636                 /storage/home/hcoda1/4/hyu483/conda_envs/qgis332/lib/libQt5Gui.so.5.15.15
155513c29000-155513c2d000 rw-p 00413000 00:2e 2036218636                 /storage/home/hcoda1/4/hyu483/conda_envs/qgis332/lib/libQt5Gui.so.5.15.15
155513c2d000-155513c38000 rw-p 00000000 00:00 0 
155513c38000-155513d94000 r--p 00000000 00:2e 2036222322                 /storage/home/hcoda1/4/hyu483/conda_envs/qgis332/lib/libQt5Widgets.so.5.15.15
155513d94000-155513fdc000 r-xp 0015c000 00:2e 2036222322                 /storage/home/hcoda1/4/hyu483/conda_envs/qgis332/lib/libQt5Widgets.so.5.15.15
155513fdc000-15551413d000 r--p 003a4000 00:2e 2036222322                 /storage/home/hcoda1/4/hyu483/conda_envs/qgis332/lib/libQt5Widgets.so.5.15.15
15551413d000-15551416a000 r--p 00505000 00:2e 2036222322                 /storage/home/hcoda1/4/hyu483/conda_envs/qgis332/lib/libQt5Widgets.so.5.15.15
15551416a000-15551416f000 rw-p 00532000 00:2e 2036222322                 /storage/home/hcoda1/4/hyu483/conda_envs/qgis332/lib/libQt5Widgets.so.5.15.15
15551416f000-1555141c4000 r--p 00000000 00:2e 1885650896                 /storage/home/hcoda1/4/hyu483/conda_envs/qgis332/lib/libqca-qt5.so.2.3.7
1555141c4000-155514253000 r-xp 00055000 00:2e 1885650896                 /storage/home/hcoda1/4/hyu483/conda_envs/qgis332/lib/libqca-qt5.so.2.3.7
155514253000-15551428b000 r--p 000e4000 00:2e 1885650896                 /storage/home/hcoda1/4/hyu483/conda_envs/qgis332/lib/libqca-qt5.so.2.3.7
15551428b000-155514295000 r--p 0011c000 00:2e 1885650896                 /storage/home/hcoda1/4/hyu483/conda_envs/qgis332/lib/libqca-qt5.so.2.3.7
155514295000-155514296000 rw-p 00126000 00:2e 1885650896                 /storage/home/hcoda1/4/hyu483/conda_envs/qgis332/lib/libqca-qt5.so.2.3.7
155514296000-155514688000 r--p 00000000 00:2e 1902568256                 /storage/home/hcoda1/4/hyu483/conda_envs/qgis332/lib/libqgis_core.so.3.40.3
155514688000-155515e43000 r-xp 003f2000 00:2e 1902568256                 /storage/home/hcoda1/4/hyu483/conda_envs/qgis332/lib/libqgis_core.so.3.40.3
155515e43000-155516a05000 r--p 01bad000 00:2e 1902568256                 /storage/home/hcoda1/4/hyu483/conda_envs/qgis332/lib/libqgis_core.so.3.40.3
155516a05000-155516a76000 r--p 0276f000 00:2e 1902568256                 /storage/home/hcoda1/4/hyu483/conda_envs/qgis332/lib/libqgis_core.so.3.40.3
155516a76000-155516a78000 rw-p 027e0000 00:2e 1902568256                 /storage/home/hcoda1/4/hyu483/conda_envs/qgis332/lib/libqgis_core.so.3.40.3
155516a78000-155516a7a000 rw-p 00000000 00:00 0 
155516a7a000-155516f60000 r--p 00000000 00:2e 1902568259                 /storage/home/hcoda1/4/hyu483/conda_envs/qgis332/lib/libqgis_gui.so.3.40.3
155516f60000-155517f18000 r-xp 004e6000 00:2e 1902568259                 /storage/home/hcoda1/4/hyu483/conda_envs/qgis332/lib/libqgis_gui.so.3.40.3
155517f18000-1555183c0000 r--p 0149e000 00:2e 1902568259                 /storage/home/hcoda1/4/hyu483/conda_envs/qgis332/lib/libqgis_gui.so.3.40.3
1555183c0000-15551848f000 r--p 01946000 00:2e 1902568259                 /storage/home/hcoda1/4/hyu483/conda_envs/qgis332/lib/libqgis_gui.so.3.40.3
15551848f000-155518490000 rw-p 01a15000 00:2e 1902568259                 /storage/home/hcoda1/4/hyu483/conda_envs/qgis332/lib/libqgis_gui.so.3.40.3
155518490000-155518491000 rw-p 00000000 00:00 0 
155518491000-155518582000 r--p 00000000 00:2e 1883928228                 /storage/home/hcoda1/4/hyu483/conda_envs/qgis332/lib/libpython3.11.so.1.0
155518582000-1555187c5000 r-xp 000f1000 00:2e 1883928228                 /storage/home/hcoda1/4/hyu483/conda_envs/qgis332/lib/libpython3.11.so.1.0
1555187c5000-1555188b2000 r--p 00334000 00:2e 1883928228                 /storage/home/hcoda1/4/hyu483/conda_envs/qgis332/lib/libpython3.11.so.1.0
1555188b2000-1555188e1000 r--p 00421000 00:2e 1883928228                 /storage/home/hcoda1/4/hyu483/conda_envs/qgis332/lib/libpython3.11.so.1.0
1555188e1000-155518a12000 rw-p 00450000 00:2e 1883928228                 /storage/home/hcoda1/4/hyu483/conda_envs/qgis332/lib/libpython3.11.so.1.0
155518a12000-155518a54000 rw-p 00000000 00:00 0 
155518a54000-155519536000 r--p 00000000 00:2e 1889088350                 /storage/home/hcoda1/4/hyu483/conda_envs/qgis332/share/qgis/python/qgis/_gui.so
155519536000-15551b180000 r-xp 00ae2000 00:2e 1889088350                 /storage/home/hcoda1/4/hyu483/conda_envs/qgis332/share/qgis/python/qgis/_gui.so
15551b180000-15551be07000 r--p 0272c000 00:2e 1889088350                 /storage/home/hcoda1/4/hyu483/conda_envs/qgis332/share/qgis/python/qgis/_gui.so
15551be07000-15551bea5000 r--p 033b2000 00:2e 1889088350                 /storage/home/hcoda1/4/hyu483/conda_envs/qgis332/share/qgis/python/qgis/_gui.so
15551bea5000-15551bffd000 rw-p 03450000 00:2e 1889088350                 /storage/home/hcoda1/4/hyu483/conda_envs/qgis332/share/qgis/python/qgis/_gui.so
15551bffd000-15551c044000 rw-p 00000000 00:00 0 
15551c044000-155520000000 ---p 00000000 00:00 0 
155520000000-155520021000 rw-p 00000000 00:00 0 
155520021000-155524000000 ---p 00000000 00:00 0 
155524000000-155524021000 rw-p 00000000 00:00 0 
155524021000-155525322000 rw-p 00000000 00:00 0 
155525322000-155528000000 ---p 00000000 00:00 0 
155528000000-155528021000 rw-p 00000000 00:00 0 
155528021000-15552c000000 ---p 00000000 00:00 0 
15552c000000-15552c021000 rw-p 00000000 00:00 0 
15552c021000-155530000000 ---p 00000000 00:00 0 
155530000000-155530021000 rw-p 00000000 00:00 0 
155530021000-155534000000 ---p 00000000 00:00 0 
155534000000-155534001000 r--p 00000000 fd:00 67240390                   /usr/lib/locale/C.utf8/LC_NUMERIC
155534001000-155534003000 r--p 00000000 00:2e 1932648739                 /storage/home/hcoda1/4/hyu483/conda_envs/qgis332/lib/libblosc.so.1.21.6
155534003000-15553400f000 r-xp 00002000 00:2e 1932648739                 /storage/home/hcoda1/4/hyu483/conda_envs/qgis332/lib/libblosc.so.1.21.6
15553400f000-155534011000 r--p 0000e000 00:2e 1932648739                 /storage/home/hcoda1/4/hyu483/conda_envs/qgis332/lib/libblosc.so.1.21.6
155534011000-155534012000 r--p 00010000 00:2e 1932648739                 /storage/home/hcoda1/4/hyu483/conda_envs/qgis332/lib/libblosc.so.1.21.6
155534012000-155534013000 rw-p 00011000 00:2e 1932648739                 /storage/home/hcoda1/4/hyu483/conda_envs/qgis332/lib/libblosc.so.1.21.6
155534013000-15553402f000 r--p 00000000 00:2e 2036222195                 /storage/home/hcoda1/4/hyu483/conda_envs/qgis332/lib/libQt5Svg.so.5.15.15
15553402f000-155534050000 r-xp 0001c000 00:2e 2036222195                 /storage/home/hcoda1/4/hyu483/conda_envs/qgis332/lib/libQt5Svg.so.5.15.15
155534050000-15553405c000 r--p 0003d000 00:2e 2036222195                 /storage/home/hcoda1/4/hyu483/conda_envs/qgis332/lib/libQt5Svg.so.5.15.15
15553405c000-15553405e000 r--p 00049000 00:2e 2036222195                 /storage/home/hcoda1/4/hyu483/conda_envs/qgis332/lib/libQt5Svg.so.5.15.15
15553405e000-15553405f000 rw-p 0004b000 00:2e 2036222195                 /storage/home/hcoda1/4/hyu483/conda_envs/qgis332/lib/libQt5Svg.so.5.15.15
15553405f000-1555340a7000 r--p 00000000 00:2e 2036218665                 /storage/home/hcoda1/4/hyu483/conda_envs/qgis332/lib/libQt5Multimedia.so.5.15.15
1555340a7000-1555340e2000 r-xp 00048000 00:2e 2036218665                 /storage/home/hcoda1/4/hyu483/conda_envs/qgis332/lib/libQt5Multimedia.so.5.15.15
1555340e2000-155534117000 r--p 00083000 00:2e 2036218665                 /storage/home/hcoda1/4/hyu483/conda_envs/qgis332/lib/libQt5Multimedia.so.5.15.15
155534117000-15553411f000 r--p 000b8000 00:2e 2036218665                 /storage/home/hcoda1/4/hyu483/conda_envs/qgis332/lib/libQt5Multimedia.so.5.15.15
15553411f000-155534120000 rw-p 000c0000 00:2e 2036218665                 /storage/home/hcoda1/4/hyu483/conda_envs/qgis332/lib/libQt5Multimedia.so.5.15.15
155534120000-155534221000 rw-p 00000000 00:00 0 
155534221000-155534224000 r--p 00000000 00:2e 1932649926                 /storage/home/hcoda1/4/hyu483/conda_envs/qgis332/lib/libpcre2-8.so.0.13.0
155534224000-15553429b000 r-xp 00003000 00:2e 1932649926                 /storage/home/hcoda1/4/hyu483/conda_envs/qgis332/lib/libpcre2-8.so.0.13.0
15553429b000-1555342c9000 r--p 0007a000 00:2e 1932649926                 /storage/home/hcoda1/4/hyu483/conda_envs/qgis332/lib/libpcre2-8.so.0.13.0
1555342c9000-1555342ca000 r--p 000a7000 00:2e 1932649926                 /storage/home/hcoda1/4/hyu483/conda_envs/qgis332/lib/libpcre2-8.so.0.13.0
1555342ca000-1555342cb000 rw-p 000a8000 00:2e 1932649926                 /storage/home/hcoda1/4/hyu483/conda_envs/qgis332/lib/libpcre2-8.so.0.13.0
1555342cb000-1555342ce000 r--p 00000000 00:2e 1917422021                 /storage/home/hcoda1/4/hyu483/conda_envs/qgis332/lib/libiconv.so.2.7.0
1555342ce000-1555342e3000 r-xp 00003000 00:2e 1917422021                 /storage/home/hcoda1/4/hyu483/conda_envs/qgis332/lib/libiconv.so.2.7.0
1555342e3000-1555343b2000 r--p 00018000 00:2e 1917422021                 /storage/home/hcoda1/4/hyu483/conda_envs/qgis332/lib/libiconv.so.2.7.0
1555343b2000-1555343b4000 r--p 000e6000 00:2e 1917422021                 /storage/home/hcoda1/4/hyu483/conda_envs/qgis332/lib/libiconv.so.2.7.0
1555343b4000-1555343b5000 rw-p 000e8000 00:2e 1917422021                 /storage/home/hcoda1/4/hyu483/conda_envs/qgis332/lib/libiconv.so.2.7.0
1555343b5000-1555343d6000 r--p 00000000 00:2e 2085784170                 /storage/home/hcoda1/4/hyu483/conda_envs/qgis332/lib/libglib-2.0.so.0.8400.1
1555343d6000-155534471000 r-xp 00021000 00:2e 2085784170                 /storage/home/hcoda1/4/hyu483/conda_envs/qgis332/lib/libglib-2.0.so.0.8400.1
155534471000-155534505000 r--p 000bc000 00:2e 2085784170                 /storage/home/hcoda1/4/hyu483/conda_envs/qgis332/lib/libglib-2.0.so.0.8400.1
155534505000-155534506000 r--p 00150000 00:2e 2085784170                 /storage/home/hcoda1/4/hyu483/conda_envs/qgis332/lib/libglib-2.0.so.0.8400.1
155534506000-155534507000 rw-p 00151000 00:2e 2085784170                 /storage/home/hcoda1/4/hyu483/conda_envs/qgis332/lib/libglib-2.0.so.0.8400.1
155534507000-155534508000 rw-p 00000000 00:00 0 
155534508000-155534516000 r--p 00000000 00:2e 1917439634                 /storage/home/hcoda1/4/hyu483/conda_envs/qgis332/lib/libzstd.so.1.5.7
155534516000-155534609000 r-xp 0000e000 00:2e 1917439634                 /storage/home/hcoda1/4/hyu483/conda_envs/qgis332/lib/libzstd.so.1.5.7
155534609000-15553461f000 r--p 00101000 00:2e 1917439634                 /storage/home/hcoda1/4/hyu483/conda_envs/qgis332/lib/libzstd.so.1.5.7
15553461f000-155534620000 r--p 00117000 00:2e 1917439634                 /storage/home/hcoda1/4/hyu483/conda_envs/qgis332/lib/libzstd.so.1.5.7
155534620000-155534621000 rw-p 00118000 00:2e 1917439634                 /storage/home/hcoda1/4/hyu483/conda_envs/qgis332/lib/libzstd.so.1.5.7
155534621000-155536372000 r--p 00000000 00:2e 1932649138                 /storage/home/hcoda1/4/hyu483/conda_envs/qgis332/lib/libicudata.so.75.1
155536372000-155536373000 r--p 01d50000 00:2e 1932649138                 /storage/home/hcoda1/4/hyu483/conda_envs/qgis332/lib/libicudata.so.75.1
155536373000-1555363df000 r--p 00000000 00:2e 1932649154                 /storage/home/hcoda1/4/hyu483/conda_envs/qgis332/lib/libicuuc.so.75.1
1555363df000-1555364e0000 r-xp 0006c000 00:2e 1932649154                 /storage/home/hcoda1/4/hyu483/conda_envs/qgis332/lib/libicuuc.so.75.1
1555364e0000-155536574000 r--p 0016d000 00:2e 1932649154                 /storage/home/hcoda1/4/hyu483/conda_envs/qgis332/lib/libicuuc.so.75.1
155536574000-155536587000 r--p 00200000 00:2e 1932649154                 /storage/home/hcoda1/4/hyu483/conda_envs/qgis332/lib/libicuuc.so.75.1
155536587000-155536588000 rw-p 00213000 00:2e 1932649154                 /storage/home/hcoda1/4/hyu483/conda_envs/qgis332/lib/libicuuc.so.75.1
155536588000-15553658a000 rw-p 00000000 00:00 0 
15553658a000-155536695000 r--p 00000000 00:2e 1932649142                 /storage/home/hcoda1/4/hyu483/conda_envs/qgis332/lib/libicui18n.so.75.1
155536695000-155536860000 r-xp 0010b000 00:2e 1932649142                 /storage/home/hcoda1/4/hyu483/conda_envs/qgis332/lib/libicui18n.so.75.1
155536860000-1555368fe000 r--p 002d6000 00:2e 1932649142                 /storage/home/hcoda1/4/hyu483/conda_envs/qgis332/lib/libicui18n.so.75.1
1555368fe000-155536911000 r--p 00373000 00:2e 1932649142                 /storage/home/hcoda1/4/hyu483/conda_envs/qgis332/lib/libicui18n.so.75.1
155536911000-155536912000 rw-p 00386000 00:2e 1932649142                 /storage/home/hcoda1/4/hyu483/conda_envs/qgis332/lib/libicui18n.so.75.1
155536912000-155536913000 rw-p 00000000 00:00 0 
155536913000-1555369aa000 r--p 00000000 00:2e 2085794865                 /storage/home/hcoda1/4/hyu483/conda_envs/qgis332/lib/libQt5Core.so.5.15.15
1555369aa000-155536b85000 r-xp 00097000 00:2e 2085794865                 /storage/home/hcoda1/4/hyu483/conda_envs/qgis332/lib/libQt5Core.so.5.15.15
155536b85000-155536d87000 r--p 00272000 00:2e 2085794865                 /storage/home/hcoda1/4/hyu483/conda_envs/qgis332/lib/libQt5Core.so.5.15.15
155536d87000-155536d94000 r--p 00473000 00:2e 2085794865                 /storage/home/hcoda1/4/hyu483/conda_envs/qgis332/lib/libQt5Core.so.5.15.15
155536d94000-155536d96000 rw-p 00480000 00:2e 2085794865                 /storage/home/hcoda1/4/hyu483/conda_envs/qgis332/lib/libQt5Core.so.5.15.15
155536d96000-155536d9a000 rw-p 00000000 00:00 0 
155536d9a000-155536e48000 r--p 00000000 00:2e 1883959857                 /storage/home/hcoda1/4/hyu483/conda_envs/qgis332/lib/python3.11/site-packages/PyQt5/QtCore.abi3.so
155536e48000-155536fa4000 r-xp 000ae000 00:2e 1883959857                 /storage/home/hcoda1/4/hyu483/conda_envs/qgis332/lib/python3.11/site-packages/PyQt5/QtCore.abi3.so
155536fa4000-155537061000 r--p 0020a000 00:2e 1883959857                 /storage/home/hcoda1/4/hyu483/conda_envs/qgis332/lib/python3.11/site-packages/PyQt5/QtCore.abi3.so
155537061000-155537066000 r--p 002c6000 00:2e 1883959857                 /storage/home/hcoda1/4/hyu483/conda_envs/qgis332/lib/python3.11/site-packages/PyQt5/QtCore.abi3.so
155537066000-1555370b0000 rw-p 002cb000 00:2e 1883959857                 /storage/home/hcoda1/4/hyu483/conda_envs/qgis332/lib/python3.11/site-packages/PyQt5/QtCore.abi3.so
1555370b0000-1555370b1000 rw-p 00000000 00:00 0 
1555371b0000-1555371b1000 ---p 00000000 00:00 0 
1555371b1000-1555371b5000 ---p 00000000 00:00 0 
1555371b5000-1555372b1000 rw-p 00000000 00:00 0 
1555372b1000-1555372b2000 ---p 00000000 00:00 0 
1555372b2000-1555372b6000 ---p 00000000 00:00 0 
1555372b6000-1555373b2000 rw-p 00000000 00:00 0 
1555373b2000-1555373b3000 ---p 00000000 00:00 0 
1555373b3000-1555373b7000 ---p 00000000 00:00 0 
1555373b7000-1555374b3000 rw-p 00000000 00:00 0 
1555374b3000-1555377b3000 rw-p 00000000 00:00 0 
1555377b3000-1555377b4000 r--p 00000000 00:2e 2007949724                 /storage/home/hcoda1/4/hyu483/conda_envs/qgis332/lib/libgstfft-1.0.so.0.2411.0
1555377b4000-1555377bc000 r-xp 00001000 00:2e 2007949724                 /storage/home/hcoda1/4/hyu483/conda_envs/qgis332/lib/libgstfft-1.0.so.0.2411.0
1555377bc000-1555377be000 r--p 00009000 00:2e 2007949724                 /storage/home/hcoda1/4/hyu483/conda_envs/qgis332/lib/libgstfft-1.0.so.0.2411.0
1555377be000-1555377bf000 r--p 0000a000 00:2e 2007949724                 /storage/home/hcoda1/4/hyu483/conda_envs/qgis332/lib/libgstfft-1.0.so.0.2411.0
1555377bf000-1555377c0000 rw-p 0000b000 00:2e 2007949724                 /storage/home/hcoda1/4/hyu483/conda_envs/qgis332/lib/libgstfft-1.0.so.0.2411.0
1555377c0000-1555377c1000 r--p 00000000 00:2e 2007947958                 /storage/home/hcoda1/4/hyu483/conda_envs/qgis332/lib/libpulse-mainloop-glib.so.0.0.6
1555377c1000-1555377c3000 r-xp 00001000 00:2e 2007947958                 /storage/home/hcoda1/4/hyu483/conda_envs/qgis332/lib/libpulse-mainloop-glib.so.0.0.6
1555377c3000-1555377c4000 r--p 00003000 00:2e 2007947958                 /storage/home/hcoda1/4/hyu483/conda_envs/qgis332/lib/libpulse-mainloop-glib.so.0.0.6
1555377c4000-1555377c5000 r--p 00003000 00:2e 2007947958                 /storage/home/hcoda1/4/hyu483/conda_envs/qgis332/lib/libpulse-mainloop-glib.so.0.0.6
1555377c5000-1555377c6000 rw-p 00004000 00:2e 2007947958                 /storage/home/hcoda1/4/hyu483/conda_envs/qgis332/lib/libpulse-mainloop-glib.so.0.0.6
1555377c6000-1555377cd000 r--p 00000000 00:2e 2036221489                 /storage/home/hcoda1/4/hyu483/conda_envs/qgis332/lib/libQt5SerialPort.so.5.15.15
1555377cd000-1555377d4000 r-xp 00007000 00:2e 2036221489                 /storage/home/hcoda1/4/hyu483/conda_envs/qgis332/lib/libQt5SerialPort.so.5.15.15
1555377d4000-1555377d9000 r--p 0000e000 00:2e 2036221489                 /storage/home/hcoda1/4/hyu483/conda_envs/qgis332/lib/libQt5SerialPort.so.5.15.15
1555377d9000-1555377da000 r--p 00012000 00:2e 2036221489                 /storage/home/hcoda1/4/hyu483/conda_envs/qgis332/lib/libQt5SerialPort.so.5.15.15
1555377da000-1555377db000 rw-p 00013000 00:2e 2036221489                 /storage/home/hcoda1/4/hyu483/conda_envs/qgis332/lib/libQt5SerialPort.so.5.15.15
1555377db000-1555377e8000 r--p 00000000 00:2e 2036218684                 /storage/home/hcoda1/4/hyu483/conda_envs/qgis332/lib/libQt5MultimediaWidgets.so.5.15.15
1555377e8000-1555377f0000 r-xp 0000d000 00:2e 2036218684                 /storage/home/hcoda1/4/hyu483/conda_envs/qgis332/lib/libQt5MultimediaWidgets.so.5.15.15
1555377f0000-1555377f6000 r--p 00015000 00:2e 2036218684                 /storage/home/hcoda1/4/hyu483/conda_envs/qgis332/lib/libQt5MultimediaWidgets.so.5.15.15
1555377f6000-1555377f8000 r--p 0001b000 00:2e 2036218684                 /storage/home/hcoda1/4/hyu483/conda_envs/qgis332/lib/libQt5MultimediaWidgets.so.5.15.15
1555377f8000-1555377f9000 rw-p 0001d000 00:2e 2036218684                 /storage/home/hcoda1/4/hyu483/conda_envs/qgis332/lib/libQt5MultimediaWidgets.so.5.15.15
1555377f9000-155537803000 r--p 00000000 00:2e 2036220084                 /storage/home/hcoda1/4/hyu483/conda_envs/qgis332/lib/libQt5QuickWidgets.so.5.15.15
155537803000-155537808000 r-xp 0000a000 00:2e 2036220084                 /storage/home/hcoda1/4/hyu483/conda_envs/qgis332/lib/libQt5QuickWidgets.so.5.15.15
155537808000-15553780b000 r--p 0000f000 00:2e 2036220084                 /storage/home/hcoda1/4/hyu483/conda_envs/qgis332/lib/libQt5QuickWidgets.so.5.15.15
15553780b000-15553780c000 r--p 00011000 00:2e 2036220084                 /storage/home/hcoda1/4/hyu483/conda_envs/qgis332/lib/libQt5QuickWidgets.so.5.15.15
15553780c000-15553780d000 rw-p 00012000 00:2e 2036220084                 /storage/home/hcoda1/4/hyu483/conda_envs/qgis332/lib/libQt5QuickWidgets.so.5.15.15
15553780d000-155537812000 r--p 00000000 00:2e 1902568261                 /storage/home/hcoda1/4/hyu483/conda_envs/qgis332/lib/libqgis_native.so.3.40.3
155537812000-15553781c000 r-xp 00005000 00:2e 1902568261                 /storage/home/hcoda1/4/hyu483/conda_envs/qgis332/lib/libqgis_native.so.3.40.3
15553781c000-15553781f000 r--p 0000f000 00:2e 1902568261                 /storage/home/hcoda1/4/hyu483/conda_envs/qgis332/lib/libqgis_native.so.3.40.3
15553781f000-155537820000 r--p 00011000 00:2e 1902568261                 /storage/home/hcoda1/4/hyu483/conda_envs/qgis332/lib/libqgis_native.so.3.40.3
155537820000-155537821000 rw-p 00012000 00:2e 1902568261                 /storage/home/hcoda1/4/hyu483/conda_envs/qgis332/lib/libqgis_native.so.3.40.3
155537821000-155537833000 r--p 00000000 00:2e 2036222370                 /storage/home/hcoda1/4/hyu483/conda_envs/qgis332/lib/libQt5Xml.so.5.15.15
155537833000-155537849000 r-xp 00012000 00:2e 2036222370                 /storage/home/hcoda1/4/hyu483/conda_envs/qgis332/lib/libQt5Xml.so.5.15.15
155537849000-155537854000 r--p 00028000 00:2e 2036222370                 /storage/home/hcoda1/4/hyu483/conda_envs/qgis332/lib/libQt5Xml.so.5.15.15
155537854000-155537856000 r--p 00033000 00:2e 2036222370                 /storage/home/hcoda1/4/hyu483/conda_envs/qgis332/lib/libQt5Xml.so.5.15.15
155537856000-155537857000 rw-p 00035000 00:2e 2036222370                 /storage/home/hcoda1/4/hyu483/conda_envs/qgis332/lib/libQt5Xml.so.5.15.15
155537857000-155537957000 rw-p 00000000 00:00 0 
155537957000-15553795d000 r--p 00000000 00:2e 1940416824                 /storage/home/hcoda1/4/hyu483/conda_envs/qgis332/lib/python3.11/site-packages/debugpy/_vendored/pydevd/_pydevd_bundle/pydevd_cython.cpython-311-x86_64-linux-gnu.so
15553795d000-1555379ec000 r-xp 00006000 00:2e 1940416824                 /storage/home/hcoda1/4/hyu483/conda_envs/qgis332/lib/python3.11/site-packages/debugpy/_vendored/pydevd/_pydevd_bundle/pydevd_cython.cpython-311-x86_64-linux-gnu.so
1555379ec000-1555379f8000 r--p 00095000 00:2e 1940416824                 /storage/home/hcoda1/4/hyu483/conda_envs/qgis332/lib/python3.11/site-packages/debugpy/_vendored/pydevd/_pydevd_bundle/pydevd_cython.cpython-311-x86_64-linux-gnu.so
1555379f8000-1555379f9000 r--p 000a0000 00:2e 1940416824                 /storage/home/hcoda1/4/hyu483/conda_envs/qgis332/lib/python3.11/site-packages/debugpy/_vendored/pydevd/_pydevd_bundle/pydevd_cython.cpython-311-x86_64-linux-gnu.so
1555379f9000-1555379fc000 rw-p 000a1000 00:2e 1940416824                 /storage/home/hcoda1/4/hyu483/conda_envs/qgis332/lib/python3.11/site-packages/debugpy/_vendored/pydevd/_pydevd_bundle/pydevd_cython.cpython-311-x86_64-linux-gnu.so
1555379fc000-1555379fd000 rw-p 00000000 00:00 0 
1555379fe000-1555379ff000 ---p 00000000 00:00 0 
1555379ff000-155537aff000 rw-p 00000000 00:00 0 
155537aff000-155537b00000 ---p 00000000 00:00 0 
155537b00000-155537c00000 rw-p 00000000 00:00 0 
155537c00000-155537ccd000 r-xp 00000000 fd:00 36932592                   /usr/lib/jvm/java-17-openjdk-17.0.16.0.8-2.el9.x86_64/lib/libjsvml.so
155537ccd000-155537ecc000 ---p 000cd000 fd:00 36932592                   /usr/lib/jvm/java-17-openjdk-17.0.16.0.8-2.el9.x86_64/lib/libjsvml.so
155537ecc000-155537ecd000 r--p 000cc000 fd:00 36932592                   /usr/lib/jvm/java-17-openjdk-17.0.16.0.8-2.el9.x86_64/lib/libjsvml.so
155537ecd000-155537ece000 rw-p 000cd000 fd:00 36932592                   /usr/lib/jvm/java-17-openjdk-17.0.16.0.8-2.el9.x86_64/lib/libjsvml.so
155537f00000-155538000000 rw-p 00000000 00:00 0 
155538000000-155538021000 rw-p 00000000 00:00 0 
155538021000-155538025000 rw-p 00000000 00:00 0 
155538025000-15553c000000 ---p 00000000 00:00 0 
15553c000000-15553c021000 rw-p 00000000 00:00 0 
15553c021000-155540000000 ---p 00000000 00:00 0 
155540000000-1555400b6000 rw-p 00000000 00:00 0 
1555400b6000-155544000000 ---p 00000000 00:00 0 
155544000000-155544001000 r--p 00000000 fd:00 67240393                   /usr/lib/locale/C.utf8/LC_TIME
155544001000-155544004000 r--p 00000000 00:2e 2036218261                 /storage/home/hcoda1/4/hyu483/conda_envs/qgis332/lib/libQt5Concurrent.so.5.15.15
155544004000-155544006000 r-xp 00003000 00:2e 2036218261                 /storage/home/hcoda1/4/hyu483/conda_envs/qgis332/lib/libQt5Concurrent.so.5.15.15
155544006000-155544007000 r--p 00005000 00:2e 2036218261                 /storage/home/hcoda1/4/hyu483/conda_envs/qgis332/lib/libQt5Concurrent.so.5.15.15
155544007000-155544008000 r--p 00005000 00:2e 2036218261                 /storage/home/hcoda1/4/hyu483/conda_envs/qgis332/lib/libQt5Concurrent.so.5.15.15
155544008000-155544009000 rw-p 00006000 00:2e 2036218261                 /storage/home/hcoda1/4/hyu483/conda_envs/qgis332/lib/libQt5Concurrent.so.5.15.15
155544009000-155544010000 r--p 00000000 00:2e 1883955979                 /storage/home/hcoda1/4/hyu483/conda_envs/qgis332/lib/python3.11/site-packages/PyQt5/sip.cpython-311-x86_64-linux-gnu.so
155544010000-155544025000 r-xp 00007000 00:2e 1883955979                 /storage/home/hcoda1/4/hyu483/conda_envs/qgis332/lib/python3.11/site-packages/PyQt5/sip.cpython-311-x86_64-linux-gnu.so
155544025000-15554402c000 r--p 0001c000 00:2e 1883955979                 /storage/home/hcoda1/4/hyu483/conda_envs/qgis332/lib/python3.11/site-packages/PyQt5/sip.cpython-311-x86_64-linux-gnu.so
15554402c000-15554402d000 r--p 00023000 00:2e 1883955979                 /storage/home/hcoda1/4/hyu483/conda_envs/qgis332/lib/python3.11/site-packages/PyQt5/sip.cpython-311-x86_64-linux-gnu.so
15554402d000-15554402f000 rw-p 00024000 00:2e 1883955979                 /storage/home/hcoda1/4/hyu483/conda_envs/qgis332/lib/python3.11/site-packages/PyQt5/sip.cpython-311-x86_64-linux-gnu.so
15554402f000-155544030000 r--p 00000000 00:2e 1932632623                 /storage/home/hcoda1/4/hyu483/conda_envs/qgis332/lib/libgthread-2.0.so.0.8400.1
155544030000-155544031000 r-xp 00001000 00:2e 1932632623                 /storage/home/hcoda1/4/hyu483/conda_envs/qgis332/lib/libgthread-2.0.so.0.8400.1
155544031000-155544032000 r--p 00002000 00:2e 1932632623                 /storage/home/hcoda1/4/hyu483/conda_envs/qgis332/lib/libgthread-2.0.so.0.8400.1
155544032000-155544033000 r--p 00002000 00:2e 1932632623                 /storage/home/hcoda1/4/hyu483/conda_envs/qgis332/lib/libgthread-2.0.so.0.8400.1
155544033000-155544034000 rw-p 00003000 00:2e 1932632623                 /storage/home/hcoda1/4/hyu483/conda_envs/qgis332/lib/libgthread-2.0.so.0.8400.1
155544034000-155544148000 rw-p 00000000 00:00 0 
155544202000-155544210000 r--p 00000000 00:2e 1895008073                 /storage/home/hcoda1/4/hyu483/conda_envs/qgis332/lib/libnspr4.so
155544210000-155544233000 r-xp 0000e000 00:2e 1895008073                 /storage/home/hcoda1/4/hyu483/conda_envs/qgis332/lib/libnspr4.so
155544233000-15554423f000 r--p 00031000 00:2e 1895008073                 /storage/home/hcoda1/4/hyu483/conda_envs/qgis332/lib/libnspr4.so
15554423f000-155544241000 r--p 0003c000 00:2e 1895008073                 /storage/home/hcoda1/4/hyu483/conda_envs/qgis332/lib/libnspr4.so
155544241000-155544242000 rw-p 0003e000 00:2e 1895008073                 /storage/home/hcoda1/4/hyu483/conda_envs/qgis332/lib/libnspr4.so
155544242000-155544245000 rw-p 00000000 00:00 0 
155544245000-155544246000 ---p 00000000 00:00 0 
155544246000-15554424a000 ---p 00000000 00:00 0 
15554424a000-155544346000 rw-p 00000000 00:00 0 
155544346000-155544347000 ---p 00000000 00:00 0 
155544347000-15554434b000 ---p 00000000 00:00 0 
15554434b000-155544447000 rw-p 00000000 00:00 0 
155544447000-155544448000 ---p 00000000 00:00 0 
155544448000-15554444c000 ---p 00000000 00:00 0 
15554444c000-155544600000 rw-p 00000000 00:00 0 
155544600000-155544625000 r-xp 00000000 fd:00 36932585                   /usr/lib/jvm/java-17-openjdk-17.0.16.0.8-2.el9.x86_64/lib/libjava.so
155544625000-155544825000 ---p 00025000 fd:00 36932585                   /usr/lib/jvm/java-17-openjdk-17.0.16.0.8-2.el9.x86_64/lib/libjava.so
155544825000-155544826000 r--p 00025000 fd:00 36932585                   /usr/lib/jvm/java-17-openjdk-17.0.16.0.8-2.el9.x86_64/lib/libjava.so
155544826000-155544827000 rw-p 00026000 fd:00 36932585                   /usr/lib/jvm/java-17-openjdk-17.0.16.0.8-2.el9.x86_64/lib/libjava.so
155544827000-155544828000 rw-p 00000000 00:00 0 
15554482e000-155544834000 rw-p 00000000 00:00 0 
155544834000-155544917000 ---p 00000000 00:00 0 
155544917000-155544926000 rw-p 00000000 00:00 0 
155544926000-155544a00000 ---p 00000000 00:00 0 
155544a00000-155544a1b000 r-xp 00000000 fd:00 36932588                   /usr/lib/jvm/java-17-openjdk-17.0.16.0.8-2.el9.x86_64/lib/libjimage.so
155544a1b000-155544c1b000 ---p 0001b000 fd:00 36932588                   /usr/lib/jvm/java-17-openjdk-17.0.16.0.8-2.el9.x86_64/lib/libjimage.so
155544c1b000-155544c1d000 r--p 0001b000 fd:00 36932588                   /usr/lib/jvm/java-17-openjdk-17.0.16.0.8-2.el9.x86_64/lib/libjimage.so
155544c1d000-155544c1e000 rw-p 0001d000 fd:00 36932588                   /usr/lib/jvm/java-17-openjdk-17.0.16.0.8-2.el9.x86_64/lib/libjimage.so
155544c1e000-155544c22000 rw-p 00000000 00:00 0 
155544c22000-155544c24000 r--p 00000000 00:2e 1893822567                 /storage/home/hcoda1/4/hyu483/conda_envs/qgis332/lib/libplds4.so
155544c24000-155544c25000 r-xp 00002000 00:2e 1893822567                 /storage/home/hcoda1/4/hyu483/conda_envs/qgis332/lib/libplds4.so
155544c25000-155544c26000 r--p 00003000 00:2e 1893822567                 /storage/home/hcoda1/4/hyu483/conda_envs/qgis332/lib/libplds4.so
155544c26000-155544c27000 r--p 00003000 00:2e 1893822567                 /storage/home/hcoda1/4/hyu483/conda_envs/qgis332/lib/libplds4.so
155544c27000-155544c28000 rw-p 00004000 00:2e 1893822567                 /storage/home/hcoda1/4/hyu483/conda_envs/qgis332/lib/libplds4.so
155544c28000-155544c2a000 r--p 00000000 00:2e 2090028566                 /storage/home/hcoda1/4/hyu483/conda_envs/qgis332/lib/libplc4.so
155544c2a000-155544c2c000 r-xp 00002000 00:2e 2090028566                 /storage/home/hcoda1/4/hyu483/conda_envs/qgis332/lib/libplc4.so
155544c2c000-155544c2d000 r--p 00004000 00:2e 2090028566                 /storage/home/hcoda1/4/hyu483/conda_envs/qgis332/lib/libplc4.so
155544c2d000-155544c2e000 r--p 00004000 00:2e 2090028566                 /storage/home/hcoda1/4/hyu483/conda_envs/qgis332/lib/libplc4.so
155544c2e000-155544c2f000 rw-p 00005000 00:2e 2090028566                 /storage/home/hcoda1/4/hyu483/conda_envs/qgis332/lib/libplc4.so
155544c2f000-155544c3d000 r--p 00000000 00:2e 1940391796                 /storage/home/hcoda1/4/hyu483/conda_envs/qgis332/lib/libnssutil3.so
155544c3d000-155544c4e000 r-xp 0000e000 00:2e 1940391796                 /storage/home/hcoda1/4/hyu483/conda_envs/qgis332/lib/libnssutil3.so
155544c4e000-155544c5b000 r--p 0001f000 00:2e 1940391796                 /storage/home/hcoda1/4/hyu483/conda_envs/qgis332/lib/libnssutil3.so
155544c5b000-155544c62000 r--p 0002b000 00:2e 1940391796                 /storage/home/hcoda1/4/hyu483/conda_envs/qgis332/lib/libnssutil3.so
155544c62000-155544c63000 rw-p 00032000 00:2e 1940391796                 /storage/home/hcoda1/4/hyu483/conda_envs/qgis332/lib/libnssutil3.so
155544c63000-155544c64000 r--p 00000000 00:00 0 
155544c64000-155544c6b000 rw-p 00000000 00:00 0 
155544c6b000-155544c73000 ---p 00000000 00:00 0 
155544c73000-155544c7b000 rw-s 00000000 fd:01 2149184163                 /tmp/hsperfdata_hyu483/2153689
155544c7b000-155544c7c000 ---p 00000000 00:00 0 
155544c7c000-155544c7d000 r--p 00000000 00:00 0 
155544c7d000-155544c7e000 ---p 00000000 00:00 0 
155544c7e000-155544cb9000 r--p 00000000 00:2e 1886350408                 /storage/home/hcoda1/4/hyu483/.local/lib/python3.11/site-packages/_jpype.cpython-311-x86_64-linux-gnu.so
155544cb9000-155544d0d000 r-xp 0003b000 00:2e 1886350408                 /storage/home/hcoda1/4/hyu483/.local/lib/python3.11/site-packages/_jpype.cpython-311-x86_64-linux-gnu.so
155544d0d000-155544d36000 r--p 0008f000 00:2e 1886350408                 /storage/home/hcoda1/4/hyu483/.local/lib/python3.11/site-packages/_jpype.cpython-311-x86_64-linux-gnu.so
155544d36000-155544d3a000 r--p 000b7000 00:2e 1886350408                 /storage/home/hcoda1/4/hyu483/.local/lib/python3.11/site-packages/_jpype.cpython-311-x86_64-linux-gnu.so
155544d3a000-155544d3e000 rw-p 000bb000 00:2e 1886350408                 /storage/home/hcoda1/4/hyu483/.local/lib/python3.11/site-packages/_jpype.cpython-311-x86_64-linux-gnu.so
155544d3e000-155544d4e000 rwxp 00000000 00:00 0 
155544d4e000-155544d50000 r--p 00000000 00:2e 1917424729                 /storage/home/hcoda1/4/hyu483/conda_envs/qgis332/lib/libffi.so.8.1.4
155544d50000-155544d56000 r-xp 00002000 00:2e 1917424729                 /storage/home/hcoda1/4/hyu483/conda_envs/qgis332/lib/libffi.so.8.1.4
155544d56000-155544d58000 r--p 00008000 00:2e 1917424729                 /storage/home/hcoda1/4/hyu483/conda_envs/qgis332/lib/libffi.so.8.1.4
155544d58000-155544d59000 r--p 00009000 00:2e 1917424729                 /storage/home/hcoda1/4/hyu483/conda_envs/qgis332/lib/libffi.so.8.1.4
155544d59000-155544d5a000 rw-p 0000a000 00:2e 1917424729                 /storage/home/hcoda1/4/hyu483/conda_envs/qgis332/lib/libffi.so.8.1.4
155544d5a000-155544d61000 r--p 00000000 00:2e 1883947848                 /storage/home/hcoda1/4/hyu483/conda_envs/qgis332/lib/python3.11/lib-dynload/_ctypes.cpython-311-x86_64-linux-gnu.so
155544d61000-155544d6e000 r-xp 00007000 00:2e 1883947848                 /storage/home/hcoda1/4/hyu483/conda_envs/qgis332/lib/python3.11/lib-dynload/_ctypes.cpython-311-x86_64-linux-gnu.so
155544d6e000-155544d74000 r--p 00014000 00:2e 1883947848                 /storage/home/hcoda1/4/hyu483/conda_envs/qgis332/lib/python3.11/lib-dynload/_ctypes.cpython-311-x86_64-linux-gnu.so
155544d74000-155544d75000 r--p 00019000 00:2e 1883947848                 /storage/home/hcoda1/4/hyu483/conda_envs/qgis332/lib/python3.11/lib-dynload/_ctypes.cpython-311-x86_64-linux-gnu.so
155544d75000-155544d79000 rw-p 0001a000 00:2e 1883947848                 /storage/home/hcoda1/4/hyu483/conda_envs/qgis332/lib/python3.11/lib-dynload/_ctypes.cpython-311-x86_64-linux-gnu.so
155544d79000-155544e79000 rw-p 00000000 00:00 0 
155544e79000-155544e7b000 r--p 00000000 00:2e 1893821922                 /storage/home/hcoda1/4/hyu483/conda_envs/qgis332/lib/python3.11/site-packages/psutil/_psutil_posix.abi3.so
155544e7b000-155544e7d000 r-xp 00002000 00:2e 1893821922                 /storage/home/hcoda1/4/hyu483/conda_envs/qgis332/lib/python3.11/site-packages/psutil/_psutil_posix.abi3.so
155544e7d000-155544e7e000 r--p 00004000 00:2e 1893821922                 /storage/home/hcoda1/4/hyu483/conda_envs/qgis332/lib/python3.11/site-packages/psutil/_psutil_posix.abi3.so
155544e7e000-155544e7f000 r--p 00004000 00:2e 1893821922                 /storage/home/hcoda1/4/hyu483/conda_envs/qgis332/lib/python3.11/site-packages/psutil/_psutil_posix.abi3.so
155544e7f000-155544e80000 rw-p 00005000 00:2e 1893821922                 /storage/home/hcoda1/4/hyu483/conda_envs/qgis332/lib/python3.11/site-packages/psutil/_psutil_posix.abi3.so
155544e80000-155544e83000 r--p 00000000 00:2e 1893822620                 /storage/home/hcoda1/4/hyu483/conda_envs/qgis332/lib/python3.11/site-packages/psutil/_psutil_linux.abi3.so
155544e83000-155544e86000 r-xp 00003000 00:2e 1893822620                 /storage/home/hcoda1/4/hyu483/conda_envs/qgis332/lib/python3.11/site-packages/psutil/_psutil_linux.abi3.so
155544e86000-155544e87000 r--p 00006000 00:2e 1893822620                 /storage/home/hcoda1/4/hyu483/conda_envs/qgis332/lib/python3.11/site-packages/psutil/_psutil_linux.abi3.so
155544e87000-155544e88000 r--p 00006000 00:2e 1893822620                 /storage/home/hcoda1/4/hyu483/conda_envs/qgis332/lib/python3.11/site-packages/psutil/_psutil_linux.abi3.so
155544e88000-155544e89000 rw-p 00007000 00:2e 1893822620                 /storage/home/hcoda1/4/hyu483/conda_envs/qgis332/lib/python3.11/site-packages/psutil/_psutil_linux.abi3.so
155544e89000-155544f89000 rw-p 00000000 00:00 0 
155544f89000-155544f8b000 r--p 00000000 00:2e 1883947902                 /storage/home/hcoda1/4/hyu483/conda_envs/qgis332/lib/python3.11/lib-dynload/resource.cpython-311-x86_64-linux-gnu.so
155544f8b000-155544f8c000 r-xp 00002000 00:2e 1883947902                 /storage/home/hcoda1/4/hyu483/conda_envs/qgis332/lib/python3.11/lib-dynload/resource.cpython-311-x86_64-linux-gnu.so
155544f8c000-155544f8d000 r--p 00003000 00:2e 1883947902                 /storage/home/hcoda1/4/hyu483/conda_envs/qgis332/lib/python3.11/lib-dynload/resource.cpython-311-x86_64-linux-gnu.so
155544f8d000-155544f8e000 r--p 00003000 00:2e 1883947902                 /storage/home/hcoda1/4/hyu483/conda_envs/qgis332/lib/python3.11/lib-dynload/resource.cpython-311-x86_64-linux-gnu.so
155544f8e000-155544f8f000 rw-p 00004000 00:2e 1883947902                 /storage/home/hcoda1/4/hyu483/conda_envs/qgis332/lib/python3.11/lib-dynload/resource.cpython-311-x86_64-linux-gnu.so
155544f8f000-15554538f000 rw-p 00000000 00:00 0 
15554538f000-155545392000 r--p 00000000 00:2e 1883947907                 /storage/home/hcoda1/4/hyu483/conda_envs/qgis332/lib/python3.11/lib-dynload/unicodedata.cpython-311-x86_64-linux-gnu.so
155545392000-155545395000 r-xp 00003000 00:2e 1883947907                 /storage/home/hcoda1/4/hyu483/conda_envs/qgis332/lib/python3.11/lib-dynload/unicodedata.cpython-311-x86_64-linux-gnu.so
155545395000-1555454a1000 r--p 00006000 00:2e 1883947907                 /storage/home/hcoda1/4/hyu483/conda_envs/qgis332/lib/python3.11/lib-dynload/unicodedata.cpython-311-x86_64-linux-gnu.so
1555454a1000-1555454a2000 r--p 00112000 00:2e 1883947907                 /storage/home/hcoda1/4/hyu483/conda_envs/qgis332/lib/python3.11/lib-dynload/unicodedata.cpython-311-x86_64-linux-gnu.so
1555454a2000-1555454a3000 rw-p 00113000 00:2e 1883947907                 /storage/home/hcoda1/4/hyu483/conda_envs/qgis332/lib/python3.11/lib-dynload/unicodedata.cpython-311-x86_64-linux-gnu.so
1555454a3000-1555459a3000 rw-p 00000000 00:00 0 
1555459a3000-1555459b7000 r--p 00000000 00:2e 1917423161                 /storage/home/hcoda1/4/hyu483/conda_envs/qgis332/lib/libsqlite3.so.3.49.2
1555459b7000-155545adb000 r-xp 00014000 00:2e 1917423161                 /storage/home/hcoda1/4/hyu483/conda_envs/qgis332/lib/libsqlite3.so.3.49.2
155545adb000-155545b17000 r--p 00138000 00:2e 1917423161                 /storage/home/hcoda1/4/hyu483/conda_envs/qgis332/lib/libsqlite3.so.3.49.2
155545b17000-155545b1b000 r--p 00173000 00:2e 1917423161                 /storage/home/hcoda1/4/hyu483/conda_envs/qgis332/lib/libsqlite3.so.3.49.2
155545b1b000-155545b1f000 rw-p 00177000 00:2e 1917423161                 /storage/home/hcoda1/4/hyu483/conda_envs/qgis332/lib/libsqlite3.so.3.49.2
155545b1f000-155545c20000 rw-p 00000000 00:00 0 
155545c20000-155545c21000 r--p 00000000 fd:00 67240384                   /usr/lib/locale/C.utf8/LC_COLLATE
155545c21000-155545c22000 r--p 00000000 fd:00 67240388                   /usr/lib/locale/C.utf8/LC_MONETARY
155545c22000-155545c23000 r--p 00000000 fd:00 100663808                  /usr/lib/locale/C.utf8/LC_MESSAGES/SYS_LC_MESSAGES
155545c23000-155545c24000 r--p 00000000 fd:00 67240391                   /usr/lib/locale/C.utf8/LC_PAPER
155545c24000-155545c25000 r--p 00000000 fd:00 67240389                   /usr/lib/locale/C.utf8/LC_NAME
155545c25000-155545c26000 r--p 00000000 fd:00 67240514                   /usr/lib/locale/C.utf8/LC_ADDRESS
155545c26000-155545c27000 r--p 00000000 fd:00 67240392                   /usr/lib/locale/C.utf8/LC_TELEPHONE
155545c27000-155545c2a000 r--p 00000000 00:2e 1883952739                 /storage/home/hcoda1/4/hyu483/conda_envs/qgis332/lib/python3.11/site-packages/numpy/random/_mt19937.cpython-311-x86_64-linux-gnu.so
155545c2a000-155545c37000 r-xp 00003000 00:2e 1883952739                 /storage/home/hcoda1/4/hyu483/conda_envs/qgis332/lib/python3.11/site-packages/numpy/random/_mt19937.cpython-311-x86_64-linux-gnu.so
155545c37000-155545c3c000 r--p 00010000 00:2e 1883952739                 /storage/home/hcoda1/4/hyu483/conda_envs/qgis332/lib/python3.11/site-packages/numpy/random/_mt19937.cpython-311-x86_64-linux-gnu.so
155545c3c000-155545c3d000 r--p 00014000 00:2e 1883952739                 /storage/home/hcoda1/4/hyu483/conda_envs/qgis332/lib/python3.11/site-packages/numpy/random/_mt19937.cpython-311-x86_64-linux-gnu.so
155545c3d000-155545c3e000 rw-p 00015000 00:2e 1883952739                 /storage/home/hcoda1/4/hyu483/conda_envs/qgis332/lib/python3.11/site-packages/numpy/random/_mt19937.cpython-311-x86_64-linux-gnu.so
155545c3e000-155545c43000 r--p 00000000 00:2e 1883952748                 /storage/home/hcoda1/4/hyu483/conda_envs/qgis332/lib/python3.11/site-packages/numpy/random/bit_generator.cpython-311-x86_64-linux-gnu.so
155545c43000-155545c61000 r-xp 00005000 00:2e 1883952748                 /storage/home/hcoda1/4/hyu483/conda_envs/qgis332/lib/python3.11/site-packages/numpy/random/bit_generator.cpython-311-x86_64-linux-gnu.so
155545c61000-155545c6b000 r--p 00023000 00:2e 1883952748                 /storage/home/hcoda1/4/hyu483/conda_envs/qgis332/lib/python3.11/site-packages/numpy/random/bit_generator.cpython-311-x86_64-linux-gnu.so
155545c6b000-155545c6c000 r--p 0002c000 00:2e 1883952748                 /storage/home/hcoda1/4/hyu483/conda_envs/qgis332/lib/python3.11/site-packages/numpy/random/bit_generator.cpython-311-x86_64-linux-gnu.so
155545c6c000-155545c6e000 rw-p 0002d000 00:2e 1883952748                 /storage/home/hcoda1/4/hyu483/conda_envs/qgis332/lib/python3.11/site-packages/numpy/random/bit_generator.cpython-311-x86_64-linux-gnu.so
155545c6e000-155545c6f000 r--p 00000000 00:2e 1883952448                 /storage/home/hcoda1/4/hyu483/conda_envs/qgis332/lib/python3.11/site-packages/numpy/fft/_pocketfft_internal.cpython-311-x86_64-linux-gnu.so
155545c6f000-155545c7e000 r-xp 00001000 00:2e 1883952448                 /storage/home/hcoda1/4/hyu483/conda_envs/qgis332/lib/python3.11/site-packages/numpy/fft/_pocketfft_internal.cpython-311-x86_64-linux-gnu.so
155545c7e000-155545c80000 r--p 00010000 00:2e 1883952448                 /storage/home/hcoda1/4/hyu483/conda_envs/qgis332/lib/python3.11/site-packages/numpy/fft/_pocketfft_internal.cpython-311-x86_64-linux-gnu.so
155545c80000-155545c81000 r--p 00011000 00:2e 1883952448                 /storage/home/hcoda1/4/hyu483/conda_envs/qgis332/lib/python3.11/site-packages/numpy/fft/_pocketfft_internal.cpython-311-x86_64-linux-gnu.so
155545c81000-155545c82000 rw-p 00012000 00:2e 1883952448                 /storage/home/hcoda1/4/hyu483/conda_envs/qgis332/lib/python3.11/site-packages/numpy/fft/_pocketfft_internal.cpython-311-x86_64-linux-gnu.so
155545c82000-155545c89000 r--p 00000000 00:2e 1883952590                 /storage/home/hcoda1/4/hyu483/conda_envs/qgis332/lib/python3.11/site-packages/numpy/linalg/_umath_linalg.cpython-311-x86_64-linux-gnu.so
155545c89000-155545ca9000 r-xp 00007000 00:2e 1883952590                 /storage/home/hcoda1/4/hyu483/conda_envs/qgis332/lib/python3.11/site-packages/numpy/linalg/_umath_linalg.cpython-311-x86_64-linux-gnu.so
155545ca9000-155545cae000 r--p 00027000 00:2e 1883952590                 /storage/home/hcoda1/4/hyu483/conda_envs/qgis332/lib/python3.11/site-packages/numpy/linalg/_umath_linalg.cpython-311-x86_64-linux-gnu.so
155545cae000-155545caf000 r--p 0002c000 00:2e 1883952590                 /storage/home/hcoda1/4/hyu483/conda_envs/qgis332/lib/python3.11/site-packages/numpy/linalg/_umath_linalg.cpython-311-x86_64-linux-gnu.so
155545caf000-155545cb0000 rw-p 0002d000 00:2e 1883952590                 /storage/home/hcoda1/4/hyu483/conda_envs/qgis332/lib/python3.11/site-packages/numpy/linalg/_umath_linalg.cpython-311-x86_64-linux-gnu.so
155545cb0000-155545cb9000 r--p 00000000 00:2e 1883951431                 /storage/home/hcoda1/4/hyu483/conda_envs/qgis332/lib/python3.11/site-packages/numpy/core/_multiarray_tests.cpython-311-x86_64-linux-gnu.so
155545cb9000-155545ccc000 r-xp 00009000 00:2e 1883951431                 /storage/home/hcoda1/4/hyu483/conda_envs/qgis332/lib/python3.11/site-packages/numpy/core/_multiarray_tests.cpython-311-x86_64-linux-gnu.so
155545ccc000-155545cd1000 r--p 0001c000 00:2e 1883951431                 /storage/home/hcoda1/4/hyu483/conda_envs/qgis332/lib/python3.11/site-packages/numpy/core/_multiarray_tests.cpython-311-x86_64-linux-gnu.so
155545cd1000-155545cd2000 r--p 00021000 00:2e 1883951431                 /storage/home/hcoda1/4/hyu483/conda_envs/qgis332/lib/python3.11/site-packages/numpy/core/_multiarray_tests.cpython-311-x86_64-linux-gnu.so
155545cd2000-155545cd3000 rw-p 00022000 00:2e 1883951431                 /storage/home/hcoda1/4/hyu483/conda_envs/qgis332/lib/python3.11/site-packages/numpy/core/_multiarray_tests.cpython-311-x86_64-linux-gnu.so
155545cd3000-155545cd6000 r--p 00000000 00:2e 1917435680                 /storage/home/hcoda1/4/hyu483/conda_envs/qgis332/lib/libquadmath.so.0.0.0
155545cd6000-155545cf3000 r-xp 00003000 00:2e 1917435680                 /storage/home/hcoda1/4/hyu483/conda_envs/qgis332/lib/libquadmath.so.0.0.0
155545cf3000-155545d09000 r--p 00020000 00:2e 1917435680                 /storage/home/hcoda1/4/hyu483/conda_envs/qgis332/lib/libquadmath.so.0.0.0
155545d09000-155545d0a000 r--p 00036000 00:2e 1917435680                 /storage/home/hcoda1/4/hyu483/conda_envs/qgis332/lib/libquadmath.so.0.0.0
155545d0a000-155545d0b000 rw-p 00037000 00:2e 1917435680                 /storage/home/hcoda1/4/hyu483/conda_envs/qgis332/lib/libquadmath.so.0.0.0
155545d0b000-15554610b000 rw-p 00000000 00:00 0 
15554610b000-15554610e000 r--p 00000000 00:2e 1883947847                 /storage/home/hcoda1/4/hyu483/conda_envs/qgis332/lib/python3.11/lib-dynload/_csv.cpython-311-x86_64-linux-gnu.so
15554610e000-155546112000 r-xp 00003000 00:2e 1883947847                 /storage/home/hcoda1/4/hyu483/conda_envs/qgis332/lib/python3.11/lib-dynload/_csv.cpython-311-x86_64-linux-gnu.so
155546112000-155546115000 r--p 00007000 00:2e 1883947847                 /storage/home/hcoda1/4/hyu483/conda_envs/qgis332/lib/python3.11/lib-dynload/_csv.cpython-311-x86_64-linux-gnu.so
155546115000-155546116000 r--p 00009000 00:2e 1883947847                 /storage/home/hcoda1/4/hyu483/conda_envs/qgis332/lib/python3.11/lib-dynload/_csv.cpython-311-x86_64-linux-gnu.so
155546116000-155546117000 rw-p 0000a000 00:2e 1883947847                 /storage/home/hcoda1/4/hyu483/conda_envs/qgis332/lib/python3.11/lib-dynload/_csv.cpython-311-x86_64-linux-gnu.so
155546117000-155546217000 rw-p 00000000 00:00 0 
155546217000-155546219000 r--p 00000000 00:2e 1917423856                 /storage/home/hcoda1/4/hyu483/conda_envs/qgis332/lib/libuuid.so.1.3.0
155546219000-15554621d000 r-xp 00002000 00:2e 1917423856                 /storage/home/hcoda1/4/hyu483/conda_envs/qgis332/lib/libuuid.so.1.3.0
15554621d000-15554621e000 r--p 00006000 00:2e 1917423856                 /storage/home/hcoda1/4/hyu483/conda_envs/qgis332/lib/libuuid.so.1.3.0
15554621e000-15554621f000 r--p 00006000 00:2e 1917423856                 /storage/home/hcoda1/4/hyu483/conda_envs/qgis332/lib/libuuid.so.1.3.0
15554621f000-155546220000 rw-p 00007000 00:2e 1917423856                 /storage/home/hcoda1/4/hyu483/conda_envs/qgis332/lib/libuuid.so.1.3.0
155546220000-155546221000 r--p 00000000 00:2e 1883947886                 /storage/home/hcoda1/4/hyu483/conda_envs/qgis332/lib/python3.11/lib-dynload/_uuid.cpython-311-x86_64-linux-gnu.so
155546221000-155546222000 r-xp 00001000 00:2e 1883947886                 /storage/home/hcoda1/4/hyu483/conda_envs/qgis332/lib/python3.11/lib-dynload/_uuid.cpython-311-x86_64-linux-gnu.so
155546222000-155546223000 r--p 00002000 00:2e 1883947886                 /storage/home/hcoda1/4/hyu483/conda_envs/qgis332/lib/python3.11/lib-dynload/_uuid.cpython-311-x86_64-linux-gnu.so
155546223000-155546224000 r--p 00002000 00:2e 1883947886                 /storage/home/hcoda1/4/hyu483/conda_envs/qgis332/lib/python3.11/lib-dynload/_uuid.cpython-311-x86_64-linux-gnu.so
155546224000-155546225000 rw-p 00003000 00:2e 1883947886                 /storage/home/hcoda1/4/hyu483/conda_envs/qgis332/lib/python3.11/lib-dynload/_uuid.cpython-311-x86_64-linux-gnu.so
155546225000-15554622a000 r--p 00000000 00:2e 1917322248                 /storage/home/hcoda1/4/hyu483/conda_envs/qgis332/lib/liblzma.so.5
15554622a000-155546248000 r-xp 00005000 00:2e 1917322248                 /storage/home/hcoda1/4/hyu483/conda_envs/qgis332/lib/liblzma.so.5
155546248000-155546254000 r--p 00023000 00:2e 1917322248                 /storage/home/hcoda1/4/hyu483/conda_envs/qgis332/lib/liblzma.so.5
155546254000-155546255000 r--p 0002f000 00:2e 1917322248                 /storage/home/hcoda1/4/hyu483/conda_envs/qgis332/lib/liblzma.so.5
155546255000-155546256000 rw-p 00030000 00:2e 1917322248                 /storage/home/hcoda1/4/hyu483/conda_envs/qgis332/lib/liblzma.so.5
155546256000-155546259000 r--p 00000000 00:2e 1883947859                 /storage/home/hcoda1/4/hyu483/conda_envs/qgis332/lib/python3.11/lib-dynload/_lzma.cpython-311-x86_64-linux-gnu.so
155546259000-15554625d000 r-xp 00003000 00:2e 1883947859                 /storage/home/hcoda1/4/hyu483/conda_envs/qgis332/lib/python3.11/lib-dynload/_lzma.cpython-311-x86_64-linux-gnu.so
15554625d000-155546260000 r--p 00007000 00:2e 1883947859                 /storage/home/hcoda1/4/hyu483/conda_envs/qgis332/lib/python3.11/lib-dynload/_lzma.cpython-311-x86_64-linux-gnu.so
155546260000-155546261000 r--p 00009000 00:2e 1883947859                 /storage/home/hcoda1/4/hyu483/conda_envs/qgis332/lib/python3.11/lib-dynload/_lzma.cpython-311-x86_64-linux-gnu.so
155546261000-155546262000 rw-p 0000a000 00:2e 1883947859                 /storage/home/hcoda1/4/hyu483/conda_envs/qgis332/lib/python3.11/lib-dynload/_lzma.cpython-311-x86_64-linux-gnu.so
155546262000-155546264000 r--p 00000000 00:2e 1917424859                 /storage/home/hcoda1/4/hyu483/conda_envs/qgis332/lib/libbz2.so.1.0.8
155546264000-155546272000 r-xp 00002000 00:2e 1917424859                 /storage/home/hcoda1/4/hyu483/conda_envs/qgis332/lib/libbz2.so.1.0.8
155546272000-155546274000 r--p 00010000 00:2e 1917424859                 /storage/home/hcoda1/4/hyu483/conda_envs/qgis332/lib/libbz2.so.1.0.8
155546274000-155546275000 r--p 00011000 00:2e 1917424859                 /storage/home/hcoda1/4/hyu483/conda_envs/qgis332/lib/libbz2.so.1.0.8
155546275000-155546276000 rw-p 00012000 00:2e 1917424859                 /storage/home/hcoda1/4/hyu483/conda_envs/qgis332/lib/libbz2.so.1.0.8
155546276000-155546278000 r--p 00000000 00:2e 1883947838                 /storage/home/hcoda1/4/hyu483/conda_envs/qgis332/lib/python3.11/lib-dynload/_bz2.cpython-311-x86_64-linux-gnu.so
155546278000-15554627a000 r-xp 00002000 00:2e 1883947838                 /storage/home/hcoda1/4/hyu483/conda_envs/qgis332/lib/python3.11/lib-dynload/_bz2.cpython-311-x86_64-linux-gnu.so
15554627a000-15554627c000 r--p 00004000 00:2e 1883947838                 /storage/home/hcoda1/4/hyu483/conda_envs/qgis332/lib/python3.11/lib-dynload/_bz2.cpython-311-x86_64-linux-gnu.so
15554627c000-15554627d000 r--p 00005000 00:2e 1883947838                 /storage/home/hcoda1/4/hyu483/conda_envs/qgis332/lib/python3.11/lib-dynload/_bz2.cpython-311-x86_64-linux-gnu.so
15554627d000-15554627e000 rw-p 00006000 00:2e 1883947838                 /storage/home/hcoda1/4/hyu483/conda_envs/qgis332/lib/python3.11/lib-dynload/_bz2.cpython-311-x86_64-linux-gnu.so
15554627e000-155546281000 r--p 00000000 00:2e 1883947906                 /storage/home/hcoda1/4/hyu483/conda_envs/qgis332/lib/python3.11/lib-dynload/termios.cpython-311-x86_64-linux-gnu.so
155546281000-155546282000 r-xp 00003000 00:2e 1883947906                 /storage/home/hcoda1/4/hyu483/conda_envs/qgis332/lib/python3.11/lib-dynload/termios.cpython-311-x86_64-linux-gnu.so
155546282000-155546284000 r--p 00004000 00:2e 1883947906                 /storage/home/hcoda1/4/hyu483/conda_envs/qgis332/lib/python3.11/lib-dynload/termios.cpython-311-x86_64-linux-gnu.so
155546284000-155546285000 r--p 00005000 00:2e 1883947906                 /storage/home/hcoda1/4/hyu483/conda_envs/qgis332/lib/python3.11/lib-dynload/termios.cpython-311-x86_64-linux-gnu.so
155546285000-155546287000 rw-p 00006000 00:2e 1883947906                 /storage/home/hcoda1/4/hyu483/conda_envs/qgis332/lib/python3.11/lib-dynload/termios.cpython-311-x86_64-linux-gnu.so
155546287000-155546387000 rw-p 00000000 00:00 0 
155546387000-15554638e000 r--p 00000000 00:2e 1883947853                 /storage/home/hcoda1/4/hyu483/conda_envs/qgis332/lib/python3.11/lib-dynload/_decimal.cpython-311-x86_64-linux-gnu.so
15554638e000-1555463c0000 r-xp 00007000 00:2e 1883947853                 /storage/home/hcoda1/4/hyu483/conda_envs/qgis332/lib/python3.11/lib-dynload/_decimal.cpython-311-x86_64-linux-gnu.so
1555463c0000-1555463d0000 r--p 00039000 00:2e 1883947853                 /storage/home/hcoda1/4/hyu483/conda_envs/qgis332/lib/python3.11/lib-dynload/_decimal.cpython-311-x86_64-linux-gnu.so
1555463d0000-1555463d1000 r--p 00049000 00:2e 1883947853                 /storage/home/hcoda1/4/hyu483/conda_envs/qgis332/lib/python3.11/lib-dynload/_decimal.cpython-311-x86_64-linux-gnu.so
1555463d1000-1555463d4000 rw-p 0004a000 00:2e 1883947853                 /storage/home/hcoda1/4/hyu483/conda_envs/qgis332/lib/python3.11/lib-dynload/_decimal.cpython-311-x86_64-linux-gnu.so
1555463d4000-1555464d4000 rw-p 00000000 00:00 0 
1555464d4000-1555464e5000 r--p 00000000 00:2e 1883927592                 /storage/home/hcoda1/4/hyu483/conda_envs/qgis332/lib/libtinfow.so.6.5
1555464e5000-155546502000 r-xp 00011000 00:2e 1883927592                 /storage/home/hcoda1/4/hyu483/conda_envs/qgis332/lib/libtinfow.so.6.5
155546502000-155546513000 r--p 0002e000 00:2e 1883927592                 /storage/home/hcoda1/4/hyu483/conda_envs/qgis332/lib/libtinfow.so.6.5
155546513000-155546517000 r--p 0003f000 00:2e 1883927592                 /storage/home/hcoda1/4/hyu483/conda_envs/qgis332/lib/libtinfow.so.6.5
155546517000-155546518000 rw-p 00043000 00:2e 1883927592                 /storage/home/hcoda1/4/hyu483/conda_envs/qgis332/lib/libtinfow.so.6.5
155546518000-155546524000 r--p 00000000 00:2e 1917440039                 /storage/home/hcoda1/4/hyu483/conda_envs/qgis332/lib/libncursesw.so.6.5
155546524000-155546549000 r-xp 0000c000 00:2e 1917440039                 /storage/home/hcoda1/4/hyu483/conda_envs/qgis332/lib/libncursesw.so.6.5
155546549000-155546551000 r--p 00031000 00:2e 1917440039                 /storage/home/hcoda1/4/hyu483/conda_envs/qgis332/lib/libncursesw.so.6.5
155546551000-155546552000 r--p 00039000 00:2e 1917440039                 /storage/home/hcoda1/4/hyu483/conda_envs/qgis332/lib/libncursesw.so.6.5
155546552000-155546553000 rw-p 0003a000 00:2e 1917440039                 /storage/home/hcoda1/4/hyu483/conda_envs/qgis332/lib/libncursesw.so.6.5
155546553000-15554655b000 r--p 00000000 00:2e 1883947850                 /storage/home/hcoda1/4/hyu483/conda_envs/qgis332/lib/python3.11/lib-dynload/_curses.cpython-311-x86_64-linux-gnu.so
15554655b000-155546568000 r-xp 00008000 00:2e 1883947850                 /storage/home/hcoda1/4/hyu483/conda_envs/qgis332/lib/python3.11/lib-dynload/_curses.cpython-311-x86_64-linux-gnu.so
155546568000-155546573000 r--p 00015000 00:2e 1883947850                 /storage/home/hcoda1/4/hyu483/conda_envs/qgis332/lib/python3.11/lib-dynload/_curses.cpython-311-x86_64-linux-gnu.so
155546573000-155546574000 r--p 0001f000 00:2e 1883947850                 /storage/home/hcoda1/4/hyu483/conda_envs/qgis332/lib/python3.11/lib-dynload/_curses.cpython-311-x86_64-linux-gnu.so
155546574000-155546576000 rw-p 00020000 00:2e 1883947850                 /storage/home/hcoda1/4/hyu483/conda_envs/qgis332/lib/python3.11/lib-dynload/_curses.cpython-311-x86_64-linux-gnu.so
155546576000-15554657b000 r--p 00000000 00:2e 1883947852                 /storage/home/hcoda1/4/hyu483/conda_envs/qgis332/lib/python3.11/lib-dynload/_datetime.cpython-311-x86_64-linux-gnu.so
15554657b000-15554658c000 r-xp 00005000 00:2e 1883947852                 /storage/home/hcoda1/4/hyu483/conda_envs/qgis332/lib/python3.11/lib-dynload/_datetime.cpython-311-x86_64-linux-gnu.so
15554658c000-155546592000 r--p 00016000 00:2e 1883947852                 /storage/home/hcoda1/4/hyu483/conda_envs/qgis332/lib/python3.11/lib-dynload/_datetime.cpython-311-x86_64-linux-gnu.so
155546592000-155546593000 r--p 0001b000 00:2e 1883947852                 /storage/home/hcoda1/4/hyu483/conda_envs/qgis332/lib/python3.11/lib-dynload/_datetime.cpython-311-x86_64-linux-gnu.so
155546593000-155546595000 rw-p 0001c000 00:2e 1883947852                 /storage/home/hcoda1/4/hyu483/conda_envs/qgis332/lib/python3.11/lib-dynload/_datetime.cpython-311-x86_64-linux-gnu.so
155546595000-155546795000 rw-p 00000000 00:00 0 
155546795000-155546796000 r--p 00000000 fd:00 67240387                   /usr/lib/locale/C.utf8/LC_MEASUREMENT
155546796000-155546797000 r--p 00000000 fd:00 67240386                   /usr/lib/locale/C.utf8/LC_IDENTIFICATION
155546797000-155546799000 r--p 00000000 00:2e 1883947858                 /storage/home/hcoda1/4/hyu483/conda_envs/qgis332/lib/python3.11/lib-dynload/_lsprof.cpython-311-x86_64-linux-gnu.so
155546799000-15554679b000 r-xp 00002000 00:2e 1883947858                 /storage/home/hcoda1/4/hyu483/conda_envs/qgis332/lib/python3.11/lib-dynload/_lsprof.cpython-311-x86_64-linux-gnu.so
15554679b000-15554679c000 r--p 00004000 00:2e 1883947858                 /storage/home/hcoda1/4/hyu483/conda_envs/qgis332/lib/python3.11/lib-dynload/_lsprof.cpython-311-x86_64-linux-gnu.so
15554679c000-15554679d000 r--p 00005000 00:2e 1883947858                 /storage/home/hcoda1/4/hyu483/conda_envs/qgis332/lib/python3.11/lib-dynload/_lsprof.cpython-311-x86_64-linux-gnu.so
15554679d000-15554679e000 rw-p 00006000 00:2e 1883947858                 /storage/home/hcoda1/4/hyu483/conda_envs/qgis332/lib/python3.11/lib-dynload/_lsprof.cpython-311-x86_64-linux-gnu.so
15554679e000-1555467a2000 r--p 00000000 00:2e 1917321451                 /storage/home/hcoda1/4/hyu483/conda_envs/qgis332/lib/libexpat.so.1.10.1
1555467a2000-1555467be000 r-xp 00004000 00:2e 1917321451                 /storage/home/hcoda1/4/hyu483/conda_envs/qgis332/lib/libexpat.so.1.10.1
1555467be000-1555467c6000 r--p 00020000 00:2e 1917321451                 /storage/home/hcoda1/4/hyu483/conda_envs/qgis332/lib/libexpat.so.1.10.1
1555467c6000-1555467c8000 r--p 00028000 00:2e 1917321451                 /storage/home/hcoda1/4/hyu483/conda_envs/qgis332/lib/libexpat.so.1.10.1
1555467c8000-1555467c9000 rw-p 0002a000 00:2e 1917321451                 /storage/home/hcoda1/4/hyu483/conda_envs/qgis332/lib/libexpat.so.1.10.1
1555467c9000-1555467ce000 r--p 00000000 00:2e 1883947900                 /storage/home/hcoda1/4/hyu483/conda_envs/qgis332/lib/python3.11/lib-dynload/pyexpat.cpython-311-x86_64-linux-gnu.so
1555467ce000-1555467d3000 r-xp 00005000 00:2e 1883947900                 /storage/home/hcoda1/4/hyu483/conda_envs/qgis332/lib/python3.11/lib-dynload/pyexpat.cpython-311-x86_64-linux-gnu.so
1555467d3000-1555467d7000 r--p 0000a000 00:2e 1883947900                 /storage/home/hcoda1/4/hyu483/conda_envs/qgis332/lib/python3.11/lib-dynload/pyexpat.cpython-311-x86_64-linux-gnu.so
1555467d7000-1555467d8000 r--p 0000d000 00:2e 1883947900                 /storage/home/hcoda1/4/hyu483/conda_envs/qgis332/lib/python3.11/lib-dynload/pyexpat.cpython-311-x86_64-linux-gnu.so
1555467d8000-1555467da000 rw-p 0000e000 00:2e 1883947900                 /storage/home/hcoda1/4/hyu483/conda_envs/qgis332/lib/python3.11/lib-dynload/pyexpat.cpython-311-x86_64-linux-gnu.so
1555467da000-1555467e2000 r--p 00000000 00:2e 1883947874                 /storage/home/hcoda1/4/hyu483/conda_envs/qgis332/lib/python3.11/lib-dynload/_sqlite3.cpython-311-x86_64-linux-gnu.so
1555467e2000-1555467f0000 r-xp 00008000 00:2e 1883947874                 /storage/home/hcoda1/4/hyu483/conda_envs/qgis332/lib/python3.11/lib-dynload/_sqlite3.cpython-311-x86_64-linux-gnu.so
1555467f0000-1555467f7000 r--p 00016000 00:2e 1883947874                 /storage/home/hcoda1/4/hyu483/conda_envs/qgis332/lib/python3.11/lib-dynload/_sqlite3.cpython-311-x86_64-linux-gnu.so
1555467f7000-1555467f9000 r--p 0001c000 00:2e 1883947874                 /storage/home/hcoda1/4/hyu483/conda_envs/qgis332/lib/python3.11/lib-dynload/_sqlite3.cpython-311-x86_64-linux-gnu.so
1555467f9000-1555467fb000 rw-p 0001e000 00:2e 1883947874                 /storage/home/hcoda1/4/hyu483/conda_envs/qgis332/lib/python3.11/lib-dynload/_sqlite3.cpython-311-x86_64-linux-gnu.so
1555467fb000-155546800000 r--p 00000000 00:2e 1883947835                 /storage/home/hcoda1/4/hyu483/conda_envs/qgis332/lib/python3.11/lib-dynload/_asyncio.cpython-311-x86_64-linux-gnu.so
155546800000-155546805000 r-xp 00005000 00:2e 1883947835                 /storage/home/hcoda1/4/hyu483/conda_envs/qgis332/lib/python3.11/lib-dynload/_asyncio.cpython-311-x86_64-linux-gnu.so
155546805000-155546809000 r--p 0000a000 00:2e 1883947835                 /storage/home/hcoda1/4/hyu483/conda_envs/qgis332/lib/python3.11/lib-dynload/_asyncio.cpython-311-x86_64-linux-gnu.so
155546809000-15554680a000 r--p 0000d000 00:2e 1883947835                 /storage/home/hcoda1/4/hyu483/conda_envs/qgis332/lib/python3.11/lib-dynload/_asyncio.cpython-311-x86_64-linux-gnu.so
15554680a000-15554680c000 rw-p 0000e000 00:2e 1883947835                 /storage/home/hcoda1/4/hyu483/conda_envs/qgis332/lib/python3.11/lib-dynload/_asyncio.cpython-311-x86_64-linux-gnu.so
15554680c000-15554680d000 r--p 00000000 00:2e 1883947845                 /storage/home/hcoda1/4/hyu483/conda_envs/qgis332/lib/python3.11/lib-dynload/_contextvars.cpython-311-x86_64-linux-gnu.so
15554680d000-15554680e000 r-xp 00001000 00:2e 1883947845                 /storage/home/hcoda1/4/hyu483/conda_envs/qgis332/lib/python3.11/lib-dynload/_contextvars.cpython-311-x86_64-linux-gnu.so
15554680e000-15554680f000 r--p 00002000 00:2e 1883947845                 /storage/home/hcoda1/4/hyu483/conda_envs/qgis332/lib/python3.11/lib-dynload/_contextvars.cpython-311-x86_64-linux-gnu.so
15554680f000-155546810000 r--p 00002000 00:2e 1883947845                 /storage/home/hcoda1/4/hyu483/conda_envs/qgis332/lib/python3.11/lib-dynload/_contextvars.cpython-311-x86_64-linux-gnu.so
155546810000-155546811000 rw-p 00003000 00:2e 1883947845                 /storage/home/hcoda1/4/hyu483/conda_envs/qgis332/lib/python3.11/lib-dynload/_contextvars.cpython-311-x86_64-linux-gnu.so
155546811000-155546911000 rw-p 00000000 00:00 0 
155546911000-155546914000 r--p 00000000 00:2e 1917447966                 /storage/home/hcoda1/4/hyu483/conda_envs/qgis332/lib/libz.so.1.3.1
155546914000-155546923000 r-xp 00003000 00:2e 1917447966                 /storage/home/hcoda1/4/hyu483/conda_envs/qgis332/lib/libz.so.1.3.1
155546923000-15554692a000 r--p 00012000 00:2e 1917447966                 /storage/home/hcoda1/4/hyu483/conda_envs/qgis332/lib/libz.so.1.3.1
15554692a000-15554692b000 r--p 00018000 00:2e 1917447966                 /storage/home/hcoda1/4/hyu483/conda_envs/qgis332/lib/libz.so.1.3.1
15554692b000-15554692c000 rw-p 00019000 00:2e 1917447966                 /storage/home/hcoda1/4/hyu483/conda_envs/qgis332/lib/libz.so.1.3.1
15554692c000-15554692e000 r--p 00000000 00:2e 1883947892                 /storage/home/hcoda1/4/hyu483/conda_envs/qgis332/lib/python3.11/lib-dynload/binascii.cpython-311-x86_64-linux-gnu.so
15554692e000-155546931000 r-xp 00002000 00:2e 1883947892                 /storage/home/hcoda1/4/hyu483/conda_envs/qgis332/lib/python3.11/lib-dynload/binascii.cpython-311-x86_64-linux-gnu.so
155546931000-155546933000 r--p 00005000 00:2e 1883947892                 /storage/home/hcoda1/4/hyu483/conda_envs/qgis332/lib/python3.11/lib-dynload/binascii.cpython-311-x86_64-linux-gnu.so
155546933000-155546934000 r--p 00006000 00:2e 1883947892                 /storage/home/hcoda1/4/hyu483/conda_envs/qgis332/lib/python3.11/lib-dynload/binascii.cpython-311-x86_64-linux-gnu.so
155546934000-155546935000 rw-p 00007000 00:2e 1883947892                 /storage/home/hcoda1/4/hyu483/conda_envs/qgis332/lib/python3.11/lib-dynload/binascii.cpython-311-x86_64-linux-gnu.so
155546935000-155546959000 r--p 00000000 00:2e 1966296730                 /storage/home/hcoda1/4/hyu483/conda_envs/qgis332/lib/libssl.so.3
155546959000-1555469f3000 r-xp 00024000 00:2e 1966296730                 /storage/home/hcoda1/4/hyu483/conda_envs/qgis332/lib/libssl.so.3
1555469f3000-155546a23000 r--p 000be000 00:2e 1966296730                 /storage/home/hcoda1/4/hyu483/conda_envs/qgis332/lib/libssl.so.3
155546a23000-155546a2d000 r--p 000ee000 00:2e 1966296730                 /storage/home/hcoda1/4/hyu483/conda_envs/qgis332/lib/libssl.so.3
155546a2d000-155546a31000 rw-p 000f8000 00:2e 1966296730                 /storage/home/hcoda1/4/hyu483/conda_envs/qgis332/lib/libssl.so.3
155546a31000-155546a44000 r--p 00000000 00:2e 1883947875                 /storage/home/hcoda1/4/hyu483/conda_envs/qgis332/lib/python3.11/lib-dynload/_ssl.cpython-311-x86_64-linux-gnu.so
155546a44000-155546a4e000 r-xp 00013000 00:2e 1883947875                 /storage/home/hcoda1/4/hyu483/conda_envs/qgis332/lib/python3.11/lib-dynload/_ssl.cpython-311-x86_64-linux-gnu.so
155546a4e000-155546a5c000 r--p 0001d000 00:2e 1883947875                 /storage/home/hcoda1/4/hyu483/conda_envs/qgis332/lib/python3.11/lib-dynload/_ssl.cpython-311-x86_64-linux-gnu.so
155546a5c000-155546a5d000 r--p 0002b000 00:2e 1883947875                 /storage/home/hcoda1/4/hyu483/conda_envs/qgis332/lib/python3.11/lib-dynload/_ssl.cpython-311-x86_64-linux-gnu.so
155546a5d000-155546a65000 rw-p 0002c000 00:2e 1883947875                 /storage/home/hcoda1/4/hyu483/conda_envs/qgis332/lib/python3.11/lib-dynload/_ssl.cpython-311-x86_64-linux-gnu.so
155546a65000-155546a69000 r--p 00000000 00:2e 1883947890                 /storage/home/hcoda1/4/hyu483/conda_envs/qgis332/lib/python3.11/lib-dynload/array.cpython-311-x86_64-linux-gnu.so
155546a69000-155546a70000 r-xp 00004000 00:2e 1883947890                 /storage/home/hcoda1/4/hyu483/conda_envs/qgis332/lib/python3.11/lib-dynload/array.cpython-311-x86_64-linux-gnu.so
155546a70000-155546a74000 r--p 0000b000 00:2e 1883947890                 /storage/home/hcoda1/4/hyu483/conda_envs/qgis332/lib/python3.11/lib-dynload/array.cpython-311-x86_64-linux-gnu.so
155546a74000-155546a75000 r--p 0000f000 00:2e 1883947890                 /storage/home/hcoda1/4/hyu483/conda_envs/qgis332/lib/python3.11/lib-dynload/array.cpython-311-x86_64-linux-gnu.so
155546a75000-155546a76000 rw-p 00010000 00:2e 1883947890                 /storage/home/hcoda1/4/hyu483/conda_envs/qgis332/lib/python3.11/lib-dynload/array.cpython-311-x86_64-linux-gnu.so
155546a76000-155546a7b000 r--p 00000000 00:2e 1883947873                 /storage/home/hcoda1/4/hyu483/conda_envs/qgis332/lib/python3.11/lib-dynload/_socket.cpython-311-x86_64-linux-gnu.so
155546a7b000-155546a83000 r-xp 00005000 00:2e 1883947873                 /storage/home/hcoda1/4/hyu483/conda_envs/qgis332/lib/python3.11/lib-dynload/_socket.cpython-311-x86_64-linux-gnu.so
155546a83000-155546a8b000 r--p 0000d000 00:2e 1883947873                 /storage/home/hcoda1/4/hyu483/conda_envs/qgis332/lib/python3.11/lib-dynload/_socket.cpython-311-x86_64-linux-gnu.so
155546a8b000-155546a8c000 r--p 00014000 00:2e 1883947873                 /storage/home/hcoda1/4/hyu483/conda_envs/qgis332/lib/python3.11/lib-dynload/_socket.cpython-311-x86_64-linux-gnu.so
155546a8c000-155546a8d000 rw-p 00015000 00:2e 1883947873                 /storage/home/hcoda1/4/hyu483/conda_envs/qgis332/lib/python3.11/lib-dynload/_socket.cpython-311-x86_64-linux-gnu.so
155546a8d000-155546a8e000 r--p 00000000 00:2e 1883947856                 /storage/home/hcoda1/4/hyu483/conda_envs/qgis332/lib/python3.11/lib-dynload/_heapq.cpython-311-x86_64-linux-gnu.so
155546a8e000-155546a91000 r-xp 00001000 00:2e 1883947856                 /storage/home/hcoda1/4/hyu483/conda_envs/qgis332/lib/python3.11/lib-dynload/_heapq.cpython-311-x86_64-linux-gnu.so
155546a91000-155546a94000 r--p 00004000 00:2e 1883947856                 /storage/home/hcoda1/4/hyu483/conda_envs/qgis332/lib/python3.11/lib-dynload/_heapq.cpython-311-x86_64-linux-gnu.so
155546a94000-155546a95000 r--p 00006000 00:2e 1883947856                 /storage/home/hcoda1/4/hyu483/conda_envs/qgis332/lib/python3.11/lib-dynload/_heapq.cpython-311-x86_64-linux-gnu.so
155546a95000-155546a96000 rw-p 00007000 00:2e 1883947856                 /storage/home/hcoda1/4/hyu483/conda_envs/qgis332/lib/python3.11/lib-dynload/_heapq.cpython-311-x86_64-linux-gnu.so
155546a96000-155546b96000 rw-p 00000000 00:00 0 
155546b96000-155546b98000 r--p 00000000 00:2e 1883947872                 /storage/home/hcoda1/4/hyu483/conda_envs/qgis332/lib/python3.11/lib-dynload/_sha512.cpython-311-x86_64-linux-gnu.so
155546b98000-155546b9c000 r-xp 00002000 00:2e 1883947872                 /storage/home/hcoda1/4/hyu483/conda_envs/qgis332/lib/python3.11/lib-dynload/_sha512.cpython-311-x86_64-linux-gnu.so
155546b9c000-155546b9d000 r--p 00006000 00:2e 1883947872                 /storage/home/hcoda1/4/hyu483/conda_envs/qgis332/lib/python3.11/lib-dynload/_sha512.cpython-311-x86_64-linux-gnu.so
155546b9d000-155546b9e000 r--p 00006000 00:2e 1883947872                 /storage/home/hcoda1/4/hyu483/conda_envs/qgis332/lib/python3.11/lib-dynload/_sha512.cpython-311-x86_64-linux-gnu.so
155546b9e000-155546b9f000 rw-p 00007000 00:2e 1883947872                 /storage/home/hcoda1/4/hyu483/conda_envs/qgis332/lib/python3.11/lib-dynload/_sha512.cpython-311-x86_64-linux-gnu.so
155546b9f000-155546ba1000 r--p 00000000 00:2e 1883947868                 /storage/home/hcoda1/4/hyu483/conda_envs/qgis332/lib/python3.11/lib-dynload/_random.cpython-311-x86_64-linux-gnu.so
155546ba1000-155546ba3000 r-xp 00002000 00:2e 1883947868                 /storage/home/hcoda1/4/hyu483/conda_envs/qgis332/lib/python3.11/lib-dynload/_random.cpython-311-x86_64-linux-gnu.so
155546ba3000-155546ba4000 r--p 00004000 00:2e 1883947868                 /storage/home/hcoda1/4/hyu483/conda_envs/qgis332/lib/python3.11/lib-dynload/_random.cpython-311-x86_64-linux-gnu.so
155546ba4000-155546ba5000 r--p 00004000 00:2e 1883947868                 /storage/home/hcoda1/4/hyu483/conda_envs/qgis332/lib/python3.11/lib-dynload/_random.cpython-311-x86_64-linux-gnu.so
155546ba5000-155546ba6000 rw-p 00005000 00:2e 1883947868                 /storage/home/hcoda1/4/hyu483/conda_envs/qgis332/lib/python3.11/lib-dynload/_random.cpython-311-x86_64-linux-gnu.so
155546ba6000-155546ba8000 r--p 00000000 00:2e 1883947836                 /storage/home/hcoda1/4/hyu483/conda_envs/qgis332/lib/python3.11/lib-dynload/_bisect.cpython-311-x86_64-linux-gnu.so
155546ba8000-155546ba9000 r-xp 00002000 00:2e 1883947836                 /storage/home/hcoda1/4/hyu483/conda_envs/qgis332/lib/python3.11/lib-dynload/_bisect.cpython-311-x86_64-linux-gnu.so
155546ba9000-155546baa000 r--p 00003000 00:2e 1883947836                 /storage/home/hcoda1/4/hyu483/conda_envs/qgis332/lib/python3.11/lib-dynload/_bisect.cpython-311-x86_64-linux-gnu.so
155546baa000-155546bab000 r--p 00003000 00:2e 1883947836                 /storage/home/hcoda1/4/hyu483/conda_envs/qgis332/lib/python3.11/lib-dynload/_bisect.cpython-311-x86_64-linux-gnu.so
155546bab000-155546bac000 rw-p 00004000 00:2e 1883947836                 /storage/home/hcoda1/4/hyu483/conda_envs/qgis332/lib/python3.11/lib-dynload/_bisect.cpython-311-x86_64-linux-gnu.so
155546bac000-155546bb1000 r--p 00000000 00:2e 1883947864                 /storage/home/hcoda1/4/hyu483/conda_envs/qgis332/lib/python3.11/lib-dynload/_pickle.cpython-311-x86_64-linux-gnu.so
155546bb1000-155546bc2000 r-xp 00005000 00:2e 1883947864                 /storage/home/hcoda1/4/hyu483/conda_envs/qgis332/lib/python3.11/lib-dynload/_pickle.cpython-311-x86_64-linux-gnu.so
155546bc2000-155546bc8000 r--p 00016000 00:2e 1883947864                 /storage/home/hcoda1/4/hyu483/conda_envs/qgis332/lib/python3.11/lib-dynload/_pickle.cpython-311-x86_64-linux-gnu.so
155546bc8000-155546bc9000 r--p 0001c000 00:2e 1883947864                 /storage/home/hcoda1/4/hyu483/conda_envs/qgis332/lib/python3.11/lib-dynload/_pickle.cpython-311-x86_64-linux-gnu.so
155546bc9000-155546bca000 rw-p 0001d000 00:2e 1883947864                 /storage/home/hcoda1/4/hyu483/conda_envs/qgis332/lib/python3.11/lib-dynload/_pickle.cpython-311-x86_64-linux-gnu.so
155546bca000-155546cca000 rw-p 00000000 00:00 0 
155546cca000-155546cce000 r--p 00000000 fd:00 33554588                   /usr/lib64/libresolv.so.2
155546cce000-155546cd7000 r-xp 00004000 fd:00 33554588                   /usr/lib64/libresolv.so.2
155546cd7000-155546cda000 r--p 0000d000 fd:00 33554588                   /usr/lib64/libresolv.so.2
155546cda000-155546cdb000 r--p 0000f000 fd:00 33554588                   /usr/lib64/libresolv.so.2
155546cdb000-155546cdc000 rw-p 00010000 fd:00 33554588                   /usr/lib64/libresolv.so.2
155546cdc000-155546cde000 rw-p 00000000 00:00 0 
155546cde000-155546cdf000 r--p 00000000 00:2e 1883947863                 /storage/home/hcoda1/4/hyu483/conda_envs/qgis332/lib/python3.11/lib-dynload/_opcode.cpython-311-x86_64-linux-gnu.so
155546cdf000-155546ce0000 r-xp 00001000 00:2e 1883947863                 /storage/home/hcoda1/4/hyu483/conda_envs/qgis332/lib/python3.11/lib-dynload/_opcode.cpython-311-x86_64-linux-gnu.so
155546ce0000-155546ce1000 r--p 00002000 00:2e 1883947863                 /storage/home/hcoda1/4/hyu483/conda_envs/qgis332/lib/python3.11/lib-dynload/_opcode.cpython-311-x86_64-linux-gnu.so
155546ce1000-155546ce2000 r--p 00002000 00:2e 1883947863                 /storage/home/hcoda1/4/hyu483/conda_envs/qgis332/lib/python3.11/lib-dynload/_opcode.cpython-311-x86_64-linux-gnu.so
155546ce2000-155546ce3000 rw-p 00003000 00:2e 1883947863                 /storage/home/hcoda1/4/hyu483/conda_envs/qgis332/lib/python3.11/lib-dynload/_opcode.cpython-311-x86_64-linux-gnu.so
155546ce3000-155546ce7000 r--p 00000000 00:2e 1883947877                 /storage/home/hcoda1/4/hyu483/conda_envs/qgis332/lib/python3.11/lib-dynload/_struct.cpython-311-x86_64-linux-gnu.so
155546ce7000-155546cec000 r-xp 00004000 00:2e 1883947877                 /storage/home/hcoda1/4/hyu483/conda_envs/qgis332/lib/python3.11/lib-dynload/_struct.cpython-311-x86_64-linux-gnu.so
155546cec000-155546cf0000 r--p 00009000 00:2e 1883947877                 /storage/home/hcoda1/4/hyu483/conda_envs/qgis332/lib/python3.11/lib-dynload/_struct.cpython-311-x86_64-linux-gnu.so
155546cf0000-155546cf1000 r--p 0000c000 00:2e 1883947877                 /storage/home/hcoda1/4/hyu483/conda_envs/qgis332/lib/python3.11/lib-dynload/_struct.cpython-311-x86_64-linux-gnu.so
155546cf1000-155546cf2000 rw-p 0000d000 00:2e 1883947877                 /storage/home/hcoda1/4/hyu483/conda_envs/qgis332/lib/python3.11/lib-dynload/_struct.cpython-311-x86_64-linux-gnu.so
155546cf2000-155546de0000 r--p 00000000 00:2e 1966296576                 /storage/home/hcoda1/4/hyu483/conda_envs/qgis332/lib/libcrypto.so.3
155546de0000-155547142000 r-xp 000ee000 00:2e 1966296576                 /storage/home/hcoda1/4/hyu483/conda_envs/qgis332/lib/libcrypto.so.3
155547142000-155547278000 r--p 00450000 00:2e 1966296576                 /storage/home/hcoda1/4/hyu483/conda_envs/qgis332/lib/libcrypto.so.3
155547278000-1555472fa000 r--p 00585000 00:2e 1966296576                 /storage/home/hcoda1/4/hyu483/conda_envs/qgis332/lib/libcrypto.so.3
1555472fa000-1555472fd000 rw-p 00607000 00:2e 1966296576                 /storage/home/hcoda1/4/hyu483/conda_envs/qgis332/lib/libcrypto.so.3
1555472fd000-155547300000 rw-p 00000000 00:00 0 
155547300000-155547302000 r--p 00000000 00:2e 1917445387                 /storage/home/hcoda1/4/hyu483/conda_envs/qgis332/lib/libkeyutils.so.1.9
155547302000-155547304000 r-xp 00002000 00:2e 1917445387                 /storage/home/hcoda1/4/hyu483/conda_envs/qgis332/lib/libkeyutils.so.1.9
155547304000-155547305000 r--p 00004000 00:2e 1917445387                 /storage/home/hcoda1/4/hyu483/conda_envs/qgis332/lib/libkeyutils.so.1.9
155547305000-155547306000 r--p 00004000 00:2e 1917445387                 /storage/home/hcoda1/4/hyu483/conda_envs/qgis332/lib/libkeyutils.so.1.9
155547306000-155547307000 rw-p 00005000 00:2e 1917445387                 /storage/home/hcoda1/4/hyu483/conda_envs/qgis332/lib/libkeyutils.so.1.9
155547307000-15554730b000 r--p 00000000 00:2e 1917424600                 /storage/home/hcoda1/4/hyu483/conda_envs/qgis332/lib/libkrb5support.so.0.1
15554730b000-155547311000 r-xp 00004000 00:2e 1917424600                 /storage/home/hcoda1/4/hyu483/conda_envs/qgis332/lib/libkrb5support.so.0.1
155547311000-155547313000 r--p 0000a000 00:2e 1917424600                 /storage/home/hcoda1/4/hyu483/conda_envs/qgis332/lib/libkrb5support.so.0.1
155547313000-155547314000 r--p 0000c000 00:2e 1917424600                 /storage/home/hcoda1/4/hyu483/conda_envs/qgis332/lib/libkrb5support.so.0.1
155547314000-155547315000 rw-p 0000d000 00:2e 1917424600                 /storage/home/hcoda1/4/hyu483/conda_envs/qgis332/lib/libkrb5support.so.0.1
155547315000-155547317000 r--p 00000000 00:2e 1917424554                 /storage/home/hcoda1/4/hyu483/conda_envs/qgis332/lib/libcom_err.so.3.0
155547317000-155547318000 r-xp 00002000 00:2e 1917424554                 /storage/home/hcoda1/4/hyu483/conda_envs/qgis332/lib/libcom_err.so.3.0
155547318000-155547319000 r--p 00003000 00:2e 1917424554                 /storage/home/hcoda1/4/hyu483/conda_envs/qgis332/lib/libcom_err.so.3.0
155547319000-15554731a000 r--p 00003000 00:2e 1917424554                 /storage/home/hcoda1/4/hyu483/conda_envs/qgis332/lib/libcom_err.so.3.0
15554731a000-15554731b000 rw-p 00004000 00:2e 1917424554                 /storage/home/hcoda1/4/hyu483/conda_envs/qgis332/lib/libcom_err.so.3.0
15554731b000-155547321000 r--p 00000000 00:2e 1917424588                 /storage/home/hcoda1/4/hyu483/conda_envs/qgis332/lib/libk5crypto.so.3.1
155547321000-15554732c000 r-xp 00006000 00:2e 1917424588                 /storage/home/hcoda1/4/hyu483/conda_envs/qgis332/lib/libk5crypto.so.3.1
15554732c000-155547330000 r--p 00011000 00:2e 1917424588                 /storage/home/hcoda1/4/hyu483/conda_envs/qgis332/lib/libk5crypto.so.3.1
155547330000-155547332000 r--p 00014000 00:2e 1917424588                 /storage/home/hcoda1/4/hyu483/conda_envs/qgis332/lib/libk5crypto.so.3.1
155547332000-155547333000 rw-p 00016000 00:2e 1917424588                 /storage/home/hcoda1/4/hyu483/conda_envs/qgis332/lib/libk5crypto.so.3.1
155547333000-155547357000 r--p 00000000 00:2e 1883927888                 /storage/home/hcoda1/4/hyu483/conda_envs/qgis332/lib/libkrb5.so.3.3
155547357000-1555473b1000 r-xp 00024000 00:2e 1883927888                 /storage/home/hcoda1/4/hyu483/conda_envs/qgis332/lib/libkrb5.so.3.3
1555473b1000-1555473f9000 r--p 0007e000 00:2e 1883927888                 /storage/home/hcoda1/4/hyu483/conda_envs/qgis332/lib/libkrb5.so.3.3
1555473f9000-155547407000 r--p 000c5000 00:2e 1883927888                 /storage/home/hcoda1/4/hyu483/conda_envs/qgis332/lib/libkrb5.so.3.3
155547407000-155547409000 rw-p 000d3000 00:2e 1883927888                 /storage/home/hcoda1/4/hyu483/conda_envs/qgis332/lib/libkrb5.so.3.3
155547409000-15554740d000 r--p 00000000 00:2e 1917435685                 /storage/home/hcoda1/4/hyu483/conda_envs/qgis332/lib/libgcc_s.so.1
15554740d000-155547422000 r-xp 00004000 00:2e 1917435685                 /storage/home/hcoda1/4/hyu483/conda_envs/qgis332/lib/libgcc_s.so.1
155547422000-155547426000 r--p 00019000 00:2e 1917435685                 /storage/home/hcoda1/4/hyu483/conda_envs/qgis332/lib/libgcc_s.so.1
155547426000-155547427000 r--p 0001c000 00:2e 1917435685                 /storage/home/hcoda1/4/hyu483/conda_envs/qgis332/lib/libgcc_s.so.1
155547427000-155547428000 rw-p 0001d000 00:2e 1917435685                 /storage/home/hcoda1/4/hyu483/conda_envs/qgis332/lib/libgcc_s.so.1
155547428000-1555474d6000 r--p 00000000 00:2e 1917447939                 /storage/home/hcoda1/4/hyu483/conda_envs/qgis332/lib/libstdc++.so.6.0.34
1555474d6000-155547577000 r-xp 000ae000 00:2e 1917447939                 /storage/home/hcoda1/4/hyu483/conda_envs/qgis332/lib/libstdc++.so.6.0.34
155547577000-1555475ff000 r--p 0014f000 00:2e 1917447939                 /storage/home/hcoda1/4/hyu483/conda_envs/qgis332/lib/libstdc++.so.6.0.34
1555475ff000-15554760d000 r--p 001d7000 00:2e 1917447939                 /storage/home/hcoda1/4/hyu483/conda_envs/qgis332/lib/libstdc++.so.6.0.34
15554760d000-155547611000 rw-p 001e5000 00:2e 1917447939                 /storage/home/hcoda1/4/hyu483/conda_envs/qgis332/lib/libstdc++.so.6.0.34
155547611000-155547615000 rw-p 00000000 00:00 0 
155547615000-155547623000 r--p 00000000 00:2e 1883927884                 /storage/home/hcoda1/4/hyu483/conda_envs/qgis332/lib/libgssapi_krb5.so.2.2
155547623000-155547658000 r-xp 0000e000 00:2e 1883927884                 /storage/home/hcoda1/4/hyu483/conda_envs/qgis332/lib/libgssapi_krb5.so.2.2
155547658000-155547665000 r--p 00043000 00:2e 1883927884                 /storage/home/hcoda1/4/hyu483/conda_envs/qgis332/lib/libgssapi_krb5.so.2.2
155547665000-155547667000 r--p 00050000 00:2e 1883927884                 /storage/home/hcoda1/4/hyu483/conda_envs/qgis332/lib/libgssapi_krb5.so.2.2
155547667000-155547668000 rw-p 00052000 00:2e 1883927884                 /storage/home/hcoda1/4/hyu483/conda_envs/qgis332/lib/libgssapi_krb5.so.2.2
155547668000-155547677000 r--p 00000000 00:2e 2036040345                 /storage/home/hcoda1/4/hyu483/conda_envs/qgis332/lib/libsodium.so.26.2.0
155547677000-1555476b6000 r-xp 0000f000 00:2e 2036040345                 /storage/home/hcoda1/4/hyu483/conda_envs/qgis332/lib/libsodium.so.26.2.0
1555476b6000-1555476c8000 r--p 0004e000 00:2e 2036040345                 /storage/home/hcoda1/4/hyu483/conda_envs/qgis332/lib/libsodium.so.26.2.0
1555476c8000-1555476c9000 r--p 00060000 00:2e 2036040345                 /storage/home/hcoda1/4/hyu483/conda_envs/qgis332/lib/libsodium.so.26.2.0
1555476c9000-1555476ca000 rw-p 00061000 00:2e 2036040345                 /storage/home/hcoda1/4/hyu483/conda_envs/qgis332/lib/libsodium.so.26.2.0
1555476ca000-1555476e1000 r--p 00000000 00:2e 2035448251                 /storage/home/hcoda1/4/hyu483/conda_envs/qgis332/lib/libzmq.so.5.2.5
1555476e1000-155547745000 r-xp 00017000 00:2e 2035448251                 /storage/home/hcoda1/4/hyu483/conda_envs/qgis332/lib/libzmq.so.5.2.5
155547745000-155547762000 r--p 0007b000 00:2e 2035448251                 /storage/home/hcoda1/4/hyu483/conda_envs/qgis332/lib/libzmq.so.5.2.5
155547762000-15554776a000 r--p 00097000 00:2e 2035448251                 /storage/home/hcoda1/4/hyu483/conda_envs/qgis332/lib/libzmq.so.5.2.5
15554776a000-15554776b000 rw-p 0009f000 00:2e 2035448251                 /storage/home/hcoda1/4/hyu483/conda_envs/qgis332/lib/libzmq.so.5.2.5
15554776b000-155547772000 r--p 00000000 00:2e 2007786314                 /storage/home/hcoda1/4/hyu483/conda_envs/qgis332/lib/python3.11/site-packages/zmq/backend/cython/_zmq.cpython-311-x86_64-linux-gnu.so
155547772000-1555477a3000 r-xp 00007000 00:2e 2007786314                 /storage/home/hcoda1/4/hyu483/conda_envs/qgis332/lib/python3.11/site-packages/zmq/backend/cython/_zmq.cpython-311-x86_64-linux-gnu.so
1555477a3000-1555477ad000 r--p 00038000 00:2e 2007786314                 /storage/home/hcoda1/4/hyu483/conda_envs/qgis332/lib/python3.11/site-packages/zmq/backend/cython/_zmq.cpython-311-x86_64-linux-gnu.so
1555477ad000-1555477ae000 r--p 00042000 00:2e 2007786314                 /storage/home/hcoda1/4/hyu483/conda_envs/qgis332/lib/python3.11/site-packages/zmq/backend/cython/_zmq.cpython-311-x86_64-linux-gnu.so
1555477ae000-1555477b0000 rw-p 00043000 00:2e 2007786314                 /storage/home/hcoda1/4/hyu483/conda_envs/qgis332/lib/python3.11/site-packages/zmq/backend/cython/_zmq.cpython-311-x86_64-linux-gnu.so
1555477b0000-1555477b1000 rw-p 00000000 00:00 0 
1555477b1000-1555477b5000 r--p 00000000 00:2e 1883947896                 /storage/home/hcoda1/4/hyu483/conda_envs/qgis332/lib/python3.11/lib-dynload/math.cpython-311-x86_64-linux-gnu.so
1555477b5000-1555477bc000 r-xp 00004000 00:2e 1883947896                 /storage/home/hcoda1/4/hyu483/conda_envs/qgis332/lib/python3.11/lib-dynload/math.cpython-311-x86_64-linux-gnu.so
1555477bc000-1555477c1000 r--p 0000b000 00:2e 1883947896                 /storage/home/hcoda1/4/hyu483/conda_envs/qgis332/lib/python3.11/lib-dynload/math.cpython-311-x86_64-linux-gnu.so
1555477c1000-1555477c2000 r--p 0000f000 00:2e 1883947896                 /storage/home/hcoda1/4/hyu483/conda_envs/qgis332/lib/python3.11/lib-dynload/math.cpython-311-x86_64-linux-gnu.so
1555477c2000-1555477c3000 rw-p 00010000 00:2e 1883947896                 /storage/home/hcoda1/4/hyu483/conda_envs/qgis332/lib/python3.11/lib-dynload/math.cpython-311-x86_64-linux-gnu.so
1555477c3000-1555477c6000 r--p 00000000 00:2e 1883947903                 /storage/home/hcoda1/4/hyu483/conda_envs/qgis332/lib/python3.11/lib-dynload/select.cpython-311-x86_64-linux-gnu.so
1555477c6000-1555477c9000 r-xp 00003000 00:2e 1883947903                 /storage/home/hcoda1/4/hyu483/conda_envs/qgis332/lib/python3.11/lib-dynload/select.cpython-311-x86_64-linux-gnu.so
1555477c9000-1555477cb000 r--p 00006000 00:2e 1883947903                 /storage/home/hcoda1/4/hyu483/conda_envs/qgis332/lib/python3.11/lib-dynload/select.cpython-311-x86_64-linux-gnu.so
1555477cb000-1555477cc000 r--p 00008000 00:2e 1883947903                 /storage/home/hcoda1/4/hyu483/conda_envs/qgis332/lib/python3.11/lib-dynload/select.cpython-311-x86_64-linux-gnu.so
1555477cc000-1555477cd000 rw-p 00009000 00:2e 1883947903                 /storage/home/hcoda1/4/hyu483/conda_envs/qgis332/lib/python3.11/lib-dynload/select.cpython-311-x86_64-linux-gnu.so
1555477cd000-1555477ce000 r--p 00000000 00:2e 1940419644                 /storage/home/hcoda1/4/hyu483/conda_envs/qgis332/lib/python3.11/site-packages/tornado/speedups.abi3.so
1555477ce000-1555477cf000 r-xp 00001000 00:2e 1940419644                 /storage/home/hcoda1/4/hyu483/conda_envs/qgis332/lib/python3.11/site-packages/tornado/speedups.abi3.so
1555477cf000-1555477d0000 r--p 00002000 00:2e 1940419644                 /storage/home/hcoda1/4/hyu483/conda_envs/qgis332/lib/python3.11/site-packages/tornado/speedups.abi3.so
1555477d0000-1555477d1000 r--p 00002000 00:2e 1940419644                 /storage/home/hcoda1/4/hyu483/conda_envs/qgis332/lib/python3.11/site-packages/tornado/speedups.abi3.so
1555477d1000-1555477d2000 rw-p 00003000 00:2e 1940419644                 /storage/home/hcoda1/4/hyu483/conda_envs/qgis332/lib/python3.11/site-packages/tornado/speedups.abi3.so
1555477d2000-1555477d5000 r--p 00000000 00:2e 1883947910                 /storage/home/hcoda1/4/hyu483/conda_envs/qgis332/lib/python3.11/lib-dynload/zlib.cpython-311-x86_64-linux-gnu.so
1555477d5000-1555477d9000 r-xp 00003000 00:2e 1883947910                 /storage/home/hcoda1/4/hyu483/conda_envs/qgis332/lib/python3.11/lib-dynload/zlib.cpython-311-x86_64-linux-gnu.so
1555477d9000-1555477dc000 r--p 00007000 00:2e 1883947910                 /storage/home/hcoda1/4/hyu483/conda_envs/qgis332/lib/python3.11/lib-dynload/zlib.cpython-311-x86_64-linux-gnu.so
1555477dc000-1555477dd000 r--p 00009000 00:2e 1883947910                 /storage/home/hcoda1/4/hyu483/conda_envs/qgis332/lib/python3.11/lib-dynload/zlib.cpython-311-x86_64-linux-gnu.so
1555477dd000-1555477de000 rw-p 0000a000 00:2e 1883947910                 /storage/home/hcoda1/4/hyu483/conda_envs/qgis332/lib/python3.11/lib-dynload/zlib.cpython-311-x86_64-linux-gnu.so
1555477de000-1555477e0000 r--p 00000000 00:2e 1883947837                 /storage/home/hcoda1/4/hyu483/conda_envs/qgis332/lib/python3.11/lib-dynload/_blake2.cpython-311-x86_64-linux-gnu.so
1555477e0000-1555477e7000 r-xp 00002000 00:2e 1883947837                 /storage/home/hcoda1/4/hyu483/conda_envs/qgis332/lib/python3.11/lib-dynload/_blake2.cpython-311-x86_64-linux-gnu.so
1555477e7000-1555477e9000 r--p 00009000 00:2e 1883947837                 /storage/home/hcoda1/4/hyu483/conda_envs/qgis332/lib/python3.11/lib-dynload/_blake2.cpython-311-x86_64-linux-gnu.so
1555477e9000-1555477ea000 r--p 0000a000 00:2e 1883947837                 /storage/home/hcoda1/4/hyu483/conda_envs/qgis332/lib/python3.11/lib-dynload/_blake2.cpython-311-x86_64-linux-gnu.so
1555477ea000-1555477eb000 rw-p 0000b000 00:2e 1883947837                 /storage/home/hcoda1/4/hyu483/conda_envs/qgis332/lib/python3.11/lib-dynload/_blake2.cpython-311-x86_64-linux-gnu.so
1555477eb000-1555477ef000 r--p 00000000 00:2e 1883947855                 /storage/home/hcoda1/4/hyu483/conda_envs/qgis332/lib/python3.11/lib-dynload/_hashlib.cpython-311-x86_64-linux-gnu.so
1555477ef000-1555477f4000 r-xp 00004000 00:2e 1883947855                 /storage/home/hcoda1/4/hyu483/conda_envs/qgis332/lib/python3.11/lib-dynload/_hashlib.cpython-311-x86_64-linux-gnu.so
1555477f4000-1555477f8000 r--p 00009000 00:2e 1883947855                 /storage/home/hcoda1/4/hyu483/conda_envs/qgis332/lib/python3.11/lib-dynload/_hashlib.cpython-311-x86_64-linux-gnu.so
1555477f8000-1555477f9000 r--p 0000d000 00:2e 1883947855                 /storage/home/hcoda1/4/hyu483/conda_envs/qgis332/lib/python3.11/lib-dynload/_hashlib.cpython-311-x86_64-linux-gnu.so
1555477f9000-1555477fa000 rw-p 0000e000 00:2e 1883947855                 /storage/home/hcoda1/4/hyu483/conda_envs/qgis332/lib/python3.11/lib-dynload/_hashlib.cpython-311-x86_64-linux-gnu.so
1555477fa000-1555477fc000 r--p 00000000 00:2e 1883947867                 /storage/home/hcoda1/4/hyu483/conda_envs/qgis332/lib/python3.11/lib-dynload/_queue.cpython-311-x86_64-linux-gnu.so
1555477fc000-1555477fd000 r-xp 00002000 00:2e 1883947867                 /storage/home/hcoda1/4/hyu483/conda_envs/qgis332/lib/python3.11/lib-dynload/_queue.cpython-311-x86_64-linux-gnu.so
1555477fd000-1555477fe000 r--p 00003000 00:2e 1883947867                 /storage/home/hcoda1/4/hyu483/conda_envs/qgis332/lib/python3.11/lib-dynload/_queue.cpython-311-x86_64-linux-gnu.so
1555477fe000-1555477ff000 r--p 00003000 00:2e 1883947867                 /storage/home/hcoda1/4/hyu483/conda_envs/qgis332/lib/python3.11/lib-dynload/_queue.cpython-311-x86_64-linux-gnu.so
1555477ff000-155547800000 rw-p 00004000 00:2e 1883947867                 /storage/home/hcoda1/4/hyu483/conda_envs/qgis332/lib/python3.11/lib-dynload/_queue.cpython-311-x86_64-linux-gnu.so
155547800000-155547c00000 rw-p 00000000 00:00 0 
155547c00000-155555130000 r--p 00000000 fd:00 102684196                  /usr/lib/locale/locale-archive
155555130000-155555134000 rw-p 00000000 00:00 0 
155555134000-155555136000 r--p 00000000 00:2e 1883947866                 /storage/home/hcoda1/4/hyu483/conda_envs/qgis332/lib/python3.11/lib-dynload/_posixsubprocess.cpython-311-x86_64-linux-gnu.so
155555136000-155555138000 r-xp 00002000 00:2e 1883947866                 /storage/home/hcoda1/4/hyu483/conda_envs/qgis332/lib/python3.11/lib-dynload/_posixsubprocess.cpython-311-x86_64-linux-gnu.so
155555138000-155555139000 r--p 00004000 00:2e 1883947866                 /storage/home/hcoda1/4/hyu483/conda_envs/qgis332/lib/python3.11/lib-dynload/_posixsubprocess.cpython-311-x86_64-linux-gnu.so
155555139000-15555513a000 r--p 00004000 00:2e 1883947866                 /storage/home/hcoda1/4/hyu483/conda_envs/qgis332/lib/python3.11/lib-dynload/_posixsubprocess.cpython-311-x86_64-linux-gnu.so
15555513a000-15555513b000 rw-p 00005000 00:2e 1883947866                 /storage/home/hcoda1/4/hyu483/conda_envs/qgis332/lib/python3.11/lib-dynload/_posixsubprocess.cpython-311-x86_64-linux-gnu.so
15555513b000-15555513e000 r--p 00000000 00:2e 1883947857                 /storage/home/hcoda1/4/hyu483/conda_envs/qgis332/lib/python3.11/lib-dynload/_json.cpython-311-x86_64-linux-gnu.so
15555513e000-155555145000 r-xp 00003000 00:2e 1883947857                 /storage/home/hcoda1/4/hyu483/conda_envs/qgis332/lib/python3.11/lib-dynload/_json.cpython-311-x86_64-linux-gnu.so
155555145000-155555147000 r--p 0000a000 00:2e 1883947857                 /storage/home/hcoda1/4/hyu483/conda_envs/qgis332/lib/python3.11/lib-dynload/_json.cpython-311-x86_64-linux-gnu.so
155555147000-155555148000 r--p 0000b000 00:2e 1883947857                 /storage/home/hcoda1/4/hyu483/conda_envs/qgis332/lib/python3.11/lib-dynload/_json.cpython-311-x86_64-linux-gnu.so
155555148000-155555149000 rw-p 0000c000 00:2e 1883947857                 /storage/home/hcoda1/4/hyu483/conda_envs/qgis332/lib/python3.11/lib-dynload/_json.cpython-311-x86_64-linux-gnu.so
155555149000-1555551ab000 rw-p 00000000 00:00 0 
1555551ab000-155555200000 r--p 00000000 fd:00 67240385                   /usr/lib/locale/C.utf8/LC_CTYPE
155555200000-155555228000 r--p 00000000 fd:00 33554577                   /usr/lib64/libc.so.6
155555228000-15555539d000 r-xp 00028000 fd:00 33554577                   /usr/lib64/libc.so.6
15555539d000-1555553f5000 r--p 0019d000 fd:00 33554577                   /usr/lib64/libc.so.6
1555553f5000-1555553f9000 r--p 001f5000 fd:00 33554577                   /usr/lib64/libc.so.6
1555553f9000-1555553fb000 rw-p 001f9000 fd:00 33554577                   /usr/lib64/libc.so.6
1555553fb000-155555408000 rw-p 00000000 00:00 0 
155555408000-15555540a000 r--p 00000000 00:2e 1883947894                 /storage/home/hcoda1/4/hyu483/conda_envs/qgis332/lib/python3.11/lib-dynload/fcntl.cpython-311-x86_64-linux-gnu.so
15555540a000-15555540b000 r-xp 00002000 00:2e 1883947894                 /storage/home/hcoda1/4/hyu483/conda_envs/qgis332/lib/python3.11/lib-dynload/fcntl.cpython-311-x86_64-linux-gnu.so
15555540b000-15555540d000 r--p 00003000 00:2e 1883947894                 /storage/home/hcoda1/4/hyu483/conda_envs/qgis332/lib/python3.11/lib-dynload/fcntl.cpython-311-x86_64-linux-gnu.so
15555540d000-15555540e000 r--p 00004000 00:2e 1883947894                 /storage/home/hcoda1/4/hyu483/conda_envs/qgis332/lib/python3.11/lib-dynload/fcntl.cpython-311-x86_64-linux-gnu.so
15555540e000-15555540f000 rw-p 00005000 00:2e 1883947894                 /storage/home/hcoda1/4/hyu483/conda_envs/qgis332/lib/python3.11/lib-dynload/fcntl.cpython-311-x86_64-linux-gnu.so
15555540f000-155555411000 rw-p 00000000 00:00 0 
155555411000-155555412000 r--p 00000000 fd:00 33554589                   /usr/lib64/librt.so.1
155555412000-155555413000 r-xp 00001000 fd:00 33554589                   /usr/lib64/librt.so.1
155555413000-155555414000 r--p 00002000 fd:00 33554589                   /usr/lib64/librt.so.1
155555414000-155555415000 r--p 00002000 fd:00 33554589                   /usr/lib64/librt.so.1
155555415000-155555416000 rw-p 00003000 fd:00 33554589                   /usr/lib64/librt.so.1
155555416000-155555423000 r--p 00000000 fd:00 33554580                   /usr/lib64/libm.so.6
155555423000-155555493000 r-xp 0000d000 fd:00 33554580                   /usr/lib64/libm.so.6
155555493000-1555554ef000 r--p 0007d000 fd:00 33554580                   /usr/lib64/libm.so.6
1555554ef000-1555554f0000 r--p 000d8000 fd:00 33554580                   /usr/lib64/libm.so.6
1555554f0000-1555554f1000 rw-p 000d9000 fd:00 33554580                   /usr/lib64/libm.so.6
1555554f1000-1555554f3000 rw-p 00000000 00:00 0 
1555554f3000-1555554f4000 r--p 00000000 fd:00 33554591                   /usr/lib64/libutil.so.1
1555554f4000-1555554f5000 r-xp 00001000 fd:00 33554591                   /usr/lib64/libutil.so.1
1555554f5000-1555554f6000 r--p 00002000 fd:00 33554591                   /usr/lib64/libutil.so.1
1555554f6000-1555554f7000 r--p 00002000 fd:00 33554591                   /usr/lib64/libutil.so.1
1555554f7000-1555554f8000 rw-p 00003000 fd:00 33554591                   /usr/lib64/libutil.so.1
1555554f8000-1555554f9000 r--p 00000000 fd:00 33554579                   /usr/lib64/libdl.so.2
1555554f9000-1555554fa000 r-xp 00001000 fd:00 33554579                   /usr/lib64/libdl.so.2
1555554fa000-1555554fb000 r--p 00002000 fd:00 33554579                   /usr/lib64/libdl.so.2
1555554fb000-1555554fc000 r--p 00002000 fd:00 33554579                   /usr/lib64/libdl.so.2
1555554fc000-1555554fd000 rw-p 00003000 fd:00 33554579                   /usr/lib64/libdl.so.2
1555554fd000-1555554fe000 r--p 00000000 fd:00 33554587                   /usr/lib64/libpthread.so.0
1555554fe000-1555554ff000 r-xp 00001000 fd:00 33554587                   /usr/lib64/libpthread.so.0
1555554ff000-155555500000 r--p 00002000 fd:00 33554587                   /usr/lib64/libpthread.so.0
155555500000-155555501000 r--p 00002000 fd:00 33554587                   /usr/lib64/libpthread.so.0
155555501000-155555502000 rw-p 00003000 fd:00 33554587                   /usr/lib64/libpthread.so.0
155555502000-155555506000 rw-p 00000000 00:00 0 
155555506000-155555507000 r--p 00000000 00:2e 1883947885                 /storage/home/hcoda1/4/hyu483/conda_envs/qgis332/lib/python3.11/lib-dynload/_typing.cpython-311-x86_64-linux-gnu.so
155555507000-155555508000 r-xp 00001000 00:2e 1883947885                 /storage/home/hcoda1/4/hyu483/conda_envs/qgis332/lib/python3.11/lib-dynload/_typing.cpython-311-x86_64-linux-gnu.so
155555508000-155555509000 r--p 00002000 00:2e 1883947885                 /storage/home/hcoda1/4/hyu483/conda_envs/qgis332/lib/python3.11/lib-dynload/_typing.cpython-311-x86_64-linux-gnu.so
155555509000-15555550a000 r--p 00002000 00:2e 1883947885                 /storage/home/hcoda1/4/hyu483/conda_envs/qgis332/lib/python3.11/lib-dynload/_typing.cpython-311-x86_64-linux-gnu.so
15555550a000-15555550b000 rw-p 00003000 00:2e 1883947885                 /storage/home/hcoda1/4/hyu483/conda_envs/qgis332/lib/python3.11/lib-dynload/_typing.cpython-311-x86_64-linux-gnu.so
15555550b000-15555550f000 rw-p 00000000 00:00 0 
15555550f000-155555516000 r--s 00000000 fd:00 67242496                   /usr/lib64/gconv/gconv-modules.cache
155555516000-155555518000 rw-p 00000000 00:00 0 
155555518000-15555551c000 r--p 00000000 00:00 0                          [vvar]
15555551c000-15555551e000 r-xp 00000000 00:00 0                          [vdso]
15555551e000-155555520000 r--p 00000000 fd:00 33554572                   /usr/lib64/ld-linux-x86-64.so.2
155555520000-155555547000 r-xp 00002000 fd:00 33554572                   /usr/lib64/ld-linux-x86-64.so.2
155555547000-155555552000 r--p 00029000 fd:00 33554572                   /usr/lib64/ld-linux-x86-64.so.2
155555552000-155555554000 r--p 00034000 fd:00 33554572                   /usr/lib64/ld-linux-x86-64.so.2
155555554000-155555556000 rw-p 00036000 fd:00 33554572                   /usr/lib64/ld-linux-x86-64.so.2
555555554000-555555644000 r--p 00000000 00:2e 1883928226                 /storage/home/hcoda1/4/hyu483/conda_envs/qgis332/bin/python3.11
555555644000-555555881000 r-xp 000f0000 00:2e 1883928226                 /storage/home/hcoda1/4/hyu483/conda_envs/qgis332/bin/python3.11
555555881000-55555596d000 r--p 0032d000 00:2e 1883928226                 /storage/home/hcoda1/4/hyu483/conda_envs/qgis332/bin/python3.11
55555596d000-55555599c000 r--p 00419000 00:2e 1883928226                 /storage/home/hcoda1/4/hyu483/conda_envs/qgis332/bin/python3.11
55555599c000-555555acd000 rw-p 00448000 00:2e 1883928226                 /storage/home/hcoda1/4/hyu483/conda_envs/qgis332/bin/python3.11
555555acd000-555555b0f000 rw-p 00000000 00:00 0 
555555b0f000-55555b379000 rw-p 00000000 00:00 0                          [heap]
55555b379000-55555e2a9000 rw-p 00000000 00:00 0                          [heap]
7fffffeff000-7ffffff03000 ---p 00000000 00:00 0 
7ffffff03000-7ffffffff000 rw-p 00000000 00:00 0                          [stack]
ffffffffff600000-ffffffffff601000 --xp 00000000 00:00 0                  [vsyscall]


VM Arguments:
java_command: <unknown>
java_class_path (initial): /storage/home/hcoda1/4/hyu483/qgis_332/profiles/default/python/plugins/processing_umep/functions/URock/h2gis-standalone/h2gis-dist-2.2.3.jar:/storage/home/hcoda1/4/hyu483/.local/lib/python3.11/site-packages/org.jpype.jar
Launcher Type: generic

[Global flags]
     intx CICompilerCount                          = 12                                        {product} {ergonomic}
     uint ConcGCThreads                            = 3                                         {product} {ergonomic}
     uint G1ConcRefinementThreads                  = 13                                        {product} {ergonomic}
   size_t G1HeapRegionSize                         = 16777216                                  {product} {ergonomic}
    uintx GCDrainStackTargetSize                   = 64                                        {product} {ergonomic}
   size_t InitialHeapSize                          = 2147483648                                {product} {ergonomic}
   size_t MarkStackSize                            = 4194304                                   {product} {ergonomic}
   size_t MaxHeapSize                              = 32178700288                               {product} {ergonomic}
   size_t MaxNewSize                               = 19293798400                               {product} {ergonomic}
   size_t MinHeapDeltaBytes                        = 16777216                                  {product} {ergonomic}
   size_t MinHeapSize                              = 16777216                                  {product} {ergonomic}
    uintx NonNMethodCodeHeapSize                   = 7602480                                {pd product} {ergonomic}
    uintx NonProfiledCodeHeapSize                  = 122027880                              {pd product} {ergonomic}
    uintx ProfiledCodeHeapSize                     = 122027880                              {pd product} {ergonomic}
    uintx ReservedCodeCacheSize                    = 251658240                              {pd product} {ergonomic}
     bool SegmentedCodeCache                       = true                                      {product} {ergonomic}
   size_t SoftMaxHeapSize                          = 32178700288                            {manageable} {ergonomic}
     bool UseCompressedClassPointers               = true                           {product lp64_product} {ergonomic}
     bool UseCompressedOops                        = true                           {product lp64_product} {ergonomic}
     bool UseG1GC                                  = true                                      {product} {ergonomic}

Logging:
Log output configuration:
 #0: stdout all=warning uptime,level,tags
 #1: stderr all=off uptime,level,tags

Environment Variables:
JAVA_HOME=/usr/lib/jvm/java-17-openjdk-17.0.14.0.7-2.el9.x86_64
PATH=/storage/home/hcoda1/4/hyu483/conda_envs/qgis332/bin:/usr/local/pace-apps/manual/packages/miniforge/24.3.0-0/condabin:/opt/pace-common/bin:/opt/slurm/current/bin:/usr/local/pace-apps/spack/packages/linux-rhel9-x86_64_v3/gcc-12.3.0/mvapich2-2.3.7-1-qv3gjagtbx5e3rlbdy6iy2sfczryftyt/bin:/opt/pmix/4.2.6/bin:/usr/local/pace-apps/spack/packages/linux-rhel9-x86_64_v3/gcc-11.3.1/gcc-12.3.0-ukkkutsxfl5kpnnaxflpkq2jtliwthfz/bin:/opt/TurboVNC/bin:/usr/local/bin:/usr/bin:/usr/local/sbin:/usr/sbin:/opt/mellanox/doca/tools:/opt/iozone/bin:/storage/home/hcoda1/4/hyu483/bin
LD_LIBRARY_PATH=/opt/slurm/current/lib:/usr/local/pace-apps/spack/packages/linux-rhel9-x86_64_v3/gcc-12.3.0/mvapich2-2.3.7-1-qv3gjagtbx5e3rlbdy6iy2sfczryftyt/lib:/opt/slurm/current/lib:/opt/pmix/4.2.6/lib:/usr/local/pace-apps/spack/packages/linux-rhel9-x86_64_v3/gcc-12.3.0/libpciaccess-0.17-pjfe4ct4gfm5k26s36hmewhbz4k232dl/lib:/usr/local/pace-apps/spack/packages/linux-rhel9-x86_64_v3/gcc-11.3.1/gcc-12.3.0-ukkkutsxfl5kpnnaxflpkq2jtliwthfz/lib64:/usr/local/pace-apps/spack/packages/linux-rhel9-x86_64_v3/gcc-11.3.1/gcc-12.3.0-ukkkutsxfl5kpnnaxflpkq2jtliwthfz/lib:/usr/local/pace-apps/spack/packages/linux-rhel9-x86_64_v3/gcc-12.3.0/zlib-1.2.13-3qhjpij2pji47kfanmlflvwk5ljcn5lh/lib:/usr/local/pace-apps/spack/packages/linux-rhel9-x86_64_v3/gcc-12.3.0/mpc-1.3.1-3zvixith5i243hwiill4exyu3lf2q6ad/lib:/usr/local/pace-apps/spack/packages/linux-rhel9-x86_64_v3/gcc-12.3.0/mpfr-4.2.0-tox4bdsc25zr763rnq5gzlukfbvw7uj7/lib:/usr/local/pace-apps/spack/packages/linux-rhel9-x86_64_v3/gcc-12.3.0/gmp-6.2.1-n7dzsse5e3f6w5z6q6cuqursydg6yypo/lib::
SHELL=/bin/bash
DISPLAY=:1.0
LANG=C.UTF-8
TERM=xterm-color
TMPDIR=/tmp

Active Locale:
LC_ALL=LC_CTYPE=en_US.UTF-8;LC_NUMERIC=en_US.UTF-8;LC_TIME=en_US.UTF-8;LC_COLLATE=en_US.UTF-8;LC_MONETARY=en_US.UTF-8;LC_MESSAGES=en_US.UTF-8;LC_PAPER=C.UTF-8;LC_NAME=C.UTF-8;LC_ADDRESS=C.UTF-8;LC_TELEPHONE=C.UTF-8;LC_MEASUREMENT=C.UTF-8;LC_IDENTIFICATION=C.UTF-8
LC_COLLATE=en_US.UTF-8
LC_CTYPE=en_US.UTF-8
LC_MESSAGES=en_US.UTF-8
LC_MONETARY=en_US.UTF-8
LC_NUMERIC=en_US.UTF-8
LC_TIME=en_US.UTF-8

Signal Handlers:
   SIGSEGV: crash_handler in libjvm.so, mask=11100100010111111101111111111110, flags=SA_RESTART|SA_SIGINFO, unblocked
    SIGBUS: crash_handler in libjvm.so, mask=11100100010111111101111111111110, flags=SA_RESTART|SA_SIGINFO, unblocked
    SIGFPE: crash_handler in libjvm.so, mask=11100100010111111101111111111110, flags=SA_RESTART|SA_SIGINFO, unblocked
   SIGPIPE: SIG_IGN, mask=00000000000000000000000000000000, flags=none, blocked
  *** Handler was modified!
  *** Expected: javaSignalHandler in libjvm.so, mask=11100100110111111111111111111110, flags=SA_RESTART|SA_SIGINFO
   SIGXFSZ: javaSignalHandler in libjvm.so, mask=11100100010111111101111111111110, flags=SA_RESTART|SA_SIGINFO, blocked
    SIGILL: crash_handler in libjvm.so, mask=11100100010111111101111111111110, flags=SA_RESTART|SA_SIGINFO, unblocked
   SIGUSR2: SR_handler in libjvm.so, mask=00000000000000000000000000000000, flags=SA_RESTART|SA_SIGINFO, blocked
    SIGHUP: UserHandler in libjvm.so, mask=11100100010111111101111111111110, flags=SA_RESTART|SA_SIGINFO, blocked
    SIGINT: UserHandler in libjvm.so, mask=11100100010111111101111111111110, flags=SA_RESTART|SA_SIGINFO, blocked
   SIGTERM: UserHandler in libjvm.so, mask=11100100010111111101111111111110, flags=SA_RESTART|SA_SIGINFO, blocked
   SIGQUIT: UserHandler in libjvm.so, mask=11100100010111111101111111111110, flags=SA_RESTART|SA_SIGINFO, blocked
   SIGTRAP: crash_handler in libjvm.so, mask=11100100010111111101111111111110, flags=SA_RESTART|SA_SIGINFO, unblocked


Periodic native trim disabled


---------------  S Y S T E M  ---------------

OS:
Red Hat Enterprise Linux release 9.6 (Plow)
uname: Linux 5.14.0-570.37.1.el9_6.x86_64 #1 SMP PREEMPT_DYNAMIC Sat Aug 16 01:10:00 EDT 2025 x86_64
OS uptime: 72 days 20:08 hours
libc: glibc 2.34 NPTL 2.34 
rlimit (soft/hard): STACK infinity/infinity , CORE infinity/infinity , NPROC 2060835/2060835 , NOFILE 131072/131072 , AS infinity/infinity , CPU infinity/infinity , DATA infinity/infinity , FSIZE infinity/infinity , MEMLOCK infinity/infinity
load average: 0.19 2.21 3.64

/proc/meminfo:
MemTotal:       527656356 kB
MemFree:        484127020 kB
MemAvailable:   502949088 kB
Buffers:            8356 kB
Cached:         20644212 kB
SwapCached:         2224 kB
Active:         21763068 kB
Inactive:       14395336 kB
Active(anon):   15598176 kB
Inactive(anon):    32316 kB
Active(file):    6164892 kB
Inactive(file): 14363020 kB
Unevictable:       37788 kB
Mlocked:           34716 kB
SwapTotal:       8388604 kB
SwapFree:        8383484 kB
Zswap:                 0 kB
Zswapped:              0 kB
Dirty:              7168 kB
Writeback:             0 kB
AnonPages:      15378984 kB
Mapped:           993784 kB
Shmem:            164600 kB
KReclaimable:    1774288 kB
Slab:            3577512 kB
SReclaimable:    1774288 kB
SUnreclaim:      1803224 kB
KernelStack:       62928 kB
PageTables:        86324 kB
SecPageTables:    105296 kB
NFS_Unstable:          0 kB
Bounce:                0 kB
WritebackTmp:          0 kB
CommitLimit:    272216780 kB
Committed_AS:   111921368 kB
VmallocTotal:   34359738367 kB
VmallocUsed:      542572 kB
VmallocChunk:          0 kB
Percpu:           431104 kB
HardwareCorrupted:     0 kB
AnonHugePages:   5263360 kB
ShmemHugePages:        0 kB
ShmemPmdMapped:        0 kB
FileHugePages:         0 kB
FilePmdMapped:         0 kB
CmaTotal:              0 kB
CmaFree:               0 kB
Unaccepted:            0 kB
HugePages_Total:       0
HugePages_Free:        0
HugePages_Rsvd:        0
HugePages_Surp:        0
Hugepagesize:       2048 kB
Hugetlb:               0 kB
DirectMap4k:      985752 kB
DirectMap2M:    45004800 kB
DirectMap1G:    490733568 kB

/sys/kernel/mm/transparent_hugepage/enabled: [always] madvise never
/sys/kernel/mm/transparent_hugepage/hpage_pmd_size: 2097152
/sys/kernel/mm/transparent_hugepage/defrag (defrag/compaction efforts parameter): always defer defer+madvise [madvise] never

Process Memory:
Virtual Size: 40831844K (peak: 40884384K)
Resident Set Size: 949016K (peak: 949016K) (anon: 859924K, file: 89092K, shmem: 0K)
Swapped out: 0K
C-Heap outstanding allocations: 161927K, retained: 294732K
glibc malloc tunables: (default)

/proc/sys/kernel/threads-max (system-wide limit on the number of threads): 4121671
/proc/sys/vm/max_map_count (maximum number of memory map areas a process may have): 983040
/proc/sys/vm/swappiness (control to define how aggressively the kernel swaps out anonymous memory): 10
/proc/sys/kernel/pid_max (system-wide limit on number of process identifiers): 4194304

container (cgroup) information:
container_type: cgroupv2
cpu_cpuset_cpus: not supported
cpu_memory_nodes: not supported
active_processor_count: 16
cpu_quota: no quota
cpu_period: 100000
cpu_shares: no shares
memory_limit_in_bytes: unlimited
memory_and_swap_limit_in_bytes: unlimited
memory_soft_limit_in_bytes: 0
memory_usage_in_bytes: 17599768 k
memory_max_usage_in_bytes: not supported
memory_swap_current_in_bytes: 0
memory_swap_max_limit_in_bytes: unlimited
maximum number of tasks: not supported
current number of tasks: not supported

Steal ticks since vm start: 0
Steal ticks percentage since vm start:  0.000

CPU: total 128 (initial active 16) (64 cores per cpu, 1 threads per core) family 25 model 1 stepping 1 microcode 0xa0011d5, cx8, cmov, fxsr, mmx, 3dnowpref, sse, sse2, sse3, ssse3, sse4a, sse4.1, sse4.2, popcnt, lzcnt, tsc, tscinvbit, avx, avx2, aes, clmul, bmi1, bmi2, adx, sha, fma, vzeroupper, clflush, clflushopt
CPU Model and flags from /proc/cpuinfo:
model name	: AMD EPYC 7713 64-Core Processor
flags		: fpu vme de pse tsc msr pae mce cx8 apic sep mtrr pge mca cmov pat pse36 clflush mmx fxsr sse sse2 ht syscall nx mmxext fxsr_opt pdpe1gb rdtscp lm constant_tsc rep_good nopl xtopology nonstop_tsc cpuid extd_apicid aperfmperf rapl pni pclmulqdq monitor ssse3 fma cx16 pcid sse4_1 sse4_2 movbe popcnt aes xsave avx f16c rdrand lahf_lm cmp_legacy svm extapic cr8_legacy abm sse4a misalignsse 3dnowprefetch osvw ibs skinit wdt tce topoext perfctr_core perfctr_nb bpext perfctr_llc mwaitx cpb cat_l3 cdp_l3 hw_pstate ssbd mba ibrs ibpb stibp vmmcall fsgsbase bmi1 avx2 smep bmi2 invpcid cqm rdt_a rdseed adx smap clflushopt clwb sha_ni xsaveopt xsavec xgetbv1 xsaves cqm_llc cqm_occup_llc cqm_mbm_total cqm_mbm_local clzero irperf xsaveerptr rdpru wbnoinvd amd_ppin brs arat npt lbrv svm_lock nrip_save tsc_scale vmcb_clean flushbyasid decodeassists pausefilter pfthreshold v_vmsave_vmload vgif v_spec_ctrl umip pku ospke vaes vpclmulqdq rdpid overflow_recov succor smca debug_swap

Online cpus: 0-127
Offline cpus: 
BIOS frequency limitation: 2000000
Frequency switch latency (ns): 0
Available cpu frequencies: 2000000 1700000 1500000 
Current governor: performance
Core performance/turbo boost: 1

Memory: 4k page, physical 527656356k(484119900k free), swap 8388604k(8383484k free)
Page Sizes: 4k

vm_info: OpenJDK 64-Bit Server VM (17.0.16+8-LTS) for linux-amd64 JRE (17.0.16+8-LTS), built on Jul 15 2025 00:00:00 by "mockbuild" with gcc 8.5.0 20210514 (Red Hat 8.5.0-18)

END.
